date,strategy_net,strategy_gross,benchmark_long,spy_c2c,cash,equity,shares
2011-02-01,0.02502375331956364,0.02552375331956336,-0.02552375331956347,0.01600870376126817,0,1.025023753319564,-4.610504573620537e-05
2011-02-02,0.003848502287389977,0.003884333189469125,-0.004087812263436685,-0.001912192137065949,0,1.028968559578843,-4.610504573620537e-05
2011-02-03,0.01114641228937563,0.01117798796216674,-0.01185770750988124,0.002222392520499605,0,1.040437867376714,-4.610504573620537e-05
2011-02-04,0.02165912654724789,0.02168367346938793,-0.02353846153846173,0.002829178773512853,0,1.062972842810775,-4.610504573620537e-05
2011-02-07,0.01620414861670216,0.01622971285892638,-0.01843390578225934,0.006252382767823139,0,1.080197412731199,-4.610504573620537e-05
2011-02-08,0.01157575280121415,0.01160251160251136,-0.01364365971107517,0.00454648783814493,0,1.092701510957486,-4.610504573620537e-05
2011-02-09,-0.004083513126070804,-0.004048036702199553,0.004882017900732283,-0.002262955419778057,0,1.088239449994614,-4.610504573620537e-05
2011-02-10,0.0006446453685506892,0.0006774149844195332,-0.0008097165991902688,0.0003780146669689621,0,1.088940978515927,-4.610504573620537e-05
2011-02-11,0.01351541726184502,0.01353912808015179,-0.01620745542949764,0.005970374848851323,0,1.103658470214091,-4.610504573620537e-05
2011-02-14,0.007186475382329638,0.007213465134918717,-0.008896210873146737,0.002404026744797561,0,1.111589884640785,-4.610504573620537e-05
2011-02-15,-0.01078243815284052,-0.01074270557029189,0.01346409574468099,-0.003147717904519398,0,1.099604235458322,-4.610504573620537e-05
2011-02-16,-0.00969284924966185,-0.009652768467622974,0.01180908643595213,0.00631531463799706,0,1.088945937369735,-4.610504573620537e-05
2011-02-17,-0.00816228387392004,-0.008122377149045623,0.00972604960285306,0.002988419872992143,0,1.080057651505571,-4.610504573620537e-05
2011-02-18,-0.008912781515934109,-0.00887129793912933,0.01043506180767384,0.002085661080074575,0,1.070431333633089,-4.610504573620537e-05
2011-02-22,-0.1083677731582546,-0.1082346461030017,0.1248808388941847,-0.02006987289080497,0,0.9544310736884507,-4.610504573620537e-05
2011-02-23,-0.04842703230769518,-0.04833230389129139,0.04420903954802302,-0.006144276720018271,0,0.9082108092474719,-4.610504573620537e-05
2011-02-24,0.01587215112602736,0.01590134674671462,-0.0132557824969568,-0.0006869180277820908,0,0.9226260684661394,-4.610504573620537e-05
2011-02-25,0.07127309117929981,0.07123462705638106,-0.06113776559287198,0.01069273657679681,0,0.9883844803683255,-4.610504573620537e-05
2011-02-28,0.043994079046904,0.04398389742060527,-0.0430719813111401,0.00619662963802603,0,1.031867545326383,-4.610504573620537e-05
2011-03-01,-0.07531918044063735,-0.07525408920954035,0.07308513884650591,-0.01667292527224928,0,0.9541481274891075,-5.012343781002214e-05
2011-03-02,-0.004585691790136459,-0.004538577912253983,0.003839044504478695,0.002138547315359451,0,0.9497726982543067,-5.012343781002214e-05
2011-03-03,0.06159288365503279,0.0616345829111784,-0.05169971671388085,0.01722429692858762,0,1.008271937556611,-5.012343781002214e-05
2011-03-04,-0.03042637301011153,-0.030380149514872,0.02852875280059708,-0.007492320371619066,0,0.9775938794888854,-5.012343781002214e-05
2011-03-07,-0.02875729311932662,-0.02870734908136463,0.02541388324135929,-0.007850834151128527,0,0.9494809257447638,-5.012343781002214e-05
2011-03-08,0.02596775465368761,0.02600912008106726,-0.02180994193457009,0.008749904892338067,0,0.9741368134728601,-5.012343781002214e-05
2011-03-09,-0.01519324813474243,-0.01514403292181055,0.01331982047198488,-0.001433096998039063,0,0.9593365111485797,-5.012343781002214e-05
2011-03-10,-0.05940019220786341,-0.05933478188199914,0.05072153164737836,-0.01850592945086482,0,0.9023517379943329,-5.012343781002214e-05
2011-03-11,0.03585407053960599,0.03589196872778966,-0.02746804460157726,0.00692627366476839,0,0.9347047208599177,-5.012343781002214e-05
2011-03-14,-0.01617906851716233,-0.0161234991423671,0.01314317673378063,-0.00603790889636191,0,0.91958206913781,-5.012343781002214e-05
2011-03-15,-0.05098126832910777,-0.05090655509065556,0.04029809550096597,-0.01145713187235686,0,0.8727006089204592,-5.012343781002214e-05
2011-03-16,-0.1246656505489571,-0.1245407788390888,0.08994428230299811,-0.01851275668948349,0,0.7639048197749192,-5.012343781002214e-05
2011-03-17,0.06439149245953302,0.06441460344104066,-0.03736611489776054,0.01323506102393401,0,0.8130937912172569,-5.012343781002214e-05
2011-03-18,0.04688717439998591,0.04691504041001382,-0.0300922999114932,-0.0007039499413373784,0,0.8512174616096062,-5.012343781002214e-05
2011-03-21,0.1130007077289841,0.1129730747505178,-0.07821666014861173,0.01549780839073267,0,0.9474056372027611,-5.012343781002214e-05
2011-03-22,0.01011044647603443,0.01015056673997639,-0.008485362749257486,-0.003468475412363281,0,0.9569843311887929,-5.012343781002214e-05
2011-03-23,0.03984327100540308,0.0398593200468933,-0.03394665525602614,0.002861783587284394,0,0.9951137172442723,-5.012343781002214e-05
2011-03-24,0.02896954422399833,0.0289901755516182,-0.02657611102908586,0.0095634737004473,0,1.023941708083888,-5.012343781002214e-05
2011-03-25,0.0008988854915348288,0.0009391141023633587,-0.0009100561201275115,0.003055767761650063,0,1.024862114429462,-5.012343781002214e-05
2011-03-28,-0.01318724281456174,-0.01313526192337733,0.01275239107332604,-0.002437166793602619,0,1.011347008875035,-5.012343781002214e-05
2011-03-29,0.0253332830500328,0.0253525590239263,-0.02398441013341335,0.006718582989769573,0,1.036967748912671,-5.012343781002214e-05
2011-03-30,0.01898529959348361,0.01900788131664344,-0.01889110735678079,0.006901258910966046,0,1.056654892294558,-5.012343781002214e-05
2011-03-31,0.001934857036133941,0.001971489232635681,-0.002035065748277942,-0.001355727950591246,0,1.058699368447679,-5.012343781002214e-05
2011-04-01,0.007766436136327215,0.007822208152918897,-0.00925490196078449,0.004223546270457845,0,1.066921689480298,-5.42862248392699e-05
2011-04-04,0.009077097514271326,0.009117551286225822,-0.008866371120962446,0.0008261359369130528,0,1.076606241695802,-5.42862248392699e-05
2011-04-05,0.0188384653125917,0.0188770571151986,-0.01869009584664549,-0.0001500825453998322,0,1.096887851035308,-5.42862248392699e-05
2011-04-06,0.00423742784607084,0.004275534441805284,-0.004395246622171611,0.003152206544581038,0,1.101535834159302,-5.42862248392699e-05
2011-04-07,-0.008396553270297091,-0.00835698517817729,0.008665794637017665,-0.002543767768966032,0,1.092286729848642,-5.42862248392699e-05
2011-04-08,-0.01816935078662496,-0.01812688821752262,0.01847949424542072,-0.003450345034503255,0,1.072440589094447,-5.42862248392699e-05
2011-04-11,0.01032645273699773,0.01036437246963562,-0.01018621677542575,-0.003010687942194834,0,1.083515096150969,-5.42862248392699e-05
2011-04-12,-0.009498815377366299,-0.009456643692899447,0.009487055796751909,-0.007473954401328808,0,1.073222986294041,-5.42862248392699e-05
2011-04-13,0.01760282638564847,0.01763754045307442,-0.01736221726664544,-7.606298014750656e-05,0,1.092114744194862,-5.42862248392699e-05
2011-04-14,0.009027697437709925,0.009063444108761365,-0.009239747122710362,0.0007606876616461644,0,1.101974025672716,-5.42862248392699e-05
2011-04-15,0.02140089647910681,0.02143082256539564,-0.02225130890052363,0.003648525387655699,0,1.125557257718802,-5.42862248392699e-05
2011-04-18,-0.02148954052058372,-0.02144399876581315,0.02325970548862144,-0.01120872462890021,0,1.101369549420816,-5.42862248392699e-05
2011-04-19,0.04854169932813979,0.04855746492196134,-0.0503679476696649,0.005744485294117752,0,1.15483189893797,-5.42862248392699e-05
2011-04-20,0.03606740532973207,0.03608479927830399,-0.04132942999827804,0.01363186352905332,0,1.19648368912467,-5.42862248392699e-05
2011-04-21,0.02348849646643081,0.02350892468437094,-0.02910005388898884,0.005108940646130877,0,1.224587292028817,-5.42862248392699e-05
2011-04-25,0.01741794882916392,0.01743938749468321,-0.02275670675300634,-0.001046494244281715,0,1.24591709081822,-5.42862248392699e-05
2011-04-26,0.01614444123157832,0.01616499442586394,-0.02196137826580846,0.008605208021550403,0,1.266031726070353,-5.42862248392699e-05
2011-04-27,0.009439563349735725,0.009462424574876671,-0.01335656213704972,0.006528674233993614,0,1.27798251275137,-5.42862248392699e-05
2011-04-28,0.009759452860863327,0.009781279717429481,-0.01412595644496761,0.003243163558635187,0,1.290454922841574,-5.42862248392699e-05
2011-04-29,-0.001911467507079934,-0.001883492533297337,0.002786069651741219,0.002351039600323235,0,1.287988260187211,-5.42862248392699e-05
2011-05-02,-0.02958917590482535,-0.0294014946417317,0.0273863861877357,-0.001539250897896416,0,1.249877748993182,-8.059680851724088e-05
2011-05-03,-0.02418510867903789,-0.02413864245925301,0.02259996136758735,-0.003597122302158362,0,1.219649319798271,-8.059680851724088e-05
2011-05-04,-0.01188630975749783,-0.01183932346723049,0.01057801284472992,-0.00663081116923292,0,1.205152190187627,-8.059680851724088e-05
2011-05-05,-0.0336443742013729,-0.03359007274283266,0.02934579439252327,-0.00904843135800637,0,1.16460559893135,-8.059680851724088e-05
2011-05-06,0.02763370016450173,0.02767323444764225,-0.02269838387506806,0.004415837137938583,0,1.196787960862119,-8.059680851724088e-05
2011-05-09,0.03874427305470363,0.03877638948728968,-0.03344481605351157,0.003874813710879277,0,1.243156640406343,-8.059680851724088e-05
2011-05-10,0.03792301757190164,0.03795105765242646,-0.03517877739331043,0.008536223277909816,0,1.290300891525099,-8.059680851724088e-05
2011-05-11,-0.01982827117219921,-0.01978021978021982,0.01972504482964732,-0.01052476632074784,0,1.264716455554209,-8.059680851724088e-05
2011-05-12,0.0113784933954495,0.01141459437423564,-0.01094177413051978,0.004760487950014936,0,1.279107023390849,-8.059680851724088e-05
2011-05-13,-0.01375152534422897,-0.01370415155179361,0.01343342552350846,-0.007699141249630004,0,1.261517350740708,-8.059680851724088e-05
2011-05-16,-0.02048602960092238,-0.02043318348998768,0.01949317738791412,-0.006341390629662769,0,1.235673868951357,-8.059680851724088e-05
2011-05-17,0.01936763761110361,0.01939924906132662,-0.01778202676864238,-0.000150161423530415,0,1.259605952650717,-8.059680851724088e-05
2011-05-18,0.02903337746843215,0.0290566809903825,-0.02764259295308524,0.008935946534504913,0,1.296176567735509,-8.059680851724088e-05
2011-05-19,0.02363886529181425,0.02366275601511236,-0.02382382382382398,0.002381661208693098,0,1.326816711014615,-8.059680851724088e-05
2011-05-20,-0.01131178936256672,-0.01126651126651135,0.01189499589827747,-0.007944757944757908,0,1.311808039856884,-8.059680851724088e-05
2011-05-23,-0.03247854160169139,-0.03241650294695475,0.03344142683421159,-0.01160092807424606,0,1.269202427860959,-8.059680851724088e-05
2011-05-24,0.001787738694498664,0.001827411167512727,-0.001765051970974763,-0.0008329547175527363,0,1.271471430152398,-8.059680851724088e-05
2011-05-25,0.02957418811331713,0.02959059586542367,-0.0286836935166993,0.003334596438044679,0,1.309074165408433,-8.059680851724088e-05
2011-05-26,0.02045110898832014,0.02047244094488199,-0.02103559870550165,0.004607598761235954,0,1.335846183838995,-8.059680851724088e-05
2011-05-27,0.01637373907784312,0.01639660493827177,-0.0175619834710744,0.003834586466165302,0,1.357718980701307,-8.059680851724088e-05
2011-05-31,0.02579846525238882,0.02581134940216345,-0.02860147213459519,0.01041120515317218,0,1.392746046647439,-8.059680851724088e-05
2011-06-01,-0.06134201606396639,-0.06123863928969908,0.0632171465685214,-0.02246108228317267,0,1.307312196280966,-9.283425360371808e-05
2011-06-02,0.013589931719169,0.01363326516700747,-0.01221747098350645,-0.0010616516266021,0,1.325078479764061,-9.283425360371808e-05
2011-06-03,-0.0007157272186510966,-0.0006724949562878502,0.0006184291898578831,-0.009944583618006542,0,1.324130085029245,-9.283425360371808e-05
2011-06-06,-0.01776692550275383,-0.01772095109914762,0.0162752369180057,-0.01050452384603573,0,1.300604364452576,-9.283425360371808e-05
2011-06-07,0.01457345761769324,0.01461520895181545,-0.01297384958443126,-0.0006974041069353065,0,1.319558667035312,-9.283425360371808e-05
2011-06-08,-0.01827886643424093,-0.01823092505064139,0.01663585951940849,-0.004187344913151536,0,1.295438630408429,-9.283425360371808e-05
2011-06-09,0.03641678900627676,0.03645116918844571,-0.03212121212121222,0.007631210091886054,0,1.342614345682593,-9.283425360371808e-05
2011-06-10,-0.03699282960677497,-0.03693873036938733,0.03485702358589005,-0.01391035548686248,0,1.292947241965145,-9.283425360371808e-05
2011-06-13,-0.01750708536973367,-0.01745521359669278,0.01532876159741847,0.0007836990595611049,0,1.270311504221499,-9.283425360371808e-05
2011-06-14,0.03549935398643678,0.03553062178588129,-0.0301946762018277,0.01268598277212218,0,1.315406741982901,-9.283425360371808e-05
2011-06-15,-0.09263757603019651,-0.09255079006771993,0.08398197460057344,-0.01778533869471077,0,1.193550649911827,-9.283425360371808e-05
2011-06-16,-0.06999195674272951,-0.06990049751243776,0.05309901738473166,0.002204377263423041,0,1.110011704452942,-9.283425360371808e-05
2011-06-17,0.02884457950906438,0.02888472853704194,-0.0193791494706621,-0.00196386488609579,0,1.142029525318027,-9.283425360371808e-05
2011-06-20,0.06341391319872725,0.06342604626982062,-0.04464775846294589,0.005116096025187034,0,1.214450086506928,-9.283425360371808e-05
2011-06-21,0.04079959978574599,0.04082131508188702,-0.0319862095384027,0.01370399373531694,0,1.263999163996175,-9.283425360371808e-05
2011-06-22,-0.01250338514639859,-0.01244715829027709,0.01048674317372367,-0.006025492468134441,0,1.248194895624005,-9.283425360371808e-05
2011-06-23,0.0009037648686438526,0.0009512485136742299,-0.0007832386919913725,-0.002875573171679302,0,1.249322970319891,-9.283425360371808e-05
2011-06-24,-0.04998289193549732,-0.04989308624376321,0.04115226337448563,-0.01161340607950123,0,1.186878195301857,-9.283425360371808e-05
2011-06-27,0.02322465928277029,0.02325581395348819,-0.01750423489553932,0.008910969166469496,0,1.214443036997892,-9.283425360371808e-05
2011-06-28,0.05033978726461608,0.05034213098729223,-0.03946360153256701,0.01305299359074574,0,1.27557784112536,-9.283425360371808e-05
2011-06-29,0.05840910893126017,0.05839925546765934,-0.05005983246908652,0.008564154000462842,0,1.350083206197953,-9.283425360371808e-05
2011-06-30,0.04286582150549312,0.04286656408001766,-0.04094058366575692,0.009562423500611983,0,1.407955631932398,-9.283425360371808e-05
2011-07-01,0.04021542592597926,0.04027310642108328,-0.04006129597197905,0.01477608547397136,0,1.464577167355441,-9.786011350955572e-05
2011-07-05,-0.004099740206083835,-0.004062433183664726,0.004332953249714944,-0.0008213859020309577,0,1.458572781457522,-9.786011350955572e-05
2011-07-06,-0.0146369712053892,-0.01459854014598549,0.01544050862851964,0.001195725282116422,0,1.437223693654364,-9.786011350955572e-05
2011-07-07,0.0265435480675511,0.02657952069716774,-0.02728085867620755,0.0103754571919088,0,1.475372709850702,-9.786011350955572e-05
2011-07-08,-0.01022478550473849,-0.01018675721561968,0.01103448275862062,-0.007092198581560294,0,1.460287340352934,-9.786011350955572e-05
2011-07-11,-0.07852455767922362,-0.07847341337907376,0.08321964529331516,-0.01808035714285716,0,1.34561892286715,-9.786011350955572e-05
2011-07-12,-0.02750494879413201,-0.02745463006049331,0.02476910159529799,-0.004319163446237728,0,1.308607743297274,-9.786011350955572e-05
2011-07-13,0.0009108477326318365,0.000956937799043045,-0.0008193363375664786,0.00334855403348544,0,1.30979968569316,-9.786011350955572e-05
2011-07-14,-0.04236417694111616,-0.04230401529636696,0.03628536285362838,-0.006902305825242649,0,1.254311100051037,-9.786011350955572e-05
2011-07-15,0.01268262207936255,0.01272772647866227,-0.0100890207715133,0.005804628427403813,0,1.270219053702934,-9.786011350955572e-05
2011-07-18,-0.02642810771885162,-0.02636766880236574,0.02138289368505197,-0.008201078289923225,0,1.236649567725135,-9.786011350955572e-05
2011-07-19,0.06249557107202075,0.06251581878005563,-0.04832713754646834,0.01623152897940416,0,1.313934688676085,-9.786011350955572e-05
2011-07-20,0.02402550566750006,0.02405907575035715,-0.02076480263157887,-0.0006027273412189116,0,1.345502633985597,-9.786011350955572e-05
2011-07-21,0.05674458482486444,0.05675738543847419,-0.05122821750997275,0.01387108933283088,0,1.421852622331871,-9.786011350955572e-05
2011-07-22,0.007889234600208406,0.007924279110719912,-0.007966364239876067,0.0006691947356680661,0,1.433069951236369,-9.786011350955572e-05
2011-07-25,-0.03740554526139217,-0.03734439834024905,0.03814409993308066,-0.005572893446277316,0,1.379465188312656,-9.786011350955572e-05
2011-07-26,-0.02183488274954415,-0.02177858439201463,0.02062741727546191,-0.003736083090487896,0,1.349344727668771,-9.786011350955572e-05
2011-07-27,-0.0652574831303897,-0.06516697588126152,0.05915789473684208,-0.02047551188779728,0,1.261289886865846,-9.786011350955572e-05
2011-07-28,-0.0288499837715207,-0.02877697841726612,0.0230570463128601,-0.00290964777947933,0,1.224901694098583,-9.786011350955572e-05
2011-07-29,0.02449067291452312,0.02452107279693472,-0.01865164173304834,-0.006834587620949018,0,1.254900360841197,-9.786011350955572e-05
2011-08-01,0.05433648193129281,0.0543871508164262,-0.041971886755098,-0.004252686924920868,0,1.323087231623617,-8.758511271643213e-05
2011-08-02,-0.07121626594754771,-0.0711713619995763,0.06943583384996899,-0.02554744525547448,0,1.228861899464505,-8.758511271643213e-05
2011-08-03,-0.007117153779846896,-0.007069555302166575,0.005990338164251208,0.00541875846681017,0,1.220115900351821,-8.758511271643213e-05
2011-08-04,-0.2352701066981722,-0.2351860358291225,0.1966961198616979,-0.04684156297059516,0,0.9330591022919119,-8.758511271643213e-05
2011-08-05,-0.09559512364970635,-0.09549549549549574,0.0510433386837883,-0.001496757026442808,0,0.8438632020358325,-8.758511271643213e-05
2011-08-08,-0.3185990567922341,-0.3183930942895083,0.1464569334147832,-0.06512325116588935,0,0.5750091818055418,-8.758511271643213e-05
2011-08-09,0.3620096484276449,0.3619094008767652,-0.09897429066204866,0.04649919828968474,0,0.7831680535536338,-8.758511271643213e-05
2011-08-10,-0.2917601166036718,-0.2914878397711017,0.1204908338261386,-0.04417773237997957,0,0.5546708509285549,-8.758511271643213e-05
2011-08-11,0.155984159406426,0.1559818273599194,-0.04077055020451259,0.04488378306171503,0,0.6411907173578926,-8.758511271643213e-05
2011-08-12,-0.02285594396637214,-0.02270742358078559,0.007152682255846088,0.006733145828006437,0,0.6265356982502026,-8.758511271643213e-05
2011-08-15,0.1850673839640613,0.1849865951742626,-0.05654192843485395,0.0211649170335253,0,0.7424870208854641,-8.758511271643213e-05
2011-08-16,-0.05936749007832964,-0.0592006033182505,0.02272727272727271,-0.008539214060686473,0,0.6984074300397578,-8.758511271643213e-05
2011-08-17,-0.05669610246509826,-0.0565130260521044,0.0199575371549896,0.0006689522535328063,0,0.6588104508238377,-8.758511271643213e-05
2011-08-18,-0.6340002066732393,-0.6329651656754458,0.2067721343325004,-0.04311857608423164,0,0.2411244888430346,-8.758511271643213e-05
2011-08-19,-0.5106751418868929,-0.5081018518518516,0.05048298068077273,-0.01633045148895296,0,0.1179882062907134,-8.758511271643213e-05
2011-08-22,-0.6612297741950657,-0.6541176470588236,0.03043240284619597,0.0007990056818181213,0,0.03997089128742415,-8.758511271643213e-05
2011-08-23,3.152741098046429,3.061224489795909,-0.04780622543291191,0.03291049410094904,0,0.1659887629748322,-8.758511271643213e-05
2011-08-24,0.3067068093826266,0.3048576214405374,-0.02030570121611053,0.0140845070422535,0,0.2168986468602121,-8.758511271643213e-05
2011-08-25,-0.2343350665968573,-0.2323491655969198,0.0206126864821774,-0.0152439024390244,0,0.1660716880034561,-8.758511271643213e-05
2011-08-26,0.2542363020056171,0.2525083612040151,-0.01684891765231,0.01453388372893016,0,0.2082931398292853,-8.758511271643213e-05
2011-08-29,0.7449736113339986,0.7396528704939922,-0.06287595051639994,0.02873611935237763,0,0.3634660324240055,-8.758511271643213e-05
2011-08-30,-0.07659256962392869,-0.07597851112816711,0.01198982681361294,0.002636783124588149,0,0.3356272350296368,-8.758511271643213e-05
2011-08-31,-0.01280295434248835,-0.01245847176079584,0.001795117280995573,0.004437869822485174,0,0.3313302148634567,-8.758511271643213e-05
2011-09-01,-0.01812719509287675,-0.01479207037361563,0.01266276430533986,-0.0104729176894125,0,0.3253241274184621,-1.23296922093982e-05
2011-09-02,-0.05182696960534561,-0.05162616370450968,0.05037159372419486,-0.02554985943443033,0,0.3084635637548598,-1.23296922093982e-05
2011-09-06,-0.03381295548663255,-0.03365629780724133,0.02964959568733172,-0.007297411964361511,0,0.2980334990043687,-1.23296922093982e-05
2011-09-07,0.04403587500040684,0.04393139841688676,-0.03632198952879606,0.02820753910590668,0,0.311157664912459,-1.23296922093982e-05
2011-09-08,-0.01830375900299808,-0.01819790218627582,0.01629881154499158,-0.01039155374511602,0,0.3054623100019657,-1.23296922093982e-05
2011-09-09,-0.1104820299510203,-0.1100527738447677,0.09522218509856328,-0.02620967741935487,0,0.2717142139194207,-1.23296922093982e-05
2011-09-12,-0.01399661151986509,-0.01388487127567239,0.009762050030506453,0.006469979296066297,0,0.267911135622765,-1.23296922093982e-05
2011-09-13,0.01584702503295032,0.01584042241126427,-0.01087613293051359,0.009171166538098907,0,0.2721567300955852,-1.23296922093982e-05
2011-09-14,0.03749115753168941,0.03739532197516593,-0.02636937487273461,0.01384406319008002,0,0.2823602009369082,-1.23296922093982e-05
2011-09-15,0.06687904174864956,0.06666666666666687,-0.05008888424134694,0.01725726732009725,0,0.3012441806035248,-1.23296922093982e-05
2011-09-16,0.02378997043152165,0.02374739039665985,-0.02003522677234704,0.0007411677509674419,0,0.3084107707527506,-1.23296922093982e-05
2011-09-19,-0.03855214637190929,-0.0383634973234771,0.03381262637609517,-0.009957208689927555,0,0.2965208735760172,-1.23296922093982e-05
2011-09-20,0.00128200499762321,0.001325381047051044,-0.001086602194936281,-0.001163660543595735,0,0.2969010148178413,-1.23296922093982e-05
2011-09-21,-0.06636031804801912,-0.06604897418927858,0.05428043076253664,-0.02945826745443958,0,0.2771985690457497,-1.23296922093982e-05
2011-09-22,-0.1392582198222373,-0.1386054421768708,0.1009079653322327,-0.03232444482551655,0,0.2385963897831671,-1.23296922093982e-05
2011-09-23,-0.01825994691732036,-0.01809805857189883,0.01030927835051543,0.006025163919900933,0,0.2342396323710622,-1.23296922093982e-05
2011-09-26,0.06309245161893773,0.06283512064343166,-0.0347866419294991,0.02378016558041218,0,0.2490183850436711,-1.23296922093982e-05
2011-09-27,0.03114768862136819,0.0310578590572288,-0.01893320518981267,0.01118375774260172,0,0.2567747321620074,-1.23296922093982e-05
2011-09-28,-0.1002460484386819,-0.09969418960244625,0.06387147335423182,-0.0203335034881742,0,0.2310340799238652,-1.23296922093982e-05
2011-09-29,0.03237379365457183,0.03226902173913015,-0.01749539594843441,0.007815892314372519,0,0.2385135295544943,-1.23296922093982e-05
2011-09-30,-0.1294288319696414,-0.1286607436656795,0.07328959700093707,-0.02498922878069787,0,0.2076430020152996,-1.23296922093982e-05
2011-10-03,-0.08641202019766558,-0.08543558763424086,0.06487949703108642,-0.02845779938135218,0,0.1897001507312496,-5.31133416893454e-06
2011-10-04,0.07611277009271178,0.07610350076103489,-0.06970069700697001,0.02192304193577721,0,0.2041387546904099,-5.31133416893454e-06
2011-10-05,0.04816914000301242,0.04817372493551897,-0.05103569854561496,0.01851522164856689,0,0.2139719429451329,-5.31133416893454e-06
2011-10-06,0.01426386681982761,0.01428798221939975,-0.01671930150473711,0.01809124278972196,0,0.2170240102424821,-5.31133416893454e-06
2011-10-07,-0.01506940864180262,-0.01502582563781496,0.01813716228981677,-0.00669585372134951,0,0.2137535867470553,-5.31133416893454e-06
2011-10-10,0.06214545238317992,0.06213252820594306,-0.0725552050473186,0.03344568317345087,0,0.2270374000939784,-5.31133416893454e-06
2011-10-11,0.008878775907364966,0.008901855176540963,-0.01190476190476186,0.001003512293025643,0,0.2290532142920035,-5.31133416893454e-06
2011-10-12,0.0494638335106965,0.04945503077037139,-0.06753062670851495,0.008771929824561431,0,0.2403830643488331,-5.31133416893454e-06
2011-10-13,0.001246847889104119,0.001271725307333549,-0.00195439739413672,-0.001987577639751548,0,0.2406827854651928,-5.31133416893454e-06
2011-10-14,0.03775427680909726,0.03775049393169638,-0.05820278503046128,0.01709401709401703,0,0.2497695899708303,-5.31133416893454e-06
2011-10-17,-0.06228710711556129,-0.06221527163935547,0.1056948134457665,-0.01909113159827025,0,0.2342121647661073,-5.31133416893454e-06
2011-10-18,0.02740307674720355,0.02740719257540603,-0.03949017969076474,0.01954587041503775,0,0.2406302986923217,-5.31133416893454e-06
2011-10-19,-0.04431221618800785,-0.04424841213832031,0.06819664998912334,-0.01182900962636646,0,0.2299674368752826,-5.31133416893454e-06
2011-10-20,-0.006976088283066284,-0.006940855054271666,0.009571326748803788,0.004375464377115446,0,0.2283631637334101,-5.31133416893454e-06
2011-10-21,0.04030987576747247,0.04030039408134445,-0.05466464952092798,0.018987341772152,0,0.2375684544933709,-5.31133416893454e-06
2011-10-24,0.04103885321951917,0.04102637409763443,-0.06123973114264381,0.0122610308945712,0,0.2473179914269124,-5.31133416893454e-06
2011-10-25,-0.03926444763747949,-0.03920357020254062,0.06489373792476449,-0.01944378038090688,0,0.2376071871027237,-5.31133416893454e-06
2011-10-26,0.02779894501272784,0.0277976275546663,-0.04151547491995733,0.01015847216578636,0,0.2442124162316213,-5.31133416893454e-06
2011-10-27,0.08202918008890658,0.08197177223110619,-0.1312771406302194,0.03483507642799677,0,0.264244960502632,-5.31133416893454e-06
2011-10-28,0.004096574393677832,0.00411258193034314,-0.008203024865419128,-0.0002332270854388252,0,0.2653274596414855,-5.31133416893454e-06
2011-10-31,-0.05261104930979399,-0.05254063739920634,0.1060997673817525,-0.02410575427682737,0,0.2513683035790449,-5.31133416893454e-06
2011-11-01,-0.08444496820685987,-0.0842073140824644,0.1477976399112044,-0.02788844621513942,0,0.2301415151751002,-7.247962981526257e-06
2011-11-02,0.03089993151103076,0.03093510681176936,-0.03124999999999989,0.01631147540983613,0,0.2372528722318556,-7.247962981526257e-06
2011-11-03,0.04375888229240754,0.04378848597400053,-0.04707365766523053,0.01822727639325761,0,0.2476347927413849,-7.247962981526257e-06
2011-11-04,-0.0159559111643196,-0.01591909354808485,0.01874517587385593,-0.006099009900990104,0,0.2436835539872087,-7.247962981526257e-06
2011-11-07,0.008150472298313227,0.008183461794652125,-0.009308366706353488,0.006216130060567426,0,0.245669690043536,-7.247962981526257e-06
2011-11-08,0.0402784422139042,0.04030202925908433,-0.04665137113514695,0.01283066687787104,0,0.2555648824576623,-7.247962981526257e-06
2011-11-09,-0.1479601021516596,-0.1478860460896387,0.1867980747192299,-0.03690960275258048,0,0.2177514763428497,-7.247962981526257e-06
2011-11-10,0.06769884223576916,0.06771720613287902,-0.06141367323290836,0.009418642416368916,0,0.2324929991863901,-7.247962981526257e-06
2011-11-11,0.04235948450995952,0.04238133226964491,-0.04372427983539096,0.01882239382239392,0,0.2423412827841001,-7.247962981526257e-06
2011-11-14,-0.02262188463280312,-0.02257725055008131,0.02538999462076386,-0.009474182851729074,0,0.2368590662431926,-7.247962981526257e-06
2011-11-15,0.009657145925521693,0.009689732798277451,-0.01038715769593979,0.004941814124023614,0,0.2391464488096859,-7.247962981526257e-06
2011-11-16,-0.04377627690417951,-0.04371849554090734,0.04781594571670911,-0.0158629441624365,0,0.2286775076459419,-7.247962981526257e-06
2011-11-17,-0.04973773831372186,-0.04967055245818552,0.04958008701811201,-0.01587685364281111,0,0.217303605612414,-7.247962981526257e-06
2011-11-18,0.03837997196758747,0.03840000000000021,-0.03470548539477503,-0.001064613872737707,0,0.2256437119042741,-7.247962981526257e-06
2011-11-21,-0.01288935062924257,-0.01284026707755526,0.01248377109757315,-0.01901951139531077,0,0.2227353109842561,-7.247962981526257e-06
2011-11-22,0.02359567287341013,0.02362122788761711,-0.02239100414282891,-0.003927795420357705,0,0.2279909005195979,-7.247962981526257e-06
2011-11-23,-0.04683574359108533,-0.04676222425536236,0.04641307637978009,-0.0220656095310009,0,0.2173127771617614,-7.247962981526257e-06
2011-11-25,-0.01445228058443637,-0.01439692865522024,0.01301706682094284,-0.001887439945092662,0,0.2141721119316365,-7.247962981526257e-06
2011-11-28,0.05518461767199612,0.05518286085262925,-0.04854368932038822,0.02896682138559381,0,0.2259911180445878,-7.247962981526257e-06
2011-11-29,0.02110108201451522,0.02112387202625099,-0.02060824329731892,0.002840197143095802,0,0.2307597751609986,-7.247962981526257e-06
2011-11-30,0.0873034520919822,0.08726651938140195,-0.0887640449438204,0.04114952103290292,0,0.2509059001365235,-7.247962981526257e-06
2011-12-01,0.0241126700506904,0.02423359673036729,-0.02387624705750468,-0.0001600128010240676,0,0.2569559113202869,-8.744056436586906e-06
2011-12-02,-3.762895839043434e-05,0,0,-0.0008802112507001469,0,0.2569462423369917,-8.744056436586906e-06
2011-12-05,0.002902620742932127,0.002939895470383425,-0.003100597152043916,0.01089219926317475,0,0.2576920598298175,-8.744056436586906e-06
2011-12-06,0.003220085301763653,0.003256975355552916,-0.00345582306185932,0.0003169069877990704,0,0.2585218502440567,-8.744056436586906e-06
2011-12-07,-0.02666284073611513,-0.02662049561735735,0.02843601895734604,0.003722477427530402,0,0.2516289233241936,-8.744056436586906e-06
2011-12-08,-0.04618700280914689,-0.04613674263479728,0.04664493649544799,-0.02193640022094212,0,0.2400069375357565,-8.744056436586906e-06
2011-12-09,0.07550338325392114,0.0755244755244755,-0.06958762886597947,0.01694231544977809,0,0.2581282733241186,-8.744056436586906e-06
2011-12-12,-0.004698448091992935,-0.004659731252709021,0.00496306555863324,-0.01459738199127336,0,0.2569154710308295,-8.744056436586906e-06
2011-12-13,0.004863374902711159,0.004899292324441973,-0.005168255426667989,-0.009339022622977144,0,0.258164947284759,-8.744056436586906e-06
2011-12-14,-0.00361393084699646,-0.003575297941495248,0.00380974370815057,-0.010646078829744,0,0.2572319570181534,-8.744056436586906e-06
2011-12-15,0.0377081674880666,0.03772969446558672,-0.03990799309948256,0.003696402168555935,0,0.2669317027366771,-8.744056436586906e-06
2011-12-16,0.003738956580509267,0.003772003352891851,-0.00431241015812156,-0.004910385465259015,0,0.2679297487831709,-8.744056436586906e-06
2011-12-19,0.00832027490683318,0.008350730688935437,-0.009624639076034947,-0.01069166872275673,0,0.2701589979487657,-8.744056436586906e-06
2011-12-20,0.05268445166853297,0.05269151138716355,-0.06183187560738568,0.0302602045057776,0,0.2843921766190167,-8.744056436586906e-06
2011-12-21,0.0515255332435931,0.05152915724259999,-0.06784928136734458,0.001936577099975745,0,0.2990456351696177,-8.744056436586906e-06
2011-12-22,-0.002178784548691692,-0.002150939867202717,0.003194888178913891,0.008858822581944148,0,0.2983940791603564,-8.744056436586906e-06
2011-12-23,-0.01643695683243762,-0.01640112464854748,0.02423151481584029,0.008940688113674433,0,0.2934893885621427,-8.744056436586906e-06
2011-12-27,0.006169049046679032,0.006193425440686129,-0.00878734622144095,0.0007912018355882289,0,0.2952999389948624,-8.744056436586906e-06
2011-12-28,-0.0298752178921351,-0.0298295454545453,0.042962356792144,-0.01312356708040163,0,0.2864777889738567,-8.744056436586906e-06
2011-12-29,0.0182351047010727,0.01825280624694958,-0.02445403426180215,0.0103340543138668,0,0.2917017414503268,-8.744056436586906e-06
2011-12-30,-0.01096364742530453,-0.01092791411042948,0.01528150134048256,-0.004915953060577238,0,0.2885036264037181,-8.744056436586906e-06
2012-01-03,0.04059201550577152,0.04076403351125801,-0.05281225244256671,0.01593625498007967,0,0.3002145700801691,-1.29245369716341e-05
2012-01-04,0.01938539169507125,0.01942148760330564,-0.01965430722051831,0.00156862745098052,0,0.3060343471137406,-1.29245369716341e-05
2012-01-05,0.02117979500800082,0.02121334954735832,-0.02232333285937727,0.002662490211432944,0,0.312516091851017,-1.29245369716341e-05
2012-01-06,0.01372729612613477,0.01376025403545933,-0.01512507271669583,-0.002577319587628857,0,0.3168060927880382,-1.29245369716341e-05
2012-01-09,0.01354194796322949,0.01357347950926635,-0.01535735380980485,0.002427374520397985,0,0.3210962644110079,-1.29245369716341e-05
2012-01-10,0.01722566865840403,0.01725469997424667,-0.02009598080383934,0.008670520231213841,0,0.3266273622692032,-1.29245369716341e-05
2012-01-11,-0.0135814865638626,-0.01354430379746818,0.01637588001224355,0.0005420893673042659,0,0.3221912771371541,-1.29245369716341e-05
2012-01-12,0.01241770736005621,0.01244706788143191,-0.01460623400090333,0.00239938080495361,0,0.326192154130606,-1.29245369716341e-05
2012-01-13,-0.02196792185780039,-0.02192648922686946,0.02643643031784837,-0.005173345687591646,0,0.3190263903780373,-1.29245369716341e-05
2012-01-17,0.007095633968533077,0.007127121938577119,-0.008188179246687244,0.003880782365724977,0,0.3212900848704622,-1.29245369716341e-05
2012-01-18,0.03111775978673359,0.03113741636644374,-0.03632542779945969,0.01105613112726145,0,0.3312879125533205,-1.29245369716341e-05
2012-01-19,0.02156579465133412,0.02158722236086841,-0.02694704049844243,0.005276439550355505,0,0.3384323996459146,-1.29245369716341e-05
2012-01-20,0.02343328498771813,0.02345181385122763,-0.03073475268128711,0.0006085501293167095,0,0.3463629825158946,-1.29245369716341e-05
2012-01-23,0.01824073612759869,0.01825993555316852,-0.02526837324525166,0.0005321575186256755,0,0.3526808982843351,-1.29245369716341e-05
2012-01-24,-0.003310995707226483,-0.003281762775433572,0.004744154523889987,-0.00113973102347853,0,0.3515131733440949,-1.29245369716341e-05
2012-01-25,0.03032821000951302,0.0303386641580432,-0.04350758853288361,0.008367564278107364,0,0.362173938686385,-1.29245369716341e-05
2012-01-26,-0.000482483700821934,-0.0004565167769915446,0.000705218617771397,-0.005129752564876355,0,0.3619991956641063,-1.29245369716341e-05
2012-01-27,0.01379855331547697,0.01381593971226325,-0.02131782945736438,-0.0004549590536852,0,0.3669942608656372,-1.29245369716341e-05
2012-01-30,-0.01839417160320478,-0.01835792318954854,0.02934293429342949,-0.003413746017296271,0,0.3602437054538834,-1.29245369716341e-05
2012-01-31,-0.0002556643737944286,-0.0002294630564479982,0.0003497726477790231,-0.0003806043997869324,0,0.3601516039725152,-1.29245369716341e-05
2012-02-01,0.01890696552359916,0.01910926643155908,-0.02657342657342676,0.008757234236978384,0,0.3669609779320925,-2.041585173825628e-05
2012-02-02,0.03129426127087753,0.03132787468850129,-0.0316091954022989,0.001585264588208624,0,0.3784447506517161,-2.041585173825628e-05
2012-02-03,0.04950772735748221,0.04953400069036928,-0.05322700296735894,0.01401869158878499,0,0.3971806901868515,-2.041585173825628e-05
2012-02-06,0.009342389476204582,0.009373458312777361,-0.01116552399608228,-0.00066894603835288,0,0.4008913068870049,-2.041585173825628e-05
2012-02-07,-0.007366010398839884,-0.007331378299120228,0.008914421553090301,0.002528821123094049,0,0.3979383373516707,-2.041585173825628e-05
2012-02-08,-0.01924141938370671,-0.01920236336779924,0.02297270763793446,0.002967579197269865,0,0.3902814389138322,-2.041585173825628e-05
2012-02-09,-0.04272004821207831,-0.04267068273092367,0.04894433781190011,0.001257489459279615,0,0.373608597027154,-2.041585173825628e-05
2012-02-10,-0.08187431381289501,-0.08180388044048226,0.08563586459286365,-0.007387706855791931,0,0.3430196495109574,-2.041585173825628e-05
2012-02-13,0.08737523298736294,0.08737864077669899,-0.07736389684813749,0.007442691277165903,0,0.3729910713062208,-2.041585173825628e-05
2012-02-14,-0.02981415772783402,-0.02976190476190488,0.03105590062111796,-0.001255910165484764,0,0.3618706566752234,-2.041585173825628e-05
2012-02-15,-0.05835360224896124,-0.05828220858895683,0.05722891566265043,-0.004660107996153573,0,0.340754200310027,-2.041585173825628e-05
2012-02-16,0.04290075699775575,0.04292009963594556,-0.03753980224568465,0.01107312722948883,0,0.355372813453492,-2.041585173825628e-05
2012-02-17,0.01668728483643478,0.01671872129340435,-0.0158453769806719,0.002646085997794811,0,0.3613030208147157,-2.041585173825628e-05
2012-02-21,0.0006827237515090179,0.0007228044813878398,-0.0007077140835104467,0.0004398504508467127,0,0.3615496909685178,-2.041585173825628e-05
2012-02-22,0.02796744219749447,0.02798844348140128,-0.02744334277620397,-0.003224151828240651,0,0.3716613110522018,-2.041585173825628e-05
2012-02-23,0.06166055881590404,0.0616546636219919,-0.06389950846531967,0.004410791737116782,0,0.3945781551819321,-2.041585173825628e-05
2012-02-24,-0.03000214723073391,-0.02994705493050964,0.03520031116297173,0.002195711044426618,0,0.3827399632761324,-2.041585173825628e-05
2012-02-27,-0.01010689501718554,-0.01006310762408313,0.01108397520195381,0.001679690352734964,0,0.378871650648419,-2.041585173825628e-05
2012-02-28,0.01117144652529567,0.01119917298414874,-0.01207729468599028,0.002916302128900705,0,0.3831041950335884,-2.041585173825628e-05
2012-02-29,0.01207164345963485,0.01209746123700794,-0.01335339477148767,-0.003925559755742936,0,0.3877288922839243,-2.041585173825628e-05
2012-03-01,0.02062740472372071,0.02072220987697637,-0.02192146397255057,0.005181725295577033,0,0.3957267330681448,-2.363327736166359e-05
2012-03-02,-0.006918794502450476,-0.006879419071278203,0.007016176183979539,-0.003049444565454085,0,0.3929887811229202,-2.363327736166359e-05
2012-03-05,0.003232010475832992,0.00327111795266477,-0.003290110315463335,-0.00407836282863594,0,0.3942589249803943,-2.363327736166359e-05
2012-03-06,-0.0758078412549843,-0.07575757575757569,0.07669902912621374,-0.01462522851919557,0,0.3643710069821198,-2.363327736166359e-05
2012-03-07,0.05620133574657848,0.05623573355467948,-0.04887285843101907,0.006975881261595429,0,0.3848491442818407,-2.363327736166359e-05
2012-03-08,0.04043981680765718,0.04047151277013761,-0.03905953735305268,0.009949148795047602,0,0.400412373175182,-2.363327736166359e-05
2012-03-09,0.02073788139591426,0.02077039274924486,-0.02170481452249406,0.003867483946293104,0,0.4087160774795455,-2.363327736166359e-05
2012-03-12,0.04196637815171078,0.0419903810580835,-0.04578459056070971,7.269026677336754e-05,0,0.4258684109437361,-2.363327736166359e-05
2012-03-13,0.03708126153748337,0.03710278714716853,-0.04417670682730934,0.01802587585404858,0,0.4416601488704932,-2.363327736166359e-05
2012-03-14,-0.02400325009666837,-0.02396439575487841,0.03095975232198134,-0.001070969584463843,0,0.431058869859423,-2.363327736166359e-05
2012-03-15,0.01295036378874248,0.01297790249035402,-0.01587301587301571,0.00578943606604243,0,0.4366412390384667,-2.363327736166359e-05
2012-03-16,0.001527271146140929,0.001558171745152492,-0.001961639058413289,-0.002984650369527997,0,0.4373081086040654,-2.363327736166359e-05
2012-03-19,0.04596965727770597,0.04598098530682782,-0.05809128630705396,0.003920171062009814,0,0.4574110124813561,-2.363327736166359e-05
2012-03-20,0.03370023787731991,0.03371343579573627,-0.04729886389983751,-0.002910898118565819,0,0.4728258724096836,-2.363327736166359e-05
2012-03-21,0.0322829609341051,0.03229416466826551,-0.04916037965441733,-0.001637710054115615,0,0.4880900915773196,-2.363327736166359e-05
2012-03-22,-0.006376714361102098,-0.006349698002168114,0.01049398515485023,-0.007203480493545578,0,0.4849776804808468,-2.363327736166359e-05
2012-03-23,0.04270260318053398,0.04270573566084779,-0.0694022289766969,0.003232758620689724,0,0.5056874899218362,-2.363327736166359e-05
2012-03-26,0.04962940256084414,0.04962630792227229,-0.09036472509526405,0.01403508771929829,0,0.5307844579291499,-2.363327736166359e-05
2012-03-27,-0.04532772615432346,-0.04528624323554553,0.09515260323159791,-0.003107125203022587,0,0.5067252053731663,-2.363327736166359e-05
2012-03-28,-0.004648288532528633,-0.004624105011933,0.0084699453551913,-0.004958560600694106,0,0.5043698004118871,-2.363327736166359e-05
2012-03-29,0.002077233699084857,0.002098006893451076,-0.003793010024383703,-0.00170854986829938,0,0.5054174943581033,-2.363327736166359e-05
2012-03-30,0.01494133854715929,0.01495438911320468,-0.02719608376393789,0.004136062183555778,0,0.5129691082489647,-2.363327736166359e-05
2012-04-02,0.002999207214718691,0.003255242866264219,-0.0002795638803466671,0.007314821390526305,0,0.5145076088993528,-4.437664620446047e-05
2012-04-03,-0.01715130676019883,-0.01710816777041946,0.01733780760626402,-0.004089114495205992,0,0.5056831310686636,-4.437664620446047e-05
2012-04-04,-0.0250334026647121,-0.02498596294216726,0.02446399120395815,-0.009910802775024652,0,0.4930241616278693,-4.437664620446047e-05
2012-04-05,-0.02337294948477431,-0.02332277569824359,0.02173329755835773,-0.0005005005005006558,0,0.4815007328033679,-4.437664620446047e-05
2012-04-09,-0.06817160019058832,-0.06810141509433953,0.06066176470588247,-0.01123113241290508,0,0.4486760573552214,-4.437664620446047e-05
2012-04-10,-0.104178711225087,-0.104080987029421,0.08145580589254764,-0.01678483576906376,0,0.4019335639424012,-4.437664620446047e-05
2012-04-11,0.03844904067753419,0.03848870056497145,-0.02495421245421225,0.008094186902133815,0,0.4173875238920889,-4.437664620446047e-05
2012-04-12,0.1248047205615397,0.1247874872492352,-0.08617046254989447,0.01306569343065678,0,0.469479457177314,-4.437664620446047e-05
2012-04-13,-0.06598601886265976,-0.06590084643288996,0.05601233299075026,-0.01188846458678583,0,0.4385003768603805,-4.437664620446047e-05
2012-04-16,0.02261619120565883,0.02265372168284796,-0.01703163017031639,-0.0006562636721596515,0,0.4484175852272083,-4.437664620446047e-05
2012-04-17,0.06993570124153425,0.06993670886075964,-0.05470297029702964,0.01481211236774893,0,0.4797779834991086,-4.437664620446047e-05
2012-04-18,-0.01809970902794122,-0.01804199940845908,0.01597276774024592,-0.003379350014380167,0,0.4710941415997624,-4.437664620446047e-05
2012-04-19,-0.0093909629009713,-0.009337349397590233,0.007989690721649456,-0.00642089315345229,0,0.4666701139931341,-4.437664620446047e-05
2012-04-20,0.03920679729086851,0.03922164791729998,-0.03298389158782911,0.001670055184432195,0,0.4849667545541694,-4.437664620446047e-05
2012-04-23,-0.03606012132231584,-0.0359859566998243,0.03252247488101512,-0.008408843783979658,0,0.4674787945476563,-4.437664620446047e-05
2012-04-24,0.02850715401927273,0.02852807283763248,-0.02407170294494232,0.003801447474230724,0,0.4808052845445703,-4.437664620446047e-05
2012-04-25,0.06995300193949272,0.06993213337267634,-0.06218840199422726,0.01369164663899203,0,0.5144390575468349,-4.437664620446047e-05
2012-04-26,0.03474177073840612,0.0347490347490349,-0.03525461667599328,0.006968891443350778,0,0.5323115813430088,-4.437664620446047e-05
2012-04-27,0.001297353723553218,0.00133262260127931,-0.001450116009280911,0.001640981735159697,0,0.5330021777551547,-4.437664620446047e-05
2012-04-30,-0.02081757468767298,-0.02076124567474047,0.02265466163229757,-0.003703967519053886,0,0.5219063651110444,-4.437664620446047e-05
2012-05-01,0.0312126653603606,0.03127265350064268,-0.03124112468048856,0.00622006148566534,0,0.5381964538346976,-4.652563389217607e-05
2012-05-02,-0.008613016854849054,-0.008575380359612916,0.009088243916739902,-0.002913173227227506,0,0.5335609587065994,-4.652563389217607e-05
2012-05-03,-0.02040764657543326,-0.02036830357142838,0.02120859965136535,-0.007696144801539351,0,0.5226722352348657,-4.652563389217607e-05
2012-05-04,-0.04390629062497464,-0.04386214753631457,0.04381223328591766,-0.01615798922800715,0,0.4997236361730386,-4.652563389217607e-05
2012-05-07,0.0172364893563377,0.01727733095025319,-0.01580812210411553,0.0007299270072991249,0,0.5083371173090455,-4.652563389217607e-05
2012-05-08,-0.01029278537246314,-0.01024890190336747,0.009692605926336251,-0.004011670313639581,0,0.5031049124637269,-4.652563389217607e-05
2012-05-09,-0.04176843859312307,-0.04171597633136082,0.03867251782775627,-0.005931893079458073,0,0.4820910058215871,-4.652563389217607e-05
2012-05-10,0.03670383291137735,0.03673973448595236,-0.03142329020332713,0.00206276705466335,0,0.4997855935473405,-4.652563389217607e-05
2012-05-11,-0.01523584144056755,-0.01518761167361549,0.01390403489640146,-0.003014262608439955,0,0.4921709394897733,-4.652563389217607e-05
2012-05-14,-0.06508228231893354,-0.06501360749924412,0.05781123958053258,-0.01106113118501584,0,0.4601393314567251,-4.652563389217607e-05
2012-05-15,-0.06540934414692545,-0.06532988357050429,0.05134722928317226,-0.005741555439564561,0,0.430041919569936,-4.652563389217607e-05
2012-05-16,-0.04679429721610773,-0.04671280276816614,0.03264023210831724,-0.003824808759561926,0,0.4099184101701949,-4.652563389217607e-05
2012-05-17,-0.07633338327782624,-0.07622504537205099,0.04916881292437392,-0.01483098697583374,0,0.3786279510540362,-4.652563389217607e-05
2012-05-18,-0.110563215693648,-0.1104125736738699,0.06270921669270235,-0.008558765092465226,0,0.3367656272340048,-4.652563389217607e-05
2012-05-21,0.2293631907317237,0.229240282685512,-0.1089878202435951,0.01718822259904407,0,0.4140072660251665,-4.652563389217607e-05
2012-05-22,-0.0525639177290238,-0.05246137261947548,0.03440961583785063,0.001742820337955475,0,0.3922454221546016,-4.652563389217607e-05
2012-05-23,0.02650333469316402,0.02654531664770565,-0.01594896331738427,0.0005295007564298793,0,0.4026412338598264,-4.652563389217607e-05
2012-05-24,-0.01300509555655449,-0.01292944218692271,0.008103727714748654,0.00196567626823918,0,0.3974048461384704,-4.652563389217607e-05
2012-05-25,0.01716851183169399,0.01721556886227549,-0.01056499770326125,-0.003244548404135017,0,0.4042276959413712,-4.652563389217607e-05
2012-05-29,0.07507274333812242,0.07505518763796926,-0.0473537604456824,0.01211203633610891,0,0.4345741780089384,-4.652563389217607e-05
2012-05-30,-0.09495402734893577,-0.09479808350444918,0.06749512670565294,-0.01451009723261032,0,0.3933096096251364,-4.652563389217607e-05
2012-05-31,-0.02391360542681265,-0.02381852551984887,0.01438027847523382,-0.002200971463266477,0,0.3839041588099872,-4.652563389217607e-05
2012-06-01,-0.1383238867664059,-0.137592894483534,0.08483348334833485,-0.0251768464288431,0,0.3308010434176022,-2.182619913843893e-05
2012-06-04,0.04324238126877322,0.04325807132306392,-0.04252229827836551,-0.000468164794007464,0,0.3451056682611741,-2.182619913843893e-05
2012-06-05,0.02060608803513908,0.02063106796116521,-0.02209705372616977,0.007572209211553549,0,0.3522169460427894,-2.182619913843893e-05
2012-06-06,0.06441125687716087,0.06440745144669036,-0.07199822773593256,0.02246842798481441,0,0.3749036822308406,-2.182619913843893e-05
2012-06-07,0.008538743449993502,0.008564513126047446,-0.010981141083791,0.0006061983784193536,0,0.3781048885918676,-2.182619913843893e-05
2012-06-08,0.04153181086530222,0.04153590548273955,-0.05430847212165102,0.00795153351003397,0,0.3938082693121112,-2.182619913843893e-05
2012-06-11,-0.05749057113509426,-0.05742644452321877,0.08269525267993894,-0.01262208865514658,0,0.3711680069916349,-2.182619913843893e-05
2012-06-12,0.01276409549677382,0.01278676194057926,-0.01603017444601607,0.01141378785572966,0,0.3759056308782234,-2.182619913843893e-05
2012-06-13,-0.03942069726206376,-0.03936130709246199,0.05079060852898909,-0.006394823954258166,0,0.3610871688042678,-2.182619913843893e-05
2012-06-14,0.05315862967884599,0.05315036722071897,-0.0626994984040129,0.01060043916105102,0,0.3802820678925168,-2.182619913843893e-05
2012-06-15,0.0315601156359111,0.03156542484859615,-0.04183896862077341,0.005019854648984801,0,0.3922838139294681,-2.182619913843893e-05
2012-06-18,0.05961695942843814,0.059597936310265,-0.08504696623508512,0.001938273445653893,0,0.4156705821489342,-2.182619913843893e-05
2012-06-19,0.01325009418844525,0.01326393552719951,-0.02192008879023288,0.009672619047618847,0,0.4211782565137734,-2.182619913843893e-05
2012-06-20,0.02435376018019753,0.02435791217895611,-0.04170212765957448,-0.001621223286661699,0,0.4314355307660235,-2.182619913843893e-05
2012-06-21,-0.06218633837079901,-0.06211582012293748,0.1136767317939607,-0.02243873634484794,0,0.4046061348646223,-2.182619913843893e-05
2012-06-22,0.06695148646774274,0.06691962745774394,-0.1031366294524187,0.007701600724856705,0,0.4316951170277768,-2.182619913843893e-05
2012-06-25,-0.04580815597286947,-0.04574846427416746,0.08387670420865456,-0.01603476697137729,0,0.4119199597742423,-2.182619913843893e-05
2012-06-26,0.01828753031348684,0.01829578180586133,-0.02953240360951614,0.005025890953396228,0,0.419452958525344,-2.182619913843893e-05
2012-06-27,-0.0038532201624778,-0.003826318416236929,0.006480698788391193,0.009016517654190093,0,0.4178367139283432,-2.182619913843893e-05
2012-06-28,0.01903206945164504,0.01903807615230479,-0.03191489361702149,-0.00285349553202674,0,0.4257890112872746,-2.182619913843893e-05
2012-06-29,0.03704915503260997,0.03703703703703698,-0.06535569693464416,0.02500188267188808,0,0.4415641343776385,-2.182619913843893e-05
2012-07-02,0.05598195041753229,0.05624791543090413,-0.06497524752475248,0.002938799500403988,0,0.466283755854528,-4.405950964885816e-05
2012-07-03,0.02022255995053057,0.02025392986698904,-0.02217074784910655,0.006592923595341027,0,0.4757132070612548,-4.405950964885816e-05
2012-07-05,-0.03145071075868588,-0.03140740740740733,0.03587140439932313,-0.004512044247143576,0,0.4607516885818844,-4.405950964885816e-05
2012-07-06,0.009754859369939251,0.009788926277148891,-0.01045409996733104,-0.009503618685576254,0,0.4652462565084627,-4.405950964885816e-05
2012-07-09,0.009054916705636629,0.009088155104513884,-0.009904258831297419,-0.001254705144291157,0,0.4694590226087561,-4.405950964885816e-05
2012-07-10,-0.02676469451671881,-0.02671870309216451,0.02967655885295084,-0.008720070942950131,0,0.4568940952805153,-4.405950964885816e-05
2012-07-11,0.03236355748983177,0.03238741517581745,-0.03400259067357514,0.0001490979573579576,0,0.4716808135998909,-4.405950964885816e-05
2012-07-12,-0.009002703239917142,-0.008963250672243794,0.01005698960777734,-0.004844961240310086,0,0.4674344112110885,-4.405950964885816e-05
2012-07-13,0.05244688254915442,0.05245703949351843,-0.0577497510786591,0.0167777694554716,0,0.4919498888753096,-4.405950964885816e-05
2012-07-16,0.008565565759181215,0.008593526210254998,-0.01056710109193382,-0.002357274401473264,0,0.4961637179986929,-4.405950964885816e-05
2012-07-17,0.03008940229639268,0.03010508378301591,-0.03773584905660365,0.006867016170715612,0,0.5110929877144295,-4.405950964885816e-05
2012-07-18,-0.008305408077386889,-0.008271298593878873,0.01109877913429513,0.007406864183044704,0,0.5068481518859702,-4.405950964885816e-05
2012-07-19,0.0188854561589189,0.01890464275785364,-0.02488108305890968,0.002620659532649006,0,0.5164202104376417,-4.405950964885816e-05
2012-07-20,-0.03961603818193637,-0.03956343792633032,0.05440900562851803,-0.009148333696362365,0,0.4959616876630205,-4.405950964885816e-05
2012-07-23,-0.05063298007217487,-0.05056818181818168,0.06334519572953723,-0.01011211255220923,0,0.4708496694150166,-4.405950964885816e-05
2012-07-24,-0.03836360894426927,-0.03830041891083191,0.04283801874163329,-0.008586868013916615,0,0.4527861768260404,-4.405950964885816e-05
2012-07-25,0.01117132587467839,0.01120099564405708,-0.01155327342747103,0.0002239976106921393,0,0.4578443987589139,-4.405950964885816e-05
2012-07-26,0.07202125602208032,0.07200000000000006,-0.07597402597402603,0.01649746192893375,0,0.4908189274202051,-4.405950964885816e-05
2012-07-27,0.02294799746699505,0.0229621125143511,-0.02810962754743507,0.01843284130131462,0,0.5020822389233971,-4.405950964885816e-05
2012-07-30,-0.01463301669377925,-0.01459034792368108,0.01879971077368037,0,0,0.4947352611395809,-4.405950964885816e-05
2012-07-31,-0.02397031995895804,-0.02391799544419149,0.029808374733854,-0.006994519757715589,0,0.4828762986350865,-4.405950964885816e-05
2012-08-01,0.01927016725344699,0.01938160864648619,-0.02205375603032411,-0.0008713964127514684,0,0.49218140567251,-5.378340593108861e-05
2012-08-02,0.02129121133371181,0.02132867132867111,-0.02149400986610273,-0.006904571553165373,0,0.5026605439952068,-5.378340593108861e-05
2012-08-03,0.06501673005655983,0.06504621704895608,-0.0684191573640619,0.01983313817330212,0,0.5353418888942266,-5.378340593108861e-05
2012-08-06,0.01861339841291221,0.01864352298296379,-0.02241979126401239,0.001937567276641516,0,0.5453064207593359,-5.378340593108861e-05
2012-08-07,-0.0208622657944354,-0.02082675923004107,0.02609727164887299,0.005013608365563638,0,0.5339300932700424,-5.378340593108861e-05
2012-08-08,0.03381248164804873,0.03383822107637768,-0.04046242774566489,0.001211516533637491,0,0.5519835947500766,-5.378340593108861e-05
2012-08-09,0.003710756998038134,0.003740648379052303,-0.004819277108433551,0.0008541533205210783,0,0.5540318717370978,-5.378340593108861e-05
2012-08-10,0.01456974015169998,0.01459627329192559,-0.01896690879741736,0.001635730033425764,0,0.5621039721440673,-5.378340593108861e-05
2012-08-13,0.01987238328706042,0.01989592898683812,-0.02673796791443839,-0.0004970178926441138,0,0.5732743177256933,-5.378340593108861e-05
2012-08-14,-0.04025731255557308,-0.04021608643457386,0.05663567202028741,0.0001420757263619343,0,0.5501958343369271,-5.378340593108861e-05
2012-08-15,0.0009073980002398674,0.0009380863039401,-0.001199999999999979,0.001136444349740806,0,0.5506950809367447,-5.378340593108861e-05
2012-08-16,0.01590789266693204,0.01593252108716015,-0.02042450941129348,0.007378503015253779,0,0.5594554791764939,-5.378340593108861e-05
2012-08-17,0.02088917575922933,0.02091020910209096,-0.02780049059689294,0.001338122402986031,0,0.5711420430104756,-5.378340593108861e-05
2012-08-20,-0.001233788486984966,-0.001204819277108249,0.001682085786375076,7.033338022210955e-05,0,0.5704373745333762,-5.378340593108861e-05
2012-08-21,-0.01903627518152551,-0.01899879372738233,0.02644836272040285,-0.003024122652788619,0,0.5595783716979319,-5.378340593108861e-05
2012-08-22,-0.004950886222156448,-0.004918536735321499,0.006543967280163709,0.0004232505643340101,0,0.5568079628472759,-5.378340593108861e-05
2012-08-23,-0.01579406218292845,-0.01575532900834087,0.02072328321820405,-0.008108870399097468,0,0.5480137032581163,-5.378340593108861e-05
2012-08-24,0.03137427721777786,0.03138731952291263,-0.03980891719745228,0.00597142247814042,0,0.5652072371032775,-5.378340593108861e-05
2012-08-27,-0.006119191053210127,-0.006086427267194217,0.008291873963515606,0.0002119991520033171,0,0.5617486260347855,-5.378340593108861e-05
2012-08-28,-0.01351015896620389,-0.01347213717085116,0.01809210526315796,-0.0009891196834815874,0,0.5541593127980089,-5.378340593108861e-05
2012-08-29,-0.002825671680401265,-0.002793296089385278,0.003634894991922488,0.0007779349363505883,0,0.5525934405214049,-5.378340593108861e-05
2012-08-30,-0.01684917611154624,-0.01680672268907579,0.02173038229376245,-0.007207971168115224,0,0.5432826963239745,-5.378340593108861e-05
2012-08-31,0.02689529053490558,0.02690724912947129,-0.03347774714454521,0.004769022706242243,0,0.5578944422841947,-5.378340593108861e-05
2012-09-04,0.008548609499567705,0.008699988972763029,-0.008149959250203676,-0.0009209407764239064,0,0.5626636640132614,-7.073742898330587e-05
2012-09-05,0.02651296409516379,0.02654867256637172,-0.0271158586688578,-0.000850882790895624,0,0.5775815455348983,-7.073742898330587e-05
2012-09-06,0.09558912389837704,0.09561128526645768,-0.1030405405405407,0.02029664324746294,0,0.6327920594524498,-7.073742898330587e-05
2012-09-07,0.04361118785818885,0.04363376251788265,-0.05743879472693025,0.00389511024553113,0,0.6603888728324008,-7.073742898330587e-05
2012-09-10,-0.03807441166205405,-0.03803975325565445,0.05544455544455529,-0.005681424513268363,0,0.6352449550311401,-7.073742898330587e-05
2012-09-11,0.004602471747717995,0.004631278945493422,-0.006152389966871619,0.002787262211692676,0,0.6381686519895513,-7.073742898330587e-05
2012-09-12,0.02089786647475589,0.02092198581560267,-0.02809523809523817,0.003335417969564158,0,0.6515050152672039,-7.073742898330587e-05
2012-09-13,0.05174061903472627,0.05175408127822156,-0.07300342969132767,0.01523651222383826,0,0.6852142880613579,-7.073742898330587e-05
2012-09-14,-0.01885468855461958,-0.01882430647291933,0.03012684989429149,0.004434136025649904,0,0.6722947860667856,-7.073742898330587e-05
2012-09-17,0.003677628622426266,0.003702457085156707,-0.005643919958953192,-0.003395816354251568,0,0.6747672366147328,-7.073742898330587e-05
2012-09-18,0.01574098533288093,0.01576123407109309,-0.02425180598555199,-0.000817772931716032,0,0.6853887377893939,-7.073742898330587e-05
2012-09-19,0.001626541022313743,0.00165070980521631,-0.002644103648862917,0.0005456281544127251,0,0.6865035506876402,-7.073742898330587e-05
2012-09-20,0.006569892315313686,0.006591957811469928,-0.01060445387062581,6.816632583506177e-05,0,0.6910138050897385,-7.073742898330587e-05
2012-09-21,0.003579083485417911,0.003601833660772602,-0.005894962486602262,-0.005725581078317776,0,0.693487001187731,-7.073742898330587e-05
2012-09-24,0.008462583274058577,0.008482871125611968,-0.0140161725067387,-0.001508192225954663,0,0.6993556926847594,-7.073742898330587e-05
2012-09-25,-0.04533715470505062,-0.04529278550630855,0.07654455986878084,-0.01064194987984901,0,0.6676488954516526,-7.073742898330587e-05
2012-09-26,-0.02647162153268523,-0.02643171806167399,0.03961401726764846,-0.005551700208188626,0,0.6499751465745411,-7.073742898330587e-05
2012-09-27,0.06405138898695673,0.06404455273233545,-0.0898876404494382,0.009351011863223846,0,0.6916069575196413,-7.073742898330587e-05
2012-09-28,-0.01933462482019133,-0.01929996728819117,0.03166935050993036,-0.004632190265486669,0,0.678234996472965,-7.073742898330587e-05
2012-10-01,-0.01859510988183866,-0.01838403035730884,0.007804370447450637,0.002639438771966374,0,0.6656231421878418,-0.0001150075682250417
2012-10-02,0.02207357225255491,0.02211166390270858,-0.02065049044914824,0.001039140976792474,0,0.6803158227098978,-0.0001150075682250417
2012-10-03,0.004286964383130476,0.004326663061114067,-0.004217185028993042,0.004083044982698958,0,0.6832323124111351,-0.0001150075682250417
2012-10-04,0.02419894713969351,0.02423263327948311,-0.0238221281101112,0.007167964711558339,0,0.6997658150233028,-0.0001150075682250417
2012-10-05,0.0131096364453922,0.01314405888538372,-0.01355748373101962,6.843221788810361e-05,0,0.7089394904551719,-0.0001150075682250417
2012-10-08,-0.01041985866015582,-0.01037882719252725,0.0109950522264981,-0.003421376762009043,0,0.7015524411660261,-0.0001150075682250417
2012-10-09,-0.04305429093440893,-0.04299947561615092,0.0445894507884721,-0.009887393573194125,0,0.6713475982583192,-0.0001150075682250417
2012-10-10,0.01311470647686219,0.01315068493150684,-0.0124934929724102,-0.006380027739250949,0,0.6801521249534235,-0.0001150075682250417
2012-10-11,0.01348654378358072,0.01352082206598171,-0.01317870321560366,0.0005583472920156485,0,0.6893250263661033,-0.0001150075682250417
2012-10-12,-0.01071747437820625,-0.01067235859124882,0.01068376068376087,-0.003278459821428714,0,0.6819372030577682,-0.0001150075682250417
2012-10-15,0.0371970321104409,0.03721682847896446,-0.03646934460887963,0.00832808454055578,0,0.7073032430972123,-0.0001150075682250417
2012-10-16,0.02129549066661029,0.02132085283411334,-0.02249040043883699,0.01013325930038844,0,0.7223656127090521,-0.0001150075682250417
2012-10-17,0.01015339001142723,0.01018329938900209,-0.01122334455667806,0.004534835783976954,0,0.7297000725057307,-0.0001150075682250417
2012-10-18,0.00299083542011358,0.003024193548387233,-0.003405221339387032,-0.002599179206566271,0,0.7318824853286403,-0.0001150075682250417
2012-10-19,-0.05635379742081403,-0.05628140703517592,0.06378132118451019,-0.01666438074338228,0,0.6906381280145882,-0.0001150075682250417
2012-10-22,0.01168376310304531,0.01171458998935027,-0.01177730192719473,0.0001394797405678272,0,0.6987073802922413,-0.0001150075682250417
2012-10-23,-0.07588648433959233,-0.07578947368421041,0.07800650054171165,-0.01387629872393847,0,0.6456849336197366,-0.0001150075682250417
2012-10-24,-0.006314734043123105,-0.006264236902050135,0.005527638190954809,-0.00282845424975231,0,0.6416076049882763,-0.0001150075682250417
2012-10-25,0.0303550963924315,0.0303724928366762,-0.0264867566216892,0.002907389022833717,0,0.6610836656838125,-0.0001150075682250417
2012-10-26,0.003297156724367811,0.003337041156840748,-0.003080082135523465,-0.0005656508520116565,0,0.6632633621374916,-0.0001150075682250417
2012-10-31,-0.01835343414230151,-0.01829268292682917,0.01699279093717787,0,0,0.6510902017014997,-0.0001150075682250417
2012-11-01,0.08157368099483353,0.08166020011016362,-0.07949367088607595,0.01047046338875135,0,0.7042020261139597,-0.0001047967307980344
2012-11-02,-0.02384496121688362,-0.02380952380952384,0.02750275027502735,-0.008891689420990057,0,0.6874103561124214,-0.0001047967307980344
2012-11-05,-0.01515934994639823,-0.01512195121951221,0.01659528907922914,0.002048601299802222,0,0.676989661967335,-0.0001047967307980344
2012-11-06,0.03265603568777631,0.03268945022288272,-0.03475513428120058,0.007825167430384194,0,0.699097460528796,-0.0001047967307980344
2012-11-07,-0.06911014410188598,-0.06906474820143882,0.07855973813420625,-0.02266368214885284,0,0.6507827342903884,-0.0001047967307980344
2012-11-08,-0.006739350538749744,-0.006697578567748552,0.006575619625695639,-0.0120240480961924,0,0.6463968813194394,-0.0001047967307980344
2012-11-09,0.0009966278121016359,0.001037344398340245,-0.001005025125628056,0.000869313242538361,0,0.6470410984290181,-0.0001047967307980344
2012-11-12,0.06474432160250743,0.06476683937823835,-0.06287726358148904,0.0007961783439491832,0,0.6889333353957461,-0.0001047967307980344
2012-11-13,-0.000522752249550229,-0.0004866180048663793,0.0005367686527106841,-0.003471468865263727,0,0.6885731939448778,-0.0001047967307980344
2012-11-14,-0.0302313200589569,-0.03018500486854903,0.03326180257510725,-0.01349880252558233,0,0.667756717334712,-0.0001047967307980344
2012-11-15,-0.008575836517873081,-0.008534136546184734,0.008826583592938642,-0.001692047377326644,0,0.6620301448931379,-0.0001047967307980344
2012-11-16,0.04301745846881055,0.04303797468354431,-0.04374678332475535,0.004937361827560993,0,0.6905089991561791,-0.0001047967307980344
2012-11-19,0.07864039416915891,0.07864077669902891,-0.0871905274488699,0.02023905551074279,0,0.7448108990271725,-0.0001047967307980344
2012-11-20,0.015278125990696,0.01530153015301527,-0.02004716981132071,0.0004312513476605329,0,0.7561902137817532,-0.0001047967307980344
2012-11-21,-0.005794390117539572,-0.00576241134751776,0.007821901323706415,0.001867950283784614,0,0.7518085526800361,-0.0001047967307980344
2012-11-23,0.03253251925498302,0.03254569772625948,-0.04358208955223886,0.01362495518106854,0,0.7762667788961604,-0.0001047967307980344
2012-11-26,0.006452581206929375,0.006476683937823857,-0.009363295880149947,-0.002122391227449505,0,0.7812757033252293,-0.0001047967307980344
2012-11-27,-0.01419172996356821,-0.0141570141570142,0.0207939508506616,-0.005104572846508337,0,0.7701880495165409,-0.0001047967307980344
2012-11-28,0.02000098625072022,0.02001740644038286,-0.0283950617283949,0.008052447801610407,0,0.7855925701053902,-0.0001047967307980344
2012-11-29,0.009364579159088171,0.009385665529010323,-0.01397712833545117,0.004665629860031162,0,0.7929493139149336,-0.0001047967307980344
2012-11-30,-0.0118676442334138,-0.01183431952662717,0.01804123711340222,0.0002814522938361375,0,0.7835388735622616,-0.0001047967307980344
2012-12-03,-0.03328028161924912,-0.03308633197427047,0.02278481012658218,-0.004994372537985403,0,0.7574624791904803,-0.0001617150627476955
2012-12-04,-0.01917303494075728,-0.01912568306010931,0.01732673267326734,-0.001413927182750019,0,0.7429396246106486,-0.0001617150627476955
2012-12-05,0.02085080074625068,0.02089136490250687,-0.01824817518248179,0.001769911504424737,0,0.7584305106898994,-0.0001617150627476955
2012-12-06,-0.01300767778083145,-0.01296043656207346,0.01177199504337034,0.003392226148409838,0,0.7485650909876937,-0.0001617150627476955
2012-12-07,0.04005100150955876,0.04008293020041442,-0.03551745254133487,0.003099028032117257,0,0.7785458725768448,-0.0001617150627476955
2012-12-10,-0.01532931077173216,-0.01528239202657788,0.01460317460317451,0.0003510742873191752,0,0.766611300946065,-0.0001617150627476955
2012-12-11,0.03708402900570529,0.03711201079622128,-0.03441802252816029,0.006808450901944152,0,0.7950403366664504,-0.0001617150627476955
2012-12-12,-0.02672657114011046,-0.02667534157449569,0.02657161373946848,0.0004880089235916873,0,0.7737916345492771,-0.0001617150627476955
2012-12-13,-0.01943635079682748,-0.01938502673796794,0.01830808080808088,-0.006131976865723643,0,0.7587519488965269,-0.0001617150627476955
2012-12-14,-0.006863910356211145,-0.006816632583503734,0.00619962802231866,-0.003645796816938773,0,0.7535439435367006,-0.0001617150627476955
2012-12-17,0.03978664708112212,0.03980782429649943,-0.03573629081946994,0.01168109211174451,0,0.7835249304783123,-0.0001617150627476955
2012-12-18,0.03760529963877945,0.03762376237623788,-0.03642172523961684,0.01112888641580301,0,0.812989620263403,-0.0001617150627476955
2012-12-19,-0.05350618868116674,-0.05343511450381677,0.0557029177718833,-0.007429318291256926,0,0.7694896442457593,-0.0001617150627476955
2012-12-20,-0.02694281891702266,-0.02688172043010761,0.02512562814070352,0.005752304386998475,0,0.7487574241023216,-0.0001617150627476955
2012-12-21,-0.07399559486546725,-0.07389502762430944,0.06556372549019596,-0.016055678059537,0,0.6933526730959354,-0.0001617150627476955
2012-12-24,0.02159283090844988,0.02162565249813575,-0.01667625071880385,-0.003081448280691901,0,0.7083241201260176,-0.0001617150627476955
2012-12-26,-0.06945477776094211,-0.06934306569343063,0.05555555555555558,-0.004214963119072657,0,0.6591276257799502,-0.0001617150627476955
2012-12-27,-0.0008413458915187411,-0.0007843137254898158,0.0005540166204982544,-0.001340388007054605,0,0.6585730714600138,-0.0001617150627476955
2012-12-28,-0.07234732665531518,-0.07221350078492939,0.05094130675526043,-0.01080813789205992,0,0.6109270703327019,-0.0001617150627476955
2012-12-31,0.1668058342931549,0.1666666666666663,-0.1037934668071653,0.01699635792330212,0,0.7128332699918211,-0.0001617150627476955
2013-01-02,0.1489563242626661,0.1488740116461014,-0.120517342739565,0.02563022259672776,0,0.8190142937019393,-0.0001628134919065019
2013-01-03,-0.008307511493281239,-0.008269720101781175,0.008689839572192382,-0.002259345474462604,0,0.8122103230438489,-0.0001628134919065019
2013-01-04,0.0211298798995212,0.02116741500962149,-0.02186878727634178,0.004391683249845624,0,0.8293722296229168,-0.0001628134919065019
2013-01-07,0.001219585623772224,0.001256281407035154,-0.001355013550135453,-0.002732800437248106,0,0.8303837200709209,-0.0001628134919065019
2013-01-08,0.01062951885451313,0.01066499372647445,-0.01153324287652657,-0.002877303555525068,0,0.8392102994798956,-0.0001628134919065019
2013-01-09,-0.001898371127753928,-0.001862197392923592,0.002059025394646641,0.002542081758845516,0,0.8376171668772492,-0.0001628134919065019
2013-01-10,0.02173418443280895,0.0217661691542288,-0.02397260273972601,0.007949561403508998,0,0.8558220928662462,-0.0001628134919065019
2013-01-11,0.004227000868344488,0.004260499087036074,-0.004912280701754423,-6.79902094099516e-05,0,0.8594396535959402,-0.0001628134919065019
2013-01-14,0.01330256640646565,0.0133333333333332,-0.01551480959097318,-0.0006799483239273707,0,0.8708724066602501,-0.0001628134919065019
2013-01-15,0.001163367237940305,0.001196172248803862,-0.001432664756447211,0.0006804109682247983,0,0.8718855510865848,-0.0001628134919065019
2013-01-16,0.01789371854043509,0.01792114695340485,-0.0215208034433283,-0.0001359896647853409,0,0.8874868257372003,-0.0001628134919065019
2013-01-17,-0.005315266391164086,-0.005281690140844897,0.006598240469207983,0.006460387623257402,0,0.8827695968397584,-0.0001628134919065019
2013-01-18,0.05013412735770184,0.05014749262536844,-0.06190823015294966,0.00222972972972979,0,0.92702648023523,-0.0001628134919065019
2013-01-22,0.02357592229249761,0.02359550561797752,-0.03260869565217384,0.005393379626508432,0,0.9488819844963433,-0.0001628134919065019
2013-01-23,0.01754310981840845,0.01756311745334793,-0.0256821829855538,0.001609334138000573,0,0.9655283253550719,-0.0001628134919065019
2013-01-24,-0.003803224870197686,-0.003775620280474623,0.005766062602965416,0.0002677913905066998,0,0.9618562040152012,-0.0001628134919065019
2013-01-25,-0.005442887994507539,-0.005414185165132479,0.008190008190008147,0.005622113647011595,0,0.9566209284299243,-0.0001628134919065019
2013-01-28,-0.01799935044819401,-0.01796407185628757,0.02680747359870028,-0.001198003327787078,0,0.9394023730930374,-0.0001628134919065019
2013-01-29,0.0216020222149258,0.02161862527716196,-0.030854430379747,0.003931498633970909,0,0.9596953640253473,-0.0001628134919065019
2013-01-30,-0.04291421928350725,-0.04286489419424833,0.06448979591836723,-0.003916102482410699,0,0.9185107867281982,-0.0001628134919065019
2013-01-31,-0.001731029610172463,-0.001700680272108901,0.002300613496932558,-0.002465516092490239,0,0.9169208173591089,-0.0001628134919065019
2013-02-01,0.04189921165794885,0.04206859883462277,-0.05126243305279266,0.01028724114896473,0,0.9553390767592176,-0.000234739489790823
2013-02-04,-0.06687269989458267,-0.06682389937106914,0.06854838709677424,-0.01124041258926223,0,0.8914529733815307,-0.000234739489790823
2013-02-05,0.04461516513539987,0.04465037910699232,-0.04000000000000004,0.01009763274040409,0,0.931225294999391,-0.000234739489790823
2013-02-06,0.008025713752411123,0.008064516129032251,-0.00786163522012584,0.000728235683548295,0,0.9386990426560607,-0.000234739489790823
2013-02-07,0.003160808096897894,0.00319999999999987,-0.003169572107765362,-0.00132310134956326,0,0.9416660901906383,-0.000234739489790823
2013-02-08,0.01830726191183785,0.0183413078149921,-0.01828298887122415,0.00556438791732905,0,0.9589054179372547,-0.000234739489790823
2013-02-11,0.01876220466143552,0.01879404855129185,-0.01943319838056679,-0.0001976284584980226,0,0.9768965976395528,-0.000234739489790823
2013-02-12,0.00919022413688797,0.009223674096848544,-0.009909165978530088,0.001647229360216107,0,0.9858744963304237,-0.000234739489790823
2013-02-13,-0.00613168408349396,-0.006092916984005936,0.006672226855713115,0.0008551506380738427,0,0.9798294253729518,-0.000234739489790823
2013-02-14,0.01452924573021819,0.01455938697317993,-0.0157415078707539,0.0009201445941504627,0,0.994065607867894,-0.000234739489790823
2013-02-15,0.008276534110799538,0.008308157099697899,-0.009259259259259411,-0.001181955479676811,0,1.002293025779785,-0.000234739489790823
2013-02-19,0.03668794136517861,0.03670411985018718,-0.04163126593033128,0.007494576293471722,0,1.039065093540322,-0.000234739489790823
2013-02-20,-0.07232488208645782,-0.0722543352601156,0.0886524822695034,-0.01246329526916801,0,0.9639148331698636,-0.000234739489790823
2013-02-21,-0.01562371620882763,-0.01557632398753905,0.01628664495114029,-0.006079027355623157,0,0.9488549013669382,-0.000234739489790823
2013-02-22,0.03241867686634192,0.03243670886075956,-0.0328525641025641,0.009772636617471075,0,0.9796155218073976,-0.000234739489790823
2013-02-25,-0.127325050169783,-0.1272030651340995,0.1375310687655344,-0.01902692738165768,0,0.8548859263461726,-0.000234739489790823
2013-02-26,0.02719103219169505,0.02721685689201037,-0.02257829570284053,0.006845637583892783,0,0.8781311570896784,-0.000234739489790823
2013-02-27,0.07865260519105521,0.07863247863247858,-0.06855439642324868,0.01259832022397012,0,0.9471984602942174,-0.000234739489790823
2013-02-28,-0.03017486133387592,-0.03011093502377193,0.03039999999999998,-0.001974853531696241,0,0.9186168780991786,-0.000234739489790823
2013-03-01,-0.02049881795385222,-0.02034040381952018,0.01552795031055898,0.003297935492381665,0,0.8997863179456874,-0.0002034763016295701
2013-03-04,0.05061745684713426,0.05065123010130246,-0.05351681957186538,0.005325093682203574,0,0.9453312130659451,-0.0002034763016295701
2013-03-05,0.02613975945159308,0.02617079889807172,-0.03069466882067851,0.00895893277530746,0,0.9700419435775717,-0.0002034763016295701
2013-03-06,-0.003388128482961217,-0.003355704697986628,0.004166666666666652,0.001361073303519422,0,0.9667553168388694,-0.0002034763016295701
2013-03-07,0.01680566813902673,0.01683501683501665,-0.02074688796680502,0.001812297734627766,0,0.983002285865303,-0.0002034763016295701
2013-03-08,0.01056711428384061,0.01059602649006619,-0.0135593220338982,0.004264116810957397,0,0.9933897833613182,-0.0002034763016295701
2013-03-11,0.03208711111605256,0.03211009174311918,-0.04209621993127155,0.00379567678847148,0,1.025264791721584,-0.0002034763016295701
2013-03-12,-0.01082444316701647,-0.01079365079365069,0.01524663677130045,-0.002243158366980635,0,1.014166871252451,-0.0002034763016295701
2013-03-13,0.003823331436162425,0.003851091142490493,-0.005300353356890608,0.00147738951695775,0,1.018044367332825,-0.0002034763016295701
2013-03-14,0.01404225416110738,0.01406649616368294,-0.01953818827708698,0.005259444551343639,0,1.032340005086196,-0.0002034763016295701
2013-03-15,-0.0006583582942492061,-0.0006305170239598867,0.0009057971014494459,-0.005742359471702763,0,1.031660355481363,-0.0002034763016295701
2013-03-18,-0.03600276825388182,-0.03596214511041007,0.05158371040723964,-0.005518834627478708,0,0.9945177267862497,-0.0002034763016295701
2013-03-19,-0.0006849030495867936,-0.0006544502617799042,0.0008605851979346379,-0.002323030263921999,0,0.9938365785623057,-0.0002034763016295701
2013-03-20,0.04124498272223898,0.04125736738703312,-0.05417024935511605,0.006985317896643028,0,1.034827351073837,-0.0002034763016295701
2013-03-21,-0.02016219937731034,-0.0201257861635219,0.02909090909090906,-0.008542616738390296,0,1.013962955700392,-0.0002034763016295701
2013-03-22,0.00189762710157515,0.001925545571245246,-0.00265017667844536,0.008033169214822333,0,1.015887079285123,-0.0002034763016295701
2013-03-25,0.0102263484388565,0.01024983984625227,-0.01417183348095652,-0.004177377892030876,0,1.026275894532425,-0.0002034763016295701
2013-03-26,0.01900557839893668,0.0190234622701333,-0.02695417789757415,0.00800258147789612,0,1.0457808615049,-0.0002034763016295701
2013-03-27,-0.006875578735646148,-0.006845052893590386,0.01015697137580784,0,0,1.038590512851391,-0.0002034763016295701
2013-03-28,0.002480505619844253,0.002506265664160123,-0.003656307129798697,0.003073180101158757,0,1.041166742455236,-0.0002034763016295701
2013-04-01,-0.005383078984244505,-0.00519585253456234,0.003669724770641869,-0.003957362609306014,0,1.035562059644831,-0.0003008047809842561
2013-04-02,0.0306337960002665,0.03066914498141249,-0.03016453382084094,0.004934315924383093,0,1.067285256525606,-0.0003008047809842561
2013-04-03,-0.0334079509919375,-0.03336339044183945,0.03487276154571162,-0.01013901288101005,0,1.031629442981181,-0.0003008047809842561
2013-04-04,0.01768754277720275,0.01772388059701502,-0.01730418943533707,0.00405849384783874,0,1.049876432884133,-0.0003008047809842561
2013-04-05,-0.003706642138429861,-0.003666361136572038,0.003707136237256936,-0.004491210060310613,0,1.04598491665786,-0.0003008047809842561
2013-04-08,0.02756817110443777,0.02759889604415844,-0.02770083102493093,0.006767208043310102,0,1.074820807812945,-0.0003008047809842561
2013-04-09,0.01339610052778339,0.01342882721575633,-0.01424501424501401,0.003456884962550255,0,1.089219215403761,-0.0003008047809842561
2013-04-10,0.02294056925325805,0.0229681978798586,-0.02504816955684008,0.01224880382775106,0,1.11420652424671,-0.0003008047809842561
2013-04-11,0.002557039501881242,0.002590673575129543,-0.002964426877470339,0.003277242074746445,0,1.117055594342462,-0.0003008047809842561
2013-04-12,0.01547623436367163,0.01550387596899228,-0.01783944499504453,-0.002449902632074785,0,1.134343408517757,-0.0003008047809842561
2013-04-15,-0.09761947945068561,-0.09754028837998296,0.1160443995963674,-0.02317380352644838,0,1.023609395459937,-0.0003008047809842561
2013-04-16,0.07989048794400833,0.07988721804511245,-0.0768535262206147,0.0147627643115007,0,1.105386049527303,-0.0003008047809842561
2013-04-17,-0.1036610333795994,-0.103568320278503,0.1165523996082272,-0.01461152404548616,0,0.9908005893499097,-0.0003008047809842561
2013-04-18,-0.04667655624082989,-0.04660194174757282,0.04210526315789465,-0.006253626458642469,0,0.9445534299176712,-0.0003008047809842561
2013-04-19,0.08657373875083829,0.08655804480651752,-0.07154882154882169,0.008693395614376653,0,1.026326951795572,-0.0003008047809842561
2013-04-22,0.02153027363622106,0.02155576382380509,-0.0208522212148684,0.004437869822485174,0,1.048424051907959,-0.0003008047809842561
2013-04-23,0.05137516964366706,0.05137614678899083,-0.05185185185185182,0.01030927835051565,0,1.102287015433232,-0.0003008047809842561
2013-04-24,-0.002655243169297883,-0.002617801047120394,0.0029296875,0.0006337938902267748,0,1.099360175364897,-0.0003008047809842561
2013-04-25,-0.009667038421054541,-0.009623797025371861,0.0107108081791627,0.004053711679756766,0,1.088732618311067,-0.0003008047809842561
2013-04-26,-3.641751360639045e-05,0,0,-0.001766338632349207,0,1.088692969376126,-0.0003008047809842561
2013-04-29,0.004384365193009776,0.004416961130741859,-0.004816955684007751,0.006698685540950544,0,1.093466196936933,-0.0003008047809842561
2013-04-30,0.0096471846797066,0.009674582233949014,-0.01064859632139381,0.002385436283741438,0,1.1040150672798,-0.0003008047809842561
2013-05-01,-0.04257125949674601,-0.04248353312132236,0.04403131115459868,-0.008767535070140275,0,1.057015755362315,-0.0003319934686625342
2013-05-02,0.03614010946950819,0.03618090452261291,-0.03373945641986875,0.009287338893100738,0,1.095216420472104,-0.0003319934686625342
2013-05-03,0.02324073408852279,0.02327837051406401,-0.02327837051406378,0.01014084507042257,0,1.120670054069679,-0.0003319934686625342
2013-05-06,0.01607787378963343,0.01611374407582944,-0.01688182720953335,0.002540744872033152,0,1.138688045758834,-0.0003319934686625342
2013-05-07,0.008360213854148535,0.008395522388059629,-0.00909090909090926,0.005068611694894365,0,1.14820772133454,-0.0003319934686625342
2013-05-08,-0.007438017999480406,-0.007400555041628176,0.008154943934760794,0.004551045510455154,0,1.139667331636111,-0.0003319934686625342
2013-05-09,-0.01681588778308063,-0.01677539608574097,0.01820020222446916,-0.002816211583200778,0,1.120502813677275,-0.0003319934686625342
2013-05-10,0.01039151080095979,0.01042654028435996,-0.01092353525322742,0.003253929273084433,0,1.132146530768109,-0.0003319934686625342
2013-05-13,0.005593167630735252,0.005628517823639934,-0.006024096385542133,0.0007955449482894839,0,1.13847881609725,-0.0003319934686625342
2013-05-14,0.008361750294432424,0.008395522388059629,-0.00909090909090926,0.01033386327503982,0,1.147998491672956,-0.0003319934686625342
2013-05-15,-0.007439373623203016,-0.007400555041628176,0.008154943934760794,0.005386431035526273,0,1.139458101974528,-0.0003319934686625342
2013-05-16,-0.009360138071415669,-0.009319664492078217,0.01011122345803805,-0.004695400915001202,0,1.128792616813453,-0.0003319934686625342
2013-05-17,0.02537412056292232,0.02539981185324547,-0.02702702702702686,0.009677029152050265,0,1.157434736763014,-0.0003319934686625342
2013-05-20,-0.01380351173841909,-0.01376146788990806,0.01543209876543195,-5.990176111170253e-05,0,1.141458072787652,-0.0003319934686625342
2013-05-21,-0.008412943037058973,-0.008372093023256033,0.009118541033434902,0.001437728389145132,0,1.131855051042098,-0.0003319934686625342
2013-05-22,-0.008484656368161758,-0.008442776735459456,0.009036144578313143,-0.007417598851468421,0,1.122251649875438,-0.0003319934686625342
2013-05-23,-0.007610950261463412,-0.007568590350047422,0.007960199004974911,-0.002892786114626733,0,1.113710248387391,-0.0003319934686625342
2013-05-24,0.0009155641224491973,0.0009532888465206835,-0.0009871668311943749,-0.0008461770927772339,0,1.114729921533618,-0.0003319934686625342
2013-05-28,0.02569373203640812,0.0257142857142858,-0.02667984189723338,0.005988748412074418,0,1.14337149343047,-0.0003319934686625342
2013-05-29,-0.01490293507027085,-0.01485608170844954,0.01624365482233503,-0.006494287432351253,0,1.126331902302677,-0.0003319934686625342
2013-05-30,0.001848973767411888,0.001885014137606111,-0.001998001998002041,0.003692046967679552,0,1.128414460443433,-0.0003319934686625342
2013-05-31,-0.03204762647153114,-0.03198494825964249,0.03403403403403416,-0.0143520472773323,0,1.092251455310068,-0.0003319934686625342
2013-06-03,0.002871150560743718,0.002911685161329114,-0.002904162633107443,0.005506271030896404,0,1.095387473688455,-0.0003310532598408066
2013-06-04,-0.01357920011194191,-0.01353965183752392,0.01359223300970869,-0.004806814724672925,0,1.080512987983125,-0.0003310532598408066
2013-06-05,-0.04219923061063435,-0.04215686274509811,0.04118773946360132,-0.01400097823428703,0,1.034916171225439,-0.0003310532598408066
2013-06-06,0.01121576723761786,0.01125895598771742,-0.01011959521619121,0.009053140695727491,0,1.04652355011235,-0.0003310532598408066
2013-06-07,0.05057056588259567,0.05060728744939258,-0.04646840148698883,0.01272045719904158,0,1.099446838250995,-0.0003310532598408066
2013-06-10,-3.902410948648154,-3.901734104046242,3.947368421052631,0,0,-3.191046540796283,0
2013-06-11,0,0,0.06323877068557904,-0.0103155339805826,0,-3.191046540796283,0
2013-06-12,0,0,0.06003335186214587,-0.008277130594727122,0,-3.191046540796283,0
2013-06-13,0,0,-0.04824331410592564,0.01520865533230298,0,-3.191046540796283,0
2013-06-14,0,0,0.02754820936639124,-0.006272456001461535,0,-3.191046540796283,0
2013-06-17,0,0,-0.01823056300268111,0.00772153450177715,0,-3.191046540796283,0
2013-06-18,0,0,-0.01492809029674136,0.007905619070785797,0,-3.191046540796283,0
2013-06-19,0,0,0,-0.01381682152769415,0,-3.191046540796283,0
2013-06-20,0,0,0.1179079652559603,-0.02477821963903326,0,-3.191046540796283,0
2013-06-21,0,0,-0.03984129608199705,-0.002070263488080371,0,-3.191046540796283,0
2013-06-24,0,0,0.06146694214876036,-0.01263594643867472,0,-3.191046540796283,0
2013-06-25,0,0,-0.03049472830494715,0.009677830128613341,0,-3.191046540796283,0
2013-06-26,0,0,-0.02375773799565006,0.009837306091562414,0,-3.191046540796283,0
2013-06-27,0,0,-0.03753213367609265,0.005869863869114589,0,-3.191046540796283,0
2013-06-28,0,0,-0.00445156695156701,-0.004097342935187598,0,-3.191046540796283,0
2013-07-01,0,0,-0.0332677517438742,0.005859618501433905,0,-3.191046540796283,0
2013-07-02,0,0,0.01387604070305271,-0.0009295984134853885,0,-3.191046540796283,0
2013-07-03,0,0,-0.01240875912408745,0.0004342162396873128,0,-3.191046540796283,0
2013-07-05,0,0,-0.04933481152993335,0.01078869047619047,0,-3.191046540796283,0
2013-07-08,0,0,-0.04723032069970845,0.005704821494294965,0,-3.191046540796283,0
2013-07-09,0,0,-0.02121583027335783,0.007197316254955899,0,-3.191046540796283,0
2013-07-10,0,0,-0.008336807002917945,0.0003633500878095219,0,-3.191046540796283,0
2013-07-11,0,0,-0.02900378310214358,0.01362067921787036,0,-3.191046540796283,0
2013-07-12,0,0,0.01082251082251062,0.0004180602006689238,0,-3.191046540796283,0
2013-07-15,0,0,-0.02269807280513914,0.003880365351322412,0,-3.191046540796283,0
2013-07-16,0,0,0.02804557405784402,-0.003746431969552821,0,-3.191046540796283,0
2013-07-17,0,0,-0.03580562659846565,0.002507013669193592,0,-3.191046540796283,0
2013-07-18,0,0,-0.01679929266136171,0.005477820779994147,0,-3.191046540796283,0
2013-07-19,0,0,-0.02090827338129486,0.001776514478592839,0,-3.191046540796283,0
2013-07-22,0,0,-0.02181400688863366,0.001950700478808409,0,-3.191046540796283,0
2013-07-23,0,0,-0.004225352112676051,-0.002123893805309862,0,-3.191046540796283,0
2013-07-24,0,0,0.01178689297501179,-0.003665602459500872,0,-3.191046540796283,0
2013-07-25,0,0,-0.02329916123019582,0.002432945644433859,0,-3.191046540796283,0
2013-07-26,0,0,-0.005009541984732913,0.001065530101225454,0,-3.191046540796283,0
2013-07-29,0,0,0.01246703428434448,-0.003074921648631102,0,-3.191046540796283,0
2013-07-30,0,0,-0.0184702817901965,0,0,-3.191046540796283,0
2013-07-31,0,0,-0.02147165259348605,0.0007117859896790257,0,-3.191046540796283,0
2013-08-01,0,0,-0.0315581854043393,0.01155829529962649,0,-3.191046540796283,0
2013-08-02,0,0,-0.02596741344195541,0.00169928512832529,0,-3.191046540796283,0
2013-08-05,0,0,-0.01228437009932037,-0.001462415911085091,0,-3.191046540796283,0
2013-08-06,0,0,0.02990209050013237,-0.005682483889865253,0,-3.191046540796283,0
2013-08-07,0,0,0.01233299075025673,-0.003240440699935121,0,-3.191046540796283,0
2013-08-08,0,0,-0.01573604060913691,0.003664735784371764,0,-3.191046540796283,0
2013-08-09,0,0,0.01315110881897885,-0.002885747938751515,0,-3.191046540796283,0
2013-08-12,0,0,-0.006108424535505197,-0.001181265134959419,0,-3.191046540796283,0
2013-08-13,0,0,-0.01024327784891155,0.002956655431376021,0,-3.191046540796283,0
2013-08-14,0,0,0.0111254851228979,-0.005129414539237098,0,-3.191046540796283,0
2013-08-15,0,0,0.04938587512794257,-0.01398601398601407,0,-3.191046540796283,0
2013-08-16,0,0,-0.01633747866374036,-0.003305685779540712,0,-3.191046540796283,0
2013-08-19,0,0,0.02776400594942952,-0.006392088283181607,0,-3.191046540796283,0
2013-08-20,0,0,-0.01254220935841766,0.004915943436305081,0,-3.191046540796283,0
2013-08-21,0,0,0.01856375183194925,-0.006160164271047264,0,-3.191046540796283,0
2013-08-22,0,0,-0.0247002398081535,0.009115216334467657,0,-3.191046540796283,0
2013-08-23,0,0,-0.01967051880993387,0.003372275081295895,0,-3.191046540796283,0
2013-08-26,0,0,0.03310759969902199,-0.003721041891729726,0,-3.191046540796283,0
2013-08-27,0,0,0.0801165331391116,-0.01608433734939752,0,-3.191046540796283,0
2013-08-28,0,0,-0.003821083389525692,0.003551092879446438,0,-3.191046540796283,0
2013-08-29,0,0,0.02301444043321288,0.001586236349216064,0,-3.191046540796283,0
2013-08-30,0,0,0.01124834583149537,-0.003167448376682591,0,-3.191046540796283,0
2013-09-03,0,0,-0.03860414394765543,0.004521845401771918,0,-3.191046540796283,0
2013-09-04,0,0,-0.002495462794918302,0.008273009307135482,0,-3.191046540796283,0
2013-09-05,0,0,-0.02228792358426201,0.001266968325791984,0,-3.191046540796283,0
2013-09-06,0,0,0.008606652709932661,0.0004820438659915993,0,-3.191046540796283,0
2013-09-09,0,0,-0.03897601476014756,0.009576005781739338,0,-3.191046540796283,0
2013-09-10,0,0,-0.03671706263498931,0.00739724393008423,0,-3.191046540796283,0
2013-09-11,0,0,-0.03163926258096661,0.003138508912180926,0,-3.191046540796283,0
2013-09-12,0,0,0.01775147928994114,-0.002656434474616387,0,-3.191046540796283,0
2013-09-13,0,0,-0.01541961577350881,0.002249186149748672,0,-3.191046540796283,0
2013-09-16,0,0,-0.01052631578947361,0.005787515502273521,0,-3.191046540796283,0
2013-09-17,0,0,-0.01037882719252736,0.004462450824966213,0,-3.191046540796283,0
2013-09-18,0,0,-0.03723125327739896,0.01157420938797005,0,-3.191046540796283,0
2013-09-19,0,0,-0.005174291938997655,-0.001675816238081551,0,-3.191046540796283,0
2013-09-20,0,0,0.016972351491924,-0.01180828895577679,0,-3.191046540796283,0
2013-09-23,0,0,0.01318977119784681,-0.004627460168697195,0,-3.191046540796283,0
2013-09-24,0,0,-0.004516471838469704,-0.002353910433708029,0,-3.191046540796283,0
2013-09-25,0,0,-0.002668801708033186,-0.002890343891936542,0,-3.191046540796283,0
2013-09-26,0,0,-0.0198019801980196,0.003845243729294845,0,-3.191046540796283,0
2013-09-27,0,0,0.04149604149604125,-0.004596617361070199,0,-3.191046540796283,0
2013-09-30,0,0,0.03407601572739205,-0.00532828133325447,0,-3.191046540796283,0
2013-10-01,0,0,-0.03396704689480357,0.007916195464555686,0,-3.191046540796283,0
2013-10-02,0,0,0.03175019679874058,-0.0009448446911538566,0,-3.191046540796283,0
2013-10-03,0,0,0.03687690742624627,-0.009220948102612647,0,-3.191046540796283,0
2013-10-04,0,0,-0.008830022075055233,0.007576661496241366,0,-3.191046540796283,0
2013-10-07,0,0,0.07795100222717166,-0.008644679969210589,0,-3.191046540796283,0
2013-10-08,0,0,0.04591368227731851,-0.01164665830496336,0,-3.191046540796283,0
2013-10-09,0,0,-0.03380158033362601,0.0007251631617113397,0,-3.191046540796283,0
2013-10-10,0,0,-0.09791004089050437,0.02155797101449264,0,-3.191046540796283,0
2013-10-11,0,0,-0.01888693024427091,0.006443222793639514,0,-3.191046540796283,0
2013-10-14,0,0,0.01052361396303891,0.003993891695054597,0,-3.191046540796283,0
2013-10-15,0,0,0.06096012192024403,-0.007254007254007266,0,-3.191046540796283,0
2013-10-16,0,0,-0.1163514484079483,0.01396582203889229,0,-3.191046540796283,0
2013-10-17,0,0,-0.05499864535356258,0.006683326553146962,0,-3.191046540796283,0
2013-10-18,0,0,-0.01118119266055051,0.006754416349151304,0,-3.191046540796283,0
2013-10-21,0,0,0.004349086691794568,5.734273754232078e-05,0,-3.191046540796283,0
2013-10-22,0,0,0.006062355658198681,0.005791284403669605,0,-3.191046540796283,0
2013-10-23,0,0,0.005738880918220834,-0.004788780571233109,0,-3.191046540796283,0
2013-10-24,0,0,-0.01512125534950071,0.003322449447213272,0,-3.191046540796283,0
2013-10-25,0,0,-0.002027809965237326,0.00456751355980578,0,-3.191046540796283,0
2013-10-28,0,0,0.004063860667634422,0.001591361182154083,0,-3.191046540796283,0
2013-10-29,0,0,-0.007805724197745167,0.005333938602962052,0,-3.191046540796283,0
2013-10-30,0,0,0.01340326340326325,-0.004966980865835025,0,-3.191046540796283,0
2013-10-31,0,0,-0.004887866589994183,-0.002836235747915361,0,-3.191046540796283,0
2013-11-01,0,0,-0.005778676683039663,0.002389214403549778,0,-3.191046540796283,0
2013-11-04,0,0,-0.02644580063934898,0.003518529027864536,0,-3.191046540796283,0
2013-11-05,0,0,-0.002985074626865813,-0.00316688344737881,0,-3.191046540796283,0
2013-11-06,0,0,-0.01526946107784433,0.005105803596754832,0,-3.191046540796283,0
2013-11-07,0,0,0.03557312252964451,-0.01264322402212559,0,-3.191046540796283,0
2013-11-08,0,0,-0.04315913094539059,0.01349111073000619,0,-3.191046540796283,0
2013-11-11,0,0,-0.003375268487266325,0.0001692142816853703,0,-3.191046540796283,0
2013-11-12,0,0,-0.0006157635467980427,-0.002030227836679388,0,-3.191046540796283,0
2013-11-13,0,0,-0.005237215033887854,0.008024412296564032,0,-3.191046540796283,0
2013-11-14,0,0,-0.01083926912356759,0.004989348581679653,0,-3.191046540796283,0
2013-11-15,0,0,-0.01346274264245451,0.00435097897026826,0,-3.191046540796283,0
2013-11-18,0,0,0.0006347191367819249,-0.003499028047764696,0,-3.191046540796283,0
2013-11-19,0,0,0.0117348556929906,-0.002173670716753895,0,-3.191046540796283,0
2013-11-20,0,0,-0.02006269592476451,-0.003127967379768726,0,-3.191046540796283,0
2013-11-21,0,0,-0.0335892514395395,0.008068582955118586,0,-3.191046540796283,0
2013-11-22,0,0,-0.01456471367096979,0.005002501250625402,0,-3.191046540796283,0
2013-11-25,0,0,0.004366812227073913,-0.0009955201592832807,0,-3.191046540796283,0
2013-11-26,0,0,0.004013377926421757,0.0002768089464653123,0,-3.191046540796283,0
2013-11-27,0,0,0.001665556295802784,0.002435244631392441,0,-3.191046540796283,0
2013-11-29,0,0,0.01197206518124361,-0.0006625441696113121,0,-3.191046540796283,0
2013-12-02,0,0,0.008215576733486829,-0.002596685082872918,0,-3.191046540796283,0
2013-12-03,0,0,0.02477183833116037,-0.00432061153270924,0,-3.191046540796283,0
2013-12-04,0,0,-0.01113231552162841,-0.0001112656467315842,0,-3.191046540796283,0
2013-12-05,0,0,0.008041170794467645,-0.004395482112056981,0,-3.191046540796283,0
2013-12-06,0,0,-0.03573707721761332,0.0111769308147982,0,-3.191046540796283,0
2013-12-09,0,0,-0.008272667107875664,0.002542279208577414,0,-3.191046540796283,0
2013-12-10,0,0,0.005338672005338552,-0.003583241455347275,0,-3.191046540796283,0
2013-12-11,0,0,0.04613342183869906,-0.01123098201936379,0,-3.191046540796283,0
2013-12-12,0,0,0.004758883248730861,-0.003301253357206768,0,-3.191046540796283,0
2013-12-13,0,0,0.001894537417114206,-0.0001122775501037898,0,-3.191046540796283,0
2013-12-16,0,0,0.001575795776867173,0.006232103756105722,0,-3.191046540796283,0
2013-12-17,0,0,-0.004405286343612369,-0.003180448610646147,0,-3.191046540796283,0
2013-12-18,0,0,-0.06984829329962083,0.01707248810523354,0,-3.191046540796283,0
2013-12-19,0,0,0.01087325857968091,-0.001155751238304803,0,-3.191046540796283,0
2013-12-20,0,0,0.004705882352941115,0.0003856961816077753,0,-3.191046540796283,0
2013-12-23,0,0,-0.03512880562060894,0.0053425864727914,0,-3.191046540796283,0
2013-12-24,0,0,-0.02045769764216365,0.002191420588396387,0,-3.191046540796283,0
2013-12-26,0,0,-0.01805309734513272,0.005083911878860814,0,-3.191046540796283,0
2013-12-27,0,0,0.01297764960346059,-5.438920918099388e-05,0,-3.191046540796283,0
2013-12-30,0,0,0.01672597864768699,-0.000163176502583684,0,-3.191046540796283,0
2013-12-31,0,0,-0.001400070003500176,0.004732890871504747,0,-3.191046540796283,0
2014-01-02,0,0,0.02032947774272675,-0.009583626617575502,0,-3.191046540796283,0
2014-01-03,0,0,-0.006526966678117363,-0.0001640061228952439,0,-3.191046540796283,0
2014-01-06,0,0,-0.01244813278008305,-0.00289791678057838,0,-3.191046540796283,0
2014-01-07,0,0,-0.0220588235294118,0.006141697740732477,0,-3.191046540796283,0
2014-01-08,0,0,0.001790189760114691,0.0002180074122521969,0,-3.191046540796283,0
2014-01-09,0,0,0.001786990707648206,0.0006538796861377261,0,-3.191046540796283,0
2014-01-10,0,0,-0.02354620049946499,0.002722718362012655,0,-3.191046540796283,0
2014-01-13,0,0,0.0350748995250274,-0.01330509395025514,0,-3.191046540796283,0
2014-01-14,0,0,-0.04059301094246381,0.01089768286642068,0,-3.191046540796283,0
2014-01-15,0,0,0.005518763796909409,0.005390101813034232,0,-3.191046540796283,0
2014-01-16,0,0,0.004756677643615204,-0.001299685909238679,0,-3.191046540796283,0
2014-01-17,0,0,0.0003641660597233365,-0.004229476195640403,0,-3.191046540796283,0
2014-01-21,0,0,-0.01201310520567889,0.002940535830973756,0,-3.191046540796283,0
2014-01-22,0,0,-0.01473839351510686,0.0006515365403410023,0,-3.191046540796283,0
2014-01-23,0,0,0.02580403889304406,-0.00819316332067288,0,-3.191046540796283,0
2014-01-24,0,0,0.09150565074735706,-0.02133595929755461,0,-3.191046540796283,0
2014-01-27,0,0,0.0153640614562458,-0.004919224104198094,0,-3.191046540796283,0
2014-01-28,0,0,-0.0424342105263158,0.005954721644851446,0,-3.191046540796283,0
2014-01-29,0,0,0.06767433871521811,-0.009605182330931994,0,-3.191046540796283,0
2014-01-30,0,0,-0.01576576576576583,0.01060050747110242,0,-3.191046540796283,0
2014-01-31,0,0,0.07943772474664934,-0.00585839424203527,0,-3.191046540796283,0
2014-02-03,0,0,0.07177468201090242,-0.02250533168705815,0,-3.191046540796283,0
2014-02-04,0,0,-0.01977959875671109,0.007004650628696041,0,-3.191046540796283,0
2014-02-05,0,0,0.03660997405592381,-0.001254347454244797,0,-3.191046540796283,0
2014-02-06,0,0,-0.09983314794215803,0.01318718958725817,0,-3.191046540796283,0
2014-02-07,0,0,-0.0593141797961072,0.01239576290286237,0,-3.191046540796283,0
2014-02-10,0,0,-0.001642036124794966,0.001836598397150446,0,-3.191046540796283,0
2014-02-11,0,0,-0.03684210526315768,0.01094383645353036,0,-3.191046540796283,0
2014-02-12,0,0,-0.02151639344262324,0.0004945598417409602,0,-3.191046540796283,0
2014-02-13,0,0,-0.008376963350785305,0.005162849453506979,0,-3.191046540796283,0
2014-02-14,0,0,-0.01513551566349858,0.005518824107972442,0,-3.191046540796283,0
2014-02-18,0,0,-0.01358112937812728,0.001195522225845069,0,-3.191046540796283,0
2014-02-19,0,0,0.0684782608695651,-0.006621797655232298,0,-3.191046540796283,0
2014-02-20,0,0,-0.03730077992539849,0.005900994426838446,0,-3.191046540796283,0
2014-02-21,0,0,0.01021486438886932,-0.001140684410646409,0,-3.191046540796283,0
2014-02-24,0,0,-0.006624825662482459,0.005546794279188694,0,-3.191046540796283,0
2014-02-25,0,0,-0.001053001053001101,-0.0003785625439403084,0,-3.191046540796283,0
2014-02-26,0,0,0.01300070274068865,5.41008439731705e-05,0,-3.191046540796283,0
2014-02-27,0,0,-0.003121748178980144,0.005247497971328174,0,-3.191046540796283,0
2014-02-28,0,0,0.01635351426583154,0.002529329458615948,0,-3.191046540796283,0
2014-03-03,0,0,0.0561451557685726,-0.007032046808739034,0,-3.191046540796283,0
2014-03-04,0,0,-0.06353322528363059,0.0140555735755219,0,-3.191046540796283,0
2014-03-05,0,0,-0.001730702665282191,0.0009062799872054939,0,-3.191046540796283,0
2014-03-06,0,0,-0.00554785020804438,0.002290279627163772,0,-3.191046540796283,0
2014-03-07,0,0,0.02126917712691778,0.0004251248804334473,0,-3.191046540796283,0
2014-03-10,0,0,-0.004779788323659995,-0.0005311802825879175,0,-3.191046540796283,0
2014-03-11,0,0,0.01303602058319053,-0.004942602040816313,0,-3.191046540796283,0
2014-03-12,0,0,0,0.0002670512204241415,0,-3.191046540796283,0
2014-03-13,0,0,0.04063664070436857,-0.01121315677061085,0,-3.191046540796283,0
2014-03-14,0,0,0.02831109664822651,-0.002808078626201582,0,-3.191046540796283,0
2014-03-17,0,0,-0.04715189873417736,0.009043647785118791,0,-3.191046540796283,0
2014-03-18,0,0,-0.03885752241780138,0.007137873665002958,0,-3.191046540796283,0
2014-03-19,0,0,0.01900483759502425,-0.005328786102525851,0,-3.191046540796283,0
2014-03-20,0,0,-0.005764665988470585,0.005839494267652512,0,-3.191046540796283,0
2014-03-21,0,0,0.00716234652114589,-0.008255659121171877,0,-3.191046540796283,0
2014-03-24,0,0,0.002031832035218395,-0.004135338345864548,0,-3.191046540796283,0
2014-03-25,0,0,-0.01284217641094976,0.004745726150029661,0,-3.191046540796283,0
2014-03-26,0,0,0.01780212256076696,-0.007192313885459711,0,-3.191046540796283,0
2014-03-27,0,0,-0.01278170198452744,-0.002108450018921904,0,-3.191046540796283,0
2014-03-28,0,0,-0.01124361158432707,0.00493011160472423,0,-3.191046540796283,0
2014-03-31,0,0,-0.03170227429359063,0.008194511833521823,0,-3.191046540796283,0
2014-04-01,0,0,-0.03274021352313172,0.006630661461954013,0,-3.191046540796283,0
2014-04-02,0,0,0.007726269315673218,0.003346613545816668,0,-3.191046540796283,0
2014-04-03,0,0,-0.001460387002555574,-0.00132359169843288,0,-3.191046540796283,0
2014-04-04,0,0,0.0197440585009141,-0.01182208556433229,0,-3.191046540796283,0
2014-04-07,0,0,0.02330584438866978,-0.01105150214592276,0,-3.191046540796283,0
2014-04-08,0,0,-0.01892081289418346,0.004122816534664064,0,-3.191046540796283,0
2014-04-09,0,0,-0.02500000000000002,0.01075094543490018,0,-3.191046540796283,0
2014-04-10,0,0,0.06080586080586059,-0.02105938318456357,0,-3.191046540796283,0
2014-04-11,0,0,0.03038674033149169,-0.008954408954409021,0,-3.191046540796283,0
2014-04-14,0,0,-0.008378016085790807,0.007878353809707583,0,-3.191046540796283,0
2014-04-15,0,0,-0.01182832037850634,0.006887504099704733,0,-3.191046540796283,0
2014-04-16,0,0,-0.03556771545827631,0.01047774158523351,0,-3.191046540796283,0
2014-04-17,0,0,-0.01453900709219869,0.001396873153172384,0,-3.191046540796283,0
2014-04-21,0,0,-0.0183519251529326,0.003487311551048977,0,-3.191046540796283,0
2014-04-22,0,0,-0.002199413489736179,0.004544482463644028,0,-3.191046540796283,0
2014-04-23,0,0,0.004408523144746601,-0.002341795731545027,0,-3.191046540796283,0
2014-04-24,0,0,0.01207022677395764,0.002027207255268282,0,-3.191046540796283,0
2014-04-25,0,0,0.007228044813877954,-0.008198903263589519,0,-3.191046540796283,0
2014-04-28,0,0,-0.02224614280588455,0.003167105051264274,0,-3.191046540796283,0
2014-04-29,0,0,-0.01798165137614671,0.004655393835616417,0,-3.191046540796283,0
2014-04-30,0,0,0.001868460388639637,0.002982689747003997,0,-3.191046540796283,0
2014-05-01,0,0,-0.0007459903021260761,0.0001062078487601426,0,-3.191046540796283,0
2014-05-02,0,0,-0.004106009705113989,-0.001433653692985759,0,-3.191046540796283,0
2014-05-05,0,0,-0.01236881559220371,0.001914282675741674,0,-3.191046540796283,0
2014-05-06,0,0,0.006451612903225712,-0.008703959239995673,0,-3.191046540796283,0
2014-05-07,0,0,-0.01923076923076905,0.005889281507656108,0,-3.191046540796283,0
2014-05-08,0,0,0.003460207612456578,-0.001064509261230473,0,-3.191046540796283,0
2014-05-09,0,0,-0.02337164750957854,0.001491901108269467,0,-3.191046540796283,0
2014-05-12,0,0,-0.02942330325617881,0.009736114066822621,0,-3.191046540796283,0
2014-05-13,0,0,0.003233629749393563,0.000895726855998813,0,-3.191046540796283,0
2014-05-14,0,0,-0.00523771152296526,-0.004737839545167488,0,-3.191046540796283,0
2014-05-15,0,0,0.009720534629404698,-0.008780281392150591,0,-3.191046540796283,0
2014-05-16,0,0,-0.02326514239871647,0.003468516542155742,0,-3.191046540796283,0
2014-05-19,0,0,-0.01149897330595484,0.003669236905078366,0,-3.191046540796283,0
2014-05-20,0,0,-0.009555463232239214,-0.006304969799724502,0,-3.191046540796283,0
2014-05-21,0,0,-0.01552013422818799,0.008424420154625301,0,-3.191046540796283,0
2014-05-22,0,0,0.0004260758414997845,0.002432189499286252,0,-3.191046540796283,0
2014-05-23,0,0,-0.009369676320272635,0.004008650245266088,0,-3.191046540796283,0
2014-05-27,0,0,-0.02880481513327604,0.006146572104019032,0,-3.191046540796283,0
2014-05-28,0,0,-0.003098716246126676,-0.0007309941520469154,0,-3.191046540796283,0
2014-05-29,0,0,-0.005328596802841923,0.005172954331696067,0,-3.191046540796283,0
2014-05-30,0,0,-0.0008928571428571397,0.001611477881166445,0,-3.191046540796283,0
2014-06-02,0,0,-0.006255585344057346,0.00114178949553656,0,-3.191046540796283,0
2014-06-03,0,0,0.004496402877697925,-0.0005184033177811909,0,-3.191046540796283,0
2014-06-04,0,0,-0.01029543419874657,0.002022821576763478,0,-3.191046540796283,0
2014-06-05,0,0,-0.03753957485300763,0.006522076712045077,0,-3.191046540796283,0
2014-06-06,0,0,-0.05028195488721809,0.004782720493700321,0,-3.191046540796283,0
2014-06-09,0,0,0.01434933201385458,0.001023646227863662,0,-3.191046540796283,0
2014-06-10,0,0,-0.01756097560975611,0.0001022599447795258,0,-3.191046540796283,0
2014-06-11,0,0,0.02284011916583895,-0.003476482617586929,0,-3.191046540796283,0
2014-06-12,0,0,0.04757281553398052,-0.007079827621588319,0,-3.191046540796283,0
2014-06-13,0,0,-0.01807228915662629,0.003048465433502123,0,-3.191046540796283,0
2014-06-16,0,0,-0.001415762151958488,0.0008241899757894799,0,-3.191046540796283,0
2014-06-17,0,0,-0.03402646502835538,0.002779350455504703,0,-3.191046540796283,0
2014-06-18,0,0,-0.052348336594912,0.007339732074115757,0,-3.191046540796283,0
2014-06-19,0,0,0.002581311306143697,0.001120961989198088,0,-3.191046540796283,0
2014-06-20,0,0,0.01544799176107081,-0.002748371335504873,0,-3.191046540796283,0
2014-06-23,0,0,-0.02535496957403638,-0.0003062161886291381,0,-3.191046540796283,0
2014-06-24,0,0,0.03590010405827249,-0.006024096385542244,0,-3.191046540796283,0
2014-06-25,0,0,-0.03766951280763431,0.00451977401129966,0,-3.191046540796283,0
2014-06-26,0,0,0.01304801670146127,-0.0007158196134574579,0,-3.191046540796283,0
2014-06-27,0,0,-0.007727975270479082,0.001944330740892397,0,-3.191046540796283,0
2014-06-30,0,0,-0.01194184839044643,-0.0005106730671023962,0,-3.191046540796283,0
2014-07-01,0,0,-0.0246978455070942,0.006693235234007888,0,-3.191046540796283,0
2014-07-02,0,0,-0.00969827586206895,0.001015073846622361,0,-3.191046540796283,0
2014-07-03,0,0,-0.01523394994559291,0.004918115905288234,0,-3.191046540796283,0
2014-07-07,0,0,0.02044198895027605,-0.003481331987891023,0,-3.191046540796283,0
2014-07-08,0,0,0.01786681104493781,-0.006430054174472066,0,-3.191046540796283,0
2014-07-09,0,0,-0.0212765957446811,0.004484304932735439,0,-3.191046540796283,0
2014-07-10,0,0,0.0364130434782608,-0.003956980519480569,0,-3.191046540796283,0
2014-07-11,0,0,-0.01258521237545884,0.001375165529184041,0,-3.191046540796283,0
2014-07-14,0,0,-0.02761550716941052,0.005035349168404313,0,-3.191046540796283,0
2014-07-15,0,0,0.0174767886400875,-0.001872469635627594,0,-3.191046540796283,0
2014-07-16,0,0,-0.02469135802469125,0.003701262485423129,0,-3.191046540796283,0
2014-07-17,0,0,0.09796367638965298,-0.01136593251161855,0,-3.191046540796283,0
2014-07-18,0,0,-0.07067669172932323,0.0102192018803331,0,-3.191046540796283,0
2014-07-21,0,0,0.02588996763754037,-0.001871427848869622,0,-3.191046540796283,0
2014-07-22,0,0,-0.02103049421661418,0.004357960879699974,0,-3.191046540796283,0
2014-07-23,0,0,0.009129967776584147,0.002219979818365303,0,-3.191046540796283,0
2014-07-24,0,0,-0.006386375731772032,5.034232782930026e-05,0,-3.191046540796283,0
2014-07-25,0,0,0.02838778789501872,-0.004681600805436781,0,-3.191046540796283,0
2014-07-28,0,0,-0.004166666666666652,0.0004046125834513692,0,-3.191046540796283,0
2014-07-29,0,0,-0.003661087866108859,-0.004297269969666395,0,-3.191046540796283,0
2014-07-30,0,0,0.01784776902887142,0.0001523229246001012,0,-3.191046540796283,0
2014-07-31,0,0,0.08612686952037119,-0.01974819778657722,0,-3.191046540796283,0
2014-08-01,0,0,0.0474833808167141,-0.003055569941478042,0,-3.191046540796283,0
2014-08-04,0,0,-0.04623753399818675,0.007220779220779239,0,-3.191046540796283,0
2014-08-05,0,0,0.07081749049429686,-0.009696219505905379,0,-3.191046540796283,0
2014-08-06,0,0,0.004438526409231924,0.0003124837248060786,0,-3.191046540796283,0
2014-08-07,0,0,0.02076889085285027,-0.005414692560004153,0,-3.191046540796283,0
2014-08-08,0,0,-0.04025974025974022,0.01156886352928854,0,-3.191046540796283,0
2014-08-11,0,0,-0.04149751917004973,0.002897950734837451,0,-3.191046540796283,0
2014-08-12,0,0,-0.007529411764706118,-0.001393188854489247,0,-3.191046540796283,0
2014-08-13,0,0,-0.05405405405405406,0.006768976386090086,0,-3.191046540796283,0
2014-08-14,0,0,-0.0345864661654135,0.004721823034284478,0,-3.191046540796283,0
2014-08-15,0,0,0.001038421599169448,-0.0002043318348998735,0,-3.191046540796283,0
2014-08-18,0,0,-0.03890041493775931,0.008379317392193109,0,-3.191046540796283,0
2014-08-19,0,0,-0.01025364274150053,0.005218889339278387,0,-3.191046540796283,0
2014-08-20,0,0,0.007633587786259666,0.002671505620242876,0,-3.191046540796283,0
2014-08-21,0,0,0.002705627705627878,0.002915745023124972,0,-3.191046540796283,0
2014-08-22,0,0,-0.003777657852131688,-0.001553884711779419,0,-3.191046540796283,0
2014-08-25,0,0,-0.01083423618634893,0.005070535669461362,0,-3.191046540796283,0
2014-08-26,0,0,0.009309967141292397,0.0006493506493507883,0,-3.191046540796283,0
2014-08-27,0,0,0.007053716766142193,-0.0003993410872061842,0,-3.191046540796283,0
2014-08-28,0,0,0.01670258620689657,-0.0005493133583022169,0,-3.191046540796283,0
2014-08-29,0,0,-0.006889242183359845,0.002848006395523184,0,-3.191046540796283,0
2014-09-02,0,0,0.006937033084311706,-0.0004982312789596488,0,-3.191046540796283,0
2014-09-03,0,0,-0.01324854266030739,-0.0005483276008175775,0,-3.191046540796283,0
2014-09-04,0,0,0.002148227712137629,-0.001446384039900162,0,-3.191046540796283,0
2014-09-05,0,0,-0.01929260450160775,0.004495279956046261,0,-3.191046540796283,0
2014-09-08,0,0,0.002185792349726601,-0.002585649644473276,0,-3.191046540796283,0
2014-09-09,0,0,0.0267175572519085,-0.00633132259833491,0,-3.191046540796283,0
2014-09-10,0,0,-0.00849707912904929,0.003762793497892769,0,-3.191046540796283,0
2014-09-11,0,0,-0.001071237279057446,0.001149597640825784,0,-3.191046540796283,0
2014-09-12,0,0,0.02252010723860587,-0.005841238142785921,0,-3.191046540796283,0
2014-09-15,0,0,0.02517042475091791,-0.0007532767538793728,0,-3.191046540796283,0
2014-09-16,0,0,-0.049616368286445,0.00753844607498233,0,-3.191046540796283,0
2014-09-17,0,0,-0.009687836383207915,0.001346767757382406,0,-3.191046540796283,0
2014-09-18,0,0,-0.0146739130434782,0.005330012453300004,0,-3.191046540796283,0
2014-09-19,0,0,0.00165471594043054,-0.005549499554058146,0,-3.191046540796283,0
2014-09-22,0,0,0.03303964757709243,-0.007722969606377639,0,-3.191046540796283,0
2014-09-23,0,0,0.03837953091684421,-0.00572432839568171,0,-3.191046540796283,0
2014-09-24,0,0,-0.03336755646817258,0.007827887480430284,0,-3.191046540796283,0
2014-09-25,0,0,0.07541157727031345,-0.01613549809581083,0,-3.191046540796283,0
2014-09-26,0,0,-0.03456790123456788,0.007945400835285721,0,-3.191046540796283,0
2014-09-29,0,0,0.05012787723785173,-0.001819100555836339,0,-3.191046540796283,0
2014-09-30,0,0,0.01217730150998553,-0.002632378252505729,0,-3.191046540796283,0
2014-10-01,0,0,0.02165543792107782,-0.01355192366257241,0,-3.191046540796283,0
2014-10-02,0,0,-0.01083372585963249,0.0001543606894778282,0,-3.191046540796283,0
2014-10-03,0,0,-0.06047619047619046,0.0110093631032,0,-3.191046540796283,0
2014-10-06,0,0,0.01621895590471345,-0.001170364339507568,0,-3.191046540796283,0
2014-10-07,0,0,0.07132169576059866,-0.01543634418462481,0,-3.191046540796283,0
2014-10-08,0,0,-0.08472998137802612,0.01748939252820025,0,-3.191046540796283,0
2014-10-09,0,0,0.09206510681586977,-0.01983319772172487,0,-3.191046540796283,0
2014-10-10,0,0,0.1131811830461107,-0.01141434056241575,0,-3.191046540796283,0
2014-10-13,0,0,0.1020920502092051,-0.01642699695601968,0,-3.191046540796283,0
2014-10-14,0,0,-0.01442672741078221,0.001547409423189761,0,-3.191046540796283,0
2014-10-15,0,0,0.01117103235747319,-0.006766116142780887,0,-3.191046540796283,0
2014-10-16,0,0,0.02323809523809506,-0.0008582309714101344,0,-3.191046540796283,0
2014-10-17,0,0,-0.0465376023827252,0.01181081226177039,0,-3.191046540796283,0
2014-10-20,0,0,-0.07301835220616948,0.009709768132859509,0,-3.191046540796283,0
2014-10-21,0,0,-0.07540016849199671,0.01981082501313702,0,-3.191046540796283,0
2014-10-22,0,0,0.07835990888382693,-0.007110836296181811,0,-3.191046540796283,0
2014-10-23,0,0,-0.05787917194761305,0.01162488971923814,0,-3.191046540796283,0
2014-10-24,0,0,-0.01076233183856523,0.007695070025137252,0,-3.191046540796283,0
2014-10-27,0,0,-0.01586582048957386,-0.001374535457923987,0,-3.191046540796283,0
2014-10-28,0,0,-0.06448641179180103,0.0114702283849919,0,-3.191046540796283,0
2014-10-29,0,0,0.01526341703594292,-0.001512020563479544,0,-3.191046540796283,0
2014-10-30,0,0,0.004849660523763344,0.006410579980818731,0,-3.191046540796283,0
2014-10-31,0,0,-0.02606177606177607,0.0114354498946736,0,-3.191046540796283,0
2014-11-03,0,0,0.01635282457879095,0.0005454725776059544,0,-3.191046540796283,0
2014-11-04,0,0,-0.007313505607020931,-0.003469296723992765,0,-3.191046540796283,0
2014-11-05,0,0,-0.01129666011787833,0.006316208285671809,0,-3.191046540796283,0
2014-11-06,0,0,-0.0263288623944361,0.004003162992982201,0,-3.191046540796283,0
2014-11-07,0,0,-0.01428571428571435,0.0009352695052915472,0,-3.191046540796283,0
2014-11-10,0,0,-0.03881987577639745,0.003147437788924901,0,-3.191046540796283,0
2014-11-11,0,0,-0.000538502961766385,0.000980488283164993,0,-3.191046540796283,0
2014-11-12,0,0,0.01239224137931028,-0.001077480654324559,0,-3.191046540796283,0
2014-11-13,0,0,0.01170835550824934,0.001127672092567034,0,-3.191046540796283,0
2014-11-14,0,0,0.002630194634402727,0.0002448699740438265,0,-3.191046540796283,0
2014-11-17,0,0,-0.002623294858341785,0.0006365060712887338,0,-3.191046540796283,0
2014-11-18,0,0,-0.01841136244082076,0.005773841561873105,0,-3.191046540796283,0
2014-11-19,0,0,0.02518756698821001,-0.001605448795913511,0,-3.191046540796283,0
2014-11-20,0,0,-0.008886565603763663,0.00175421498879258,0,-3.191046540796283,0
2014-11-21,0,0,-0.02056962025316456,0.005350715050102206,0,-3.191046540796283,0
2014-11-24,0,0,-0.0215401184706514,0.002806270563189495,0,-3.191046540796283,0
2014-11-25,0,0,-0.006604292790313715,-0.0007237286500046958,0,-3.191046540796283,0
2014-11-26,0,0,-0.01662049861495862,0.002559026604219916,0,-3.191046540796283,0
2014-11-28,0,0,0.02647887323943676,-0.002119052205740712,0,-3.191046540796283,0
2014-12-01,0,0,0.04171240395170117,-0.006949806949806958,0,-3.191046540796283,0
2014-12-02,0,0,-0.05690200210748153,0.006463841368584911,0,-3.191046540796283,0
2014-12-03,0,0,-0.01396648044692739,0.003863054710512293,0,-3.191046540796283,0
2014-12-04,0,0,0.003399433427762277,-0.001106354321997127,0,-3.191046540796283,0
2014-12-05,0,0,-0.01976284584980248,0.001637291726861223,0,-3.191046540796283,0
2014-12-08,0,0,0.03629032258064502,-0.006682692307692251,0,-3.191046540796283,0
2014-12-09,0,0,0.01222901612006666,-0.0006776051497991986,0,-3.191046540796283,0
2014-12-10,0,0,0.1065348709500273,-0.0160313847047997,0,-3.191046540796283,0
2014-12-11,0,0,0.06203473945409432,0.005069895648749823,0,-3.191046540796283,0
2014-12-12,0,0,0.05186915887850474,-0.01616141828688977,0,-3.191046540796283,0
2014-12-15,0,0,-0.0235450910706354,-0.006869431031907958,0,-3.191046540796283,0
2014-12-16,0,0,0.04913557779799804,-0.008019648137937874,0,-3.191046540796283,0
2014-12-17,0,0,-0.101040763226366,0.01960487090091445,0,-3.191046540796283,0
2014-12-18,0,0,-0.03183791606367581,0.02472867832895598,0,-3.191046540796283,0
2014-12-19,0,0,-0.008968609865470656,-0.001257374987909787,0,-3.191046540796283,0
2014-12-22,0,0,-0.04675716440422339,0.004600038737168299,0,-3.191046540796283,0
2014-12-23,0,0,0.0005274261603376296,0.001349592712199366,0,-3.191046540796283,0
2014-12-24,0,0,-0.008434370057986529,9.626955475328103e-05,0,-3.191046540796283,0
2014-12-26,0,0,0.009037745879851178,0.003224719641911733,0,-3.191046540796283,0
2014-12-29,0,0,-0.002107481559536217,0.001343312224141302,0,-3.191046540796283,0
2014-12-30,0,0,0.02481520591341058,-0.00536604062859336,0,-3.191046540796283,0
2014-12-31,0,0,0.0814013395157136,-0.009922928709055867,0,-3.191046540796283,0
2015-01-02,0,0,-0.01810385898046685,-0.0005351756349127879,0,-3.191046540796283,0
2015-01-05,0,0,0.07472100921882552,-0.01805967969624689,0,-3.191046540796283,0
2015-01-06,0,0,0.02167042889390536,-0.009418996628990706,0,-3.191046540796283,0
2015-01-07,0,0,-0.03314184710561219,0.01246121509358433,0,-3.191046540796283,0
2015-01-08,0,0,-0.0639853747714807,0.01774504473333005,0,-3.191046540796283,0
2015-01-09,0,0,0.0390625,-0.008013598834385682,0,-3.191046540796283,0
2015-01-12,0,0,0.04746240601503748,-0.007833537331701335,0,-3.191046540796283,0
2015-01-13,0,0,0.02871242709735311,-0.002812731310140593,0,-3.191046540796283,0
2015-01-14,0,0,0.01788050588748358,-0.006037212984956408,0,-3.191046540796283,0
2015-01-15,0,0,0.03084832904884305,-0.00916060937966745,0,-3.191046540796283,0
2015-01-16,0,0,-0.0211970074812966,0.01311425987337955,0,-3.191046540796283,0
2015-01-20,0,0,-0.008917197452229408,0.002132619153895732,0,-3.191046540796283,0
2015-01-21,0,0,-0.04841473864610102,0.005048005542908074,0,-3.191046540796283,0
2015-01-22,0,0,-0.0630346690679876,0.01487098680323018,0,-3.191046540796283,0
2015-01-23,0,0,0.02546852474771755,-0.005482775351770997,0,-3.191046540796283,0
2015-01-26,0,0,-0.0449859418931583,0.002341806117968526,0,-3.191046540796283,0
2015-01-27,0,0,0.04317958783120712,-0.01319055731321483,0,-3.191046540796283,0
2015-01-28,0,0,0.0846660395108183,-0.0128243069941798,0,-3.191046540796283,0
2015-01-29,0,0,-0.03382480485689487,0.009243529529329608,0,-3.191046540796283,0
2015-01-30,0,0,0.1018850987432676,-0.01257487994455186,0,-3.191046540796283,0
2015-02-02,0,0,-0.05458248472505101,0.01238405615442462,0,-3.191046540796283,0
2015-02-03,0,0,-0.04739336492891,0.01446117274167991,0,-3.191046540796283,0
2015-02-04,0,0,0.02804161013116224,-0.003807850029291182,0,-3.191046540796283,0
2015-02-05,0,0,-0.03739551253849538,0.01009507007742827,0,-3.191046540796283,0
2015-02-06,0,0,0.04296160877513722,-0.002765379390646139,0,-3.191046540796283,0
2015-02-09,0,0,0.004820333041191782,-0.004475796643152563,0,-3.191046540796283,0
2015-02-10,0,0,-0.03794156127344106,0.01065337438303282,0,-3.191046540796283,0
2015-02-11,0,0,0.004079782411604782,0.0005802427348775563,0,-3.191046540796283,0
2015-02-12,0,0,-0.05914221218961613,0.009616778620789468,0,-3.191046540796283,0
2015-02-13,0,0,-0.01199616122840697,0.00411640819452419,0,-3.191046540796283,0
2015-02-17,0,0,0.002428363283147217,0.001573076556392383,0,-3.191046540796283,0
2015-02-18,0,0,-0.008720930232558155,9.518823473420035e-05,0,-3.191046540796283,0
2015-02-19,0,0,-0.02199413489736068,-0.0007138438109741685,0,-3.191046540796283,0
2015-02-20,0,0,-0.03598200899550241,0.006000571482998485,0,-3.191046540796283,0
2015-02-23,0,0,0.00362882322446878,-0.0001420185570915056,0,-3.191046540796283,0
2015-02-24,0,0,-0.04183884297520657,0.002840774584536687,0,-3.191046540796283,0
2015-02-25,0,0,0.007008086253369239,-0.0008498182333223081,0,-3.191046540796283,0
2015-02-26,0,0,-0.01231263383297632,-0.001181306998062626,0,-3.191046540796283,0
2015-02-27,0,0,-0.003794037940379469,-0.003406187908032932,0,-3.191046540796283,0
2015-03-02,0,0,-0.03482045701849845,0.006313490933257393,0,-3.191046540796283,0
2015-03-03,0,0,0.0219842164599775,-0.004103967168262668,0,-3.191046540796283,0
2015-03-04,0,0,-0.002757859900716975,-0.004215611974232703,0,-3.191046540796283,0
2015-03-05,0,0,-0.01327433628318586,0.001094039861104568,0,-3.191046540796283,0
2015-03-06,0,0,0.04596412556053808,-0.01406443029554316,0,-3.191046540796283,0
2015-03-09,0,0,-0.01393354769560573,0.004144578313252989,0,-3.191046540796283,0
2015-03-10,0,0,0.03206521739130452,-0.01622192359378016,0,-3.191046540796283,0
2015-03-11,0,0,0.02159031068983674,-0.00234169187237776,0,-3.191046540796283,0
2015-03-12,0,0,-0.05927835051546371,0.01271393643031793,0,-3.191046540796283,0
2015-03-13,0,0,0.02301369863013702,-0.006132303235152015,0,-3.191046540796283,0
2015-03-16,0,0,-0.02249598286020349,0.01336054025166389,0,-3.191046540796283,0
2015-03-17,0,0,-0.006575342465753642,-0.002972480582989712,0,-3.191046540796283,0
2015-03-18,0,0,-0.0430226144511856,0.01202154260434707,0,-3.191046540796283,0
2015-03-19,0,0,0.001729106628241883,-0.004561436852608569,0,-3.191046540796283,0
2015-03-20,0,0,-0.01611047180667413,0.004343675417661119,0,-3.191046540796283,0
2015-03-23,0,0,-0.01812865497076044,-0.001948576588565176,0,-3.191046540796283,0
2015-03-24,0,0,-0.005360333531864159,-0.005619047619047635,0,-3.191046540796283,0
2015-03-25,0,0,0.04610778443113772,-0.01465376879609237,0,-3.191046540796283,0
2015-03-26,0,0,-0.008586147681740153,-0.002381415241057394,0,-3.191046540796283,0
2015-03-27,0,0,-0.01212471131639725,0.002289667267501239,0,-3.191046540796283,0
2015-03-30,0,0,-0.0309760374050263,0.01219986390590067,0,-3.191046540796283,0
2015-03-31,0,0,0.02593486127864919,-0.008739495798319341,0,-3.191046540796283,0
2015-04-01,0,0,-0.0005878894767784582,-0.003536307707213138,0,-3.191046540796283,0
2015-04-02,0,0,-0.01999999999999991,0.003597472046670047,0,-3.191046540796283,0
2015-04-06,0,0,-0.02400960384153661,0.006733191242007441,0,-3.191046540796283,0
2015-04-07,0,0,0.0006150061500613813,-0.002646393687148252,0,-3.191046540796283,0
2015-04-08,0,0,-0.01966810079901671,0.003377074488614351,0,-3.191046540796283,0
2015-04-09,0,0,-0.0344827586206895,0.004423502259832679,0,-3.191046540796283,0
2015-04-10,0,0,-0.04415584415584428,0.005457156534226737,0,-3.191046540796283,0
2015-04-13,0,0,0.02581521739130443,-0.004522948009902827,0,-3.191046540796283,0
2015-04-14,0,0,-0.009933774834437359,0.001913051795877418,0,-3.191046540796283,0
2015-04-15,0,0,-0.02207357859531756,0.004487087689149849,0,-3.191046540796283,0
2015-04-16,0,0,-0.02051983584131323,-0.0002851304471795935,0,-3.191046540796283,0
2015-04-17,0,0,0.03282122905027918,-0.01150354137947429,0,-3.191046540796283,0
2015-04-20,0,0,-0.03245436105476662,0.009136811733589933,0,-3.191046540796283,0
2015-04-21,0,0,0,-0.001191327138432174,0,-3.191046540796283,0
2015-04-22,0,0,-0.01048218029350101,0.004914122137404497,0,-3.191046540796283,0
2015-04-23,0,0,-0.009180790960452101,0.00251626074158473,0,-3.191046540796283,0
2015-04-24,0,0,-0.0106913756236634,0.002320515249100152,0,-3.191046540796283,0
2015-04-27,0,0,0.03097982708933711,-0.004157807701393734,0,-3.191046540796283,0
2015-04-28,0,0,-0.0370370370370372,0.003178820515253644,0,-3.191046540796283,0
2015-04-29,0,0,0.02757619738751838,-0.004114642451759409,0,-3.191046540796283,0
2015-04-30,0,0,0.02683615819209018,-0.01002042076269172,0,-3.191046540796283,0
2015-05-01,0,0,-0.04951856946354882,0.01084140842367831,0,-3.191046540796283,0
2015-05-04,0,0,0.002894356005788801,0.002847380410022859,0,-3.191046540796283,0
2015-05-05,0,0,0.03246753246753253,-0.01145182661366639,0,-3.191046540796283,0
2015-05-06,0,0,0.0181691125087351,-0.004116802297750133,0,-3.191046540796283,0
2015-05-07,0,0,-0.008922443376801703,0.003989617381272792,0,-3.191046540796283,0
2015-05-08,0,0,-0.05124653739612184,0.01316608416718523,0,-3.191046540796283,0
2015-05-11,0,0,0.02700729927007317,-0.004772705793403276,0,-3.191046540796283,0
2015-05-12,0,0,-0.004264392324093702,-0.002991310953895931,0,-3.191046540796283,0
2015-05-13,0,0,-0.01784439685938621,0.0001904943327937225,0,-3.191046540796283,0
2015-05-14,0,0,-0.02107558139534882,0.01042757832587382,0,-3.191046540796283,0
2015-05-15,0,0,-0.008908685968819441,0.001083832053154765,0,-3.191046540796283,0
2015-05-18,0,0,-0.03220973782771552,0.003106759555639327,0,-3.191046540796283,0
2015-05-19,0,0,-0.01470588235294112,-0.0003284842796809073,0,-3.191046540796283,0
2015-05-20,0,0,0.002356637863315081,-0.0007041261794114018,0,-3.191046540796283,0
2015-05-21,0,0,-0.02899686520376166,0.002912438932732186,0,-3.191046540796283,0
2015-05-22,0,0,0.002421307506053294,-0.00238875878220135,0,-3.191046540796283,0
2015-05-26,0,0,0.04025764895330108,-0.01075167848255798,0,-3.191046540796283,0
2015-05-27,0,0,-0.03792569659442713,0.009492168960607561,0,-3.191046540796283,0
2015-05-28,0,0,0.01206757843925987,-0.001128349788434346,0,-3.191046540796283,0
2015-05-29,0,0,0.005564387917329272,-0.00621293419937885,0,-3.191046540796283,0
2015-06-01,0,0,-0.008695652173913104,0.002036563417637582,0,-3.191046540796283,0
2015-06-02,0,0,0.01515151515151514,-0.0009925792881787521,0,-3.191046540796283,0
2015-06-03,0,0,-0.01728201099764326,0.00264950794852381,0,-3.191046540796283,0
2015-06-04,0,0,0.03357314148681056,-0.008446583616459002,0,-3.191046540796283,0
2015-06-05,0,0,-0.01778808971384382,-0.001713225146337871,0,-3.191046540796283,0
2015-06-08,0,0,0.02125984251968505,-0.006149592410735649,0,-3.191046540796283,0
2015-06-09,0,0,-0.01233616037008478,-0.0001438986953185006,0,-3.191046540796283,0
2015-06-10,0,0,-0.04137392661982842,0.01199328376109388,0,-3.191046540796283,0
2015-06-11,0,0,-0.02198697068403888,0.003223512680730067,0,-3.191046540796283,0
2015-06-12,0,0,0.012489592006661,-0.00765486934744608,0,-3.191046540796283,0
2015-06-15,0,0,0.04358552631578938,-0.004285510213799193,0,-3.191046540796283,0
2015-06-16,0,0,-0.02048857368006307,0.005451676151307927,0,-3.191046540796283,0
2015-06-17,0,0,-0.003218020917135855,0.001617122473246191,0,-3.191046540796283,0
2015-06-18,0,0,-0.02744148506860367,0.01039935419535598,0,-3.191046540796283,0
2015-06-19,0,0,0.01078838174273855,-0.009258388946329577,0,-3.191046540796283,0
2015-06-22,0,0,-0.04679802955665036,0.005123096627294599,0,-3.191046540796283,0
2015-06-23,0,0,-0.0267011197243755,0.0007079144839303719,0,-3.191046540796283,0
2015-06-24,0,0,0.02123893805309729,-0.007262780607432573,0,-3.191046540796283,0
2015-06-25,0,0,0.006932409012131657,-0.003040380047505842,0,-3.191046540796283,0
2015-06-26,0,0,-0.006024096385541911,-0.000190603259315858,0,-3.191046540796283,0
2015-06-29,0,0,0.1705627705627704,-0.02097035554284632,0,-3.191046540796283,0
2015-06-30,0,0,-0.007396449704142105,0.002093272320124573,0,-3.191046540796283,0
2015-07-01,0,0,-0.06929955290611023,0.008015545299975724,0,-3.191046540796283,0
2015-07-02,0,0,0.06405124099279402,-0.000915662650602389,0,-3.191046540796283,0
2015-07-06,0,0,0.02558314522197169,-0.002845979451063685,0,-3.191046540796283,0
2015-07-07,0,0,-0.05282465150403548,0.006288699690402577,0,-3.191046540796283,0
2015-07-08,0,0,0.1006971340046476,-0.01677723295836941,0,-3.191046540796283,0
2015-07-09,0,0,0.006333567909922566,0.001809025570820966,0,-3.191046540796283,0
2015-07-10,0,0,-0.07622377622377619,0.01259150805270859,0,-3.191046540796283,0
2015-07-13,0,0,-0.09613928841786534,0.01103720840562961,0,-3.191046540796283,0
2015-07-14,0,0,-0.01005025125628123,0.004338084568813461,0,-3.191046540796283,0
2015-07-15,0,0,-0.002538071065990022,-0.000332257452060003,0,-3.191046540796283,0
2015-07-16,0,0,-0.06530958439355383,0.008024310336641083,0,-3.191046540796283,0
2015-07-17,0,0,-0.008166969147005432,0.0008478568064058667,0,-3.191046540796283,0
2015-07-20,0,0,-0.003659652333028118,0.0005176957831325435,0,-3.191046540796283,0
2015-07-21,0,0,-0.009182736455463969,-0.003951267698386607,0,-3.191046540796283,0
2015-07-22,0,0,-0.005560704355884849,-0.001794569067296359,0,-3.191046540796283,0
2015-07-23,0,0,0.01304753028890948,-0.005629938023371306,0,-3.191046540796283,0
2015-07-24,0,0,0.03403863845446198,-0.0103720620420592,0,-3.191046540796283,0
2015-07-27,0,0,0.052491103202847,-0.005817307692307705,0,-3.191046540796283,0
2015-07-28,0,0,-0.07607776838546076,0.01228299240775677,0,-3.191046540796283,0
2015-07-29,0,0,-0.01555352241537045,0.006879090431376245,0,-3.191046540796283,0
2015-07-30,0,0,-0.006505576208178598,0.0002372254115861061,0,-3.191046540796283,0
2015-07-31,0,0,-0.00187090739008422,-0.001517882553837335,0,-3.191046540796283,0
2015-08-03,0,0,-0.01405810684161202,-0.003372921615201974,0,-3.191046540796283,0
2015-08-04,0,0,0.003802281368821436,-0.00195433528766864,0,-3.191046540796283,0
2015-08-05,0,0,-0.01041666666666674,0.00329544369089696,0,-3.191046540796283,0
2015-08-06,0,0,0.03827751196172247,-0.00818774694149571,0,-3.191046540796283,0
2015-08-07,0,0,-0.009216589861751112,-0.001919846412287041,0,-3.191046540796283,0
2015-08-10,0,0,-0.03720930232558151,0.01259918249579228,0,-3.191046540796283,0
2015-08-11,0,0,0.04637681159420315,-0.009023127701002109,0,-3.191046540796283,0
2015-08-12,0,0,-0.002770083102493048,0.001198063928691262,0,-3.191046540796283,0
2015-08-13,0,0,-0.01111111111111107,-0.001244495500670073,0,-3.191046540796283,0
2015-08-14,0,0,-0.001872659176029967,0.003642288891018808,0,-3.191046540796283,0
2015-08-17,0,0,-0.01219512195121963,0.005586858943749551,0,-3.191046540796283,0
2015-08-18,0,0,0.01139601139601165,-0.002896623771309281,0,-3.191046540796283,0
2015-08-19,0,0,0.01877934272300452,-0.007905514810934378,0,-3.191046540796283,0
2015-08-20,0,0,0.08755760368663612,-0.02088133640552992,0,-3.191046540796283,0
2015-08-21,0,0,0.1661016949152541,-0.0310830024023141,0,-3.191046540796283,0
2015-08-24,0,0,0.1787790697674418,-0.04088448110104737,0,-3.191046540796283,0
2015-08-25,0,0,0.09001233045622681,-0.01202848852545502,0,-3.191046540796283,0
2015-08-26,0,0,-0.09445701357466052,0.03839376301596631,0,-3.191046540796283,0
2015-08-27,0,0,0.02623360399750152,0.02473516404401943,0,-3.191046540796283,0
2015-08-28,0,0,0.04930006086427263,5.01831685653098e-05,0,-3.191046540796283,0
2015-08-31,0,0,0.03770301624129946,-0.008079084704937789,0,-3.191046540796283,0
2015-09-01,0,0,0.1419787590832866,-0.02984772600799301,0,-3.191046540796283,0
2015-09-02,0,0,-0.1037689672050905,0.01898107107472491,0,-3.191046540796283,0
2015-09-03,0,0,-0.006553795740032564,0.0007164423519778751,0,-3.191046540796283,0
2015-09-04,0,0,0.0731170973062123,-0.01513679365891085,0,-3.191046540796283,0
2015-09-08,0,0,-0.08606557377049195,0.02513110753413983,0,-3.191046540796283,0
2015-09-09,0,0,0.02017937219730936,-0.0133718279896673,0,-3.191046540796283,0
2015-09-10,0,0,-0.02417582417582409,0.005441757790441093,0,-3.191046540796283,0
2015-09-11,0,0,-0.02308558558558549,0.004544294102629687,0,-3.191046540796283,0
2015-09-14,0,0,0.002305475504322585,-0.003710480837653796,0,-3.191046540796283,0
2015-09-15,0,0,-0.100632547441058,0.01249936227743498,0,-3.191046540796283,0
2015-09-16,0,0,-0.05562659846547335,0.008666733850650088,0,-3.191046540796283,0
2015-09-17,0,0,-0.009478672985781755,-0.002247976820861308,0,-3.191046540796283,0
2015-09-18,0,0,0.1223513328776487,-0.02142892905422322,0,-3.191046540796283,0
2015-09-21,0,0,-0.06638246041412932,0.005167562036326512,0,-3.191046540796283,0
2015-09-22,0,0,0.05805609915198962,-0.01297974142319058,0,-3.191046540796283,0
2015-09-23,0,0,-0.02157829839704073,-0.001598679799907132,0,-3.191046540796283,0
2015-09-24,0,0,0.02709514807813496,-0.003615702479338734,0,-3.191046540796283,0
2015-09-25,0,0,0.02576687116564402,-0.0002592016588907065,0,-3.191046540796283,0
2015-09-28,0,0,0.06997607655502414,-0.02509722582317864,0,-3.191046540796283,0
2015-09-29,0,0,0.001117942984907749,0.0005850752619542821,0,-3.191046540796283,0
2015-09-30,0,0,-0.04634282523729771,0.0186583032107166,0,-3.191046540796283,0
2015-10-01,0,0,-0.01170960187353631,0.002609194802484005,0,-3.191046540796283,0
2015-10-02,0,0,-0.05094786729857803,0.01493780252953725,0,-3.191046540796283,0
2015-10-05,0,0,-0.0561797752808989,0.01779487179487171,0,-3.191046540796283,0
2015-10-06,0,0,0.009920634920634885,-0.003426210510404593,0,-3.191046540796283,0
2015-10-07,0,0,-0.02423051735428938,0.008190505081146604,0,-3.191046540796283,0
2015-10-08,0,0,-0.04832214765100684,0.009026628554235083,0,-3.191046540796283,0
2015-10-09,0,0,-0.0007052186177715081,0.0005963918294320525,0,-3.191046540796283,0
2015-10-12,0,0,-0.06210303458009891,0.0009437242338448115,0,-3.191046540796283,0
2015-10-13,0,0,0.05568096313017312,-0.006302104009527687,0,-3.191046540796283,0
2015-10-14,0,0,0.01781895937277267,-0.004794007490636742,0,-3.191046540796283,0
2015-10-15,0,0,-0.07072829131652658,0.01535450850519338,0,-3.191046540796283,0
2015-10-16,0,0,-0.01130369253956287,0.00454657771188538,0,-3.191046540796283,0
2015-10-19,0,0,-0.07164634146341453,0.0004919565110443891,0,-3.191046540796283,0
2015-10-20,0,0,0.03776683087027921,-0.001376800904754893,0,-3.191046540796283,0
2015-10-21,0,0,0.06962025316455689,-0.006105667438081719,0,-3.191046540796283,0
2015-10-22,0,0,-0.09097633136094674,0.01689373297002716,0,-3.191046540796283,0
2015-10-23,0,0,0.008136696501220619,0.01096170710318622,0,-3.191046540796283,0
2015-10-26,0,0,0.03389830508474567,-0.002457712881306917,0,-3.191046540796283,0
2015-10-27,0,0,-0.02107728337236536,-0.001932367149758529,0,-3.191046540796283,0
2015-10-28,0,0,-0.02870813397129179,0.01137463697967078,0,-3.191046540796283,0
2015-10-29,0,0,0.01231527093596063,-0.0005743000717873814,0,-3.191046540796283,0
2015-10-30,0,0,0.01622060016220583,-0.004309725614135895,0,-3.191046540796283,0
2015-11-02,0,0,-0.05187549880287301,0.01183090463136627,0,-3.191046540796283,0
2015-11-03,0,0,0.02104377104377098,0.00289937734683221,0,-3.191046540796283,0
2015-11-04,0,0,0.03297609233305843,-0.003033175355450224,0,-3.191046540796283,0
2015-11-05,0,0,-0.02154828411811649,-0.0009982886480319753,0,-3.191046540796283,0
2015-11-06,0,0,-0.02120717781402925,-0.0005234356412087138,0,-3.191046540796283,0
2015-11-09,0,0,0.05499999999999994,-0.009331555894115273,0,-3.191046540796283,0
2015-11-10,0,0,-0.03001579778830976,0.002306805074971052,0,-3.191046540796283,0
2015-11-11,0,0,0.02198697068403943,-0.003931722286152683,0,-3.191046540796283,0
2015-11-12,0,0,0.08844621513944206,-0.01395975738904398,0,-3.191046540796283,0
2015-11-13,0,0,0.06881405563689613,-0.01122827572739704,0,-3.191046540796283,0
2015-11-16,0,0,-0.1006849315068492,0.01520687271650045,0,-3.191046540796283,0
2015-11-17,0,0,0.05483625285605487,-0.0007295010213014264,0,-3.191046540796283,0
2015-11-18,0,0,-0.06642599277978345,0.01586606317223915,0,-3.191046540796283,0
2015-11-19,0,0,0.03557617942768765,-0.0008623580702341593,0,-3.191046540796283,0
2015-11-20,0,0,-0.03510082150858862,0.003644210021577443,0,-3.191046540796283,0
2015-11-23,0,0,-0.02554179566563464,-0.001146624623763803,0,-3.191046540796283,0
2015-11-24,0,0,0.004765687053216894,0.001339264361218673,0,-3.191046540796283,0
2015-11-25,0,0,-0.01501976284584972,-0.0001433006926200298,0,-3.191046540796283,0
2015-11-27,0,0,0.008828250401283988,0.001146569845213108,0,-3.191046540796283,0
2015-11-30,0,0,-0.006364359586316648,-0.004151555640389382,0,-3.191046540796283,0
2015-12-01,0,0,-0.04163330664531617,0.009535674924529225,0,-3.191046540796283,0
2015-12-02,0,0,0.03759398496240607,-0.01020505031327135,0,-3.191046540796283,0
2015-12-03,0,0,0.07326892109500793,-0.01400278137438249,0,-3.191046540796283,0
2015-12-04,0,0,-0.09302325581395354,0.01950294246388795,0,-3.191046540796283,0
2015-12-07,0,0,0.02564102564102577,-0.006058582196355355,0,-3.191046540796283,0
2015-12-08,0,0,0.02983870967741931,-0.006719462443004587,0,-3.191046540796283,0
2015-12-09,0,0,0.04228660924040728,-0.007779656921961808,0,-3.191046540796283,0
2015-12-10,0,0,0.01202103681442512,0.002581085029706776,0,-3.191046540796283,0
2015-12-11,0,0,0.1499628804751301,-0.01938116286977221,0,-3.191046540796283,0
2015-12-14,0,0,-0.07230471271788264,0.005052506439469084,0,-3.191046540796283,0
2015-12-15,0,0,-0.04105775922059862,0.0104977821586989,0,-3.191046540796283,0
2015-12-16,0,0,-0.06821480406386071,0.01463200507242846,0,-3.191046540796283,0
2015-12-17,0,0,0.04361370716510926,-0.01523818679998068,0,-3.191046540796283,0
2015-12-18,0,0,0.08134328358208975,-0.02362589085228939,0,-3.191046540796283,0
2015-12-21,0,0,-0.04830917874396168,0.008249175082491567,0,-3.191046540796283,0
2015-12-22,0,0,-0.05076142131979688,0.009074230178013565,0,-3.191046540796283,0
2015-12-23,0,0,-0.02291825821237581,0.0123832923832925,0,-3.191046540796283,0
2015-12-24,0,0,0.01720093823299451,-0.00165032521114461,0,-3.191046540796283,0
2015-12-28,0,0,-0.01076095311299008,-0.002285103072734329,0,-3.191046540796283,0
2015-12-29,0,0,-0.01631701631701632,0.01067199454217627,0,-3.191046540796283,0
2015-12-30,0,0,0.02922590837282768,-0.007087753134040531,0,-3.191046540796283,0
2015-12-31,0,0,0.02302379125095921,-0.01000339921332494,0,-3.191046540796283,0
2016-01-04,0,0,0.06526631657914472,-0.01397949673811738,0,-3.191046540796283,0
2016-01-05,0,0,-0.03450704225352097,0.001691373992637635,0,-3.191046540796283,0
2016-01-06,0,0,0.03282275711159732,-0.0126142232816846,0,-3.191046540796283,0
2016-01-07,0,0,0.1073446327683616,-0.02399155014586052,0,-3.191046540796283,0
2016-01-08,0,0,0.05165816326530615,-0.01097655243493956,0,-3.191046540796283,0
2016-01-11,0,0,-0.0315342631898119,0.0009899958315966462,0,-3.191046540796283,0
2016-01-12,0,0,-0.04884157795867261,0.00806829420644406,0,-3.191046540796283,0
2016-01-13,0,0,0.1033574720210666,-0.02494061757719712,0,-3.191046540796283,0
2016-01-14,0,0,-0.03758949880668261,0.01641688291055443,0,-3.191046540796283,0
2016-01-15,0,0,0.09981401115933042,-0.02146615953733133,0,-3.191046540796283,0
2016-01-19,0,0,-0.0005636978579479646,0.001331132527554457,0,-3.191046540796283,0
2016-01-20,0,0,0.02650874224478272,-0.01281505902371582,0,-3.191046540796283,0
2016-01-21,0,0,-0.004395604395604269,0.005601939132776623,0,-3.191046540796283,0
2016-01-22,0,0,-0.08388520971302427,0.02051529273126573,0,-3.191046540796283,0
2016-01-25,0,0,0.0475903614457831,-0.01511652319966417,0,-3.191046540796283,0
2016-01-26,0,0,-0.04657849338700404,0.01364314645065012,0,-3.191046540796283,0
2016-01-27,0,0,0.04161640530759958,-0.01088328075709777,0,-3.191046540796283,0
2016-01-28,0,0,-0.03242617255356106,0.005209163876043199,0,-3.191046540796283,0
2016-01-29,0,0,-0.04308797127468578,0.02437734651789958,0,-3.191046540796283,0
2016-02-01,0,0,-0.01250781738586626,-0.0003613462729712413,0,-3.191046540796283,0
2016-02-02,0,0,0.06649778340721979,-0.01802220500903695,0,-3.191046540796283,0
2016-02-03,0,0,-0.01128266033254166,0.00599495161968866,0,-3.191046540796283,0
2016-02-04,0,0,0.009609609609609659,0.001568217459487542,0,-3.191046540796283,0
2016-02-05,0,0,0.03985722784057133,-0.01905010438413368,0,-3.191046540796283,0
2016-02-08,0,0,0.04805491990846678,-0.01346102686884809,0,-3.191046540796283,0
2016-02-09,0,0,0.008733624454148492,5.393161471256569e-05,0,-3.191046540796283,0
2016-02-10,0,0,0.007034632034632171,-0.000862859300005403,0,-3.191046540796283,0
2016-02-11,0,0,0.06179473401397106,-0.01300804231661901,0,-3.191046540796283,0
2016-02-12,0,0,-0.041497975708502,0.02061686536147866,0,-3.191046540796283,0
2016-02-16,0,0,-0.04646251319957784,0.01687831538337892,0,-3.191046540796283,0
2016-02-17,0,0,-0.04042081949058673,0.01633470334071019,0,-3.191046540796283,0
2016-02-18,0,0,-0.00230813618003467,-0.004095810866860172,0,-3.191046540796283,0
2016-02-19,0,0,-0.02602660497397336,-0.000468530376386056,0,-3.191046540796283,0
2016-02-22,0,0,-0.05641330166270775,0.0144791666666666,0,-3.191046540796283,0
2016-02-23,0,0,0.05097545626179967,-0.0126296334325906,0,-3.191046540796283,0
2016-02-24,0,0,-0.007185628742514938,0.004575707154742092,0,-3.191046540796283,0
2016-02-25,0,0,-0.03558504221954151,0.0121118012422361,0,-3.191046540796283,0
2016-02-26,0,0,0.01563477173233263,-0.002301319423135828,0,-3.191046540796283,0
2016-02-29,0,0,0.01354679802955694,-0.007842534214977714,0,-3.191046540796283,0
2016-03-01,0,0,-0.08566221142162822,0.02350692291795831,0,-3.191046540796283,0
2016-03-02,0,0,-0.01860465116279075,0.00449245368734541,0,-3.191046540796283,0
2016-03-03,0,0,-0.03182125930941082,0.003919597989949786,0,-3.191046540796283,0
2016-03-04,0,0,0.01118881118881121,0.003253578936830648,0,-3.191046540796283,0
2016-03-07,0,0,0.002766251728907321,0.0007982836900664037,0,-3.191046540796283,0
2016-03-08,0,0,0.03793103448275859,-0.01091779251208935,0,-3.191046540796283,0
2016-03-09,0,0,-0.01328903654485036,0.004939516129032206,0,-3.191046540796283,0
2016-03-10,0,0,-0.01952861952861973,0.0008024877119068297,0,-3.191046540796283,0
2016-03-11,0,0,-0.04876373626373609,0.01613711536534024,0,-3.191046540796283,0
2016-03-14,0,0,-0.0173285198555958,-0.001282304202012141,0,-3.191046540796283,0
2016-03-15,0,0,0.01469507714915497,-0.001629629629629648,0,-3.191046540796283,0
2016-03-16,0,0,-0.03548153511947871,0.005787208784686193,0,-3.191046540796283,0
2016-03-17,0,0,-0.03153153153153154,0.00634405429330176,0,-3.191046540796283,0
2016-03-18,0,0,-0.007751937984496027,-0.00122171724576059,0,-3.191046540796283,0
2016-03-21,0,0,-0.02812500000000007,0.00141892553087386,0,-3.191046540796283,0
2016-03-22,0,0,-0.01446945337620575,-0.0005374505301215526,0,-3.191046540796283,0
2016-03-23,0,0,0.0489396411092986,-0.006599530700039047,0,-3.191046540796283,0
2016-03-24,0,0,-0.005443234836703059,-0.0004428915899807873,0,-3.191046540796283,0
2016-03-28,0,0,-0.01407349491790455,0.0005907837731391474,0,-3.191046540796283,0
2016-03-29,0,0,-0.05868358445678035,0.009250147608738324,0,-3.191046540796283,0
2016-03-30,0,0,-0.02358887952822231,0.004387675507020239,0,-3.191046540796283,0
2016-03-31,0,0,0.007765314926660993,-0.002426948839918452,0,-3.191046540796283,0
2016-04-01,0,0,-0.03082191780821919,0.006811989100817373,0,-3.191046540796283,0
2016-04-04,0,0,0.0282685512367491,-0.003237966363812017,0,-3.191046540796283,0
2016-04-05,0,0,0.05584192439862523,-0.009987878787878768,0,-3.191046540796283,0
2016-04-06,0,0,-0.06590724165988604,0.01092120084235271,0,-3.191046540796283,0
2016-04-07,0,0,0.09233449477351918,-0.01196589477763788,0,-3.191046540796283,0
2016-04-08,0,0,-0.0247208931419457,0.002696739396911063,0,-3.191046540796283,0
2016-04-11,0,0,0.01390024529844625,-0.002347188264058664,0,-3.191046540796283,0
2016-04-12,0,0,-0.03387096774193543,0.00931281246936555,0,-3.191046540796283,0
2016-04-13,0,0,-0.04841402337228706,0.01010101010101017,0,-3.191046540796283,0
2016-04-14,0,0,-0.004385964912280937,4.807692307684519e-05,0,-3.191046540796283,0
2016-04-15,0,0,-0.013215859030837,-0.001105716071342688,0,-3.191046540796283,0
2016-04-18,0,0,-0.06249999999999989,0.007026662816440599,0,-3.191046540796283,0
2016-04-19,0,0,0.00952380952380949,0.003154272605620401,0,-3.191046540796283,0
2016-04-20,0,0,0.005660377358490454,0.000952834683182413,0,-3.191046540796283,0
2016-04-21,0,0,0.01876172607879933,-0.005378391242265579,0,-3.191046540796283,0
2016-04-22,0,0,-0.02578268876611411,0,0,-3.191046540796283,0
2016-04-25,0,0,0.01134215500945168,-0.001722735320859425,0,-3.191046540796283,0
2016-04-26,0,0,-0.02056074766355132,0.001486026556732467,0,-3.191046540796283,0
2016-04-27,0,0,-0.02958015267175584,0.002058204097262095,0,-3.191046540796283,0
2016-04-28,0,0,0.05801376597836794,-0.009075710532600922,0,-3.191046540796283,0
2016-04-29,0,0,0.03159851301115224,-0.005398891299108088,0,-3.191046540796283,0
2016-05-02,0,0,-0.05855855855855852,0.007948432123297655,0,-3.191046540796283,0
2016-05-03,0,0,0.044976076555024,-0.008703178343030249,0,-3.191046540796283,0
2016-05-04,0,0,0.01282051282051277,-0.00557819169577034,0,-3.191046540796283,0
2016-05-05,0,0,0,-0.0001951124335397569,0,-3.191046540796283,0
2016-05-06,0,0,-0.0452079566003617,0.003659072059325696,0,-3.191046540796283,0
2016-05-09,0,0,-0.02178030303030309,0.0008263659342795382,0,-3.191046540796283,0
2016-05-10,0,0,-0.04937076476282665,0.01243382388654135,0,-3.191046540796283,0
2016-05-11,0,0,0.03462321792260692,-0.009354761333653094,0,-3.191046540796283,0
2016-05-12,0,0,-0.0137795275590552,0.0002905569007263242,0,-3.191046540796283,0
2016-05-13,0,0,0.03592814371257491,-0.008714175058094575,0,-3.191046540796283,0
2016-05-16,0,0,-0.04624277456647397,0.009865208048446927,0,-3.191046540796283,0
2016-05-17,0,0,0.04444444444444429,-0.009333591256407758,0,-3.191046540796283,0
2016-05-18,0,0,-0.002901353965183762,0.0002928972418843045,0,-3.191046540796283,0
2016-05-19,0,0,0.004849660523763344,-0.00346493582548435,0,-3.191046540796283,0
2016-05-20,0,0,-0.03571428571428581,0.006317335945151825,0,-3.191046540796283,0
2016-05-23,0,0,-0.00600600600600576,-0.001362596720035025,0,-3.191046540796283,0
2016-05-24,0,0,-0.04229607250755296,0.01296233127040591,0,-3.191046540796283,0
2016-05-25,0,0,-0.01787592008412198,0.006783085582335202,0,-3.191046540796283,0
2016-05-26,0,0,-0.01070663811563166,0.0002866972477064689,0,-3.191046540796283,0
2016-05-27,0,0,-0.02705627705627711,0.004299226139294898,0,-3.191046540796283,0
2016-05-31,0,0,-0.001112347052280249,-0.001902587519025944,0,-3.191046540796283,0
2016-06-01,0,0,-0.01113585746102441,0.002049180327868827,0,-3.191046540796283,0
2016-06-02,0,0,-0.02477477477477485,0.00304370571170387,0,-3.191046540796283,0
2016-06-03,0,0,-0.005773672055427115,-0.002987056090275497,0,-3.191046540796283,0
2016-06-06,0,0,-0.01161440185830442,0.005088453490583955,0,-3.191046540796283,0
2016-06-07,0,0,0.001175088131609714,0.001561391057487649,0,-3.191046540796283,0
2016-06-08,0,0,0.007042253521126973,0.003259637188208542,0,-3.191046540796283,0
2016-06-09,0,0,0.0174825174825175,-0.001365541272307702,0,-3.191046540796283,0
2016-06-10,0,0,0.09049255441008008,-0.009477555639381463,0,-3.191046540796283,0
2016-06-13,0,0,0.1491596638655461,-0.007711715142571518,0,-3.191046540796283,0
2016-06-14,0,0,-0.0219378427787934,-0.001966898536819417,0,-3.191046540796283,0
2016-06-15,0,0,-0.01121495327102784,-0.001393962699480777,0,-3.191046540796283,0
2016-06-16,0,0,-0.02551984877126667,0.0029843561973526,0,-3.191046540796283,0
2016-06-17,0,0,0,-0.008878437395018479,0,-3.191046540796283,0
2016-06-20,0,0,-0.07080504364694462,0.00644005423203553,0,-3.191046540796283,0
2016-06-21,0,0,0.006263048016701411,0.00283858551840277,0,-3.191046540796283,0
2016-06-22,0,0,0.03526970954356834,-0.001631164843600041,0,-3.191046540796283,0
2016-06-23,0,0,-0.1002004008016032,0.01302258529553102,0,-3.191046540796283,0
2016-06-24,0,0,0.2405345211581293,-0.03643090934965143,0,-3.191046540796283,0
2016-06-27,0,0,-0.0008976660682227244,-0.0173780337714764,0,-3.191046540796283,0
2016-06-28,0,0,-0.1015274034141959,0.01803607214428848,0,-3.191046540796283,0
2016-06-29,0,0,-0.05300000000000005,0.0170275590551181,0,-3.191046540796283,0
2016-06-30,0,0,-0.0327349524815207,0.01364560147101512,0,-3.191046540796283,0
2016-07-01,0,0,-0.02947598253275086,0.002100439182738167,0,-3.191046540796283,0
2016-07-05,0,0,0.01799775028121475,-0.007193216463414642,0,-3.191046540796283,0
2016-07-06,0,0,-0.02430939226519346,0.005997792812244995,0,-3.191046540796283,0
2016-07-07,0,0,-0.01812004530011335,-0.0006200515119717531,0,-3.191046540796283,0
2016-07-08,0,0,-0.0657439446366781,0.01489046914522985,0,-3.191046540796283,0
2016-07-11,0,0,0.001234567901234662,0.003526922172583991,0,-3.191046540796283,0
2016-07-12,0,0,-0.02342786683107279,0.007263355201499344,0,-3.191046540796283,0
2016-07-13,0,0,-0.01388888888888884,-0.0001395673412422083,0,-3.191046540796283,0
2016-07-14,0,0,-0.003841229193341844,0.005583472920156485,0,-3.191046540796283,0
2016-07-15,0,0,-0.002570694087403513,-0.001341847121969275,0,-3.191046540796283,0
2016-07-18,0,0,-0.018041237113402,0.002687300189964326,0,-3.191046540796283,0
2016-07-19,0,0,-0.002624671916010679,-0.001016588882214342,0,-3.191046540796283,0
2016-07-20,0,0,-0.02763157894736845,0.004163004764327738,0,-3.191046540796283,0
2016-07-21,0,0,0.02976995940460081,-0.003777235248053734,0,-3.191046540796283,0
2016-07-22,0,0,-0.02496714848883053,0.004485134322837148,0,-3.191046540796283,0
2016-07-25,0,0,3.966307277628033,-0.002715890259620712,0,-3.191046540796283,0
2016-07-26,0,0,-0.008955223880597107,0.0004615739672282348,0,-3.191046540796283,0
2016-07-27,0,0,-0.02272727272727271,-0.001061130334486737,0,-3.191046540796283,0
2016-07-28,0,0,-0.01877276548052675,0.001154627748014114,0,-3.191046540796283,0
2016-07-29,0,0,-0.03483723586521992,0.00161461456843659,0,-3.191046540796283,0
2016-08-01,0,0,-0.01715976331360936,-0.0008290346352247679,0,-3.191046540796283,0
2016-08-02,0,0,0.04033714629741114,-0.006407301558034373,0,-3.191046540796283,0
2016-08-03,0,0,-0.02517361111111116,0.002922755741127325,0,-3.191046540796283,0
2016-08-04,0,0,-0.02908875037102998,0.00106392820797474,0,-3.191046540796283,0
2016-08-05,0,0,-0.0330174258636502,0.008178919643269777,0,-3.191046540796283,0
2016-08-08,0,0,-0.02276319949415107,-0.0005958382986525068,0,-3.191046540796283,0
2016-08-09,0,0,-0.01617599482368171,0.0005961935335931923,0,-3.191046540796283,0
2016-08-10,0,0,0.02400526142716219,-0.00247502062517202,0,-3.191046540796283,0
2016-08-11,0,0,-0.004816955684007751,0.004640691049439427,0,-3.191046540796283,0
2016-08-12,0,0,-0.01064859632139403,-0.0008689686713926337,0,-3.191046540796283,0
2016-08-15,0,0,-0.01565557729941303,0.00288382312551505,0,-3.191046540796283,0
2016-08-16,0,0,0.03412856196156411,-0.005157697749783141,0,-3.191046540796283,0
2016-08-17,0,0,-0.02499198974687611,0.001881079097082017,0,-3.191046540796283,0
2016-08-18,0,0,-0.01807426881367069,0.002243897971333064,0,-3.191046540796283,0
2016-08-19,0,0,0.004350736278447398,-0.00146212190441386,0,-3.191046540796283,0
2016-08-22,0,0,0.003665444851715938,-4.575821359931176e-05,0,-3.191046540796283,0
2016-08-23,0,0,-0.002656042496679945,0.002013453530407716,0,-3.191046540796283,0
2016-08-24,0,0,0.0216378162450066,-0.005114855916335537,0,-3.191046540796283,0
2016-08-25,0,0,0.00195503421309895,-0.0006885471654808351,0,-3.191046540796283,0
2016-08-26,0,0,0.002926829268292463,-0.001883325677537906,0,-3.191046540796283,0
2016-08-29,0,0,-0.02140077821011688,0.00492429472134015,0,-3.191046540796283,0
2016-08-30,0,0,-0.006958250497017815,-0.001648653599560457,0,-3.191046540796283,0
2016-08-31,0,0,0.004337671004337684,-0.002844036697247754,0,-3.191046540796283,0
2016-09-01,0,0,-0.004983388704318914,4.600239212426693e-05,0,-3.191046540796283,0
2016-09-02,0,0,-0.03572621035058443,0.004508027048162333,0,-3.191046540796283,0
2016-09-06,0,0,-0.02493074792243766,0.00302239318587727,0,-3.191046540796283,0
2016-09-07,0,0,-0.01455965909090895,-9.131169246223703e-05,0,-3.191046540796283,0
2016-09-08,0,0,0.00324324324324321,-0.002283000776220234,0,-3.191046540796283,0
2016-09-09,0,0,0.1623563218390804,-0.02393483135783259,0,-3.191046540796283,0
2016-09-12,0,0,-0.06860321384425216,0.01434733683420863,0,-3.191046540796283,0
2016-09-13,0,0,0.1353682813536827,-0.01437552001479159,0,-3.191046540796283,0
2016-09-14,0,0,-0.006136762127410766,-0.0003751817286496983,0,-3.191046540796283,0
2016-09-15,0,0,-0.03793002058218176,0.009992962702322306,0,-3.191046540796283,0
2016-09-16,0,0,-0.01253056234718808,-0.008872166480862087,0,-3.191046540796283,0
2016-09-19,0,0,-0.02476013618074902,0.0001874677789754919,0,-3.191046540796283,0
2016-09-20,0,0,-0.007933989209774617,4.685816034855073e-05,0,-3.191046540796283,0
2016-09-21,0,0,-0.07837492002559199,0.0112454315434356,0,-3.191046540796283,0
2016-09-22,0,0,-0.03193335647344664,0.006301547585951361,0,-3.191046540796283,0
2016-09-23,0,0,0.007171029042667643,-0.005479325904779397,0,-3.191046540796283,0
2016-09-26,0,0,0.0551797792808828,-0.008102226954951663,0,-3.191046540796283,0
2016-09-27,0,0,-0.05364372469635625,0.006207991038088112,0,-3.191046540796283,0
2016-09-28,0,0,-0.01069518716577544,0.004963584914412955,0,-3.191046540796283,0
2016-09-29,0,0,0.06234234234234237,-0.009047267355982158,0,-3.191046540796283,0
2016-09-30,0,0,-0.03900949796472197,0.00754611514812753,0,-3.191046540796283,0
2016-10-03,0,0,-0.006353688669255342,-0.00240406842348595,0,-3.191046540796283,0
2016-10-04,0,0,-0.002131438721136636,-0.005097784780795256,0,-3.191046540796283,0
2016-10-05,0,0,-0.007831968672125211,0.004425190981926619,0,-3.191046540796283,0
2016-10-06,0,0,-0.009329027628274256,0.0006956360432222031,0,-3.191046540796283,0
2016-10-07,0,0,0.002173125679101773,-0.003429418852535004,0,-3.191046540796283,0
2016-10-10,0,0,-0.02276834116371518,0.005208333333333259,0,-3.191046540796283,0
2016-10-11,0,0,0.05510355029585812,-0.01262953367875641,0,-3.191046540796283,0
2016-10-12,0,0,0.001752541184717682,0.001311905542801028,0,-3.191046540796283,0
2016-10-13,0,0,0.03149055283415003,-0.003275466754012579,0,-3.191046540796283,0
2016-10-14,0,0,-0.01119402985074647,0.0005164076803907403,0,-3.191046540796283,0
2016-10-17,0,0,-0.004116638078901946,-0.00347222222222221,0,-3.191046540796283,0
2016-10-18,0,0,-0.04030313468825375,0.006262359920896632,0,-3.191046540796283,0
2016-10-19,0,0,-0.02404881550610183,0.002667165785410042,0,-3.191046540796283,0
2016-10-20,0,0,-0.01250459727841102,-0.001866716445771965,0,-3.191046540796283,0
2016-10-21,0,0,-0.02160148975791432,0.000467551898260643,0,-3.191046540796283,0
2016-10-24,0,0,-0.03425961172440051,0.004252733900364403,0,-3.191046540796283,0
2016-10-25,0,0,0.008671659440283808,-0.003350551444925354,0,-3.191046540796283,0
2016-10-26,0,0,0.02500976944118793,-0.002007750852126677,0,-3.191046540796283,0
2016-10-27,0,0,0.01868089973313003,-0.002666791428838855,0,-3.191046540796283,0
2016-10-28,0,0,0.04191616766467043,-0.002955387718722169,0,-3.191046540796283,0
2016-10-31,0,0,0.02083333333333348,4.704996706506037e-05,0,-3.191046540796283,0
2016-11-01,0,0,0.02920478536242066,-0.007245354034345008,0,-3.191046540796283,0
2016-11-02,0,0,0.02256410256410257,-0.006018672100848166,0,-3.191046540796283,0
2016-11-03,0,0,0.05516549648946834,-0.004577095451511415,0,-3.191046540796283,0
2016-11-04,0,0,0.0009505703422052481,-0.001101638087939394,0,-3.191046540796283,0
2016-11-07,0,0,-0.1256726812282367,0.02205706065691682,0,-3.191046540796283,0
2016-11-08,0,0,-0.03005068790731358,0.004503870513722807,0,-3.191046540796283,0
2016-11-09,0,0,-0.02351623740201569,0.01060202699546964,0,-3.191046540796283,0
2016-11-10,0,0,0.02408256880733939,0.002495609575746238,0,-3.191046540796283,0
2016-11-11,0,0,-0.02276969018290409,-0.002304997234003348,0,-3.191046540796283,0
2016-11-14,0,0,-0.004201680672268893,0.0007855096571482978,0,-3.191046540796283,0
2016-11-15,0,0,-0.04257767548906788,0.007802760976961087,0,-3.191046540796283,0
2016-11-16,0,0,0.004807692307692291,-0.001878321422026707,0,-3.191046540796283,0
2016-11-17,0,0,-0.02990430622009566,0.005140680222150751,0,-3.191046540796283,0
2016-11-18,0,0,-0.005343197698314928,-0.002237545093383253,0,-3.191046540796283,0
2016-11-21,0,0,-0.0446280991735537,0.007551487414187763,0,-3.191046540796283,0
2016-11-22,0,0,0.006920415224913601,0.001953213717919677,0,-3.191046540796283,0
2016-11-23,0,0,0.0008591065292096189,0.0005440203100914864,0,-3.191046540796283,0
2016-11-25,0,0,-0.00472103004291835,0.003715450838241985,0,-3.191046540796283,0
2016-11-28,0,0,0.007761966364812301,-0.004694835680751241,0,-3.191046540796283,0
2016-11-29,0,0,-0.006846384253316073,0.00195029027576199,0,-3.191046540796283,0
2016-11-30,0,0,0.00129254631624276,-0.002399167081616915,0,-3.191046540796283,0
2016-12-01,0,0,0.03872633390705693,-0.00367546964334331,0,-3.191046540796283,0
2016-12-02,0,0,0.0004142502071249332,0.0005009791865919766,0,-3.191046540796283,0
2016-12-05,0,0,-0.06625258799171829,0.006008739985433387,0,-3.191046540796283,0
2016-12-06,0,0,-0.03458980044345916,0.003167420814479627,0,-3.191046540796283,0
2016-12-07,0,0,0.003674781809830163,0.01308073973838519,0,-3.191046540796283,0
2016-12-08,0,0,0.001372997711670321,0.002448797862867336,0,-3.191046540796283,0
2016-12-09,0,0,-0.009597806215721927,0.006040417499444839,0,-3.191046540796283,0
2016-12-12,0,0,0.006460544531610379,-0.001147852191956122,0,-3.191046540796283,0
2016-12-13,0,0,0.009628610729023546,0.006674033149171255,0,-3.191046540796283,0
2016-12-14,0,0,-0.003633060853769243,-0.00825430277485073,0,-3.191046540796283,0
2016-12-15,0,0,-0.01367365542388332,0.004117230387816528,0,-3.191046540796283,0
2016-12-16,0,0,-0.01386321626617393,-0.007803888717428764,0,-3.191046540796283,0
2016-12-19,0,0,-0.03467666354264287,0.002177390686100233,0,-3.191046540796283,0
2016-12-20,0,0,-0.01796116504854373,0.003857579922848409,0,-3.191046540796283,0
2016-12-21,0,0,-0.01631240731586747,-0.002782685512367489,0,-3.191046540796283,0
2016-12-22,0,0,0.01507537688442206,-0.001727421712362176,0,-3.191046540796283,0
2016-12-23,0,0,-0.002970297029702751,0.001464193806016478,0,-3.191046540796283,0
2016-12-27,0,0,-0.01588877855014903,0.002481059766957561,0,-3.191046540796283,0
2016-12-28,0,0,0.03481331987891023,-0.008264462809917328,0,-3.191046540796283,0
2016-12-29,0,0,0.01706484641638228,-0.0002228163992870069,0,-3.191046540796283,0
2016-12-30,0,0,0.01917545541706622,-0.003655003342990848,0,-3.191046540796283,0
2017-01-03,0,0,-0.07149576669802449,0.007649979868474155,0,-3.191046540796283,0
2017-01-04,0,0,-0.05065856129685919,0.005949209731841654,0,-3.191046540796283,0
2017-01-05,0,0,-0.004268943436499417,-0.0007944213964162783,0,-3.191046540796283,0
2017-01-06,0,0,-0.0123258306538051,0.003577738515901041,0,-3.191046540796283,0
2017-01-09,0,0,-0.003255561584373123,-0.00330091105145025,0,-3.191046540796283,0
2017-01-10,0,0,-0.006532389765922741,0,0,-3.191046540796283,0
2017-01-11,0,0,-0.02136986301369859,0.002826106155612518,0,-3.191046540796283,0
2017-01-12,0,0,0.0005599104143336753,-0.002509907529722577,0,-3.191046540796283,0
2017-01-13,0,0,0.001678791270285362,0.002295501699554281,0,-3.191046540796283,0
2017-01-17,0,0,-0.004469273743016644,-0.003523452983924313,0,-3.191046540796283,0
2017-01-18,0,0,-0.003928170594837299,0.002209944751381254,0,-3.191046540796283,0
2017-01-19,0,0,0.0112676056338028,-0.003704520396912936,0,-3.191046540796283,0
2017-01-20,0,0,-0.03899721448467952,0.003674029480766672,0,-3.191046540796283,0
2017-01-23,0,0,-0.008695652173912993,-0.002602099320808016,0,-3.191046540796283,0
2017-01-24,0,0,-0.04678362573099415,0.006411673667919393,0,-3.191046540796283,0
2017-01-25,0,0,-0.02453987730061358,0.008655536028119526,0,-3.191046540796283,0
2017-01-26,0,0,0.006918238993710801,-0.001045432765605203,0,-3.191046540796283,0
2017-01-27,0,0,-0.01124297314178646,-0.001569790258579395,0,-3.191046540796283,0
2017-01-30,0,0,0.02779532533164875,-0.006201685810368063,0,-3.191046540796283,0
2017-01-31,0,0,-0.005531653349723387,-8.789277081966418e-05,0,-3.191046540796283,0
2017-02-01,0,0,-0.01668726823238564,0.0003955522348702001,0,-3.191046540796283,0
2017-02-02,0,0,0.008170961659333731,0.0006589930586065051,0,-3.191046540796283,0
2017-02-03,0,0,-0.02182044887780554,0.006892918294771011,0,-3.191046540796283,0
2017-02-06,0,0,0.001912045889101321,-0.001787738728525334,0,-3.191046540796283,0
2017-02-07,0,0,0.006361323155216425,4.368147468647443e-05,0,-3.191046540796283,0
2017-02-08,0,0,-0.004424778761061954,0.001310387000960977,0,-3.191046540796283,0
2017-02-09,0,0,-0.0203174603174604,0.005932647007502956,0,-3.191046540796283,0
2017-02-10,0,0,-0.01749837977964985,0.0039462272333044,0,-3.191046540796283,0
2017-02-13,0,0,-0.03100263852242757,0.005442529480368163,0,-3.191046540796283,0
2017-02-14,0,0,-0.04288631722260039,0.003995360226833222,0,-3.191046540796283,0
2017-02-15,0,0,0.03413940256045511,0.005220367993153507,0,-3.191046540796283,0
2017-02-16,0,0,0.004814305364511773,-0.0008513536523071519,0,-3.191046540796283,0
2017-02-17,0,0,0.00273785078713229,0.001576346284935193,0,-3.191046540796283,0
2017-02-21,0,0,0.009556313993173804,0.00595516610659752,0,-3.191046540796283,0
2017-02-22,0,0,0.006085192697768971,-0.0008879868070531538,0,-3.191046540796283,0
2017-02-23,0,0,0.02553763440860202,0.0006771626883359527,0,-3.191046540796283,0
2017-02-24,0,0,-0.01179554390563575,0.001268820842497131,0,-3.191046540796283,0
2017-02-27,0,0,-0.005305039787798171,0.001562896004055014,0,-3.191046540796283,0
2017-02-28,0,0,0.0239999999999998,-0.002699169161992421,0,-3.191046540796283,0
2017-03-01,0,0,-0.02018229166666663,0.01399754725758018,0,-3.191046540796283,0
2017-03-02,0,0,0.001328903654485014,-0.006297439319376097,0,-3.191046540796283,0
2017-03-03,0,0,-0.03052422030524216,0.0006295379191672001,0,-3.191046540796283,0
2017-03-06,0,0,-0.01779603011635855,-0.002977938092441845,0,-3.191046540796283,0
2017-03-07,0,0,0,-0.002986832695300978,0,-3.191046540796283,0
2017-03-08,0,0,0.007665505226480684,-0.001856540084388181,0,-3.191046540796283,0
2017-03-09,0,0,-0.00553250345781453,0.001268177206628307,0,-3.191046540796283,0
2017-03-10,0,0,-0.01390820584144659,0.003504179684201469,0,-3.191046540796283,0
2017-03-13,0,0,-0.01974612129760223,0.0005048592704783861,0,-3.191046540796283,0
2017-03-14,0,0,0.01798561151079148,-0.003826584247929032,0,-3.191046540796283,0
2017-03-15,0,0,-0.03886925795053009,0.008653440270156132,0,-3.191046540796283,0
2017-03-16,0,0,-0.01911764705882368,-0.00196693869010256,0,-3.191046540796283,0
2017-03-17,0,0,-0.01124437781109444,-0.006080174438107933,0,-3.191046540796283,0
2017-03-20,0,0,0,-0.00109690756444325,0,-3.191046540796283,0
2017-03-21,0,0,0.03790750568612578,-0.01283946445917983,0,-3.191046540796283,0
2017-03-22,0,0,0.005113221329437589,0.002353142514867734,0,-3.191046540796283,0
2017-03-23,0,0,0.03415697674418605,-0.001067099197541443,0,-3.191046540796283,0
2017-03-24,0,0,-0.01827125790583273,-0.0007264025979574207,0,-3.191046540796283,0
2017-03-27,0,0,-0.02004294917680749,-0.00102625502437359,0,-3.191046540796283,0
2017-03-28,0,0,-0.05478451424397368,0.007276774248780038,0,-3.191046540796283,0
2017-03-29,0,0,-0.00386398763523943,0.0009348971613123425,0,-3.191046540796283,0
2017-03-30,0,0,0.003878975950349028,0.00318417253969594,0,-3.191046540796283,0
2017-03-31,0,0,0.01777434312210202,-0.002327648228871215,0,-3.191046540796283,0
2017-04-03,0,0,0.004555808656036442,-0.001739204208025757,0,-3.191046540796283,0
2017-04-04,0,0,-0.01209372637944062,0.0006374027960736051,0,-3.191046540796283,0
2017-04-05,0,0,0.03213465952563133,-0.002972651605231857,0,-3.191046540796283,0
2017-04-06,0,0,-0.01779095626389926,0.002811142346025974,0,-3.191046540796283,0
2017-04-07,0,0,0.03547169811320749,-0.001019367991845099,0,-3.191046540796283,0
2017-04-10,0,0,0.03571428571428581,0.0005952380952380931,0,-3.191046540796283,0
2017-04-11,0,0,0.04574243490499641,-0.001189767995240953,0,-3.191046540796283,0
2017-04-12,0,0,0.004037685060565233,-0.004381859950650879,0,-3.191046540796283,0
2017-04-13,0,0,0.02010723860589803,-0.006494893817032055,0,-3.191046540796283,0
2017-04-17,0,0,-0.04993429697766083,0.008859833985634946,0,-3.191046540796283,0
2017-04-18,0,0,-0.008298755186722073,-0.00298418382572363,0,-3.191046540796283,0
2017-04-19,0,0,0.02231520223152028,-0.00183862829777226,0,-3.191046540796283,0
2017-04-20,0,0,-0.02387448840381989,0.008139136394790913,0,-3.191046540796283,0
2017-04-21,0,0,0.002795248078266921,-0.00318687855868105,0,-3.191046540796283,0
2017-04-24,0,0,-0.1059233449477354,0.01099791124941385,0,-3.191046540796283,0
2017-04-25,0,0,-0.0241621200311769,0.005818611122823336,0,-3.191046540796283,0
2017-04-26,0,0,0.007987220447284393,-0.0006287989939216532,0,-3.191046540796283,0
2017-04-27,0,0,-0.009508716323296196,0.0008389261744965459,0,-3.191046540796283,0
2017-04-28,0,0,0.0007999999999999119,-0.002179379715004148,0,-3.191046540796283,0
2017-05-01,0,0,-0.03836930455635501,0.002520161290322509,0,-3.191046540796283,0
2017-05-02,0,0,0.001662510390690208,0.0003770739064856699,0,-3.191046540796283,0
2017-05-03,0,0,0.01991701244813271,-0.00121455794279024,0,-3.191046540796283,0
2017-05-04,0,0,-0.02359641985353933,0.001174102650117526,0,-3.191046540796283,0
2017-05-05,0,0,0.004166666666666652,0.003937007874015741,0,-3.191046540796283,0
2017-05-08,0,0,-0.02489626556016611,-0.0001668752607425494,0,-3.191046540796283,0
2017-05-09,0,0,-0.003404255319148897,-0.0009179671200867379,0,-3.191046540796283,0
2017-05-10,0,0,0.004269854824935804,0.00179585699966589,0,-3.191046540796283,0
2017-05-11,0,0,-0.00170068027210879,-0.00204277316879975,0,-3.191046540796283,0
2017-05-12,0,0,-0.001703577512776722,-0.001670983373715407,0,-3.191046540796283,0
2017-05-15,0,0,-0.02218430034129693,0.005523474767763048,0,-3.191046540796283,0
2017-05-16,0,0,-0.008726003490401535,-0.0009155222638368432,0,-3.191046540796283,0
2017-05-17,0,0,0.1804577464788732,-0.01774408530489846,0,-3.191046540796283,0
2017-05-18,0,0,-0.02386278896346017,0.004028496310745533,0,-3.191046540796283,0
2017-05-19,0,0,-0.07104660045836508,0.006504202390505531,0,-3.191046540796283,0
2017-05-22,0,0,-0.04440789473684226,0.005077420167009405,0,-3.191046540796283,0
2017-05-23,0,0,-0.001721170395869054,0.002212758851035446,0,-3.191046540796283,0
2017-05-24,0,0,-0.02500000000000002,0.002332847323474274,0,-3.191046540796283,0
2017-05-25,0,0,0.007957559681697868,0.004779518723244891,0,-3.191046540796283,0
2017-05-26,0,0,-0.01578947368421046,-0.0002068166776968416,0,-3.191046540796283,0
2017-05-30,0,0,-0.00623885918003575,-0.0008688097306690512,0,-3.191046540796283,0
2017-05-31,0,0,0.008071748878923701,-0.0002484472049689712,0,-3.191046540796283,0
2017-06-01,0,0,-0.02313167259786475,0.007952286282306265,0,-3.191046540796283,0
2017-06-02,0,0,0.0009107468123861207,0.003328402366863825,0,-3.191046540796283,0
2017-06-05,0,0,0.005459508644222177,-0.0007371913011425812,0,-3.191046540796283,0
2017-06-06,0,0,0.02262443438914019,-0.003196852330013544,0,-3.191046540796283,0
2017-06-07,0,0,-0.01150442477876112,0.001850252867891866,0,-3.191046540796283,0
2017-06-08,0,0,-0.0214861235452104,0.0004924895345974623,0,-3.191046540796283,0
2017-06-09,0,0,0.0137236962488565,-0.001517761916482119,0,-3.191046540796283,0
2017-06-12,0,0,0.010830324909747,-0.0002054147323445887,0,-3.191046540796283,0
2017-06-13,0,0,-0.03392857142857131,0.00488987508218286,0,-3.191046540796283,0
2017-06-14,0,0,-0.004621072088724643,-0.00126763443058675,0,-3.191046540796283,0
2017-06-15,0,0,0.01299907149489332,-0.001924336717982311,0,-3.191046540796283,0
2017-06-16,0,0,-0.010999083409716,-0.004635517085777696,0,-3.191046540796283,0
2017-06-19,0,0,-0.03058387395736772,0.008325090669304425,0,-3.191046540796283,0
2017-06-20,0,0,0.02772466539196916,-0.006744052971470627,0,-3.191046540796283,0
2017-06-21,0,0,-0.009302325581395321,-0.0002469034196124209,0,-3.191046540796283,0
2017-06-22,0,0,-0.009389671361502261,-0.0004527680592714134,0,-3.191046540796283,0
2017-06-23,0,0,-0.01042654028436019,0.001194201943666595,0,-3.191046540796283,0
2017-06-26,0,0,-0.02107279693486586,0.000658084152511007,0,-3.191046540796283,0
2017-06-27,0,0,0.03228962818003911,-0.008056229191499731,0,-3.191046540796283,0
2017-06-28,0,0,-0.02843601895734593,0.008950399867401426,0,-3.191046540796283,0
2017-06-29,0,0,0.05170731707317056,-0.008788861965583816,0,-3.191046540796283,0
2017-06-30,0,0,-0.01391465677179959,0.001864512119328809,0,-3.191046540796283,0
2017-07-03,0,0,0.01317027281279404,0.001695616211745188,0,-3.191046540796283,0
2017-07-05,0,0,-0.001857010213556221,0.002312043268238417,0,-3.191046540796283,0
2017-07-06,0,0,0.04930232558139536,-0.009144457717180865,0,-3.191046540796283,0
2017-07-07,0,0,-0.03280141843971618,0.006485138224901377,0,-3.191046540796283,0
2017-07-10,0,0,-0.02566452795600371,0.001073892032547041,0,-3.191046540796283,0
2017-07-11,0,0,-0.002822201317027262,-0.0007426661715559391,0,-3.191046540796283,0
2017-07-12,0,0,-0.02735849056603779,0.007514761137949577,0,-3.191046540796283,0
2017-07-13,0,0,-0.0106692531522794,0.001680259005778506,0,-3.191046540796283,0
2017-07-14,0,0,-0.01960784313725472,0.004664102773913825,0,-3.191046540796283,0
2017-07-17,0,0,-0.02675000000000016,-0.000122169734484423,0,-3.191046540796283,0
2017-07-18,0,0,-0.01207295145132281,0.0005294668675925873,0,-3.191046540796283,0
2017-07-19,0,0,-0.01170046801872082,0.005413986811039662,0,-3.191046540796283,0
2017-07-20,0,0,-0.009208103130755041,0.0004453621604112445,0,-3.191046540796283,0
2017-07-21,0,0,-0.009293680297397522,-0.0008903278025090833,0,-3.191046540796283,0
2017-07-24,0,0,-0.01768962744572522,-0.0002430330524951785,0,-3.191046540796283,0
2017-07-25,0,0,0.004092769440654731,0.002430921319179991,0,-3.191046540796283,0
2017-07-26,0,0,0.001630434782608603,4.041710451874181e-05,0,-3.191046540796283,0
2017-07-27,0,0,0.008138903960933419,-0.0009295558339733612,0,-3.191046540796283,0
2017-07-28,0,0,0.01022604951560813,-0.001173139158575975,0,-3.191046540796283,0
2017-07-31,0,0,-0.006925945657964672,-0.0005670082216191474,0,-3.191046540796283,0
2017-08-01,0,0,-0.01287553648068684,0.002228796044900117,0,-3.191046540796283,0
2017-08-02,0,0,0.005434782608696009,0.0004852013585638915,0,-3.191046540796283,0
2017-08-03,0,0,0.01270270270270268,-0.001939864209505315,0,-3.191046540796283,0
2017-08-04,0,0,-0.004270082732852898,0.001822157434402394,0,-3.191046540796283,0
2017-08-07,0,0,-0.01232913428035387,0.001859261953841784,0,-3.191046540796283,0
2017-08-08,0,0,0.02849389416553572,-0.002460967442611151,0,-3.191046540796283,0
2017-08-09,0,0,0.02612137203166243,-4.044325810881322e-05,0,-3.191046540796283,0
2017-08-10,0,0,0.1362818205194138,-0.01411526794742168,0,-3.191046540796283,0
2017-08-11,0,0,0.02964471599909468,0.001476862487692854,0,-3.191046540796283,0
2017-08-14,0,0,-0.1303296703296704,0.009913157463542488,0,-3.191046540796283,0
2017-08-15,0,0,-0.007076067728076896,-0.0001216841080554643,0,-3.191046540796283,0
2017-08-16,0,0,-0.005853906846525647,0.001744351141941491,0,-3.191046540796283,0
2017-08-17,0,0,0.165642601126472,-0.0155908317809994,0,-3.191046540796283,0
2017-08-18,0,0,-0.02943114430046123,-0.001563207042659109,0,-3.191046540796283,0
2017-08-21,0,0,-0.03960171984611915,0.0007828272423879845,0,-3.191046540796283,0
2017-08-22,0,0,-0.07351555136663523,0.01045697818032099,0,-3.191046540796283,0
2017-08-23,0,0,0.008646998982705822,-0.003585397653194211,0,-3.191046540796283,0
2017-08-24,0,0,0.02773575390821992,-0.002330716388616261,0,-3.191046540796283,0
2017-08-25,0,0,-0.02772325809617271,0.002336161318086782,0,-3.191046540796283,0
2017-08-28,0,0,-0.008831693161746146,4.088976120386612e-05,0,-3.191046540796283,0
2017-08-29,0,0,0.01196537678207732,0.001144866500388364,0,-3.191046540796283,0
2017-08-30,0,0,-0.005283018867924594,0.004737594445578974,0,-3.191046540796283,0
2017-08-31,0,0,-0.0273141122913505,0.006016015609121572,0,-3.191046540796283,0
2017-09-01,0,0,-0.00286011440457612,0.001414198553476798,0,-3.191046540796283,0
2017-09-05,0,0,0.05449804432855276,-0.007182052937378947,0,-3.191046540796283,0
2017-09-06,0,0,-0.02324431256181991,0.003413801511826353,0,-3.191046540796283,0
2017-09-07,0,0,-0.005063291139240533,-0.0001215066828675893,0,-3.191046540796283,0
2017-09-08,0,0,0.02442748091603053,-0.001174707335844793,0,-3.191046540796283,0
2017-09-11,0,0,-0.05563835072031775,0.01066590964392899,0,-3.191046540796283,0
2017-09-12,0,0,-0.02682798527091002,0.003370651257975199,0,-3.191046540796283,0
2017-09-13,0,0,-0.03486486486486517,0.0004799040191960646,0,-3.191046540796283,0
2017-09-14,0,0,0.0134416129935595,-0.0003197825478673533,0,-3.191046540796283,0
2017-09-15,0,0,-0.01713180436584694,-0.0035987044663921,0,-3.191046540796283,0
2017-09-18,0,0,-0.04413831880798424,0.002126891127252284,0,-3.191046540796283,0
2017-09-19,0,0,0,0.001001121255806536,0,-3.191046540796283,0
2017-09-20,0,0,0.0008823529411765563,0.0003600432051846791,0,-3.191046540796283,0
2017-09-21,0,0,0,-0.002679356954330969,0,-3.191046540796283,0
2017-09-22,0,0,0.00558330884513647,0.0002004891936324693,0,-3.191046540796283,0
2017-09-25,0,0,0.002045587375803626,-0.002044579858883844,0,-3.191046540796283,0
2017-09-26,0,0,-0.01224846894138243,0.0006025790382839791,0,-3.191046540796283,0
2017-09-27,0,0,-0.005609684086211875,0.003894331138589946,0,-3.191046540796283,0
2017-09-28,0,0,-0.01514251781472675,0.001199760047990273,0,-3.191046540796283,0
2017-09-29,0,0,-0.01929454326198377,0.003515078889554601,0,-3.191046540796283,0
2017-10-02,0,0,-0.02121118967107294,0.004338653823189986,0,-3.191046540796283,0
2017-10-03,0,0,-0.002198492462311519,0.00214013950539016,0,-3.191046540796283,0
2017-10-04,0,0,0.001888574126534426,0.001186427272008128,0,-3.191046540796283,0
2017-10-05,0,0,-0.03393025447690845,0.005925106651919698,0,-3.191046540796283,0
2017-10-06,0,0,0.00227642276422757,-0.00113877326631584,0,-3.191046540796283,0
2017-10-09,0,0,0.01881894873458778,-0.001651138105908778,0,-3.191046540796283,0
2017-10-10,0,0,-0.02133757961783422,0.002638314628863991,0,-3.191046540796283,0
2017-10-11,0,0,-0.02082655385616672,0.001570968502081493,0,-3.191046540796283,0
2017-10-12,0,0,-0.005982053838484491,-0.00149007920947386,0,-3.191046540796283,0
2017-10-13,0,0,-0.01771982614510204,0.001217404963870461,0,-3.191046540796283,0
2017-10-16,0,0,-0.01803948264125232,0.001333594822514161,0,-3.191046540796283,0
2017-10-17,0,0,0.003119584055459201,0.000705080496690158,0,-3.191046540796283,0
2017-10-18,0,0,-0.005528680027643285,0.0009785884839708103,0,-3.191046540796283,0
2017-10-19,0,0,-0.006949270326615964,0.0002737368997340894,0,-3.191046540796283,0
2017-10-20,0,0,-0.01854443666899908,0.005160483208882294,0,-3.191046540796283,0
2017-10-23,0,0,0.03208556149732611,-0.003889385865971762,0,-3.191046540796283,0
2017-10-24,0,0,0.01036269430051817,0.001757057514349292,0,-3.191046540796283,0
2017-10-25,0,0,0.03316239316239322,-0.00495010913626448,0,-3.191046540796283,0
2017-10-26,0,0,-0.004632693580410407,0.001292647577265216,0,-3.191046540796283,0
2017-10-27,0,0,-0.05485372340425543,0.008176199045458077,0,-3.191046540796283,0
2017-10-30,0,0,0.008793527963419034,-0.003725117380000698,0,-3.191046540796283,0
2017-10-31,0,0,-0.01813110181311017,0.001557935735150728,0,-3.191046540796283,0
2017-11-01,0,0,0.005326704545454586,0.001322185494847528,0,-3.191046540796283,0
2017-11-02,0,0,-0.01095019427764032,0.0003883645966833438,0,-3.191046540796283,0
2017-11-03,0,0,-0.002142857142857224,0.003338638922318449,0,-3.191046540796283,0
2017-11-06,0,0,-0.00966356478167496,0.001547688140839831,0,-3.191046540796283,0
2017-11-07,0,0,0.006143838091796194,-0.000695383426695062,0,-3.191046540796283,0
2017-11-08,0,0,0.0003591954022990063,0.001701009007615939,0,-3.191046540796283,0
2017-11-09,0,0,0.01508078994613982,-0.00362780286364861,0,-3.191046540796283,0
2017-11-10,0,0,0.02228510788822047,-0.0003098733392726816,0,-3.191046540796283,0
2017-11-13,0,0,0.003114186851211231,0.0009299081715681279,0,-3.191046540796283,0
2017-11-14,0,0,0.007933770265608819,-0.002322610614330367,0,-3.191046540796283,0
2017-11-15,0,0,0.03661875427789174,-0.005005238039809234,0,-3.191046540796283,0
2017-11-16,0,0,-0.04060746120831948,0.008501013882389774,0,-3.191046540796283,0
2017-11-17,0,0,-0.01582931865106663,-0.002938674503132011,0,-3.191046540796283,0
2017-11-20,0,0,-0.03146853146853146,0.001706352284185142,0,-3.191046540796283,0
2017-11-21,0,0,-0.03898916967509036,0.00654277971351136,0,-3.191046540796283,0
2017-11-22,0,0,-0.008640120210368196,-0.0008846494095927637,0,-3.191046540796283,0
2017-11-24,0,0,-0.004547176960969956,0.002309824453341713,0,-3.191046540796283,0
2017-11-27,0,0,-0.002283974114960174,-0.0004993086495621579,0,-3.191046540796283,0
2017-11-28,0,0,-0.01335368180083929,0.01014487184413793,0,-3.191046540796283,0
2017-11-29,0,0,0.02281515854601701,-0.0006086658804733691,0,-3.191046540796283,0
2017-11-30,0,0,0.003024574669187263,0.008754900841231761,0,-3.191046540796283,0
2017-12-01,0,0,0.02751601960045225,-0.002075393381381851,0,-3.191046540796283,0
2017-12-04,0,0,-0.008070432868672262,-0.001210012856386555,0,-3.191046540796283,0
2017-12-05,0,0,-0.004437869822485174,-0.003596577572499426,0,-3.191046540796283,0
2017-12-06,0,0,-0.0003714710252600284,0.000189976822827731,0,-3.191046540796283,0
2017-12-07,0,0,-0.03344481605351157,0.003153016258927055,0,-3.191046540796283,0
2017-12-08,0,0,-0.03152633602460597,0.005453099556935737,0,-3.191046540796283,0
2017-12-11,0,0,-0.03453751488685997,0.003013069187601358,0,-3.191046540796283,0
2017-12-12,0,0,0.002467105263157965,0.001764860500919951,0,-3.191046540796283,0
2017-12-13,0,0,-0.003691550451189518,-0.0001124522078115309,0,-3.191046540796283,0
2017-12-14,0,0,-0.004528612597776926,-0.004086223055295157,0,-3.191046540796283,0
2017-12-15,0,0,-0.03391232423490476,0.003199578408491943,0,-3.191046540796283,0
2017-12-18,0,0,-0.01369863013698636,0.006341225469963518,0,-3.191046540796283,0
2017-12-19,0,0,0.004340277777777901,-0.003840417598806711,0,-3.191046540796283,0
2017-12-20,0,0,-0.003025064822817725,-0.0005240109293709327,0,-3.191046540796283,0
2017-12-21,0,0,-0.007802340702210531,0.002059693667378237,0,-3.191046540796283,0
2017-12-22,0,0,0.006116207951070374,-0.0002616040062785041,0,-3.191046540796283,0
2017-12-26,0,0,0,-0.001196216963851748,0,-3.191046540796283,0
2017-12-27,0,0,0.005644811115935511,0.0004865451551330224,0,-3.191046540796283,0
2017-12-28,0,0,-0.0164075993091537,0.002057459224898972,0,-3.191046540796283,0
2017-12-29,0,0,0.0162423178226514,-0.003770485683353808,0,-3.191046540796283,0
2018-01-02,0,0,-0.03542116630669534,0.007157310949561513,0,-3.191046540796283,0
2018-01-03,0,0,-0.01970443349753692,0.006325110689437308,0,-3.191046540796283,0
2018-01-04,0,0,-0.003197807217907744,0.00421488519983737,0,-3.191046540796283,0
2018-01-05,0,0,0.0004582951420712966,0.006663966716983882,0,-3.191046540796283,0
2018-01-08,0,0,-0.01282638570774153,0.001828688464633244,0,-3.191046540796283,0
2018-01-09,0,0,0.01020881670533624,0.002263434579439227,0,-3.191046540796283,0
2018-01-10,0,0,-0.009646302250803873,-0.001529831718511065,0,-3.191046540796283,0
2018-01-11,0,0,-0.006029684601113194,0.007296074711805156,0,-3.191046540796283,0
2018-01-12,0,0,0.0004666355576297132,0.006518904823989535,0,-3.191046540796283,0
2018-01-16,0,0,0.06156716417910446,-0.003418249856073641,0,-3.191046540796283,0
2018-01-17,0,0,-0.02328646748681906,0.009531718236632125,0,-3.191046540796283,0
2018-01-18,0,0,0.004948268106162779,-0.00168091269983206,0,-3.191046540796283,0
2018-01-19,0,0,-0.003581020590868289,0.004549688328437496,0,-3.191046540796283,0
2018-01-22,0,0,-0.02111410601976649,0.008130951107307105,0,-3.191046540796283,0
2018-01-23,0,0,0.01606241395135388,0.002122466305847448,0,-3.191046540796283,0
2018-01-24,0,0,0.02619692863595313,-0.0003882946803629439,0,-3.191046540796283,0
2018-01-25,0,0,0.01672535211267623,0.0004237587400239828,0,-3.191046540796283,0
2018-01-26,0,0,-0.007359307359307454,0.01157783268619839,0,-3.191046540796283,0
2018-01-29,0,0,0.07283035324901888,-0.006629911368553176,0,-3.191046540796283,0
2018-01-30,0,0,0.03170731707317076,-0.01025713081354507,0,-3.191046540796283,0
2018-01-31,0,0,-0.0228526398739165,0.0004968767745598957,0,-3.191046540796283,0
2018-02-01,0,0,-0.03064516129032258,-0.001135154310038966,0,-3.191046540796283,0
2018-02-02,0,0,0.1360232945091515,-0.02177001207472118,0,-3.191046540796283,0
2018-02-05,0,0,0.3423654339069937,-0.04182247231802494,0,-3.191046540796283,0
2018-02-06,0,0,-0.03246044735406428,0.0197021937634978,0,-3.191046540796283,0
2018-02-07,0,0,0.03946997462644464,-0.005424887600787631,0,-3.191046540796283,0
2018-02-08,0,0,0.2413886628695419,-0.03750887286584237,0,-3.191046540796283,0
2018-02-09,0,0,-0.09525890321171093,0.01502154252222176,0,-3.191046540796283,0
2018-02-12,0,0,-0.0417773484665539,0.01468451242829816,0,-3.191046540796283,0
2018-02-13,0,0,0.001008064516129226,0.002487374689078337,0,-3.191046540796283,0
2018-02-14,0,0,-0.1168177240684795,0.01349624060150356,0,-3.191046540796283,0
2018-02-15,0,0,-0.01938426453819841,0.01276011721503023,0,-3.191046540796283,0
2018-02-16,0,0,0.01395348837209331,0.0002930080943488456,0,-3.191046540796283,0
2018-02-20,0,0,0.04329128440366947,-0.006261213430486023,0,-3.191046540796283,0
2018-02-21,0,0,0.01319043693322342,-0.004974207811348386,0,-3.191046540796283,0
2018-02-22,0,0,-0.01708706265256299,0.001296056285872815,0,-3.191046540796283,0
2018-02-23,0,0,-0.07588300220750555,0.015939349112426,0,-3.191046540796283,0
2018-02-26,0,0,-0.041504926843834,0.01161224564085761,0,-3.191046540796283,0
2018-02-27,0,0,0.09408099688473515,-0.01248650593738743,0,-3.191046540796283,0
2018-02-28,0,0,0.04470387243735763,-0.01013008781838731,0,-3.191046540796283,0
2018-03-01,0,0,0.06786590351594435,-0.01454076937235405,0,-3.191046540796283,0
2018-03-02,0,0,-0.03981623277182256,0.005155024280911524,0,-3.191046540796283,0
2018-03-05,0,0,-0.0465178096757044,0.0115579009959863,0,-3.191046540796283,0
2018-03-06,0,0,0.007527181488709456,0.002534993938057895,0,-3.191046540796283,0
2018-03-07,0,0,-0.0113447703375763,-0.0003664614482556949,0,-3.191046540796283,0
2018-03-08,0,0,-0.03722362160649317,0.004839064447540231,0,-3.191046540796283,0
2018-03-09,0,0,-0.07936046511627903,0.01740240788033565,0,-3.191046540796283,0
2018-03-12,0,0,0.04167982317650765,-0.001255065084089457,0,-3.191046540796283,0
2018-03-13,0,0,0.02152167323431353,-0.006462731581214798,0,-3.191046540796283,0
2018-03-14,0,0,0.01988130563798207,-0.005131540907776899,0,-3.191046540796283,0
2018-03-15,0,0,-0.03084084957812017,-0.001089720305121777,0,-3.191046540796283,0
2018-03-16,0,0,-0.01621134794356061,-0.002909090909090972,0,-3.191046540796283,0
2018-03-19,0,0,0.09307293256026861,-0.01353026987600281,0,-3.191046540796283,0
2018-03-20,0,0,-0.02093802345058637,0.001700617398055382,0,-3.191046540796283,0
2018-03-21,0,0,-0.01140575990875381,-0.001919173279202768,0,-3.191046540796283,0
2018-03-22,0,0,0.1303720796077299,-0.02499722663905624,0,-3.191046540796283,0
2018-03-23,0,0,0.05639193671855058,-0.02131452194030414,0,-3.191046540796283,0
2018-03-26,0,0,-0.07753623188405778,0.02735903894594061,0,-3.191046540796283,0
2018-03-27,0,0,0.08012568735271008,-0.01701180641997657,0,-3.191046540796283,0
2018-03-28,0,0,0.02181818181818174,-0.002954719877206635,0,-3.191046540796283,0
2018-03-29,0,0,-0.07117437722419939,0.01277758534426354,0,-3.191046540796283,0
2018-04-02,0,0,0.0950191570881227,-0.02158464753942602,0,-3.191046540796283,0
2018-04-03,0,0,-0.04408677396780969,0.01281702722647271,0,-3.191046540796283,0
2018-04-04,0,0,-0.0163494387506099,0.01069908348352966,0,-3.191046540796283,0
2018-04-05,0,0,-0.03721161002232698,0.00789194111397773,0,-3.191046540796283,0
2018-04-06,0,0,0.06261272867817547,-0.02228580033127525,0,-3.191046540796283,0
2018-04-09,0,0,0.0002424830261882338,0.004928384413984244,0,-3.191046540796283,0
2018-04-10,0,0,-0.02521212121212124,0.01590038314176234,0,-3.191046540796283,0
2018-04-11,0,0,0.007958219348420892,-0.005242315670375253,0,-3.191046540796283,0
2018-04-12,0,0,-0.04095731556871463,0.00822717622080682,0,-3.191046540796283,0
2018-04-13,0,0,-0.03678929765886285,-0.002933102696198397,0,-3.191046540796283,0
2018-04-16,0,0,-0.05021367521367504,0.008221761267207306,0,-3.191046540796283,0
2018-04-17,0,0,-0.05989876265466842,0.01069838776044585,0,-3.191046540796283,0
2018-04-18,0,0,0.003589590188453506,0.0007402198452939324,0,-3.191046540796283,0
2018-04-19,0,0,0.01520119225037297,-0.005547542438699704,0,-3.191046540796283,0
2018-04-20,0,0,0.02935995302407512,-0.008479303804529659,0,-3.191046540796283,0
2018-04-23,0,0,-0.01112378779235601,-0.0001500318817749813,0,-3.191046540796283,0
2018-04-24,0,0,0.05249495240842239,-0.0134673819259481,0,-3.191046540796283,0
2018-04-25,0,0,0.007673335160317762,0.002471670849494068,0,-3.191046540796283,0
2018-04-26,0,0,-0.04895295077508832,0.01016576262185631,0,-3.191046540796283,0
2018-04-27,0,0,-0.01944523877609383,0.0009387555855957519,0,-3.191046540796283,0
2018-04-30,0,0,0.001166520851560104,-0.007690576230492185,0,-3.191046540796283,0
2018-05-01,0,0,-0.01456452082726478,0.001776870439681,0,-3.191046540796283,0
2018-05-02,0,0,-0.006503103754064488,-0.006717488112310432,0,-3.191046540796283,0
2018-05-03,0,0,0.01963701279381147,-0.002203647416413324,0,-3.191046540796283,0
2018-05-04,0,0,-0.03122264371170125,0.01294646256949195,0,-3.191046540796283,0
2018-05-07,0,0,-0.006325301204819334,0.003383204270355655,0,-3.191046540796283,0
2018-05-08,0,0,-0.003031221582297738,0,0,-3.191046540796283,0
2018-05-09,0,0,-0.04165399817573723,0.009665817473400118,0,-3.191046540796283,0
2018-05-10,0,0,-0.04473350253807118,0.009350649350649221,0,-3.191046540796283,0
2018-05-11,0,0,-0.01627366323480561,0.003051246231894789,0,-3.191046540796283,0
2018-05-14,0,0,-0.03308575286968274,0.000476452263148186,0,-3.191046540796283,0
2018-05-15,0,0,0.0708798882681565,-0.006886951425012833,0,-3.191046540796283,0
2018-05-16,0,0,-0.03586566677535041,0.00420509037255612,0,-3.191046540796283,0
2018-05-17,0,0,-0.02570172472100118,-0.0008448427857773444,0,-3.191046540796283,0
2018-05-18,0,0,0.01318986463033678,-0.002499908091614267,0,-3.191046540796283,0
2018-05-21,0,0,-0.03151764302843441,0.007518519883536801,0,-3.191046540796283,0
2018-05-22,0,0,0.01202688362221438,-0.002780114862640293,0,-3.191046540796283,0
2018-05-23,0,0,-0.01817546312478158,0.002751183008693703,0,-3.191046540796283,0
2018-05-24,0,0,-0.005695977216091164,-0.002048580626280327,0,-3.191046540796283,0
2018-05-25,0,0,0.01288936627282489,-0.002382697947214241,0,-3.191046540796283,0
2018-05-29,0,0,0.1208907741251326,-0.01150101047216612,0,-3.191046540796283,0
2018-05-30,0,0,-0.04888047934405548,0.0133447327336258,0,-3.191046540796283,0
2018-05-31,0,0,0.01326259946949615,-0.00612596749935812,0,-3.191046540796283,0
2018-06-01,0,0,-0.04188481675392652,0.009817671809256856,0,-3.191046540796283,0
2018-06-04,0,0,-0.04200819672131151,0.004751461988304007,0,-3.191046540796283,0
2018-06-05,0,0,-0.01105169340463463,0.0007275372862860507,0,-3.191046540796283,0
2018-06-06,0,0,-0.03821196827685669,0.008360596146855581,0,-3.191046540796283,0
2018-06-07,0,0,0.01461769115442291,-0.0001081470800287088,0,-3.191046540796283,0
2018-06-08,0,0,-0.006649427410417408,0.002956339906983407,0,-3.191046540796283,0
2018-06-11,0,0,-0.01375976199330609,0.001330026241058269,0,-3.191046540796283,0
2018-06-12,0,0,-0.004524886877828149,0.001292360712234375,0,-3.191046540796283,0
2018-06-13,0,0,0.01325757575757591,-0.003190879105119948,0,-3.191046540796283,0
2018-06-14,0,0,-0.0317757009345796,0.002517713915764608,0,-3.191046540796283,0
2018-06-15,0,0,0.008494208494208788,-0.00574032217558218,0,-3.191046540796283,0
2018-06-18,0,0,-0.01263399693721301,-0.002056796449319775,0,-3.191046540796283,0
2018-06-19,0,0,0.04846839860411012,-0.00383280300838873,0,-3.191046540796283,0
2018-06-20,0,0,-0.02218934911242598,0.001705989110707851,0,-3.191046540796283,0
2018-06-21,0,0,0.0658093797276853,-0.00626879733304353,0,-3.191046540796283,0
2018-06-22,0,0,-0.02696948190205806,0.001823220536756098,0,-3.191046540796283,0
2018-06-25,0,0,0.1458789204959883,-0.01361287035014924,0,-3.191046540796283,0
2018-06-26,0,0,-0.04105665181413121,0.002214022140221594,0,-3.191046540796283,0
2018-06-27,0,0,0.05708596083637585,-0.008284241531664183,0,-3.191046540796283,0
2018-06-28,0,0,-0.01507064364207222,0.005717467978466617,0,-3.191046540796283,0
2018-06-29,0,0,-0.02709595154606315,0.001439698770718589,0,-3.191046540796283,0
2018-07-02,0,0,0.004914809960681499,0.002138012385727084,0,-3.191046540796283,0
2018-07-03,0,0,0.007825236387349221,-0.003531229309203354,0,-3.191046540796283,0
2018-07-05,0,0,-0.03688126819799409,0.008157991878922299,0,-3.191046540796283,0
2018-07-06,0,0,-0.05005038629492764,0.008458130423638854,0,-3.191046540796283,0
2018-07-09,0,0,-0.05374823196605383,0.009004429598431285,0,-3.191046540796283,0
2018-07-10,0,0,-0.01868460388639759,0.003598416696653395,0,-3.191046540796283,0
2018-07-11,0,0,0.03351104341203337,-0.007314449623520791,0,-3.191046540796283,0
2018-07-12,0,0,-0.03500368459837888,0.009065953911724378,0,-3.191046540796283,0
2018-07-13,0,0,-0.01030927835051543,0.0007874861295056323,0,-3.191046540796283,0
2018-07-16,0,0,-0.006558641975308532,-0.0008941664580278674,0,-3.191046540796283,0
2018-07-17,0,0,-0.01165048543689329,0.004045249516718252,0,-3.191046540796283,0
2018-07-18,0,0,-0.008644400785854489,0.002103611794487703,0,-3.191046540796283,0
2018-07-19,0,0,0.01942132382084827,-0.003771436703906672,0,-3.191046540796283,0
2018-07-20,0,0,0.003499222395023205,-0.001142857142857112,0,-3.191046540796283,0
2018-07-23,0,0,-0.003874467260751691,0.001859267734553693,0,-3.191046540796283,0
2018-07-24,0,0,-0.01983663943990666,0.005032119914347044,0,-3.191046540796283,0
2018-07-25,0,0,-0.003174603174602941,0.008522424629807013,0,-3.191046540796283,0
2018-07-26,0,0,0.002786624203821697,-0.002359071863666795,0,-3.191046540796283,0
2018-07-27,0,0,0.02778880508138126,-0.00677631114561994,0,-3.191046540796283,0
2018-07-30,0,0,0.02819621475473166,-0.00522350934546234,0,-3.191046540796283,0
2018-07-31,0,0,-0.02779864763335849,0.004929451687801345,0,-3.191046540796283,0
2018-08-01,0,0,-0.008887171561051121,-0.001670635908008311,0,-3.191046540796283,0
2018-08-02,0,0,-0.01052631578947349,0.005447553941465344,0,-3.191046540796283,0
2018-08-03,0,0,-0.01536643026004725,0.004284854279542616,0,-3.191046540796283,0
2018-08-06,0,0,-0.03921568627450989,0.003667136812411709,0,-3.191046540796283,0
2018-08-07,0,0,-0.01915868388171582,0.003302417088251852,0,-3.191046540796283,0
2018-08-08,0,0,-0.01486199575371561,-0.0004201974928216279,0,-3.191046540796283,0
2018-08-09,0,0,0.01379310344827589,-0.00136621593217956,0,-3.191046540796283,0
2018-08-10,0,0,0.04889455782312946,-0.006700108745220312,0,-3.191046540796283,0
2018-08-13,0,0,0.0603972436157274,-0.003743466591326516,0,-3.191046540796283,0
2018-08-14,0,0,-0.05160550458715607,0.006380716058135283,0,-3.191046540796283,0
2018-08-15,0,0,0.06287787182587667,-0.007467418104966539,0,-3.191046540796283,0
2018-08-16,0,0,-0.05384907091391733,0.008091418837391062,0,-3.191046540796283,0
2018-08-17,0,0,-0.02605210420841675,0.003520383017672213,0,-3.191046540796283,0
2018-08-20,0,0,-0.01934156378600826,0.002139900371851633,0,-3.191046540796283,0
2018-08-21,0,0,0.02119177507343695,0.002345363531347289,0,-3.191046540796283,0
2018-08-22,0,0,-0.01212245736593398,-0.0005936997974435032,0,-3.191046540796283,0
2018-08-23,0,0,-0.007487520798668879,-0.001327882028165028,0,-3.191046540796283,0
2018-08-24,0,0,-0.005029337803855838,0.006018405122642401,0,-3.191046540796283,0
2018-08-27,0,0,0.003369839932603202,0.007895377552085137,0,-3.191046540796283,0
2018-08-28,0,0,-0.001259445843828866,0.0004831251294086236,0,-3.191046540796283,0
2018-08-29,0,0,0,0.005380794701986824,0,-3.191046540796283,0
2018-08-30,0,0,0.02059688944934868,-0.004048305201042934,0,-3.191046540796283,0
2018-08-31,0,0,-0.01400329489291596,3.444712366507119e-05,0,-3.191046540796283,0
2018-09-04,0,0,0.00459482038429404,-0.001722296855085959,0,-3.191046540796283,0
2018-09-05,0,0,0.008731808731808677,-0.002691418515579302,0,-3.191046540796283,0
2018-09-06,0,0,0.03091508656224229,-0.003010068159014501,0,-3.191046540796283,0
2018-09-07,0,0,0.01679328268692526,-0.001943364797334812,0,-3.191046540796283,0
2018-09-10,0,0,-0.02752654345261507,0.00173852573018074,0,-3.191046540796283,0
2018-09-11,0,0,-0.0311362717347351,0.003297466157584195,0,-3.191046540796283,0
2018-09-12,0,0,-0.0116861435726211,0.0002421726344923325,0,-3.191046540796283,0
2018-09-13,0,0,-0.02913851351351349,0.005914499169894727,0,-3.191046540796283,0
2018-09-14,0,0,-0.01913875598086112,0.0001719217412234908,0,-3.191046540796283,0
2018-09-17,0,0,0.02749445676274953,-0.005294279427942916,0,-3.191046540796283,0
2018-09-18,0,0,-0.001726370306430969,0.005426142254786992,0,-3.191046540796283,0
2018-09-19,0,0,-0.03588413316039762,0.001065621669932293,0,-3.191046540796283,0
2018-09-20,0,0,-0.01569506726457404,0.008103839022045145,0,-3.191046540796283,0
2018-09-21,0,0,0.0009111617312074216,-0.005415900265685614,0,-3.191046540796283,0
2018-09-24,0,0,0,-0.003322031576423967,0,-3.191046540796283,0
2018-09-25,0,0,0.00864815657715079,-0.000927771287196677,0,-3.191046540796283,0
2018-09-26,0,0,0.009927797833934937,-0.00299226139294928,0,-3.191046540796283,0
2018-09-27,0,0,-0.01787310098302064,0.002794259693666312,0,-3.191046540796283,0
2018-09-28,0,0,-0.001819836214740578,0.0001032027245519984,0,-3.191046540796283,0
2018-10-01,0,0,-0.01048313582497729,0.003474133186571304,0,-3.191046540796283,0
2018-10-02,0,0,0.001842468908337169,-0.0005827306070682603,0,-3.191046540796283,0
2018-10-03,0,0,-0.009655172413793101,0.0005487721223762509,0,-3.191046540796283,0
2018-10-04,0,0,0.06174558960074283,-0.007815713698066773,0,-3.191046540796283,0
2018-10-05,0,0,0.02055094009619585,-0.005597014925373123,0,-3.191046540796283,0
2018-10-08,0,0,0.01071122536418168,0,0,-3.191046540796283,0
2018-10-09,0,0,0.01822806273844857,-0.001459245361684403,0,-3.191046540796283,0
2018-10-10,0,0,0.1631973355537051,-0.03166318719554617,0,-3.191046540796283,0
2018-10-11,0,0,0.08911954187544735,-0.02202659001077967,0,-3.191046540796283,0
2018-10-12,0,0,-0.07952678278015091,0.01388837858691239,0,-3.191046540796283,0
2018-10-15,0,0,0.01428061406640468,-0.005616959594129445,0,-3.191046540796283,0
2018-10-16,0,0,-0.06934178106300593,0.02186588921282806,0,-3.191046540796283,0
2018-10-17,0,0,0.01134644478063529,0.0001783166904423261,0,-3.191046540796283,0
2018-10-18,0,0,0.06694091249065082,-0.01444107684079166,0,-3.191046540796283,0
2018-10-19,0,0,-0.009463722397476171,-0.0005426917510853446,0,-3.191046540796283,0
2018-10-22,0,0,0.006369426751592133,-0.004488687782805423,0,-3.191046540796283,0
2018-10-23,0,0,0.03973277074542891,-0.005090723973673605,0,-3.191046540796283,0
2018-10-24,0,0,0.08894149475820079,-0.0302986001973613,0,-3.191046540796283,0
2018-10-25,0,0,-0.03229813664596293,0.0179406000301523,0,-3.191046540796283,0
2018-10-26,0,0,0.0616174582798461,-0.01758738151658767,0,-3.191046540796283,0
2018-10-29,0,0,0.001209189842805269,-0.005540270606414488,0,-3.191046540796283,0
2018-10-30,0,0,-0.03411835748792269,0.01481846433714828,0,-3.191046540796283,0
2018-10-31,0,0,-0.03251015942482016,0.0106808081562535,0,-3.191046540796283,0
2018-11-01,0,0,-0.0319870759289177,0.01064183571666111,0,-3.191046540796283,0
2018-11-02,0,0,0.006675567423230833,-0.005923000987166804,0,-3.191046540796283,0
2018-11-05,0,0,-0.01061007957559679,0.005516936996579513,0,-3.191046540796283,0
2018-11-06,0,0,-0.03250670241286857,0.006327956399283075,0,-3.191046540796283,0
2018-11-07,0,0,-0.07066158642189146,0.02140883977900554,0,-3.191046540796283,0
2018-11-08,0,0,-0.008572493477450371,-0.001814882032667886,0,-3.191046540796283,0
2018-11-09,0,0,0.03082706766917287,-0.009768270944741531,0,-3.191046540796283,0
2018-11-12,0,0,0.0813274981765133,-0.01868519585253459,0,-3.191046540796283,0
2018-11-13,0,0,0.009106239460371146,-0.001871078988883501,0,-3.191046540796283,0
2018-11-14,0,0,0.02473262032085555,-0.006836727192531145,0,-3.191046540796283,0
2018-11-15,0,0,-0.009784735812133016,0.01043671354552189,0,-3.191046540796283,0
2018-11-16,0,0,-0.04644268774703553,0.002600542084829183,0,-3.191046540796283,0
2018-11-19,0,0,0.05941278065630384,-0.01691447777006538,0,-3.191046540796283,0
2018-11-20,0,0,0.05803716987283991,-0.01850613154960989,0,-3.191046540796283,0
2018-11-21,0,0,-0.02403697996918341,0.003407542026351518,0,-3.191046540796283,0
2018-11-23,0,0,0.006630880959898722,-0.006678741227077123,0,-3.191046540796283,0
2018-11-26,0,0,-0.05677540777917178,0.01614434947768273,0,-3.191046540796283,0
2018-11-27,0,0,-0.01928832723644835,0.00336448598130823,0,-3.191046540796283,0
2018-11-28,0,0,-0.02882332994235337,0.02302533532041728,0,-3.191046540796283,0
2018-11-29,0,0,0.0195530726256985,-0.002185155510233683,0,-3.191046540796283,0
2018-11-30,0,0,-0.02842465753424661,0.006095335425943427,0,-3.191046540796283,0
2018-12-03,0,0,-0.05463517800493478,0.01324142934881212,0,-3.191046540796283,0
2018-12-04,0,0,0.1286353467561521,-0.0324024346580738,0,-3.191046540796283,0
2018-12-06,0,0,0.02081268582755191,-0.001517113783533808,0,-3.191046540796283,0
2018-12-07,0,0,0.07540453074433673,-0.02323599169878443,0,-3.191046540796283,0
2018-12-10,0,0,-0.004814926271441422,0.001897029252191151,0,-3.191046540796283,0
2018-12-11,0,0,-0.004838221953432198,0.0002272124815390075,0,-3.191046540796283,0
2018-12-12,0,0,-0.008204193254329972,0.005035399235225002,0,-3.191046540796283,0
2018-12-13,0,0,-0.01654411764705876,-0.0003390341294355892,0,-3.191046540796283,0
2018-12-14,0,0,0.03956386292834857,-0.01846478501714577,0,-3.191046540796283,0
2018-12-17,0,0,0.05124363200479487,-0.01961838215533462,0,-3.191046540796283,0
2018-12-18,0,0,0.005131128848346656,-0.001096491228070207,0,-3.191046540796283,0
2018-12-19,0,0,-0.003970504821327325,-0.01497569389995301,0,-3.191046540796283,0
2018-12-20,0,0,0.05096810933940787,-0.01627795908620555,0,-3.191046540796283,0
2018-12-21,0,0,0.05201842319154704,-0.02617631589594205,0,-3.191046540796283,0
2018-12-24,0,0,0.04764357455575574,-0.02642293311175736,0,-3.191046540796283,0
2018-12-26,0,0,-0.0526057030481808,0.05052487838183839,0,-3.191046540796283,0
2018-12-27,0,0,0.04099636741048251,0.00767730928588839,0,-3.191046540796283,0
2018-12-28,0,0,0.0007477567298106447,-0.00128995847946145,0,-3.191046540796283,0
2018-12-31,0,0,-0.0383561643835616,0.008758829465186579,0,-3.191046540796283,0
2019-01-02,0,0,-0.02978502978502984,0.001040332906530272,0,-3.191046540796283,0
2019-01-03,0,0,0.0469834490122798,-0.02386281877048524,0,-3.191046540796283,0
2019-01-04,0,0,-0.08031616522182561,0.03349576184431413,0,-3.191046540796283,0
2019-01-07,0,0,-0.02107014139173824,0.007884623004080993,0,-3.191046540796283,0
2019-01-08,0,0,-0.02095723591050702,0.009395392719553364,0,-3.191046540796283,0
2019-01-09,0,0,-0.02314145212612095,0.00467344315924767,0,-3.191046540796283,0
2019-01-10,0,0,-0.01036422860527098,0.003527541962243586,0,-3.191046540796283,0
2019-01-11,0,0,-0.03261520047875532,0.000386279357231345,0,-3.191046540796283,0
2019-01-14,0,0,0.004021033096195614,-0.006100857209051069,0,-3.191046540796283,0
2019-01-15,0,0,-0.04497843499691911,0.01146076146076158,0,-3.191046540796283,0
2019-01-16,0,0,0.01806451612903204,0.002419819473785223,0,-3.191046540796283,0
2019-01-17,0,0,-0.01013941698352339,0.007586788259636545,0,-3.191046540796283,0
2019-01-18,0,0,-0.02528809218950057,0.01331000912686342,0,-3.191046540796283,0
2019-01-22,0,0,0.09162561576354666,-0.01351047061472632,0,-3.191046540796283,0
2019-01-23,0,0,-0.009626955475330878,0.002092368561211311,0,-3.191046540796283,0
2019-01-24,0,0,-0.03219927095990294,0.0005314908317830547,0,-3.191046540796283,0
2019-01-25,0,0,-0.0382925298179535,0.008461392525137335,0,-3.191046540796283,0
2019-01-28,0,0,0.04275456919060061,-0.007600270900744888,0,-3.191046540796283,0
2019-01-29,0,0,-0.003755868544601082,-0.001326963906581602,0,-3.191046540796283,0
2019-01-30,0,0,-0.04461200125667608,0.01583083406096941,0,-3.191046540796283,0
2019-01-31,0,0,-0.04143373890167712,0.008782420210778241,0,-3.191046540796283,0
2019-02-01,0,0,-0.009948542024013629,0.0004816063423851435,0,-3.191046540796283,0
2019-02-04,0,0,-0.03153153153153143,0.007035473598459463,0,-3.191046540796283,0
2019-02-05,0,0,-0.007155635062611743,0.004191792910722247,0,-3.191046540796283,0
2019-02-06,0,0,-0.007207207207207134,-0.001318198462101794,0,-3.191046540796283,0
2019-02-07,0,0,0.0348457350272231,-0.009532888465205058,0,-3.191046540796283,0
2019-02-08,0,0,-0.01192564012627151,0.001221588805804474,0,-3.191046540796283,0
2019-02-11,0,0,-0.01135960241391543,0.0005545901578731804,0,-3.191046540796283,0
2019-02-12,0,0,-0.01795332136445249,0.01285935998817545,0,-3.191046540796283,0
2019-02-13,0,0,-0.003290676416818905,0.003246990149580409,0,-3.191046540796283,0
2019-02-14,0,0,0.01797505502567853,-0.002218262482272082,0,-3.191046540796283,0
2019-02-15,0,0,-0.03387387387387397,0.01089729572126252,0,-3.191046540796283,0
2019-02-19,0,0,0.00223797090637845,0.001730540433356298,0,-3.191046540796283,0
2019-02-20,0,0,-0.03870487532564215,0.002015475976246295,0,-3.191046540796283,0
2019-02-21,0,0,0.01006581494386372,-0.00355590675622286,0,-3.191046540796283,0
2019-02-22,0,0,-0.03679570716749714,0.006199985581428757,0,-3.191046540796283,0
2019-02-25,0,0,0.0187027457222444,0.00136132406677647,0,-3.191046540796283,0
2019-02-26,0,0,0.008984374999999822,-0.0007155123068116609,0,-3.191046540796283,0
2019-02-27,0,0,0.001548586914440708,-0.0004296147787483662,0,-3.191046540796283,0
2019-02-28,0,0,-0.001932740626208074,-0.001862464183380985,0,-3.191046540796283,0
2019-03-01,0,0,-0.04453911696359403,0.006243720396153396,0,-3.191046540796283,0
2019-03-04,0,0,0.02432103769760841,-0.003637401041295285,0,-3.191046540796283,0
2019-03-05,0,0,0.006331618519983984,-0.001360057265569092,0,-3.191046540796283,0
2019-03-06,0,0,0.02556036177742826,-0.006056913482904491,0,-3.191046540796283,0
2019-03-07,0,0,0.04141104294478537,-0.008365485162081243,0,-3.191046540796283,0
2019-03-08,0,0,0.00589101620029453,-0.001999927275371793,0,-3.191046540796283,0
2019-03-11,0,0,-0.07247437774524168,0.01450120236099983,0,-3.191046540796283,0
2019-03-12,0,0,-0.02920284135753737,0.003771009912368894,0,-3.191046540796283,0
2019-03-13,0,0,-0.01016260162601634,0.006619199255787134,0,-3.191046540796283,0
2019-03-14,0,0,-0.01560574948665294,-0.0006397952655148309,0,-3.191046540796283,0
2019-03-15,0,0,-0.01960784313725494,0.0005335040546308178,0,-3.191046540796283,0
2019-03-18,0,0,0.002553191489361728,0.003625893142796155,0,-3.191046540796283,0
2019-03-19,0,0,0.008064516129032251,0.0002479368115326785,0,-3.191046540796283,0
2019-03-20,0,0,0.009263157894736862,-0.003009915014164144,0,-3.191046540796283,0
2019-03-21,0,0,-0.01501877346683356,0.01129461907298879,0,-3.191046540796283,0
2019-03-22,0,0,0.1160525201185938,-0.0192463035156113,0,-3.191046540796283,0
2019-03-25,0,0,0.001897533206830948,-0.0007520143240823396,0,-3.191046540796283,0
2019-03-26,0,0,-0.05340909090909074,0.007454128440366858,0,-3.191046540796283,0
2019-03-27,0,0,0.01520608243297317,-0.005229083665338696,0,-3.191046540796283,0
2019-03-28,0,0,-0.02167914860070952,0.003790452351153162,0,-3.191046540796283,0
2019-03-29,0,0,-0.03223207091055591,0.006305439777706701,0,-3.191046540796283,0
2019-04-01,0,0,-0.01665278934221481,0.01185924667233063,0,-3.191046540796283,0
2019-04-02,0,0,-0.002963590177815334,0.0004898016303398478,0,-3.191046540796283,0
2019-04-03,0,0,0.007218683651804669,0.001573591635486205,0,-3.191046540796283,0
2019-04-04,0,0,-0.008431703204047292,0.002653445988408665,0,-3.191046540796283,0
2019-04-05,0,0,-0.02168367346938771,0.004840169928267857,0,-3.191046540796283,0
2019-04-08,0,0,-0.004345936549326246,0.0007623800117824153,0,-3.191046540796283,0
2019-04-09,0,0,0.03535573985159313,-0.005124831192215851,0,-3.191046540796283,0
2019-04-10,0,0,-0.02698145025295107,0.003410949845115141,0,-3.191046540796283,0
2019-04-11,0,0,-0.02123050259965342,-0.0002774983523536889,0,-3.191046540796283,0
2019-04-12,0,0,-0.0460380699424523,0.006765899864682234,0,-3.191046540796283,0
2019-04-15,0,0,-0.01160092807424595,-0.0006548111386820432,0,-3.191046540796283,0
2019-04-16,0,0,-0.00657276995305156,0.0006552401972617083,0,-3.191046540796283,0
2019-04-17,0,0,0.005671077504725952,-0.002446925834022728,0,-3.191046540796283,0
2019-04-18,0,0,-0.01644736842105277,0.001969252029711432,0,-3.191046540796283,0
2019-04-22,0,0,-0.008122312470138504,0.0008620095165849939,0,-3.191046540796283,0
2019-04-23,0,0,-0.008670520231214063,0.008991628483825398,0,-3.191046540796283,0
2019-04-24,0,0,0.02380952380952395,-0.002219338978421082,0,-3.191046540796283,0
2019-04-25,0,0,0.02040816326530615,-0.000615953187557805,0,-3.191046540796283,0
2019-04-26,0,0,-0.03255813953488362,0.004656736860126687,0,-3.191046540796283,0
2019-04-29,0,0,0.01394230769230753,0.001567772059575256,0,-3.191046540796283,0
2019-04-30,0,0,0.001422475106685805,0.0005104297818763204,0,-3.191046540796283,0
2019-05-01,0,0,0.03693181818181812,-0.007516495476498131,0,-3.191046540796283,0
2019-05-02,0,0,0.00136986301369868,-0.002158939035673879,0,-3.191046540796283,0
2019-05-03,0,0,-0.047423620611035,0.009787760148361802,0,-3.191046540796283,0
2019-05-06,0,0,0.05361416945907105,-0.004115226337448541,0,-3.191046540796283,0
2019-05-07,0,0,0.1676510676965017,-0.01669967898367597,0,-3.191046540796283,0
2019-05-08,0,0,-0.0194552529182882,-0.00138922654811946,0,-3.191046540796283,0
2019-05-09,0,0,-0.001190476190475853,-0.003025771223872153,0,-3.191046540796283,0
2019-05-10,0,0,-0.07747318235995249,0.005023372636572931,0,-3.191046540796283,0
2019-05-13,0,0,0.1459948320413438,-0.02513016313779937,0,-3.191046540796283,0
2019-05-14,0,0,-0.05373919579105602,0.009043651641386985,0,-3.191046540796283,0
2019-05-15,0,0,-0.04130262112787919,0.005857445306986619,0,-3.191046540796283,0
2019-05-16,0,0,-0.04225352112676051,0.009261208166701618,0,-3.191046540796283,0
2019-05-17,0,0,0.01384083044982698,-0.006465067778936406,0,-3.191046540796283,0
2019-05-20,0,0,0.01493174061433433,-0.006612090680100713,0,-3.191046540796283,0
2019-05-21,0,0,-0.04960067255149203,0.009015671773199507,0,-3.191046540796283,0
2019-05-22,0,0,-0.0110570544007077,-0.003071446022826385,0,-3.191046540796283,0
2019-05-23,0,0,0.06618962432915909,-0.01221860448832413,0,-3.191046540796283,0
2019-05-24,0,0,-0.02013422818791943,0.002268377401290156,0,-3.191046540796283,0
2019-05-28,0,0,0.02953767123287676,-0.009300516302425899,0,-3.191046540796283,0
2019-05-29,0,0,0.01995841995842018,-0.006710690701409949,0,-3.191046540796283,0
2019-05-30,0,0,-0.02079086832450072,0.002731160383799836,0,-3.191046540796283,0
2019-05-31,0,0,0.04371357202331394,-0.01347525355696522,0,-3.191046540796283,0
2019-06-03,0,0,0.006382130035899491,-0.002542957823228109,0,-3.191046540796283,0
2019-06-04,0,0,-0.05390408244153788,0.02170666860909787,0,-3.191046540796283,0
2019-06-05,0,0,-0.02136573104315043,0.008662175168431263,0,-3.191046540796283,0
2019-06-06,0,0,-0.01969178082191803,0.006502685891998983,0,-3.191046540796283,0
2019-06-07,0,0,0.008296943231441034,0.01000702247190999,0,-3.191046540796283,0
2019-06-10,0,0,-0.009961022087483729,0.004588910133843438,0,-3.191046540796283,0
2019-06-11,0,0,0.003499562554680757,-0.0002422396788596126,0,-3.191046540796283,0
2019-06-12,0,0,-0.006102877070618962,-0.001765316718587706,0,-3.191046540796283,0
2019-06-13,0,0,-0.004385964912280937,0.004126356669787334,0,-3.191046540796283,0
2019-06-14,0,0,-0.009691629955946968,-0.001105048691207977,0,-3.191046540796283,0
2019-06-17,0,0,-0.01156583629893249,0.000380280716310688,0,-3.191046540796283,0
2019-06-18,0,0,-0.007650765076507637,0.01047102325742122,0,-3.191046540796283,0
2019-06-19,0,0,-0.03446712018140596,0.002257181942544539,0,-3.191046540796283,0
2019-06-20,0,0,0.004697040864255486,0.009554357469460317,0,-3.191046540796283,0
2019-06-21,0,0,0.02384291725105192,-0.00628675725005079,0,-3.191046540796283,0
2019-06-24,0,0,-0.01004566210045665,-0.001224489795918382,0,-3.191046540796283,0
2019-06-25,0,0,0.02721402214022151,-0.00980792807519415,0,-3.191046540796283,0
2019-06-26,0,0,-0.009429726088909018,-0.000997386160407121,0,-3.191046540796283,0
2019-06-27,0,0,-0.01677243880326373,0.003545977209350237,0,-3.191046540796283,0
2019-06-28,0,0,-0.01337021668971883,0.005145797598627766,0,-3.191046540796283,0
2019-07-01,0,0,-0.05747663551401849,0.00907849829351548,0,-3.191046540796283,0
2019-07-02,0,0,-0.03718393653941487,0.002604342826219241,0,-3.191046540796283,0
2019-07-03,0,0,-0.005149330587023937,0.007995142192085858,0,-3.191046540796283,0
2019-07-05,0,0,0.003623188405797118,-0.001137884872824735,0,-3.191046540796283,0
2019-07-08,0,0,0.02681794739556476,-0.005494873684915857,0,-3.191046540796283,0
2019-07-09,0,0,0.004018081366147674,0.001246546728657094,0,-3.191046540796283,0
2019-07-10,0,0,-0.03101550775387685,0.004778088091793142,0,-3.191046540796283,0
2019-07-11,0,0,-0.01703665462054738,0.002344194769096752,0,-3.191046540796283,0
2019-07-12,0,0,-0.0178571428571429,0.00447696368313788,0,-3.191046540796283,0
2019-07-15,0,0,-0.0005347593582883947,0.0003326126725429202,0,-3.191046540796283,0
2019-07-16,0,0,0.003210272873193976,-0.003458021612635198,0,-3.191046540796283,0
2019-07-17,0,0,0.02293333333333347,-0.006573020586566947,0,-3.191046540796283,0
2019-07-18,0,0,-0.008863399374348213,0.003660912205279754,0,-3.191046540796283,0
2019-07-19,0,0,0.01104681746449243,-0.005554997824850139,0,-3.191046540796283,0
2019-07-22,0,0,-0.02081165452653488,0.002456506376821155,0,-3.191046540796283,0
2019-07-23,0,0,-0.0340063761955367,0.007150050352467296,0,-3.191046540796283,0
2019-07-24,0,0,-0.02640264026402661,0.004699530046995415,0,-3.191046540796283,0
2019-07-25,0,0,0.03163841807909606,-0.004777070063694211,0,-3.191046540796283,0
2019-07-26,0,0,-0.02519167579408532,0.006699999999999928,0,-3.191046540796283,0
2019-07-29,0,0,0.006741573033707926,-0.001821131750604277,0,-3.191046540796283,0
2019-07-30,0,0,0.02511160714285721,-0.002454720360910101,0,-3.191046540796283,0
2019-07-31,0,0,0.05606967882416969,-0.01094040968342647,0,-3.191046540796283,0
2019-08-01,0,0,0.07731958762886615,-0.008707931277947889,0,-3.191046540796283,0
2019-08-02,0,0,0.007177033492822948,-0.007529507529507429,0,-3.191046540796283,0
2019-08-05,0,0,0.1472684085510687,-0.03007313239013054,0,-3.191046540796283,0
2019-08-06,0,0,-0.06335403726708067,0.01402297230639138,0,-3.191046540796283,0
2019-08-07,0,0,0.004420866489831976,0.0005906879777624052,0,-3.191046540796283,0
2019-08-08,0,0,-0.06029929577464799,0.01962009931590081,0,-3.191046540796283,0
2019-08-09,0,0,0.03747072599531598,-0.006811525100470006,0,-3.191046540796283,0
2019-08-12,0,0,0.07268623024830712,-0.01217337631163851,0,-3.191046540796283,0
2019-08-13,0,0,-0.07491582491582505,0.01555177561009491,0,-3.191046540796283,0
2019-08-14,0,0,0.1401273885350318,-0.02956759528285779,0,-3.191046540796283,0
2019-08-15,0,0,-0.02474062250598552,0.002641775272983482,0,-3.191046540796283,0
2019-08-16,0,0,-0.0556464811783961,0.01475496223432304,0,-3.191046540796283,0
2019-08-19,0,0,-0.07495667244367421,0.01204777566210824,0,-3.191046540796283,0
2019-08-20,0,0,0.02388758782201394,-0.007662573119419869,0,-3.191046540796283,0
2019-08-21,0,0,-0.04757548032936865,0.008135406253231725,0,-3.191046540796283,0
2019-08-22,0,0,0.01585014409221874,-0.0003077449136603683,0,-3.191046540796283,0
2019-08-23,0,0,0.1243498817966906,-0.02568750855110136,0,-3.191046540796283,0
2019-08-26,0,0,-0.026492851135408,0.01105845181674558,0,-3.191046540796283,0
2019-08-27,0,0,0.01814254859611242,-0.003923611111111058,0,-3.191046540796283,0
2019-08-28,0,0,-0.02291047942299529,0.007041517063478109,0,-3.191046540796283,0
2019-08-29,0,0,-0.04038211029092487,0.01277302779604694,0,-3.191046540796283,0
2019-08-30,0,0,0.0009049773755656076,-0.0004443229202268917,0,-3.191046540796283,0
2019-09-03,0,0,0.05018083182640143,-0.005847153359548551,0,-3.191046540796283,0
2019-09-04,0,0,-0.06328024106758501,0.01135034738942009,0,-3.191046540796283,0
2019-09-05,0,0,-0.0390625,0.0128553938239695,0,-3.191046540796283,0
2019-09-06,0,0,-0.02725968436154969,0.0007722785575179358,0,-3.191046540796283,0
2019-09-09,0,0,-0.0108161258603735,0.0005032712632107028,0,-3.191046540796283,0
2019-09-10,0,0,-0.0009940357852882276,-0.0002347417840374844,0,-3.191046540796283,0
2019-09-11,0,0,-0.01940298507462701,0.007110991849193393,0,-3.191046540796283,0
2019-09-12,0,0,-0.02384576357179091,0.00346378018318072,0,-3.191046540796283,0
2019-09-13,0,0,-0.01507276507276523,-0.0006638122738891195,0,-3.191046540796283,0
2019-09-16,0,0,0.01583113456464402,-0.003088777441960677,0,-3.191046540796283,0
2019-09-17,0,0,-0.004155844155844135,0.002531982942430622,0,-3.191046540796283,0
2019-09-18,0,0,-0.03338549817423064,0.000598165625415481,0,-3.191046540796283,0
2019-09-19,0,0,-0.01726929303831637,-6.64231152441852e-05,0,-3.191046540796283,0
2019-09-20,0,0,0.0483250961010433,-0.009299853859439433,0,-3.191046540796283,0
2019-09-23,0,0,-0.006286013619696162,-0.0002346788252648446,0,-3.191046540796283,0
2019-09-24,0,0,0.04638903531892469,-0.0078468193554877,0,-3.191046540796283,0
2019-09-25,0,0,-0.02166246851385378,0.00591475986074963,0,-3.191046540796283,0
2019-09-26,0,0,0.006694129763130663,-0.002083193333781375,0,-3.191046540796283,0
2019-09-27,0,0,0.02762148337595893,-0.005387205387205496,0,-3.191046540796283,0
2019-09-30,0,0,-0.02837232453957172,0.004637779282329113,0,-3.191046540796283,0
2019-10-01,0,0,0.04354508196721318,-0.01189473329514434,0,-3.191046540796283,0
2019-10-02,0,0,0.06774668630338732,-0.01766471149911342,0,-3.191046540796283,0
2019-10-03,0,0,-0.03724137931034477,0.008192737624106217,0,-3.191046540796283,0
2019-10-04,0,0,-0.05491881566380152,0.01353212588664698,0,-3.191046540796283,0
2019-10-07,0,0,0.01061141990904524,-0.004314591472736717,0,-3.191046540796283,0
2019-10-08,0,0,0.0794999999999999,-0.01552477139347619,0,-3.191046540796283,0
2019-10-09,0,0,-0.03705419175544244,0.009496412851349945,0,-3.191046540796283,0
2019-10-10,0,0,-0.03222703222703205,0.006763484052597413,0,-3.191046540796283,0
2019-10-11,0,0,-0.05715705765407553,0.01036693493384244,0,-3.191046540796283,0
2019-10-14,0,0,-0.03426462836056943,-0.00111381125961918,0,-3.191046540796283,0
2019-10-15,0,0,-0.02783842794759828,0.00990032100016891,0,-3.191046540796283,0
2019-10-16,0,0,-0.01291409320606396,-0.001605995717344766,0,-3.191046540796283,0
2019-10-17,0,0,-0.00455062571103515,0.002949061662198327,0,-3.191046540796283,0
2019-10-18,0,0,-0.00171428571428589,-0.004377171879176522,0,-3.191046540796283,0
2019-10-21,0,0,-0.02690326273611898,0.006779205960331547,0,-3.191046540796283,0
2019-10-22,0,0,0.01529411764705868,-0.00326677555918542,0,-3.191046540796283,0
2019-10-23,0,0,-0.01216685979142507,0.002909601685562313,0,-3.191046540796283,0
2019-10-24,0,0,-0.0134897360703814,0.001633986928104569,0,-3.191046540796283,0
2019-10-25,0,0,-0.03388822829964322,0.004094949562206684,0,-3.191046540796283,0
2019-10-28,0,0,0.01107692307692298,0.005636604774535758,0,-3.191046540796283,0
2019-10-29,0,0,-0.0006086427267191219,-0.0002967359050446428,0,-3.191046540796283,0
2019-10-30,0,0,-0.02557856272838022,0.003067181161571231,0,-3.191046540796283,0
2019-10-31,0,0,0.0162500000000001,-0.002663247188794626,0,-3.191046540796283,0
2019-11-01,0,0,-0.04551045510455098,0.009263838064154539,0,-3.191046540796283,0
2019-11-04,0,0,0.002577319587628857,0.004017769647873592,0,-3.191046540796283,0
2019-11-05,0,0,0.01992287917737778,-0.001106158701239646,0,-3.191046540796283,0
2019-11-06,0,0,-0.004410838059231037,0.0002279907500897238,0,-3.191046540796283,0
2019-11-07,0,0,-0.009493670886075889,0.003516769781829909,0,-3.191046540796283,0
2019-11-08,0,0,-0.02108626198083074,0.002466091245376001,0,-3.191046540796283,0
2019-11-11,0,0,-0.002610966057441377,-0.001909755939664581,0,-3.191046540796283,0
2019-11-12,0,0,-0.01178010471204172,0.002107994162477533,0,-3.191046540796283,0
2019-11-13,0,0,0.006622516556291203,0.0003236245954694184,0,-3.191046540796283,0
2019-11-14,0,0,-0.01513157894736827,0.001455839534131309,0,-3.191046540796283,0
2019-11-15,0,0,-0.04342017368069473,0.007236310773703902,0,-3.191046540796283,0
2019-11-18,0,0,-0.001396648044692639,0.0007376759998716231,0,-3.191046540796283,0
2019-11-19,0,0,0.01048951048951019,-0.0002884430485224909,0,-3.191046540796283,0
2019-11-20,0,0,0.009688581314878819,-0.003718783060302044,0,-3.191046540796283,0
2019-11-21,0,0,0.002056202878684132,-0.001608906908646235,0,-3.191046540796283,0
2019-11-22,0,0,-0.02872777017783867,0.002223869532987477,0,-3.191046540796283,0
2019-11-25,0,0,-0.04436619718309842,0.007750192950861878,0,-3.191046540796283,0
2019-11-26,0,0,-0.01326455416359618,0.002265692312601653,0,-3.191046540796283,0
2019-11-27,0,0,-0.004480955937266717,0.004457463066734668,0,-3.191046540796283,0
2019-11-29,0,0,0.01650412603150797,-0.003708634461772609,0,-3.191046540796283,0
2019-12-02,0,0,0.05608856088560898,-0.008494798129235481,0,-3.191046540796283,0
2019-12-03,0,0,0.05730258560447266,-0.006706456167372532,0,-3.191046540796283,0
2019-12-04,0,0,-0.04626569729015229,0.006170247132934792,0,-3.191046540796283,0
2019-12-05,0,0,-0.01247401247401236,0.001797983689719285,0,-3.191046540796283,0
2019-12-06,0,0,-0.03368421052631587,0.0091340298698801,0,-3.191046540796283,0
2019-12-09,0,0,0.05083514887436458,-0.003144154730523763,0,-3.191046540796283,0
2019-12-10,0,0,0.0006910850034553828,-0.001115075825156131,0,-3.191046540796283,0
2019-12-11,0,0,-0.02002762430939231,0.002838643829936593,0,-3.191046540796283,0
2019-12-12,0,0,-0.05708245243128951,0.008619044590038705,0,-3.191046540796283,0
2019-12-13,0,0,-0.0448430493273545,0.0005991233878850366,0,-3.191046540796283,0
2019-12-16,0,0,-0.02269170579029722,0.00687003655615781,0,-3.191046540796283,0
2019-12-17,0,0,-0.008006405124099225,0.0002190923317684224,0,-3.191046540796283,0
2019-12-18,0,0,0.01129943502824848,6.258409738069126e-05,0,-3.191046540796283,0
2019-12-19,0,0,-0.02474062250598552,0.004099001846115335,0,-3.191046540796283,0
2019-12-20,0,0,0.01063829787234027,-0.0005297600498596067,0,-3.191046540796283,0
2019-12-23,0,0,0.004858299595141613,0.001527764786580565,0,-3.191046540796283,0
2019-12-24,0,0,-0.01047542304593074,3.113131187348905e-05,0,-3.191046540796283,0
2019-12-26,0,0,-0.0024429967426709,0.005323288609407451,0,-3.191046540796283,0
2019-12-27,0,0,0.02204081632653065,-0.0002477240354245014,0,-3.191046540796283,0
2019-12-30,0,0,0.03594249201277955,-0.005513225546676659,0,-3.191046540796283,0
2019-12-31,0,0,-0.04163454124903621,0.002429301108757942,0,-3.191046540796283,0
2020-01-02,0,0,-0.0386162510056316,0.009351892127011707,0,-3.191046540796283,0
2020-01-03,0,0,0.05020920502092086,-0.007572259673099935,0,-3.191046540796283,0
2020-01-06,0,0,-0.01195219123505986,0.003815018144598392,0,-3.191046540796283,0
2020-01-07,0,0,-0.004032258064516125,-0.002811766159930729,0,-3.191046540796283,0
2020-01-08,0,0,-0.01943319838056679,0.005329532426486372,0,-3.191046540796283,0
2020-01-09,0,0,-0.03583815028901738,0.006780705809831922,0,-3.191046540796283,0
2020-01-10,0,0,-0.00565262076053441,-0.002877697841726645,0,-3.191046540796283,0
2020-01-13,0,0,-0.0267011197243755,0.006877283473028184,0,-3.191046540796283,0
2020-01-14,0,0,-0.005309734513274322,-0.001524622655892705,0,-3.191046540796283,0
2020-01-15,0,0,-0.004448398576512469,0.00225988700564983,0,-3.191046540796283,0
2020-01-16,0,0,-0.0232350312779267,0.008318352174045529,0,-3.191046540796283,0
2020-01-17,0,0,0.002744739249771477,0.003112534751601448,0,-3.191046540796283,0
2020-01-21,0,0,0.006386861313868453,-0.001958126223828849,0,-3.191046540796283,0
2020-01-22,0,0,0.006346328195829587,0.0001207364926048005,0,-3.191046540796283,0
2020-01-23,0,0,-0.002702702702702675,0.001146858212108581,0,-3.191046540796283,0
2020-01-24,0,0,0.05781391147244808,-0.00889304232485244,0,-3.191046540796283,0
2020-01-27,0,0,0.1033304867634499,-0.01602944307570642,0,-3.191046540796283,0
2020-01-28,0,0,-0.05650154798761597,0.01047913446676962,0,-3.191046540796283,0
2020-01-29,0,0,0.0008203445447088065,-0.0008259659212578319,0,-3.191046540796283,0
2020-01-30,0,0,-0.0155737704918032,0.003245361582266959,0,-3.191046540796283,0
2020-01-31,0,0,0.1132389675270609,-0.018157958984375,0,-3.191046540796283,0
2020-02-03,0,0,-0.03739715781600594,0.007428589189693247,0,-3.191046540796283,0
2020-02-04,0,0,-0.0543900543900544,0.01524126866592623,0,-3.191046540796283,0
2020-02-05,0,0,-0.03944124897288415,0.01154804594906711,0,-3.191046540796283,0
2020-02-06,0,0,-0.009409751924722043,0.003364777984738332,0,-3.191046540796283,0
2020-02-07,0,0,0.01295336787564771,-0.005329660458710195,0,-3.191046540796283,0
2020-02-10,0,0,-0.01108269394714412,0.007465382299819412,0,-3.191046540796283,0
2020-02-11,0,0,0.001724137931034431,0.001732998685311404,0,-3.191046540796283,0
2020-02-12,0,0,-0.04819277108433717,0.006442760842331419,0,-3.191046540796283,0
2020-02-13,0,0,0.01717902350813727,-0.001066919566119373,0,-3.191046540796283,0
2020-02-14,0,0,-0.01333333333333331,0.001602088648905209,0,-3.191046540796283,0
2020-02-18,0,0,0.01711711711711694,-0.002577014218009488,0,-3.191046540796283,0
2020-02-19,0,0,-0.01240035429583686,0.004781278769340203,0,-3.191046540796283,0
2020-02-20,0,0,0.03228699551569503,-0.00410829343264163,0,-3.191046540796283,0
2020-02-21,0,0,0.06516072980017373,-0.01029826383736454,0,-3.191046540796283,0
2020-02-24,0,0,0.1835236541598697,-0.03316540722082284,0,-3.191046540796283,0
2020-02-25,0,0,0.09648518263266714,-0.03030209044103971,0,-3.191046540796283,0
2020-02-26,0,0,-0.02325581395348841,-0.003678234447465178,0,-3.191046540796283,0
2020-02-27,0,0,0.1621621621621621,-0.04491171749598721,0,-3.191046540796283,0
2020-02-28,0,0,0.04318936877076429,-0.004201539444052327,0,-3.191046540796283,0
2020-03-02,0,0,-0.04140127388535053,0.04330655505299386,0,-3.191046540796283,0
2020-03-03,0,0,0.1135105204872648,-0.02863243715422681,0,-3.191046540796283,0
2020-03-04,0,0,-0.05420188960716066,0.04203304023447907,0,-3.191046540796283,0
2020-03-05,0,0,0.1587802313354363,-0.03324170555520056,0,-3.191046540796283,0
2020-03-06,0,0,0.1039019963702361,-0.01653111155194076,0,-3.191046540796283,0
2020-03-09,0,0,0.2741471434443075,-0.07809453371881925,0,-3.191046540796283,0
2020-03-10,0,0,-0.09774193548387111,0.05174488567990365,0,-3.191046540796283,0
2020-03-11,0,0,0.1233464426170898,-0.0487483530961792,0,-3.191046540796283,0
2020-03-12,0,0,0.239974538510503,-0.09567721242163585,0,-3.191046540796283,0
2020-03-13,0,0,-0.08880903490759762,0.08548627624843808,0,-3.191046540796283,0
2020-03-16,0,0,0.3909859154929578,-0.1094237338482104,0,-3.191046540796283,0
2020-03-17,0,0,-0.02430133657351163,0.05399207838232245,0,-3.191046540796283,0
2020-03-18,0,0,0.1685346616853465,-0.05063291139240511,0,-3.191046540796283,0
2020-03-19,0,0,-0.09413854351687367,0.002124999999999932,0,-3.191046540796283,0
2020-03-20,0,0,-0.01921568627450987,-0.04868820423267217,0,-3.191046540796283,0
2020-03-23,0,0,-0.1567373050779689,-0.02556818181818188,0,-3.191046540796283,0
2020-03-24,0,0,-0.08771929824561386,0.09060327427674375,0,-3.191046540796283,0
2020-03-25,0,0,0.08108108108108114,0.01497018301460007,0,-3.191046540796283,0
2020-03-26,0,0,-0.08774038461538469,0.05838972405689047,0,-3.191046540796283,0
2020-03-27,0,0,0.08853754940711478,-0.02978560490045945,0,-3.191046540796283,0
2020-03-30,0,0,-0.03195352214960068,0.03247573198642573,0,-3.191046540796283,0
2020-03-31,0,0,-0.05151287821955486,-0.01490540798776985,0,-3.191046540796283,0
2020-04-01,0,0,0.08594779857632484,-0.04500484966052376,0,-3.191046540796283,0
2020-04-02,0,0,-0.05438213158533622,0.02307536055250869,0,-3.191046540796283,0
2020-04-03,0,0,-0.04364569961489073,-0.01445419529047376,0,-3.191046540796283,0
2020-04-06,0,0,-0.0711409395973156,0.0671662838954028,0,-3.191046540796283,0
2020-04-07,0,0,0.02919075144508665,0.001019406478894425,0,-3.191046540796283,0
2020-04-08,0,0,-0.02078067958438645,0.03356843812469346,0,-3.191046540796283,0
2020-04-09,0,0,-0.02150845999426454,0.01521731197314158,0,-3.191046540796283,0
2020-04-13,0,0,-0.02110199296600224,-0.00913012221423426,0,-3.191046540796283,0
2020-04-14,0,0,-0.08023952095808384,0.02949285351519992,0,-3.191046540796283,0
2020-04-15,0,0,0.0830078125,-0.02124810599386884,0,-3.191046540796283,0
2020-04-16,0,0,0.005710850616170715,0.004824308755760454,0,-3.191046540796283,0
2020-04-17,0,0,-0.04124327555289897,0.02701540666427782,0,-3.191046540796283,0
2020-04-20,0,0,0.09850374064837908,-0.01761791794585543,0,-3.191046540796283,0
2020-04-21,0,0,0.08115777525539158,-0.03036329415107053,0,-3.191046540796283,0
2020-04-22,0,0,-0.04829396325459323,0.02219455024904771,0,-3.191046540796283,0
2020-04-23,0,0,-0.0005515719801432173,-7.16589036189319e-05,0,-3.191046540796283,0
2020-04-24,0,0,-0.05491169977924948,0.01393865558262886,0,-3.191046540796283,0
2020-04-27,0,0,-0.07883211678832125,0.01441848959253633,0,-3.191046540796283,0
2020-04-28,0,0,0.01711568938193353,-0.004598502003135274,0,-3.191046540796283,0
2020-04-29,0,0,-0.06263633530694934,0.02617856017918996,0,-3.191046540796283,0
2020-04-30,0,0,0.03291223404255339,-0.009310732921796516,0,-3.191046540796283,0
2020-05-01,0,0,0.08690054715159312,-0.02647342329936653,0,-3.191046540796283,0
2020-05-04,0,0,-0.02043233639324848,0.002758230489055435,0,-3.191046540796283,0
2020-05-05,0,0,-0.03839177750906897,0.009239341256127354,0,-3.191046540796283,0
2020-05-06,0,0,0.01131719585036173,-0.006778713442118889,0,-3.191046540796283,0
2020-05-07,0,0,-0.0404103201740752,0.01206684256816182,0,-3.191046540796283,0
2020-05-08,0,0,-0.06899902818270165,0.01654616240266971,0,-3.191046540796283,0
2020-05-11,0,0,-0.06854558107167708,0.0002051702913419273,0,-3.191046540796283,0
2020-05-12,0,0,0.1008591707134854,-0.01993162393162384,0,-3.191046540796283,0
2020-05-13,0,0,0.1024770953512046,-0.01768584086231551,0,-3.191046540796283,0
2020-05-14,0,0,-0.04893813481071119,0.01196732954545454,0,-3.191046540796283,0
2020-05-15,0,0,-0.02718446601941737,0.004596975120187974,0,-3.191046540796283,0
2020-05-18,0,0,-0.06387225548902198,0.03045968981416802,0,-3.191046540796283,0
2020-05-19,0,0,0.05046197583511014,-0.01027118644067793,0,-3.191046540796283,0
2020-05-20,0,0,-0.06055480378890388,0.01698804671712839,0,-3.191046540796283,0
2020-05-21,0,0,0.02196615052214601,-0.006903984103997618,0,-3.191046540796283,0
2020-05-22,0,0,-0.007751937984496138,0.001899077590884479,0,-3.191046540796283,0
2020-05-26,0,0,-0.01278409090909072,0.01232060655293798,0,-3.191046540796283,0
2020-05-27,0,0,-0.02302158273381294,0.01487896215059514,0,-3.191046540796283,0
2020-05-28,0,0,0.03865979381443285,-0.00184495766481052,0,-3.191046540796283,0
2020-05-29,0,0,-0.03225806451612889,0.004455886721457469,0,-3.191046540796283,0
2020-06-01,0,0,0.004761904761904523,0.004041798107255579,0,-3.191046540796283,0
2020-06-02,0,0,-0.02697776157491794,0.008280150548191756,0,-3.191046540796283,0
2020-06-03,0,0,-0.04383664293742973,0.01330823162814854,0,-3.191046540796283,0
2020-06-04,0,0,-0.009404388714733369,-0.002626689730283793,0,-3.191046540796283,0
2020-06-05,0,0,-0.05379746835443033,0.02562949640287759,0,-3.191046540796283,0
2020-06-08,0,0,0.02215719063545118,0.01208743032504556,0,-3.191046540796283,0
2020-06-09,0,0,0.0503067484662576,-0.007456683168316713,0,-3.191046540796283,0
2020-06-10,0,0,-0.006230529595015466,-0.005579974438105983,0,-3.191046540796283,0
2020-06-11,0,0,0.3358150470219439,-0.05764890282131652,0,-3.191046540796283,0
2020-06-12,0,0,-0.06922851276034026,0.0119756495126575,0,-3.191046540796283,0
2020-06-15,0,0,-0.02426725496375681,0.009335656290062833,0,-3.191046540796283,0
2020-06-16,0,0,-0.02034883720930247,0.0192476795310208,0,-3.191046540796283,0
2020-06-17,0,0,-0.001978239366963286,-0.004153885480572495,0,-3.191046540796283,0
2020-06-18,0,0,-0.01684836471754203,0.0003850349740099901,0,-3.191046540796283,0
2020-06-19,0,0,0.01612903225806428,-0.01007120405414075,0,-3.191046540796283,0
2020-06-22,0,0,-0.04927248677248663,0.006415241057542875,0,-3.191046540796283,0
2020-06-23,0,0,-0.01947826086956528,0.004603695834138222,0,-3.191046540796283,0
2020-06-24,0,0,0.06917346576800276,-0.02550873257490793,0,-3.191046540796283,0
2020-06-25,0,0,-0.03915063039150635,0.01072051037521793,0,-3.191046540796283,0
2020-06-26,0,0,0.06250000000000022,-0.02375142345859771,0,-3.191046540796283,0
2020-06-29,0,0,-0.04842378940526482,0.01469755040826515,0,-3.191046540796283,0
2020-06-30,0,0,-0.05191256830601099,0.01280956447480808,0,-3.191046540796283,0
2020-07-01,0,0,-0.02809798270893371,0.007004799584900745,0,-3.191046540796283,0
2020-07-02,0,0,-0.01704966641957018,0.005506891665593372,0,-3.191046540796283,0
2020-07-06,0,0,-0.0007541478129713397,0.01543733785991086,0,-3.191046540796283,0
2020-07-07,0,0,0.02943396226415107,-0.01031383062608437,0,-3.191046540796283,0
2020-07-08,0,0,-0.02272727272727293,0.007648671043406274,0,-3.191046540796283,0
2020-07-09,0,0,0.01650412603150797,-0.005692959706496303,0,-3.191046540796283,0
2020-07-10,0,0,-0.02546125461254622,0.01021057319167884,0,-3.191046540796283,0
2020-07-13,0,0,0.09541840212040897,-0.008658962813690607,0,-3.191046540796283,0
2020-07-14,0,0,-0.05945385413066018,0.01295896328293744,0,-3.191046540796283,0
2020-07-15,0,0,-0.02646085997794922,0.009187256992349235,0,-3.191046540796283,0
2020-07-16,0,0,-0.01812004530011313,-0.003293459686189215,0,-3.191046540796283,0
2020-07-17,0,0,-0.0357554786620532,0.002899092864490749,0,-3.191046540796283,0
2020-07-20,0,0,-0.04625199362041454,0.008081561606365639,0,-3.191046540796283,0
2020-07-21,0,0,0.008779264214046734,0.002127528367044995,0,-3.191046540796283,0
2020-07-22,0,0,-0.01077496891835883,0.005692132549767859,0,-3.191046540796283,0
2020-07-23,0,0,0.03058232090490165,-0.01193171388362002,0,-3.191046540796283,0
2020-07-24,0,0,0.00406504065040636,-0.006440426058954674,0,-3.191046540796283,0
2020-07-27,0,0,-0.02793522267206472,0.007292445774121248,0,-3.191046540796283,0
2020-07-28,0,0,-0.005830903790087438,-0.006342429305117303,0,-3.191046540796283,0
2020-07-29,0,0,-0.02052785923753664,0.01229878257620576,0,-3.191046540796283,0
2020-07-30,0,0,0.023524379811805,-0.003567913385826849,0,-3.191046540796283,0
2020-07-31,0,0,-0.02047638946928532,0.007902210149401068,0,-3.191046540796283,0
2020-08-03,0,0,-0.005972696245733933,0.006952100943280692,0,-3.191046540796283,0
2020-08-04,0,0,-0.03004291845493567,0.003862647890750859,0,-3.191046540796283,0
2020-08-05,0,0,-0.01991150442477896,0.006210991940859278,0,-3.191046540796283,0
2020-08-06,0,0,-0.01128668171557545,0.006684532233296014,0,-3.191046540796283,0
2020-08-07,0,0,-0.006849315068493178,0.0007178536176830619,0,-3.191046540796283,0
2020-08-10,0,0,-0.02988505747126424,0.002988911139671924,0,-3.191046540796283,0
2020-08-11,0,0,0.04691943127962062,-0.008254611556456126,0,-3.191046540796283,0
2020-08-12,0,0,-0.05432322317790839,0.01394230769230775,0,-3.191046540796283,0
2020-08-13,0,0,0,-0.001807728781412998,0,-3.191046540796283,0
2020-08-14,0,0,0.0009573958831976537,2.96885669328617e-05,0,-3.191046540796283,0
2020-08-17,0,0,-0.03825920612147304,0.003176582353639823,0,-3.191046540796283,0
2020-08-18,0,0,-0.009448035803082955,0.002160338551685292,0,-3.191046540796283,0
2020-08-19,0,0,0.01957831325301185,-0.004163713678242309,0,-3.191046540796283,0
2020-08-20,0,0,-0.01083210241260468,0.003113601992705162,0,-3.191046540796283,0
2020-08-21,0,0,0.004479840716774763,0.003547357218872005,0,-3.191046540796283,0
2020-08-24,0,0,-0.003468780971258689,0.01013314480970906,0,-3.191046540796283,0
2020-08-25,0,0,-0.006961710591745329,0.003499358450950618,0,-3.191046540796283,0
2020-08-26,0,0,0.0230345518277415,0.01002557247471803,0,-3.191046540796283,0
2020-08-27,0,0,0.03181595692608918,0.002186609891532632,0,-3.191046540796283,0
2020-08-28,0,0,-0.005218216318785496,0.006459391955903948,0,-3.191046540796283,0
2020-08-31,0,0,0.04768717215069151,-0.003622568315363006,0,-3.191046540796283,0
2020-09-01,0,0,0.01820664542558026,0.009418568034124553,0,-3.191046540796283,0
2020-09-02,0,0,0.02682163611980348,0.01446398184912079,0,-3.191046540796283,0
2020-09-03,0,0,0.1323465389638661,-0.03441431367067371,0,-3.191046540796283,0
2020-09-04,0,0,-0.0834294502114572,-0.00816468340137233,0,-3.191046540796283,0
2020-09-08,0,0,-0.028523489932886,-0.02732288291444085,0,-3.191046540796283,0
2020-09-09,0,0,-0.05051813471502586,0.01974730650340639,0,-3.191046540796283,0
2020-09-10,0,0,0.01136880400181894,-0.01736366579357851,0,-3.191046540796283,0
2020-09-11,0,0,-0.06115107913669049,0.0005091497199676276,0,-3.191046540796283,0
2020-09-14,0,0,-0.01580459770114939,0.01317128659522226,0,-3.191046540796283,0
2020-09-15,0,0,-0.0004866180048662683,0.005052295692253184,0,-3.191046540796283,0
2020-09-16,0,0,-0.005842259006815786,-0.003968603933327541,0,-3.191046540796283,0
2020-09-17,0,0,-0.0220372184133204,-0.008795230505873386,0,-3.191046540796283,0
2020-09-18,0,0,0.0005007511266899023,-0.01545378751786564,0,-3.191046540796283,0
2020-09-21,0,0,0.03303303303303329,-0.01112959322546481,0,-3.191046540796283,0
2020-09-22,0,0,0.006782945736434121,0.0101844205890449,0,-3.191046540796283,0
2020-09-23,0,0,0.05341674687199216,-0.02319103844989412,0,-3.191046540796283,0
2020-09-24,0,0,-0.0178163544997717,0.002665509546243561,0,-3.191046540796283,0
2020-09-25,0,0,-0.02697674418604634,0.01616692426584243,0,-3.191046540796283,0
2020-09-28,0,0,-0.003346080305927424,0.01660937547531405,0,-3.191046540796283,0
2020-09-29,0,0,-0.01966426858513182,-0.005446003770310237,0,-3.191046540796283,0
2020-09-30,0,0,-0.001467710371820141,0.00758191172488476,0,-3.191046540796283,0
2020-10-01,0,0,0.00489955903968653,0.006420018513541903,0,-3.191046540796283,0
2020-10-02,0,0,0.02827888834714765,-0.009494422027059191,0,-3.191046540796283,0
2020-10-05,0,0,-0.02939781887150295,0.017733045770429,0,-3.191046540796283,0
2020-10-06,0,0,0.0127015144113336,-0.01421591711796555,0,-3.191046540796283,0
2020-10-07,0,0,-0.0313555233960443,0.01740662227928214,0,-3.191046540796283,0
2020-10-08,0,0,-0.03934262948207179,0.008862542551942632,0,-3.191046540796283,0
2020-10-09,0,0,-0.0528771384136858,0.00893012973413243,0,-3.191046540796283,0
2020-10-12,0,0,-0.0186097427476738,0.01608764595646539,0,-3.191046540796283,0
2020-10-13,0,0,0.01059676519799235,-0.006526118661861924,0,-3.191046540796283,0
2020-10-14,0,0,-0.008278145695364225,-0.006283380458686705,0,-3.191046540796283,0
2020-10-15,0,0,0.007790762381747252,-0.00123588078061676,0,-3.191046540796283,0
2020-10-16,0,0,0.00662617338487026,-0.0006043165467625178,0,-3.191046540796283,0
2020-10-19,0,0,0.04443225452550736,-0.01520343229001708,0,-3.191046540796283,0
2020-10-20,0,0,-0.0005252100840335006,0.004005730826583953,0,-3.191046540796283,0
2020-10-21,0,0,-0.02417235943247509,-0.001892946589783895,0,-3.191046540796283,0
2020-10-22,0,0,-0.0226171243941844,0.00548536749044426,0,-3.191046540796283,0
2020-10-23,0,0,0.001101928374656058,0.003395142334813084,0,-3.191046540796283,0
2020-10-26,0,0,0.08750687947165647,-0.01847995835502336,0,-3.191046540796283,0
2020-10-27,0,0,0.004554655870445234,-0.003447361442588059,0,-3.191046540796283,0
2020-10-28,0,0,0.1440806045340048,-0.03417893678670691,0,-3.191046540796283,0
2020-10-29,0,0,-0.08410391897842351,0.01016347272393303,0,-3.191046540796283,0
2020-10-30,0,0,0.04471153846153819,-0.0104248742348021,0,-3.191046540796283,0
2020-11-02,0,0,-0.02162908421537035,0.01120842775770181,0,-3.191046540796283,0
2020-11-03,0,0,-0.0526810912511757,0.01765596608116282,0,-3.191046540796283,0
2020-11-04,0,0,-0.08788480635551155,0.02234919501235022,0,-3.191046540796283,0
2020-11-05,0,0,-0.01905280348394134,0.01950282354310984,0,-3.191046540796283,0
2020-11-06,0,0,-0.06492785793562705,-0.0002284148012791087,0,-3.191046540796283,0
2020-11-09,0,0,-0.02255192878338286,0.01256568425862459,0,-3.191046540796283,0
2020-11-10,0,0,-0.03217972070431097,-0.001466606498194856,0,-3.191046540796283,0
2020-11-11,0,0,-0.02007528230865741,0.007428539148118807,0,-3.191046540796283,0
2020-11-12,0,0,0.06722151088348283,-0.009700843917346713,0,-3.191046540796283,0
2020-11-13,0,0,-0.0617876424715057,0.01384445514000188,0,-3.191046540796283,0
2020-11-16,0,0,-0.02557544757033248,0.01248254677464389,0,-3.191046540796283,0
2020-11-17,0,0,-0.01574803149606296,-0.005378271782000676,0,-3.191046540796283,0
2020-11-18,0,0,0.03733333333333322,-0.01203482890577345,0,-3.191046540796283,0
2020-11-19,0,0,-0.01863753213367614,0.004210171775008487,0,-3.191046540796283,0
2020-11-20,0,0,-0.003274394237066214,-0.006847783554139397,0,-3.191046540796283,0
2020-11-23,0,0,-0.01248357424441515,0.005994427715081851,0,-3.191046540796283,0
2020-11-24,0,0,-0.01530272787757803,0.01611369104235449,0,-3.191046540796283,0
2020-11-25,0,0,-0.03648648648648656,-0.001541765321292909,0,-3.191046540796283,0
2020-11-27,0,0,0.00631136044880809,0.002784977665030608,0,-3.191046540796283,0
2020-11-30,0,0,-0.01951219512195146,-0.004427090494129371,0,-3.191046540796283,0
2020-12-01,0,0,0.007818052594172009,0.01093741368833889,0,-3.191046540796283,0
2020-12-02,0,0,-0.004231311706629048,0.002103710179771623,0,-3.191046540796283,0
2020-12-03,0,0,0.007790368271954673,-0.0002726355680362502,0,-3.191046540796283,0
2020-12-04,0,0,-0.01475755446240334,0.008617633423327664,0,-3.191046540796283,0
2020-12-07,0,0,0.005706134094151327,-0.002054887116398674,0,-3.191046540796283,0
2020-12-08,0,0,-0.0347517730496455,0.002926115581565636,0,-3.191046540796283,0
2020-12-09,0,0,0.03600293901542995,-0.008968852149012552,0,-3.191046540796283,0
2020-12-10,0,0,0.008510638297872353,-0.0003271091726864128,0,-3.191046540796283,0
2020-12-11,0,0,0.03797468354430378,-0.001172524745725712,0,-3.191046540796283,0
2020-12-14,0,0,0.02371273712737132,-0.004477204477204455,0,-3.191046540796283,0
2020-12-15,0,0,-0.04698874917273332,0.01351944276860628,0,-3.191046540796283,0
2020-12-16,0,0,-0.03472222222222221,0.001569306528856451,0,-3.191046540796283,0
2020-12-17,0,0,-0.01079136690647486,0.005592025285679592,0,-3.191046540796283,0
2020-12-18,0,0,0.0239999999999998,-0.00822050290135401,0,-3.191046540796283,0
2020-12-21,0,0,0.0724431818181821,-0.00357549163009907,0,-3.191046540796283,0
2020-12-22,0,0,-0.01920529801324511,-0.001685423802533559,0,-3.191046540796283,0
2020-12-23,0,0,-0.03848750844024307,0.0008985949243001112,0,-3.191046540796283,0
2020-12-24,0,0,-0.0273876404494382,0.003890415431074379,0,-3.191046540796283,0
2020-12-28,0,0,-0.007220216606498298,0.008590785907859111,0,-3.191046540796283,0
2020-12-29,0,0,0.03927272727272713,-0.001907730338286395,0,-3.191046540796283,0
2020-12-30,0,0,-0.03778866340097953,0.001426802347493705,0,-3.191046540796283,0
2020-12-31,0,0,-0.0007272727272726875,0.005080781741444662,0,-3.191046540796283,0
2021-01-04,0,0,0.09534206695778735,-0.01361399379480044,0,-3.191046540796283,0
2021-01-05,0,0,-0.03787375415282401,0.006887388486672474,0,-3.191046540796283,0
2021-01-06,0,0,-0.006215469613259583,0.005978509681415556,0,-3.191046540796283,0
2021-01-07,0,0,-0.06115357887421824,0.01485744880203455,0,-3.191046540796283,0
2021-01-08,0,0,-0.00962250185048108,0.005697705091004979,0,-3.191046540796283,0
2021-01-11,0,0,0.06128550074738381,-0.00674080679851019,0,-3.191046540796283,0
2021-01-12,0,0,-0.0341549295774648,0.0002112545881856054,0,-3.191046540796283,0
2021-01-13,0,0,-0.0156762668611008,0.002692927106159537,0,-3.191046540796283,0
2021-01-14,0,0,0.01259259259259249,-0.003501935280023294,0,-3.191046540796283,0
2021-01-15,0,0,0.02487198244330657,-0.007292712572002258,0,-3.191046540796283,0
2021-01-19,0,0,-0.0278372591006425,0.007852009582113295,0,-3.191046540796283,0
2021-01-20,0,0,-0.02055800293685761,0.01383863726396406,0,-3.191046540796283,0
2021-01-21,0,0,-0.008245877061469176,0.000911719502982633,0,-3.191046540796283,0
2021-01-22,0,0,0.01436130007558578,-0.003539454507599404,0,-3.191046540796283,0
2021-01-25,0,0,0.04023845007451565,0.003943794400334211,0,-3.191046540796283,0
2021-01-26,0,0,-0.01647564469914042,-0.001560914696011828,0,-3.191046540796283,0
2021-01-27,0,0,0.2075746540422432,-0.0244404492039918,0,-3.191046540796283,0
2021-01-28,0,0,-0.02050663449939694,0.008600197644293539,0,-3.191046540796283,0
2021-01-29,0,0,0.06527093596059119,-0.02001959590074942,0,-3.191046540796283,0
2021-02-01,0,0,-0.05838150289017352,0.01664549950009464,0,-3.191046540796283,0
2021-02-02,0,0,-0.08348680171884593,0.0141402865268585,0,-3.191046540796283,0
2021-02-03,0,0,-0.05358338914936345,0.0007862665443585382,0,-3.191046540796283,0
2021-02-04,0,0,-0.04387827317763637,0.01136571952337295,0,-3.191046540796283,0
2021-02-05,0,0,-0.002590673575129543,0.003935886480747719,0,-3.191046540796283,0
2021-02-08,0,0,-0.007792207792207795,0.007221892651724238,0,-3.191046540796283,0
2021-02-09,0,0,0.005235602094240566,-0.000665796010345443,0,-3.191046540796283,0
2021-02-10,0,0,0.0141369047619051,-0.0004356181934657144,0,-3.191046540796283,0
2021-02-11,0,0,-0.02274394717534867,0.00161505332239531,0,-3.191046540796283,0
2021-02-12,0,0,-0.03228228228228225,0.004939725115814753,0,-3.191046540796283,0
2021-02-16,0,0,0.001551590380139523,-0.0008659331703341211,0,-3.191046540796283,0
2021-02-17,0,0,-0.01394268009295119,0.0002294162630638308,0,-3.191046540796283,0
2021-02-18,0,0,0.008641005498821519,-0.004255969825938344,0,-3.191046540796283,0
2021-02-19,0,0,-0.03894080996884719,-0.001765970515970605,0,-3.191046540796283,0
2021-02-22,0,0,0.04213938411669371,-0.007691716021844486,0,-3.191046540796283,0
2021-02-23,0,0,-0.04121306376360812,0.001214376146551954,0,-3.191046540796283,0
2021-02-24,0,0,-0.03811841038118413,0.01101935483870964,0,-3.191046540796283,0
2021-02-25,0,0,0.1551433389544685,-0.02409577047757616,0,-3.191046540796283,0
2021-02-26,0,0,-0.04744525547445244,-0.005152616849318559,0,-3.191046540796283,0
2021-03-01,0,0,-0.07662835249042133,0.02424019350089379,0,-3.191046540796283,0
2021-03-02,0,0,0.01659751037344392,-0.007803275322141756,0,-3.191046540796283,0
2021-03-03,0,0,0.04408163265306109,-0.01324571842500133,0,-3.191046540796283,0
2021-03-04,0,0,0.04143862392494135,-0.01237480992082229,0,-3.191046540796283,0
2021-03-05,0,0,-0.06906906906906907,0.01839660207061322,0,-3.191046540796283,0
2021-03-08,0,0,0.02419354838709675,-0.004978755571774851,0,-3.191046540796283,0
2021-03-09,0,0,-0.04803149606299217,0.01427748087603486,0,-3.191046540796283,0
2021-03-10,0,0,-0.01157981803143093,0.006224655835937565,0,-3.191046540796283,0
2021-03-11,0,0,-0.02594142259414201,0.01013912418501972,0,-3.191046540796283,0
2021-03-12,0,0,-0.0171821305841926,0.00134678423500123,0,-3.191046540796283,0
2021-03-15,0,0,-0.05681818181818177,0.005963558848906425,0,-3.191046540796283,0
2021-03-16,0,0,0,-0.001261320350142481,0,-3.191046540796283,0
2021-03-17,0,0,-0.04541241890639469,0.003409865878608587,0,-3.191046540796283,0
2021-03-18,0,0,0.0572815533980584,-0.01454966520666556,0,-3.191046540796283,0
2021-03-19,0,0,-0.03213957759412323,-0.005108817819556521,0,-3.191046540796283,0
2021-03-22,0,0,-0.07495256166982911,0.007985005648556864,0,-3.191046540796283,0
2021-03-23,0,0,0.05128205128205132,-0.007870806694006416,0,-3.191046540796283,0
2021-03-24,0,0,0.005853658536585149,-0.005083440308087384,0,-3.191046540796283,0
2021-03-25,0,0,-0.03103782735208538,0.005625516102394812,0,-3.191046540796283,0
2021-03-26,0,0,-0.03903903903903905,0.01611496022581482,0,-3.191046540796283,0
2021-03-29,0,0,0.02812499999999996,-0.0005050760139402311,0,-3.191046540796283,0
2021-03-30,0,0,-0.04660587639311031,-0.002652989034311881,0,-3.191046540796283,0
2021-03-31,0,0,-0.006376195536663354,0.004053403592328753,0,-3.191046540796283,0
2021-04-01,0,0,-0.03101604278074854,0.01079908157343645,0,-3.191046540796283,0
2021-04-05,0,0,-0.02980132450331119,0.01435311150495489,0,-3.191046540796283,0
2021-04-06,0,0,0.0091012514220703,-0.0005906093119402156,0,-3.191046540796283,0
2021-04-07,0,0,-0.03043968432919952,0.001157293410814386,0,-3.191046540796283,0
2021-04-08,0,0,-0.0151162790697672,0.004746796527214103,0,-3.191046540796283,0
2021-04-09,0,0,-0.002361275088547998,0.007270145892489976,0,-3.191046540796283,0
2021-04-12,0,0,-0.01538461538461522,0.0003645289071423363,0,-3.191046540796283,0
2021-04-13,0,0,-0.008413461538461675,0.002963754737149049,0,-3.191046540796283,0
2021-04-14,0,0,0.02303030303030296,-0.00341520127888395,0,-3.191046540796283,0
2021-04-15,0,0,-0.03317535545023687,0.01074249605055289,0,-3.191046540796283,0
2021-04-16,0,0,-0.01593137254901977,0.003342390650924454,0,-3.191046540796283,0
2021-04-19,0,0,0.03486924034869254,-0.004913003882471401,0,-3.191046540796283,0
2021-04-20,0,0,0.02286401925391091,-0.007321596300667088,0,-3.191046540796283,0
2021-04-21,0,0,-0.05176470588235293,0.009462115146662731,0,-3.191046540796283,0
2021-04-22,0,0,0.0694789081885856,-0.009133078568510089,0,-3.191046540796283,0
2021-04-23,0,0,-0.04524361948955913,0.01084240910083212,0,-3.191046540796283,0
2021-04-26,0,0,-0.007290400972053579,0.002087632576666554,0,-3.191046540796283,0
2021-04-27,0,0,-0.02203182374541002,-0.0002155120806495159,0,-3.191046540796283,0
2021-04-28,0,0,-0.003754693366708417,-0.0002874113814906876,0,-3.191046540796283,0
2021-04-29,0,0,-0.006281407035175879,0.006372783900335577,0,-3.191046540796283,0
2021-04-30,0,0,0.04045512010113783,-0.006570489930009971,0,-3.191046540796283,0
2021-05-03,0,0,-0.03766707168894301,0.002156721782889948,0,-3.191046540796283,0
2021-05-04,0,0,0.03787878787878807,-0.006169296987087458,0,-3.191046540796283,0
2021-05-05,0,0,-0.0231143552311438,0.0003127857177229743,0,-3.191046540796283,0
2021-05-06,0,0,-0.006226650062266303,0.007985568250150399,0,-3.191046540796283,0
2021-05-07,0,0,-0.06015037593984951,0.00727802037845704,0,-3.191046540796283,0
2021-05-10,0,0,0.04400000000000004,-0.009902397422533848,0,-3.191046540796283,0
2021-05-11,0,0,0.07790549169859506,-0.008924726037230268,0,-3.191046540796283,0
2021-05-12,0,0,0.1718009478672988,-0.02124526206513588,0,-3.191046540796283,0
2021-05-13,0,0,-0.09403437815975746,0.0120125305246539,0,-3.191046540796283,0
2021-05-14,0,0,-0.1171875000000001,0.01535536706639373,0,-3.191046540796283,0
2021-05-17,0,0,0.02022756005056903,-0.002544529262086481,0,-3.191046540796283,0
2021-05-18,0,0,0.02726146220569992,-0.008615710435117441,0,-3.191046540796283,0
2021-05-19,0,0,0.04342581423401692,-0.002621741030247038,0,-3.191046540796283,0
2021-05-20,0,0,-0.05317919075144517,0.01075792240665918,0,-3.191046540796283,0
2021-05-21,0,0,-0.01343101343101327,-0.0008187247158543132,0,-3.191046540796283,0
2021-05-24,0,0,-0.04579207920792094,0.01019424495107724,0,-3.191046540796283,0
2021-05-25,0,0,0,-0.002218670229262587,0,-3.191046540796283,0
2021-05-26,0,0,-0.04701686121919579,0.001984506503442951,0,-3.191046540796283,0
2021-05-27,0,0,-0.04865600544402859,0.0005249719617248516,0,-3.191046540796283,0
2021-05-28,0,0,0.01430615164520743,0.001788738104891552,0,-3.191046540796283,0
2021-06-01,0,0,0.02503526093088859,-0.0008808684887153806,0,-3.191046540796283,0
2021-06-02,0,0,-0.02442380460956317,0.001572664236185517,0,-3.191046540796283,0
2021-06-03,0,0,0.01833568406205921,-0.003711369638141448,0,-3.191046540796283,0
2021-06-04,0,0,-0.05297783933517985,0.00914583184086748,0,-3.191046540796283,0
2021-06-07,0,0,-0.0179159049360148,-0.000970184571699062,0,-3.191046540796283,0
2021-06-08,0,0,0.01228592702903963,0.0002131741632913631,0,-3.191046540796283,0
2021-06-09,0,0,0.0150790731886723,-0.001491901108269356,0,-3.191046540796283,0
2021-06-10,0,0,-0.06050724637681171,0.004648405075299511,0,-3.191046540796283,0
2021-06-11,0,0,-0.02699575780948693,0.001652463350723554,0,-3.191046540796283,0
2021-06-14,0,0,0.007530717399920839,0.002238929084867225,0,-3.191046540796283,0
2021-06-15,0,0,0.02261998426435885,-0.001834172035930948,0,-3.191046540796283,0
2021-06-16,0,0,0.009809578765147098,-0.005583301922352013,0,-3.191046540796283,0
2021-06-17,0,0,-0.006095238095238265,-0.0003316671009926386,0,-3.191046540796283,0
2021-06-18,0,0,0.08700651590647768,-0.01670734886366332,0,-3.191046540796283,0
2021-06-21,0,0,-0.06558533145275025,0.01431601272534455,0,-3.191046540796283,0
2021-06-22,0,0,-0.04641509433962254,0.005346195884617266,0,-3.191046540796283,0
2021-06-23,0,0,-0.01978630787495061,-0.00120536030819407,0,-3.191046540796283,0
2021-06-24,0,0,-0.02180056519983853,0.005915759583530633,0,-3.191046540796283,0
2021-06-25,0,0,-0.01485761452744527,0.003552105386967819,0,-3.191046540796283,0
2021-06-28,0,0,0.001675743611227576,0.002015892735754088,0,-3.191046540796283,0
2021-06-29,0,0,0.01756587202007531,0.00053804945376279,0,-3.191046540796283,0
2021-06-30,0,0,-0.01027538018906704,0.0008417114800094438,0,-3.191046540796283,0
2021-07-01,0,0,-0.01370431893687707,0.005536607017707862,0,-3.191046540796283,0
2021-07-02,0,0,-0.005052631578947309,0.007643519271426369,0,-3.191046540796283,0
2021-07-06,0,0,0.02412187896741425,-0.001821451627778359,0,-3.191046540796283,0
2021-07-07,0,0,0.002479338842975132,0.003534058623795966,0,-3.191046540796283,0
2021-07-08,0,0,0.06677658697444344,-0.008148045850020602,0,-3.191046540796283,0
2021-07-09,0,0,-0.06993817619783615,0.01067483523623869,0,-3.191046540796283,0
2021-07-12,0,0,-0.005400914000830759,0.003581925055106572,0,-3.191046540796283,0
2021-07-13,0,0,0.01294903926482882,-0.003408986913150946,0,-3.191046540796283,0
2021-07-14,0,0,-0.02350515463917535,0.001492228930875417,0,-3.191046540796283,0
2021-07-15,0,0,0.01478040540540548,-0.003415551072804002,0,-3.191046540796283,0
2021-07-16,0,0,0.03828547648772362,-0.007843588269120239,0,-3.191046540796283,0
2021-07-19,0,0,0.144689378757515,-0.01476793248945141,0,-3.191046540796283,0
2021-07-20,0,0,-0.07983193277310907,0.01433042332399936,0,-3.191046540796283,0
2021-07-21,0,0,-0.06811263318112648,0.00809632069781463,0,-3.191046540796283,0
2021-07-22,0,0,0.01796651694569218,0.002094120354389606,0,-3.191046540796283,0
2021-07-23,0,0,-0.006417970316887289,0.0102879713406514,0,-3.191046540796283,0
2021-07-26,0,0,-0.01332256762212347,0.002454880210937871,0,-3.191046540796283,0
2021-07-27,0,0,0.03314238952536841,-0.004557616434628819,0,-3.191046540796283,0
2021-07-28,0,0,-0.02534653465346537,-0.0004100134393294486,0,-3.191046540796283,0
2021-07-29,0,0,-0.02031694433157261,0.004147391928537303,0,-3.191046540796283,0
2021-07-30,0,0,0.02737453338863549,-0.004856462044706689,0,-3.191046540796283,0
2021-08-02,0,0,0.03673798950343143,-0.002098013728307313,0,-3.191046540796283,0
2021-08-03,0,0,-0.04984423676012451,0.00813546927489206,0,-3.191046540796283,0
2021-08-04,0,0,-0.0008196721311475308,-0.004918961804374788,0,-3.191046540796283,0
2021-08-05,0,0,-0.02625102543068092,0.006332862544990547,0,-3.191046540796283,0
2021-08-06,0,0,-0.02527379949452402,0.001652480985150362,0,-3.191046540796283,0
2021-08-09,0,0,-0.01166810717372513,-0.0008135777079708584,0,-3.191046540796283,0
2021-08-10,0,0,-0.01399212942719719,0.00124397801551579,0,-3.191046540796283,0
2021-08-11,0,0,-0.02749445676274953,0.002484864913707252,0,-3.191046540796283,0
2021-08-12,0,0,-0.02188782489740093,0.002996980485826306,0,-3.191046540796283,0
2021-08-13,0,0,0,0.001819774887106496,0,-3.191046540796283,0
2021-08-16,0,0,0.004662004662004948,0.002354682454251966,0,-3.191046540796283,0
2021-08-17,0,0,0.03248259860788871,-0.006555249793050999,0,-3.191046540796283,0
2021-08-18,0,0,0.06831460674157297,-0.01094495991352129,0,-3.191046540796283,0
2021-08-19,0,0,0.03239377366428253,0.001548340088346478,0,-3.191046540796283,0
2021-08-20,0,0,-0.0749796251018745,0.007957077251852906,0,-3.191046540796283,0
2021-08-23,0,0,-0.03480176211453734,0.008796463370624341,0,-3.191046540796283,0
2021-08-24,0,0,-0.002282062984938493,0.001587443545141509,0,-3.191046540796283,0
2021-08-25,0,0,-0.02287282708142724,0.002098354800544655,0,-3.191046540796283,0
2021-08-26,0,0,0.0435393258426966,-0.005903187721369663,0,-3.191046540796283,0
2021-08-27,0,0,-0.05159264244055617,0.008940976112580046,0,-3.191046540796283,0
2021-08-30,0,0,-0.01040681173131508,0.004397556912826284,0,-3.191046540796283,0
2021-08-31,0,0,-0.003346080305927424,-0.001481547000420136,0,-3.191046540796283,0
2021-09-01,0,0,-0.0258992805755397,0.0005314908317832767,0,-3.191046540796283,0
2021-09-02,0,0,-0.001969473165927993,0.003076582558654284,0,-3.191046540796283,0
2021-09-03,0,0,0.009373458312777583,-0.0002427238023787748,0,-3.191046540796283,0
2021-09-07,0,0,0.02199413489736068,-0.003575527500662146,0,-3.191046540796283,0
2021-09-08,0,0,-0.001434720229555264,-0.001218269614140732,0,-3.191046540796283,0
2021-09-09,0,0,0.02203065134099602,-0.004280233305981263,0,-3.191046540796283,0
2021-09-10,0,0,0.03327085285848175,-0.007884538286783371,0,-3.191046540796283,0
2021-09-13,0,0,-0.0321995464852608,0.002559267241379226,0,-3.191046540796283,0
2021-09-14,0,0,0.01593252108716037,-0.005396569483631097,0,-3.191046540796283,0
2021-09-15,0,0,-0.04059040590405893,0.008352657766170557,0,-3.191046540796283,0
2021-09-16,0,0,-0.01009615384615403,-0.00158524604804855,0,-3.191046540796283,0
2021-09-17,0,0,0.0655658086449733,-0.01290337008296627,0,-3.191046540796283,0
2021-09-20,0,0,0.1089334548769372,-0.01667421839601257,0,-3.191046540796283,0
2021-09-21,0,0,-0.03740238388820383,-0.0009446133996867667,0,-3.191046540796283,0
2021-09-22,0,0,-0.05636208368915452,0.009754860134215892,0,-3.191046540796283,0
2021-09-23,0,0,-0.06199095022624457,0.012150002283835,0,-3.191046540796283,0
2021-09-24,0,0,-0.0303907380607813,0.001647186244866594,0,-3.191046540796283,0
2021-09-27,0,0,0.008955223880596996,-0.002860940280687618,0,-3.191046540796283,0
2021-09-28,0,0,0.1065088757396451,-0.02015181637448027,0,-3.191046540796283,0
2021-09-29,0,0,0.01336898395721908,0.001683113529465929,0,-3.191046540796283,0
2021-09-30,0,0,0.002638522427440781,-0.0122223500978248,0,-3.191046540796283,0
2021-10-01,0,0,-0.03815789473684228,0.01188423358344592,0,-3.191046540796283,0
2021-10-04,0,0,0.02872777017783856,-0.01289609432571859,0,-3.191046540796283,0
2021-10-05,0,0,-0.036790780141844,0.01040500186636817,0,-3.191046540796283,0
2021-10-06,0,0,-0.01150483202945229,0.004156084045255026,0,-3.191046540796283,0
2021-10-07,0,0,-0.03770949720670391,0.008645665670269143,0,-3.191046540796283,0
2021-10-08,0,0,-0.01886792452830188,-0.001823735923038416,0,-3.191046540796283,0
2021-10-11,0,0,0.01134122287968431,-0.007239756999954383,0,-3.191046540796283,0
2021-10-12,0,0,-0.01901511457825444,-0.002461524304676832,0,-3.191046540796283,0
2021-10-13,0,0,-0.01888667992047721,0.00359762003597619,0,-3.191046540796283,0
2021-10-14,0,0,-0.05420466058763918,0.01682062594788358,0,-3.191046540796283,0
2021-10-15,0,0,-0.0005356186395286677,0.007615819209039643,0,-3.191046540796283,0
2021-10-18,0,0,-0.02036441586280802,0.002960504182833557,0,-3.191046540796283,0
2021-10-19,0,0,-0.009299781181619338,0.007714841566224706,0,-3.191046540796283,0
2021-10-20,0,0,-0.008282716731087825,0.003927747203976706,0,-3.191046540796283,0
2021-10-21,0,0,-0.03285077951002213,0.002608253575296704,0,-3.191046540796283,0
2021-10-22,0,0,0.02014968336211842,-0.001036178046253111,0,-3.191046540796283,0
2021-10-25,0,0,-0.02934537246049662,0.005362817796610075,0,-3.191046540796283,0
2021-10-26,0,0,0.01918604651162803,0.0009000109757435482,0,-3.191046540796283,0
2021-10-27,0,0,0.02338847689674828,-0.004430213176594422,0,-3.191046540796283,0
2021-10-28,0,0,-0.03121516164994431,0.00964885227122525,0,-3.191046540796283,0
2021-10-29,0,0,0.006329113924050445,0.002029149938907349,0,-3.191046540796283,0
2021-11-01,0,0,-0.01372212692967389,0.001720195971693039,0,-3.191046540796283,0
2021-11-02,0,0,-0.02608695652173909,0.004043126684636134,0,-3.191046540796283,0
2021-11-03,0,0,-0.03630952380952379,0.006105217579562838,0,-3.191046540796283,0
2021-11-04,0,0,0.01482396541074715,0.004712515062833544,0,-3.191046540796283,0
2021-11-05,0,0,0.03408399269628726,0.003469619412734604,0,-3.191046540796283,0
2021-11-08,0,0,0.002354326074161639,0.0008537340191663301,0,-3.191046540796283,0
2021-11-09,0,0,0.01644157369348176,-0.003305397394067322,0,-3.191046540796283,0
2021-11-10,0,0,0.01733102253032959,-0.008044845735803774,0,-3.191046540796283,0
2021-11-11,0,0,-0.01930721181147077,0.000323540830852842,0,-3.191046540796283,0
2021-11-12,0,0,-0.03416328894035903,0.007546844340944769,0,-3.191046540796283,0
2021-11-15,0,0,-0.01378896882494018,0.0003424144498898052,0,-3.191046540796283,0
2021-11-16,0,0,0.002431610942249307,0.00395781186487798,0,-3.191046540796283,0
2021-11-17,0,0,0.0181928441479684,-0.002429253324241376,0,-3.191046540796283,0
2021-11-18,0,0,0.007147111375819026,0.003396419874396539,0,-3.191046540796283,0
2021-11-19,0,0,0.01360141927853364,-0.0017882613416218,0,-3.191046540796283,0
2021-11-22,0,0,0.01633605600933485,-0.002815159205783901,0,-3.191046540796283,0
2021-11-23,0,0,-0.02181400688863411,0.001326004662403513,0,-3.191046540796283,0
2021-11-24,0,0,-0.01467136150234738,0.002669856254939207,0,-3.191046540796283,0
2021-11-26,0,0,0.250148898153663,-0.02230316973415125,0,-3.191046540796283,0
2021-11-29,0,0,-0.1353025250119106,0.01226659694533416,0,-3.191046540796283,0
2021-11-30,0,0,0.1404958677685952,-0.01945759793370649,0,-3.191046540796283,0
2021-12-01,0,0,0.07681159420289863,-0.01110720871015891,0,-3.191046540796283,0
2021-12-02,0,0,-0.05563032750112162,0.01531631520532728,0,-3.191046540796283,0
2021-12-03,0,0,0.08741092636579584,-0.008701355487538143,0,-3.191046540796283,0
2021-12-06,0,0,-0.08082131935342962,0.01184332407039834,0,-3.191046540796283,0
2021-12-07,0,0,-0.1078897338403042,0.02068484491815425,0,-3.191046540796283,0
2021-12-08,0,0,-0.05860415556739451,0.002647988383018829,0,-3.191046540796283,0
2021-12-09,0,0,0.02773061686474243,-0.006751576077696275,0,-3.191046540796283,0
2021-12-10,0,0,-0.06497797356828217,0.009413530610056897,0,-3.191046540796283,0
2021-12-13,0,0,0.04004711425206131,-0.008858393168203249,0,-3.191046540796283,0
2021-12-14,0,0,0.01755379388448475,-0.006879996570718139,0,-3.191046540796283,0
2021-12-15,0,0,-0.07178631051752926,0.015625,0,-3.191046540796283,0
2021-12-16,0,0,0.04316546762589923,-0.008818529536761655,0,-3.191046540796283,0
2021-12-17,0,0,0.03218390804597715,-0.01410654946939649,0,-3.191046540796283,0
2021-12-20,0,0,0.034521158129176,-0.01063343988518495,0,-3.191046540796283,0
2021-12-21,0,0,-0.04790096878363825,0.0177590223746098,0,-3.191046540796283,0
2021-12-22,0,0,-0.05652911249293402,0.009998704271584558,0,-3.191046540796283,0
2021-12-23,0,0,-0.01258238466147399,0.006222070174688454,0,-3.191046540796283,0
2021-12-27,0,0,-0.0230582524271844,0.01415214619634497,0,-3.191046540796283,0
2021-12-28,0,0,-0.02546583850931694,-0.0008171646482001416,0,-3.191046540796283,0
2021-12-29,0,0,-0.02485659655831729,0.001279174617820455,0,-3.191046540796283,0
2021-12-30,0,0,-0.0006535947712420498,-0.002764513696908777,0,-3.191046540796283,0
2021-12-31,0,0,-0.007848266841072427,-0.002520161290322731,0,-3.191046540796283,0
2022-01-03,0,0,-0.03625576796308505,0.005789961259895504,0,-3.191046540796283,0
2022-01-04,0,0,-0.0006839945280436854,-0.0003349312344308464,0,-3.191046540796283,0
2022-01-05,0,0,0.07665982203969879,-0.01920217778243116,0,-3.191046540796283,0
2022-01-06,0,0,0.006993006993007089,-0.0009394081728510972,0,-3.191046540796283,0
2022-01-07,0,0,-0.02904040404040387,-0.003953498311749404,0,-3.191046540796283,0
2022-01-10,0,0,-0.01885565669700939,-0.001244394859361897,0,-3.191046540796283,0
2022-01-11,0,0,-0.03445990722332659,0.009108289832656657,0,-3.191046540796283,0
2022-01-12,0,0,-0.01029512697323265,0.002703565726450252,0,-3.191046540796283,0
2022-01-13,0,0,0.06310679611650483,-0.01377860812704346,0,-3.191046540796283,0
2022-01-14,0,0,-0.01630789302022184,0.0004090155641187643,0,-3.191046540796283,0
2022-01-18,0,0,0.07692307692307687,-0.01770958856946125,0,-3.191046540796283,0
2022-01-19,0,0,0.02463054187192149,-0.01038357904882914,0,-3.191046540796283,0
2022-01-20,0,0,0.04266826923076916,-0.01106806862202547,0,-3.191046540796283,0
2022-01-21,0,0,0.09279538904899121,-0.01963066592053719,0,-3.191046540796283,0
2022-01-24,0,0,0.0216244725738397,0.004246769258870131,0,-3.191046540796283,0
2022-01-25,0,0,0.00826019617965934,-0.01220898508548551,0,-3.191046540796283,0
2022-01-26,0,0,0.01587301587301582,-0.002508803829953776,0,-3.191046540796283,0
2022-01-27,0,0,0.008568548387096975,-0.004937929761410276,0,-3.191046540796283,0
2022-01-28,0,0,-0.06396801599200408,0.02483535850106655,0,-3.191046540796283,0
2022-01-31,0,0,-0.06673785371062468,0.01801108722706202,0,-3.191046540796283,0
2022-02-01,0,0,-0.07379862700228823,0.006756906936942864,0,-3.191046540796283,0
2022-02-02,0,0,-0.01976528721433002,0.009714096478640188,0,-3.191046540796283,0
2022-02-03,0,0,0.1203528670447387,-0.0235049743085165,0,-3.191046540796283,0
2022-02-04,0,0,-0.03487064116985383,0.004702194357366629,0,-3.191046540796283,0
2022-02-07,0,0,-0.02680652680652695,-0.003209271227991972,0,-3.191046540796283,0
2022-02-08,0,0,-0.04610778443113772,0.008227876402987055,0,-3.191046540796283,0
2022-02-09,0,0,-0.0382925298179535,0.01463609349359118,0,-3.191046540796283,0
2022-02-10,0,0,0.09268929503916445,-0.01796564234821008,0,-3.191046540796283,0
2022-02-11,0,0,0.1326164874551972,-0.01971868601442184,0,-3.191046540796283,0
2022-02-14,0,0,0,-0.003269309358398087,0,-3.191046540796283,0
2022-02-15,0,0,-0.07964135021097041,0.01612682793494602,0,-3.191046540796283,0
2022-02-16,0,0,-0.03896848137535813,0.00112082492714638,0,-3.191046540796283,0
2022-02-17,0,0,0.1150864639236731,-0.02136139722346619,0,-3.191046540796283,0
2022-02-18,0,0,0.02620320855614988,-0.006475083512561208,0,-3.191046540796283,0
2022-02-22,0,0,-0.005211047420531578,-0.01073163991433113,0,-3.191046540796283,0
2022-02-23,0,0,0.05552645364064945,-0.01773866890145959,0,-3.191046540796283,0
2022-02-24,0,0,-0.03126550868486333,0.01504917644270654,0,-3.191046540796283,0
2022-02-25,0,0,-0.04098360655737709,0.02206397385010495,0,-3.191046540796283,0
2022-02-28,0,0,0.04967948717948723,-0.002558537978298081,0,-3.191046540796283,0
2022-03-01,0,0,0.107379134860051,-0.01523028651260783,0,-3.191046540796283,0
2022-03-02,0,0,-0.06250000000000011,0.01839620447462664,0,-3.191046540796283,0
2022-03-03,0,0,0.00490196078431393,-0.004978419237708143,0,-3.191046540796283,0
2022-03-04,0,0,0.04146341463414616,-0.008124670078721974,0,-3.191046540796283,0
2022-03-07,0,0,0.08852459016393444,-0.02947914015318043,0,-3.191046540796283,0
2022-03-08,0,0,-0.009896729776247781,-0.00758171804591945,0,-3.191046540796283,0
2022-03-09,0,0,-0.04085180356366802,0.02681081081081094,0,-3.191046540796283,0
2022-03-10,0,0,-0.04349796103307657,-0.00451557052946816,0,-3.191046540796283,0
2022-03-11,0,0,0.01894836570345815,-0.01271505123625083,0,-3.191046540796283,0
2022-03-14,0,0,0.03207810320781035,-0.007308305758564004,0,-3.191046540796283,0
2022-03-15,0,0,-0.03288288288288288,0.02199040767386085,0,-3.191046540796283,0
2022-03-16,0,0,-0.1029343269678622,0.0221742497125561,0,-3.191046540796283,0
2022-03-17,0,0,-0.01557632398753894,0.0125109039988982,0,-3.191046540796283,0
2022-03-18,0,0,-0.04694092827004204,0.007821887682227358,0,-3.191046540796283,0
2022-03-21,0,0,-0.01051466519092426,-0.0002924502834518172,0,-3.191046540796283,0
2022-03-22,0,0,-0.01845637583892612,0.01170143342559471,0,-3.191046540796283,0
2022-03-23,0,0,-0.001709401709401703,-0.01287840032029175,0,-3.191046540796283,0
2022-03-24,0,0,-0.02283105022831056,0.01507435781883726,0,-3.191046540796283,0
2022-03-25,0,0,-0.0286214953271029,0.004883571222446648,0,-3.191046540796283,0
2022-03-28,0,0,-0.01503307276007226,0.007113035410545976,0,-3.191046540796283,0
2022-03-29,0,0,-0.04639804639804634,0.01237086267026388,0,-3.191046540796283,0
2022-03-30,0,0,0.0108834827144686,-0.006174845628859282,0,-3.191046540796283,0
2022-03-31,0,0,0.04939835338822052,-0.01539132330499238,0,-3.191046540796283,0
2022-04-01,0,0,-0.03439951719975853,0.002834115667345705,0,-3.191046540796283,0
2022-04-04,0,0,-0.05374999999999985,0.008566634284200347,0,-3.191046540796283,0
2022-04-05,0,0,0.08454425363276097,-0.01263134851138359,0,-3.191046540796283,0
2022-04-06,0,0,0.02314250913520088,-0.009999334855774533,0,-3.191046540796283,0
2022-04-07,0,0,-0.0291666666666669,0.005038968019349666,0,-3.191046540796283,0
2022-04-08,0,0,0,-0.002673975533123873,0,-3.191046540796283,0
2022-04-11,0,0,0.05702023298589842,-0.01709229841142168,0,-3.191046540796283,0
2022-04-12,0,0,0.009280742459396585,-0.003705219130751058,0,-3.191046540796283,0
2022-04-13,0,0,-0.0672413793103448,0.01145360377832016,0,-3.191046540796283,0
2022-04-14,0,0,0.02402957486136792,-0.01245178317655815,0,-3.191046540796283,0
2022-04-18,0,0,-0.01383874849578814,0.0004111560337147768,0,-3.191046540796283,0
2022-04-19,0,0,-0.0494203782794389,0.01614265817293425,0,-3.191046540796283,0
2022-04-20,0,0,-0.02310654685494218,-0.0007415063814489864,0,-3.191046540796283,0
2022-04-21,0,0,0.07227332457293034,-0.01495356524476621,0,-3.191046540796283,0
2022-04-22,0,0,0.125,-0.02743916358489695,0,-3.191046540796283,0
2022-04-25,0,0,-0.02342047930283231,0.005797577692235434,0,-3.191046540796283,0
2022-04-26,0,0,0.1048522030117121,-0.02896081771720604,0,-3.191046540796283,0
2022-04-27,0,0,0.02069661786976296,0.002811824080749759,0,-3.191046540796283,0
2022-04-28,0,0,-0.05192878338278906,0.02525942435353623,0,-3.191046540796283,0
2022-04-29,0,0,0.07616066770996333,-0.03695565788550992,0,-3.191046540796283,0
2022-05-02,0,0,-0.01357246728065931,0.006019417475728206,0,-3.191046540796283,0
2022-05-03,0,0,-0.06044226044226042,0.004584057131827857,0,-3.191046540796283,0
2022-05-04,0,0,-0.09152719665271969,0.03045295163072193,0,-3.191046540796283,0
2022-05-05,0,0,0.1773172135866434,-0.03554281452477503,0,-3.191046540796283,0
2022-05-06,0,0,-0.0132029339853299,-0.005968922935646881,0,-3.191046540796283,0
2022-05-09,0,0,0.0797819623389493,-0.0320173092818592,0,-3.191046540796283,0
2022-05-10,0,0,-0.03304268012849931,0.002310570861692174,0,-3.191046540796283,0
2022-05-11,0,0,-0.009017560512576961,-0.01588614097070828,0,-3.191046540796283,0
2022-05-12,0,0,-0.01772030651341006,-0.001043921069382669,0,-3.191046540796283,0
2022-05-13,0,0,-0.06484641638225253,0.023907835041036,0,-3.191046540796283,0
2022-05-16,0,0,-0.04118873826903025,-0.004057552524146302,0,-3.191046540796283,0
2022-05-17,0,0,-0.02446982055464919,0.02057037166637521,0,-3.191046540796283,0
2022-05-18,0,0,0.1465997770345597,-0.04031152037617547,0,-3.191046540796283,0
2022-05-19,0,0,-0.06465726786582404,-0.006124636349716828,0,-3.191046540796283,0
2022-05-20,0,0,0.004677754677754775,0.0004365018230370055,0,-3.191046540796283,0
2022-05-23,0,0,-0.0155199172271081,0.01871005826040095,0,-3.191046540796283,0
2022-05-24,0,0,0.004729374671571307,-0.007633780106822585,0,-3.191046540796283,0
2022-05-25,0,0,-0.02248953974895385,0.008834953921145638,0,-3.191046540796283,0
2022-05-26,0,0,-0.0107009095773144,0.01998137755744023,0,-3.191046540796283,0
2022-05-27,0,0,-0.03785830178474858,0.02454911055735121,0,-3.191046540796283,0
2022-05-31,0,0,-0.01686340640809447,-0.005610942542021879,0,-3.191046540796283,0
2022-06-01,0,0,-0.006861063464836836,-0.008088538008863555,0,-3.191046540796283,0
2022-06-02,0,0,-0.02072538860103623,0.01904343367757999,0,-3.191046540796283,0
2022-06-03,0,0,0.009406231628453998,-0.01641150961930082,0,-3.191046540796283,0
2022-06-06,0,0,-0.01164822364589413,0.003044770302528477,0,-3.191046540796283,0
2022-06-07,0,0,-0.02769593400117853,0.00959226790354295,0,-3.191046540796283,0
2022-06-08,0,0,0,-0.01087217972771437,0,-3.191046540796283,0
2022-06-09,0,0,0.04848484848484858,-0.02378288993725997,0,-3.191046540796283,0
2022-06-10,0,0,0.06011560693641615,-0.02899561578318055,0,-3.191046540796283,0
2022-06-13,0,0,0.1346782988004362,-0.03796818881477682,0,-3.191046540796283,0
2022-06-14,0,0,-0.0302739067755885,-0.003013333333333312,0,-3.191046540796283,0
2022-06-15,0,0,-0.0594648166501488,0.01425629229411296,0,-3.191046540796283,0
2022-06-16,0,0,0.06375131717597493,-0.03309599156118148,0,-3.191046540796283,0
2022-06-17,0,0,-0.02922238732045579,-0.002154643392881406,0,-3.191046540796283,0
2022-06-21,0,0,-0.01989795918367343,0.02517356365822976,0,-3.191046540796283,0
2022-06-22,0,0,-0.03904216553878181,-0.001812994907617216,0,-3.191046540796283,0
2022-06-23,0,0,0,0.009802612249258935,0,-3.191046540796283,0
2022-06-24,0,0,-0.02058504875406297,0.03179389514891806,0,-3.191046540796283,0
2022-06-27,0,0,-0.03097345132743357,-0.003819729286300255,0,-3.191046540796283,0
2022-06-28,0,0,0.02910958904109595,-0.0204328469595203,0,-3.191046540796283,0
2022-06-29,0,0,0.002773155851358844,-0.0008143964271640769,0,-3.191046540796283,0
2022-06-30,0,0,0.009402654867256777,-0.00812430982804857,0,-3.191046540796283,0
2022-07-01,0,0,-0.02575342465753416,0.01057654075546721,0,-3.191046540796283,0
2022-07-05,0,0,-0.0005624296962882802,0.001888574126534426,0,-3.191046540796283,0
2022-07-06,0,0,-0.01631963984243101,0.003377316996544089,0,-3.191046540796283,0
2022-07-07,0,0,-0.01086956521739135,0.01497716894977175,0,-3.191046540796283,0
2022-07-08,0,0,-0.02082128397917871,-0.0008226432556106555,0,-3.191046540796283,0
2022-07-11,0,0,0.02835203780271733,-0.01142357269663208,0,-3.191046540796283,0
2022-07-12,0,0,0.009764503159103821,-0.008848866564297508,0,-3.191046540796283,0
2022-07-13,0,0,-0.01535836177474426,-0.005251687104482317,0,-3.191046540796283,0
2022-07-14,0,0,0.001733102253032914,-0.002428529947469782,0,-3.191046540796283,0
2022-07-15,0,0,-0.05074971164936548,0.01910507792860727,0,-3.191046540796283,0
2022-07-18,0,0,0.02916160388821387,-0.008256952197959189,0,-3.191046540796283,0
2022-07-19,0,0,-0.0141676505312871,0.02701924335646022,0,-3.191046540796283,0
2022-07-20,0,0,-0.02215568862275441,0.006373161342952516,0,-3.191046540796283,0
2022-07-21,0,0,-0.02571953459889775,0.01018314461585246,0,-3.191046540796283,0
2022-07-22,0,0,-0.005028284098051561,-0.009278066150104181,0,-3.191046540796283,0
2022-07-25,0,0,-0.01263423878711289,0.001214913057784317,0,-3.191046540796283,0
2022-07-26,0,0,0.02303262955854102,-0.01183102864221253,0,-3.191046540796283,0
2022-07-27,0,0,-0.03064415259537201,0.02596638440481991,0,-3.191046540796283,0
2022-07-28,0,0,-0.05161290322580669,0.01254238978655486,0,-3.191046540796283,0
2022-07-29,0,0,-0.009523809523809379,0.0145787672076243,0,-3.191046540796283,0
2022-08-01,0,0,0.0350274725274724,-0.002961236923226362,0,-3.191046540796283,0
2022-08-02,0,0,0.00995355009953558,-0.006597365922535681,0,-3.191046540796283,0
2022-08-03,0,0,-0.04993429697766083,0.01565946184384637,0,-3.191046540796283,0
2022-08-04,0,0,0.003457814661134151,-0.0006755941609360994,0,-3.191046540796283,0
2022-08-05,0,0,-0.02549965541006194,-0.001690127242436668,0,-3.191046540796283,0
2022-08-08,0,0,0.005657708628005631,-0.001160906474472201,0,-3.191046540796283,0
2022-08-09,0,0,0.007032348804500543,-0.00397104046102803,0,-3.191046540796283,0
2022-08-10,0,0,-0.05726256983240219,0.02100401118269102,0,-3.191046540796283,0
2022-08-11,0,0,0.008148148148148016,0,0,-3.191046540796283,0
2022-08-12,0,0,-0.012490815576782,0.01692897449939279,0,-3.191046540796283,0
2022-08-15,0,0,-0.01562499999999989,0.004120814797471395,0,-3.191046540796283,0
2022-08-16,0,0,0.007558578987150399,0.001958681154689224,0,-3.191046540796283,0
2022-08-17,0,0,-0.004501125281320295,-0.007097975331626705,0,-3.191046540796283,0
2022-08-18,0,0,-0.01582516955538793,0.002906363529825429,0,-3.191046540796283,0
2022-08-19,0,0,0.04977029096477792,-0.01343803313935821,0,-3.191046540796283,0
2022-08-22,0,0,0.06491611962071486,-0.02082247595584397,0,-3.191046540796283,0
2022-08-23,0,0,-0.01712328767123283,-0.002419257288012622,0,-3.191046540796283,0
2022-08-24,0,0,-0.03275261324041812,0.00320116405965809,0,-3.191046540796283,0
2022-08-25,0,0,-0.03386167146974073,0.01411753329948984,0,-3.191046540796283,0
2022-08-26,0,0,0.1014168530947055,-0.03384901432623777,0,-3.191046540796283,0
2022-08-29,0,0,-0.009478672985781755,-0.006612222743085594,0,-3.191046540796283,0
2022-08-30,0,0,0.01708817498291171,-0.01097782082805554,0,-3.191046540796283,0
2022-08-31,0,0,-0.01948924731182822,-0.007609050500991921,0,-3.191046540796283,0
2022-09-01,0,0,-0.007539410555174708,0.003137810617946268,0,-3.191046540796283,0
2022-09-02,0,0,0.008977900552486373,-0.01054437213056858,0,-3.191046540796283,0
2022-09-06,0,0,0.02121834360027375,-0.003773200081582773,0,-3.191046540796283,0
2022-09-07,0,0,-0.0536193029490617,0.01796499129900697,0,-3.191046540796283,0
2022-09-08,0,0,-0.01558073654390923,0.006536276333651836,0,-3.191046540796283,0
2022-09-09,0,0,-0.01007194244604315,0.01553524152055563,0,-3.191046540796283,0
2022-09-12,0,0,-0.005087209302325646,0.01074766355140189,0,-3.191046540796283,0
2022-09-13,0,0,0.08692476260043858,-0.04348249263936543,0,-3.191046540796283,0
2022-09-14,0,0,-0.002016129032258007,0.003815822945815395,0,-3.191046540796283,0
2022-09-15,0,0,-0.002020202020202144,-0.01135326913329959,0,-3.191046540796283,0
2022-09-16,0,0,0,-0.01168871116579517,0,-3.191046540796283,0
2022-09-19,0,0,-0.03171390013495268,0.007754953833385203,0,-3.191046540796283,0
2022-09-20,0,0,0.03344947735191628,-0.01147857418607656,0,-3.191046540796283,0
2022-09-21,0,0,0.03236682400539448,-0.01744382826941604,0,-3.191046540796283,0
2022-09-22,0,0,-0.005878510777269863,-0.00839979861681539,0,-3.191046540796283,0
2022-09-23,0,0,0.0611038107752957,-0.01675485008818356,0,-3.191046540796283,0
2022-09-26,0,0,0.03467492260061933,-0.009892648457670794,0,-3.191046540796283,0
2022-09-27,0,0,0.01496110113704363,-0.002552770991737785,0,-3.191046540796283,0
2022-09-28,0,0,-0.04127358490566035,0.01967637184214865,0,-3.191046540796283,0
2022-09-29,0,0,0.02829028290282887,-0.02088899684236079,0,-3.191046540796283,0
2022-09-30,0,0,0.02272727272727293,-0.01546349127594482,0,-3.191046540796283,0
2022-10-03,0,0,-0.04619883040935702,0.02640125426955597,0,-3.191046540796283,0
2022-10-04,0,0,-0.03617412630288153,0.03098660702108513,0,-3.191046540796283,0
2022-10-05,0,0,0.007633587786259444,-0.002328227107971648,0,-3.191046540796283,0
2022-10-06,0,0,0.0290404040404042,-0.01031583971996075,0,-3.191046540796283,0
2022-10-07,0,0,0.04110429447852759,-0.02789389067524106,0,-3.191046540796283,0
2022-10-10,0,0,0.02416028285209193,-0.007635271093470175,0,-3.191046540796283,0
2022-10-11,0,0,0.01553509781357887,-0.006332981501027679,0,-3.191046540796283,0
2022-10-12,0,0,-0.009065155807365555,-0.003298484933191737,0,-3.191046540796283,0
2022-10-13,0,0,-0.02858776443682098,0.02639107022660991,0,-3.191046540796283,0
2022-10-14,0,0,0.02060035314891095,-0.02278875317648998,0,-3.191046540796283,0
2022-10-17,0,0,-0.02537485582468268,0.02569694936107147,0,-3.191046540796283,0
2022-10-18,0,0,-0.01952662721893494,0.01174963197208445,0,-3.191046540796283,0
2022-10-19,0,0,0.007242003621001913,-0.007086465658933561,0,-3.191046540796283,0
2022-10-20,0,0,-0.01258238466147399,-0.008385345997286242,0,-3.191046540796283,0
2022-10-21,0,0,-0.003640776699028847,0.02430146958211332,0,-3.191046540796283,0
2022-10-24,0,0,-0.015834348355664,0.01223650110876595,0,-3.191046540796283,0
2022-10-25,0,0,-0.03960396039603964,0.0159685380209571,0,-3.191046540796283,0
2022-10-26,0,0,-0.02319587628865982,-0.007534033045827782,0,-3.191046540796283,0
2022-10-27,0,0,-0.01978891820580475,-0.005340034553164674,0,-3.191046540796283,0
2022-10-28,0,0,-0.02355316285329745,0.02379072582767505,0,-3.191046540796283,0
2022-10-31,0,0,-0.0151619572708479,-0.007223279008791383,0,-3.191046540796283,0
2022-11-01,0,0,-0.009797060881735264,-0.004375857694000618,0,-3.191046540796283,0
2022-11-02,0,0,0.0268551236749115,-0.02509622386351806,0,-3.191046540796283,0
2022-11-03,0,0,-0.02202339986235369,-0.01029690292634788,0,-3.191046540796283,0
2022-11-04,0,0,-0.01196340605207613,0.01439314304196659,0,-3.191046540796283,0
2022-11-07,0,0,-0.009259259259259189,0.009565563969708979,0,-3.191046540796283,0
2022-11-08,0,0,0.02659956865564328,0.005395446769311807,0,-3.191046540796283,0
2022-11-09,0,0,0.03011204481792729,-0.0206020942408377,0,-3.191046540796283,0
2022-11-10,0,0,-0.05438477226376615,0.05495416031860589,0,-3.191046540796283,0
2022-11-11,0,0,-0.01150251617541331,0.009678481846512543,0,-3.191046540796283,0
2022-11-14,0,0,-0.0007272727272726875,-0.008506687410604452,0,-3.191046540796283,0
2022-11-15,0,0,0.01164483260553117,0.008529054464466501,0,-3.191046540796283,0
2022-11-16,0,0,-0.0258992805755397,-0.007628798715149765,0,-3.191046540796283,0
2022-11-17,0,0,-0.008862629246676468,-0.003059805285118178,0,-3.191046540796283,0
2022-11-18,0,0,-0.01043219076005963,0.004540381493506329,0,-3.191046540796283,0
2022-11-21,0,0,-0.02635542168674687,-0.003636088175138275,0,-3.191046540796283,0
2022-11-22,0,0,-0.03480278422273775,0.01345700600623423,0,-3.191046540796283,0
2022-11-23,0,0,-0.02163461538461531,0.006301575393848458,0,-3.191046540796283,0
2022-11-25,0,0,0.004095004095004073,-0.0002236469360370474,0,-3.191046540796283,0
2022-11-28,0,0,0.03670473083197412,-0.01595705018268578,0,-3.191046540796283,0
2022-11-29,0,0,-0.01337529504327306,-0.001717562072188095,0,-3.191046540796283,0
2022-11-30,0,0,-0.03827751196172247,0.03150064519393769,0,-3.191046540796283,0
2022-12-01,0,0,-0.01658374792703154,-0.0007358712715855864,0,-3.191046540796283,0
2022-12-02,0,0,-0.02023608768971341,-0.001153713977122051,0,-3.191046540796283,0
2022-12-05,0,0,0.01979345955249578,-0.0179892359489815,0,-3.191046540796283,0
2022-12-06,0,0,0.02784810126582293,-0.01441477514452316,0,-3.191046540796283,0
2022-12-07,0,0,0.01395730706075526,-0.001701241652489527,0,-3.191046540796283,0
2022-12-08,0,0,-0.01943319838056679,0.007833960728456546,0,-3.191046540796283,0
2022-12-09,0,0,0.02312138728323698,-0.007470220068645395,0,-3.191046540796283,0
2022-12-12,0,0,-0.006456820016142117,0.01441720911310007,0,-3.191046540796283,0
2022-12-13,0,0,-0.041429731925264,0.007569870911141807,0,-3.191046540796283,0
2022-12-14,0,0,-0.03728813559322031,-0.006393511953628472,0,-3.191046540796283,0
2022-12-15,0,0,0.06426056338028152,-0.02446169253880814,0,-3.191046540796283,0
2022-12-16,0,0,0.005789909015715633,-0.01632317840002062,0,-3.191046540796283,0
2022-12-19,0,0,-0.02631578947368418,-0.008479661857176413,0,-3.191046540796283,0
2022-12-20,0,0,-0.008445945945945832,0.001368349034261529,0,-3.191046540796283,0
2022-12-21,0,0,-0.03577512776831338,0.01495243601198304,0,-3.191046540796283,0
2022-12-22,0,0,0.05212014134275611,-0.01426611086658203,0,-3.191046540796283,0
2022-12-23,0,0,-0.02770780856423183,0.005752258877915528,0,-3.191046540796283,0
2022-12-27,0,0,0.0008635578583766623,-0.003943485414327208,0,-3.191046540796283,0
2022-12-28,0,0,-0.0008628127696290733,-0.01242789722076543,0,-3.191046540796283,0
2022-12-29,0,0,-0.0129533678756476,0.01800031858970952,0,-3.191046540796283,0
2022-12-30,0,0,-0.004374453193350725,-0.002634049655747983,0,-3.191046540796283,0
2023-01-03,0,0,-0.004393673110720586,-0.004209920769814079,0,-3.191046540796283,0
2023-01-04,0,0,-0.03000882612533107,0.007720182763510275,0,-3.191046540796283,0
2023-01-05,0,0,0.008189262966333155,-0.01141338336460285,0,-3.191046540796283,0
2023-01-06,0,0,-0.02346570397111913,0.0229321524592756,0,-3.191046540796283,0
2023-01-09,0,0,0.005545286506469571,-0.0005668934240361523,0,-3.191046540796283,0
2023-01-10,0,0,-0.04227941176470595,0.007012839684422234,0,-3.191046540796283,0
2023-01-11,0,0,0.005758157389635254,0.01264785703313032,0,-3.191046540796283,0
2023-01-12,0,0,-0.04961832061068694,0.00364077669902918,0,-3.191046540796283,0
2023-01-13,0,0,-0.02409638554216864,0.003879484079000406,0,-3.191046540796283,0
2023-01-17,0,0,0.008230452674897082,-0.001831869510665052,0,-3.191046540796283,0
2023-01-18,0,0,0.03367346938775517,-0.01578801820147313,0,-3.191046540796283,0
2023-01-19,0,0,0.004935834155972429,-0.007279879434979208,0,-3.191046540796283,0
2023-01-20,0,0,-0.03438113948919452,0.01862906545903664,0,-3.191046540796283,0
2023-01-23,0,0,-0.01017293997965407,0.01199858542992827,0,-3.191046540796283,0
2023-01-24,0,0,-0.0349434737923946,-0.001073309537478528,0,-3.191046540796283,0
2023-01-25,0,0,-0.001597444089457056,0.0003748125937033109,0,-3.191046540796283,0
2023-01-26,0,0,-0.01226666666666654,0.01099038341451219,0,-3.191046540796283,0
2023-01-27,0,0,-0.01727861771058326,0.002297714638665793,0,-3.191046540796283,0
2023-01-30,0,0,0.02857142857142869,-0.01254683494379816,0,-3.191046540796283,0
2023-01-31,0,0,-0.02243589743589747,0.01470331261389468,0,-3.191046540796283,0
2023-02-01,0,0,-0.0349726775956285,0.01062782916748661,0,-3.191046540796283,0
2023-02-02,0,0,0.02491506228765594,0.01455696202531631,0,-3.191046540796283,0
2023-02-03,0,0,0.006629834254143541,-0.01062910888238389,0,-3.191046540796283,0
2023-02-06,0,0,0.02634467618002168,-0.006111313204801849,0,-3.191046540796283,0
2023-02-07,0,0,-0.03101604278074854,0.01307859356318475,0,-3.191046540796283,0
2023-02-08,0,0,0.04083885209713034,-0.01093475276379496,0,-3.191046540796283,0
2023-02-09,0,0,0.02757158006362648,-0.008669183002556924,0,-3.191046540796283,0
2023-02-10,0,0,0.0134158926728587,0.002333636296642183,0,-3.191046540796283,0
2023-02-13,0,0,-0.03564154786150719,0.0117390451916477,0,-3.191046540796283,0
2023-02-14,0,0,-0.03801478352692711,-0.0004602378703097987,0,-3.191046540796283,0
2023-02-15,0,0,-0.01975850713501648,0.003247382706475399,0,-3.191046540796283,0
2023-02-16,0,0,0.05263157894736836,-0.01376878110053636,0,-3.191046540796283,0
2023-02-17,0,0,0.005319148936170137,-0.002498285490349694,0,-3.191046540796283,0
2023-02-21,0,0,0.07619047619047614,-0.0200608947601042,0,-3.191046540796283,0
2023-02-22,0,0,-0.0314650934119961,-0.001378135257711133,0,-3.191046540796283,0
2023-02-23,0,0,-0.03350253807106596,0.005319415867917954,0,-3.191046540796283,0
2023-02-24,0,0,0.03781512605042026,-0.01068237408276351,0,-3.191046540796283,0
2023-02-27,0,0,-0.03542510121457509,0.003405822695393468,0,-3.191046540796283,0
2023-02-28,0,0,-0.02203567681007323,-0.003695974656173884,0,-3.191046540796283,0
2023-03-01,0,0,0.006437768240343367,-0.003835865340937716,0,-3.191046540796283,0
2023-03-02,0,0,-0.03518123667377393,0.007777271115164464,0,-3.191046540796283,0
2023-03-03,0,0,-0.03204419889502763,0.01603780699328827,0,-3.191046540796283,0
2023-03-06,0,0,-0.01027397260273988,0.0006927435117147773,0,-3.191046540796283,0
2023-03-07,0,0,0.02076124567474036,-0.01532870175785606,0,-3.191046540796283,0
2023-03-08,0,0,-0.02033898305084747,0.001632058653677326,0,-3.191046540796283,0
2023-03-09,0,0,0.108419838523645,-0.01844981449914773,0,-3.191046540796283,0
2023-03-10,0,0,0.1050988553590009,-0.01442946164061698,0,-3.191046540796283,0
2023-03-13,0,0,0.03107344632768383,-0.001425202767484701,0,-3.191046540796283,0
2023-03-14,0,0,-0.05570776255707766,0.01652999792401921,0,-3.191046540796283,0
2023-03-15,0,0,0.07543520309477758,-0.006254307814055671,0,-3.191046540796283,0
2023-03-16,0,0,-0.08633093525179847,0.01754521167283207,0,-3.191046540796283,0
2023-03-17,0,0,0.1053149606299213,-0.01545025371740172,0,-3.191046540796283,0
2023-03-20,0,0,-0.0418521816562778,0.009615631170029948,0,-3.191046540796283,0
2023-03-21,0,0,-0.09200743494423802,0.01313049220297668,0,-3.191046540796283,0
2023-03-22,0,0,0.03787103377686796,-0.01704645158055706,0,-3.191046540796283,0
2023-03-23,0,0,0.03057199211045347,0.002703323047104078,0,-3.191046540796283,0
2023-03-24,0,0,-0.04210526315789476,0.006562046951700262,0,-3.191046540796283,0
2023-03-27,0,0,-0.03896103896103897,0.001869867340492659,0,-3.191046540796283,0
2023-03-28,0,0,-0.02286902286902281,-0.002244697218088731,0,-3.191046540796283,0
2023-03-29,0,0,-0.03297872340425545,0.01453488372093026,0,-3.191046540796283,0
2023-03-30,0,0,-0.001100110011001076,0.005855238569826726,0,-3.191046540796283,0
2023-03-31,0,0,-0.003303964757709221,0.01409462472132761,0,-3.191046540796283,0
2023-04-03,0,0,-0.02651933701657472,0.003810547399790032,0,-3.191046540796283,0
2023-04-04,0,0,0.01816118047673121,-0.00554812020927109,0,-3.191046540796283,0
2023-04-05,0,0,-0.006688963210702337,-0.002618249443316123,0,-3.191046540796283,0
2023-04-06,0,0,-0.01795735129068454,0.003900883218841855,0,-3.191046540796283,0
2023-04-10,0,0,-0.01028571428571445,0.001026418045406707,0,-3.191046540796283,0
2023-04-11,0,0,-0.008083140877598094,0.0002685481311490712,0,-3.191046540796283,0
2023-04-12,0,0,0.001164144353899887,-0.004075954310260754,0,-3.191046540796283,0
2023-04-13,0,0,-0.03372093023255807,0.01328268594534987,0,-3.191046540796283,0
2023-04-14,0,0,-0.01564380264741283,-0.002442740706701918,0,-3.191046540796283,0
2023-04-17,0,0,-0.02811735941320281,0.0035882267371381,0,-3.191046540796283,0
2023-04-18,0,0,-0.008805031446540879,0.0006522684447021199,0,-3.191046540796283,0
2023-04-19,0,0,-0.001269035532994844,-0.0001689964027908886,0,-3.191046540796283,0
2023-04-20,0,0,0.02160101651842417,-0.005457091804703662,0,-3.191046540796283,0
2023-04-21,0,0,-0.01865671641791045,0.0007769253180538449,0,-3.191046540796283,0
2023-04-24,0,0,-0.002534854245880735,0.0010431829209121,0,-3.191046540796283,0
2023-04-25,0,0,0.08005082592121981,-0.0158737852313211,0,-3.191046540796283,0
2023-04-26,0,0,-0.02588235294117658,-0.004235618597320689,0,-3.191046540796283,0
2023-04-27,0,0,-0.04347826086956519,0.01990800276980909,0,-3.191046540796283,0
2023-04-28,0,0,-0.04292929292929282,0.008535195557818565,0,-3.191046540796283,0
2023-05-01,0,0,-0.0125329815303431,-0.001009785300411181,0,-3.191046540796283,0
2023-05-02,0,0,0.04609218436873763,-0.01123920001925349,0,-3.191046540796283,0
2023-05-03,0,0,0.02809706257982114,-0.006863985979943532,0,-3.191046540796283,0
2023-05-04,0,0,0.04968944099378869,-0.007082986128130964,0,-3.191046540796283,0
2023-05-05,0,0,-0.07692307692307676,0.01851257621010549,0,-3.191046540796283,0
2023-05-08,0,0,-0.01666666666666683,0.0002665826527397108,0,-3.191046540796283,0
2023-05-09,0,0,0.02086049543676682,-0.004385327324708088,0,-3.191046540796283,0
2023-05-10,0,0,-0.0293742017879951,0.00467232862044642,0,-3.191046540796283,0
2023-05-11,0,0,-0.009210526315789336,-0.001743974809252813,0,-3.191046540796283,0
2023-05-12,0,0,-0.001328021248339972,-0.001310266178147668,0,-3.191046540796283,0
2023-05-15,0,0,-0.02260638297872342,0.003450035229233039,0,-3.191046540796283,0
2023-05-16,0,0,0.02585034013605436,-0.00668264690927578,0,-3.191046540796283,0
2023-05-17,0,0,-0.03315649867374004,0.01213893967093238,0,-3.191046540796283,0
2023-05-18,0,0,-0.03978052126200249,0.009633215326445566,0,-3.191046540796283,0
2023-05-19,0,0,0.02714285714285714,-0.00145504854137346,0,-3.191046540796283,0
2023-05-22,0,0,0.002781641168289051,0.0004060962209164742,0,-3.191046540796283,0
2023-05-23,0,0,0.01525658807212227,-0.01122280856753988,0,-3.191046540796283,0
2023-05-24,0,0,0.04234972677595605,-0.007244801854669247,0,-3.191046540796283,0
2023-05-25,0,0,-0.02490170380078627,0.008659904157240605,0,-3.191046540796283,0
2023-05-26,0,0,-0.03897849462365599,0.01295068129747978,0,-3.191046540796283,0
2023-05-30,0,0,-0.02657342657342676,0.0003809342412266492,0,-3.191046540796283,0
2023-05-31,0,0,-0.008620689655172264,-0.005545242515112569,0,-3.191046540796283,0
2023-06-01,0,0,-0.05507246376811614,0.009501017111403609,0,-3.191046540796283,0
2023-06-02,0,0,-0.03987730061349681,0.01446114456403214,0,-3.191046540796283,0
2023-06-05,0,0,-0.02076677316293929,-0.001916246027294788,0,-3.191046540796283,0
2023-06-06,0,0,-0.06035889070146816,0.00217747600093654,0,-3.191046540796283,0
2023-06-07,0,0,0.00694444444444442,-0.003457701562974425,0,-3.191046540796283,0
2023-06-08,0,0,-0.02758620689655178,0.006048528894619487,0,-3.191046540796283,0
2023-06-09,0,0,0.0106382978723405,0.001794328059096184,0,-3.191046540796283,0
2023-06-12,0,0,0.00350877192982435,0.009071877180739873,0,-3.191046540796283,0
2023-06-13,0,0,-0.005244755244755095,0.006592899953895781,0,-3.191046540796283,0
2023-06-14,0,0,-0.02811950790861162,0.00119085787569273,0,-3.191046540796283,0
2023-06-15,0,0,0.02893309222423146,0.01239763941625882,0,-3.191046540796283,0
2023-06-16,0,0,-0.04042179261862922,-0.007094441934026308,0,-3.191046540796283,0
2023-06-20,0,0,0.003663003663003872,-0.005188185500386799,0,-3.191046540796283,0
2023-06-21,0,0,-0.02189781021897808,-0.005123747655428001,0,-3.191046540796283,0
2023-06-22,0,0,-0.02052238805970164,0.00360969329102856,0,-3.191046540796283,0
2023-06-23,0,0,0.01180952380952371,-0.007559964261987129,0,-3.191046540796283,0
2023-06-26,0,0,-0.003765060240963791,-0.004085778259966255,0,-3.191046540796283,0
2023-06-27,0,0,-0.02456538170823885,0.0109632857407751,0,-3.191046540796283,0
2023-06-28,0,0,-0.03719488570321583,0.000504390489946438,0,-3.191046540796283,0
2023-06-29,0,0,0.02293762575452729,0.003941428538692504,0,-3.191046540796283,0
2023-06-30,0,0,-0.01809598741148699,0.01180068932459877,0,-3.191046540796283,0
2023-07-03,0,0,-0.008012820512820595,0.001150514347590725,0,-3.191046540796283,0
2023-07-05,0,0,0.01938610662358631,-0.001487189887108831,0,-3.191046540796283,0
2023-07-06,0,0,0.05269413629160069,-0.007830659174508536,0,-3.191046540796283,0
2023-07-07,0,0,-0.0225818592397441,-0.002524678160396698,0,-3.191046540796283,0
2023-07-10,0,0,-0.008086253369272045,0.002531068293239125,0,-3.191046540796283,0
2023-07-11,0,0,-0.008152173913043459,0.006368557521721163,0,-3.191046540796283,0
2023-07-12,0,0,-0.05596868884540129,0.008045925055372161,0,-3.191046540796283,0
2023-07-13,0,0,0.006633499170812795,0.007936863817766149,0,-3.191046540796283,0
2023-07-14,0,0,-0.01194398682042852,-0.0006228312127414259,0,-3.191046540796283,0
2023-07-17,0,0,-0.00208420175072932,0.003472222222222321,0,-3.191046540796283,0
2023-07-18,0,0,-0.01587301587301604,0.007430574039570592,0,-3.191046540796283,0
2023-07-19,0,0,0.02207130730050944,0.002223738963869737,0,-3.191046540796283,0
2023-07-20,0,0,-0.001661129568106157,-0.006634446397188021,0,-3.191046540796283,0
2023-07-21,0,0,-0.01289517470881862,0,0,-3.191046540796283,0
2023-07-24,0,0,-0.01643489254108721,0.004467247556282805,0,-3.191046540796283,0
2023-07-25,0,0,-0.001285347043701868,0.002730074856891251,0,-3.191046540796283,0
2023-07-26,0,0,-0.02574002574002576,0.0001536975232740989,0,-3.191046540796283,0
2023-07-27,0,0,0.05151915455746381,-0.006629931285811463,0,-3.191046540796283,0
2023-07-28,0,0,-0.04103852596314916,0.009790271608212331,0,-3.191046540796283,0
2023-07-31,0,0,-0.01004366812227053,0.001904053225947555,0,-3.191046540796283,0
2023-08-01,0,0,0.01323334803705323,-0.00286157408418708,0,-3.191046540796283,0
2023-08-02,0,0,0.09403569873748374,-0.0139107956536979,0,-3.191046540796283,0
2023-08-03,0,0,-0.005571030640668551,-0.002865838757692307,0,-3.191046540796283,0
2023-08-04,0,0,0.03481392557022822,-0.004522769806612592,0,-3.191046540796283,0
2023-08-07,0,0,-0.05259087393658168,0.008728542333430234,0,-3.191046540796283,0
2023-08-08,0,0,0.02204081632653065,-0.004348694282354515,0,-3.191046540796283,0
2023-08-09,0,0,-0.01038338658146953,-0.006685236768802283,0,-3.191046540796283,0
2023-08-10,0,0,0.003631961259080052,0.0003589455973078692,0,-3.191046540796283,0
2023-08-11,0,0,-0.03940490550864506,-0.00058307730259477,0,-3.191046540796283,0
2023-08-14,0,0,-0.01716199246546657,0.005520026926960631,0,-3.191046540796283,0
2023-08-15,0,0,0.0574957410562178,-0.01164892548704566,0,-3.191046540796283,0
2023-08-16,0,0,0.01610954490535654,-0.007338165232902094,0,-3.191046540796283,0
2023-08-17,0,0,0.04835513277843839,-0.007619870803384554,0,-3.191046540796283,0
2023-08-18,0,0,-0.02533081285444228,0.0004813312246441104,0,-3.191046540796283,0
2023-08-21,0,0,-0.02598913886733922,0.006506300114547559,0,-3.191046540796283,0
2023-08-22,0,0,0.003982477100756832,-0.002708608367096077,0,-3.191046540796283,0
2023-08-23,0,0,-0.03332011106703681,0.01113773821750552,0,-3.191046540796283,0
2023-08-24,0,0,0.03816167418957717,-0.01385910660677603,0,-3.191046540796283,0
2023-08-25,0,0,-0.04347826086956519,0.007049829476527325,0,-3.191046540796283,0
2023-08-28,0,0,-0.0380165289256198,0.006341341455099236,0,-3.191046540796283,0
2023-08-29,0,0,-0.02620274914089338,0.01445478362995756,0,-3.191046540796283,0
2023-08-30,0,0,-0.03396559329510374,0.004118799536913187,0,-3.191046540796283,0
2023-08-31,0,0,-0.01735159817351595,-0.001463382186647655,0,-3.191046540796283,0
2023-09-01,0,0,-0.01394052044609662,0.001865215943155363,0,-3.191046540796283,0
2023-09-05,0,0,0.01036757775683328,-0.004321904297524326,0,-3.191046540796283,0
2023-09-06,0,0,0.01585820895522394,-0.006722464606891632,0,-3.191046540796283,0
2023-09-07,0,0,-0.001836547291092838,-0.003070234413518058,0,-3.191046540796283,0
2023-09-08,0,0,-0.01977920883164674,0.001506125660334812,0,-3.191046540796283,0
2023-09-11,0,0,-0.02580947911778497,0.006576584665110463,0,-3.191046540796283,0
2023-09-12,0,0,0.007707129094412402,-0.005485561378079984,0,-3.191046540796283,0
2023-09-13,0,0,-0.01768642447418733,0.001165945424785209,0,-3.191046540796283,0
2023-09-14,0,0,-0.03065693430656935,0.008622427269266097,0,-3.191046540796283,0
2023-09-15,0,0,0.0381526104417671,-0.01552091660005328,0,-3.191046540796283,0
2023-09-18,0,0,-0.006769825918762074,0.0005864176647043529,0,-3.191046540796283,0
2023-09-19,0,0,-0.006815968841285325,-0.002073800238937884,0,-3.191046540796283,0
2023-09-20,0,0,0.0372549019607844,-0.009193377154344762,0,-3.191046540796283,0
2023-09-21,0,0,0.07986767485822299,-0.01652836038664962,0,-3.191046540796283,0
2023-09-22,0,0,0.002188183807439792,-0.002248545399754165,0,-3.191046540796283,0
2023-09-25,0,0,-0.002183406113536956,0.004205194925886335,0,-3.191046540796283,0
2023-09-26,0,0,0.101531728665208,-0.0146912523425029,0,-3.191046540796283,0
2023-09-27,0,0,-0.04807310290027822,0.000399173476096637,0,-3.191046540796283,0
2023-09-28,0,0,-0.04424040066777979,0.005797441614833865,0,-3.191046540796283,0
2023-09-29,0,0,0.01746724890829698,-0.002426957901614735,0,-3.191046540796283,0
2023-10-02,0,0,0.00343347639484981,-0.0003976794235988068,0,-3.191046540796283,0
2023-10-03,0,0,0.09324208725406313,-0.01338606632187411,0,-3.191046540796283,0
2023-10-04,0,0,-0.05105633802816889,0.007281956403140555,0,-3.191046540796283,0
2023-10-05,0,0,-0.01175015460729745,-0.0003767720058400759,0,-3.191046540796283,0
2023-10-06,0,0,-0.01460158531497691,0.01187279151943477,0,-3.191046540796283,0
2023-10-09,0,0,-0.01312447078746837,0.006402197699864942,0,-3.191046540796283,0
2023-10-10,0,0,-0.03346203346203336,0.005204839343958989,0,-3.191046540796283,0
2023-10-11,0,0,-0.0177541056369287,0.004096285727435811,0,-3.191046540796283,0
2023-10-12,0,0,0.02214188883868062,-0.006096442977631011,0,-3.191046540796283,0
2023-10-13,0,0,0.1215738284703802,-0.00498086058202285,0,-3.191046540796283,0
2023-10-16,0,0,-0.09696491919590056,0.01052143684820406,0,-3.191046540796283,0
2023-10-17,0,0,0.02749890877346117,-4.586735161915545e-05,0,-3.191046540796283,0
2023-10-18,0,0,0.06117247238742585,-0.01332507683133799,0,-3.191046540796283,0
2023-10-19,0,0,0.05004003202562046,-0.008786406638618294,0,-3.191046540796283,0
2023-10-20,0,0,0.00800609988562706,-0.01228806603662969,0,-3.191046540796283,0
2023-10-23,0,0,-0.03517397881996986,-0.0017331845485411,0,-3.191046540796283,0
2023-10-24,0,0,-0.04312034496275974,0.007539361651524468,0,-3.191046540796283,0
2023-10-25,0,0,0.06308889799262607,-0.01435214692066189,0,-3.191046540796283,0
2023-10-26,0,0,0.009248554913294793,-0.01197461381870435,0,-3.191046540796283,0
2023-10-27,0,0,0.03245513554791923,-0.004532783904981241,0,-3.191046540796283,0
2023-10-30,0,0,-0.07285502958579881,0.01195578065647207,0,-3.191046540796283,0
2023-10-31,0,0,-0.0658157159952133,0.006280228109434738,0,-3.191046540796283,0
2023-11-01,0,0,-0.043552519214347,0.01066475370636066,0,-3.191046540796283,0
2023-11-02,0,0,-0.03303571428571406,0.01916434013154777,0,-3.191046540796283,0
2023-11-03,0,0,-0.02354570637119124,0.00912340978735271,0,-3.191046540796283,0
2023-11-06,0,0,-0.03309692671394804,0.002300490004370825,0,-3.191046540796283,0
2023-11-07,0,0,-0.005378973105134355,0.002846060272212014,0,-3.191046540796283,0
2023-11-08,0,0,-0.01769911504424782,0.0007323827615406397,0,-3.191046540796283,0
2023-11-09,0,0,0.03953953953953948,-0.007798742138364845,0,-3.191046540796283,0
2023-11-10,0,0,-0.0428502648050072,0.01560483127420254,0,-3.191046540796283,0
2023-11-13,0,0,-0.007545271629778694,-0.0009532239395384501,0,-3.191046540796283,0
2023-11-14,0,0,-0.01013684744044596,0.01940071332833559,0,-3.191046540796283,0
2023-11-15,0,0,-0.02201740911418326,0.00211708599826177,0,-3.191046540796283,0
2023-11-16,0,0,-0.01518324607329857,0.001223091976516599,0,-3.191046540796283,0
2023-11-17,0,0,-0.01488569909622539,0.001243808719987527,0,-3.191046540796283,0
2023-11-20,0,0,-0.007555315704263377,0.007697597550966107,0,-3.191046540796283,0
2023-11-21,0,0,-0.02120717781402937,-0.002179368643508095,0,-3.191046540796283,0
2023-11-22,0,0,0.009444444444444589,0.003860833498797733,0,-3.191046540796283,0
2023-11-24,0,0,-0.0429279031370392,0.0006153575667005029,0,-3.191046540796283,0
2023-11-27,0,0,0.00575043128234598,-0.001801010322864061,0,-3.191046540796283,0
2023-11-28,0,0,-0.01200686106346471,0.0009901425805316499,0,-3.191046540796283,0
2023-11-29,0,0,0.01504629629629606,-0.0007034049194380998,0,-3.191046540796283,0
2023-11-30,0,0,-0.01596351197263379,0.003937440883394538,0,-3.191046540796283,0
2023-12-01,0,0,-0.006373117033603881,0.005915863277826672,0,-3.191046540796283,0
2023-12-04,0,0,0.005830903790087438,-0.005249401001960363,0,-3.191046540796283,0
2023-12-05,0,0,-0.009275362318840519,-0.0001970702226893328,0,-3.191046540796283,0
2023-12-06,0,0,0.006436512580456188,-0.004029785370127104,0,-3.191046540796283,0
2023-12-07,0,0,0,0.007630398451930809,0,-3.191046540796283,0
2023-12-08,0,0,-0.02906976744186041,0.004299151081334607,0,-3.191046540796283,0
2023-12-11,0,0,-0.02155688622754492,0.003889613211647047,0,-3.191046540796283,0
2023-12-12,0,0,-0.02815177478580166,0.004567198424208385,0,-3.191046540796283,0
2023-12-13,0,0,-0.01322418136020154,0.01379013143719021,0,-3.191046540796283,0
2023-12-14,0,0,-0.003828972559030031,0.003209351753453715,0,-3.191046540796283,0
2023-12-15,0,0,0.03139013452914807,-0.005677845808351512,0,-3.191046540796283,0
2023-12-18,0,0,0.00248447204968949,0.005625039950567956,0,-3.191046540796283,0
2023-12-19,0,0,0.01548946716232957,0.00608089497213804,0,-3.191046540796283,0
2023-12-20,0,0,0.06162294081757147,-0.01385729930081714,0,-3.191046540796283,0
2023-12-21,0,0,-0.02471264367816084,0.009481911758424832,0,-3.191046540796283,0
2023-12-22,0,0,-0.0229817324690631,0.002009731330653741,0,-3.191046540796283,0
2023-12-26,0,0,-0.02744270205066346,0.004222527182518698,0,-3.191046540796283,0
2023-12-27,0,0,-0.04031007751937976,0.001808052139177896,0,-3.191046540796283,0
2023-12-28,0,0,-0.001615508885298933,0.0003777465320768947,0,-3.191046540796283,0
2023-12-29,0,0,0.003883495145631022,-0.002894963183620369,0,-3.191046540796283,0
2024-01-02,0,0,0,-0.005596347646798949,0,-3.191046540796283,0
2024-01-03,0,0,0.03481624758220514,-0.008166719559927982,0,-3.191046540796283,0
2024-01-04,0,0,-0.001246105919003204,-0.003221058469677351,0,-3.191046540796283,0
2024-01-05,0,0,-0.03306300686213359,0.001369628488272712,0,-3.191046540796283,0
2024-01-08,0,0,-0.02451612903225797,0.01427594460591552,0,-3.191046540796283,0
2024-01-09,0,0,-0.02182539682539686,-0.001517067003792727,0,-3.191046540796283,0
2024-01-10,0,0,-0.01014198782961462,0.005655440195830197,0,-3.191046540796283,0
2024-01-11,0,0,-0.004098360655737654,-0.0004406580493536705,0,-3.191046540796283,0
2024-01-12,0,0,0.01577503429355276,0.0006927679227457517,0,-3.191046540796283,0
2024-01-16,0,0,0.03308575286968263,-0.003671225979692827,0,-3.191046540796283,0
2024-01-17,0,0,0.03790849673202623,-0.005558713915734925,0,-3.191046540796283,0
2024-01-18,0,0,-0.03652392947103278,0.008892841262783335,0,-3.191046540796283,0
2024-01-19,0,0,-0.02352941176470591,0.01246615878612345,0,-3.191046540796283,0
2024-01-22,0,0,-0.03480589022757696,0.002114296374603475,0,-3.191046540796283,0
2024-01-23,0,0,-0.02565880721220526,0.002916537387527285,0,-3.191046540796283,0
2024-01-24,0,0,0.02633451957295363,0.00109309903889776,0,-3.191046540796283,0
2024-01-25,0,0,0.01178918169209431,0.005438925400193639,0,-3.191046540796283,0
2024-01-26,0,0,-0.0109664153529816,-0.001270413704075435,0,-3.191046540796283,0
2024-01-29,0,0,0.01247401247401259,0.007919410763012502,0,-3.191046540796283,0
2024-01-30,0,0,-0.01848049281314168,-0.0007735054043601641,0,-3.191046540796283,0
2024-01-31,0,0,0.05160390516039048,-0.01631730122838104,0,-3.191046540796283,0
2024-02-01,0,0,-0.009283819628647216,0.01308813783962881,0,-3.191046540796283,0
2024-02-02,0,0,-0.002677376171352108,0.01052739165985295,0,-3.191046540796283,0
2024-02-05,0,0,-0.03557046979865786,-0.003641144937797103,0,-3.191046540796283,0
2024-02-06,0,0,-0.02505219206680576,0.002903258552431343,0,-3.191046540796283,0
2024-02-07,0,0,-0.004996431120628086,0.00834041864043078,0,-3.191046540796283,0
2024-02-08,0,0,-0.005021520803443313,0.0004416783778358191,0,-3.191046540796283,0
2024-02-09,0,0,0.009372746935832899,0.005779418847327022,0,-3.191046540796283,0
2024-02-12,0,0,0.01785714285714279,-0.0004389465283319849,0,-3.191046540796283,0
2024-02-13,0,0,0.0736842105263158,-0.0137730049103757,0,-3.191046540796283,0
2024-02-14,0,0,-0.05424836601307181,0.009087597150259086,0,-3.191046540796283,0
2024-02-15,0,0,-0.00829302004146526,0.006899733237057948,0,-3.191046540796283,0
2024-02-16,0,0,-0.001393728222996438,-0.004979980478476476,0,-3.191046540796283,0
2024-02-20,0,0,0.03000697836706201,-0.005505395287381587,0,-3.191046540796283,0
2024-02-21,0,0,-0.004065040650406582,0.0009058700378452578,0,-3.191046540796283,0
2024-02-22,0,0,-0.02040816326530592,0.02069548078276795,0,-3.191046540796283,0
2024-02-23,0,0,-0.03888888888888897,0.0006896551724138167,0,-3.191046540796283,0
2024-02-26,0,0,-0.01011560693641622,-0.003662498769321676,0,-3.191046540796283,0
2024-02-27,0,0,-0.01678832116788298,0.001857744224194047,0,-3.191046540796283,0
2024-02-28,0,0,0.01559020044543424,-0.001321681494486415,0,-3.191046540796283,0
2024-02-29,0,0,-0.01388888888888884,0.003594990716232704,0,-3.191046540796283,0
2024-03-01,0,0,0.002223869532987477,0.009388285309400279,0,-3.191046540796283,0
2024-03-04,0,0,-0.0007396449704143437,-0.001072438334795867,0,-3.191046540796283,0
2024-03-05,0,0,0.0399703923019985,-0.009994144056217014,0,-3.191046540796283,0
2024-03-06,0,0,0.004982206405693912,0.005067234512401875,0,-3.191046540796283,0
2024-03-07,0,0,-0.007082152974504319,0.0099264345267287,0,-3.191046540796283,0
2024-03-08,0,0,0.02710413694721847,-0.006002214409199347,0,-3.191046540796283,0
2024-03-11,0,0,-0.009722222222222299,-0.0008598452278590907,0,-3.191046540796283,0
2024-03-12,0,0,-0.04978962131837306,0.01075731497418242,0,-3.191046540796283,0
2024-03-13,0,0,-0.006642066420664339,-0.001567398119122099,0,-3.191046540796283,0
2024-03-14,0,0,0.0274888558692421,-0.001976859119716234,0,-3.191046540796283,0
2024-03-15,0,0,0.01807664497469275,-0.009942712884746241,0,-3.191046540796283,0
2024-03-18,0,0,-0.02130681818181812,0.005943157523095932,0,-3.191046540796283,0
2024-03-19,0,0,-0.02612481857764881,0.005557072105447869,0,-3.191046540796283,0
2024-03-20,0,0,-0.02608047690014892,0.009249384343914091,0,-3.191046540796283,0
2024-03-21,0,0,-0.005355776587605221,0.003304641869044112,0,-3.191046540796283,0
2024-03-22,0,0,0.005384615384615321,-0.001895825354270464,0,-3.191046540796283,0
2024-03-25,0,0,-0.006885998469778221,-0.002762801941635917,0,-3.191046540796283,0
2024-03-26,0,0,-0.003852080123266544,-0.001846970775535417,0,-3.191046540796283,0
2024-03-27,0,0,-0.01933488012374329,0.008403847265858522,0,-3.191046540796283,0
2024-03-28,0,0,0.02208201892744488,-0.0001911424584741805,0,-3.191046540796283,0
2024-04-01,0,0,0.005401234567901092,-0.001739728908176863,0,-3.191046540796283,0
2024-04-02,0,0,0.0268610897927859,-0.006358204381798571,0,-3.191046540796283,0
2024-04-03,0,0,-0.004484304932735439,0.001098604579446327,0,-3.191046540796283,0
2024-04-04,0,0,0.04504504504504525,-0.01220615698581062,0,-3.191046540796283,0
2024-04-05,0,0,0.0193965517241379,0.01044691757459981,0,-3.191046540796283,0
2024-04-08,0,0,-0.04016913319238913,0.00055938120864929,0,-3.191046540796283,0
2024-04-09,0,0,-0.004405286343612258,0.001156693399136488,0,-3.191046540796283,0
2024-04-10,0,0,0.01548672566371678,-0.01001309404606032,0,-3.191046540796283,0
2024-04-11,0,0,-0.01888162672476401,0.007546876215669407,0,-3.191046540796283,0
2024-04-12,0,0,0.08808290155440401,-0.01380308880308878,0,-3.191046540796283,0
2024-04-15,0,0,0.05646258503401369,-0.01252813937555064,0,-3.191046540796283,0
2024-04-16,0,0,-0.03348358016741793,-0.00182376846069976,0,-3.191046540796283,0
2024-04-17,0,0,-0.009327115256495655,-0.005918217385259994,0,-3.191046540796283,0
2024-04-18,0,0,0.008742434431741941,-0.002057736489861184,0,-3.191046540796283,0
2024-04-19,0,0,0.0239999999999998,-0.008728379244074214,0,-3.191046540796283,0
2024-04-22,0,0,-0.07552083333333326,0.00920914451894328,0,-3.191046540796283,0
2024-04-23,0,0,-0.04084507042253527,0.01186664532137982,0,-3.191046540796283,0
2024-04-24,0,0,-0.008810572687224627,-0.0004746366063481666,0,-3.191046540796283,0
2024-04-25,0,0,0.02222222222222237,-0.003798895945865799,0,-3.191046540796283,0
2024-04-26,0,0,-0.03260869565217406,0.009473872370851399,0,-3.191046540796283,0
2024-04-29,0,0,-0.01348314606741574,0.003541494510683529,0,-3.191046540796283,0
2024-04-30,0,0,0.02809415337889143,-0.01584127357565779,0,-3.191046540796283,0
2024-05-01,0,0,0.002215657311669172,-0.003247141320371294,0,-3.191046540796283,0
2024-05-02,0,0,-0.03168754605747959,0.009353452583191757,0,-3.191046540796283,0
2024-05-03,0,0,-0.03424657534246589,0.01239530324931204,0,-3.191046540796283,0
2024-05-06,0,0,-0.02521670606776993,0.01032682039547028,0,-3.191046540796283,0
2024-05-07,0,0,-0.004042037186742009,0.001103432255066927,0,-3.191046540796283,0
2024-05-08,0,0,-0.008928571428571286,9.668561704767598e-05,0,-3.191046540796283,0
2024-05-09,0,0,-0.005733005733005725,0.005761905682631019,0,-3.191046540796283,0
2024-05-10,0,0,-0.0123558484349261,0.001288040448315098,0,-3.191046540796283,0
2024-05-13,0,0,0.01334445371142623,0.0001343982797019638,0,-3.191046540796283,0
2024-05-14,0,0,-0.01893004115226349,0.004588124628054802,0,-3.191046540796283,0
2024-05-15,0,0,-0.04110738255033553,0.01238295432830117,0,-3.191046540796283,0
2024-05-16,0,0,0,-0.002057457812676855,0,-3.191046540796283,0
2024-05-17,0,0,-0.008748906386701671,0.001437515368174047,0,-3.191046540796283,0
2024-05-20,0,0,0.00264783759929399,0.001152139012182252,0,-3.191046540796283,0
2024-05-21,0,0,-0.022887323943662,0.002452552541221786,0,-3.191046540796283,0
2024-05-22,0,0,0.02522522522522541,-0.002879403794037838,0,-3.191046540796283,0
2024-05-23,0,0,0.01318101933216154,-0.007304229658569694,0,-3.191046540796283,0
2024-05-24,0,0,-0.03382480485689499,0.006616472735569312,0,-3.191046540796283,0
2024-05-28,0,0,0.0251346499102334,0.0006988516168024983,0,-3.191046540796283,0
2024-05-29,0,0,0.03677758318739044,-0.007002510333893097,0,-3.191046540796283,0
2024-05-30,0,0,-0.001689189189189033,-0.006633719825128281,0,-3.191046540796283,0
2024-05-31,0,0,-0.03214890016920491,0.00910813034576452,0,-3.191046540796283,0
2024-06-03,0,0,-0.005244755244755095,0.0008153668202588449,0,-3.191046540796283,0
2024-06-04,0,0,0.005272407732864526,0.001117847669571903,0,-3.191046540796283,0
2024-06-05,0,0,-0.0201048951048951,0.01188516058214573,0,-3.191046540796283,0
2024-06-06,0,0,-0.007136485280999083,-1.870312529217433e-05,0,-3.191046540796283,0
2024-06-07,0,0,-0.009883198562443796,-0.001215725881868801,0,-3.191046540796283,0
2024-06-10,0,0,0.002722323049001885,0.0030898297784685,0,-3.191046540796283,0
2024-06-11,0,0,-0.0009049773755657187,0.002408244035395635,0,-3.191046540796283,0
2024-06-12,0,0,-0.02173913043478248,0.008213055219294052,0,-3.191046540796283,0
2024-06-13,0,0,0,0.002013447613418151,0,-3.191046540796283,0
2024-06-14,0,0,0.03333333333333344,0.0006083510000920445,0,-3.191046540796283,0
2024-06-17,0,0,-0.007168458781361964,0.007959025756291815,0,-3.191046540796283,0
2024-06-18,0,0,-0.007220216606498409,0.002540668981904526,0,-3.191046540796283,0
2024-06-20,0,0,0.03545454545454563,-0.002716549071086094,0,-3.191046540796283,0
2024-06-21,0,0,-0.01755926251097462,-0.004552102376599643,0,-3.191046540796283,0
2024-06-24,0,0,-0.005361930294906059,-0.003250629005895123,0,-3.191046540796283,0
2024-06-25,0,0,-0.02246181491464516,0.003850830968788133,0,-3.191046540796283,0
2024-06-26,0,0,-0.01011029411764708,0.001248095736284593,0,-3.191046540796283,0
2024-06-27,0,0,-0.008356545961002659,0.00157650638851714,0,-3.191046540796283,0
2024-06-28,0,0,0.01591760299625444,-0.003935062320405525,0,-3.191046540796283,0
2024-07-01,0,0,-0.04009216589861753,0.002057991253537228,0,-3.191046540796283,0
2024-07-02,0,0,-0.01200192030724911,0.006729746580115048,0,-3.191046540796283,0
2024-07-03,0,0,0.004859086491739495,0.004462578095116854,0,-3.191046540796283,0
2024-07-05,0,0,0.002901353965183651,0.005766510717005735,0,-3.191046540796283,0
2024-07-08,0,0,-0.01639344262295084,0.001153901629886045,0,-3.191046540796283,0
2024-07-09,0,0,0,0.000972482351246251,0,-3.191046540796283,0
2024-07-10,0,0,-0.001960784313725483,0.009895289842035249,0,-3.191046540796283,0
2024-07-11,0,0,0.002946954813359604,-0.00862253260172452,0,-3.191046540796283,0
2024-07-12,0,0,-0.0166503428011755,0.006307504312823342,0,-3.191046540796283,0
2024-07-15,0,0,0.01992031872509981,0.002750049108019681,0,-3.191046540796283,0
2024-07-16,0,0,0.003906249999999778,0.005930226345876477,0,-3.191046540796283,0
2024-07-17,0,0,0.03404669260700421,-0.01402117338809605,0,-3.191046540796283,0
2024-07-18,0,0,0.03010348071495761,-0.007684849355406476,0,-3.191046540796283,0
2024-07-19,0,0,0.04383561643835621,-0.006640610863822172,0,-3.191046540796283,0
2024-07-22,0,0,-0.0542432195975503,0.01030984170932059,0,-3.191046540796283,0
2024-07-23,0,0,-0.009250693802035026,-0.001568556747498451,0,-3.191046540796283,0
2024-07-24,0,0,0.1391223155929038,-0.0226624291234786,0,-3.191046540796283,0
2024-07-25,0,0,0.00819672131147553,-0.005210354193226685,0,-3.191046540796283,0
2024-07-26,0,0,-0.05691056910569126,0.01119964339443924,0,-3.191046540796283,0
2024-07-29,0,0,-0.01551724137931021,0.0005877599000807532,0,-3.191046540796283,0
2024-07-30,0,0,0.03064798598949192,-0.005066451281298123,0,-3.191046540796283,0
2024-07-31,0,0,-0.0271877655055226,0.01625461254612537,0,-3.191046540796283,0
2024-08-01,0,0,0.08995633187772945,-0.01416096294548019,0,-3.191046540796283,0
2024-08-02,0,0,0.2395833333333333,-0.01861844164932513,0,-3.191046540796283,0
2024-08-05,0,0,0.4305106658047833,-0.02912366297616809,0,-3.191046540796283,0
2024-08-06,0,0,-0.2051513782196114,0.009219529166183404,0,-3.191046540796283,0
2024-08-07,0,0,-0.03013075611142702,-0.006683903092980947,0,-3.191046540796283,0
2024-08-08,0,0,-0.08030480656506445,0.02311726371804257,0,-3.191046540796283,0
2024-08-09,0,0,-0.1332058636073932,0.004409686233864285,0,-3.191046540796283,0
2024-08-12,0,0,-0.003676470588235281,0.0005253381864573914,0,-3.191046540796283,0
2024-08-13,0,0,-0.07822878228782293,0.01644570292722247,0,-3.191046540796283,0
2024-08-14,0,0,-0.067253803042434,0.003154748727031365,0,-3.191046540796283,0
2024-08-15,0,0,-0.03690987124463507,0.01714022988505759,0,-3.191046540796283,0
2024-08-16,0,0,-0.0008912655971481387,0.002242030846004939,0,-3.191046540796283,0
2024-08-19,0,0,-0.02230151650312207,0.009561436741173823,0,-3.191046540796283,0
2024-08-20,0,0,0.04379562043795593,-0.001626132485123555,0,-3.191046540796283,0
2024-08-21,0,0,0.01048951048951063,0.003436549131913269,0,-3.191046540796283,0
2024-08-22,0,0,0.04498269896193774,-0.007848453497912966,0,-3.191046540796283,0
2024-08-23,0,0,-0.060430463576159,0.01062529215058783,0,-3.191046540796283,0
2024-08-26,0,0,0.001762114537444903,-0.002383790226460181,0,-3.191046540796283,0
2024-08-27,0,0,-0.02286719437115214,0.001373063000410069,0,-3.191046540796283,0
2024-08-28,0,0,0.05760576057605782,-0.005805256784671253,0,-3.191046540796283,0
2024-08-29,0,0,-0.03574468085106397,8.955758552753323e-05,0,-3.191046540796283,0
2024-08-30,0,0,-0.029126213592233,0.0095459837019789,0,-3.191046540796283,0
2024-09-03,0,0,0.2027272727272729,-0.02057905194436549,0,-3.191046540796283,0
2024-09-04,0,0,0.02116402116402116,-0.002046804810896918,0,-3.191046540796283,0
2024-09-05,0,0,-0.04293116210214643,-0.002432162628187684,0,-3.191046540796283,0
2024-09-06,0,0,0.07115235885537508,-0.01683011590036576,0,-3.191046540796283,0
2024-09-09,0,0,-0.06209386281588458,0.01119623954400772,0,-3.191046540796283,0
2024-09-10,0,0,-0.01924557351809075,0.004355703592540339,0,-3.191046540796283,0
2024-09-11,0,0,-0.04317111459968626,0.01025893328960081,0,-3.191046540796283,0
2024-09-12,0,0,-0.00656275635767023,0.008423217055661958,0,-3.191046540796283,0
2024-09-13,0,0,-0.004128819157720787,0.005222772719955637,0,-3.191046540796283,0
2024-09-16,0,0,0.006633499170812795,0.001476842049073834,0,-3.191046540796283,0
2024-09-17,0,0,0.02553542009884646,0.0004086418875701714,0,-3.191046540796283,0
2024-09-18,0,0,-0.01204819277108415,-0.002965883460315899,0,-3.191046540796283,0
2024-09-19,0,0,-0.03739837398373991,0.01706448165301033,0,-3.191046540796283,0
2024-09-20,0,0,-0.006756756756756688,-0.004781253283827835,0,-3.191046540796283,0
2024-09-23,0,0,0.00340136054421758,0.002498900131984172,0,-3.191046540796283,0
2024-09-24,0,0,0.0008474576271186862,0.00286130566819387,0,-3.191046540796283,0
2024-09-25,0,0,0.01100762066045724,-0.002205496236653226,0,-3.191046540796283,0
2024-09-26,0,0,0.0008375209380233617,0.003964634060767747,0,-3.191046540796283,0
2024-09-27,0,0,0.04686192468619232,-0.001450288310326675,0,-3.191046540796283,0
2024-09-30,0,0,-0.02078337330135893,0.004007209477312923,0,-3.191046540796283,0
2024-10-01,0,0,0.07836734693877578,-0.008958449525934165,0,-3.191046540796283,0
2024-10-02,0,0,-0.01589704769114308,0.0004220744961485057,0,-3.191046540796283,0
2024-10-03,0,0,0.04384615384615387,-0.001828217839187074,0,-3.191046540796283,0
2024-10-04,0,0,-0.03537214443625647,0.009087386847944634,0,-3.191046540796283,0
2024-10-07,0,0,0.08708938120702836,-0.009040455164229244,0,-3.191046540796283,0
2024-10-08,0,0,-0.04005621925509484,0.009457555477280666,0,-3.191046540796283,0
2024-10-09,0,0,-0.02489019033674977,0.006926391820925692,0,-3.191046540796283,0
2024-10-10,0,0,0.0135135135135136,-0.001750008663409242,0,-3.191046540796283,0
2024-10-11,0,0,-0.01037037037037036,0.005988231822678936,0,-3.191046540796283,0
2024-10-14,0,0,-0.03517964071856272,0.008178336036440248,0,-3.191046540796283,0
2024-10-15,0,0,0.03103180760279267,-0.007769715224534623,0,-3.191046540796283,0
2024-10-16,0,0,-0.009029345372460473,0.00434647624961193,0,-3.191046540796283,0
2024-10-17,0,0,-0.01670463173880032,8.586639189434031e-05,0,-3.191046540796283,0
2024-10-18,0,0,-0.02316602316602312,0.003846484073151801,0,-3.191046540796283,0
2024-10-21,0,0,0.0007905138339920903,-0.00164217656819321,0,-3.191046540796283,0
2024-10-22,0,0,-0.002369668246445356,-0.0005311584394221969,0,-3.191046540796283,0
2024-10-23,0,0,0.04908946951702275,-0.009137351710896358,0,-3.191046540796283,0
2024-10-24,0,0,-0.01660377358490561,0.002162667174172572,0,-3.191046540796283,0
2024-10-25,0,0,0.04604758250191887,-0.0003452800220979935,0,-3.191046540796283,0
2024-10-28,0,0,-0.045487894350697,0.003091323570047155,0,-3.191046540796283,0
2024-10-29,0,0,-0.005380476556494984,0.001618373706592235,0,-3.191046540796283,0
2024-10-30,0,0,0.02318392581143747,-0.003025250528559398,0,-3.191046540796283,0
2024-10-31,0,0,0.08006042296072513,-0.01960311029120188,0,-3.191046540796283,0
2024-11-01,0,0,-0.0174825174825175,0.004220596510973618,0,-3.191046540796283,0
2024-11-04,0,0,-0.04412811387900362,-0.002153964695993271,0,-3.191046540796283,0
2024-11-05,0,0,-0.05286671630677586,0.0120917498815396,0,-3.191046540796283,0
2024-11-06,0,0,-0.1006289308176102,0.02486561470435222,0,-3.191046540796283,0
2024-11-07,0,0,-0.03059440559440552,0.007732133188955048,0,-3.191046540796283,0
2024-11-08,0,0,-0.004283137962127981,0.004331693557865224,0,-3.191046540796283,0
2024-11-11,0,0,-0.002263980076975369,0.0009528745047560072,0,-3.191046540796283,0
2024-11-12,0,0,-0.002042205582028722,-0.003106419934531424,0,-3.191046540796283,0
2024-11-13,0,0,-0.02410186448385621,0.0004858435248786819,0,-3.191046540796283,0
2024-11-14,0,0,-0.0009319664492077884,-0.006430114368961348,0,-3.191046540796283,0
2024-11-15,0,0,0.06972947761194015,-0.01280862897109636,0,-3.191046540796283,0
2024-11-18,0,0,-0.02550686723348594,0.003909517712334498,0,-3.191046540796283,0
2024-11-19,0,0,0.01140939597315449,0.005696891367934276,0,-3.191046540796283,0
2024-11-20,0,0,0.05507631055076323,-0.004869882818444693,0,-3.191046540796283,0
2024-11-21,0,0,-0.01090146750524124,0.007578460858779001,0,-3.191046540796283,0
2024-11-22,0,0,-0.04641797371767697,0.005868762331989741,0,-3.191046540796283,0
2024-11-25,0,0,-0.01555901311402541,-0.001978372034537768,0,-3.191046540796283,0
2024-11-26,0,0,-0.02506209076540966,0.00979387504829754,0,-3.191046540796283,0
2024-11-27,0,0,-0.01065308012968968,-0.002828148394609986,0,-3.191046540796283,0
2024-11-29,0,0,-0.0168539325842697,0.006206206206206266,0,-3.191046540796283,0
2024-12-02,0,0,-0.005952380952381042,0.0008290224167661897,0,-3.191046540796283,0
2024-12-03,0,0,-0.009341317365269441,0.0009444683741426374,0,-3.191046540796283,0
2024-12-04,0,0,0.01112185686653766,0.004452075596736771,0,-3.191046540796283,0
2024-12-05,0,0,-0.004304160688665681,-0.001087529659899777,0,-3.191046540796283,0
2024-12-06,0,0,-0.001681075888568695,0.001897001088713601,0,-3.191046540796283,0
2024-12-09,0,0,0.0120279047389944,-0.004857006437591682,0,-3.191046540796283,0
2024-12-10,0,0,-0.002614689802709846,-0.00208464312895007,0,-3.191046540796283,0
2024-12-11,0,0,-0.009056244041944717,0.005968565554745009,0,-3.191046540796283,0
2024-12-12,0,0,-0.001835016835016745,-0.00227437537082209,0,-3.191046540796283,0
2024-12-13,0,0,0.01003043102181245,-0.002527338200799423,0,-3.191046540796283,0
2024-12-16,0,0,0.0193225190839692,0.003527366067731963,0,-3.191046540796283,0
2024-12-17,0,0,0.02199859583430852,-0.003118914815670504,0,-3.191046540796283,0
2024-12-18,0,0,0.1126631554843143,-0.02693307288649038,0,-3.191046540796283,0
2024-12-19,0,0,0.1387116690677093,-0.005971215678269082,0,-3.191046540796283,0
2024-12-20,0,0,-0.1548924634014097,0.01336619260324157,0,-3.191046540796283,0
2024-12-23,0,0,-0.05944850063516105,0.004272782544078924,0,-3.191046540796283,0
2024-12-24,0,0,-0.04502046384720315,0.01084671655595737,0,-3.191046540796283,0
2024-12-26,0,0,-0.001666666666666705,-0.001147895524871156,0,-3.191046540796283,0
2024-12-27,0,0,0.04793703792034343,-0.008960543628520501,0,-3.191046540796283,0
2024-12-30,0,0,0.02571688666363237,-0.01299094163319503,0,-3.191046540796283,0
2024-12-31,0,0,-0.001109385400488105,-0.001344968499914834,0,-3.191046540796283,0
2025-01-02,0,0,0.01266103953798314,-0.001108420809803556,0,-3.191046540796283,0
2025-01-03,0,0,-0.04474665496819497,0.01054876591677201,0,-3.191046540796283,0
2025-01-06,0,0,-0.008725602755453421,0.005928483560488473,0,-3.191046540796283,0
2025-01-07,0,0,0.05489923558026399,-0.01019225925614964,0,-3.191046540796283,0
2025-01-08,0,0,0.01602986385595084,-0.002222297618239888,0,-3.191046540796283,0
2025-01-10,0,0,0.04711476118435276,-0.01426169304792824,0,-3.191046540796283,0
2025-01-13,0,0,-0.03137048503611961,0.005895839761758781,0,-3.191046540796283,0
2025-01-14,0,0,-0.005156605249083346,-0.0009430727023320706,0,-3.191046540796283,0
2025-01-15,0,0,-0.08327818009300014,0.01889642152235482,0,-3.191046540796283,0
2025-01-16,0,0,0.003271028037383106,-0.003621601590135692,0,-3.191046540796283,0
2025-01-17,0,0,0.004890544946436703,0.01044783689202222,0,-3.191046540796283,0
2025-01-21,0,0,-0.04426419466975651,0.01115963124696751,0,-3.191046540796283,0
2025-01-22,0,0,0.02317652764306488,0.002498510821364652,0,-3.191046540796283,0
2025-01-23,0,0,-0.0217035818730773,0.005199135127997634,0,-3.191046540796283,0
2025-01-24,0,0,-0.00387596899224818,-0.00251223276739676,0,-3.191046540796283,0
2025-01-27,0,0,0.06371595330739321,-0.01369569869462883,0,-3.191046540796283,0
2025-01-28,0,0,-0.02994970278920894,0.00822804880084127,0,-3.191046540796283,0
2025-01-29,0,0,-0.008484562809333074,-0.001721569276609936,0,-3.191046540796283,0
2025-01-30,0,0,-0.00404088424055149,0.004692733724670939,0,-3.191046540796283,0
2025-01-31,0,0,0.04030787589498819,-0.0114047104259849,0,-3.191046540796283,0
2025-02-03,0,0,-0.005290337677711809,0.002437477044308745,0,-3.191046540796283,0
2025-02-04,0,0,0.001884298969286213,-6.661781360350894e-05,0,-3.191046540796283,0
2025-02-05,0,0,-0.03314917127071804,0.007228514323784241,0,-3.191046540796283,0
2025-02-06,0,0,0,0.002067004001719663,0,-3.191046540796283,0
2025-02-07,0,0,0.03095238095238084,-0.009505272364230377,0,-3.191046540796283,0
2025-02-10,0,0,-0.02632794457274823,0.006247772728416257,0,-3.191046540796283,0
2025-02-11,0,0,-0.002609108159392748,0.002202059670849854,0,-3.191046540796283,0
2025-02-12,0,0,-0.005231866825208042,-0.001189473162511612,0,-3.191046540796283,0
2025-02-13,0,0,-0.01264642601004062,0.008369308126167985,0,-3.191046540796283,0
2025-02-14,0,0,-0.000518147260356927,0.0002132371032559366,0,-3.191046540796283,0
2025-02-18,0,0,-0.007257822265719804,0.003558660500508459,0,-3.191046540796283,0
2025-02-19,0,0,-0.00658857979502192,0.0005719421521364065,0,-3.191046540796283,0
2025-02-20,0,0,-0.0007369196757552876,-0.003119385921933615,0,-3.191046540796283,0
2025-02-21,0,0,0.05358898721730587,-0.0166287127901833,0,-3.191046540796283,0
2025-02-24,0,0,0.01446570228651423,-0.003681860589097807,0,-3.191046540796283,0
2025-02-25,0,0,0.0009199632014718073,-0.003394478537865897,0,-3.191046540796283,0
2025-02-26,0,0,-0.007352941176470562,-0.003926174496644341,0,-3.191046540796283,0
2025-02-27,0,0,0.05601851851851847,-0.01477276555604212,0,-3.191046540796283,0
2025-02-28,0,0,-0.01578255151249452,0.01608849527261524,0,-3.191046540796283,0
2025-03-03,0,0,0.07461024498886415,-0.01497560154803967,0,-3.191046540796283,0
2025-03-04,0,0,0.004559585492228013,-0.00848992142125049,0,-3.191046540796283,0
2025-03-05,0,0,-0.01588611512275628,0.002532605137570476,0,-3.191046540796283,0
2025-03-06,0,0,0.08385744234800829,-0.01294036776078356,0,-3.191046540796283,0
2025-03-07,0,0,-0.02243713733075436,0.0005919529223323838,0,-3.191046540796283,0
2025-03-10,0,0,0.1189157103284526,-0.02806632910511386,0,-3.191046540796283,0
2025-03-11,0,0,-0.0229885057471263,-0.001435246517956457,0,-3.191046540796283,0
2025-03-12,0,0,-0.04108778280542991,0.00518431785531992,0,-3.191046540796283,0
2025-03-13,0,0,0.02793701007363159,-0.01209267483546461,0,-3.191046540796283,0
2025-03-14,0,0,-0.06353286816011749,0.01478632941558811,0,-3.191046540796283,0
2025-03-17,0,0,-0.05646862745098047,0.008717620267577608,0,-3.191046540796283,0
2025-03-18,0,0,0.03511838088449526,-0.01019453948992921,0,-3.191046540796283,0
2025-03-19,0,0,-0.0427624974904639,0.01336440010057038,0,-3.191046540796283,0
2025-03-20,0,0,-0.009867869127516693,-0.005310356954457696,0,-3.191046540796283,0
2025-03-21,0,0,0.002976095912898824,-0.001202093056144715,0,-3.191046540796283,0
2025-03-24,0,0,-0.06251319957761348,0.01562513274336297,0,-3.191046540796283,0
2025-03-25,0,0,-0.0009101148907411094,0.003784756482863694,0,-3.191046540796283,0
2025-03-26,0,0,0.04848747226581507,-0.01454861111111105,0,-3.191046540796283,0
2025-03-27,0,0,0,-0.001849829111024937,0,-3.191046540796283,0
2025-03-28,0,0,0.09010752688172041,-0.02192138658947718,0,-3.191046540796283,0
2025-03-31,0,0,0.006510159794831383,0.005144816385455275,0,-3.191046540796283,0
2025-04-01,0,0,-0.01117208937671499,0.008579876876343207,0,-3.191046540796283,0
2025-04-02,0,0,0.1157581764122895,-0.03017195343372836,0,-3.191046540796283,0
2025-04-03,0,0,0.06929827678095579,-0.01550942495824392,0,-3.191046540796283,0
2025-04-04,0,0,0.2377306830944264,-0.0575711249487304,0,-3.191046540796283,0
2025-04-07,0,0,-0.05879194630872475,0.007972304648862449,0,-3.191046540796283,0
2025-04-08,0,0,0.2337421563034796,-0.0372176319353128,0,-3.191046540796283,0
2025-04-09,0,0,-0.2608946942549996,0.1127951052507661,0,-3.191046540796283,0
2025-04-10,0,0,0.2708789490147014,-0.0435946143982413,0,-3.191046540796283,0
2025-04-11,0,0,-0.07553285749446226,0.02334468552774283,0,-3.191046540796283,0
2025-04-14,0,0,-0.0829608291556958,0.004884987553575693,0,-3.191046540796283,0
2025-04-15,0,0,0.006386993758165094,-0.006183646861612879,0,-3.191046540796283,0
2025-04-16,0,0,0.02437617193134289,-0.01429963641815657,0,-3.191046540796283,0
2025-04-17,0,0,-0.01760067586595315,0.002186519631143691,0,-3.191046540796283,0
2025-04-21,0,0,0.05116812383545954,-0.02096376399165256,0,-3.191046540796283,0
2025-04-22,0,0,-0.1000818107444778,0.03991861253754481,0,-3.191046540796283,0
2025-04-23,0,0,0.003018181818181809,9.317059536018135e-05,0,-3.191046540796283,0
2025-04-24,0,0,-0.03593850076738103,0.02174399105645608,0,-3.191046540796283,0
2025-04-25,0,0,-0.02695232379767498,0.005215456717180045,0,-3.191046540796283,0
2025-04-28,0,0,0.00966022544283418,-0.0002358362208152442,0,-3.191046540796283,0
2025-04-29,0,0,-0.01291708599216257,0.003429504627109337,0,-3.191046540796283,0
2025-04-30,0,0,0.004524155760219806,0.01137181504186335,0,-3.191046540796283,0
2025-05-01,0,0,0.00369953353707575,-0.00375215567914744,0,-3.191046540796283,0
2025-05-02,0,0,-0.03910256410256407,0.01731935819663311,0,-3.191046540796283,0
2025-05-05,0,0,0.01733322214809863,-0.007092073461179016,0,-3.191046540796283,0
2025-05-06,0,0,0.01968383243742156,0.001048311152964665,0,-3.191046540796283,0
2025-05-07,0,0,-0.01045016077170424,-0.004242101526446551,0,-3.191046540796283,0
2025-05-08,0,0,-0.03493095044679118,0.005900073082476309,0,-3.191046540796283,0
2025-05-09,0,0,-0.01464646464646469,0.001204990076552281,0,-3.191046540796283,0
2025-05-12,0,0,-0.1291645310097386,0.03031858407079646,0,-3.191046540796283,0
2025-05-13,0,0,0.000980969197567072,0.00872657310222813,0,-3.191046540796283,0
2025-05-14,0,0,0.02058016464131707,-0.00183920573559726,0,-3.191046540796283,0
2025-05-15,0,0,-0.02285385058574996,0.00690972992339578,0,-3.191046540796283,0
2025-05-16,0,0,0.04363207547169812,-0.003270188755972625,0,-3.191046540796283,0
2025-05-19,0,0,-0.02975517890772117,0.01239269018274536,0,-3.191046540796283,0
2025-05-20,0,0,-0.01067546583850931,-0.005356483191725103,0,-3.191046540796283,0
2025-05-21,0,0,0.07004120070629782,-0.01559719760276868,0,-3.191046540796283,0
2025-05-22,0,0,-0.01210121012101206,-1.714939351082911e-06,0,-3.191046540796283,0
2025-05-23,0,0,0.06607275426874515,-0.007048412820908623,0,-3.191046540796283,0
2025-05-27,0,0,-0.1027332869080779,0.02124352331606216,0,-3.191046540796283,0
2025-05-28,0,0,-0.02287394012301347,0.00897852190089643,0,-3.191046540796283,0
2025-05-29,0,0,0.04790300257545166,-0.01426227227547694,0,-3.191046540796283,0
2025-05-30,0,0,0.004310957411530536,0.000511647678966165,0,-3.191046540796283,0
2025-06-02,0,0,-0.01490566037735841,0.005232996754423791,0,-3.191046540796283,0
2025-06-03,0,0,-0.02183489752920897,0.008151923987286036,0,-3.191046540796283,0
2025-06-04,0,0,-0.001762287056980671,-0.001377993723646886,0,-3.191046540796283,0
2025-06-05,0,0,0.01979207532365646,-0.004450191442197826,0,-3.191046540796283,0
2025-06-06,0,0,-0.04210506068591446,0.01163908709073413,0,-3.191046540796283,0
2025-06-09,0,0,-0.01345381526104406,0.0002501125506477742,0,-3.191046540796283,0
2025-06-10,0,0,0.0006106248727864028,0.004700940188037794,0,-3.191046540796283,0
2025-06-11,0,0,0.006712774613507166,-0.003667662186826015,0,-3.191046540796283,0
2025-06-12,0,0,0.0236532632855122,-0.0004987597618275608,0,-3.191046540796283,0
2025-06-13,0,0,0.05624489248054698,-0.004498575451107212,0,-3.191046540796283,0
2025-06-16,0,0,-0.03569426275462528,0.002426818858893176,0,-3.191046540796283,0
2025-06-17,0,0,0.03410852713178292,-0.004574748722743549,0,-3.191046540796283,0
2025-06-18,0,0,-0.03017241379310343,0.001828245555182795,0,-3.191046540796283,0
2025-06-20,0,0,0.01449275362318847,-0.003314972626362489,0,-3.191046540796283,0
2025-06-23,0,0,-0.05066666666666664,0.01348608288118802,0,-3.191046540796283,0
2025-06-24,0,0,-0.03691813804173349,0.006102048203794119,0,-3.191046540796283,0
2025-06-25,0,0,-0.008750000000000258,0.0001153174524728406,0,-3.191046540796283,0
2025-06-26,0,0,-0.01282051282051277,0.008249518193348626,0,-3.191046540796283,0
2025-06-27,0,0,0.008090270385352483,0.002175794668241027,0,-3.191046540796283,0
2025-06-30,0,0,-0.00882998944033786,0.006977161208288063,0,-3.191046540796283,0
2025-07-01,0,0,-0.001532007014418801,0.0003545352997360585,0,-3.191046540796283,0
2025-07-02,0,0,-0.004268032437046654,0.004354869248732518,0,-3.191046540796283,0
2025-07-03,0,0,-0.006033004714959156,0.007073571589700567,0,-3.191046540796283,0
2025-07-07,0,0,0.01081320008193454,-0.008015871746052006,0,-3.191046540796283,0
2025-07-08,0,0,-0.02796501706484633,0.000419516129032127,0,-3.191046540796283,0
2025-07-09,0,0,-0.02501042375299001,0.005511720002624898,0,-3.191046540796283,0
2025-07-10,0,0,-0.01731515013740936,0.004218838286630833,0,-3.191046540796283,0
2025-07-11,0,0,0.01442968392120925,-0.005221056665229651,0,-3.191046540796283,0
2025-07-14,0,0,0.003160984420862434,0.001733436055469939,0,-3.191046540796283,0
2025-07-15,0,0,0.004501462975467163,-0.004934948407357642,0,-3.191046540796283,0
2025-07-16,0,0,0.001792516244678355,0.003445832796599158,0,-3.191046540796283,0
2025-07-17,0,0,-0.008499217177365348,0.008873840623896845,0,-3.191046540796283,0
2025-07-18,0,0,-0.001804646965937184,-0.001288352340506838,0,-3.191046540796283,0
2025-07-21,0,0,-0.01559322033898292,0.001847427934384305,0,-3.191046540796283,0
2025-07-22,0,0,-0.01217401285583108,0.002305026547547273,0,-3.191046540796283,0
2025-07-23,0,0,-0.03741601730897504,0.006581180314348734,0,-3.191046540796283,0
2025-07-24,0,0,-0.0002341880795853069,0.001229793298611392,0,-3.191046540796283,0
2025-07-25,0,0,-0.00386380101424777,0.003178584917537419,0,-3.191046540796283,0
2025-07-28,0,0,-0.03345454545454551,-0.0001251843645669881,0,-3.191046540796283,0
2025-07-29,0,0,0.02959618760973171,-0.003043710188584403,0,-3.191046540796283,0
2025-07-30,0,0,-0.02216808769792922,0.005523731587561365,0,-3.191046540796283,0
2025-07-31,0,0,0.04260089686098656,-0.01231708271382737,0,-3.191046540796283,0
2025-08-01,0,0,0.06905615292712075,-0.01560816378272167,0,-3.191046540796283,0
2025-08-04,0,0,-0.07510058113544926,0.01699853516410976,0,-3.191046540796283,0
2025-08-05,0,0,0.02247462542290957,-0.007217588122635621,0,-3.191046540796283,0
2025-08-06,0,0,-0.03568896242023167,0.01017170734818174,0,-3.191046540796283,0
2025-08-07,0,0,0.0009803921568629637,-0.0004892599548619314,0,-3.191046540796283,0
2025-08-08,0,0,-0.02571008814887388,0.008368861519027382,0,-3.191046540796283,0
2025-08-11,0,0,0.007537069615481284,-0.004462887566551887,0,-3.191046540796283,0
2025-08-12,0,0,-0.0471415493677958,0.01149823043649234,0,-3.191046540796283,0
2025-08-13,0,0,-0.004188481675392763,0.00258140764469883,0,-3.191046540796283,0
2025-08-14,0,0,0.0002996845425866645,0.0006824668072960005,0,-3.191046540796283,0
2025-08-15,0,0,0.003300798393751636,-0.002992435984871866,0,-3.191046540796283,0
2025-08-18,0,0,-0.03502108599418496,0.0004984224912603086,0,-3.191046540796283,0
2025-08-19,0,0,0.03094191096634091,-0.006728303939087743,0,-3.191046540796283,0
2025-08-20,0,0,-0.01105584796168491,-0.002221613841869807,0,-3.191046540796283,0
2025-08-21,0,0,0.01464323748668783,-0.00192834774668349,0,-3.191046540796283,0
2025-08-22,0,0,-0.07950669115717668,0.01402830796298904,0,-3.191046540796283,0
2025-08-25,0,0,0.002565564424173328,-0.003857474825716523,0,-3.191046540796283,0
2025-08-26,0,0,-0.009382996872334348,0.004199001570737604,0,-3.191046540796283,0
2025-08-27,0,0,0.01373134328358194,-0.001378482600548403,0,-3.191046540796283,0
2025-08-28,0,0,-0.01835870254598149,0.005939798073849811,0,-3.191046540796283,0
2025-08-29,0,0,0.01817132967983826,-0.005704154783010784,0,-3.191046540796283,0
2025-09-02,0,0,0.02039660056657233,-0.005845414373207403,0,-3.191046540796283,0
2025-09-03,0,0,-0.01774014436424209,0.003431173773355445,0,-3.191046540796283,0
2025-09-04,0,0,-0.02998784658432496,0.009450091703192554,0,-3.191046540796283,0
2025-09-05,0,0,0.01078088578088554,-0.005389092476826951,0,-3.191046540796283,0
2025-09-08,0,0,-0.02334966849236075,0.004938386277788087,0,-3.191046540796283,0
2025-09-09,0,0,-0.002361275088547887,0.002988523453747227,0,-3.191046540796283,0
2025-09-10,0,0,-0.008624260355029612,0.002749235896726931,0,-3.191046540796283,0
2025-09-11,0,0,-0.02114388886401963,0.007336723440754644,0,-3.191046540796283,0
2025-09-12,0,0,-0.001524390243902385,-0.000638618151960646,0,-3.191046540796283,0
2025-09-15,0,0,0.01317557251908408,0.005249144161278085,0,-3.191046540796283,0
2025-09-16,0,0,0.008091858415080644,-0.0006054184955351927,0,-3.191046540796283,0
2025-09-17,0,0,-0.0433482810164425,0.001802211116159302,0,-3.191046540796283,0
2025-09-18,0,0,0.002190624999999891,0.002902538209194283,0,-3.191046540796283,0
2025-09-19,0,0,0.007458660871029643,9.044180823325476e-05,0,-3.191046540796283,0
2025-09-22,0,0,0.0179731532407077,0.004883415979622274,0,-3.191046540796283,0
2025-09-23,0,0,0.008817269686834939,-0.004739691920025324,0,-3.191046540796283,0
2025-09-24,0,0,-0.01295961422543701,-0.002772963604852574,0,-3.191046540796283,0
2025-09-25,0,0,0.01740458015267188,-0.005863595835033486,0,-3.191046540796283,0
2025-09-26,0,0,-0.03811524609843953,0.006506240214037007,0,-3.191046540796283,0
2025-09-29,0,0,0.01279251170046813,0.001827490900303541,0,-3.191046540796283,0
2025-09-30,0,0,-0.000311152187307373,0.002050292468190218,0,-3.191046540796283,0
2025-10-01,0,0,-0.00955010647182275,0.005433441656135463,0,-3.191046540796283,0
2025-10-02,0,0,0.009032358431860787,0.00173352496627599,0,-3.191046540796283,0
2025-10-03,0,0,-0.003709493899223926,0.0001643139890954437,0,-3.191046540796283,0
2025-10-06,0,0,-0.004333023831631033,0.001672740307067322,0,-3.191046540796283,0
2025-10-07,0,0,0.01969225986944356,-0.00272857398461257,0,-3.191046540796283,0
2025-10-08,0,0,-0.023619430853415,0.007370860432084791,0,-3.191046540796283,0
2025-10-09,0,0,0.006597208128959364,-0.002701178426192441,0,-3.191046540796283,0
2025-10-10,0,0,0.1352357320099256,-0.02948092148342174,0,-3.191046540796283,0
2025-10-13,0,0,-0.08142076502732265,0.0161465920417081,0,-3.191046540796283,0
2025-10-14,0,0,0.03897679952409305,-0.0001282670368804029,0,-3.191046540796283,0
2025-10-15,0,0,0.01859698142592126,0.003797191346146533,0,-3.191046540796283,0
2025-10-16,0,0,0.09078133783024178,-0.009248080395603098,0,-3.191046540796283,0
2025-10-17,0,0,-0.07626900283432103,0.009590870462546919,0,-3.191046540796283,0
2025-10-20,0,0,-0.08256624825662495,0.009724777537277518,0,-3.191046540796283,0
2025-10-21,0,0,0.003943447856491478,-0.001071381200467902,0,-3.191046540796283,0
2025-10-22,0,0,0.01757435712620037,-0.00628943564371176,0,-3.191046540796283,0
2025-10-23,0,0,-0.03839285714285712,0.008233834665847484,0,-3.191046540796283,0
2025-10-24,0,0,-0.005571030640668551,0.007437156031533609,0,-3.191046540796283,0
2025-10-27,0,0,-0.03205726735138503,0.01223977557950695,0,-3.191046540796283,0
2025-10-28,0,0,0.02604501607717036,0.0024650301200424,0,-3.191046540796283,0
2025-10-29,0,0,0.0209401441554371,-0.0008002560819461157,0,-3.191046540796283,0
2025-10-30,0,0,-0.0152924348183755,-0.003276396837184947,0,-3.191046540796283,0
2025-10-31,0,0,0.02275561097256862,-0.003988283076203913,0,-3.191046540796283,0
2025-11-03,0,0,0.004532154830844126,0.0002052071572853365,0,-3.191046540796283,0
2025-11-04,0,0,0.045550947094394,-0.01401985657510729,0,-3.191046540796283,0
2025-11-05,0,0,-0.04933255948926307,0.00736230720033304,0,-3.191046540796283,0
2025-11-06,0,0,0.02716727716727707,-0.0079138624961409,0,-3.191046540796283,0
2025-11-07,0,0,-0.0002971768202080227,0.0006548398618884121,0,-3.191046540796283,0
2025-11-10,0,0,-0.05410225921521983,0.01383187578083156,0,-3.191046540796283,0
2025-11-11,0,0,0.001257071024512779,0.002435231640407265,0,-3.191046540796283,0
2025-11-12,0,0,0.01318267419962349,-0.001811010946555114,0,-3.191046540796283,0
2025-11-13,0,0,0.05793060718711263,-0.01390227721719872,0,-3.191046540796283,0
2025-11-14,0,0,-0.01903367496339681,0.001100208147487347,0,-3.191046540796283,0
2025-11-17,0,0,0.06059701492537317,-0.01194047583687297,0,-3.191046540796283,0
2025-11-18,0,0,0.03264846608499838,-0.008041485044340768,0,-3.191046540796283,0
2025-11-19,0,0,-0.06241482692831835,0.01530040154557155,0,-3.191046540796283,0
2025-11-20,0,0,0.08720930232558155,-0.02335506064868531,0,-3.191046540796283,0
2025-11-21,0,0,-0.03422459893048135,0.008769885627794016,0,-3.191046540796283,0
2025-11-24,0,0,-0.06782945736434098,0.01371471852454964,0,-3.191046540796283,0
2025-11-25,0,0,-0.03088803088803083,0.0100687232690333,0,-3.191046540796283,0
2025-11-26,0,0,-0.02390438247011961,0.006569181082628495,0,-3.191046540796283,0
2025-11-28,0,0,-0.02260596546310834,0.004660263183538627,0,-3.191046540796283,0
2025-12-01,0,0,0.001606167683906312,-0.005076513444714159,0,-3.191046540796283,0
2025-12-02,0,0,-0.01314945477870433,0.003426117899627767,0,-3.191046540796283,0
2025-12-03,0,0,-0.008170295742606415,0.001714536928487886,0,-3.191046540796283,0
2025-12-04,0,0,-0.01236295242901042,0.001726231402782386,0,-3.191046540796283,0
2025-12-05,0,0,-0.009664480297797429,0.001781672143117863,0,-3.191046540796283,0
2025-12-08,0,0,0.01169179229480743,-0.001880548712042907,0,-3.191046540796283,0
2025-12-09,0,0,0.004337891983178244,-0.003183969153473076,0,-3.191046540796283,0
2025-12-10,0,0,-0.02934388394329035,0.004718827838827933,0,-3.191046540796283,0
2025-12-11,0,0,-0.03023097826086973,0.00402408794485698,0,-3.191046540796283,0
2025-12-12,0,0,0.007705779334500784,-0.00957558679990711,0,-3.191046540796283,0
2025-12-15,0,0,0.005203336809176173,-0.003530494917489246,0,-3.191046540796283,0
2025-12-16,0,0,-0.00898003782888479,-0.002634367457467368,0,-3.191046540796283,0
2025-12-17,0,0,0.005931612002791242,-0.007156664551638658,0,-3.191046540796283,0
2025-12-18,0,0,-0.0242802636142907,0.005335592414243973,0,-3.191046540796283,0
2025-12-19,0,0,-0.03957340917170282,0.007422054018893398,0,-3.191046540796283,0
2025-12-22,0,0,-0.03023304018240502,0.005296642969665255,0,-3.191046540796283,0
2025-12-23,0,0,0.001145038167938983,0.003818352234600253,0,-3.191046540796283,0
2025-12-24,0,0,-0.002668699961875687,0.002740099730148771,0,-3.191046540796283,0
2025-12-26,0,0,-0.0003822629969421065,0.0005075700446661724,0,-3.191046540796283,0
2025-12-29,0,0,-0.01338432122370925,-0.003725123566841959,0,-3.191046540796283,0
2025-12-30,0,0,-0.009689922480620061,-0.002167777228154977,0,-3.191046540796283,0
2025-12-31,0,0,0.002446183953033199,-0.004884449952613612,0,-3.191046540796283,0
2026-01-02,0,0,-0.01454367984382632,0.0006884981684982527,0,-3.191046540796283,0
2026-01-05,0,0,0.01110935023771797,0.006457239184332941,0,-3.191046540796283,0
2026-01-06,0,0,-0.01333834892870023,0.006866071168785792,0,-3.191046540796283,0
2026-01-07,0,0,0.02104845115170795,-0.002874730746846299,0,-3.191046540796283,0
2026-01-08,0,0,-0.01789187086736688,-0.0009253597252611989,0,-3.191046540796283,0
2026-01-09,0,0,-0.0125148514851483,0.007264405746199243,0,-3.191046540796283,0
2026-01-12,0,0,0.004652282024544707,-0.0008783550282225328,0,-3.191046540796283,0
2026-01-13,0,0,0.0235528942115768,-0.0003909954314208486,0,-3.191046540796283,0
2026-01-14,0,0,0.03159126365054599,-0.005880489683732115,0,-3.191046540796283,0
2026-01-15,0,0,-0.03969754253308144,0.004958086785009863,0,-3.191046540796283,0
2026-01-16,0,0,0.009992125984251921,-0.002191680158721176,0,-3.191046540796283,0
2026-01-20,0,0,0.09764635258714116,-0.0184544849729541,0,-3.191046540796283,0
2026-01-21,0,0,-0.08935750102987328,0.01214127482354188,0,-3.191046540796283,0
2026-01-22,0,0,-0.01297060360493885,0.003536177027223752,0,-3.191046540796283,0
2026-01-23,0,0,0.02680363492690629,-0.001942468690567134,0,-3.191046540796283,0
2026-01-26,0,0,-0.01340598113004254,0.007238477303449287,0,-3.191046540796283,0
2026-01-27,0,0,0.00741029641185631,0.006046437796729975,0,-3.191046540796283,0
2026-01-28,0,0,0.010452961672474,-0.003628865683630744,0,-3.191046540796283,0
2026-01-29,0,0,0.01971647509578545,-0.002789686194134,0,-3.191046540796283,0
2026-01-30,0,0,0.007341834932705904,-0.003179333738804413,0,-3.191046540796283,0
2026-02-02,0,0,-0.05221932114882488,0.00945705223826554,0,-3.191046540796283,0
2026-02-03,0,0,0.0417158598976779,-0.01183610226392351,0,-3.191046540796283,0
2026-02-04,0,0,0.002266717038156507,-0.001263121216080854,0,-3.191046540796283,0
2026-02-05,0,0,0.09121748963437604,-0.02033725832243061,0,-3.191046540796283,0
2026-02-06,0,0,-0.07253886010362687,0.02478995711593557,0,-3.191046540796283,0
2026-02-09,0,0,-0.03612662942271883,0.004494247311314092,0,-3.191046540796283,0
2026-02-10,0,0,0.01648763523956731,-4.3245113302115e-05,0,-3.191046540796283,0
2026-02-11,0,0,0.001588948822923486,-0.001773126324438934,0,-3.191046540796283,0
2026-02-12,0,0,0.05964286392014717,-0.01705513675880199,0,-3.191046540796283,0
2026-02-13,0,0,0.01361031518624634,0.000440608242121554,0,-3.191046540796283,0
2026-02-17,0,0,-0.03180212014134287,0.001219032413397825,0,-3.191046540796283,0
2026-02-18,0,0,-0.001459854014598472,0.006013523423978429,0,-3.191046540796283,0
2026-02-19,0,0,0.02375730994152048,-0.0007142649901243914,0,-3.191046540796283,0
2026-02-20,0,0,-0.02177793645126758,0.006127897985088948,0,-3.191046540796283,0
2026-02-23,0,0,0.03686131386861313,-0.009382386635537143,0,-3.191046540796283,0
2026-02-24,0,0,-0.03027103132699738,0.007055861342077696,0,-3.191046540796283,0
2026-02-25,0,0,-0.02903811252268607,0.006117248597261149,0,-3.191046540796283,0
2026-02-26,0,0,0.02056074766355143,-0.00849658953146315,0,-3.191046540796283,0
2026-02-27,0,0,0.0274725274725276,-0.003755678908833326,0,-3.191046540796283,0
2026-03-02,0,0,0.01782887700534741,0.001068905498105677,0,-3.191046540796283,0
2026-03-03,0,0,0.03747447469536014,-0.006941343687976831,0,-3.191046540796283,0
2026-03-04,0,0,-0.0449020931802836,0.01068165433224944,0,-3.191046540796283,0
2026-03-05,0,0,0.06150583244962893,-0.007002023495843779,0,-3.191046540796283,0
2026-03-06,0,0,0.1322011322011321,-0.01586245589303115,0,-3.191046540796283,0
2026-03-09,0,0,-0.05529411764705894,0.006016981975272007,0,-3.191046540796283,0
2026-03-10,0,0,0.008717310087173136,0.003865909160907677,0,-3.191046540796283,0
2026-03-11,0,0,0.001882716049382838,-0.009882734714949493,0,-3.191046540796283,0
2026-03-12,0,0,0.0212254705646775,-0.007106145251396634,0,-3.191046540796283,0
2026-03-13,0,0,0.02352941176470602,-0.005143440163245749,0,-3.191046540796283,0
2026-03-16,0,0,-0.06778661951075737,0.00866900333608811,0,-3.191046540796283,0
2026-03-17,0,0,-0.01677521340499533,0.002123205741626943,0,-3.191046540796283,0
2026-03-18,0,0,0.09198248197714443,-0.01388887231058467,0,-3.191046540796283,0
2026-03-19,0,0,-0.04623085983510022,0.000285363514685999,0,-3.191046540796283,0
2026-03-20,0,0,0.04507564062982405,-0.01182877023143258,0,-3.191046540796283,0
2026-03-23,0,0,-0.0319054652880354,0.005311658094538263,0,-3.191046540796283,0
2026-03-24,0,0,0.0009154714678056841,0.001218119527978567,0,-3.191046540796283,0
2026-03-25,0,0,0.01885365853658549,-0.003254505360809068,0,-3.191046540796283,0
2026-03-26,0,0,0.03924783951356137,-0.01151950687355996,0,-3.191046540796283,0
2026-03-27,0,0,0.09763317016988227,-0.02296792516901802,0,-3.191046540796283,0
2026-03-30,0,0,0.009422677383475575,-0.003791588991753247,0,-3.191046540796283,0
2026-03-31,0,0,-0.1205821205821204,0.03441276285324602,0,-3.191046540796283,0
2026-04-01,0,0,-0.01229609929078024,0.003786717360642733,0,-3.191046540796283,0
2026-04-02,0,0,0.01125242715541863,0.001786941580755874,0,-3.191046540796283,0
2026-04-06,0,0,-0.02928994082840231,0.0030339065739724,0,-3.191046540796283,0
2026-04-07,0,0,-0.04663212435233166,0.02390995728899092,0,-3.191046540796283,0
2026-04-08,0,0,-0.009910485933503854,0.001572648679429411,0,-3.191046540796283,0
2026-04-09,0,0,-0.04778818211172098,0.006788202163924506,0,-3.191046540796283,0
2026-04-10,0,0,0.003831807392336462,0.002016841361441424,0,-3.191046540796283,0
2026-04-13,0,0,-0.03928655879471676,0.008506574597811012,0,-3.191046540796283,0
2026-04-14,0,0,-0.01125175808720102,0.01188741914806823,0,-3.191046540796283,0
2026-04-15,0,0,0.00426742532005675,0.008710048949035265,0,-3.191046540796283,0
2026-04-16,0,0,0.0003541076487252326,0.002240776421894131,0,-3.191046540796283,0
2026-04-17,0,0,-0.004247787610619502,0.01214719033920986,0,-3.191046540796283,0
2026-04-20,0,0,0.005332385353715052,-0.00177277523742525,0,-3.191046540796283,0
2026-04-21,0,0,0.009193776520509012,-0.003509563207374278,0,-3.191046540796283,0
2026-04-22,0,0,-0.001401541695865371,0.004851485148514856,0,-3.191046540796283,0
2026-04-23,0,0,-0.001754385964912286,-0.001252762411497188,0,-3.191046540796283,0
2026-04-24,0,0,0.007381370826010647,0.006299856244891044,0,-3.191046540796283,0
2026-04-27,0,0,-0.03105373342637818,0.00315121636951865,0,-3.191046540796283,0
2026-04-28,0,0,-0.01620453727043569,-0.005291374640493673,0,-3.191046540796283,0
2026-04-29,0,0,0.0175366032210833,0.001740424158210185,0,-3.191046540796283,0
2026-04-30,0,0,-0.02263022903619161,0.008630956550980118,0,-3.191046540796283,0
2026-05-01,0,0,0.01288185498711791,0.0001805881617513716,0,-3.191046540796283,0
2026-05-04,0,0,0.006177325581395499,-0.0031080555555556,0,-3.191046540796283,0
2026-05-05,0,0,-0.01926688335139048,0.01211794101166097,0,-3.191046540796283,0
2026-05-06,0,0,-0.0009758253088578694,0.009002560361203615,0,-3.191046540796283,0
2026-05-07,0,0,-0.002211573903427966,-0.002129467939972596,0,-3.191046540796283,0
2026-05-08,0,0,-0.0007388252678240947,0.008723761144297626,0,-3.191046540796283,0
2026-05-11,0,0,0.01478743068391863,0.001978802417933911,0,-3.191046540796283,0
2026-05-12,0,0,-0.01530418943533685,-0.003530462071204443,0,-3.191046540796283,0
2026-05-13,0,0,0.004813188358077314,0.009366473454871294,0,-3.191046540796283,0
2026-05-14,0,0,-0.01509572901325473,0.005489059537097996,0,-3.191046540796283,0
2026-05-15,0,0,0.01383177570093452,-0.01379185355743962,0,-3.191046540796283,0
2026-05-18,0,0,-0.02876106194690276,0.002102150975126671,0,-3.191046540796283,0
2026-05-19,0,0,0.009495064540622655,-0.006279689804977728,0,-3.191046540796283,0
2026-05-20,0,0,-0.01579911320378646,0.005522642151855495,0,-3.191046540796283,0
2026-05-21,0,0,-0.03553687428353081,0.007891183183101891,0,-3.191046540796283,0
2026-05-22,0,0,0.01492868462757535,-0.0005390179230513326,0,-3.191046540796283,0
2026-05-26,0,0,-0.04242528340776364,0.009573366678767847,0,-3.191046540796283,0
2026-05-27,0,0,-0.01426824296779461,-0.001065459146300962,0,-3.191046540796283,0
2026-05-28,0,0,-0.02357320099255589,0.006732884474368372,0,-3.191046540796283,0
2026-05-29,0,0,-0.01524777636594665,0.0007151370679379099,0,-3.191046540796283,0
2026-06-01,0,0,0.02924731182795703,0.001243978614154928,0,-3.191046540796283,0
2026-06-02,0,0,-0.019640618470539,0.004031298739062494,0,-3.191046540796283,0
2026-06-03,0,0,0.01108269394714401,-0.01195318773613474,0,-3.191046540796283,0
2026-06-04,0,0,-0.03625632377740295,0.00534274865098916,0,-3.191046540796283,0
2026-06-05,0,0,0.08092738407699041,-0.02544012404580154,0,-3.191046540796283,0
2026-06-08,0,0,-0.03035208417644675,0.004563862871158175,0,-3.191046540796283,0
2026-06-09,0,0,0.01961602671118534,-0.004088152479965301,0,-3.191046540796283,0
2026-06-10,0,0,0.06099058534588631,-0.0174255810792443,0,-3.191046540796283,0
2026-06-11,0,0,-0.0625,0.02296370075254539,0,-3.191046540796283,0
2026-06-12,0,0,-0.04115226337448563,0.004016335803537663,0,-3.191046540796283,0
2026-06-15,0,0,-0.06523605150214584,0.01542191393359804,0,-3.191046540796283,0
2026-06-16,0,0,-0.001469237832874226,-0.00417827298050133,0,-3.191046540796283,0
2026-06-17,0,0,0.02676108147875644,-0.006859140859140855,0,-3.191046540796283,0
2026-06-18,0,0,-0.01965069413345255,0.001796538494810651,0,-3.191046540796283,0
2026-06-22,0,0,-5.481654728844987e-05,-0.004377861675636696,0,-3.191046540796283,0
2026-06-23,0,0,0.04431247144814976,-0.01163150322051443,0,-3.191046540796283,0
2026-06-24,0,0,-0.02318460192475957,0.002965905689641168,0,-3.191046540796283,0
2026-06-25,0,0,0.005373936408419322,-0.006104177970699953,0,-3.191046540796283,0
2026-06-26,0,0,0.01202672605790656,-0.002046403712297029,0,-3.191046540796283,0
2026-06-29,0,0,-0.039612676056338,0.01307356695276241,0,-3.191046540796283,0
2026-06-30,0,0,-0.02474793767186056,0.007478805551055734,0,-3.191046540796283,0
2026-07-01,0,0,0.01409774436090205,-0.001862521774085524,0,-3.191046540796283,0
2026-07-02,0,0,-0.01343836886005545,0.001074089487320684,0,-3.191046540796283,0
2026-07-06,0,0,-0.02975575387505869,0.006637834193207182,0,-3.191046540796283,0
2026-07-07,0,0,0.01662914821000649,-0.005994724642314764,0,-3.191046540796283,0
2026-07-08,0,0,0.01904761904761898,-0.001094537364640269,0,-3.191046540796283,0
2026-07-09,0,0,-0.02476635514018677,0.008177842344594621,0,-3.191046540796283,0
2026-07-10,0,0,-0.02199808337326314,0.00448659411427621,0,-3.191046540796283,0
2026-07-13,0,0,0.03425130689974454,-0.008849909248685006,0,-3.191046540796283,0
2026-07-14,0,0,-0.02321174798673598,0.006643230454600246,0,-3.191046540796283,0
2026-07-15,0,0,-0.02327837051406401,0.002097994954189275,0,-3.191046540796283,0
2026-07-16,0,0,0.03823237338629593,-0.007407112948534356,0,-3.191046540796283,0
2026-07-17,0,0,0.03969392635102831,-0.008797340773471829,0,-3.191046540796283,0
2026-07-20,0,0,-0.01977920883164674,-0.000487946127946115,0,-3.191046540796283,0
2026-07-21,0,0,-0.03003284842796805,0.0079800554533207,0,-3.191046540796283,0
2026-07-22,0,0,0.005805515239477366,-0.001844771809747847,0,-3.191046540796283,0
2026-07-23,0,0,0.04617604617604609,-0.010566775593293,0,-3.191046540796283,0
2026-07-24,0,0,-0.00873563218390816,-0.0001759633996128995,0,-3.191046540796283,0
2026-07-27,0,0,-0.007421150278293154,0.0002842985947526522,0,-3.191046540796283,0
2026-07-28,0,0,-0.01448598130841117,0.006361064869327526,0,-3.191046540796283,0
2026-07-29,0,0,0.05310573731626356,-0.01502212300119699,0,-3.191046540796283,0
2026-07-30,0,0,-0.05402971634398901,0.01492353904969979,0,-3.191046540796283,0
2026-07-31,0,0,-0.01475487862922431,0.001170408835914127,0,-3.191046540796283,0
2026-08-03,0,0,-0.02077294685990327,0.0189868314969095,0,-3.191046540796283,0
2026-08-04,0,0,0.001554020720276217,0.01892316010180251,0,-3.191046540796283,0
2026-08-05,0,0,-0.02273231042041235,-0.00201894704146599,0,-3.191046540796283,0
2026-08-06,0,0,-0.01312500000000005,-0.002767273576097184,0,-3.191046540796283,0
2026-08-07,0,0,0.001041900753846026,0.005707385348057592,0,-3.191046540796283,0
2026-08-10,0,0,-0.003581632653061217,-0.001325359625020228,0,-3.191046540796283,0
2026-08-11,0,0,-0.01026636217472798,-0.001773807211756351,0,-3.191046540796283,0
2026-08-12,0,0,-0.02686594962052424,0.001712106669433666,0,-3.191046540796283,0
2026-08-13,0,0,0.002434875066454012,0.007535931632785209,0,-3.191046540796283,0
2026-08-14,0,0,-0.008586217503367743,-0.002711664010692449,0,-3.191046540796283,0
2026-08-17,0,0,0.001631548259057869,-0.004265408950915539,0,-3.191046540796283,0
2026-08-18,0,0,0.01151438764392987,-0.007324964410508672,0,-3.191046540796283,0
2026-08-19,0,0,-0.036958817317846,0.003872027534417954,0,-3.191046540796283,0
2026-08-20,0,0,0.01156250000000014,-0.009259620004934965,0,-3.191046540796283,0
2026-08-21,0,0,-0.013598252659762,0.005400587248322264,0,-3.191046540796283,0
2026-08-24,0,0,0.00219780219780219,-0.004368187744459018,0,-3.191046540796283,0
2026-08-25,0,0,-0.01699561403508765,0.001729065267630725,0,-3.191046540796283,0
2026-08-26,0,0,-0.01394311210262134,0.007451272598925307,0,-3.191046540796283,0
2026-08-27,0,0,-0.01427036199095,-0.001128887850831095,0,-3.191046540796283,0
2026-08-28,0,0,0.01275555581057719,-0.0006134060795011109,0,-3.191046540796283,0
2026-08-31,0,0,-0.01869688385269108,-0.002362841951116357,0,-3.191046540796283,0
2026-09-01,0,0,0.02771362586605086,-0.007270263579627678,0,-3.191046540796283,0
2026-09-02,0,0,-0.02752247191011248,0.004514850445578977,0,-3.191046540796283,0
2026-09-03,0,0,-0.02195827869278622,0.009577067300782671,0,-3.191046540796283,0
2026-09-04,0,0,0.004134672179562981,-0.004206030801087057,0,-3.191046540796283,0
2026-09-08,0,0,0.01926470588235296,-0.005250503606472279,0,-3.191046540796283,0
2026-09-09,0,0,0.0116866253065937,-0.002965730784808107,0,-3.191046540796283,0
2026-09-10,0,0,0.03650884198516846,-0.007353041381660042,0,-3.191046540796283,0
2026-09-11,0,0,-0.03741331865712727,0.009176419213743348,0,-3.191046540796283,0
2026-09-14,0,0,0.0005603137757144161,-0.004382063624947752,0,-3.191046540796283,0
2026-09-15,0,0,-0.001028571428571601,-0.003810124420269845,0,-3.191046540796283,0
2026-09-16,0,0,0.002173664340464621,-0.001115888318847791,0,-3.191046540796283,0
2026-09-17,0,0,-0.02682648401826471,0.00619844176777451,0,-3.191046540796283,0
2026-09-18,0,0,0.002258064516128977,0.001182949000660738,0,-3.191046540796283,0
2026-09-21,0,0,-0.008104865845451781,0.0142205562400064,0,-3.191046540796283,0
2026-09-22,0,0,-0.02769911504424782,-0.0001163046147086844,0,-3.191046540796283,0
2026-09-23,0,0,0.01518764600588574,-0.008297360870576642,0,-3.191046540796283,0
2026-09-24,0,0,0.01369928515074004,-0.001850596882656652,0,-3.191046540796283,0
2026-09-25,0,0,-0.02358490566037741,0.008016712364538492,0,-3.191046540796283,0
2026-09-28,0,0,0.01509661835748788,-0.008082482772913346,0,-3.191046540796283,0
2026-09-29,0,0,-0.009518143961927406,0.00035165839644824,0,-3.191046540796283,0
2026-09-30,0,0,0.004222222222222571,-0.000690929658713646,0,-3.191046540796283,0
2026-10-01,0,0,0.02021494829638204,-0.001058076651775153,0,-3.191046540796283,0
