symbol,side,entry_session,entry_time,entry_price,exit_session,exit_time,exit_price,reason,gap,prior_close,low,gross_ret,net_ret,gross_pnl,net_pnl,cost,equity_at_entry,entry_notional,weight,dollar_volume,spy_gap,excess_gap,sample
SMTI,short,2016-01-05,09:30,8.8500000000,2016-01-05,16:00,8.8500000000,session_close,0.3208955224,6.7000000000,8.8500000000,0.0000000000,-0.0040000000,0.0000000000,-0.0040000000,0.0040000000,1.0000000000,1.0000000000,1.0000000000,,,,IS
ZUMZ,short,2016-01-07,09:30,16.7900000000,2016-01-07,16:00,16.8100000000,session_close,0.1133952255,15.0800000000,16.0900000000,-0.0011911852,-0.0051935676,-0.0011864205,-0.0051727933,0.0039863728,0.9960000000,0.9960000000,1.0000000000,,,,IS
CYH,short,2016-01-11,09:30,24.1100000000,2016-01-11,16:00,22.9100000000,session_close,0.0500871080,22.9600000000,22.6600000000,0.0497718789,0.0458714226,0.0493153317,0.0454506536,0.0038646782,0.9908272067,0.9908272067,1.0000000000,,,,IS
SMTI,short,2016-01-19,09:30,8.5000000000,2016-01-19,16:00,6.8000000000,session_close,0.2318840580,6.9000000000,5.3000000000,0.2000000000,0.1964000000,0.2072555720,0.2035249718,0.0037306003,1.0362778602,1.0362778602,1.0000000000,,,,IS
SMTI,short,2016-01-21,09:30,6.5000000000,2016-01-21,16:00,5.5000000000,session_close,0.0833333333,6.0000000000,4.2000000000,0.1538461538,0.1501538462,0.1907388972,0.1861611637,0.0045777335,1.2398028320,1.2398028320,1.0000000000,,,,IS
SMTI,short,2016-01-22,09:30,7.2300000000,2016-01-22,16:00,5.9000000000,session_close,0.3145454545,5.5000000000,5.5800000000,0.1839557400,0.1803236515,0.2623142620,0.2571350345,0.0051792275,1.4259639957,1.4259639957,1.0000000000,,,,IS
SMTI,short,2016-01-25,09:30,7.0000000000,2016-01-25,16:00,7.0000000000,session_close,0.1864406780,5.9000000000,7.0000000000,0.0000000000,-0.0040000000,0.0000000000,-0.0067323961,0.0067323961,1.6830990302,1.6830990302,1.0000000000,,,,IS
III,short,2016-01-26,09:30,3.3500000000,2016-01-26,16:00,3.3400000000,session_close,0.0501567398,3.1900000000,3.2500000000,0.0029850746,-0.0010089552,0.0050040795,-0.0016913789,0.0066954584,1.6763666341,1.6763666341,1.0000000000,92338.0000000000,,,IS
DSX,short,2016-02-04,09:30,2.6000000000,2016-02-04,16:00,2.5800000000,session_close,0.0569105691,2.4600000000,2.5500000000,0.0076923077,0.0037076923,0.0042940391,0.0020697269,0.0022243123,1.6746752552,0.5582250851,0.3333333333,1748465.9999999998,,,IS
OSUR,short,2016-02-04,09:30,6.6800000000,2016-02-04,16:00,6.1800000000,session_close,0.2145454545,5.5000000000,6.0100000000,0.0748502994,0.0710000000,0.0417833148,0.0396339810,0.0021493337,1.6746752552,0.5582250851,0.3333333333,2412564.0000000000,,,IS
ZUMZ,short,2016-02-04,09:30,19.4900000000,2016-02-04,16:00,19.0100000000,session_close,0.0708791209,18.2000000000,18.5500000000,0.0246280144,0.0206772704,0.0137479754,0.0115425710,0.0022054044,1.6746752552,0.5582250851,0.3333333333,6169800.0000000000,,,IS
ACCO,short,2016-02-10,09:30,6.1800000000,2016-02-10,16:00,6.7000000000,session_close,0.0546075085,5.8600000000,6.1000000000,-0.0841423948,-0.0883106796,-0.1453914559,-0.1525939250,0.0072024690,1.7279215342,1.7279215342,1.0000000000,3758712.0000000000,,,IS
SMTI,short,2016-02-11,09:30,7.0000000000,2016-02-11,16:00,7.0000000000,session_close,0.1666666667,6.0000000000,7.0000000000,0.0000000000,-0.0040000000,0.0000000000,-0.0063013104,0.0063013104,1.5753276092,1.5753276092,1.0000000000,1123.3500000000,,,IS
SMTI,short,2016-02-17,09:30,7.0000000000,2016-02-17,16:00,7.0000000000,session_close,0.1864406780,5.9000000000,7.0000000000,0.0000000000,-0.0040000000,0.0000000000,-0.0062761052,0.0062761052,1.5690262987,1.5690262987,1.0000000000,1123.3500000000,,,IS
IMMR,short,2016-02-26,09:30,8.5000000000,2016-02-26,16:00,9.0300000000,session_close,0.0953608247,7.7600000000,8.2100000000,-0.0623529412,-0.0664776471,-0.0974420709,-0.1038879558,0.0064458849,1.5627501935,1.5627501935,1.0000000000,1658688.0000000000,,,IS
VFF,short,2016-03-01,09:30,0.6850000000,2016-03-01,16:00,0.6840000000,session_close,0.0644910645,0.6435000000,0.6840000000,0.0014598540,-0.0025372263,0.0021297259,-0.0037014636,0.0058311895,1.4588622377,1.4588622377,1.0000000000,,,,IS
III,short,2016-03-10,09:30,3.5100000000,2016-03-10,16:00,3.6700000000,session_close,0.0604229607,3.3100000000,3.5100000000,-0.0455840456,-0.0496752137,-0.0663321151,-0.0722854224,0.0059533073,1.4551607741,1.4551607741,1.0000000000,59808.0000000000,,,IS
SMTI,short,2016-03-29,09:30,7.5000000000,2016-03-29,16:00,7.5000000000,session_close,0.0775862069,6.9600000000,7.0000000000,0.0000000000,-0.0040000000,0.0000000000,-0.0055315014,0.0055315014,1.3828753517,1.3828753517,1.0000000000,701.7500000000,,,IS
SMTI,short,2016-04-14,09:30,7.5000000000,2016-04-14,16:00,7.5000000000,session_close,0.0714285714,7.0000000000,7.5000000000,0.0000000000,-0.0040000000,0.0000000000,-0.0055093754,0.0055093754,1.3773438503,1.3773438503,1.0000000000,1967.0000000000,,,IS
SMTI,short,2016-04-25,09:30,6.9900000000,2016-04-25,16:00,6.8000000000,session_close,0.0753846154,6.5000000000,6.6600000000,0.0271816881,0.0232360515,0.0372887769,0.0318760165,0.0054127603,1.3718344749,1.3718344749,1.0000000000,2071.0000000000,,,IS
ACCO,short,2016-04-27,09:30,9.7500000000,2016-04-27,16:00,9.7800000000,session_close,0.0955056180,8.9000000000,9.3600000000,-0.0030769231,-0.0070830769,-0.0043191092,-0.0099425894,0.0056234802,1.4037104914,1.4037104914,1.0000000000,4317390.0000000000,,,IS
BGS,short,2016-04-29,09:30,37.3100000000,2016-04-29,16:00,41.2100000000,session_close,0.1150627615,33.4600000000,37.0100000000,-0.1045296167,-0.1087386760,-0.0485633415,-0.0505188254,0.0019554839,1.3937679020,0.4645893007,0.3333333333,22192797.9999999963,,,IS
CLW,short,2016-04-29,09:30,58.3000000000,2016-04-29,16:00,59.7400000000,session_close,0.0989632422,53.0500000000,57.9900000000,-0.0246998285,-0.0287492281,-0.0114752760,-0.0133565838,0.0018813078,1.3937679020,0.4645893007,0.3333333333,4105691.0000000000,,,IS
DSX,short,2016-04-29,09:30,3.6400000000,2016-04-29,16:00,3.4600000000,session_close,0.0643274854,3.4200000000,3.3700000000,0.0494505495,0.0455494505,0.0229741962,0.0211617874,0.0018124088,1.3937679020,0.4645893007,0.3333333333,2116800.0000000000,,,IS
HDSN,short,2016-05-05,09:30,3.9300000000,2016-05-05,16:00,3.6100000000,session_close,0.0856353591,3.6200000000,3.6100000000,0.0814249364,0.0775877863,0.1100095088,0.1048253107,0.0051841981,1.3510542802,1.3510542802,1.0000000000,93450.0000000000,,,IS
SMTI,short,2016-05-06,09:30,5.9300000000,2016-05-06,16:00,6.0300000000,session_close,0.1295238095,5.2500000000,5.7000000000,-0.0168634064,-0.0208971332,-0.0245510892,-0.0304237098,0.0058726205,1.4558795909,1.4558795909,1.0000000000,2505.9000000000,,,IS
SMTI,short,2016-05-19,09:30,5.0000000000,2016-05-19,16:00,4.9900000000,session_close,0.0638297872,4.7000000000,3.1000000000,0.0020000000,-0.0019960000,0.0028509118,-0.0028452099,0.0056961217,1.4254558812,1.4254558812,1.0000000000,863.1750000000,,,IS
SMTI,short,2016-05-23,09:30,5.4800000000,2016-05-23,16:00,5.4800000000,session_close,0.0538461538,5.2000000000,5.4800000000,0.0000000000,-0.0040000000,0.0000000000,-0.0056904427,0.0056904427,1.4226106712,1.4226106712,1.0000000000,2575.8000000000,,,IS
SMTI,short,2016-05-26,09:30,5.6700000000,2016-05-26,16:00,5.6700000000,session_close,0.0903846154,5.2000000000,5.6700000000,0.0000000000,-0.0040000000,0.0000000000,-0.0056676809,0.0056676809,1.4169202285,1.4169202285,1.0000000000,934.6500000000,,,IS
SMTI,short,2016-06-09,09:30,6.1000000000,2016-06-09,16:00,6.1000000000,session_close,0.2200000000,5.0000000000,6.1000000000,0.0000000000,-0.0040000000,0.0000000000,-0.0056450102,0.0056450102,1.4112525476,1.4112525476,1.0000000000,657.6000000000,,,IS
AUDC,short,2016-06-16,09:30,4.0800000000,2016-06-16,16:00,4.1500000000,session_close,0.0652741514,3.8300000000,4.0400000000,-0.0171568627,-0.0211911765,-0.0241158156,-0.0297864774,0.0056706618,1.4056075374,1.4056075374,1.0000000000,205005.0000000000,,,IS
SMTI,short,2016-06-29,09:30,6.9500000000,2016-06-29,16:00,6.9500000000,session_close,0.2636363636,5.5000000000,6.9500000000,0.0000000000,-0.0040000000,0.0000000000,-0.0055032842,0.0055032842,1.3758210601,1.3758210601,1.0000000000,,,,IS
SMTI,short,2016-07-06,09:30,6.9500000000,2016-07-06,16:00,4.9900000000,session_close,0.3900000000,5.0000000000,4.9900000000,0.2820143885,0.2785784173,0.3864493296,0.3817409571,0.0047083724,1.3703177758,1.3703177758,1.0000000000,,,,IS
SMTI,short,2016-07-07,09:30,5.8800000000,2016-07-07,16:00,5.1500000000,session_close,0.1783567134,4.9900000000,5.1000000000,0.1241496599,0.1203979592,0.2175174958,0.2109442958,0.0065731999,1.7520587330,1.7520587330,1.0000000000,,,,IS
HDSN,short,2016-07-08,09:30,3.6300000000,2016-07-08,16:00,3.4700000000,session_close,0.0521739130,3.4500000000,3.4400000000,0.0440771350,0.0401652893,0.0432617747,0.0394222922,0.0038394825,1.9630030288,0.9815015144,0.5000000000,181300.0000000000,,,IS
SMTI,short,2016-07-08,09:30,7.0000000000,2016-07-08,16:00,7.0000000000,session_close,0.3592233010,5.1500000000,7.0000000000,0.0000000000,-0.0040000000,0.0000000000,-0.0039260061,0.0039260061,1.9630030288,0.9815015144,0.5000000000,580.0000000000,,,IS
SMTI,short,2016-07-12,09:30,7.0000000000,2016-07-12,16:00,7.0000000000,session_close,0.3725490196,5.1000000000,7.0000000000,0.0000000000,-0.0040000000,0.0000000000,-0.0079939973,0.0079939973,1.9984993149,1.9984993149,1.0000000000,580.0000000000,,,IS
HDSN,short,2016-07-19,09:30,5.3500000000,2016-07-19,16:00,5.0500000000,session_close,0.4116094987,3.7900000000,4.8600000000,0.0560747664,0.0521869159,0.1116171206,0.1038783336,0.0077387870,1.9905053177,1.9905053177,1.0000000000,279125.0000000000,,,IS
BGS,short,2016-07-29,09:30,49.1100000000,2016-07-29,16:00,51.5900000000,session_close,0.0725049137,45.7900000000,49.1100000000,-0.0504988801,-0.0545998778,-0.1057640288,-0.1143530915,0.0085890627,2.0943836513,2.0943836513,1.0000000000,21054021.0000000000,,,IS
SMTI,short,2016-08-05,09:30,5.8600000000,2016-08-05,16:00,5.0000000000,session_close,0.1490196078,5.1000000000,5.0000000000,0.1467576792,0.1430511945,0.2905846897,0.2832457368,0.0073389529,1.9800305598,1.9800305598,1.0000000000,666.0000000000,,,IS
III,short,2016-08-08,09:30,3.8000000000,2016-08-08,16:00,3.7900000000,session_close,0.0857142857,3.5000000000,3.4800000000,0.0026315789,-0.0013631579,0.0029779951,-0.0015426015,0.0045205966,2.2632762966,1.1316381483,0.5000000000,165064.0000000000,,,IS
SMTI,short,2016-08-08,09:30,5.9000000000,2016-08-08,16:00,4.9000000000,session_close,0.1800000000,5.0000000000,4.9000000000,0.1694915254,0.1658305085,0.1918030760,0.1876601295,0.0041429464,2.2632762966,1.1316381483,0.5000000000,666.0000000000,,,IS
SMTI,short,2016-08-11,09:30,6.9000000000,2016-08-11,16:00,5.5000000000,session_close,0.5333333333,4.5000000000,5.5000000000,0.2028985507,0.1993043478,0.4969784572,0.4881748388,0.0088036184,2.4493938247,2.4493938247,1.0000000000,666.0000000000,,,IS
SMTI,short,2016-08-12,09:30,6.0000000000,2016-08-12,16:00,5.7000000000,session_close,0.0909090909,5.5000000000,4.6800000000,0.0500000000,0.0461000000,0.1468784332,0.1354219154,0.0114565178,2.9375686635,2.9375686635,1.0000000000,450.0000000000,,,IS
SMTI,short,2016-08-18,09:30,6.8000000000,2016-08-18,16:00,5.1000000000,session_close,0.3333333333,5.1000000000,5.1000000000,0.2500000000,0.2465000000,0.7682476447,0.7574921777,0.0107554670,3.0729905788,3.0729905788,1.0000000000,450.0000000000,,,IS
OSUR,short,2016-08-24,09:30,7.4800000000,2016-08-24,16:00,7.7400000000,session_close,0.0685714286,7.0000000000,7.4200000000,-0.0347593583,-0.0388288770,-0.1331451226,-0.1487333438,0.0155882213,3.8304827565,3.8304827565,1.0000000000,3550518.0000000000,,,IS
VFF,short,2016-08-30,09:30,1.0200000000,2016-08-30,16:00,1.0200000000,session_close,0.0736842105,0.9500000000,1.0200000000,0.0000000000,-0.0040000000,0.0000000000,-0.0147269977,0.0147269977,3.6817494127,3.6817494127,1.0000000000,,,,IS
SMTI,short,2016-09-14,09:30,4.5000000000,2016-09-14,16:00,4.5000000000,session_close,0.0714285714,4.2000000000,4.5000000000,0.0000000000,-0.0040000000,0.0000000000,-0.0146680897,0.0146680897,3.6670224151,3.6670224151,1.0000000000,,,,IS
FNWD,short,2016-09-20,09:30,33.0000000000,2016-09-20,16:00,31.7500000000,session_close,0.0819672131,30.5000000000,31.7500000000,0.0378787879,0.0339545455,0.1383467547,0.1240140310,0.0143327238,3.6523543254,3.6523543254,1.0000000000,,,,IS
SMTI,short,2016-10-06,09:30,4.9900000000,2016-10-06,16:00,4.9900000000,session_close,0.3861111111,3.6000000000,4.9900000000,0.0000000000,-0.0040000000,0.0000000000,-0.0075527367,0.0075527367,3.7763683563,1.8881841782,0.5000000000,,,,IS
ZUMZ,short,2016-10-06,09:30,20.8800000000,2016-10-06,16:00,21.1500000000,session_close,0.1428571429,18.2700000000,20.3000000000,-0.0129310345,-0.0169568966,-0.0244161747,-0.0320177438,0.0076015691,3.7763683563,1.8881841782,0.5000000000,6242530.0000000009,,,IS
ACCO,short,2016-10-24,09:30,9.9000000000,2016-10-24,16:00,10.9500000000,session_close,0.0867178924,9.1100000000,9.9000000000,-0.1060606061,-0.1102727273,-0.3963270474,-0.4120668930,0.0157398456,3.7367978759,3.7367978759,1.0000000000,4056682.9999999995,,,IS
BOOM,short,2016-10-31,09:30,10.6000000000,2016-10-31,16:00,10.8500000000,session_close,0.0536779324,10.0600000000,10.2000000000,-0.0235849057,-0.0276320755,-0.0784134666,-0.0918692174,0.0134557509,3.3247309828,3.3247309828,1.0000000000,480390.0000000001,,,IS
HDSN,short,2016-11-03,09:30,6.3000000000,2016-11-03,16:00,6.4300000000,session_close,0.1091549296,5.6800000000,6.1500000000,-0.0206349206,-0.0246761905,-0.0222366153,-0.0265915709,0.0043549556,3.2328617654,1.0776205885,0.3333333333,1665733.9999999998,,,IS
OSUR,short,2016-11-03,09:30,8.0000000000,2016-11-03,16:00,7.3100000000,session_close,0.0943912449,7.3100000000,7.2100000000,0.0862500000,0.0824225000,0.0929447758,0.0888201830,0.0041245928,3.2328617654,1.0776205885,0.3333333333,2709000.0000000000,,,IS
ZUMZ,short,2016-11-03,09:30,23.9500000000,2016-11-03,16:00,23.2000000000,session_close,0.0550660793,22.7000000000,23.1000000000,0.0313152401,0.0273778706,0.0337459474,0.0295029570,0.0042429905,3.2328617654,1.0776205885,0.3333333333,8305180.0000000009,,,IS
CYH,short,2016-11-14,09:30,5.3900000000,2016-11-14,16:00,5.3300000000,session_close,0.1067761807,4.8700000000,4.9200000000,0.0111317254,0.0071539889,0.0370084601,0.0237841037,0.0132243564,3.3245933344,3.3245933344,1.0000000000,35713392.0000000000,,,IS
DSX,short,2016-11-15,09:30,3.7600000000,2016-11-15,16:00,4.1100000000,session_close,0.0532212885,3.5700000000,3.6300000000,-0.0930851064,-0.0972712766,-0.3116840700,-0.3257009479,0.0140168779,3.3483774381,3.3483774381,1.0000000000,768812.9999999999,,,IS
DSX,short,2016-11-16,09:30,4.5400000000,2016-11-16,16:00,4.0000000000,session_close,0.1046228710,4.1100000000,3.9300000000,0.1189427313,0.1151806167,0.1797626988,0.1740768712,0.0056858276,3.0226764902,1.5113382451,0.5000000000,801606.0000000000,,,IS
SMTI,short,2016-11-16,09:30,4.6500000000,2016-11-16,16:00,4.9700000000,session_close,0.1625000000,4.0000000000,4.6500000000,-0.0688172043,-0.0729548387,-0.1040060728,-0.1102594379,0.0062533651,3.0226764902,1.5113382451,0.5000000000,,,,IS
DSX,short,2016-11-17,09:30,4.2400000000,2016-11-17,16:00,3.4000000000,session_close,0.0600000000,4.0000000000,3.3400000000,0.1981132075,0.1945094340,0.6114752113,0.6003521860,0.0111230253,3.0864939235,3.0864939235,1.0000000000,883452.0000000001,,,IS
VFF,short,2016-11-23,09:30,1.0562000000,2016-11-23,16:00,1.0562000000,session_close,0.1071278826,0.9540000000,1.0562000000,0.0000000000,-0.0040000000,0.0000000000,-0.0147473844,0.0147473844,3.6868461094,3.6868461094,1.0000000000,,,,IS
III,short,2016-12-02,09:30,3.7000000000,2016-12-02,16:00,3.8000000000,session_close,0.0818713450,3.4200000000,3.4700000000,-0.0270270270,-0.0310810811,-0.0992459115,-0.1141327982,0.0148868867,3.6720987250,3.6720987250,1.0000000000,221040.0000000000,,,IS
SMTI,short,2016-12-09,09:30,5.0000000000,2016-12-09,16:00,5.0000000000,session_close,0.0638297872,4.7000000000,5.0000000000,0.0000000000,-0.0040000000,0.0000000000,-0.0142318637,0.0142318637,3.5579659268,3.5579659268,1.0000000000,539.5000000000,,,IS
SMTI,short,2016-12-13,09:30,5.3500000000,2016-12-13,16:00,5.3500000000,session_close,0.1758241758,4.5500000000,5.3500000000,0.0000000000,-0.0040000000,0.0000000000,-0.0141749363,0.0141749363,3.5437340631,3.5437340631,1.0000000000,495.0000000000,,,IS
DSX,short,2016-12-21,09:30,3.3200000000,2016-12-21,16:00,3.3300000000,session_close,0.0709677419,3.1000000000,3.1000000000,-0.0030120482,-0.0070180723,-0.0106312022,-0.0247707011,0.0141394989,3.5295591268,3.5295591268,1.0000000000,1802055.0000000000,,,IS
FNWD,short,2016-12-27,09:30,39.8700000000,2016-12-27,16:00,39.8700000000,session_close,0.0848979592,36.7500000000,39.8700000000,0.0000000000,-0.0040000000,0.0000000000,-0.0140191537,0.0140191537,3.5047884257,3.5047884257,1.0000000000,20310.0000000000,,,IS
SMTI,short,2016-12-30,09:30,4.1000000000,2016-12-30,16:00,3.7900000000,session_close,0.1021505376,3.7200000000,3.5400000000,0.0756097561,0.0717609756,0.2639362133,0.2505010086,0.0134352047,3.4907692720,3.4907692720,1.0000000000,864.0000000000,,,IS
SMTI,short,2017-01-06,09:30,4.0000000000,2017-01-06,16:00,4.0000000000,session_close,0.0526315789,3.8000000000,4.0000000000,0.0000000000,-0.0040000000,0.0000000000,-0.0149650811,0.0149650811,3.7412702806,3.7412702806,1.0000000000,908.2500000000,,,IS
SMTI,short,2017-01-09,09:30,4.4100000000,2017-01-09,16:00,4.4000000000,session_close,0.1025000000,4.0000000000,4.4000000000,0.0022675737,-0.0017278912,0.0084496717,-0.0064386498,0.0148883215,3.7263051995,3.7263051995,1.0000000000,757.5000000000,,,IS
IMMR,short,2017-01-13,09:30,10.7700000000,2017-01-13,16:00,10.7000000000,session_close,0.0517578125,10.2400000000,10.6000000000,0.0064995357,0.0025125348,0.0241774056,0.0093462942,0.0148311114,3.7198665497,3.7198665497,1.0000000000,2532962.0000000000,,,IS
SMTI,short,2017-01-19,09:30,5.3700000000,2017-01-19,16:00,5.2000000000,session_close,0.2488372093,4.3000000000,5.0000000000,0.0316573557,0.0277206704,0.1180570174,0.1033762801,0.0146807373,3.7292128439,3.7292128439,1.0000000000,864.0000000000,,,IS
AUDC,short,2017-01-31,09:30,6.7700000000,2017-01-31,16:00,6.6000000000,session_close,0.0594679186,6.3900000000,6.3900000000,0.0251107829,0.0211610044,0.0962393133,0.0811014354,0.0151378779,3.8325891240,3.8325891240,1.0000000000,638435.0000000000,,,IS
SMTI,short,2017-02-06,09:30,6.5000000000,2017-02-06,16:00,6.5000000000,session_close,0.1187607573,5.8100000000,6.5000000000,0.0000000000,-0.0040000000,0.0000000000,-0.0156547622,0.0156547622,3.9136905594,3.9136905594,1.0000000000,3296.8000000000,,,IS
OSUR,short,2017-02-09,09:30,10.0600000000,2017-02-09,16:00,10.4900000000,session_close,0.1367231638,8.8500000000,9.9200000000,-0.0427435388,-0.0468290258,-0.1666158442,-0.1825412191,0.0159253749,3.8980357972,3.8980357972,1.0000000000,2533739.0000000005,,,IS
NAGE,short,2017-02-14,09:30,2.9000000000,2017-02-14,16:00,2.9100000000,session_close,0.0701107011,2.7100000000,2.8600000000,-0.0034482759,-0.0074551724,-0.0128120503,-0.0276996527,0.0148876024,3.7154945781,3.7154945781,1.0000000000,232056.0000000000,,,IS
SMTI,short,2017-02-15,09:30,6.5000000000,2017-02-15,16:00,6.5000000000,session_close,0.0815307820,6.0100000000,6.5000000000,0.0000000000,-0.0040000000,0.0000000000,-0.0147511797,0.0147511797,3.6877949254,3.6877949254,1.0000000000,2827.8300000000,,,IS
SMTI,short,2017-02-16,09:30,6.9000000000,2017-02-16,16:00,6.2000000000,session_close,0.0615384615,6.5000000000,6.2000000000,0.1014492754,0.0976521739,0.3726276264,0.3586807066,0.0139469197,3.6730437457,3.6730437457,1.0000000000,3435.9000000000,,,IS
CYH,short,2017-02-21,09:30,8.5500000000,2017-02-21,16:00,9.2300000000,session_close,0.2391304348,6.9000000000,8.5500000000,-0.0795321637,-0.0836912281,-0.3206517693,-0.3374199707,0.0167682013,4.0317244524,4.0317244524,1.0000000000,18115840.0000000000,,,IS
LMNR,short,2017-03-14,09:30,19.5000000000,2017-03-14,16:00,18.8700000000,session_close,0.1054421769,17.6400000000,18.0000000000,0.0323076923,0.0283723077,0.0596772262,0.0524079717,0.0072692545,3.6943044817,1.8471522408,0.5000000000,590072.0000000000,,,IS
VFF,short,2017-03-14,09:30,1.2945000000,2017-03-14,16:00,1.2000000000,session_close,0.0787500000,1.2000000000,1.2000000000,0.0730011587,0.0691471611,0.1348442540,0.1277253335,0.0071189205,3.6943044817,1.8471522408,0.5000000000,20417.4800000000,,,IS
VFF,short,2017-03-15,09:30,1.2968000000,2017-03-15,16:00,1.3017000000,session_close,0.0806666667,1.2000000000,1.2690000000,-0.0037785318,-0.0077860888,-0.0146396863,-0.0301667168,0.0155270305,3.8744377869,3.8744377869,1.0000000000,20417.4800000000,,,IS
OSUR,short,2017-03-21,09:30,11.7600000000,2017-03-21,16:00,11.8000000000,session_close,0.0798898072,10.8900000000,11.6100000000,-0.0034013605,-0.0074081633,-0.0130757519,-0.0284789877,0.0154032358,3.8442710702,3.8442710702,1.0000000000,7295718.0000000009,,,IS
DSX,short,2017-04-07,09:30,5.8500000000,2017-04-07,16:00,5.9200000000,session_close,0.1079545455,5.2800000000,5.5400000000,-0.0119658120,-0.0159897436,-0.0456590506,-0.0610135370,0.0153544864,3.8157920824,3.8157920824,1.0000000000,2767310.0000000000,,,IS
SMTI,short,2017-04-18,09:30,9.9000000000,2017-04-18,16:00,9.9000000000,session_close,0.1000000000,9.0000000000,9.9000000000,0.0000000000,-0.0040000000,0.0000000000,-0.0150191142,0.0150191142,3.7547785454,3.7547785454,1.0000000000,1840.4000000000,,,IS
NAGE,short,2017-04-27,09:30,3.0000000000,2017-04-27,16:00,2.9600000000,session_close,0.2000000000,2.5000000000,2.7700000000,0.0133333333,0.0093600000,0.0498634591,0.0350041483,0.0148593108,3.7397594313,3.7397594313,1.0000000000,333074.0000000000,,,IS
STRT,short,2017-04-28,09:30,27.5000000000,2017-04-28,16:00,32.1500000000,session_close,0.1133603239,24.7000000000,27.5000000000,-0.1690909091,-0.1734290909,-0.6382782053,-0.6546538160,0.0163756107,3.7747635795,3.7747635795,1.0000000000,346120.0000000000,,,IS
RM,short,2017-05-03,09:30,20.8000000000,2017-05-03,16:00,20.9500000000,session_close,0.0788381743,19.2800000000,20.5000000000,-0.0072115385,-0.0112259615,-0.0225007916,-0.0350262322,0.0125254406,3.1201097635,3.1201097635,1.0000000000,1479927.0000000000,,,IS
OSUR,short,2017-05-04,09:30,14.2400000000,2017-05-04,16:00,15.6400000000,session_close,0.0779712339,13.2100000000,13.7300000000,-0.0983146067,-0.1025112360,-0.3033087741,-0.3162557258,0.0129469517,3.0850835313,3.0850835313,1.0000000000,9507568.0000000000,,,IS
BGS,short,2017-05-05,09:30,42.9000000000,2017-05-05,16:00,39.9500000000,session_close,0.0738423029,39.9500000000,39.1000000000,0.0687645688,0.0649020979,0.1903972500,0.1797027333,0.0106945167,2.7688278055,2.7688278055,1.0000000000,23384005.0000000000,,,IS
SMTI,short,2017-05-19,09:30,9.3000000000,2017-05-19,16:00,9.3000000000,session_close,0.0941176471,8.5000000000,9.0000000000,0.0000000000,-0.0040000000,0.0000000000,-0.0117941222,0.0117941222,2.9485305388,2.9485305388,1.0000000000,1120.5000000000,,,IS
DSX,short,2017-05-24,09:30,4.3500000000,2017-05-24,16:00,3.9700000000,session_close,0.0875000000,4.0000000000,3.9100000000,0.0873563218,0.0835310345,0.2565424916,0.2453086309,0.0112338607,2.9367364167,2.9367364167,1.0000000000,4640286.0000000000,,,IS
JILL,short,2017-05-31,09:30,54.5759865659,2017-05-31,16:00,53.5264483627,session_close,0.1535048802,47.3131821998,51.9731318220,0.0192307692,0.0152692308,0.0611931740,0.0485873801,0.0126057938,3.1820450476,3.1820450476,1.0000000000,2358713.0000000000,,,IS
VFF,short,2017-06-07,09:30,2.0471000000,2017-06-07,16:00,1.8021000000,session_close,0.4571143854,1.4049000000,1.6810000000,0.1196815007,0.1159208637,0.3866469370,0.3744977012,0.0121492358,3.2306324277,3.2306324277,1.0000000000,,,,IS
VFF,short,2017-06-12,09:30,1.6842000000,2017-06-12,16:00,1.6890000000,session_close,0.0827386692,1.5555000000,1.6842000000,-0.0028500178,-0.0068557178,-0.0102746851,-0.0247157550,0.0144410699,3.6051301289,3.6051301289,1.0000000000,9964.1000000000,,,IS
VFF,short,2017-06-13,09:30,1.8000000000,2017-06-13,16:00,1.6932000000,session_close,0.0657193606,1.6890000000,1.6932000000,0.0593333333,0.0554520000,0.2124379195,0.1985411379,0.0138967817,3.5804143739,3.5804143739,1.0000000000,7502.0500000000,,,IS
SMTI,short,2017-07-12,09:30,7.5000000000,2017-07-12,16:00,7.5000000000,session_close,0.2096774194,6.2000000000,7.0000000000,0.0000000000,-0.0040000000,0.0000000000,-0.0151158220,0.0151158220,3.7789555118,3.7789555118,1.0000000000,257.4000000000,,,IS
OSUR,short,2017-08-03,09:30,18.7300000000,2017-08-03,16:00,20.1500000000,session_close,0.0845396642,17.2700000000,18.4000000000,-0.0758142018,-0.0799658302,-0.2853525018,-0.3009785656,0.0156260638,3.7638396897,3.7638396897,1.0000000000,15789600.0000000000,,,IS
HDSN,short,2017-08-10,09:30,9.8500000000,2017-08-10,16:00,9.2600000000,session_close,0.2374371859,7.9600000000,9.0600000000,0.0598984772,0.0560182741,0.2074201079,0.1939835037,0.0134366043,3.4628611241,3.4628611241,1.0000000000,4750590.0000000000,,,IS
SMTI,short,2017-08-11,09:30,6.0000000000,2017-08-11,16:00,6.0000000000,session_close,0.1428571429,5.2500000000,6.0000000000,0.0000000000,-0.0040000000,0.0000000000,-0.0146273785,0.0146273785,3.6568446278,3.6568446278,1.0000000000,,,,IS
STRT,short,2017-09-01,09:30,33.4000000000,2017-09-01,16:00,37.9000000000,session_close,0.0636942675,31.4000000000,33.4000000000,-0.1347305389,-0.1390000000,-0.4907178929,-0.5062681977,0.0155503048,3.6422172493,3.6422172493,1.0000000000,412970.0000000000,,,IS
ZUMZ,short,2017-09-08,09:30,15.4500000000,2017-09-08,16:00,16.3000000000,session_close,0.1704545455,13.2000000000,15.0000000000,-0.0550161812,-0.0591262136,-0.1725279414,-0.1854167934,0.0128888521,3.1359490516,3.1359490516,1.0000000000,5567900.0000000000,,,IS
VFF,short,2017-09-15,09:30,1.6700000000,2017-09-15,16:00,1.6641000000,session_close,0.0774193548,1.5500000000,1.6175000000,0.0035329341,-0.0004600000,0.0104240361,-0.0013572448,0.0117812810,2.9505322582,2.9505322582,1.0000000000,21750.1800000000,,,IS
NAGE,short,2017-09-26,09:30,4.5600000000,2017-09-26,16:00,4.6500000000,session_close,0.0580046404,4.3100000000,4.3700000000,-0.0197368421,-0.0237763158,-0.0291037008,-0.0350602582,0.0059565574,2.9491750134,1.4745875067,0.5000000000,1302470.0000000000,,,IS
SMTI,short,2017-09-26,09:30,6.9900000000,2017-09-26,16:00,7.0000000000,session_close,0.1274193548,6.2000000000,6.9900000000,-0.0014306152,-0.0054334764,-0.0021095672,-0.0080121364,0.0059025692,2.9491750134,1.4745875067,0.5000000000,,,,IS
ZUMZ,short,2017-10-05,09:30,20.0500000000,2017-10-05,16:00,18.8000000000,session_close,0.0608465608,18.9000000000,18.4500000000,0.0623441397,0.0584688279,0.1811784675,0.1699164140,0.0112620535,2.9061026187,2.9061026187,1.0000000000,9223760.0000000000,,,IS
SMTI,short,2017-10-09,09:30,6.8400000000,2017-10-09,16:00,5.9900000000,session_close,0.0857142857,6.3000000000,5.9900000000,0.1242690058,0.1205175439,0.3822538272,0.3707142587,0.0115395685,3.0760190327,3.0760190327,1.0000000000,,,,IS
VFF,short,2017-10-12,09:30,3.0180000000,2017-10-12,16:00,3.0593000000,session_close,0.0869800108,2.7765000000,2.9282000000,-0.0136845593,-0.0177119284,-0.0471670262,-0.0610482934,0.0138812672,3.4467332914,3.4467332914,1.0000000000,46260.9900000000,,,IS
CLW,short,2017-10-20,09:30,45.9500000000,2017-10-20,16:00,44.7500000000,session_close,0.0599769319,43.3500000000,43.7500000000,0.0261153428,0.0221675734,0.0884183242,0.0750524209,0.0133659033,3.3856849980,3.3856849980,1.0000000000,3485790.0000000000,,,IS
BOOM,short,2017-10-27,09:30,20.9000000000,2017-10-27,16:00,20.8500000000,session_close,0.0801033592,19.3500000000,19.6500000000,0.0023923445,-0.0016028708,0.0082792761,-0.0055471150,0.0138263911,3.4607374189,3.4607374189,1.0000000000,594880.0000000000,,,IS
BGS,short,2017-11-01,09:30,36.3500000000,2017-11-01,16:00,35.8500000000,session_close,0.1430817610,31.8000000000,34.7500000000,0.0137551582,0.0097826685,0.0475266892,0.0338009813,0.0137257078,3.4551903039,3.4551903039,1.0000000000,26238554.9999999963,,,IS
IMMR,short,2017-11-03,09:30,8.0000000000,2017-11-03,16:00,7.5800000000,session_close,0.0943912449,7.3100000000,7.4600000000,0.0525000000,0.0486050000,0.1831720425,0.1695824214,0.0135896211,3.4889912852,3.4889912852,1.0000000000,961039.9999999999,,,IS
SMTI,short,2017-11-06,09:30,6.9000000000,2017-11-06,16:00,6.0000000000,session_close,0.3800000000,5.0000000000,6.0000000000,0.1304347826,0.1266956522,0.4772052661,0.4635253818,0.0136798843,3.6585737066,3.6585737066,1.0000000000,,,,IS
STRT,short,2017-11-16,09:30,47.5100000000,2017-11-16,16:00,45.5000000000,session_close,0.0616759777,44.7500000000,44.6900000000,0.0423068828,0.0383914965,0.1743931629,0.1582535528,0.0161396100,4.1220990884,4.1220990884,1.0000000000,1072890.0000000000,,,IS
AUDC,short,2017-11-20,09:30,7.0100000000,2017-11-20,16:00,6.7000000000,session_close,0.0557228916,6.6400000000,6.5100000000,0.0442225392,0.0403109843,0.1892880626,0.1725452282,0.0167428344,4.2803526413,4.2803526413,1.0000000000,865950.0000000000,,,IS
SMTI,short,2017-11-24,09:30,6.5000000000,2017-11-24,16:00,6.5000000000,session_close,0.0924369748,5.9500000000,6.5000000000,0.0000000000,-0.0040000000,0.0000000000,-0.0089057957,0.0089057957,4.4528978694,2.2264489347,0.5000000000,,,,IS
VFF,short,2017-11-24,09:30,5.0600000000,2017-11-24,16:00,4.6494000000,session_close,0.1299182707,4.4782000000,4.6000000000,0.0811462451,0.0773085375,0.1806679709,0.1721235111,0.0085444598,4.4528978694,2.2264489347,0.5000000000,42418.0000000000,,,IS
JILL,short,2017-12-05,09:30,29.5549958018,2017-12-05,16:00,28.9252728799,session_close,0.0914728682,27.0780856423,27.7078085642,0.0213068182,0.0173494318,0.0983547355,0.0800869826,0.0182677529,4.6161155848,4.6161155848,1.0000000000,1897798.0000000000,,,IS
SMTI,short,2017-12-06,09:30,6.2500000000,2017-12-06,16:00,6.2500000000,session_close,0.3528138528,4.6200000000,6.2500000000,0.0000000000,-0.0040000000,0.0000000000,-0.0187848103,0.0187848103,4.6962025674,4.6962025674,1.0000000000,313.7500000000,,,IS
NAGE,short,2017-12-08,09:30,6.7700000000,2017-12-08,16:00,6.9200000000,session_close,0.0832000000,6.2500000000,6.5500000000,-0.0221565731,-0.0262008863,-0.1036355485,-0.1225524907,0.0189169421,4.6774177571,4.6774177571,1.0000000000,3369360.0000000000,,,IS
CHCT,short,2017-12-19,09:30,30.0500000000,2017-12-19,16:00,28.7800000000,session_close,0.0724482512,28.0200000000,28.7600000000,0.0422628952,0.0383474210,0.0962508966,0.0873336679,0.0089172287,4.5548652664,2.2774326332,0.5000000000,3385116.0000000000,,,IS
SMTI,short,2017-12-19,09:30,6.0000000000,2017-12-19,16:00,5.1000000000,session_close,0.0909090909,5.5000000000,5.1000000000,0.1500000000,0.1463000000,0.3416148950,0.3331883942,0.0084265007,4.5548652664,2.2774326332,0.5000000000,143.2200000000,,,IS
ZUMZ,short,2018-01-04,09:30,24.1000000000,2018-01-04,16:00,22.9500000000,session_close,0.1756097561,20.5000000000,22.3500000000,0.0477178423,0.0438132780,0.2374147480,0.2179880282,0.0194267198,4.9753873286,4.9753873286,1.0000000000,7473400.0000000000,,,IS
SMTI,short,2018-01-05,09:30,11.0000000000,2018-01-05,16:00,10.9900000000,session_close,0.1000000000,10.0000000000,10.0000000000,0.0009090909,-0.0030890909,0.0047212503,-0.0160428086,0.0207640589,5.1933753568,5.1933753568,1.0000000000,1140.0000000000,,,IS
DSX,short,2018-01-09,09:30,4.5000000000,2018-01-09,16:00,4.5000000000,session_close,0.0514018692,4.2800000000,4.4700000000,0.0000000000,-0.0040000000,0.0000000000,-0.0207093302,0.0207093302,5.1773325482,5.1773325482,1.0000000000,1622880.0000000000,,,IS
VFF,short,2018-01-10,09:30,7.5497000000,2018-01-10,16:00,7.2090000000,session_close,0.0562123141,7.1479000000,7.1956000000,0.0451276210,0.0412178762,0.2327061380,0.2125450574,0.0201610806,5.1566232180,5.1566232180,1.0000000000,405260.3000000000,,,IS
IMMR,short,2018-01-16,09:30,7.7500000000,2018-01-16,16:00,7.4400000000,session_close,0.0915492958,7.1000000000,7.4000000000,0.0400000000,0.0360800000,0.1073833655,0.0968597957,0.0105235698,5.3691682755,2.6845841377,0.5000000000,3053240.0000000000,,,IS
VFF,short,2018-01-16,09:30,6.3820000000,2018-01-16,16:00,6.1903000000,session_close,0.1075054230,5.7625000000,5.9657000000,0.0300376058,0.0260976810,0.0806384800,0.0700614204,0.0105770596,5.3691682755,2.6845841377,0.5000000000,833725.4400000001,,,IS
SMTI,short,2018-01-18,09:30,8.0000000000,2018-01-18,16:00,8.4400000000,session_close,0.1034482759,7.2500000000,7.5300000000,-0.0550000000,-0.0591100000,-0.3044849220,-0.3272382498,0.0227533278,5.5360894915,5.5360894915,1.0000000000,17681.4000000000,,,IS
SMTI,short,2018-01-22,09:30,8.4300000000,2018-01-22,16:00,7.6000000000,session_close,0.0563909774,7.9800000000,6.7000000000,0.0984578885,0.0946548043,0.5128524947,0.4930427948,0.0198097000,5.2088512417,5.2088512417,1.0000000000,17910.0000000000,,,IS
IMMR,short,2018-01-29,09:30,10.9400000000,2018-01-29,16:00,10.0000000000,session_close,0.4904632153,7.3400000000,9.9200000000,0.0859232176,0.0820950640,0.4899250817,0.4680973558,0.0218277260,5.7018940364,5.7018940364,1.0000000000,2588247.0000000000,,,IS
IMMR,short,2018-01-31,09:30,11.3100000000,2018-01-31,16:00,10.3800000000,session_close,0.0530726257,10.7400000000,10.3150000000,0.0822281167,0.0783925729,0.5073467723,0.4836815003,0.0236652720,6.1699913922,6.1699913922,1.0000000000,2788544.0000000000,,,IS
NAGE,short,2018-02-08,09:30,5.0800000000,2018-02-08,16:00,5.3100000000,session_close,0.0539419087,4.8200000000,4.8600000000,-0.0452755906,-0.0493661417,-0.1506244848,-0.1642330795,0.0136085948,6.6536728925,3.3268364462,0.5000000000,2167976.0000000000,,,IS
SMTI,short,2018-02-08,09:30,6.8500000000,2018-02-08,16:00,5.9000000000,session_close,0.0753532182,6.3700000000,5.5100000000,0.1386861314,0.1349635036,0.4613860765,0.4490015029,0.0123845736,6.6536728925,3.3268364462,0.5000000000,17452.8000000000,,,IS
ACCO,short,2018-02-14,09:30,12.8500000000,2018-02-14,16:00,12.9500000000,session_close,0.1524663677,11.1500000000,12.7500000000,-0.0077821012,-0.0117976654,-0.0539956523,-0.0818574088,0.0278617566,6.9384413158,6.9384413158,1.0000000000,5248125.0000000000,,,IS
SMTI,short,2018-02-20,09:30,6.7700000000,2018-02-20,16:00,6.8000000000,session_close,0.1283333333,6.0000000000,6.0000000000,-0.0044313146,-0.0084401773,-0.0303836805,-0.0578707835,0.0274871030,6.8565839070,6.8565839070,1.0000000000,12155.5200000000,,,IS
SMTI,short,2018-02-21,09:30,8.4400000000,2018-02-21,16:00,7.0100000000,session_close,0.2411764706,6.8000000000,6.4600000000,0.1694312796,0.1657701422,1.1519146643,1.1270236411,0.0248910232,6.7987131234,6.7987131234,1.0000000000,12155.5200000000,,,IS
IMMR,short,2018-02-23,09:30,11.6600000000,2018-02-23,16:00,11.3500000000,session_close,0.1125954198,10.4800000000,11.2800000000,0.0265866209,0.0226397942,0.2107185589,0.1794370490,0.0312815099,7.9257367646,7.9257367646,1.0000000000,7334640.0000000000,,,IS
SMTI,short,2018-02-26,09:30,7.0000000000,2018-02-26,16:00,6.7100000000,session_close,0.0920436817,6.4100000000,6.1000000000,0.0414285714,0.0375114286,0.3357857723,0.3040366486,0.0317491237,8.1051738135,8.1051738135,1.0000000000,11980.0900000000,,,IS
VFF,short,2018-03-23,09:30,4.8250000000,2018-03-23,16:00,4.6948000000,session_close,0.0761201686,4.4837000000,4.6400000000,0.0269844560,0.0230384249,0.2269179694,0.1937349635,0.0331830059,8.4092104621,8.4092104621,1.0000000000,426790.7300000000,,,IS
SMTI,short,2018-04-05,09:30,5.6900000000,2018-04-05,16:00,4.9200000000,session_close,0.0963391137,5.1900000000,4.7700000000,0.1353251318,0.1315957821,1.1641947237,1.1321113314,0.0320833923,8.6029454256,8.6029454256,1.0000000000,4152.4500000000,,,IS
SMTI,short,2018-04-11,09:30,5.6900000000,2018-04-11,16:00,5.6900000000,session_close,0.0942307692,5.2000000000,5.1000000000,0.0000000000,-0.0040000000,0.0000000000,-0.0389402270,0.0389402270,9.7350567570,9.7350567570,1.0000000000,4152.4500000000,,,IS
SMTI,short,2018-04-16,09:30,5.1500000000,2018-04-16,16:00,5.1500000000,session_close,0.0819327731,4.7600000000,4.7500000000,0.0000000000,-0.0040000000,0.0000000000,-0.0387844661,0.0387844661,9.6961165300,9.6961165300,1.0000000000,1947.0400000000,,,IS
JILL,short,2018-04-17,09:30,21.7044500420,2018-04-17,16:00,22.3341729639,session_close,0.0551020408,20.5709487825,21.6204869857,-0.0290135397,-0.0330715667,-0.1400966934,-0.1596915509,0.0195948575,9.6573320638,4.8286660319,0.5000000000,3412800.0000000005,,,IS
STRT,short,2018-04-17,09:30,35.4500000000,2018-04-17,16:00,35.2500000000,session_close,0.0613772455,33.4000000000,33.5500000000,0.0056417489,0.0016530324,0.0272421215,0.0079819416,0.0192601799,9.6573320638,4.8286660319,0.5000000000,237261.7500000000,,,IS
SMTI,short,2018-04-20,09:30,5.0000000000,2018-04-20,16:00,5.4000000000,session_close,0.0822510823,4.6200000000,4.7100000000,-0.0800000000,-0.0841600000,-0.7604497964,-0.7999931858,0.0395433894,9.5056224545,9.5056224545,1.0000000000,2441.0100000000,,,IS
AUDC,short,2018-04-24,09:30,7.2900000000,2018-04-24,16:00,7.1400000000,session_close,0.0816023739,6.7400000000,6.8200000000,0.0205761317,0.0166172840,0.1791281743,0.1446639135,0.0344642607,8.7056292688,8.7056292688,1.0000000000,225225.0000000000,,,IS
BOOM,short,2018-04-27,09:30,37.2000000000,2018-04-27,16:00,39.3500000000,session_close,0.1753554502,31.6500000000,35.9500000000,-0.0577956989,-0.0619112903,-0.5115088802,-0.5479330706,0.0364241905,8.8502931823,8.8502931823,1.0000000000,2557440.0000000000,,,IS
CYH,short,2018-05-02,09:30,4.3100000000,2018-05-02,16:00,5.0900000000,session_close,0.0856423174,3.9700000000,4.2900000000,-0.1809744780,-0.1853364269,-1.5025152870,-1.5387297580,0.0362144710,8.3023601116,8.3023601116,1.0000000000,6583427.9999999991,,,IS
BGS,short,2018-05-04,09:30,24.4500000000,2018-05-04,16:00,24.9500000000,session_close,0.0842572062,22.5500000000,23.9000000000,-0.0204498978,-0.0244907975,-0.1383155492,-0.1656467017,0.0273311525,6.7636303536,6.7636303536,1.0000000000,23846550.0000000000,,,IS
SMTI,short,2018-05-09,09:30,5.6200000000,2018-05-09,16:00,5.5000000000,session_close,0.0603773585,5.3000000000,5.1000000000,0.0213523132,0.0173950178,0.1408822132,0.1147720430,0.0261101702,6.5979836519,6.5979836519,1.0000000000,8089.2000000000,,,IS
IMMR,short,2018-05-11,09:30,13.0000000000,2018-05-11,16:00,12.5100000000,session_close,0.1226252159,11.5800000000,11.9400000000,0.0376923077,0.0337676923,0.2530192531,0.2266742688,0.0263449843,6.7127556949,6.7127556949,1.0000000000,3000264.0000000000,,,IS
VFF,short,2018-05-14,09:30,4.6306000000,2018-05-14,16:00,4.8300000000,session_close,0.0669585253,4.3400000000,4.4909000000,-0.0430613743,-0.0471474971,-0.2988213913,-0.3271767540,0.0283553626,6.9394299638,6.9394299638,1.0000000000,148830.0000000000,,,IS
NAGE,short,2018-05-17,09:30,3.7600000000,2018-05-17,16:00,3.7200000000,session_close,0.0712250712,3.5100000000,3.5200000000,0.0106382979,0.0066595745,0.0703431193,0.0440347927,0.0263083266,6.6122532098,6.6122532098,1.0000000000,744016.0000000000,,,IS
SMTI,short,2018-05-18,09:30,5.9400000000,2018-05-18,16:00,5.6000000000,session_close,0.1000000000,5.4000000000,5.4400000000,0.0572390572,0.0533535354,0.3809996500,0.3551364973,0.0258631527,6.6562880025,6.6562880025,1.0000000000,8089.2000000000,,,IS
JILL,short,2018-05-31,09:30,30.6465155332,2018-05-31,16:00,32.9135180521,session_close,0.1774193548,26.0285474391,30.2267002519,-0.0739726027,-0.0781205479,-0.5186533192,-0.5477363238,0.0290830046,7.0114244997,7.0114244997,1.0000000000,1636307.9999999998,,,IS
SMTI,short,2018-06-05,09:30,7.0000000000,2018-06-05,16:00,6.9700000000,session_close,0.0769230769,6.5000000000,6.5800000000,0.0042857143,0.0002942857,0.0277015208,0.0019021711,0.0257993497,6.4636881759,6.4636881759,1.0000000000,4804.8000000000,,,IS
ZUMZ,short,2018-06-08,09:30,31.0000000000,2018-06-08,16:00,26.8500000000,session_close,0.1481481481,27.0000000000,26.0000000000,0.1338709677,0.1301387097,0.8655548368,0.8414235851,0.0241312517,6.4655903470,6.4655903470,1.0000000000,6926340.0000000000,,,IS
SMTI,short,2018-06-11,09:30,7.4900000000,2018-06-11,16:00,6.6100000000,session_close,0.0700000000,7.0000000000,6.6100000000,0.1174899866,0.1137249666,0.8585009693,0.8309899155,0.0275110538,7.3070139321,7.3070139321,1.0000000000,4804.8000000000,,,IS
SMTI,short,2018-06-12,09:30,7.5000000000,2018-06-12,16:00,7.5000000000,session_close,0.1346444781,6.6100000000,6.6800000000,0.0000000000,-0.0040000000,0.0000000000,-0.0325520154,0.0325520154,8.1380038476,8.1380038476,1.0000000000,4742.5000000000,,,IS
SMTI,short,2018-06-15,09:30,7.5000000000,2018-06-15,16:00,7.0000000000,session_close,0.1363636364,6.6000000000,6.4500000000,0.0666666667,0.0628000000,0.5403634555,0.5090223751,0.0313410804,8.1054518322,8.1054518322,1.0000000000,3213.2000000000,,,IS
SMTI,short,2018-06-21,09:30,6.9900000000,2018-06-21,16:00,7.0000000000,session_close,0.1237942122,6.2200000000,6.1200000000,-0.0014306152,-0.0054334764,-0.0123239974,-0.0468065423,0.0344825448,8.6144742073,8.6144742073,1.0000000000,7445.8000000000,,,IS
CYH,short,2018-07-23,09:30,2.9300000000,2018-07-23,16:00,3.0900000000,session_close,0.0811808118,2.7100000000,2.8800000000,-0.0546075085,-0.0587167235,-0.4678589851,-0.5030653738,0.0352063886,8.5676676650,8.5676676650,1.0000000000,8790321.0000000000,,,IS
AUDC,short,2018-07-24,09:30,8.5900000000,2018-07-24,16:00,9.0000000000,session_close,0.0514075887,8.1700000000,8.5900000000,-0.0477299185,-0.0518253783,-0.3849228102,-0.4179510650,0.0330282548,8.0646022913,8.0646022913,1.0000000000,272484.0000000000,,,IS
VFF,short,2018-07-30,09:30,4.1968000000,2018-07-30,16:00,3.9099000000,session_close,0.0548434123,3.9786000000,3.8660000000,0.0683616088,0.0644983321,0.5227373801,0.4931962500,0.0295411301,7.6466512263,7.6466512263,1.0000000000,424738.8000000000,,,IS
SMTI,short,2018-08-02,09:30,9.4800000000,2018-08-02,16:00,9.4800000000,session_close,0.0834285714,8.7500000000,9.0000000000,0.0000000000,-0.0040000000,0.0000000000,-0.0325593899,0.0325593899,8.1398474763,8.1398474763,1.0000000000,13521.6000000000,,,IS
SMTI,short,2018-08-07,09:30,9.7500000000,2018-08-07,16:00,9.4900000000,session_close,0.0833333333,9.0000000000,8.1100000000,0.0266666667,0.0227200000,0.2161943490,0.1841975853,0.0319967636,8.1072880864,8.1072880864,1.0000000000,13521.6000000000,,,IS
ZUMZ,short,2018-08-22,09:30,31.8000000000,2018-08-22,16:00,29.9000000000,session_close,0.0635451505,29.9000000000,29.7400000000,0.0597484277,0.0558679245,0.4954032320,0.4632280957,0.0321751362,8.2914856717,8.2914856717,1.0000000000,10067960.0000000000,,,IS
IMMR,short,2018-09-12,09:30,11.2200000000,2018-09-12,16:00,10.9400000000,session_close,0.1000000000,10.2000000000,10.8700000000,0.0249554367,0.0210053476,0.2184777054,0.1838958058,0.0345818997,8.7547137674,8.7547137674,1.0000000000,3903438.0000000000,,,IS
SMTI,short,2018-09-19,09:30,7.4500000000,2018-09-19,16:00,7.0000000000,session_close,0.1806656101,6.3100000000,6.7500000000,0.0604026846,0.0565234899,0.5399160145,0.5052414082,0.0346746063,8.9386095732,8.9386095732,1.0000000000,10152.0000000000,,,IS
NAGE,short,2018-09-20,09:30,3.9300000000,2018-09-20,16:00,3.9300000000,session_close,0.0767123288,3.6500000000,3.7300000000,0.0000000000,-0.0040000000,0.0000000000,-0.0377754039,0.0377754039,9.4438509814,9.4438509814,1.0000000000,697746.0000000000,,,IS
SMTI,short,2018-10-11,09:30,5.3500000000,2018-10-11,16:00,5.0000000000,session_close,0.0700000000,5.0000000000,4.9300000000,0.0654205607,0.0615514019,0.6153507387,0.5789571379,0.0363936008,9.4060755775,9.4060755775,1.0000000000,5538.6900000000,,,IS
VFF,short,2018-10-15,09:30,5.9000000000,2018-10-15,16:00,5.7500000000,session_close,0.0662907540,5.5332000000,5.6523000000,0.0254237288,0.0214745763,0.2538567640,0.2144243466,0.0394324173,9.9850327154,9.9850327154,1.0000000000,1566326.9000000001,,,IS
SMTI,short,2018-10-17,09:30,6.4900000000,2018-10-17,16:00,6.6000000000,session_close,0.1693693694,5.5500000000,6.0000000000,-0.0169491525,-0.0209830508,-0.1728721536,-0.2140157261,0.0411435726,10.1994570620,10.1994570620,1.0000000000,12896.4700000000,,,IS
SMTI,short,2018-10-18,09:30,6.9900000000,2018-10-18,16:00,6.0500000000,session_close,0.0590909091,6.6000000000,6.0000000000,0.1344778255,0.1307467811,1.3428204372,1.3055643127,0.0372561245,9.9854413358,9.9854413358,1.0000000000,9325.8000000000,,,IS
AUDC,short,2018-10-23,09:30,10.5400000000,2018-10-23,16:00,12.0100000000,session_close,0.0877192982,9.6900000000,10.2300000000,-0.1394686907,-0.1437476281,-1.5747417745,-1.6230552807,0.0483135061,11.2910056485,11.2910056485,1.0000000000,965847.9999999999,,,IS
BOOM,short,2018-10-26,09:30,38.2500000000,2018-10-26,16:00,37.6400000000,session_close,0.1871508380,32.2200000000,34.3900000000,0.0159477124,0.0119796078,0.1541816921,0.1158182541,0.0383634381,9.6679503679,9.6679503679,1.0000000000,3573264.0000000000,,,IS
SMTI,short,2018-10-31,09:30,4.9900000000,2018-10-31,16:00,4.5000000000,session_close,0.1315192744,4.4100000000,4.4500000000,0.0981963928,0.0943927856,0.9607307865,0.9235171736,0.0372136129,9.7837686219,9.7837686219,1.0000000000,9299.5400000000,,,IS
SMTI,short,2018-11-01,09:30,5.3000000000,2018-11-01,16:00,4.6800000000,session_close,0.1777777778,4.5000000000,4.3000000000,0.1169811321,0.1132150943,1.2525504138,1.2122263715,0.0403240424,10.7072857955,10.7072857955,1.0000000000,8671.5000000000,,,IS
SMTI,short,2018-11-07,09:30,4.8300000000,2018-11-07,16:00,4.4000000000,session_close,0.0902934537,4.4300000000,4.4000000000,0.0890269151,0.0852049689,1.0611573979,1.0156016640,0.0455557339,11.9195121670,11.9195121670,1.0000000000,8671.5000000000,,,IS
SMTI,short,2018-11-08,09:30,4.9300000000,2018-11-08,16:00,4.4900000000,session_close,0.1204545455,4.4000000000,4.0000000000,0.0892494929,0.0854279919,1.1544523500,1.1050207994,0.0494315506,12.9351138310,12.9351138310,1.0000000000,6598.8000000000,,,IS
SMTI,short,2018-11-12,09:30,4.5000000000,2018-11-12,16:00,4.2700000000,session_close,0.0514018692,4.2800000000,4.0000000000,0.0511111111,0.0472133333,0.7176068811,0.6628815564,0.0547253248,14.0401346304,14.0401346304,1.0000000000,5504.4000000000,,,IS
SMTI,short,2018-11-14,09:30,4.7300000000,2018-11-14,16:00,4.0000000000,session_close,0.1452784504,4.1300000000,4.0000000000,0.1543340381,0.1506427061,1.1345879298,1.1074510733,0.0271368565,14.7030161868,7.3515080934,0.5000000000,5093.5500000000,,,IS
VFF,short,2018-11-14,09:30,4.9880000000,2018-11-14,16:00,4.5507000000,session_close,0.0505697256,4.7479000000,4.4800000000,0.0876704090,0.0838457498,0.6445097212,0.6163927082,0.0281170129,14.7030161868,7.3515080934,0.5000000000,807471.0000000000,,,IS
SMTI,short,2018-11-15,09:30,4.3200000000,2018-11-15,16:00,4.2000000000,session_close,0.0800000000,4.0000000000,4.2000000000,0.0277777778,0.0238333333,0.4563016658,0.3915068292,0.0647948365,16.4268599684,16.4268599684,1.0000000000,5093.5500000000,,,IS
SMTI,short,2018-11-19,09:30,4.7300000000,2018-11-19,16:00,4.0800000000,session_close,0.1235154394,4.2100000000,4.0000000000,0.1374207188,0.1336955603,2.3111920546,2.2485409716,0.0626510831,16.8183667976,16.8183667976,1.0000000000,5093.5500000000,,,IS
SMTI,short,2018-11-21,09:30,4.1400000000,2018-11-21,16:00,4.1400000000,session_close,0.1129032258,3.7200000000,4.1400000000,0.0000000000,-0.0040000000,0.0000000000,-0.0762676311,0.0762676311,19.0669077692,19.0669077692,1.0000000000,5093.5500000000,,,IS
SMTI,short,2018-11-23,09:30,4.4900000000,2018-11-23,16:00,3.8700000000,session_close,0.0845410628,4.1400000000,3.8600000000,0.1380846325,0.1343608018,2.6223155647,2.5515976353,0.0707179294,18.9906401381,18.9906401381,1.0000000000,5093.5500000000,,,IS
DSX,short,2018-11-26,09:30,3.6200000000,2018-11-26,16:00,3.3200000000,session_close,0.0584795322,3.4200000000,3.2800000000,0.0828729282,0.0790386740,0.8926341619,0.8513349547,0.0412992072,21.5422377734,10.7711188867,0.5000000000,1066800.0000000000,,,IS
SMTI,short,2018-11-26,09:30,5.3600000000,2018-11-26,16:00,4.0500000000,session_close,0.3850129199,3.8700000000,3.5000000000,0.2444029851,0.2408917910,2.6324936085,2.5946741202,0.0378194883,21.5422377734,10.7711188867,0.5000000000,5093.5500000000,,,IS
SMTI,short,2018-11-27,09:30,4.4300000000,2018-11-27,16:00,3.8300000000,session_close,0.0938271605,4.0500000000,3.5100000000,0.1354401806,0.1317110609,3.3844126657,3.2912285036,0.0931841621,24.9882468482,24.9882468482,1.0000000000,3676.0800000000,,,IS
JILL,short,2018-11-28,09:30,25.1889168766,2018-11-28,16:00,24.8950461797,session_close,0.2000000000,20.9907640638,22.7749790092,0.0116666667,0.0076900000,0.1649636062,0.1087345827,0.0562290235,28.2794753518,14.1397376759,0.5000000000,968604.0000000001,,,IS
SMTI,short,2018-11-28,09:30,4.4800000000,2018-11-28,16:00,3.8400000000,session_close,0.1697127937,3.8300000000,3.7000000000,0.1428571429,0.1391428571,2.0199625251,1.9674434995,0.0525190257,28.2794753518,14.1397376759,0.5000000000,3676.0800000000,,,IS
SMTI,short,2018-11-29,09:30,4.4800000000,2018-11-29,16:00,3.8100000000,session_close,0.1666666667,3.8400000000,3.4000000000,0.1495535714,0.1458526786,4.5397963841,4.4274533631,0.1123430210,30.3556534340,30.3556534340,1.0000000000,3676.0800000000,,,IS
SMTI,short,2018-11-30,09:30,4.4200000000,2018-11-30,16:00,3.7700000000,session_close,0.1601049869,3.8100000000,3.3800000000,0.1470588235,0.1433529412,5.1151627643,4.9862606626,0.1289021017,34.7831067972,34.7831067972,1.0000000000,3381.2000000000,,,IS
HDSN,short,2018-12-03,09:30,1.5500000000,2018-12-03,16:00,1.6100000000,session_close,0.4220183486,1.0900000000,1.4500000000,-0.0387096774,-0.0427870968,-0.7697296928,-0.8508078871,0.0810781943,39.7693674598,19.8846837299,0.5000000000,319716.0000000000,,,IS
SMTI,short,2018-12-03,09:30,4.3100000000,2018-12-03,16:00,3.9900000000,session_close,0.1432360743,3.7700000000,3.6000000000,0.0742459397,0.0703944316,1.4763570287,1.3997710078,0.0765860209,39.7693674598,19.8846837299,0.5000000000,3233.9000000000,,,IS
SMTI,short,2018-12-04,09:30,4.2300000000,2018-12-04,16:00,3.5000000000,session_close,0.0601503759,3.9900000000,3.4600000000,0.1725768322,0.1689219858,6.9580097692,6.8106524664,0.1473573028,40.3183305805,40.3183305805,1.0000000000,3233.9000000000,,,IS
SMTI,short,2018-12-07,09:30,4.6600000000,2018-12-07,16:00,3.0400000000,session_close,0.3390804598,3.4800000000,2.5000000000,0.3476394850,0.3443347639,8.1919476970,8.1140736263,0.0778740707,47.1289830470,23.5644915235,0.5000000000,4331.7900000000,,,IS
VFF,short,2018-12-07,09:30,4.0200000000,2018-12-07,16:00,3.8351000000,session_close,0.0923913043,3.6800000000,3.7556000000,0.0459950249,0.0420870149,1.0838493738,0.9917591065,0.0920902673,47.1289830470,23.5644915235,0.5000000000,650735.4600000000,,,IS
SMTI,short,2018-12-12,09:30,2.1000000000,2018-12-12,16:00,3.0000000000,session_close,0.0500000000,2.0000000000,2.1000000000,-0.4285714286,-0.4334285714,-24.1006353342,-24.3737758680,0.2731405338,56.2348157797,56.2348157797,1.0000000000,5135.6700000000,,,IS
SMTI,short,2018-12-13,09:30,3.2500000000,2018-12-13,16:00,3.0700000000,session_close,0.0833333333,3.0000000000,2.9100000000,0.0553846154,0.0514953846,1.7646114413,1.6406965045,0.1239149368,31.8610399118,31.8610399118,1.0000000000,5454.8700000000,,,IS
SMTI,short,2018-12-18,09:30,3.8500000000,2018-12-18,16:00,3.3500000000,session_close,0.1631419940,3.3100000000,3.0000000000,0.1298701299,0.1261298701,4.3508748593,4.2255696633,0.1253051959,33.5017364163,33.5017364163,1.0000000000,5578.4550000000,,,IS
NAGE,short,2018-12-21,09:30,3.1500000000,2018-12-21,16:00,3.5400000000,session_close,0.1209964413,2.8100000000,2.9900000000,-0.1238095238,-0.1280571429,-2.3354999002,-2.4156255121,0.0801256120,37.7273060796,18.8636530398,0.5000000000,390069.0000000000,,,IS
SMTI,short,2018-12-21,09:30,4.0000000000,2018-12-21,16:00,3.8900000000,session_close,0.0526315789,3.8000000000,3.5000000000,0.0275000000,0.0235550000,0.5187504586,0.4443333474,0.0744171112,37.7273060796,18.8636530398,0.5000000000,5407.4250000000,,,IS
SMTI,short,2018-12-24,09:30,4.7600000000,2018-12-24,16:00,3.6200000000,session_close,0.2236503856,3.8900000000,3.5100000000,0.2394957983,0.2359747899,8.5634150972,8.4375178718,0.1258972255,35.7560139148,35.7560139148,1.0000000000,5578.4550000000,,,IS
SMTI,short,2018-12-26,09:30,4.8800000000,2018-12-26,16:00,4.1900000000,session_close,0.3480662983,3.6200000000,4.1900000000,0.1413934426,0.1376762295,6.2486756010,6.0843988250,0.1642767759,44.1935317866,44.1935317866,1.0000000000,5578.4550000000,,,IS
SMTI,short,2018-12-27,09:30,5.0000000000,2018-12-27,16:00,3.5000000000,session_close,0.1933174224,4.1900000000,3.0000000000,0.3000000000,0.2966000000,15.0833791835,14.9124342194,0.1709449641,50.2779306116,50.2779306116,1.0000000000,5947.9500000000,,,IS
SMTI,short,2019-01-02,09:30,3.5600000000,2019-01-02,16:00,3.5900000000,session_close,0.0886850153,3.2700000000,3.3700000000,-0.0084269663,-0.0124438202,-0.5493570070,-0.8112171803,0.2618601733,65.1903648310,65.1903648310,1.0000000000,6334.0650000000,,,IS
IMMR,short,2019-01-03,09:30,9.7300000000,2019-01-03,16:00,8.9800000000,session_close,0.0859375000,8.9600000000,8.7800000000,0.0770811922,0.0732353546,2.4812107265,2.3574148527,0.1237958738,64.3791476507,32.1895738253,0.5000000000,1905084.0000000000,,,IS
SMTI,short,2019-01-03,09:30,4.5000000000,2019-01-03,16:00,5.0000000000,session_close,0.2534818942,3.5900000000,3.5800000000,-0.1111111111,-0.1153333333,-3.5766193139,-3.7125308479,0.1359115339,64.3791476507,32.1895738253,0.5000000000,6334.0650000000,,,IS
SMTI,short,2019-01-04,09:30,5.4500000000,2019-01-04,16:00,3.7300000000,session_close,0.0900000000,5.0000000000,3.0000000000,0.3155963303,0.3122275229,19.8901531096,19.6778372892,0.2123158204,63.0240316555,63.0240316555,1.0000000000,6713.6800000000,,,IS
SMTI,short,2019-01-08,09:30,3.3000000000,2019-01-08,16:00,2.9000000000,session_close,0.0891089109,3.0300000000,2.6600000000,0.1212121212,0.1174545455,10.0244689630,9.7137104251,0.3107585379,82.7018689447,82.7018689447,1.0000000000,7040.5200000000,,,IS
VFF,short,2019-01-22,09:30,4.5000000000,2019-01-22,16:00,4.6100000000,session_close,0.1748120301,3.8304000000,4.3566000000,-0.0244444444,-0.0284933333,-2.2590474957,-2.6332279082,0.3741804125,92.4155793698,92.4155793698,1.0000000000,329472.0000000000,,,IS
AUDC,short,2019-01-28,09:30,14.0000000000,2019-01-28,16:00,14.9300000000,session_close,0.0510510511,13.3200000000,13.4000000000,-0.0664285714,-0.0705614286,-5.9641133471,-6.3351709796,0.3710576325,89.7823514617,89.7823514617,1.0000000000,2883672.0000000000,,,IS
FSBW,short,2019-01-29,09:30,25.5000000000,2019-01-29,16:00,25.6850000000,session_close,0.0591900312,24.0750000000,25.2500000000,-0.0072549020,-0.0112694118,-0.3027005567,-0.4702003187,0.1674997621,83.4471804820,41.7235902410,0.5000000000,513020.0000000000,,,IS
SMTI,short,2019-01-29,09:30,5.4900000000,2019-01-29,16:00,5.6000000000,session_close,0.0980000000,5.0000000000,5.4900000000,-0.0200364299,-0.0240765027,-0.8359917899,-1.0045581344,0.1685663445,83.4471804820,41.7235902410,0.5000000000,5000.4000000000,,,IS
SMTI,short,2019-02-08,09:30,5.0000000000,2019-02-08,16:00,5.5000000000,session_close,0.1111111111,4.5000000000,5.0000000000,-0.1000000000,-0.1042000000,-8.1972422029,-8.5415263754,0.3442841725,81.9724220289,81.9724220289,1.0000000000,3203.2000000000,,,IS
RM,short,2019-02-13,09:30,30.0100000000,2019-02-13,16:00,29.2300000000,session_close,0.0504025201,28.5700000000,28.9800000000,0.0259913362,0.0220433189,1.9085670980,1.6186606495,0.2899064484,73.4308956535,73.4308956535,1.0000000000,694461.0000000000,,,IS
CYH,short,2019-02-21,09:30,4.7000000000,2019-02-21,16:00,4.4900000000,session_close,0.1547911548,4.0700000000,4.3500000000,0.0446808511,0.0407702128,3.3532780476,3.0597863785,0.2934916691,75.0495563030,75.0495563030,1.0000000000,4518251.0000000000,,,IS
BOOM,short,2019-02-22,09:30,41.0000000000,2019-02-22,16:00,48.7200000000,session_close,0.1572114028,35.4300000000,41.0000000000,-0.1882926829,-0.1926692683,-14.7074176951,-15.0492699013,0.3418522061,78.1093426815,78.1093426815,1.0000000000,2114775.0000000000,,,IS
SMTI,short,2019-02-25,09:30,5.5000000000,2019-02-25,16:00,4.5000000000,session_close,0.1363636364,4.8400000000,4.3700000000,0.1818181818,0.1781818182,11.4654677782,11.2361584227,0.2293093556,63.0600727802,63.0600727802,1.0000000000,2226.4000000000,,,IS
NAGE,short,2019-02-26,09:30,3.9500000000,2019-02-26,16:00,3.7600000000,session_close,0.0533333333,3.7500000000,3.7500000000,0.0481012658,0.0441974684,3.5737427667,3.2837053274,0.2900374393,74.2962312029,74.2962312029,1.0000000000,466200.0000000000,,,IS
SMTI,short,2019-02-27,09:30,5.5000000000,2019-02-27,16:00,4.5000000000,session_close,0.2941176471,4.2500000000,4.0000000000,0.1818181818,0.1781818182,14.1054430055,13.8233341454,0.2821088601,77.5799365303,77.5799365303,1.0000000000,2317.5000000000,,,IS
SMTI,short,2019-03-01,09:30,4.5000000000,2019-03-01,16:00,4.5000000000,session_close,0.0588235294,4.2500000000,4.3700000000,0.0000000000,-0.0040000000,0.0000000000,-0.1828065414,0.1828065414,91.4032706757,45.7016353378,0.5000000000,2226.4000000000,,,IS
VFF,short,2019-03-01,09:30,11.1800000000,2019-03-01,16:00,11.8900000000,session_close,0.0567107750,10.5800000000,11.0000000000,-0.0635062612,-0.0676332737,-2.9023399901,-3.0909512115,0.1886112213,91.4032706757,45.7016353378,0.5000000000,6043968.0000000000,,,IS
ELME,short,2019-03-04,09:30,28.3000000000,2019-03-04,16:00,28.0900000000,session_close,0.0735963581,26.3600000000,27.5150000000,0.0074204947,0.0034353357,0.6539645835,0.3027544610,0.3512101225,88.1295129229,88.1295129229,1.0000000000,11186604.0000000000,,,IS
JILL,short,2019-03-06,09:30,26.2384550798,2019-03-06,16:00,28.2955499580,session_close,0.0629251701,24.6851385390,25.6087321579,-0.0784000000,-0.0825568000,-6.9330897629,-7.3006850120,0.3675952491,88.4322673839,88.4322673839,1.0000000000,1435614.0000000000,,,IS
SMTI,short,2019-03-14,09:30,6.5000000000,2019-03-14,16:00,5.9200000000,session_close,0.1304347826,5.7500000000,5.2500000000,0.0892307692,0.0854092308,7.2394335040,6.9293860415,0.3100474625,81.1315823719,81.1315823719,1.0000000000,2919.3300000000,,,IS
SMTI,short,2019-03-18,09:30,6.0000000000,2019-03-18,16:00,6.1000000000,session_close,0.0810810811,5.5500000000,5.9000000000,-0.0166666667,-0.0207000000,-1.4676828069,-1.8228620462,0.3551792393,88.0609684134,88.0609684134,1.0000000000,3759.0400000000,,,IS
VFF,short,2019-03-19,09:30,17.1700000000,2019-03-19,16:00,16.1200000000,session_close,0.0514390692,16.3300000000,15.8900000000,0.0611531741,0.0572754805,5.2737339363,4.9393289787,0.3344049576,86.2381063672,86.2381063672,1.0000000000,18920127.5000000000,,,IS
SMTI,short,2019-03-27,09:30,5.9000000000,2019-03-27,16:00,5.4000000000,session_close,0.0649819495,5.5400000000,4.9000000000,0.0847457627,0.0809152542,7.7269013005,7.3776453617,0.3492559388,91.1774353459,91.1774353459,1.0000000000,5876.5000000000,,,IS
SMTI,short,2019-03-29,09:30,5.9500000000,2019-03-29,16:00,5.9500000000,session_close,0.0720720721,5.5500000000,5.9500000000,0.0000000000,-0.0040000000,0.0000000000,-0.3942203228,0.3942203228,98.5550807076,98.5550807076,1.0000000000,4514.4000000000,,,IS
VFF,short,2019-04-01,09:30,15.0000000000,2019-04-01,16:00,15.3200000000,session_close,0.0706638116,14.0100000000,14.2200000000,-0.0213333333,-0.0253760000,-2.0940983549,-2.4909299931,0.3968316382,98.1608603848,98.1608603848,1.0000000000,31469843.0000000000,,,IS
BOOM,short,2019-04-03,09:30,55.9100000000,2019-04-03,16:00,58.9500000000,session_close,0.1005905512,50.8000000000,55.0000000000,-0.0543730996,-0.0584818458,-5.2018706562,-5.5949541191,0.3930834629,95.6699303917,95.6699303917,1.0000000000,4410784.0000000000,,,IS
SMTI,short,2019-04-08,09:30,6.0000000000,2019-04-08,16:00,4.9000000000,session_close,0.1450381679,5.2400000000,4.6000000000,0.1833333333,0.1797000000,16.5137456500,16.1864732362,0.3272724138,90.0749762725,90.0749762725,1.0000000000,3935.0000000000,,,IS
SMTI,short,2019-04-12,09:30,6.0000000000,2019-04-12,16:00,5.0000000000,session_close,0.2000000000,5.0000000000,4.5000000000,0.1666666667,0.1630000000,17.7102415848,17.3206162699,0.3896253149,106.2614495087,106.2614495087,1.0000000000,2234.4000000000,,,IS
BOOM,short,2019-04-15,09:30,69.2400000000,2019-04-15,16:00,69.0300000000,session_close,0.0652307692,65.0000000000,68.6400000000,0.0030329289,-0.0009610052,0.3748156241,-0.1187630078,0.4935786319,123.5820657786,123.5820657786,1.0000000000,8606385.0000000000,,,IS
SMTI,short,2019-04-16,09:30,4.7500000000,2019-04-16,16:00,4.4800000000,session_close,0.0555555556,4.5000000000,4.4800000000,0.0568421053,0.0529557895,7.0179140522,6.5380966693,0.4798173830,123.4633027709,123.4633027709,1.0000000000,2234.4000000000,,,IS
SMTI,short,2019-04-17,09:30,4.7500000000,2019-04-17,16:00,4.4000000000,session_close,0.0602678571,4.4800000000,4.2600000000,0.0736842105,0.0698315789,9.5790504851,9.0782029883,0.5008474968,130.0013994401,130.0013994401,1.0000000000,2234.4000000000,,,IS
SMTI,short,2019-04-22,09:30,5.0000000000,2019-04-22,16:00,5.0000000000,session_close,0.0638297872,4.7000000000,5.0000000000,0.0000000000,-0.0040000000,0.0000000000,-0.5563184097,0.5563184097,139.0796024284,139.0796024284,1.0000000000,2234.4000000000,,,IS
FXNC,short,2019-04-23,09:30,31.0000000000,2019-04-23,16:00,22.2000000000,session_close,0.4254053209,21.7482000000,21.8242000000,0.2838709677,0.2804387097,39.3227386892,38.8472910305,0.4754476587,138.5232840187,138.5232840187,1.0000000000,,,,IS
SMTI,short,2019-04-25,09:30,5.9000000000,2019-04-25,16:00,4.8000000000,session_close,0.2633832976,4.6700000000,4.3000000000,0.1864406780,0.1828135593,33.0690902634,32.4257461437,0.6433441197,177.3705750492,177.3705750492,1.0000000000,2234.4000000000,,,IS
SMTI,short,2019-05-03,09:30,6.0000000000,2019-05-03,16:00,5.0000000000,session_close,0.3333333333,4.5000000000,4.2100000000,0.1666666667,0.1630000000,34.9660535321,34.1968003544,0.7692531777,209.7963211929,209.7963211929,1.0000000000,3935.0000000000,,,IS
CYH,short,2019-05-08,09:30,3.3600000000,2019-05-08,16:00,3.4600000000,session_close,0.0666666667,3.1500000000,3.3500000000,-0.0297619048,-0.0338214286,-7.2617000461,-8.2521959323,0.9904958863,243.9931215473,243.9931215473,1.0000000000,6938568.0000000000,,,IS
SMTI,short,2019-05-10,09:30,5.0000000000,2019-05-10,16:00,2.7500000000,session_close,0.1061946903,4.5200000000,2.5000000000,0.4500000000,0.4469000000,53.0417082634,52.6763098287,0.3653984347,235.7409256150,117.8704628075,0.5000000000,3802.3300000000,,,IS
VFF,short,2019-05-10,09:30,11.8200000000,2019-05-10,16:00,12.6100000000,session_close,0.0735694823,11.0100000000,11.5300000000,-0.0668358714,-0.0709695431,-7.8779750946,-8.3652128960,0.4872378014,235.7409256150,117.8704628075,0.5000000000,14778504.0000000000,,,IS
SMTI,short,2019-05-13,09:30,5.0000000000,2019-05-13,16:00,3.7200000000,session_close,0.8181818182,2.7500000000,3.7200000000,0.2560000000,0.2525120000,71.6933177722,70.7164963176,0.9768214546,280.0520225477,280.0520225477,1.0000000000,3802.3300000000,,,IS
DSX,short,2019-05-14,09:30,3.1800000000,2019-05-14,16:00,3.3100000000,session_close,0.0600000000,3.0000000000,3.1500000000,-0.0408805031,-0.0449622642,-7.1697967693,-7.8856734005,0.7158766313,350.7685188652,175.3842594326,0.5000000000,535684.0000000000,,,IS
IMMR,short,2019-05-14,09:30,10.1600000000,2019-05-14,16:00,8.5000000000,session_close,0.1019522777,9.2200000000,8.3001000000,0.1633858268,0.1597125984,28.6553022301,28.0110757969,0.6442264333,350.7685188652,175.3842594326,0.5000000000,2732808.0000000000,,,IS
SMTI,short,2019-05-17,09:30,4.2600000000,2019-05-17,16:00,3.8500000000,session_close,0.0650000000,4.0000000000,3.8500000000,0.0962441315,0.0924366197,35.6963633139,34.2841803555,1.4121829584,370.8939212616,370.8939212616,1.0000000000,3802.3300000000,,,IS
SMTI,short,2019-05-30,09:30,4.5000000000,2019-05-30,16:00,4.5000000000,session_close,0.1250000000,4.0000000000,4.5000000000,0.0000000000,-0.0040000000,0.0000000000,-1.6207124065,1.6207124065,405.1781016171,405.1781016171,1.0000000000,2713.0000000000,,,IS
JILL,short,2019-06-04,09:30,7.3000000000,2019-06-04,16:00,7.2500000000,session_close,0.0503597122,6.9500000000,7.0000000000,0.0068493151,0.0028630137,2.7640917069,1.1553903335,1.6087013734,403.5573892106,403.5573892106,1.0000000000,2187900.0000000000,,,IS
STRT,short,2019-06-07,09:30,25.6500000000,2019-06-07,16:00,24.1332000000,session_close,0.0634328358,24.1200000000,23.7400000000,0.0591345029,0.0552527719,11.9662445227,11.1807514526,0.7854930700,404.7127795441,202.3563897720,0.5000000000,43016.0900000000,,,IS
ZUMZ,short,2019-06-07,09:30,21.0000000000,2019-06-07,16:00,21.6500000000,session_close,0.1247991430,18.6700000000,21.0000000000,-0.0309523810,-0.0350142857,-6.2634120644,-7.0853644476,0.8219523832,404.7127795441,202.3563897720,0.5000000000,7039702.0000000000,,,IS
JILL,short,2019-06-12,09:30,8.0000000000,2019-06-12,16:00,8.1000000000,session_close,0.0596026490,7.5500000000,7.7000000000,-0.0125000000,-0.0165250000,-5.1101020819,-6.7555549522,1.6454528704,408.8081665491,408.8081665491,1.0000000000,2403810.0000000000,,,IS
SMTI,short,2019-06-19,09:30,4.4500000000,2019-06-19,16:00,4.2500000000,session_close,0.1410256410,3.9000000000,4.2500000000,0.0449438202,0.0410337079,18.0697802965,16.4977094107,1.5720708858,402.0526115969,402.0526115969,1.0000000000,,,,IS
JILL,short,2019-06-20,09:30,8.1500000000,2019-06-20,16:00,8.4000000000,session_close,0.0516129032,7.7500000000,8.0000000000,-0.0306748466,-0.0347361963,-12.8389669021,-14.5388461199,1.6998792178,418.5503210076,418.5503210076,1.0000000000,2225354.9999999995,,,IS
SMTI,short,2019-07-15,09:30,6.7000000000,2019-07-15,16:00,6.4000000000,session_close,0.0567823344,6.3400000000,6.4000000000,0.0447761194,0.0408656716,18.0900660397,16.5102002723,1.5798657675,404.0114748877,404.0114748877,1.0000000000,,,,IS
SMTI,short,2019-07-17,09:30,7.4000000000,2019-07-17,16:00,7.0100000000,session_close,0.0882352941,6.8000000000,7.0100000000,0.0527027027,0.0488081081,22.1626288260,20.5248673830,1.6377614430,420.5216751600,420.5216751600,1.0000000000,3832.0000000000,,,IS
SMTI,short,2019-07-19,09:30,7.1000000000,2019-07-19,16:00,7.2000000000,session_close,0.0597014925,6.7000000000,7.0000000000,-0.0140845070,-0.0181126761,-6.2119231344,-7.9885331508,1.7766100164,441.0465425430,441.0465425430,1.0000000000,4476.0000000000,,,IS
AUDC,short,2019-07-23,09:30,17.5000000000,2019-07-23,16:00,18.0900000000,session_close,0.0638297872,16.4500000000,16.8500000000,-0.0337142857,-0.0377817143,-7.3001207298,-8.1808369900,0.8807162602,433.0580093921,216.5290046961,0.5000000000,1647096.0000000000,,,IS
HDSN,short,2019-07-23,09:30,0.7200000000,2019-07-23,16:00,0.6947000000,session_close,0.0746268657,0.6700000000,0.6900000000,0.0351388889,0.0312091667,7.6085886372,6.7576897957,0.8508988415,433.0580093921,216.5290046961,0.5000000000,444627.5200000000,,,IS
SMTI,short,2019-07-29,09:30,7.0000000000,2019-07-29,16:00,7.0000000000,session_close,0.1041009464,6.3400000000,7.0000000000,0.0000000000,-0.0040000000,0.0000000000,-1.7265394488,1.7265394488,431.6348621978,431.6348621978,1.0000000000,7967.0000000000,,,IS
ACCO,short,2019-07-31,09:30,8.9000000000,2019-07-31,16:00,9.7800000000,session_close,0.0933660934,8.1400000000,8.7438000000,-0.0988764045,-0.1030741573,-42.5077892156,-44.3124380851,1.8046488694,429.9083227491,429.9083227491,1.0000000000,3376230.0000000000,,,IS
BGS,short,2019-08-02,09:30,19.4000000000,2019-08-02,16:00,19.9700000000,session_close,0.0837988827,17.9000000000,19.0500000000,-0.0293814433,-0.0334402062,-11.3293636216,-12.8944058875,1.5650422659,385.5958846640,385.5958846640,1.0000000000,18319826.0000000000,,,IS
SMTI,short,2019-08-12,09:30,8.4500000000,2019-08-12,16:00,8.4500000000,session_close,0.0562500000,8.0000000000,8.4500000000,0.0000000000,-0.0040000000,0.0000000000,-1.4908059151,1.4908059151,372.7014787765,372.7014787765,1.0000000000,17500.0000000000,,,IS
FXNC,short,2019-08-13,09:30,18.7200000000,2019-08-13,16:00,19.0000000000,session_close,0.0660592255,17.5600000000,17.7900000000,-0.0149572650,-0.0189871795,-2.7761481945,-3.5241218366,0.7479736421,371.2106728614,185.6053364307,0.5000000000,23400.0000000000,,,IS
VFF,short,2019-08-13,09:30,14.4500000000,2019-08-13,16:00,13.6300000000,session_close,0.0823970037,13.3500000000,13.5100000000,0.0567474048,0.0528608997,10.5326211677,9.8112650643,0.7213561034,371.2106728614,185.6053364307,0.5000000000,7907256.5000000000,,,IS
SMTI,short,2019-08-20,09:30,8.7900000000,2019-08-20,16:00,8.7900000000,session_close,0.2557142857,7.0000000000,6.8000000000,0.0000000000,-0.0040000000,0.0000000000,-1.5099912644,1.5099912644,377.4978160891,377.4978160891,1.0000000000,16997.0000000000,,,IS
HDSN,short,2019-08-22,09:30,0.3588000000,2019-08-22,16:00,0.3329000000,session_close,0.0836605255,0.3311000000,0.3252000000,0.0721850613,0.0683294314,27.1407041889,25.6910342979,1.4496698909,375.9878248248,375.9878248248,1.0000000000,297856.0000000000,,,IS
SMTI,short,2019-08-23,09:30,7.0800000000,2019-08-23,16:00,7.0000000000,session_close,0.1702479339,6.0500000000,7.0000000000,0.0112994350,0.0073220339,4.5387441709,2.9411062227,1.5976379481,401.6788591227,401.6788591227,1.0000000000,15225.0000000000,,,IS
FXNC,short,2019-08-26,09:30,20.5000000000,2019-08-26,16:00,20.5000000000,session_close,0.0795155345,18.9900000000,20.5000000000,0.0000000000,-0.0040000000,0.0000000000,-1.6184798614,1.6184798614,404.6199653454,404.6199653454,1.0000000000,18275.0000000000,,,IS
JILL,short,2019-08-27,09:30,11.2500000000,2019-08-27,16:00,8.3500000000,session_close,0.0817307692,10.4000000000,8.3000000000,0.2577777778,0.2542933333,103.8848273692,102.4805910820,1.4042362872,403.0014854841,403.0014854841,1.0000000000,662855.9999999999,,,IS
CYH,short,2019-08-30,09:30,2.3600000000,2019-08-30,16:00,2.4900000000,session_close,0.0925925926,2.1600000000,2.3000000000,-0.0550847458,-0.0591949153,-13.9221758376,-14.9609843424,1.0388085048,505.4820765661,252.7410382830,0.5000000000,4236880.0000000000,,,IS
STRT,short,2019-08-30,09:30,19.9067000000,2019-08-30,16:00,18.7081000000,session_close,0.0549390567,18.8700000000,18.5100000000,0.0602108838,0.0563313055,15.2177612807,14.2372326501,0.9805286306,505.4820765661,252.7410382830,0.5000000000,92450.0000000000,,,IS
FXNC,short,2019-09-06,09:30,19.0001000000,2019-09-06,16:00,19.0001000000,session_close,0.0514720531,18.0700000000,19.0001000000,0.0000000000,-0.0040000000,0.0000000000,-0.6730110998,0.6730110998,504.7583248738,168.2527749579,0.3333333333,,,,IS
SMTI,short,2019-09-06,09:30,9.1000000000,2019-09-06,16:00,9.1000000000,session_close,0.2907801418,7.0500000000,7.1000000000,0.0000000000,-0.0040000000,0.0000000000,-0.6730110998,0.6730110998,504.7583248738,168.2527749579,0.3333333333,13600.0000000000,,,IS
ZUMZ,short,2019-09-06,09:30,30.4600000000,2019-09-06,16:00,30.7100000000,session_close,0.1036231884,27.6000000000,28.9700000000,-0.0082074852,-0.0122239002,-1.3809321648,-2.0567051290,0.6757729642,504.7583248738,168.2527749579,0.3333333333,7329450.0000000000,,,IS
HDSN,short,2019-09-09,09:30,0.6000000000,2019-09-09,16:00,0.5800000000,session_close,0.0664770707,0.5626000000,0.5400000000,0.0333333333,0.0294000000,16.7118532515,14.7398545678,1.9719986837,501.3555975451,501.3555975451,1.0000000000,390570.0000000000,,,IS
SMTI,short,2019-09-10,09:30,7.8000000000,2019-09-10,16:00,7.6000000000,session_close,0.0540540541,7.4000000000,7.6000000000,0.0256410256,0.0216923077,13.2332167208,11.1953013458,2.0379153750,516.0954521130,516.0954521130,1.0000000000,13600.0000000000,,,IS
SMTI,short,2019-09-12,09:30,7.6000000000,2019-09-12,16:00,7.6000000000,session_close,0.1014492754,6.9000000000,7.6000000000,0.0000000000,-0.0040000000,0.0000000000,-2.1091630138,2.1091630138,527.2907534588,527.2907534588,1.0000000000,16997.0000000000,,,IS
SMTI,short,2019-09-16,09:30,7.6800000000,2019-09-16,16:00,7.6800000000,session_close,0.0593103448,7.2500000000,7.6800000000,0.0000000000,-0.0040000000,0.0000000000,-2.1007263618,2.1007263618,525.1815904450,525.1815904450,1.0000000000,16997.0000000000,,,IS
BOOM,short,2019-10-25,09:30,45.9700000000,2019-10-25,16:00,46.3100000000,session_close,0.1787179487,39.0000000000,44.2800000000,-0.0073961279,-0.0114109202,-3.8687729778,-5.9688339801,2.1000610023,523.0808640832,523.0808640832,1.0000000000,11464475.0000000000,,,IS
HDSN,short,2019-11-04,09:30,0.6700000000,2019-11-04,16:00,0.6856000000,session_close,0.0584518167,0.6330000000,0.6236000000,-0.0232835821,-0.0273301493,-12.0402204024,-14.1327489636,2.0925285612,517.1120301031,517.1120301031,1.0000000000,186901.2000000000,,,IS
SMTI,short,2019-11-05,09:30,12.0000000000,2019-11-05,16:00,11.5000000000,session_close,0.0899182561,11.0100000000,11.3000000000,0.0416666667,0.0377500000,20.9574700475,18.9874678630,1.9700021845,502.9792811395,502.9792811395,1.0000000000,22925.0000000000,,,IS
RM,short,2019-11-07,09:30,32.2000000000,2019-11-07,16:00,34.0200000000,session_close,0.1027397260,29.2000000000,32.0200000000,-0.0565217391,-0.0606347826,-29.5024684219,-31.6493403547,2.1468719329,521.9667490025,521.9667490025,1.0000000000,1565214.0000000000,,,IS
SMTI,short,2019-11-12,09:30,11.9800000000,2019-11-12,16:00,11.1600000000,session_close,0.0773381295,11.1200000000,11.1600000000,0.0684474124,0.0645843072,33.5609578540,31.6668101351,1.8941477189,490.3174086478,490.3174086478,1.0000000000,21329.0000000000,,,IS
SMTI,short,2019-11-27,09:30,11.0500000000,2019-11-27,16:00,11.0500000000,session_close,0.0780487805,10.2500000000,11.0500000000,0.0000000000,-0.0040000000,0.0000000000,-2.0879368751,2.0879368751,521.9842187829,521.9842187829,1.0000000000,15974.0000000000,,,IS
SMTI,short,2019-12-04,09:30,11.2000000000,2019-12-04,16:00,8.8800000000,session_close,0.3145539906,8.5200000000,8.8800000000,0.2071428571,0.2035571429,107.6928012523,105.8286017272,1.8641995251,519.8962819078,519.8962819078,1.0000000000,14700.0000000000,,,IS
SMTI,short,2019-12-05,09:30,11.0000000000,2019-12-05,16:00,11.0000000000,session_close,0.2387387387,8.8800000000,10.2500000000,0.0000000000,-0.0040000000,0.0000000000,-2.5028995345,2.5028995345,625.7248836350,625.7248836350,1.0000000000,14700.0000000000,,,IS
JILL,short,2019-12-06,09:30,6.8000000000,2019-12-06,16:00,6.1500000000,session_close,0.0967741935,6.2000000000,5.7500000000,0.0955882353,0.0917794118,29.7863448283,28.5994735498,1.1868712785,623.2219841005,311.6109920502,0.5000000000,420731.9999999999,,,IS
ZUMZ,short,2019-12-06,09:30,33.9900000000,2019-12-06,16:00,35.4700000000,session_close,0.1122382199,30.5600000000,32.5000000000,-0.0435422183,-0.0476293027,-13.5682338404,-14.8418142763,1.2735804359,623.2219841005,311.6109920502,0.5000000000,10675125.0000000000,,,IS
SMTI,short,2019-12-13,09:30,12.2500000000,2019-12-13,16:00,12.2500000000,session_close,0.0560344828,11.6000000000,12.2500000000,0.0000000000,-0.0040000000,0.0000000000,-2.5479185735,2.5479185735,636.9796433740,636.9796433740,1.0000000000,17600.0000000000,,,IS
SMTI,short,2019-12-16,09:30,12.9000000000,2019-12-16,16:00,13.0000000000,session_close,0.0530612245,12.2500000000,12.9000000000,-0.0077519380,-0.0117674419,-4.9180753861,-7.4656384360,2.5475630500,634.4317248005,634.4317248005,1.0000000000,20700.0000000000,,,IS
HDSN,short,2019-12-20,09:30,0.8500000000,2019-12-20,16:00,0.7829000000,session_close,0.1381896090,0.7468000000,0.7548000000,0.0789411765,0.0750990588,49.4934404648,47.0845630002,2.4088774645,626.9660863645,626.9660863645,1.0000000000,261305.3200000000,,,IS
SMTI,short,2019-12-23,09:30,14.1500000000,2019-12-23,16:00,14.7300000000,session_close,0.1141732283,12.7000000000,13.1800000000,-0.0409893993,-0.0450713781,-27.6289312107,-30.3803916706,2.7514604599,674.0506493647,674.0506493647,1.0000000000,20880.0000000000,,,IS
JILL,short,2020-01-13,09:30,7.7500000000,2020-01-13,16:00,6.6500000000,session_close,0.1151079137,6.9500000000,6.6500000000,0.1419354839,0.1382193548,91.3596494792,88.9676877473,2.3919617318,643.6702576941,643.6702576941,1.0000000000,633872.1000000000,,,IS
JILL,short,2020-01-14,09:30,7.0000000000,2020-01-14,16:00,6.3000000000,session_close,0.0526315789,6.6500000000,6.3000000000,0.1000000000,0.0962000000,36.6318972721,35.2398851757,1.3920120963,732.6379454415,366.3189727207,0.5000000000,633872.1000000000,,,IS
ZUMZ,short,2020-01-14,09:30,35.1200000000,2020-01-14,16:00,34.5900000000,session_close,0.0629539952,33.0400000000,33.5800000000,0.0150911162,0.0111212984,5.5281621737,4.0739426072,1.4542195665,732.6379454415,366.3189727207,0.5000000000,12910912.0000000000,,,IS
CYH,short,2020-01-15,09:30,2.9300000000,2020-01-15,16:00,2.9400000000,session_close,0.1015037594,2.6600000000,2.8500000000,-0.0034129693,-0.0074197952,-2.6346476902,-5.7277240785,3.0930763883,771.9517732244,771.9517732244,1.0000000000,4621484.0000000000,,,IS
CLW,short,2020-01-29,09:30,25.2800000000,2020-01-29,16:00,28.3200000000,session_close,0.1341408703,22.2900000000,24.5000000000,-0.1202531646,-0.1244936709,-92.1408666694,-95.3900445994,3.2491779299,766.2240491459,766.2240491459,1.0000000000,2501256.0000000000,,,IS
AUDC,short,2020-02-05,09:30,23.2800000000,2020-02-05,16:00,22.8500000000,session_close,0.0605922551,21.9500000000,22.2600000000,0.0184707904,0.0145077320,12.3908342764,9.7322799268,2.6585543496,670.8340045466,670.8340045466,1.0000000000,7001880.0000000000,,,IS
ACCO,short,2020-02-12,09:30,9.6700000000,2020-02-12,16:00,10.3100000000,session_close,0.0556768559,9.1600000000,9.6700000000,-0.0661840745,-0.0703164426,-45.0426496446,-47.8550000817,2.8123504372,680.5662844734,680.5662844734,1.0000000000,3211527.0000000005,,,IS
CYH,short,2020-02-20,09:30,5.4500000000,2020-02-20,16:00,6.7200000000,session_close,0.1330561331,4.8100000000,5.3900000000,-0.2330275229,-0.2374935780,-147.4391433353,-150.2648667595,2.8257234242,632.7112843916,632.7112843916,1.0000000000,10793211.0000000000,,,IS
BGS,short,2020-02-26,09:30,14.0600000000,2020-02-26,16:00,15.7500000000,session_close,0.1001564945,12.7800000000,13.8500000000,-0.1201991465,-0.1244395448,-14.4974119096,-15.0088531511,0.5114412415,482.4464176321,120.6116044080,0.2500000000,20832385.0000000000,,,IS
JILL,short,2020-02-26,09:30,4.8685000000,2020-02-26,16:00,4.6580000000,session_close,0.0572204126,4.6050000000,4.6210000000,0.0432371367,0.0393236110,5.2149004268,4.7428838100,0.4720166168,482.4464176321,120.6116044080,0.2500000000,300690.0000000000,,,IS
RM,short,2020-02-26,09:30,29.4600000000,2020-02-26,16:00,28.8100000000,session_close,0.0716624227,27.4900000000,28.2600000000,0.0220638153,0.0181079430,2.6611521679,2.1840280546,0.4771241133,482.4464176321,120.6116044080,0.2500000000,1402295.0000000000,,,IS
SMTI,short,2020-02-26,09:30,11.0500000000,2020-02-26,16:00,10.8000000000,session_close,0.0759493671,10.2700000000,10.6000000000,0.0226244344,0.0186696833,2.7287693305,2.2517804515,0.4769888790,482.4464176321,120.6116044080,0.2500000000,19778.0000000000,,,IS
CLW,short,2020-02-27,09:30,29.5000000000,2020-02-27,16:00,28.9200000000,session_close,0.0925925926,27.0000000000,28.7700000000,0.0196610169,0.0157003390,9.3707603031,7.4830367965,1.8877235066,476.6162567971,476.6162567971,1.0000000000,4197588.0000000000,,,IS
VFF,short,2020-03-03,09:30,4.5000000000,2020-03-03,16:00,3.9300000000,session_close,0.0817307692,4.1600000000,3.9000000000,0.1266666667,0.1229200000,61.3192438552,59.5054851685,1.8137586867,484.0992935937,484.0992935937,1.0000000000,3431844.0000000000,,,IS
JILL,short,2020-03-04,09:30,5.5500000000,2020-03-04,16:00,4.3500000000,session_close,0.2906976744,4.3000000000,4.1500000000,0.2162162162,0.2126486486,117.5361683810,115.5968216027,1.9393467783,543.6047787622,543.6047787622,1.0000000000,305068.0000000000,,,IS
SMTI,short,2020-03-05,09:30,11.9900000000,2020-03-05,16:00,13.0000000000,session_close,0.1295336788,10.6150000000,11.9900000000,-0.0842368641,-0.0884053378,-55.5290755937,-58.2769401464,2.7478645526,659.2016003649,659.2016003649,1.0000000000,34350.0000000000,,,IS
BOOM,short,2020-03-10,09:30,24.1100000000,2020-03-10,16:00,23.8000000000,session_close,0.0546806649,22.8600000000,22.9600000000,0.0128577354,0.0088834509,1.2877550440,0.8897141140,0.3980409301,600.9246602186,100.1541100364,0.1666666667,7060527.0000000000,,,IS
CYH,short,2020-03-10,09:30,4.4600000000,2020-03-10,16:00,4.2000000000,session_close,0.0799031477,4.1300000000,3.6300000000,0.0582959641,0.0544125561,5.8385804057,5.4496411264,0.3889392793,600.9246602186,100.1541100364,0.1666666667,15754095.0000000000,,,IS
IMMR,short,2020-03-10,09:30,5.7600000000,2020-03-10,16:00,5.5600000000,session_close,0.0607734807,5.4300000000,5.3500000000,0.0347222222,0.0307916667,3.4775732652,3.0839119715,0.3936612936,600.9246602186,100.1541100364,0.1666666667,1705805.0000000000,,,IS
JILL,short,2020-03-10,09:30,3.6400000000,2020-03-10,16:00,3.6000000000,session_close,0.0552253950,3.4495000000,3.1525000000,0.0109890110,0.0070109890,1.1005946158,0.7021793649,0.3984152509,600.9246602186,100.1541100364,0.1666666667,305068.0000000000,,,IS
SMTI,short,2020-03-10,09:30,12.2500000000,2020-03-10,16:00,12.2500000000,session_close,0.1136363636,11.0000000000,12.2500000000,0.0000000000,-0.0040000000,0.0000000000,-0.4006164401,0.4006164401,600.9246602186,100.1541100364,0.1666666667,36300.0000000000,,,IS
VFF,short,2020-03-10,09:30,3.1300000000,2020-03-10,16:00,3.1200000000,session_close,0.0756013746,2.9100000000,2.9700000000,0.0031948882,-0.0007987220,0.3199811822,-0.0799952956,0.3999764778,600.9246602186,100.1541100364,0.1666666667,3540713.0000000000,,,IS
FXNC,short,2020-03-11,09:30,19.2000000000,2020-03-11,16:00,17.0000000000,session_close,0.0696378830,17.9500000000,16.2900000000,0.1145833333,0.1108125000,23.3203626585,22.5529107238,0.7674519348,610.5694950596,203.5231650199,0.3333333333,40196.2500000000,,,IS
SMTI,short,2020-03-11,09:30,13.0000000000,2020-03-11,16:00,11.2500000000,session_close,0.0612244898,12.2500000000,9.7500000000,0.1346153846,0.1308846154,27.3973491373,26.6380511755,0.7592979618,610.5694950596,203.5231650199,0.3333333333,34350.0000000000,,,IS
STRT,short,2020-03-11,09:30,20.3500000000,2020-03-11,16:00,20.3500000000,session_close,0.0619422846,19.1630000000,20.3500000000,0.0000000000,-0.0040000000,0.0000000000,-0.8140926601,0.8140926601,610.5694950596,203.5231650199,0.3333333333,120870.5000000000,,,IS
BGS,short,2020-03-13,09:30,12.7100000000,2020-03-13,16:00,13.8100000000,session_close,0.0928632846,11.6300000000,11.2800000000,-0.0865460268,-0.0907191188,-7.1286487090,-7.4723791885,0.3437304796,658.9463642988,82.3682955373,0.1250000000,25735086.0000000000,,,IS
CLW,short,2020-03-13,09:30,19.1700000000,2020-03-13,16:00,18.8600000000,session_close,0.0703517588,17.9100000000,17.2200000000,0.0161711007,0.0122034429,1.3319859998,1.0051767897,0.3268092101,658.9463642988,82.3682955373,0.1250000000,4734504.0000000000,,,IS
CYH,short,2020-03-13,09:30,3.2500000000,2020-03-13,16:00,2.9000000000,session_close,0.0942760943,2.9700000000,2.7600000000,0.1076923077,0.1039076923,8.8704318271,8.5586995086,0.3117323185,658.9463642988,82.3682955373,0.1250000000,15754095.0000000000,,,IS
III,short,2020-03-13,09:30,1.7300000000,2020-03-13,16:00,1.8900000000,session_close,0.0712074303,1.6150000000,1.7100000000,-0.0924855491,-0.0966705202,-7.6178770439,-7.9625859802,0.3447089362,658.9463642988,82.3682955373,0.1250000000,279006.0000000000,,,IS
IMMR,short,2020-03-13,09:30,4.7400000000,2020-03-13,16:00,4.9000000000,session_close,0.0699774266,4.4300000000,4.4400000000,-0.0337552743,-0.0378227848,-2.7803644063,-3.1153983173,0.3350339110,658.9463642988,82.3682955373,0.1250000000,1971879.0000000000,,,IS
JILL,short,2020-03-13,09:30,2.9000000000,2020-03-13,16:00,3.0000000000,session_close,0.1153846154,2.6000000000,2.6000000000,-0.0344827586,-0.0385517241,-2.8402860530,-3.1754398073,0.3351537543,658.9463642988,82.3682955373,0.1250000000,324719.9999999999,,,IS
LMNR,short,2020-03-13,09:30,12.5000000000,2020-03-13,16:00,14.0200000000,session_close,0.0879025239,11.4900000000,11.6900000000,-0.1216000000,-0.1258432000,-10.0159847373,-10.3654898890,0.3495051516,658.9463642988,82.3682955373,0.1250000000,728120.0000000000,,,IS
ZUMZ,short,2020-03-13,09:30,26.1200000000,2020-03-13,16:00,19.1600000000,session_close,0.4226579521,18.3600000000,17.4100000000,0.2664624809,0.2629954058,21.9480603729,21.6624833115,0.2855770614,658.9463642988,82.3682955373,0.1250000000,9003725.0000000000,,,IS
CYH,short,2020-03-17,09:30,2.7100000000,2020-03-17,16:00,2.7600000000,session_close,0.0669291339,2.5400000000,2.5000000000,-0.0184501845,-0.0224870849,-6.0708619071,-7.3991664923,1.3283045853,658.0814307263,329.0407153632,0.5000000000,15754095.0000000000,,,IS
III,short,2020-03-17,09:30,2.1700000000,2020-03-17,16:00,2.3000000000,session_close,0.0689655172,2.0300000000,2.0000000000,-0.0599078341,-0.0640276498,-19.7121165886,-21.0677036832,1.3555870946,658.0814307263,329.0407153632,0.5000000000,279006.0000000000,,,IS
STRT,short,2020-03-18,09:30,16.9800000000,2020-03-18,16:00,15.5000000000,session_close,0.0500927644,16.1700000000,14.6900000000,0.0871613663,0.0833356890,54.8780653484,52.4693632369,2.4087021115,629.6145605508,629.6145605508,1.0000000000,76126.0000000000,,,IS
ELME,short,2020-03-19,09:30,27.3200000000,2020-03-19,16:00,23.0900000000,session_close,0.2147621165,22.4900000000,22.0200000000,0.1548316252,0.1511412884,52.8040812156,51.5455215305,1.2585596851,682.0839237876,341.0419618938,0.5000000000,15725619.0000000000,,,IS
III,short,2020-03-19,09:30,2.2000000000,2020-03-19,16:00,2.3300000000,session_close,0.0576923077,2.0800000000,2.0800000000,-0.0590909091,-0.0632090909,-20.1524795665,-21.5569523732,1.4044728067,682.0839237876,341.0419618938,0.5000000000,331295.9999999999,,,IS
CYH,short,2020-03-23,09:30,2.8000000000,2020-03-23,16:00,2.8200000000,session_close,0.0646387833,2.6300000000,2.6200000000,-0.0071428571,-0.0111571429,-5.0862320925,-7.9446945284,2.8584624360,712.0724929450,712.0724929450,1.0000000000,14495887.0000000000,,,IS
CYH,short,2020-03-24,09:30,3.1000000000,2020-03-24,16:00,3.5300000000,session_close,0.0992907801,2.8200000000,2.8250000000,-0.1387096774,-0.1429870968,-19.5338679561,-20.1362379307,0.6023699746,704.1277984165,140.8255596833,0.2000000000,13850144.0000000000,,,IS
FNWD,short,2020-03-24,09:30,34.0000000000,2020-03-24,16:00,32.0000000000,session_close,0.0625000000,32.0000000000,32.0000000000,0.0588235294,0.0549411765,8.2838564520,7.7371219261,0.5467345258,704.1277984165,140.8255596833,0.2000000000,26006.0000000000,,,IS
JILL,short,2020-03-24,09:30,2.9500000000,2020-03-24,16:00,2.8365000000,session_close,0.0925925926,2.7000000000,2.7660000000,0.0384745763,0.0345515254,5.4182037370,4.8657379057,0.5524658313,704.1277984165,140.8255596833,0.2000000000,281994.0000000000,,,IS
SMTI,short,2020-03-24,09:30,10.0900000000,2020-03-24,16:00,10.0900000000,session_close,0.1375422773,8.8700000000,10.0900000000,0.0000000000,-0.0040000000,0.0000000000,-0.5633022387,0.5633022387,704.1277984165,140.8255596833,0.2000000000,23050.0000000000,,,IS
STRT,short,2020-03-24,09:30,13.0900000000,2020-03-24,16:00,14.5000000000,session_close,0.1145642641,11.7445000000,13.0900000000,-0.1077158136,-0.1119312452,-15.1691397367,-15.7627802549,0.5936405182,704.1277984165,140.8255596833,0.2000000000,72280.0000000000,,,IS
DSX,short,2020-03-25,09:30,1.4500000000,2020-03-25,16:00,1.4000000000,session_close,0.0902255639,1.3300000000,1.3800000000,0.0344827586,0.0305517241,11.7287644452,10.3916852985,1.3370791468,680.2683378240,340.1341689120,0.5000000000,749320.0000000000,,,IS
VFF,short,2020-03-25,09:30,3.0500000000,2020-03-25,16:00,2.9500000000,session_close,0.1010830325,2.7700000000,2.8100000000,0.0327868852,0.0288524590,11.1519399643,9.8137071686,1.3382327957,680.2683378240,340.1341689120,0.5000000000,2949949.9999999995,,,IS
CHCT,short,2020-03-30,09:30,35.0200000000,2020-03-30,16:00,38.1800000000,session_close,0.0551370895,33.1900000000,33.6350000000,-0.0902341519,-0.0944146202,-21.0688843301,-22.0449870725,0.9761027424,700.4737302911,233.4912434304,0.3333333333,9539478.0000000000,,,IS
DSX,short,2020-03-30,09:30,1.4700000000,2020-03-30,16:00,1.4200000000,session_close,0.0500000000,1.4000000000,1.3900000000,0.0340136054,0.0300816327,7.9418790282,7.0237978126,0.9180812157,700.4737302911,233.4912434304,0.3333333333,692085.0000000000,,,IS
SMTI,short,2020-03-30,09:30,10.0900000000,2020-03-30,16:00,10.0900000000,session_close,0.1211111111,9.0000000000,10.0900000000,0.0000000000,-0.0040000000,0.0000000000,-0.9339649737,0.9339649737,700.4737302911,233.4912434304,0.3333333333,16500.0000000000,,,IS
OSUR,short,2020-04-01,09:30,11.5000000000,2020-04-01,16:00,11.5800000000,session_close,0.0687732342,10.7600000000,10.6000000000,-0.0069565217,-0.0109704348,-4.7618683552,-7.5094663961,2.7475980409,684.5185760575,684.5185760575,1.0000000000,5722612.0000000000,,,IS
AUDC,short,2020-04-06,09:30,26.9400000000,2020-04-06,16:00,26.3900000000,session_close,0.0527549824,25.5900000000,25.0600000000,0.0204157387,0.0164565702,2.3036068443,1.8568746516,0.4467321928,677.0091096613,112.8348516102,0.1666666667,8817256.0000000000,,,IS
CYH,short,2020-04-06,09:30,3.0000000000,2020-04-06,16:00,2.9800000000,session_close,0.0638297872,2.8200000000,2.8600000000,0.0066666667,0.0026800000,0.7522323441,0.3023974023,0.4498349418,677.0091096613,112.8348516102,0.1666666667,9150033.0000000000,,,IS
JILL,short,2020-04-06,09:30,1.7775000000,2020-04-06,16:00,1.8500000000,session_close,0.1467741935,1.5500000000,1.5750000000,-0.0407876231,-0.0448691983,-4.6022653962,-5.0628093334,0.4605439372,677.0091096613,112.8348516102,0.1666666667,172640.0000000000,,,IS
OSUR,short,2020-04-06,09:30,11.3500000000,2020-04-06,16:00,11.1100000000,session_close,0.1008729389,10.3100000000,10.7200000000,0.0211453744,0.0171876652,2.3859351882,1.9393676522,0.4465675361,677.0091096613,112.8348516102,0.1666666667,6496270.0000000000,,,IS
RM,short,2020-04-06,09:30,11.0400000000,2020-04-06,16:00,10.7500000000,session_close,0.0584851390,10.4300000000,10.4800000000,0.0262681159,0.0223206522,2.9639589644,2.5185474759,0.4454114885,677.0091096613,112.8348516102,0.1666666667,1097412.0000000000,,,IS
SMTI,short,2020-04-06,09:30,8.9800000000,2020-04-06,16:00,8.9800000000,session_close,0.0884848485,8.2500000000,8.9800000000,0.0000000000,-0.0040000000,0.0000000000,-0.4513394064,0.4513394064,677.0091096613,112.8348516102,0.1666666667,6404.5000000000,,,IS
AUDC,short,2020-04-07,09:30,27.7600000000,2020-04-07,16:00,27.1800000000,session_close,0.0519136036,26.3900000000,27.0200000000,0.0208933718,0.0169351585,2.8336098408,2.2967873420,0.5368224988,678.1121481034,135.6224296207,0.2000000000,8817256.0000000000,,,IS
CHCT,short,2020-04-07,09:30,34.6500000000,2020-04-07,16:00,31.9100000000,session_close,0.0519125683,32.9400000000,31.4650000000,0.0790764791,0.0752346320,10.7245442182,10.2035035882,0.5210406300,678.1121481034,135.6224296207,0.2000000000,7870533.0000000000,,,IS
CYH,short,2020-04-07,09:30,3.1500000000,2020-04-07,16:00,2.9800000000,session_close,0.0570469799,2.9800000000,2.8450000000,0.0539682540,0.0500761905,7.3193057256,6.7914546185,0.5278511070,678.1121481034,135.6224296207,0.2000000000,9072390.0000000000,,,IS
RM,short,2020-04-07,09:30,11.5500000000,2020-04-07,16:00,12.9500000000,session_close,0.0744186047,10.7500000000,11.5500000000,-0.1212121212,-0.1254545455,-16.4390823783,-17.0144502615,0.5753678832,678.1121481034,135.6224296207,0.2000000000,1014756.0000000001,,,IS
ZUMZ,short,2020-04-07,09:30,18.0500000000,2020-04-07,16:00,19.1600000000,session_close,0.0555555556,17.1000000000,18.0500000000,-0.0614958449,-0.0656188366,-8.3402158936,-8.8993860438,0.5591701503,678.1121481034,135.6224296207,0.2000000000,10625408.0000000000,,,IS
RM,short,2020-04-09,09:30,14.1400000000,2020-04-09,16:00,14.4400000000,session_close,0.0671698113,13.2500000000,13.8800000000,-0.0212164074,-0.0252588402,-7.1233032958,-8.4805300170,1.3572267213,671.4900573467,335.7450286734,0.5000000000,1194375.0000000000,,,IS
ZUMZ,short,2020-04-09,09:30,21.9600000000,2020-04-09,16:00,21.8800000000,session_close,0.0532374101,20.8500000000,21.6900000000,0.0036429872,-0.0003497268,1.2231148586,-0.1174190264,1.3405338850,671.4900573467,335.7450286734,0.5000000000,11188110.0000000000,,,IS
JILL,short,2020-04-13,09:30,2.4000000000,2020-04-13,16:00,2.1275000000,session_close,0.0666666667,2.2500000000,2.0330000000,0.1135416667,0.1097687500,37.6329373985,36.3824190567,1.2505183418,662.8921083033,331.4460541516,0.5000000000,131502.0000000000,,,IS
STRT,short,2020-04-13,09:30,14.5585000000,2020-04-13,16:00,13.1479000000,session_close,0.0730421964,13.5675000000,13.1479000000,0.0968918501,0.0930856338,32.1144214024,30.8528660286,1.2615553738,662.8921083033,331.4460541516,0.5000000000,44772.7500000000,,,IS
JILL,short,2020-04-16,09:30,2.0500000000,2020-04-16,16:00,1.7625000000,session_close,0.0783798001,1.9010000000,1.7500000000,0.1402439024,0.1365243902,102.3959149264,99.6801971827,2.7157177437,730.1273933885,730.1273933885,1.0000000000,102265.9000000000,,,IS
CYH,short,2020-04-17,09:30,3.6000000000,2020-04-17,16:00,3.6700000000,session_close,0.0557184751,3.4100000000,3.4100000000,-0.0194444444,-0.0234833333,-3.2270295189,-3.8973296504,0.6703001315,829.8075905712,165.9615181142,0.2000000000,9072390.0000000000,,,IS
FSBW,short,2020-04-17,09:30,17.3650000000,2020-04-17,16:00,18.9450000000,session_close,0.0565865531,16.4350000000,17.3650000000,-0.0909876188,-0.0951695940,-15.1004433412,-15.7944903004,0.6940469591,829.8075905712,165.9615181142,0.2000000000,843885.0000000000,,,IS
JILL,short,2020-04-17,09:30,1.9000000000,2020-04-17,16:00,1.9500000000,session_close,0.0780141844,1.7625000000,1.8000000000,-0.0263157895,-0.0303684211,-4.3674083714,-5.0399892606,0.6725808892,829.8075905712,165.9615181142,0.2000000000,99000.0000000000,,,IS
RM,short,2020-04-17,09:30,13.5300000000,2020-04-17,16:00,14.0300000000,session_close,0.0520995334,12.8600000000,13.5300000000,-0.0369549150,-0.0410288248,-6.1330937958,-6.8092060558,0.6761122600,829.8075905712,165.9615181142,0.2000000000,1331134.0000000000,,,IS
ZUMZ,short,2020-04-17,09:30,21.4000000000,2020-04-17,16:00,21.6400000000,session_close,0.0505645557,20.3700000000,20.5400000000,-0.0112149533,-0.0152373832,-1.8612506704,-2.5288192442,0.6675685738,829.8075905712,165.9615181142,0.2000000000,9773900.0000000000,,,IS
JILL,short,2020-04-20,09:30,2.1000000000,2020-04-20,16:00,1.8500000000,session_close,0.0769230769,1.9500000000,1.8055000000,0.1190476190,0.1152857143,94.7306852452,91.7371955915,2.9934896537,795.7377560597,795.7377560597,1.0000000000,99000.0000000000,,,IS
SMTI,short,2020-04-23,09:30,11.7000000000,2020-04-23,16:00,12.3000000000,session_close,0.0559566787,11.0800000000,11.7000000000,-0.0512820513,-0.0553846154,-45.5115359821,-49.1524588607,3.6409228786,887.4749516512,887.4749516512,1.0000000000,6060.0000000000,,,IS
STRT,short,2020-04-24,09:30,13.1500000000,2020-04-24,16:00,14.1700000000,session_close,0.0743464052,12.2400000000,13.1498000000,-0.0775665399,-0.0817216730,-65.0257751062,-68.5091166276,3.4833415214,838.3224927905,838.3224927905,1.0000000000,26818.0000000000,,,IS
AUDC,short,2020-04-27,09:30,26.9800000000,2020-04-27,16:00,28.7600000000,session_close,0.1699913270,23.0600000000,26.1000000000,-0.0659747961,-0.0701067457,-10.1576561125,-10.7938221256,0.6361660132,769.8133761630,153.9626752326,0.2000000000,9996771.0000000000,,,IS
DSX,short,2020-04-27,09:30,1.7900000000,2020-04-27,16:00,1.8200000000,session_close,0.0591715976,1.6900000000,1.6600000000,-0.0167597765,-0.0207932961,-2.5803800318,-3.2013914928,0.6210114610,769.8133761630,153.9626752326,0.2000000000,440280.0000000000,,,IS
LMNR,short,2020-04-27,09:30,13.6300000000,2020-04-27,16:00,13.8100000000,session_close,0.0533230294,12.9400000000,13.3300000000,-0.0132061629,-0.0172325752,-2.0332561659,-2.6531733792,0.6199172133,769.8133761630,153.9626752326,0.2000000000,825556.0000000000,,,IS
RM,short,2020-04-27,09:30,13.2700000000,2020-04-27,16:00,14.5600000000,session_close,0.0548489666,12.5800000000,12.7100000000,-0.0972117558,-0.1014061794,-14.9669819932,-15.6127666581,0.6457846649,769.8133761630,153.9626752326,0.2000000000,1331134.0000000000,,,IS
VFF,short,2020-04-27,09:30,3.5000000000,2020-04-27,16:00,3.5300000000,session_close,0.0510510511,3.3300000000,3.2550000000,-0.0085714286,-0.0125885714,-1.3196800734,-1.9381701345,0.6184900611,769.8133761630,153.9626752326,0.2000000000,1789650.0000000000,,,IS
RM,short,2020-04-28,09:30,15.4000000000,2020-04-28,16:00,14.7400000000,session_close,0.0576923077,14.5600000000,14.0200000000,0.0428571429,0.0389428571,31.5263165303,28.6469129538,2.8794035764,735.6140523727,735.6140523727,1.0000000000,1333220.0000000000,,,IS
BGS,short,2020-05-06,09:30,20.7500000000,2020-05-06,16:00,21.0000000000,session_close,0.0624679980,19.5300000000,20.6600000000,-0.0120481928,-0.0160722892,-4.6039817188,-6.1417116129,1.5377298941,764.2609653265,382.1304826633,0.5000000000,19701100.0000000000,,,IS
CLW,short,2020-05-06,09:30,27.0100000000,2020-05-06,16:00,28.9200000000,session_close,0.1002036660,24.5500000000,26.5000000000,-0.0707145502,-0.0748559793,-27.0221851865,-28.6047514875,1.5825663010,764.2609653265,382.1304826633,0.5000000000,3745119.0000000000,,,IS
RM,short,2020-05-07,09:30,14.1300000000,2020-05-07,16:00,14.0300000000,session_close,0.0696442089,13.2100000000,13.4900000000,0.0070771408,0.0030912951,5.1628768735,2.2551446183,2.9077322552,729.5145022261,729.5145022261,1.0000000000,1666250.0000000000,,,IS
OSUR,short,2020-05-11,09:30,17.7800000000,2020-05-11,16:00,17.8700000000,session_close,0.0545670225,16.8600000000,17.2650000000,-0.0050618673,-0.0090719910,-3.7041208220,-6.6386076511,2.9344868290,731.7696468444,731.7696468444,1.0000000000,16991535.0000000000,,,IS
FXNC,short,2020-05-12,09:30,14.7800000000,2020-05-12,16:00,14.1000000000,session_close,0.0557142857,14.0000000000,14.0000000000,0.0460081191,0.0421001353,33.3619151997,30.5281148733,2.8338003264,725.1310391934,725.1310391934,1.0000000000,8305.0000000000,,,IS
JILL,short,2020-05-13,09:30,2.5455000000,2020-05-13,16:00,2.4040000000,session_close,0.1157133465,2.2815000000,2.2500000000,0.0555882931,0.0516994697,42.0058025144,39.0671775032,2.9386250112,755.6591540667,755.6591540667,1.0000000000,156651.4700000000,,,IS
RM,short,2020-05-15,09:30,13.2200000000,2020-05-15,16:00,15.6300000000,session_close,0.0998336106,12.0200000000,13.0000000000,-0.1822995461,-0.1866641452,-144.8782495524,-148.3469113778,3.4686618254,794.7263315698,794.7263315698,1.0000000000,1850090.0000000000,,,IS
ACCO,short,2020-05-18,09:30,5.8900000000,2020-05-18,16:00,6.1800000000,session_close,0.0517857143,5.6000000000,5.8900000000,-0.0492359932,-0.0533344652,-5.3041887905,-5.7457167815,0.4415279910,646.3794201920,107.7299033653,0.1666666667,4511990.0000000000,,,IS
CHCT,short,2020-05-18,09:30,36.5700000000,2020-05-18,16:00,36.4900000000,session_close,0.0548024228,34.6700000000,36.4100000000,0.0021875855,-0.0018080394,0.2356683694,-0.1947799073,0.4304482767,646.3794201920,107.7299033653,0.1666666667,4981932.0000000000,,,IS
CYH,short,2020-05-18,09:30,2.9300000000,2020-05-18,16:00,3.1600000000,session_close,0.0772058824,2.7200000000,2.9200000000,-0.0784982935,-0.0826552901,-8.4566135748,-8.9044464154,0.4478328406,646.3794201920,107.7299033653,0.1666666667,6202707.0000000000,,,IS
III,short,2020-05-18,09:30,2.1400000000,2020-05-18,16:00,1.9800000000,session_close,0.0541871921,2.0300000000,1.8900000000,0.0747663551,0.0709158879,8.0545722142,7.6397617452,0.4148104690,646.3794201920,107.7299033653,0.1666666667,177287.0000000000,,,IS
RM,short,2020-05-18,09:30,16.6200000000,2020-05-18,16:00,16.5200000000,session_close,0.0633397313,15.6300000000,15.4900000000,0.0060168472,0.0020288809,0.6481943644,0.2185711397,0.4296232247,646.3794201920,107.7299033653,0.1666666667,1855766.0000000000,,,IS
ZUMZ,short,2020-05-18,09:30,20.1700000000,2020-05-18,16:00,20.7400000000,session_close,0.0576822234,19.0700000000,19.8150000000,-0.0282597918,-0.0323163114,-3.0444246365,-3.4814330992,0.4370084627,646.3794201920,107.7299033653,0.1666666667,6205860.0000000000,,,IS
DSX,short,2020-05-20,09:30,1.5300000000,2020-05-20,16:00,1.5000000000,session_close,0.0625000000,1.4400000000,1.4700000000,0.0196078431,0.0156470588,12.4688505269,9.9501427205,2.5187078064,635.9113768735,635.9113768735,1.0000000000,582471.0000000000,,,IS
JILL,short,2020-05-21,09:30,3.0475000000,2020-05-21,16:00,2.8210000000,session_close,0.1132420091,2.7375000000,2.7050000000,0.0743232158,0.0704718622,24.0012525329,22.7575319988,1.2437205341,645.8615195939,322.9307597970,0.5000000000,350612.4600000000,,,IS
SMTI,short,2020-05-21,09:30,12.0000000000,2020-05-21,16:00,12.0000000000,session_close,0.0714285714,11.2000000000,12.0000000000,0.0000000000,-0.0040000000,0.0000000000,-1.2917230392,1.2917230392,645.8615195939,322.9307597970,0.5000000000,24035.0000000000,,,IS
OSUR,short,2020-05-22,09:30,15.6000000000,2020-05-22,16:00,14.8700000000,session_close,0.0840861710,14.3900000000,14.3700000000,0.0467948718,0.0428884615,31.2274967849,28.6206424642,2.6068543206,667.3273285535,667.3273285535,1.0000000000,20452560.0000000000,,,IS
DSX,short,2020-05-26,09:30,1.5700000000,2020-05-26,16:00,1.4700000000,session_close,0.0979020979,1.4300000000,1.4600000000,0.0636942675,0.0598216561,22.1639481216,20.8163800758,1.3475680458,695.9479710178,347.9739855089,0.5000000000,582471.0000000000,,,IS
VFF,short,2020-05-26,09:30,5.7400000000,2020-05-26,16:00,5.8700000000,session_close,0.1038461538,5.2000000000,5.6000000000,-0.0226480836,-0.0266933798,-7.8809439227,-9.2886017526,1.4076578299,695.9479710178,347.9739855089,0.5000000000,2028576.0000000000,,,IS
STRT,short,2020-05-28,09:30,13.2600000000,2020-05-28,16:00,12.5400000000,session_close,0.0515463918,12.6100000000,12.5400000000,0.0542986425,0.0504072398,38.4149728149,35.6618997632,2.7530730517,707.4757493410,707.4757493410,1.0000000000,49020.0000000000,,,IS
JILL,short,2020-06-02,09:30,3.0500000000,2020-06-02,16:00,2.8350000000,session_close,0.1054729975,2.7590000000,2.7505000000,0.0704918033,0.0666327869,26.1925564848,24.7586662996,1.4338901852,743.1376491042,371.5688245521,0.5000000000,462756.8400000000,,,IS
STRT,short,2020-06-02,09:30,13.9500000000,2020-06-02,16:00,14.7700000000,session_close,0.0975609756,12.7100000000,12.9000000000,-0.0587813620,-0.0628989247,-21.8413215866,-23.3712795280,1.5299579414,743.1376491042,371.5688245521,0.5000000000,63775.5000000000,,,IS
RM,short,2020-06-03,09:30,17.8700000000,2020-06-03,16:00,17.9800000000,session_close,0.0511764706,17.0000000000,17.5000000000,-0.0061555680,-0.0101678791,-2.2914872397,-3.7851202859,1.4936330462,744.5250358758,372.2625179379,0.5000000000,2097522.0000000000,,,IS
STRT,short,2020-06-03,09:30,15.9100000000,2020-06-03,16:00,16.9300000000,session_close,0.0771834800,14.7700000000,14.8400000000,-0.0641106223,-0.0682388435,-23.8659816654,-25.4027637005,1.5367820351,744.5250358758,372.2625179379,0.5000000000,75096.0000000000,,,IS
STRT,short,2020-06-04,09:30,17.7900000000,2020-06-04,16:00,16.8000000000,session_close,0.0507974011,16.9300000000,16.0000000000,0.0556492411,0.0517605396,39.8079696667,37.0262369985,2.7817326682,715.3371518894,715.3371518894,1.0000000000,75990.0000000000,,,IS
BOOM,short,2020-06-05,09:30,34.4400000000,2020-06-05,16:00,34.4300000000,session_close,0.0500000000,32.8000000000,33.5800000000,0.0002903600,-0.0037090592,0.1092281343,-1.3952801872,1.5045083215,752.3633888879,376.1816944439,0.5000000000,3778624.0000000000,,,IS
DSX,short,2020-06-05,09:30,1.9200000000,2020-06-05,16:00,1.8800000000,session_close,0.0549450549,1.8200000000,1.8200000000,0.0208333333,0.0168750000,7.8371186342,6.3480660937,1.4890525405,752.3633888879,376.1816944439,0.5000000000,579212.0000000000,,,IS
CLW,short,2020-06-08,09:30,35.0000000000,2020-06-08,16:00,38.4800000000,session_close,0.0612492420,32.9800000000,34.6400000000,-0.0994285714,-0.1036274286,-37.6494326898,-39.2393639047,1.5899312150,757.3161747944,378.6580873972,0.5000000000,5775858.0000000000,,,IS
JILL,short,2020-06-08,09:30,3.7500000000,2020-06-08,16:00,3.6790000000,session_close,0.1195700851,3.3495000000,3.3555000000,0.0189333333,0.0149712000,7.1692597881,5.6689659580,1.5002938300,757.3161747944,378.6580873972,0.5000000000,462756.8400000000,,,IS
JILL,short,2020-06-09,09:30,4.1000000000,2020-06-09,16:00,4.2930000000,session_close,0.1144332699,3.6790000000,3.4060000000,-0.0470731707,-0.0511673171,-34.0690085199,-37.0321296443,2.9631211244,723.7457768477,723.7457768477,1.0000000000,462756.8400000000,,,IS
JILL,short,2020-06-10,09:30,4.6710000000,2020-06-10,16:00,4.4435000000,session_close,0.0880503145,4.2930000000,3.6505000000,0.0487047741,0.0448021837,33.4462330847,30.7662709621,2.6799621226,686.7136472033,686.7136472033,1.0000000000,471650.3100000001,,,IS
CYH,short,2020-06-12,09:30,3.3000000000,2020-06-12,16:00,3.0400000000,session_close,0.0679611650,3.0900000000,2.9400000000,0.0787878788,0.0749454545,8.0755315465,7.6816940849,0.3938374616,717.4799181654,102.4971311665,0.1428571429,5426233.0000000000,,,IS
DSX,short,2020-06-12,09:30,1.8100000000,2020-06-12,16:00,1.6800000000,session_close,0.0647058824,1.7000000000,1.6700000000,0.0718232044,0.0679668508,7.3616724042,6.9664072244,0.3952651799,717.4799181654,102.4971311665,0.1428571429,454070.0000000000,,,IS
JILL,short,2020-06-12,09:30,3.8500000000,2020-06-12,16:00,3.3710000000,session_close,0.0897254458,3.5330000000,3.2550000000,0.1244155844,0.1206644156,12.7522404750,12.3677564313,0.3844840437,717.4799181654,102.4971311665,0.1428571429,571079.8800000000,,,IS
RM,short,2020-06-12,09:30,19.4900000000,2020-06-12,16:00,19.3500000000,session_close,0.0615468410,18.3600000000,18.7300000000,0.0071831709,0.0031975372,0.7362544055,0.3277383897,0.4085160159,717.4799181654,102.4971311665,0.1428571429,2121530.0000000000,,,IS
SMTI,short,2020-06-12,09:30,17.2500000000,2020-06-12,16:00,16.0000000000,session_close,0.0781250000,16.0000000000,15.9500000000,0.0724637681,0.0686086957,7.4273283454,7.0321944774,0.3951338680,717.4799181654,102.4971311665,0.1428571429,17743.0000000000,,,IS
STRT,short,2020-06-12,09:30,20.5600000000,2020-06-12,16:00,19.0000000000,session_close,0.0820995679,19.0001000000,19.0000000000,0.0758754864,0.0720272374,7.7770196799,7.3825851946,0.3944344853,717.4799181654,102.4971311665,0.1428571429,161699.5000000000,,,IS
VFF,short,2020-06-12,09:30,6.3200000000,2020-06-12,16:00,6.0700000000,session_close,0.0934256055,5.7800000000,5.9118000000,0.0395569620,0.0356360759,4.0544751253,3.6525955508,0.4018795744,717.4799181654,102.4971311665,0.1428571429,8980752.0000000000,,,IS
ACCO,short,2020-06-16,09:30,7.0500000000,2020-06-16,16:00,6.9400000000,session_close,0.0553892216,6.6800000000,6.7300000000,0.0156028369,0.0116340426,2.3806524212,1.7751010144,0.6055514068,762.8908895185,152.5781779037,0.2000000000,3225465.0000000000,,,IS
AUDC,short,2020-06-16,09:30,34.5800000000,2020-06-16,16:00,34.0300000000,session_close,0.0507444546,32.9100000000,33.6900000000,0.0159051475,0.0119369578,2.4267784224,1.8213192676,0.6054591548,762.8908895185,152.5781779037,0.2000000000,22754304.0000000000,,,IS
III,short,2020-06-16,09:30,2.1800000000,2020-06-16,16:00,2.0500000000,session_close,0.0582524272,2.0600000000,1.9600000000,0.0596330275,0.0557522936,9.0986986823,8.5065833681,0.5921153143,762.8908895185,152.5781779037,0.2000000000,402300.0000000000,,,IS
JILL,short,2020-06-16,09:30,5.4500000000,2020-06-16,16:00,4.2865000000,session_close,0.6005873715,3.4050000000,3.9050000000,0.2134862385,0.2099132110,32.5733412827,32.0281752537,0.5451660290,762.8908895185,152.5781779037,0.2000000000,592419.5400000000,,,IS
RM,short,2020-06-16,09:30,20.3800000000,2020-06-16,16:00,19.5100000000,session_close,0.0592515593,19.2400000000,19.4500000000,0.0426889107,0.0387742885,6.5133962108,5.9161102916,0.5972859192,762.8908895185,152.5781779037,0.2000000000,2097522.0000000000,,,IS
DSX,short,2020-06-17,09:30,1.9300000000,2020-06-17,16:00,1.7600000000,session_close,0.0722222222,1.8000000000,1.7550000000,0.0880829016,0.0842590674,71.6059535655,68.4974127578,3.1085408077,812.9381787139,812.9381787139,1.0000000000,536375.0000000000,,,IS
HDSN,short,2020-06-18,09:30,1.0500000000,2020-06-18,16:00,1.0000000000,session_close,0.0500000000,1.0000000000,0.9516000000,0.0476190476,0.0437142857,20.9865617017,19.2656636422,1.7208980595,881.4355914717,440.7177957358,0.5000000000,125545.3500000000,,,IS
SMTI,short,2020-06-18,09:30,16.2500000000,2020-06-18,16:00,16.0000000000,session_close,0.0833333333,15.0000000000,16.0000000000,0.0153846154,0.0114153846,6.7802737806,5.0309631452,1.7493106354,881.4355914717,440.7177957358,0.5000000000,36137.5000000000,,,IS
FXNC,short,2020-06-24,09:30,16.2400000000,2020-06-24,16:00,14.9900000000,session_close,0.0833889260,14.9900000000,14.9900000000,0.0769704433,0.0731243842,69.7146103956,66.2311107433,3.4834996522,905.7322182590,905.7322182590,1.0000000000,45310.0000000000,,,IS
SMTI,short,2020-06-29,09:30,18.0000000000,2020-06-29,16:00,18.0000000000,session_close,0.1612903226,15.5000000000,15.1500000000,0.0000000000,-0.0040000000,0.0000000000,-3.8878533160,3.8878533160,971.9633290023,971.9633290023,1.0000000000,32550.0000000000,,,IS
SMTI,short,2020-07-02,09:30,17.9900000000,2020-07-02,16:00,18.1000000000,session_close,0.1898148148,15.1200000000,15.7500000000,-0.0061145081,-0.0101267371,-5.9193052988,-9.8034458121,3.8841405133,968.0754756863,968.0754756863,1.0000000000,34975.0000000000,,,IS
SMTI,short,2020-07-10,09:30,18.5000000000,2020-07-10,16:00,18.8000000000,session_close,0.1005353956,16.8100000000,17.1500000000,-0.0162162162,-0.0202486486,-15.5395464304,-19.4037136427,3.8641672124,958.2720298742,958.2720298742,1.0000000000,43180.0000000000,,,IS
JILL,short,2020-07-16,09:30,5.6500000000,2020-07-16,16:00,4.3495000000,session_close,0.7936507937,3.1500000000,3.8955000000,0.2301769912,0.2266373451,216.1058841166,212.7826226199,3.3232614967,938.8683162314,938.8683162314,1.0000000000,391915.9200000000,,,IS
JILL,short,2020-07-23,09:30,4.0165000000,2020-07-23,16:00,3.2990000000,session_close,0.2273491215,3.2725000000,3.2515000000,0.1786381178,0.1749953940,205.7287560378,201.5336097945,4.1951462433,1151.6509388514,1151.6509388514,1.0000000000,391915.9200000000,,,IS
FSBW,short,2020-07-24,09:30,17.9950000000,2020-07-24,16:00,18.5850000000,session_close,0.0538799414,17.0750000000,17.8000000000,-0.0327868852,-0.0368524590,-44.3667065130,-49.8681781206,5.5014716076,1353.1845486458,1353.1845486458,1.0000000000,334689.0000000000,,,IS
IMMR,short,2020-07-27,09:30,6.4800000000,2020-07-27,16:00,6.6800000000,session_close,0.0622950820,6.1000000000,6.3800000000,-0.0308641975,-0.0349259259,-20.1129069526,-22.7597655075,2.6468585550,1303.3163705253,651.6581852626,0.5000000000,1668205.0000000000,,,IS
SMTI,short,2020-07-27,09:30,23.8400000000,2020-07-27,16:00,24.5000000000,session_close,0.0642857143,22.4000000000,22.5000000000,-0.0276845638,-0.0317399329,-18.0408725786,-20.6835870648,2.6427144862,1303.3163705253,651.6581852626,0.5000000000,132130.0000000000,,,IS
JILL,short,2020-07-28,09:30,3.6000000000,2020-07-28,16:00,3.4220000000,session_close,0.0746268657,3.3500000000,3.3500000000,0.0494444444,0.0455433333,62.2937214432,57.3788168143,4.9149046289,1259.8730179530,1259.8730179530,1.0000000000,435153.0000000000,,,IS
ACCO,short,2020-07-29,09:30,7.2000000000,2020-07-29,16:00,6.9900000000,session_close,0.0557184751,6.8200000000,6.8500000000,0.0291666667,0.0252250000,12.8066150602,11.0758925107,1.7307225496,1317.2518347673,439.0839449224,0.3333333333,3392200.0000000000,,,IS
CYH,short,2020-07-29,09:30,4.8900000000,2020-07-29,16:00,4.5000000000,session_close,0.1868932039,4.1200000000,4.4200000000,0.0797546012,0.0759141104,35.0189649325,33.3326670826,1.6862978498,1317.2518347673,439.0839449224,0.3333333333,4359082.0000000000,,,IS
SMTI,short,2020-07-29,09:30,24.5000000000,2020-07-29,16:00,24.9200000000,session_close,0.0606060606,23.1000000000,21.7200000000,-0.0171428571,-0.0211771429,-7.5271533415,-9.2985434279,1.7713900864,1317.2518347673,439.0839449224,0.3333333333,154770.0000000000,,,IS
JILL,short,2020-07-30,09:30,3.3500000000,2020-07-30,16:00,3.2000000000,session_close,0.0633232820,3.1505000000,3.1500000000,0.0447761194,0.0408656716,60.5535157134,55.2651753411,5.2883403723,1352.3618509327,1352.3618509327,1.0000000000,435153.0000000000,,,IS
CLW,short,2020-08-05,09:30,41.3200000000,2020-08-05,16:00,39.1300000000,session_close,0.0802614379,38.2500000000,38.0200000000,0.0530009681,0.0491069700,74.6055950518,69.1242981368,5.4812969150,1407.6270262738,1407.6270262738,1.0000000000,3721796.0000000000,,,IS
OSUR,short,2020-08-07,09:30,13.7700000000,2020-08-07,16:00,14.0500000000,session_close,0.0519480519,13.0900000000,13.3050000000,-0.0203340595,-0.0243747277,-30.0283493707,-35.9954113671,5.9670619964,1476.7513244106,1476.7513244106,1.0000000000,19178304.0000000000,,,IS
JILL,short,2020-08-26,09:30,2.1740000000,2020-08-26,16:00,1.9750000000,session_close,0.0815920398,2.0100000000,1.9150000000,0.0915363385,0.0877194112,131.8815210192,126.3822604090,5.4992606101,1440.7559130434,1440.7559130434,1.0000000000,255344.9400000000,,,IS
VFF,short,2020-09-08,09:30,6.0000000000,2020-09-08,16:00,5.7300000000,session_close,0.1472275335,5.2300000000,5.4100000000,0.0450000000,0.0410900000,70.5212178054,64.3937075472,6.1275102582,1567.1381734525,1567.1381734525,1.0000000000,4900818.0000000000,,,IS
STRT,short,2020-09-10,09:30,18.3895000000,2020-09-10,16:00,17.4300000000,session_close,0.0593029954,17.3600000000,17.3501000000,0.0521765138,0.0482808668,85.1276456575,78.7717734248,6.3558722327,1631.5318809996,1631.5318809996,1.0000000000,252600.0000000000,,,IS
JILL,short,2020-09-11,09:30,3.0000000000,2020-09-11,16:00,2.4965000000,session_close,0.0845986985,2.7660000000,2.4750000000,0.1678333333,0.1641690000,143.5229816671,140.3894203216,3.1335613455,1710.3036544245,855.1518272122,0.5000000000,283120.8000000000,,,IS
ZUMZ,short,2020-09-11,09:30,27.6500000000,2020-09-11,16:00,28.4400000000,session_close,0.0976578007,25.1900000000,26.6700000000,-0.0285714286,-0.0326285714,-24.4329093489,-27.9023824765,3.4694731275,1710.3036544245,855.1518272122,0.5000000000,8203455.0000000000,,,IS
JILL,short,2020-09-14,09:30,4.1005000000,2020-09-14,16:00,3.4330000000,session_close,0.6424994993,2.4965000000,3.0500000000,0.1627850262,0.1591105963,296.7230306280,290.0253139201,6.6977167078,1822.7906922696,1822.7906922696,1.0000000000,283120.8000000000,,,IS
FXNC,short,2020-09-18,09:30,14.9600000000,2020-09-18,16:00,14.0250000000,session_close,0.0524094267,14.2150000000,14.0250000000,0.0625000000,0.0586250000,132.0510003869,123.8638383629,8.1871620240,2112.8160061898,2112.8160061898,1.0000000000,25985.0000000000,,,IS
JILL,short,2020-10-01,09:30,2.8500000000,2020-10-01,16:00,2.9990000000,session_close,0.0565338276,2.6975000000,2.7000000000,-0.0522807018,-0.0563852632,-116.9351918731,-126.1157816351,9.1805897620,2236.6798445526,2236.6798445526,1.0000000000,476960.5600000000,,,IS
FNWD,short,2020-10-06,09:30,32.9000000000,2020-10-06,16:00,32.9000000000,session_close,0.0612903226,31.0000000000,32.9000000000,0.0000000000,-0.0040000000,0.0000000000,-4.2211281258,4.2211281258,2110.5640629176,1055.2820314588,0.5000000000,,,,IS
NAGE,short,2020-10-06,09:30,4.3000000000,2020-10-06,16:00,5.1900000000,session_close,0.0565110565,4.0700000000,4.1900000000,-0.2069767442,-0.2113906977,-218.4188390694,-223.0768048734,4.6579658040,2110.5640629176,1055.2820314588,0.5000000000,759093.0000000000,,,IS
NAGE,short,2020-10-07,09:30,5.5200000000,2020-10-07,16:00,5.0400000000,session_close,0.0635838150,5.1900000000,4.9000000000,0.0869565217,0.0831304348,81.8811360834,78.2783660957,3.6027699877,1883.2661299184,941.6330649592,0.5000000000,759093.0000000000,,,IS
SMTI,short,2020-10-07,09:30,26.4600000000,2020-10-07,16:00,26.0000000000,session_close,0.0800000000,24.5000000000,26.0000000000,0.0173847317,0.0134195011,16.3700381663,12.6362459828,3.7337921835,1883.2661299184,941.6330649592,0.5000000000,110775.0000000000,,,IS
JILL,short,2020-10-12,09:30,3.6500000000,2020-10-12,16:00,3.4245000000,session_close,0.1062282164,3.2995000000,3.2505000000,0.0617808219,0.0579043836,121.9665088549,114.3137189046,7.6527899503,1974.1807419970,1974.1807419970,1.0000000000,417936.5800000000,,,IS
JILL,short,2020-10-13,09:30,5.5000000000,2020-10-13,16:00,4.4495000000,session_close,0.6060738794,3.4245000000,4.0005000000,0.1910000000,0.1873820000,398.9024420322,391.3462690727,7.5561729595,2088.4944609016,2088.4944609016,1.0000000000,462306.5400000000,,,IS
OSUR,short,2020-10-19,09:30,16.0700000000,2020-10-19,16:00,15.9400000000,session_close,0.1636495293,13.8100000000,15.3550000000,0.0080896080,0.0041057872,20.0609393215,10.1816982803,9.8792410413,2479.8407299742,2479.8407299742,1.0000000000,19192491.0000000000,,,IS
BOOM,short,2020-10-23,09:30,37.4000000000,2020-10-23,16:00,37.4100000000,session_close,0.0784313725,34.6800000000,36.0650000000,-0.0002673797,-0.0042679144,-0.3328906990,-5.3136013369,4.9807106379,2490.0224282545,1245.0112141272,0.5000000000,2583852.0000000000,,,IS
STRT,short,2020-10-23,09:30,27.2000000000,2020-10-23,16:00,28.7550000000,session_close,0.1698924731,23.2500000000,27.2000000000,-0.0571691176,-0.0612834559,-71.1761925723,-76.2985898140,5.1223972417,2490.0224282545,1245.0112141272,0.5000000000,98060.0000000000,,,IS
AUDC,short,2020-10-27,09:30,34.1000000000,2020-10-27,16:00,31.2900000000,session_close,0.0839160839,31.4600000000,30.5100000000,0.0824046921,0.0785695015,198.4643039959,189.2275916555,9.2367123404,2408.4102371036,2408.4102371036,1.0000000000,5176758.0000000000,,,IS
CYH,short,2020-10-28,09:30,4.9800000000,2020-10-28,16:00,5.7100000000,session_close,0.1343963554,4.3900000000,4.8000000000,-0.1465863454,-0.1508795181,-380.7782359426,-391.9303437295,11.1521077869,2597.6378287591,2597.6378287591,1.0000000000,5131280.0000000000,,,IS
RM,short,2020-10-30,09:30,22.3700000000,2020-10-30,16:00,20.3200000000,session_close,0.1229919679,19.9200000000,18.9900000000,0.0916405901,0.0878238713,202.1323354631,193.7137701940,8.4185652692,2205.7074850296,2205.7074850296,1.0000000000,531544.0000000000,,,IS
VFF,short,2020-11-06,09:30,6.2500000000,2020-11-06,16:00,5.9600000000,session_close,0.0539629005,5.9300000000,5.8413000000,0.0464000000,0.0424928000,111.3331462424,101.9581275140,9.3750187284,2399.4212552235,2399.4212552235,1.0000000000,5148475.0000000000,,,IS
ACCO,short,2020-11-09,09:30,6.3300000000,2020-11-09,16:00,6.6800000000,session_close,0.1008695652,5.7500000000,6.1000000000,-0.0552922591,-0.0594028436,-11.5255764081,-12.3824206885,0.8568442804,2501.3793827375,208.4482818948,0.0833333333,2891106.0000000000,,,IS
BOOM,short,2020-11-09,09:30,38.2100000000,2020-11-09,16:00,38.2100000000,session_close,0.0805995475,35.3600000000,37.3300000000,0.0000000000,-0.0040000000,0.0000000000,-0.8337931276,0.8337931276,2501.3793827375,208.4482818948,0.0833333333,2585939.0000000000,,,IS
CHCT,short,2020-11-09,09:30,49.3100000000,2020-11-09,16:00,45.6400000000,session_close,0.0543083173,46.7700000000,45.5900000000,0.0744270939,0.0705759481,15.5141998490,14.7114351211,0.8027647279,2501.3793827375,208.4482818948,0.0833333333,3372117.0000000000,,,IS
ELME,short,2020-11-09,09:30,18.9900000000,2020-11-09,16:00,20.3200000000,session_close,0.0674536256,17.7900000000,18.9900000000,-0.0700368615,-0.0741769352,-14.5990634502,-15.4620547047,0.8629912545,2501.3793827375,208.4482818948,0.0833333333,5178669.0000000000,,,IS
FSBW,short,2020-11-09,09:30,24.3000000000,2020-11-09,16:00,23.5500000000,session_close,0.0683666740,22.7450000000,23.5500000000,0.0308641975,0.0269259259,6.4335889474,5.6126629977,0.8209259497,2501.3793827375,208.4482818948,0.0833333333,439838.0000000000,,,IS
III,short,2020-11-09,09:30,2.5700000000,2020-11-09,16:00,2.5100000000,session_close,0.0663900415,2.4100000000,2.4400000000,0.0233463035,0.0193929961,4.8664968536,4.0424367197,0.8240601339,2501.3793827375,208.4482818948,0.0833333333,96036.0000000000,,,IS
IMMR,short,2020-11-09,09:30,7.6700000000,2020-11-09,16:00,7.2800000000,session_close,0.0608575380,7.2300000000,7.0200000000,0.0508474576,0.0469491525,10.5990651811,9.7864701839,0.8125949972,2501.3793827375,208.4482818948,0.0833333333,1710224.0000000000,,,IS
LMNR,short,2020-11-09,09:30,15.1400000000,2020-11-09,16:00,14.4800000000,session_close,0.0837508948,13.9700000000,14.4500000000,0.0435931308,0.0396803170,9.0869132134,8.2712939122,0.8156193012,2501.3793827375,208.4482818948,0.0833333333,313664.0000000000,,,IS
NAGE,short,2020-11-09,09:30,4.7300000000,2020-11-09,16:00,4.8100000000,session_close,0.0534521158,4.4900000000,4.7000000000,-0.0169133192,-0.0209471459,-3.5255523365,-4.3663965687,0.8408442323,2501.3793827375,208.4482818948,0.0833333333,1013760.0000000000,,,IS
STRT,short,2020-11-09,09:30,32.0000000000,2020-11-09,16:00,33.5100000000,session_close,0.0599536270,30.1900000000,31.3400000000,-0.0471875000,-0.0512818750,-9.8361533019,-10.6896187361,0.8534654342,2501.3793827375,208.4482818948,0.0833333333,203040.0000000000,,,IS
VFF,short,2020-11-09,09:30,6.5300000000,2020-11-09,16:00,6.1100000000,session_close,0.0956375839,5.9600000000,5.9700000000,0.0643185299,0.0604471669,13.4070870438,12.6001080903,0.8069789535,2501.3793827375,208.4482818948,0.0833333333,5148475.0000000000,,,IS
ZUMZ,short,2020-11-09,09:30,32.4700000000,2020-11-09,16:00,35.1200000000,session_close,0.0845023380,29.9400000000,31.2400000000,-0.0816137974,-0.0857770249,-17.0122558368,-17.8800734761,0.8678176393,2501.3793827375,208.4482818948,0.0833333333,6103340.0000000000,,,IS
ACCO,short,2020-11-12,09:30,7.1000000000,2020-11-12,16:00,6.7100000000,session_close,0.0549777117,6.7300000000,6.6100000000,0.0549295775,0.0510394366,137.0377293887,127.3326471176,9.7050822711,2494.7894324607,2494.7894324607,1.0000000000,3607264.0000000000,,,IS
STRT,short,2020-11-30,09:30,44.9500000000,2020-11-30,16:00,44.3000000000,session_close,0.0883777240,41.3000000000,41.8000000000,0.0144605117,0.0104894327,37.9172269572,27.5045730928,10.4126538644,2622.1220795783,2622.1220795783,1.0000000000,587136.0000000000,,,IS
OSUR,short,2020-12-07,09:30,13.2600000000,2020-12-07,16:00,12.7500000000,session_close,0.1152228764,11.8900000000,12.7000000000,0.0384615385,0.0345384615,101.9087174104,91.5140282346,10.3946891759,2649.6266526711,2649.6266526711,1.0000000000,16077696.0000000000,,,IS
DSX,short,2020-12-15,09:30,1.9200000000,2020-12-15,16:00,1.9600000000,session_close,0.0666666667,1.8000000000,1.8700000000,-0.0208333333,-0.0248750000,-57.1070975189,-68.1858744375,11.0787769187,2741.1406809057,2741.1406809057,1.0000000000,603039.0000000000,,,IS
CLW,short,2020-12-22,09:30,37.1100000000,2020-12-22,16:00,36.8100000000,session_close,0.0725433526,34.6000000000,36.4100000000,0.0080840744,0.0041002425,21.6083654525,10.9597629575,10.6486024950,2672.9548064682,2672.9548064682,1.0000000000,4478953.0000000000,,,IS
OSUR,short,2020-12-23,09:30,12.5300000000,2020-12-23,16:00,11.6500000000,session_close,0.0645709431,11.7700000000,11.5600000000,0.0702314445,0.0663719074,188.4951972143,178.1365293310,10.3586678833,2683.9145694256,2683.9145694256,1.0000000000,13198800.0000000000,,,IS
HDSN,short,2020-12-29,09:30,1.1100000000,2020-12-29,16:00,1.1000000000,session_close,0.0673076923,1.0400000000,1.0300000000,0.0090090090,0.0050270270,12.8921220665,7.1938041131,5.6983179534,2862.0510987566,1431.0255493783,0.5000000000,2121488.0000000000,,,IS
IMMR,short,2020-12-29,09:30,10.8500000000,2020-12-29,16:00,12.9400000000,session_close,0.1518046709,9.4200000000,10.0238000000,-0.1926267281,-0.1970119816,-275.6537694194,-281.9291791558,6.2754097364,2862.0510987566,1431.0255493783,0.5000000000,2729075.0000000000,,,IS
VFF,short,2021-01-06,09:30,11.7500000000,2021-01-06,16:00,11.8600000000,session_close,0.0809567617,10.8700000000,11.4100000000,-0.0093617021,-0.0133804255,-24.2216791156,-34.6193853687,10.3977062531,2587.3157237139,2587.3157237139,1.0000000000,17445296.0000000000,,,IS
VFF,short,2021-01-07,09:30,12.5000000000,2021-01-07,16:00,12.5000000000,session_close,0.0539629005,11.8600000000,12.1000000000,0.0000000000,-0.0040000000,0.0000000000,-10.2107853534,10.2107853534,2552.6963383452,2552.6963383452,1.0000000000,17445296.0000000000,,,IS
III,short,2021-01-11,09:30,3.7500000000,2021-01-11,16:00,3.9500000000,session_close,0.0714285714,3.5000000000,3.7000000000,-0.0533333333,-0.0574400000,-67.7996147464,-73.0201850819,5.2205703355,2542.4855529919,1271.2427764959,0.5000000000,461835.0000000000,,,IS
SMTI,short,2021-01-11,09:30,32.3700000000,2021-01-11,16:00,34.9800000000,session_close,0.0718543046,30.2000000000,31.3100000000,-0.0806302132,-0.0847914736,-102.5005760474,-107.7905483055,5.2899722581,2542.4855529919,1271.2427764959,0.5000000000,769748.0000000000,,,IS
SMTI,short,2021-01-19,09:30,42.4900000000,2021-01-19,16:00,39.2000000000,session_close,0.1342765617,37.4600000000,37.5700000000,0.0774299835,0.0735848435,182.8644423746,173.7834719810,9.0809703937,2361.6748196044,2361.6748196044,1.0000000000,791542.0000000000,,,IS
JILL,short,2021-01-25,09:30,4.4400000000,2021-01-25,16:00,4.5000000000,session_close,0.1017369727,4.0300000000,3.9100000000,-0.0135135135,-0.0175405405,-34.2629498863,-44.4733089524,10.2103590661,2535.4582915854,2535.4582915854,1.0000000000,319661.0000000000,,,IS
AUDC,short,2021-01-26,09:30,35.6800000000,2021-01-26,16:00,32.9400000000,session_close,0.0593824228,33.6800000000,31.6800000000,0.0767937220,0.0729473094,191.2920081955,181.7106522813,9.5813559141,2490.9849826330,2490.9849826330,1.0000000000,6303440.0000000000,,,IS
HDSN,short,2021-01-27,09:30,1.4400000000,2021-01-27,16:00,1.6600000000,session_close,0.0588235294,1.3600000000,1.3600000000,-0.1527777778,-0.1570833333,-204.1642498893,-209.9179696589,5.7537197696,2672.6956349143,1336.3478174572,0.5000000000,492680.0000000001,,,IS
JILL,short,2021-01-27,09:30,5.2300000000,2021-01-27,16:00,6.5000000000,session_close,0.2541966427,4.1700000000,4.4100000000,-0.2428298279,-0.2473154876,-324.5051105489,-330.4995120398,5.9944014909,2672.6956349143,1336.3478174572,0.5000000000,319661.0000000000,,,IS
JILL,short,2021-01-29,09:30,4.5100000000,2021-01-29,16:00,4.0300000000,session_close,0.0537383178,4.2800000000,3.9200000000,0.1064301552,0.1026430155,113.4693473995,109.4317297879,4.0376176116,2132.2781532157,1066.1390766078,0.5000000000,416799.0000000000,,,IS
STRT,short,2021-01-29,09:30,51.5000000000,2021-01-29,16:00,54.7500000000,session_close,0.1444444444,45.0000000000,46.6849000000,-0.0631067961,-0.0672330097,-67.2806213393,-71.6797388884,4.3991175491,2132.2781532157,1066.1390766078,0.5000000000,1158846.0000000000,,,IS
DSX,short,2021-02-01,09:30,2.4100000000,2021-02-01,16:00,2.5000000000,session_close,0.1055045872,2.1800000000,2.3200000000,-0.0373443983,-0.0414190871,-81.0384701122,-89.8806676289,8.8421975167,2170.0301441151,2170.0301441151,1.0000000000,1252422.0000000000,,,IS
IMMR,short,2021-02-04,09:30,14.8800000000,2021-02-04,16:00,14.2300000000,session_close,0.0651395848,13.9700000000,13.6700000000,0.0436827957,0.0397701613,90.8667446046,82.7278801878,8.1388644167,2080.1494764862,2080.1494764862,1.0000000000,12909526.5000000000,,,IS
DSX,short,2021-02-09,09:30,3.0600000000,2021-02-09,16:00,3.0000000000,session_close,0.1769230769,2.6000000000,2.8289000000,0.0196078431,0.0156470588,42.4093599348,33.8426692280,8.5666907068,2162.8773566741,2162.8773566741,1.0000000000,1725880.0000000000,,,IS
VFF,short,2021-02-10,09:30,19.7600000000,2021-02-10,16:00,19.3700000000,session_close,0.1240045506,17.5800000000,17.0000000000,0.0197368421,0.0157763158,43.3563163007,34.6561488297,8.7001674710,2196.7200259020,2196.7200259020,1.0000000000,46236387.0000000000,,,IS
SMTI,short,2021-02-16,09:30,33.8542000000,2021-02-16,16:00,36.0000000000,session_close,0.1284733333,30.0000000000,33.0001000000,-0.0633835684,-0.0675103355,-141.4325843098,-150.6409541773,9.2083698675,2231.3761747317,2231.3761747317,1.0000000000,433400.0000000000,,,IS
NAGE,short,2021-02-22,09:30,8.8400000000,2021-02-22,16:00,9.6100000000,session_close,0.0637785800,8.3100000000,7.9200000000,-0.0871040724,-0.0912782805,-181.2405112926,-189.9259331974,8.6854219048,2080.7352205544,2080.7352205544,1.0000000000,1823493.0000000000,,,IS
NAGE,short,2021-02-26,09:30,20.3500000000,2021-02-26,16:00,13.9300000000,session_close,0.0859124867,18.7400000000,13.7600000000,0.3154791155,0.3121100737,596.5108415151,590.1406260487,6.3702154664,1890.8092873570,1890.8092873570,1.0000000000,3239880.0000000000,,,IS
SMTI,short,2021-03-01,09:30,34.3000000000,2021-03-01,16:00,33.9800000000,session_close,0.0789556464,31.7900000000,32.4700000000,0.0093294461,0.0053481050,23.1458884050,13.2683805281,9.8775078768,2480.9499134056,2480.9499134056,1.0000000000,869200.0000000000,,,IS
SMTI,short,2021-03-09,09:30,30.3200000000,2021-03-09,16:00,30.4200000000,session_close,0.0546086957,28.7500000000,29.6400000000,-0.0032981530,-0.0073047493,-8.2263136343,-18.2196394374,9.9933258030,2494.2182939338,2494.2182939338,1.0000000000,1074844.0000000000,,,IS
NAGE,short,2021-03-10,09:30,14.2600000000,2021-03-10,16:00,10.7500000000,session_close,0.2443280977,11.4600000000,10.6600000000,0.2461430575,0.2426353436,609.4498791923,600.7647843327,8.6850948596,2475.9986544964,2475.9986544964,1.0000000000,16732746.0000000019,,,IS
DSX,short,2021-03-26,09:30,3.3100000000,2021-03-26,16:00,3.2300000000,session_close,0.0541401274,3.1400000000,3.0700000000,0.0241691843,0.0202175227,74.3628625699,62.2045345397,12.1583280302,3076.7634388291,3076.7634388291,1.0000000000,3221504.0000000000,,,IS
SMTI,short,2021-04-15,09:30,32.4900000000,2021-04-15,16:00,29.8500000000,session_close,0.0921008403,29.7500000000,29.6300000000,0.0812557710,0.0774182825,255.0592628407,243.0135094729,12.0457533678,3138.9679733689,3138.9679733689,1.0000000000,460152.0000000000,,,IS
CYH,short,2021-05-05,09:30,13.4200000000,2021-05-05,16:00,13.8400000000,session_close,0.0744595677,12.4900000000,12.8600000000,-0.0312965723,-0.0353591654,-52.9222139640,-59.7920213576,6.8698073936,3381.9814828417,1690.9907414209,0.5000000000,28056670.0000000037,,,IS
RM,short,2021-05-05,09:30,42.0900000000,2021-05-05,16:00,42.9200000000,session_close,0.0792307692,39.0000000000,41.3500000000,-0.0197196484,-0.0237590877,-33.3457428220,-40.1763972734,6.8306544513,3381.9814828417,1690.9907414209,0.5000000000,1541738.9999999998,,,IS
HDSN,short,2021-05-06,09:30,2.1600000000,2021-05-06,16:00,2.2300000000,session_close,0.1250000000,1.9200000000,1.9900000000,-0.0324074074,-0.0364722222,-106.3615344883,-119.7023098141,13.3407753258,3282.0130642108,3282.0130642108,1.0000000000,1072418.0000000000,,,IS
VFF,short,2021-05-21,09:30,8.7700000000,2021-05-21,16:00,8.6800000000,session_close,0.0528211285,8.3300000000,8.4379000000,0.0102622577,0.0062827822,32.4524478786,19.8681097568,12.5843381218,3162.3107543967,3162.3107543967,1.0000000000,16516926.0000000000,,,IS
ZUMZ,short,2021-06-04,09:30,46.9600000000,2021-06-04,16:00,47.3000000000,session_close,0.0543331837,44.5400000000,45.1100000000,-0.0072402044,-0.0112546848,-23.0396255071,-35.8144202147,12.7747947076,3182.1788641535,3182.1788641535,1.0000000000,6598400.0000000000,,,IS
NAGE,short,2021-06-07,09:30,9.9000000000,2021-06-07,16:00,9.1800000000,session_close,0.1073825503,8.9400000000,9.0700000000,0.0727272727,0.0688727273,228.8265050137,216.6987002480,12.1278047657,3146.3644439388,3146.3644439388,1.0000000000,3842255.9999999995,,,IS
JILL,short,2021-06-08,09:30,20.0000000000,2021-06-08,16:00,19.6200000000,session_close,0.1117287382,17.9900000000,18.0300000000,0.0190000000,0.0150380000,63.8981997395,50.5737435623,13.3244561773,3363.0631441868,3363.0631441868,1.0000000000,2790690.0000000000,,,IS
IMMR,short,2021-07-07,09:30,8.9000000000,2021-07-07,16:00,8.2300000000,session_close,0.0827250608,8.2200000000,8.2300000000,0.0752808989,0.0714314607,256.9816533474,243.8410691031,13.1405842443,3413.6368877490,3413.6368877490,1.0000000000,4147200.0000000005,,,IS
CYH,short,2021-07-20,09:30,15.0000000000,2021-07-20,16:00,15.5900000000,session_close,0.0541110330,14.2300000000,14.9000000000,-0.0393333333,-0.0434120000,-143.8607996362,-158.7784330629,14.9176334267,3657.4779568521,3657.4779568521,1.0000000000,16921853.0000000000,,,IS
ACCO,short,2021-07-29,09:30,9.1000000000,2021-07-29,16:00,8.8900000000,session_close,0.0846245530,8.3900000000,8.7500000000,0.0230769231,0.0191230769,80.7392197798,66.9059001242,13.8333196556,3498.6995237893,3498.6995237893,1.0000000000,2644910.9999999995,,,IS
CLW,short,2021-08-05,09:30,30.0300000000,2021-08-05,16:00,29.5500000000,session_close,0.0912063953,27.5200000000,29.4200000000,0.0159840160,0.0120159840,28.4963470443,21.4221288905,7.0742181537,3565.6054239134,1782.8027119567,0.5000000000,2700102.0000000000,,,IS
HDSN,short,2021-08-05,09:30,3.8000000000,2021-08-05,16:00,3.1500000000,session_close,0.0734463277,3.5400000000,3.1100000000,0.1710526316,0.1673947368,304.9530954663,298.4317908094,6.5213046569,3565.6054239134,1782.8027119567,0.5000000000,972780.0000000000,,,IS
III,short,2021-08-09,09:30,6.3500000000,2021-08-09,16:00,6.4700000000,session_close,0.0690235690,5.9400000000,6.1000000000,-0.0188976378,-0.0229354331,-73.4260033439,-89.1146927250,15.6886893811,3885.4593436133,3885.4593436133,1.0000000000,1283250.0000000000,,,IS
IMMR,short,2021-08-16,09:30,7.9700000000,2021-08-16,16:00,7.2400000000,session_close,0.0993103448,7.2500000000,7.1100000000,0.0915934755,0.0877766625,347.7204008969,333.2304630952,14.4899378018,3796.3446508883,3796.3446508883,1.0000000000,3450492.0000000000,,,IS
SMTI,short,2021-08-18,09:30,34.8800000000,2021-08-18,16:00,33.3900000000,session_close,0.0566495002,33.0100000000,32.3400000000,0.0427178899,0.0388033257,176.4067350870,160.2412481013,16.1654869858,4129.5751139835,4129.5751139835,1.0000000000,391476.0000000000,,,IS
SMTI,short,2021-09-21,09:30,34.9900000000,2021-09-21,16:00,32.0400000000,session_close,0.0766153846,32.5000000000,31.2538000000,0.0843098028,0.0804784224,361.6735715390,345.2376532338,16.4359183053,4289.8163620848,4289.8163620848,1.0000000000,294865.0000000000,0.0057367985,0.0708785862,IS
CYH,short,2021-10-21,09:30,11.4500000000,2021-10-21,16:00,11.3800000000,session_close,0.0514233242,10.8900000000,11.1000000000,0.0061135371,0.0021257642,28.3365747661,9.8530318544,18.4835429117,4635.0540153185,4635.0540153185,1.0000000000,14745305.9999999981,-0.0014146460,0.0528379702,IS
PTLO,short,2021-10-22,09:30,36.1600000000,2021-10-22,16:00,37.4300000000,session_close,0.2426116838,29.1000000000,32.1000000000,-0.0351216814,-0.0391919248,-163.1369455174,-182.0428475971,18.9059020797,4644.9070471729,4644.9070471729,1.0000000000,,-0.0010141317,0.2436258156,IS
PTLO,short,2021-10-25,09:30,43.4800000000,2021-10-25,16:00,42.0100000000,session_close,0.1616350521,37.4300000000,38.6400000000,0.0338086477,0.0298762649,150.8834032515,133.3337132597,17.5496899918,4462.8641995758,4462.8641995758,1.0000000000,,0.0025600282,0.1590750238,IS
CYH,short,2021-10-28,09:30,11.6600000000,2021-10-28,16:00,11.9700000000,session_close,0.1533135509,10.1100000000,11.0200000000,-0.0265866209,-0.0306397942,-122.1973716105,-140.8265580051,18.6291863946,4596.1979128355,4596.1979128355,1.0000000000,15870540.0000000000,0.0033484601,0.1499650908,IS
CLW,short,2021-11-03,09:30,43.8700000000,2021-11-03,16:00,41.4400000000,session_close,0.0789473684,40.6600000000,41.0374000000,0.0553909277,0.0515017096,123.3935763875,114.7296208306,8.6639555569,4455.3713548304,2227.6856774152,0.5000000000,4581057.0000000000,-0.0012989825,0.0802463509,IS
RM,short,2021-11-03,09:30,57.0000000000,2021-11-03,16:00,58.5500000000,session_close,0.0754716981,53.0000000000,55.4400000000,-0.0271929825,-0.0312473684,-60.5774175437,-69.6093150885,9.0318975447,4455.3713548304,2227.6856774152,0.5000000000,2982390.0000000000,-0.0012989825,0.0767706806,IS
HDSN,short,2021-11-04,09:30,3.9205000000,2021-11-04,16:00,3.6100000000,session_close,0.0711748634,3.6600000000,3.5600000000,0.0791990817,0.0753574799,356.4348069399,339.1457099115,17.2890970284,4500.4916605725,4500.4916605725,1.0000000000,347126.0000000000,0.0013771734,0.0697976900,IS
FNWD,short,2021-11-05,09:30,49.4635000000,2021-11-05,16:00,45.7776000000,session_close,0.0580427807,46.7500000000,45.7776000000,0.0745175736,0.0706666087,360.6380337798,342.0007603654,18.6372734144,4839.6373704839,4839.6373704839,1.0000000000,68400.0000000000,0.0050759247,0.0529668561,IS
FNWD,short,2021-11-08,09:30,50.0000000000,2021-11-08,16:00,48.0000000000,session_close,0.0922372514,45.7776000000,47.9998000000,0.0400000000,0.0360800000,207.2655252340,186.9535037610,20.3120214729,5181.6381308494,5181.6381308494,1.0000000000,67792.0000000000,0.0024971720,0.0897400794,IS
VFF,short,2021-11-09,09:30,8.9100000000,2021-11-09,16:00,9.2600000000,session_close,0.0683453237,8.3400000000,8.3600000000,-0.0392817059,-0.0433602694,-210.8874379477,-232.7835793620,21.8961414143,5368.5916346104,5368.5916346104,1.0000000000,4346545.0000000000,0.0008316806,0.0675136431,IS
SMTI,short,2021-11-19,09:30,33.0000000000,2021-11-19,16:00,31.3166000000,session_close,0.0634869481,31.0300000000,30.2501000000,0.0510121212,0.0471141455,261.9884630365,241.9692077416,20.0192552949,5135.8080552484,5135.8080552484,1.0000000000,589410.0000000000,-0.0002554659,0.0637424140,IS
SMTI,short,2021-12-08,09:30,30.4900000000,2021-12-08,16:00,28.7600000000,session_close,0.1059122234,27.5700000000,28.0000000000,0.0567399147,0.0528533946,305.1346233182,284.2337835129,20.9008398053,5377.7772629900,5377.7772629900,1.0000000000,503081.2800000000,0.0008968993,0.1050153241,IS
JILL,short,2021-12-14,09:30,16.0000000000,2021-12-14,16:00,16.2700000000,session_close,0.1004126547,14.5400000000,15.3400000000,-0.0168750000,-0.0209087500,-95.5464364097,-118.3855734686,22.8391370588,5662.0110465029,5662.0110465029,1.0000000000,341116.0000000000,-0.0074586879,0.1078713426,IS
FNWD,short,2021-12-21,09:30,49.2500000000,2021-12-21,16:00,47.4500000000,session_close,0.0501066098,46.9000000000,46.5500000000,0.0365482234,0.0326213198,202.6096619586,180.8403793904,21.7692825682,5543.6254730343,5543.6254730343,1.0000000000,223875.0000000000,0.0079783727,0.0421282371,IS
SMTI,short,2022-01-31,09:30,22.7300000000,2022-01-31,16:00,23.2400000000,session_close,0.0870396939,20.9100000000,21.4700000000,-0.0224373075,-0.0264821821,-128.4416007363,-151.5963473475,23.1547466112,5724.4658524247,5724.4658524247,1.0000000000,552368.0000000000,-0.0016065166,0.0886462105,IS
SMTI,short,2022-02-01,09:30,24.7900000000,2022-02-01,16:00,22.9700000000,session_close,0.0666953528,23.2400000000,22.1800000000,0.0734167003,0.0695635337,409.1416901670,387.6684955271,21.4731946400,5572.8695050772,5572.8695050772,1.0000000000,492570.0000000000,0.0017114534,0.0649838994,IS
RM,short,2022-02-10,09:30,54.7000000000,2022-02-10,16:00,53.8900000000,session_close,0.0515186467,52.0200000000,53.5000000000,0.0148080439,0.0108376600,88.2639082356,64.5982840497,23.6656241859,5960.5380006043,5960.5380006043,1.0000000000,2029929.0000000000,-0.0135507278,0.0650693745,IS
SMTI,short,2022-02-25,09:30,27.0000000000,2022-02-25,16:00,25.9800000000,session_close,0.0559249120,25.5700000000,25.5600000000,0.0377777778,0.0338533333,227.6162596425,203.9709470232,23.6453126193,6025.1362846540,6025.1362846540,1.0000000000,364240.0000000000,0.0030586038,0.0528663082,IS
HDSN,short,2022-03-09,09:30,4.4300000000,2022-03-09,16:00,5.3700000000,session_close,0.1130653266,3.9800000000,4.3200000000,-0.2121896163,-0.2166139955,-1321.7518730872,-1349.3118057601,27.5599326729,6229.1072316771,6229.1072316771,1.0000000000,1191768.0000000000,0.0213573574,0.0917079693,IS
JILL,short,2022-03-18,09:30,15.7700000000,2022-03-18,16:00,16.2500000000,session_close,0.0569705094,14.9200000000,15.1400000000,-0.0304375396,-0.0344984147,-148.5289666734,-168.3452063105,19.8162396370,4879.7954259170,4879.7954259170,1.0000000000,364288.0000000000,-0.0069603464,0.0639308558,IS
JILL,short,2022-03-22,09:30,16.9700000000,2022-03-22,16:00,15.1000000000,session_close,0.1113294041,15.2700000000,14.8668000000,0.1101944608,0.1064148497,519.1757165978,501.3682671525,17.8074494452,4711.4502196066,4711.4502196066,1.0000000000,364315.0000000000,0.0033079052,0.1080214988,IS
JILL,short,2022-03-23,09:30,16.0000000000,2022-03-23,16:00,14.9400000000,session_close,0.0596026490,15.1000000000,14.4000000000,0.0662500000,0.0623825000,345.3492247478,325.1886492502,20.1605754975,5212.8184867591,5212.8184867591,1.0000000000,386568.0000000000,-0.0059609867,0.0655636357,IS
JILL,short,2022-03-25,09:30,15.8300000000,2022-03-25,16:00,15.5200000000,session_close,0.0581550802,14.9600000000,15.0900000000,0.0195830701,0.0156222363,108.4511820697,86.5160558898,21.9351261799,5538.0071360093,5538.0071360093,1.0000000000,386568.0000000000,0.0014872694,0.0566678108,IS
CLW,short,2022-04-29,09:30,30.0600000000,2022-04-29,16:00,33.1100000000,session_close,0.0950819672,27.4500000000,30.0100000000,-0.1014637392,-0.1056666667,-570.6851542013,-594.3246172773,23.6394630760,5624.5231918991,5624.5231918991,1.0000000000,2505180.0000000000,-0.0098641920,0.1049461593,IS
HDSN,short,2022-05-05,09:30,8.1000000000,2022-05-05,16:00,9.0600000000,session_close,0.1344537815,7.1400000000,8.0600000000,-0.1185185185,-0.1227555556,-596.1716829181,-617.4848205825,21.3131376643,5030.1985746218,5030.1985746218,1.0000000000,5658180.0000000000,-0.0105113504,0.1449651319,IS
BOOM,short,2022-05-06,09:30,23.9100000000,2022-05-06,16:00,25.4100000000,session_close,0.1225352113,21.3000000000,22.4046000000,-0.0627352572,-0.0668607277,-276.8327323739,-295.0372528548,18.2045204809,4412.7137540393,4412.7137540393,1.0000000000,2780128.0000000000,-0.0065488993,0.1290841105,IS
III,short,2022-05-10,09:30,6.0600000000,2022-05-10,16:00,6.2100000000,session_close,0.0502599653,5.7700000000,6.0600000000,-0.0247524752,-0.0288019802,-101.9226856729,-118.5972370490,16.6745513761,4117.6765011846,4117.6765011846,1.0000000000,1360410.0000000000,0.0158726172,0.0343873481,IS
IMMR,short,2022-05-13,09:30,4.8200000000,2022-05-13,16:00,5.3100000000,session_close,0.0855855856,4.4400000000,4.7900000000,-0.1016597510,-0.1058630705,-406.5454023706,-423.3548102319,16.8094078613,3999.0792641356,3999.0792641356,1.0000000000,1324628.9999999998,0.0111382984,0.0744472872,IS
SMTI,short,2022-05-17,09:30,25.0000000000,2022-05-17,16:00,23.6200000000,session_close,0.1210762332,22.3000000000,23.4200000000,0.0552000000,0.0513104000,197.3799898555,183.4718520196,13.9081378359,3575.7244539037,3575.7244539037,1.0000000000,333165.0000000000,0.0160963783,0.1049798549,IS
NAGE,short,2022-05-20,09:30,1.8800000000,2022-05-20,16:00,1.9100000000,session_close,0.0681818182,1.7600000000,1.8400000000,-0.0159574468,-0.0199893617,-59.9871750945,-75.1439346684,15.1567595739,3759.1963059233,3759.1963059233,1.0000000000,794625.0000000000,0.0097314230,0.0584503952,IS
LMNR,short,2022-06-08,09:30,12.1000000000,2022-06-08,16:00,13.9100000000,session_close,0.0642040457,11.3700000000,11.5102000000,-0.1495867769,-0.1538859504,-551.0855199976,-566.9239005226,15.8383805250,3684.0523712548,3684.0523712548,1.0000000000,999925.0000000000,-0.0043536826,0.0685577283,IS
NAGE,short,2022-06-23,09:30,2.0600000000,2022-06-23,16:00,2.1100000000,session_close,0.0618556701,1.9400000000,2.0500000000,-0.0242718447,-0.0283203883,-75.6584580275,-88.2782888265,12.6198307990,3117.1284707322,3117.1284707322,1.0000000000,1055930.0000000000,0.0060097759,0.0558458942,IS
SMTI,short,2022-07-07,09:30,25.0000000000,2022-07-07,16:00,25.4600000000,session_close,0.0752688172,23.2500000000,23.9000000000,-0.0184000000,-0.0224368000,-55.7308433471,-67.9577057614,12.2268624143,3028.8501819057,3028.8501819057,1.0000000000,191552.5000000000,0.0048793216,0.0703894956,IS
FXNC,short,2022-07-14,09:30,18.2499000000,2022-07-14,16:00,16.9300000000,session_close,0.0610406977,17.2000000000,16.5000000000,0.0723236840,0.0684683313,214.1426517002,202.7273670990,11.4152846012,2960.8924761444,2960.8924761444,1.0000000000,50405.0000000000,-0.0137792677,0.0748199654,IS
CYH,short,2022-07-22,09:30,4.8300000000,2022-07-22,16:00,4.9000000000,session_close,0.1751824818,4.1100000000,4.6506000000,-0.0144927536,-0.0185217391,-45.8495629456,-58.5957414444,12.7461784989,3163.6198432434,3163.6198432434,1.0000000000,9252398.0000000000,0.0003259861,0.1748564956,IS
CYH,short,2022-07-29,09:30,3.1100000000,2022-07-29,16:00,2.9800000000,session_close,0.0506756757,2.9600000000,2.8801000000,0.0418006431,0.0378842444,129.7920042553,117.6314918566,12.1605123987,3105.0241017989,3105.0241017989,1.0000000000,9736272.0000000000,0.0037185707,0.0469571050,IS
CLW,short,2022-08-03,09:30,40.0100000000,2022-08-03,16:00,41.5100000000,session_close,0.1497126437,34.8000000000,39.6800000000,-0.0374906273,-0.0415656086,-60.4096899586,-66.9758205258,6.5661305672,3222.6555936555,1611.3277968278,0.5000000000,2457612.0000000000,0.0054893888,0.1442232549,IS
CYH,short,2022-08-03,09:30,3.1300000000,2022-08-03,16:00,3.5000000000,session_close,0.0982456140,2.8500000000,3.1200000000,-0.1182108626,-0.1224472843,-190.4764488263,-197.3027129112,6.8262640850,3222.6555936555,1611.3277968278,0.5000000000,10081640.0000000000,0.0054893888,0.0927562252,IS
BOOM,short,2022-08-05,09:30,22.1000000000,2022-08-05,16:00,21.7500000000,session_close,0.0676328502,20.7000000000,21.0500000000,0.0158371041,0.0118687783,46.8521253881,35.1123213980,11.7398039901,2958.3770602185,2958.3770602185,1.0000000000,1807780.0000000000,-0.0108892484,0.0785220986,IS
OSUR,short,2022-08-10,09:30,3.6800000000,2022-08-10,16:00,4.2200000000,session_close,0.1536050157,3.1900000000,3.4100000000,-0.1467391304,-0.1510326087,-439.2620288242,-452.1145104083,12.8524815841,2993.4893816165,2993.4893816165,1.0000000000,2311704.0000000000,0.0180624772,0.1355425385,IS
FXNC,short,2022-09-01,09:30,18.4500000000,2022-09-01,16:00,17.9500000000,session_close,0.0664739884,17.3000000000,17.3000000000,0.0271002710,0.0231544715,68.8719477292,58.8441921398,10.0277555894,2541.3748712082,2541.3748712082,1.0000000000,23309.0000000000,-0.0057948277,0.0722688161,IS
LMNR,short,2022-09-09,09:30,13.2300000000,2022-09-09,16:00,13.3600000000,session_close,0.0970149254,12.0600000000,12.8000000000,-0.0098261527,-0.0138458050,-25.5501495265,-36.0021260789,10.4519765524,2600.2190633480,2600.2190633480,1.0000000000,226270.0000000000,0.0058944003,0.0911205251,IS
HDSN,short,2022-09-16,09:30,8.0200000000,2022-09-16,16:00,7.9400000000,session_close,0.0608465608,7.5600000000,7.9100000000,0.0099750623,0.0059950125,25.5782238132,15.3725125117,10.2057113015,2564.2169372691,2564.2169372691,1.0000000000,5283576.0000000000,-0.0153286168,0.0761751777,IS
RWAY,short,2022-09-27,09:30,11.9000000000,2022-09-27,16:00,11.2400000000,session_close,0.0530973451,11.3000000000,11.1900000000,0.0554621849,0.0515731092,143.0696669626,133.0374484974,10.0322184652,2579.5894497808,2579.5894497808,1.0000000000,807615.0000000000,0.0101836348,0.0429137103,IS
NAGE,short,2022-10-03,09:30,1.3100000000,2022-10-03,16:00,1.3200000000,session_close,0.0650406504,1.2300000000,1.2600000000,-0.0076335878,-0.0116488550,-20.7070755594,-31.5989973036,10.8919217442,2712.6268982783,2712.6268982783,1.0000000000,189950.0000000000,0.0109188644,0.0541217860,IS
HDSN,short,2022-11-03,09:30,9.4500000000,2022-11-03,16:00,10.1600000000,session_close,0.0677966102,8.8500000000,9.3800000000,-0.0751322751,-0.0792825397,-201.4317258933,-212.5587009490,11.1269750557,2681.0279009747,2681.0279009747,1.0000000000,3644825.0000000000,-0.0090831488,0.0768797590,IS
OSUR,short,2022-11-09,09:30,4.9800000000,2022-11-09,16:00,4.4100000000,session_close,0.1690140845,4.2600000000,4.3800000000,0.1144578313,0.1106867470,282.5356313282,273.2268257908,9.3088055374,2468.4692000256,2468.4692000256,1.0000000000,1766237.9999999998,-0.0054188482,0.1744329327,IS
CYH,short,2022-11-10,09:30,2.9300000000,2022-11-10,16:00,3.2200000000,session_close,0.0851851852,2.7000000000,2.9100000000,-0.0989761092,-0.1031740614,-135.6812026428,-141.4359570997,5.7547544569,2741.6960258164,1370.8480129082,0.5000000000,5556105.0000000000,0.0372063187,0.0479788665,IS
ZUMZ,short,2022-11-10,09:30,21.8300000000,2022-11-10,16:00,23.5100000000,session_close,0.0505293551,20.7800000000,21.7800000000,-0.0769583142,-0.0811122309,-105.4981521615,-111.1925405175,5.6943883560,2741.6960258164,1370.8480129082,0.5000000000,4915824.0000000000,0.0372063187,0.0133230365,IS
IMMR,short,2022-11-14,09:30,6.0000000000,2022-11-14,16:00,6.8100000000,session_close,0.0889292196,5.5100000000,6.0000000000,-0.1350000000,-0.1392700000,-336.0241163069,-346.6524346523,10.6283183454,2489.0675281992,2489.0675281992,1.0000000000,894450.0000000000,-0.0046422925,0.0935715121,IS
STRT,short,2022-11-18,09:30,29.5500000000,2022-11-18,16:00,27.0000000000,session_close,0.0610412926,27.8500000000,27.0000000000,0.0862944162,0.0824670051,184.8784598492,176.6785563947,8.1999034545,2142.4150935469,2142.4150935469,1.0000000000,148200.0000000000,0.0088778409,0.0521634517,IS
CYH,short,2022-12-13,09:30,3.7100000000,2022-12-13,16:00,3.8700000000,session_close,0.0600000000,3.5000000000,3.6700000000,-0.0431266846,-0.0472129380,-100.0148204827,-109.4912247234,9.4764042407,2319.0936499417,2319.0936499417,1.0000000000,6667840.0000000000,0.0282491540,0.0317508460,IS
STRT,short,2023-01-13,09:30,24.8500000000,2023-01-13,16:00,23.9700000000,session_close,0.0569970225,23.5100000000,23.5600000000,0.0354124748,0.0314832998,78.2474903095,69.5655755893,8.6819147203,2209.6024252183,2209.6024252183,1.0000000000,271029.0000000000,-0.0084139460,0.0654109685,IS
LMNR,short,2023-02-01,09:30,14.1000000000,2023-02-01,16:00,14.3800000000,session_close,0.0738766184,13.1300000000,14.0300000000,-0.0198581560,-0.0238978723,-45.2600737749,-54.4672659257,9.2071921508,2279.1680008076,2279.1680008076,1.0000000000,386739.0000000000,-0.0031243850,0.0770010034,IS
OSUR,short,2023-02-15,09:30,5.8300000000,2023-02-15,16:00,5.5300000000,session_close,0.1825557809,4.9300000000,5.1600000000,0.0514579760,0.0475608919,114.4785969922,105.8087512467,8.6698457455,2224.7007348819,2224.7007348819,1.0000000000,1822182.0000000002,-0.0055496316,0.1881054126,IS
CYH,short,2023-02-16,09:30,5.8900000000,2023-02-16,16:00,7.7400000000,session_close,0.1594488189,5.0800000000,5.8400000000,-0.3140916808,-0.3187198642,-731.9936416533,-742.7796668811,10.7860252278,2330.5094861286,2330.5094861286,1.0000000000,12965480.0000000019,-0.0125368375,0.1719856564,IS
IMMR,short,2023-02-22,09:30,7.1000000000,2023-02-22,16:00,7.0700000000,session_close,0.0565476190,6.7200000000,7.0000000000,0.0042253521,0.0002338028,6.7087175461,0.3712157042,6.3375018419,1587.7298192475,1587.7298192475,1.0000000000,1643096.0000000000,0.0010774512,0.0554701678,IS
BGS,short,2023-03-01,09:30,14.5800000000,2023-03-01,16:00,16.2800000000,session_close,0.1507498027,12.6700000000,14.5000000000,-0.1165980796,-0.1208312757,-185.1695308243,-191.8922740257,6.7227432015,1588.1010349517,1588.1010349517,1.0000000000,13168328.0000000000,-0.0021450563,0.1528948590,IS
HDSN,short,2023-03-09,09:30,10.2400000000,2023-03-09,16:00,8.5900000000,session_close,0.0847457627,9.4400000000,8.5200000000,0.1611328125,0.1574550781,112.4875222426,109.9200797652,2.5674424774,1396.2087609259,698.1043804630,0.5000000000,4157798.0000000000,0.0020555500,0.0826902127,IS
NAGE,short,2023-03-09,09:30,1.9900000000,2023-03-09,16:00,1.6400000000,session_close,0.0874316940,1.8300000000,1.6100000000,0.1758793970,0.1722311558,122.7821774684,120.2353243014,2.5468531669,1396.2087609259,698.1043804630,0.5000000000,227448.0000000000,0.0020555500,0.0853761440,IS
CYH,short,2023-04-21,09:30,5.3600000000,2023-04-21,16:00,5.9000000000,session_close,0.0509803922,5.1000000000,5.3600000000,-0.1007462687,-0.1049477612,-163.8501211000,-170.6832780022,6.8331569022,1626.3641649926,1626.3641649926,1.0000000000,6102354.0000000000,0.0007526464,0.0502277458,IS
SMTI,short,2023-04-25,09:30,48.4100000000,2023-04-25,16:00,42.7900000000,session_close,0.0915445321,44.3500000000,42.1200000000,0.1160917166,0.1123239000,168.9924929743,163.5077544123,5.4847385620,1455.6808869904,1455.6808869904,1.0000000000,571200.0000000000,-0.0049681313,0.0965126634,IS
ACCO,short,2023-05-05,09:30,4.8700000000,2023-05-05,16:00,5.1100000000,session_close,0.1018099548,4.4200000000,4.8200000000,-0.0492813142,-0.0533798768,-79.7957441348,-86.4320901887,6.6363460539,1619.1886414027,1619.1886414027,1.0000000000,2527084.0000000000,0.0093303384,0.0924796163,IS
VFF,short,2023-05-09,09:30,0.7732000000,2023-05-09,16:00,0.7679000000,session_close,0.0519727891,0.7350000000,0.7157000000,0.0068546301,0.0028683394,10.5064792052,4.3964659587,6.1100132464,1532.7565512140,1532.7565512140,1.0000000000,254644.0000000000,-0.0039007608,0.0558735499,IS
XPER,short,2023-05-10,09:30,10.4000000000,2023-05-10,16:00,9.8400000000,session_close,0.0677618070,9.7400000000,9.6500000000,0.0538461538,0.0499538462,82.7697778478,76.7867053348,5.9830725130,1537.1530171727,1537.1530171727,1.0000000000,2312680.0000000000,0.0071788382,0.0605829687,IS
OSUR,short,2023-06-01,09:30,5.3800000000,2023-06-01,16:00,5.5300000000,session_close,0.0695825050,5.0300000000,5.3400000000,-0.0278810409,-0.0319368030,-44.9983194008,-51.5440749296,6.5457555288,1613.9397225075,1613.9397225075,1.0000000000,3448624.0000000000,0.0005743688,0.0690081362,IS
SMTI,short,2023-06-02,09:30,37.8000000000,2023-06-02,16:00,37.2000000000,session_close,0.0824742268,34.9200000000,35.9600000000,0.0158730159,0.0119047619,24.7999309139,18.5999481855,6.1999827285,1562.3956475779,1562.3956475779,1.0000000000,851598.0000000000,0.0063534209,0.0761208059,IS
SMTI,short,2023-06-05,09:30,39.2800000000,2023-06-05,16:00,38.5000000000,session_close,0.0559139785,37.2000000000,37.0900000000,0.0198574338,0.0158971487,31.3945153945,25.1333220422,6.2611933523,1580.9955957633,1580.9955957633,1.0000000000,851598.0000000000,0.0008412787,0.0550726998,IS
FXNC,short,2023-06-06,09:30,16.9900000000,2023-06-06,16:00,15.9450000000,session_close,0.0759974668,15.7900000000,15.6950000000,0.0615067687,0.0576297822,98.7877998297,92.5608597581,6.2269400716,1606.1289178056,1606.1289178056,1.0000000000,109573.0000000000,-0.0010067900,0.0770042567,IS
ZUMZ,short,2023-06-07,09:30,15.5500000000,2023-06-07,16:00,16.6400000000,session_close,0.0716747071,14.5100000000,15.5000000000,-0.0700964630,-0.0742366559,-119.0721451797,-126.1050485803,7.0329034006,1698.6897775637,1698.6897775637,1.0000000000,5193726.0000000000,0.0009578768,0.0707168303,IS
CYH,short,2023-06-14,09:30,4.6500000000,2023-06-14,16:00,4.1500000000,session_close,0.1341463415,4.1000000000,4.1400000000,0.1075268817,0.1037419355,169.0951321488,163.1429834971,5.9521486516,1572.5847289834,1572.5847289834,1.0000000000,5097120.0000000000,0.0008015390,0.1333448025,IS
SMTI,short,2023-06-15,09:30,40.7339000000,2023-06-15,16:00,39.6500000000,session_close,0.0541899586,38.6400000000,39.2000000000,0.0266092861,0.0226625047,46.1864753328,39.3359374335,6.8505378993,1735.7277124805,1735.7277124805,1.0000000000,556809.0000000000,-0.0019442792,0.0561342378,IS
VFF,short,2023-07-07,09:30,0.5894000000,2023-07-07,16:00,0.6160000000,session_close,0.0519364626,0.5603000000,0.5800000000,-0.0451306413,-0.0492209026,-80.1097609225,-87.3702350440,7.2604741215,1775.0636499140,1775.0636499140,1.0000000000,258539.5200000000,-0.0023427194,0.0542791820,IS
FNWD,short,2023-07-25,09:30,26.1000000000,2023-07-25,16:00,26.1000000000,session_close,0.0657411188,24.4900000000,26.1000000000,0.0000000000,-0.0040000000,0.0000000000,-6.7507736595,6.7507736595,1687.6934148700,1687.6934148700,1.0000000000,60862.5000000000,-0.0006164685,0.0663575873,IS
AUDC,short,2023-08-01,09:30,11.1000000000,2023-08-01,16:00,11.6200000000,session_close,0.1055776892,10.0400000000,10.9700000000,-0.0468468468,-0.0509405405,-78.7468624711,-85.6281267609,6.8812642898,1680.9426412106,1680.9426412106,1.0000000000,1179882.0000000000,-0.0033202997,0.1088979889,IS
CLW,short,2023-08-02,09:30,35.0000000000,2023-08-02,16:00,36.9900000000,session_close,0.0975227344,31.8900000000,34.7900000000,-0.0568571429,-0.0609708571,-90.7050252501,-97.2676933584,6.5626681083,1595.3145144496,1595.3145144496,1.0000000000,2287287.0000000000,-0.0070758850,0.1045986194,IS
CYH,short,2023-08-03,09:30,4.5600000000,2023-08-03,16:00,4.9200000000,session_close,0.1014492754,4.1400000000,4.5600000000,-0.0789473684,-0.0831052632,-39.4222847656,-41.4985250965,2.0762403310,1498.0468210912,499.3489403637,0.3333333333,3982420.0000000000,-0.0046431031,0.1060923785,IS
HDSN,short,2023-08-03,09:30,9.7000000000,2023-08-03,16:00,10.9200000000,session_close,0.1239860950,8.6300000000,9.6600000000,-0.1257731959,-0.1300247423,-62.8047120870,-64.9277172726,2.1230051856,1498.0468210912,499.3489403637,0.3333333333,4649238.0000000000,-0.0046431031,0.1286291981,IS
RM,short,2023-08-03,09:30,33.9900000000,2023-08-03,16:00,32.7400000000,session_close,0.0585487387,32.1100000000,31.3400000000,0.0367755222,0.0328490733,18.3638180481,16.4031499227,1.9606681254,1498.0468210912,499.3489403637,0.3333333333,1160965.0000000000,-0.0046431031,0.0631918418,IS
BGS,short,2023-08-04,09:30,14.0000000000,2023-08-04,16:00,14.3500000000,session_close,0.0542168675,13.2800000000,13.8400000000,-0.0250000000,-0.0290500000,-17.6002966081,-20.4515446586,2.8512480505,1408.0237286448,704.0118643224,0.5000000000,7908744.0000000000,0.0041885750,0.0500282925,IS
OSUR,short,2023-08-04,09:30,4.8400000000,2023-08-04,16:00,5.9400000000,session_close,0.0779510022,4.4900000000,4.7100000000,-0.2272727273,-0.2317272727,-160.0026964369,-163.1387492871,3.1360528502,1408.0237286448,704.0118643224,0.5000000000,2369184.0000000000,0.0041885750,0.0737624272,IS
BOOM,short,2023-08-09,09:30,20.6900000000,2023-08-09,16:00,22.2600000000,session_close,0.1789173789,17.5500000000,20.1000000000,-0.0758820686,-0.0800338328,-46.4562709637,-48.9980503750,2.5417794113,1224.4334346991,612.2167173496,0.5000000000,2358976.0000000000,0.0006239554,0.1782934235,IS
VFF,short,2023-08-09,09:30,0.6500000000,2023-08-09,16:00,0.6940000000,session_close,0.0743801653,0.6050000000,0.6411000000,-0.0676923077,-0.0718276923,-41.4423624052,-43.9741139994,2.5317515942,1224.4334346991,612.2167173496,0.5000000000,365598.9000000000,0.0006239554,0.0737562099,IS
XPER,short,2023-08-10,09:30,13.1600000000,2023-08-10,16:00,11.3400000000,session_close,0.0612903226,12.4000000000,11.2500000000,0.1382978723,0.1345744681,156.4786863215,152.2657986128,4.2128877087,1131.4612703247,1131.4612703247,1.0000000000,1482390.0000000000,0.0054739204,0.0558164022,IS
FNWD,short,2023-08-23,09:30,23.0000000000,2023-08-23,16:00,23.0000000000,session_close,0.0697674419,21.5000000000,21.3285000000,0.0000000000,-0.0040000000,0.0000000000,-5.1349082758,5.1349082758,1283.7270689376,1283.7270689376,1.0000000000,12889.0000000000,0.0025105557,0.0672568861,IS
JILL,short,2023-08-31,09:30,25.0000000000,2023-08-31,16:00,25.1100000000,session_close,0.0679196924,23.4100000000,23.7601000000,-0.0044000000,-0.0084088000,-5.6258055069,-10.7514257606,5.1256202537,1278.5921606618,1278.5921606618,1.0000000000,491288.0000000000,0.0014190373,0.0665006552,IS
VFF,short,2023-09-15,09:30,1.0500000000,2023-09-15,16:00,1.0100000000,session_close,0.0606060606,0.9900000000,1.0000000000,0.0380952381,0.0341714286,48.2986946629,43.3239291126,4.9747655503,1267.8407349012,1267.8407349012,1.0000000000,819091.0000000000,-0.0071498357,0.0677558963,IS
FNWD,short,2023-09-18,09:30,22.4500000000,2023-09-18,16:00,21.7050000000,session_close,0.0834942085,20.7200000000,21.5000000000,0.0331848552,0.0292512249,43.5108095630,38.3531725261,5.1576370369,1311.1646640139,1311.1646640139,1.0000000000,32085.0000000000,-0.0007217448,0.0842159533,IS
FNWD,short,2023-10-04,09:30,22.6800000000,2023-10-04,16:00,20.7500000000,session_close,0.0993698497,20.6300000000,20.6033000000,0.0850970018,0.0812671958,114.8399217161,109.6715302134,5.1683915027,1349.5178365400,1349.5178365400,1.0000000000,127379.0000000000,0.0011385469,0.0982313028,IS
FXNC,short,2023-10-06,09:30,18.9000000000,2023-10-06,16:00,17.9800000000,session_close,0.0702151755,17.6600000000,17.8200000000,0.0486772487,0.0447746032,71.0293236727,65.3346248530,5.6946988197,1459.1893667534,1459.1893667534,1.0000000000,102240.0000000000,-0.0059599529,0.0761751284,IS
AUDC,short,2023-11-02,09:30,9.2500000000,2023-11-02,16:00,10.1600000000,session_close,0.1813537676,7.8300000000,9.2294000000,-0.0983783784,-0.1025751351,-74.9900990466,-78.1891272279,3.1990281813,1524.5239916064,762.2619958032,0.5000000000,1134420.0000000000,0.0092745942,0.1720791733,IS
CYH,short,2023-11-02,09:30,2.2700000000,2023-11-02,16:00,2.3400000000,session_close,0.0966183575,2.0700000000,2.2600000000,-0.0308370044,-0.0348986784,-23.5058765226,-26.6019362588,3.0960597363,1524.5239916064,762.2619958032,0.5000000000,3226860.0000000000,0.0092745942,0.0873437633,IS
VFF,short,2023-11-09,09:30,0.7686000000,2023-11-09,16:00,0.6649000000,session_close,0.0657237937,0.7212000000,0.6649000000,0.1349206349,0.1311904762,191.5512680796,186.2554389033,5.2958291763,1419.7329281197,1419.7329281197,1.0000000000,198144.0000000000,0.0026986850,0.0630251087,IS
XPER,short,2023-11-14,09:30,9.3600000000,2023-11-14,16:00,9.3400000000,session_close,0.0909090909,8.5800000000,8.7500000000,0.0021367521,-0.0018589744,3.4315990748,-2.9854911951,6.4170902699,1605.9883670230,1605.9883670230,1.0000000000,2231172.0000000000,0.0139258048,0.0769832861,IS
SMTI,short,2023-11-22,09:30,32.4700000000,2023-11-22,16:00,32.4200000000,session_close,0.0645901639,30.5000000000,30.8900000000,0.0015398830,-0.0024570373,2.4684368276,-3.9386378021,6.4070746297,1603.0028758279,1603.0028758279,1.0000000000,291192.0000000001,0.0037725859,0.0608175781,IS
SMTI,short,2023-11-29,09:30,33.3100000000,2023-11-29,16:00,32.3100000000,session_close,0.0507886435,31.7000000000,31.8950000000,0.0300210147,0.0260810567,48.0055310125,41.7052851224,6.3002458901,1599.0642380258,1599.0642380258,1.0000000000,308414.0000000000,0.0048798716,0.0459087719,IS
ZUMZ,short,2023-12-01,09:30,20.0000000000,2023-12-01,16:00,21.1400000000,session_close,0.0593220339,18.8800000000,19.6600000000,-0.0570000000,-0.0611140000,-93.5238628194,-100.2739886377,6.7501258182,1640.7695231482,1640.7695231482,1.0000000000,3677674.0000000000,-0.0013803681,0.0607024020,IS
JILL,short,2023-12-05,09:30,31.2500000000,2023-12-05,16:00,26.2800000000,session_close,0.0839403399,28.8300000000,24.8800000000,0.1590400000,0.1553580800,245.0004098086,239.3284284901,5.6719813184,1540.4955345105,1540.4955345105,1.0000000000,3359983.0000000000,-0.0031312269,0.0870715668,IS
AUDC,short,2024-02-06,09:30,13.5000000000,2024-02-06,16:00,13.9000000000,session_close,0.1092851274,12.1700000000,13.0400000000,-0.0296296296,-0.0336888889,-52.7355248296,-59.9602917313,7.2247669017,1779.8239630007,1779.8239630007,1.0000000000,844506.0000000000,0.0019693432,0.1073157841,OOS
IMMR,short,2024-02-12,09:30,7.4200000000,2024-02-12,16:00,8.2100000000,session_close,0.0524822695,7.0500000000,7.4100000000,-0.1064690027,-0.1106819407,-183.1121698521,-190.3578488769,7.2456790248,1719.8636712693,1719.8636712693,1.0000000000,1469832.0000000000,-0.0000598563,0.0525421258,OOS
PTLO,short,2024-02-27,09:30,15.9300000000,2024-02-27,16:00,15.9000000000,session_close,0.1585454545,13.7500000000,14.6600000000,0.0018832392,-0.0021129944,2.8804252776,-3.2318371614,6.1122624390,1529.5058223924,1529.5058223924,1.0000000000,8169875.9999999991,0.0014031898,0.1571422648,OOS
BGS,short,2024-02-28,09:30,10.2900000000,2024-02-28,16:00,11.4000000000,session_close,0.0946808511,9.4000000000,10.0100000000,-0.1078717201,-0.1120874636,-164.6418001561,-171.0761796973,6.4343795412,1526.2739852310,1526.2739852310,1.0000000000,9590184.0000000000,-0.0031562543,0.0978371054,OOS
XPER,short,2024-02-29,09:30,12.2900000000,2024-02-29,16:00,10.9600000000,session_close,0.0924444444,11.2500000000,10.3500000000,0.1082180635,0.1044344996,146.6568821285,141.5294046707,5.1274774579,1355.1978055336,1355.1978055336,1.0000000000,4042488.0000000000,0.0035752380,0.0888692064,OOS
IMMR,short,2024-03-08,09:30,7.1100000000,2024-03-08,16:00,7.1500000000,session_close,0.0691729323,6.6500000000,7.0750000000,-0.0056258790,-0.0096371308,-4.2102031229,-7.2120779496,3.0018748267,1496.7272102043,748.3636051022,0.5000000000,3213042.0000000000,0.0012626017,0.0679103306,OOS
LMNR,short,2024-03-08,09:30,19.4100000000,2024-03-08,16:00,18.5900000000,session_close,0.0676567657,18.1800000000,18.5000000000,0.0422462648,0.0383307573,31.6155670368,28.6853437504,2.9302232863,1496.7272102043,748.3636051022,0.5000000000,514230.0000000000,0.0012626017,0.0663941639,OOS
STRT,short,2024-03-15,09:30,24.3400000000,2024-03-15,16:00,22.5000000000,session_close,0.0536796537,23.1000000000,22.4400000000,0.0755957272,0.0717469187,114.7694690160,108.9262060500,5.8432629660,1518.2004760052,1518.2004760052,1.0000000000,163480.0000000000,-0.0092047772,0.0628844308,OOS
NAGE,short,2024-03-19,09:30,3.1700000000,2024-03-19,16:00,2.7100000000,session_close,0.0602006689,2.9900000000,2.6000000000,0.1451104101,0.1414006309,236.1130201090,230.0767394209,6.0362806880,1627.1266820552,1627.1266820552,1.0000000000,267291.4400000000,-0.0013843934,0.0615850623,OOS
JILL,short,2024-03-20,09:30,26.2500000000,2024-03-20,16:00,26.4700000000,session_close,0.0614638091,24.7300000000,24.8900000000,-0.0083809524,-0.0123977143,-15.5651334371,-23.0250773899,7.4599439528,1857.2034214761,1857.2034214761,1.0000000000,1437608.0000000000,0.0001163445,0.0613474647,OOS
CYH,short,2024-04-25,09:30,3.2000000000,2024-04-25,16:00,3.2500000000,session_close,0.0561056106,3.0300000000,3.1000000000,-0.0156250000,-0.0196562500,-28.6590366263,-36.0530680759,7.3940314496,1834.1783440862,1834.1783440862,1.0000000000,4635456.0000000000,-0.0123266259,0.0684322365,OOS
XPER,short,2024-04-29,09:30,11.2400000000,2024-04-29,16:00,10.7300000000,session_close,0.1296482412,9.9500000000,10.5600000000,0.0453736655,0.0414644128,81.5875347656,74.5582087311,7.0293260345,1798.1252760103,1798.1252760103,1.0000000000,2640363.0000000000,0.0036005194,0.1260477218,OOS
RM,short,2024-05-02,09:30,27.3000000000,2024-05-02,16:00,27.3200000000,session_close,0.0794780546,25.2900000000,26.6300000000,-0.0007326007,-0.0047340659,-1.3719292929,-8.8654070904,7.4934777976,1872.6834847413,1872.6834847413,1.0000000000,500000.0000000000,0.0075946837,0.0718833708,OOS
STRT,short,2024-05-10,09:30,23.5100000000,2024-05-10,16:00,23.7500000000,session_close,0.0504915103,22.3800000000,23.2300000000,-0.0102084219,-0.0142288388,-19.0266413712,-26.5199669645,7.4933255933,1863.8180776509,1863.8180776509,1.0000000000,109317.5000000000,0.0031528154,0.0473386949,OOS
BGS,short,2024-05-15,09:30,9.1600000000,2024-05-15,16:00,9.0500000000,session_close,0.0725995316,8.5400000000,9.0100000000,0.0120087336,0.0080327511,22.0636235999,14.7585584044,7.3050651955,1837.2981106864,1837.2981106864,1.0000000000,7418307.0000000000,0.0048347028,0.0677648288,OOS
NAGE,short,2024-06-07,09:30,3.1000000000,2024-06-07,16:00,3.2000000000,session_close,0.0839160839,2.8600000000,3.0900000000,-0.0322580645,-0.0363225806,-59.7437635191,-67.2714777225,7.5277142034,1852.0566690908,1852.0566690908,1.0000000000,631257.0000000000,-0.0018703475,0.0857864314,OOS
STRT,short,2024-06-13,09:30,28.8100000000,2024-06-13,16:00,25.7500000000,session_close,0.0745990302,26.8100000000,25.5000000000,0.1062131204,0.1024255467,189.5676044980,182.8075989415,6.7600055565,1784.7851913684,1784.7851913684,1.0000000000,321720.0000000000,0.0033064874,0.0712925428,OOS
BOOM,short,2024-06-14,09:30,14.6000000000,2024-06-14,16:00,14.4300000000,session_close,0.1043872920,13.2200000000,13.8300000000,0.0116438356,0.0076671233,22.9103270105,15.0857765032,7.8245505072,1967.5927903099,1967.5927903099,1.0000000000,4538248.0000000000,-0.0028942760,0.1072815680,OOS
IMMR,short,2024-07-16,09:30,12.2700000000,2024-07-16,16:00,12.1800000000,session_close,0.0632582322,11.5400000000,11.7100000000,0.0073349633,0.0033496333,14.5428745732,6.6412460551,7.9016285181,1982.6785668131,1982.6785668131,1.0000000000,6562080.0000000000,0.0023774331,0.0608807992,OOS
IMMR,short,2024-07-17,09:30,13.2800000000,2024-07-17,16:00,12.2700000000,session_close,0.0903119869,12.1800000000,12.0400000000,0.0760542169,0.0722063253,151.2961604666,143.6414735361,7.6546869305,1989.3198128682,1989.3198128682,1.0000000000,6562080.0000000000,-0.0107283221,0.1010403089,OOS
CLW,short,2024-07-22,09:30,55.0000000000,2024-07-22,16:00,55.3500000000,session_close,0.1242845462,48.9200000000,51.9500000000,-0.0063636364,-0.0103763636,-13.5733900044,-22.1323819300,8.5589919256,2132.9612864043,2132.9612864043,1.0000000000,5219741.0000000000,0.0073043225,0.1169802237,OOS
OSUR,short,2024-08-07,09:30,4.9100000000,2024-08-07,16:00,4.3400000000,session_close,0.1365740741,4.3200000000,4.3100000000,0.1160896130,0.1123217923,245.0453107027,237.0920857062,7.9532249965,2110.8289044743,2110.8289044743,1.0000000000,2963520.0000000000,0.0121038016,0.1244702725,OOS
NAGE,short,2024-08-08,09:30,2.9500000000,2024-08-08,16:00,2.8800000000,session_close,0.1216730038,2.6300000000,2.6300000000,0.0237288136,0.0197762712,55.7133794280,46.4331222261,9.2802572019,2347.9209901805,2347.9209901805,1.0000000000,799699.0000000000,0.0101222381,0.1115507657,OOS
STRT,short,2024-08-09,09:30,27.6700000000,2024-08-09,16:00,30.0000000000,session_close,0.1626050420,23.8000000000,25.9000000000,-0.0842067221,-0.0883751355,-201.6207113085,-211.6013691808,9.9806578722,2394.3541124067,2394.3541124067,1.0000000000,397864.0000000000,-0.0015829643,0.1641880063,OOS
FXNC,short,2024-08-15,09:30,17.6600000000,2024-08-15,16:00,16.8100000000,session_close,0.0511904762,16.8000000000,16.8000000000,0.0481313703,0.0442276331,105.0588806196,96.5379874079,8.5208932117,2182.7527432259,2182.7527432259,1.0000000000,79772.0000000000,0.0105747126,0.0406157635,OOS
XPER,short,2024-08-19,09:30,8.9300000000,2024-08-19,16:00,8.7800000000,session_close,0.1827814570,7.5500000000,8.4400000000,0.0167973124,0.0128309071,38.2859585213,29.2453675158,9.0405910055,2279.2907306338,2279.2907306338,1.0000000000,3660995.0000000000,0.0007576988,0.1820237582,OOS
IMMR,short,2024-08-21,09:30,11.3800000000,2024-08-21,16:00,9.9000000000,session_close,0.1460221551,9.9300000000,9.8000000000,0.1300527241,0.1263128295,300.2314081952,291.5977266190,8.6336815762,2308.5360981496,2308.5360981496,1.0000000000,9630522.0000000000,0.0019151602,0.1441069949,OOS
IMMR,short,2024-08-30,09:30,9.2600000000,2024-08-30,16:00,9.4000000000,session_close,0.0655926352,8.6900000000,9.1600000000,-0.0151187905,-0.0191490281,-39.3108785602,-49.7900356164,10.4791570562,2600.1338247686,2600.1338247686,1.0000000000,10439343.0000000000,0.0043341990,0.0612584362,OOS
FXNC,short,2024-09-03,09:30,19.9700000000,2024-09-03,16:00,17.3600000000,session_close,0.1556712963,17.2800000000,17.2500000000,0.1306960441,0.1269574362,333.3198442507,323.7851087826,9.5347354681,2550.3437891522,2550.3437891522,1.0000000000,36540.0000000000,-0.0056947204,0.1613660167,OOS
ZUMZ,short,2024-09-06,09:30,28.2400000000,2024-09-06,16:00,26.6900000000,session_close,0.1001168679,25.6700000000,26.6100000000,0.0548866856,0.0509964589,157.7514090580,146.5703962844,11.1810127736,2874.1288979348,2874.1288979348,1.0000000000,6166932.0000000000,0.0006004258,0.0995164422,OOS
AUDC,short,2024-09-10,09:30,9.9600000000,2024-09-10,16:00,9.7800000000,session_close,0.0573248408,9.4200000000,9.5200000000,0.0180722892,0.0141084337,54.5909511003,42.6173358257,11.9736152747,3020.6992942192,3020.6992942192,1.0000000000,358980.0000000000,0.0035687487,0.0537560920,OOS
SMTI,short,2024-09-12,09:30,35.5000000000,2024-09-12,16:00,34.6800000000,session_close,0.0593852581,33.5100000000,33.2810000000,0.0230985915,0.0191447887,70.7582996236,58.6465497026,12.1117499209,3063.3166300449,3063.3166300449,1.0000000000,762376.0000000000,0.0010641752,0.0583210830,OOS
BOOM,short,2024-09-17,09:30,12.6000000000,2024-09-17,16:00,13.0000000000,session_close,0.1549037580,10.9100000000,12.4000000000,-0.0317460317,-0.0358095238,-99.1099422142,-111.7960148176,12.6860726034,3121.9631797475,3121.9631797475,1.0000000000,1912089.9999999998,0.0040153507,0.1508884073,OOS
FXNC,short,2024-09-19,09:30,18.5000000000,2024-09-19,16:00,17.7500000000,session_close,0.0712217719,17.2700000000,17.7500000000,0.0405405405,0.0366216216,122.0338039836,110.2372029319,11.7966010518,3010.1671649299,3010.1671649299,1.0000000000,31212.0000000000,0.0171179195,0.0541038524,OOS
ACCO,short,2024-11-01,09:30,5.2500000000,2024-11-01,16:00,5.2600000000,session_close,0.0714285714,4.9000000000,5.0150000000,-0.0019047619,-0.0059085714,-2.9718136837,-9.2185660468,6.2467523631,3120.4043678618,1560.2021839309,0.5000000000,2419921.0000000000,0.0047129994,0.0667155720,OOS
NAGE,short,2024-11-01,09:30,4.1200000000,2024-11-01,16:00,5.8600000000,session_close,0.1805157593,3.4900000000,3.8300000000,-0.4223300971,-0.4271747573,-658.9203398155,-666.4789892308,7.5586494154,3120.4043678618,1560.2021839309,0.5000000000,800496.0000000000,0.0047129994,0.1758027599,OOS
CLW,short,2024-11-05,09:30,27.4000000000,2024-11-05,16:00,28.0200000000,session_close,0.0864393339,25.2200000000,27.0700000000,-0.0226277372,-0.0266729927,-55.3181833504,-65.2076469675,9.8894636170,2444.7068125842,2444.7068125842,1.0000000000,6356958.0000000000,0.0016321230,0.0848072109,OOS
CHCT,short,2024-11-06,09:30,19.8200000000,2024-11-06,16:00,18.8500000000,session_close,0.0553780618,18.7800000000,18.7900000000,0.0489404642,0.0450383451,23.2907587351,21.4337409201,1.8570178150,2379.4991656167,475.8998331233,0.2000000000,5160792.0000000000,0.0216750477,0.0337030141,OOS
CLW,short,2024-11-06,09:30,29.5200000000,2024-11-06,16:00,29.0400000000,session_close,0.0535331906,28.0200000000,28.0600000000,0.0162601626,0.0122926829,7.7382086687,5.8500857535,1.8881229152,2379.4991656167,475.8998331233,0.2000000000,6743926.0000000000,0.0216750477,0.0318581429,OOS
LMNR,short,2024-11-06,09:30,28.5600000000,2024-11-06,16:00,28.9100000000,session_close,0.0500000000,27.2000000000,28.2800000000,-0.0122549020,-0.0162794118,-5.8321057981,-7.7473693422,1.9152635441,2379.4991656167,475.8998331233,0.2000000000,663250.0000000000,0.0216750477,0.0283249523,OOS
NAGE,short,2024-11-06,09:30,6.4400000000,2024-11-06,16:00,6.9900000000,session_close,0.0540098200,6.1100000000,6.1257000000,-0.0854037267,-0.0895745342,-40.6436192885,-42.6285058596,1.9848865711,2379.4991656167,475.8998331233,0.2000000000,830335.0000000000,0.0216750477,0.0323347723,OOS
RM,short,2024-11-06,09:30,31.5100000000,2024-11-06,16:00,32.8900000000,session_close,0.0623735671,29.6600000000,31.1200000000,-0.0437956204,-0.0478832117,-20.8423284580,-22.7876124474,1.9452839894,2379.4991656167,475.8998331233,0.2000000000,480106.0000000000,0.0216750477,0.0406985194,OOS
BGS,short,2024-11-11,09:30,6.9900000000,2024-11-11,16:00,6.7500000000,session_close,0.0770416025,6.4900000000,6.5300000000,0.0343347639,0.0304034335,80.1242748375,70.9500453686,9.1742294689,2333.6195046412,2333.6195046412,1.0000000000,6319170.0000000000,0.0027081696,0.0743334328,OOS
HDSN,short,2024-11-21,09:30,6.1000000000,2024-11-21,16:00,6.0500000000,session_close,0.0571923744,5.7700000000,5.8000000000,0.0081967213,0.0042131148,19.7095864755,10.1307274484,9.5788590271,2404.5695500098,2404.5695500098,1.0000000000,4289868.0000000000,0.0005777302,0.0566146442,OOS
LMNR,short,2024-11-25,09:30,27.5900000000,2024-11-25,16:00,27.3300000000,session_close,0.0566832631,26.1100000000,27.1200000000,0.0094237042,0.0054425516,22.7554212446,13.1421309773,9.6132902673,2414.7002774582,2414.7002774582,1.0000000000,965874.0000000000,0.0026154749,0.0540677882,OOS
IMMR,short,2024-11-27,09:30,9.4000000000,2024-11-27,16:00,8.8100000000,session_close,0.0681818182,8.8000000000,8.5500000000,0.0627659574,0.0588914894,152.3858532954,142.9792553683,9.4065979272,2427.8424084355,2427.8424084355,1.0000000000,4875525.0000000000,-0.0016469805,0.0698287987,OOS
OSUR,short,2024-12-02,09:30,3.9900000000,2024-12-02,16:00,3.9000000000,session_close,0.0500000000,3.8000000000,3.8200000000,0.0225563910,0.0186015038,28.9942292910,23.9105744220,5.0836548690,2570.8216638037,1285.4108319019,0.5000000000,2940960.0000000005,-0.0020228147,0.0520228147,OOS
VFF,short,2024-12-02,09:30,0.8199000000,2024-12-02,16:00,0.7801000000,session_close,0.0510191001,0.7801000000,0.7739000000,0.0485425052,0.0446395902,62.3970619706,57.3802127669,5.0168492037,2570.8216638037,1285.4108319019,0.5000000000,354029.2305000000,-0.0020228147,0.0530419148,OOS
ELME,short,2024-12-09,09:30,18.0000000000,2024-12-09,16:00,16.7900000000,session_close,0.0765550239,16.7200000000,16.7000000000,0.0672222222,0.0633566667,89.1404462695,84.0145022600,5.1259440094,2652.1124509927,1326.0562254963,0.5000000000,8794024.0000000000,0.0018604804,0.0746945435,OOS
STRT,short,2024-12-09,09:30,45.5000000000,2024-12-09,16:00,41.8600000000,session_close,0.0653242800,42.7100000000,41.4500000000,0.0800000000,0.0761600000,106.0844980397,100.9924421338,5.0920559059,2652.1124509927,1326.0562254963,0.5000000000,909534.0000000000,0.0018604804,0.0634637996,OOS
LMNR,short,2024-12-11,09:30,30.0000000000,2024-12-11,16:00,27.9500000000,session_close,0.0909090909,27.5000000000,27.5000000000,0.0683333333,0.0644700000,193.8698253514,182.9090874206,10.9607379308,2837.1193953865,2837.1193953865,1.0000000000,987128.7600000000,0.0002984283,0.0906106626,OOS
XPER,short,2024-12-12,09:30,10.0200000000,2024-12-12,16:00,10.4300000000,session_close,0.0541376481,9.5054000000,9.9609000000,-0.0409181637,-0.0450000000,-123.5740197556,-135.9012817263,12.3272619707,3020.0284828071,3020.0284828071,1.0000000000,4425704.0000000000,-0.0002966577,0.0544343057,OOS
LMNR,short,2024-12-16,09:30,30.0000000000,2024-12-16,16:00,26.7600000000,session_close,0.1102886751,27.0200000000,26.7300000000,0.1080000000,0.1042160000,311.4857377167,300.5722003878,10.9135373289,2884.1272010807,2884.1272010807,1.0000000000,922457.7000000000,0.0004471309,0.1098415441,OOS
LMNR,short,2024-12-17,09:30,29.0000000000,2024-12-17,16:00,26.6800000000,session_close,0.0837070254,26.7600000000,26.4700000000,0.0800000000,0.0761600000,254.7759521175,242.5467064158,12.2292457016,3184.6994014686,3184.6994014686,1.0000000000,889741.5800000000,-0.0010396383,0.0847466637,OOS
SMTI,short,2024-12-23,09:30,35.5000000000,2024-12-23,16:00,34.1100000000,session_close,0.0540380048,33.6800000000,31.8169000000,0.0391549296,0.0352332394,134.1935799989,120.7529827273,13.4405972715,3427.2461078844,3427.2461078844,1.0000000000,1066419.2699999998,0.0024657164,0.0515722883,OOS
ZUMZ,short,2024-12-24,09:30,19.9000000000,2024-12-24,13:00,18.7200000000,session_close,0.0579479001,18.8100000000,18.5071000000,0.0592964824,0.0554150754,210.3838656745,196.6126370434,13.7712286311,3547.9990906117,3547.9990906117,1.0000000000,5862278.2400000002,0.0006726646,0.0572752355,OOS
CLW,short,2024-12-27,09:30,31.8900000000,2024-12-27,16:00,30.3700000000,session_close,0.0630000000,30.0000000000,30.0000000000,0.0476638445,0.0437591722,178.4825909701,163.8611092414,14.6214817287,3744.6117276551,3744.6117276551,1.0000000000,7999132.5600000005,-0.0019320131,0.0649320131,OOS
JILL,short,2024-12-30,09:30,28.9900000000,2024-12-30,16:00,26.6600000000,session_close,0.0776951673,26.9000000000,26.0500000000,0.0803725423,0.0765332873,314.1338982397,299.1282746886,15.0056235511,3908.4728368965,3908.4728368965,1.0000000000,3534483.6000000001,-0.0026553283,0.0803504956,OOS
NAGE,short,2024-12-31,09:30,5.7700000000,2024-12-31,16:00,5.3050000000,session_close,0.0587155963,5.4500000000,5.2600000000,0.0805892548,0.0767504333,339.0874379354,322.9352083649,16.1522295705,4207.6011115851,4207.6011115851,1.0000000000,3809591.5000000000,0.0003405415,0.0583750549,OOS
VFF,short,2025-01-08,09:30,0.8400000000,2025-01-08,16:00,0.7900000000,session_close,0.0599369085,0.7925000000,0.7900000000,0.0595238095,0.0556428571,269.6747809494,252.0919852315,17.5827957179,4530.5363199500,4530.5363199500,1.0000000000,330756.8250000000,0.0005428513,0.0593940572,OOS
CYH,short,2025-01-10,09:30,3.1574000000,2025-01-10,16:00,2.9205000000,session_close,0.0524666667,3.0000000000,2.9205000000,0.0750300880,0.0711801482,179.4205114172,170.2140958297,9.2064155875,4782.6283051815,2391.3141525907,0.5000000000,6628497.6899999995,-0.0001020113,0.0525686780,OOS
LMNR,short,2025-01-10,09:30,25.7000000000,2025-01-10,16:00,23.0400000000,session_close,0.0619834711,24.2000000000,22.9600000000,0.1035019455,0.0997089494,247.5056671553,238.4354218793,9.0702452761,4782.6283051815,2391.3141525907,0.5000000000,1387158.5000000000,-0.0001020113,0.0620854824,OOS
STRT,short,2025-01-15,09:30,39.9900000000,2025-01-15,16:00,39.7600000000,session_close,0.0507094062,38.0600000000,37.7200000000,0.0057514379,0.0017629407,29.8573118096,9.1519151416,20.7053966679,5191.2778228904,5191.2778228904,1.0000000000,658805.7600000000,-0.0009268000,0.0516362062,OOS
NAGE,short,2025-01-21,09:30,6.1300000000,2025-01-21,16:00,6.0900000000,session_close,0.0621707790,5.7712000000,6.0100000000,0.0065252855,0.0025383361,33.9342886658,13.2004382910,20.7338503748,5200.4297380321,5200.4297380321,1.0000000000,2344314.9500000002,0.0009704027,0.0612003763,OOS
HDSN,short,2025-01-28,09:30,6.2500000000,2025-01-28,16:00,5.8300000000,session_close,0.1081560284,5.6400000000,5.6500000000,0.0672000000,0.0633344000,350.3559478489,330.2021390393,20.1538088096,5213.6301763231,5213.6301763231,1.0000000000,1920329.7599999998,0.0030542250,0.1051018034,OOS
VFF,short,2025-01-30,09:30,0.7650000000,2025-01-30,16:00,0.6935000000,session_close,0.0774647887,0.7100000000,0.6900000000,0.0934640523,0.0896509804,518.1490333966,497.0100022020,21.1390311947,5543.8323153624,5543.8323153624,1.0000000000,275339.4626000000,0.0032169270,0.0742478617,OOS
BOOM,short,2025-02-05,09:30,8.3600000000,2025-02-05,16:00,8.0200000000,session_close,0.0717124324,7.8006000000,7.9900000000,0.0406698565,0.0367511962,245.6801899488,222.0081810584,23.6720088904,6040.8423175643,6040.8423175643,1.0000000000,1263727.6000000001,-0.0032811459,0.0749935783,OOS
CHCT,short,2025-02-11,09:30,21.0000000000,2025-02-11,16:00,20.1600000000,session_close,0.0505252626,19.9900000000,19.9600000000,0.0400000000,0.0360800000,125.2570099725,112.9818229952,12.2751869773,6262.8504986228,3131.4252493114,0.5000000000,3111237.2500000000,-0.0012914335,0.0518166961,OOS
FXNC,short,2025-02-11,09:30,30.0000000000,2025-02-11,16:00,26.3000000000,session_close,0.1393847322,26.3300000000,26.0000000000,0.1233333333,0.1195800000,386.2091140817,374.4558313127,11.7532827691,6262.8504986228,3131.4252493114,0.5000000000,300590.5000000000,-0.0012914335,0.1406761657,OOS
BOOM,short,2025-02-12,09:30,8.9400000000,2025-02-12,16:00,8.4900000000,session_close,0.0655542312,8.3900000000,7.9901000000,0.0503355705,0.0464362416,339.7796050133,313.4580116116,26.3215934017,6750.2881529306,6750.2881529306,1.0000000000,1279938.0492000000,-0.0006938593,0.0662480906,OOS
ZUMZ,short,2025-02-20,09:30,15.7000000000,2025-02-20,16:00,14.7200000000,session_close,0.0551075269,14.8800000000,14.6300000000,0.0624203822,0.0585452229,440.9217351115,413.5485939236,27.3731411879,7063.7461645421,7063.7461645421,1.0000000000,3867103.6800000002,-0.0013882084,0.0564957353,OOS
CYH,short,2025-02-21,09:30,3.6000000000,2025-02-21,16:00,3.5100000000,session_close,0.0553780305,3.4111000000,3.4600000000,0.0250000000,0.0210500000,186.9323689616,157.3970546657,29.5353142959,7477.2947584658,7477.2947584658,1.0000000000,8888005.3200000003,-0.0001474467,0.0555254773,OOS
XPER,short,2025-02-25,09:30,9.2800000000,2025-02-25,16:00,8.6300000000,session_close,0.1386503067,8.1500000000,8.5400000000,0.0700431034,0.0661831897,534.7575084629,505.2882562273,29.4692522356,7634.6918131315,7634.6918131315,1.0000000000,2447661.6000000001,-0.0034780864,0.1421283931,OOS
FNWD,short,2025-02-26,09:30,28.4000000000,2025-02-26,16:00,26.3600000000,session_close,0.0794374762,26.3100000000,26.3600000000,0.0718309859,0.0679746479,584.7027937145,553.3122790245,31.3905146900,8139.9800693587,8139.9800693587,1.0000000000,57638.9200000000,0.0012919463,0.0781455299,OOS
OSUR,short,2025-02-28,09:30,3.3600000000,2025-02-28,16:00,3.5500000000,session_close,0.0734824281,3.1300000000,3.2000000000,-0.0565476190,-0.0606607143,-245.7924919930,-263.6706616737,17.8781696808,8693.2923483832,4346.6461741916,0.5000000000,2685137.7600000002,0.0020687651,0.0714136630,OOS
PTLO,short,2025-02-28,09:30,14.2800000000,2025-02-28,16:00,13.9700000000,session_close,0.0573391778,13.5056000000,13.9100000000,0.0217086835,0.0177521008,94.3599659663,77.1621012015,17.1978647648,8693.2923483832,4346.6461741916,0.5000000000,21881245.5000000000,0.0020687651,0.0552704128,OOS
ELME,short,2025-03-05,09:30,21.0089000000,2025-03-05,16:00,17.3400000000,session_close,0.2228696158,17.1800000000,16.9761000000,0.1746355116,0.1709847826,742.7932695064,727.2652884696,15.5279810368,8506.7837879110,4253.3918939555,0.5000000000,11063709.2900000010,0.0004651724,0.2224044435,OOS
NAGE,short,2025-03-05,09:30,6.1100000000,2025-03-05,16:00,8.6000000000,session_close,0.0534482759,5.8000000000,6.0300000000,-0.4075286416,-0.4123436989,-1733.3790206136,-1753.8593462307,20.4803256170,8506.7837879110,4253.3918939555,0.5000000000,2036501.8000000000,0.0004651724,0.0529831035,OOS
CHCT,short,2025-03-10,09:30,19.8500000000,2025-03-10,16:00,18.5600000000,session_close,0.0735532720,18.4900000000,18.1000000000,0.0649874055,0.0611173804,243.0590617605,228.5848004238,14.4742613368,7480.1897301499,3740.0948650750,0.5000000000,5473286.3899999997,-0.0034974161,0.0770506881,OOS
VFF,short,2025-03-10,09:30,0.7400000000,2025-03-10,16:00,0.7199000000,session_close,0.0847258868,0.6822000000,0.6800000000,0.0271621622,0.0232164865,101.5890632270,86.8318618932,14.7572013338,7480.1897301499,3740.0948650750,0.5000000000,210594.2400000000,-0.0034974161,0.0882233029,OOS
ELME,short,2025-03-13,09:30,18.5000000000,2025-03-13,16:00,16.9000000000,session_close,0.0863182619,17.0300000000,16.8500000000,0.0864864865,0.0826594595,674.2146069161,644.3806105600,29.8339963560,7795.6063924669,7795.6063924669,1.0000000000,11063709.2900000010,-0.0072056647,0.0935239265,OOS
ZUMZ,short,2025-03-27,09:30,15.9000000000,2025-03-27,16:00,15.2900000000,session_close,0.0621242485,14.9700000000,14.6877000000,0.0383647799,0.0344415094,323.7982435124,290.6858919873,33.1123515251,8439.9870030269,8439.9870030269,1.0000000000,5011873.1699999999,0.0014798633,0.0606443852,OOS
CYH,short,2025-03-28,09:30,2.8100000000,2025-03-28,16:00,2.7000000000,session_close,0.0603773585,2.6500000000,2.6250000000,0.0391459075,0.0352241993,341.7701133280,307.5309619746,34.2391513534,8730.6728950142,8730.6728950142,1.0000000000,6260094.3799999999,-0.0001588506,0.0605362091,OOS
AUDC,short,2025-04-03,09:30,10.1900000000,2025-04-03,16:00,8.9600000000,session_close,0.0614583333,9.6000000000,8.7600000000,0.1207065751,0.1169479882,1090.9706323941,1056.9997582310,33.9708741632,9038.2038569887,9038.2038569887,1.0000000000,781959.1499999999,0.0058183287,0.0556400047,OOS
AUDC,short,2025-04-04,09:30,10.0000000000,2025-04-04,16:00,8.4700000000,session_close,0.1160714286,8.9600000000,8.1400000000,0.1530000000,0.1493060000,1544.5661531286,1507.2744709740,37.2916821546,10095.2036152197,10095.2036152197,1.0000000000,781962.1200000000,-0.0020507849,0.1181222135,OOS
VFF,short,2025-04-07,09:30,0.5700000000,2025-04-07,16:00,0.5500000000,session_close,0.1176470588,0.5100000000,0.4520000000,0.0350877193,0.0311578947,407.1044942524,361.5087908961,45.5957033563,11602.4780861937,11602.4780861937,1.0000000000,217675.6938000000,-0.0367952522,0.1544423110,OOS
AUDC,short,2025-04-08,09:30,8.5600000000,2025-04-08,16:00,8.1600000000,session_close,0.0515970516,8.1400000000,8.0759000000,0.0467289720,0.0428224299,139.7662018352,128.0817473617,11.6844544734,11963.9868770898,2990.9967192725,0.2500000000,807131.8800000000,0.0013541892,0.0502428624,OOS
BOOM,short,2025-04-08,09:30,7.1500000000,2025-04-08,16:00,6.4600000000,session_close,0.0784313725,6.6300000000,6.0650000000,0.0965034965,0.0926965035,288.6416414403,277.2549378461,11.3867035942,11963.9868770898,2990.9967192725,0.2500000000,1292512.0000000000,0.0013541892,0.0770771834,OOS
JILL,short,2025-04-08,09:30,17.8100000000,2025-04-08,16:00,15.5000000000,session_close,0.0980271270,16.2200000000,15.4500000000,0.1297024144,0.1259618192,387.9394958742,376.7513879889,11.1881078853,11963.9868770898,2990.9967192725,0.2500000000,2718034.0599999996,0.0013541892,0.0966729378,OOS
NAGE,short,2025-04-08,09:30,5.9300000000,2025-04-08,16:00,5.4200000000,session_close,0.0589285714,5.6000000000,5.3700000000,0.0860033727,0.0821753794,257.2358055361,245.7862902701,11.4495152660,11963.9868770898,2990.9967192725,0.2500000000,4739781.2000000002,0.0013541892,0.0575743823,OOS
AUDC,short,2025-04-11,09:30,9.4000000000,2025-04-11,16:00,8.8700000000,session_close,0.0892236385,8.6300000000,8.5000000000,0.0563829787,0.0524957447,366.2599179519,341.0087153067,25.2512026452,12991.8612405566,6495.9306202783,0.5000000000,807131.8800000000,0.0059342845,0.0832893540,OOS
BOOM,short,2025-04-11,09:30,7.9000000000,2025-04-11,16:00,6.5600000000,session_close,0.2172573190,6.4900000000,6.1900000000,0.1696202532,0.1659594937,1101.8413963510,1078.0613566626,23.7800396884,12991.8612405566,6495.9306202783,0.5000000000,1433235.5600000001,0.0059342845,0.2113230345,OOS
PTLO,short,2025-04-14,09:30,13.2500000000,2025-04-14,16:00,11.5269000000,session_close,0.1041666667,12.0000000000,11.5269000000,0.1300452830,0.1263053736,1874.0736411029,1820.1780631350,53.8955779679,14410.9313125258,14410.9313125258,1.0000000000,17347597.7399999984,0.0106870801,0.0934795866,OOS
BOOM,short,2025-04-21,09:30,7.0000000000,2025-04-21,16:00,6.2500000000,session_close,0.0819165379,6.4700000000,6.1100000000,0.1071428571,0.1033571429,869.5237165533,838.8005452350,30.7231713182,16231.1093756608,8115.5546878304,0.5000000000,1433235.5600000001,-0.0081957883,0.0901123261,OOS
ZUMZ,short,2025-04-21,09:30,13.9000000000,2025-04-21,16:00,11.9500000000,session_close,0.0750193349,12.9300000000,11.5900000000,0.1402877698,0.1365683453,1138.5130677172,1108.3278751013,30.1851926159,16231.1093756608,8115.5546878304,0.5000000000,5135422.7999999998,-0.0081957883,0.0832151232,OOS
BGS,short,2025-04-23,09:30,7.0600000000,2025-04-23,16:00,7.0200000000,session_close,0.0696969697,6.6000000000,6.9511000000,0.0056657224,0.0016770538,34.3309495675,10.1619610720,24.1689884955,18178.2377959971,6059.4125986657,0.3333333333,14078495.9300999995,0.0002608777,0.0694360920,OOS
CYH,short,2025-04-23,09:30,2.5500000000,2025-04-23,16:00,2.8000000000,session_close,0.0580912863,2.4100000000,2.4000000000,-0.0980392157,-0.1022352941,-594.0600586927,-619.4858292048,25.4257705120,18178.2377959971,6059.4125986657,0.3333333333,5836759.3600000003,0.0002608777,0.0578304086,OOS
VFF,short,2025-04-23,09:30,0.6720000000,2025-04-23,16:00,0.6300000000,session_close,0.0572687225,0.6356000000,0.6030000000,0.0625000000,0.0586250000,378.7132874166,355.2330635968,23.4802238198,18178.2377959971,6059.4125986657,0.3333333333,222978.6830000000,0.0002608777,0.0570078448,OOS
OSUR,short,2025-05-07,09:30,2.9500000000,2025-05-07,16:00,2.7000000000,session_close,0.0535714286,2.8000000000,2.7000000000,0.0847457627,0.0809152542,1518.9955077509,1450.3369108006,68.6585969503,17924.1469914611,17924.1469914611,1.0000000000,1203154.1599999999,-0.0012779553,0.0548493838,OOS
ACCO,short,2025-05-08,09:30,3.6800000000,2025-05-08,16:00,3.7200000000,session_close,0.0500185465,3.5047000000,3.5701000000,-0.0108695652,-0.0148913043,-70.1974054430,-96.1704454569,25.9730400139,19374.4839022617,6458.1613007539,0.3333333333,2499886.1400000001,-0.0080390724,0.0580576189,OOS
OSUR,short,2025-05-08,09:30,2.9000000000,2025-05-08,16:00,2.6000000000,session_close,0.0740740741,2.7000000000,2.4200000000,0.1034482759,0.0996551724,668.0856518021,643.5891779027,24.4964738994,19374.4839022617,6458.1613007539,0.3333333333,1203154.1599999999,-0.0080390724,0.0821131465,OOS
ZUMZ,short,2025-05-08,09:30,12.3800000000,2025-05-08,16:00,12.3100000000,session_close,0.0572160547,11.7100000000,11.6100000000,0.0056542811,0.0016655897,36.5162593742,10.7566466899,25.7596126843,19374.4839022617,6458.1613007539,0.3333333333,3319119.7999999998,-0.0080390724,0.0652551270,OOS
STRT,short,2025-05-12,09:30,43.0000000000,2025-05-12,16:00,41.6000000000,session_close,0.0771543086,39.9200000000,40.0000000000,0.0325581395,0.0286232558,648.9703021850,570.5376056638,78.4326965212,19932.6592813975,19932.6592813975,1.0000000000,635071.2000000001,0.0108318584,0.0663224502,OOS
VFF,short,2025-05-13,09:30,0.7597000000,2025-05-13,16:00,0.9379000000,session_close,0.0733257982,0.7078000000,0.7100000000,-0.2345662762,-0.2390354087,-4809.3585432070,-4900.9900478416,91.6315046347,20503.1968870613,20503.1968870613,1.0000000000,224771.8200000000,-0.0024564960,0.0757822942,OOS
VFF,short,2025-05-14,09:30,0.9951000000,2025-05-14,16:00,1.0100000000,session_close,0.0609873121,0.9379000000,0.9800000000,-0.0149733695,-0.0190033162,-233.6176081845,-296.4936707577,62.8760625732,15602.2068392197,15602.2068392197,1.0000000000,239844.1500000000,0.0004257421,0.0605615700,OOS
VFF,short,2025-05-16,09:30,0.9461000000,2025-05-16,16:00,1.0299000000,session_close,0.0749914782,0.8801000000,0.9300000000,-0.0885741465,-0.0927512948,-1355.6904804113,-1419.6247140460,63.9342336347,15305.7131684620,15305.7131684620,1.0000000000,263253.0330000000,0.0016096784,0.0733817998,OOS
JILL,short,2025-06-16,09:30,14.4000000000,2025-06-16,16:00,14.0400000000,session_close,0.0549450549,13.6500000000,13.5050000000,0.0250000000,0.0210500000,347.1522113604,292.3021619655,54.8500493949,13886.0884544160,13886.0884544160,1.0000000000,1435379.3999999999,0.0047197443,0.0502253107,OOS
FXNC,short,2025-06-30,09:30,20.0700000000,2025-06-30,16:00,19.4700000000,session_close,0.0580253357,18.9693000000,19.0500000000,0.0298953662,0.0259551570,423.8681798619,368.0023537561,55.8658261058,14178.3906163815,14178.3906163815,1.0000000000,402844.6500000000,0.0063576936,0.0516676420,OOS
ACCO,short,2025-07-02,09:30,3.8600000000,2025-07-02,16:00,4.0000000000,session_close,0.0546448087,3.6600000000,3.8200000000,-0.0362694301,-0.0403419689,-527.5893823366,-586.8301329818,59.2407506452,14546.3929701376,14546.3929701376,1.0000000000,2664334.3999999999,0.0009078713,0.0537369375,OOS
FSBW,short,2025-07-03,09:30,41.5800000000,2025-07-03,13:00,42.9500000000,session_close,0.0607142857,39.2000000000,41.5800000000,-0.0329485329,-0.0370144300,-459.9471160871,-516.7052616679,56.7581455808,13959.5628371558,13959.5628371558,1.0000000000,592562.8800000000,0.0009667752,0.0597475106,OOS
LMNR,short,2025-07-08,09:30,16.0100000000,2025-07-08,16:00,15.6100000000,session_close,0.0505249344,15.2400000000,15.1400000000,0.0249843848,0.0210343535,335.8615259335,282.7618186834,53.0997072501,13442.8575754879,13442.8575754879,1.0000000000,1400750.9099999999,0.0019677419,0.0485571924,OOS
VFF,short,2025-07-18,09:30,1.3600000000,2025-07-18,16:00,1.3200000000,session_close,0.0542635659,1.2900000000,1.3100000000,0.0294117647,0.0254705882,403.6946880639,349.5995998633,54.0950882006,13725.6193941713,13725.6193941713,1.0000000000,756408.5961000000,0.0000477168,0.0542158491,OOS
RM,short,2025-07-31,09:30,33.7900000000,2025-07-31,16:00,33.2400000000,session_close,0.0689655172,31.6100000000,32.8200000000,0.0162770050,0.0123095590,229.1024103794,173.2597392240,55.8426711554,14075.2189940346,14075.2189940346,1.0000000000,1305574.7800000000,0.0026449644,0.0663205528,OOS
III,short,2025-08-05,09:30,4.5700000000,2025-08-05,16:00,4.2400000000,session_close,0.0652680653,4.2900000000,4.2200000000,0.0722100656,0.0683544858,1028.8835846773,973.9474369136,54.9361477637,14248.4787332586,14248.4787332586,1.0000000000,966596.6506000001,-0.0002690768,0.0655371420,OOS
DSX,short,2025-08-11,09:30,1.6900000000,2025-08-11,16:00,1.5114000000,session_close,0.0669865522,1.5839000000,1.5114000000,0.1056804734,0.1018918343,804.3566017730,775.5204626362,28.8361391368,15222.4261701722,7611.2130850861,0.5000000000,385414.4000000000,-0.0009708738,0.0679574260,OOS
VFF,short,2025-08-11,09:30,1.8400000000,2025-08-11,16:00,2.3500000000,session_close,0.0523305691,1.7485000000,1.8400000000,-0.2771739130,-0.2817282609,-2109.6297138010,-2144.2938255690,34.6641117679,15222.4261701722,7611.2130850861,0.5000000000,994807.9600000001,-0.0009708738,0.0533014428,OOS
DSX,short,2025-08-12,09:30,1.5882000000,2025-08-12,16:00,1.5200000000,session_close,0.0508138150,1.5114000000,1.5200000000,0.0429416950,0.0390275784,297.4496667465,270.3372604656,27.1124062810,13853.6528072394,6926.8264036197,0.5000000000,385414.4000000000,0.0014628392,0.0493509758,OOS
VFF,short,2025-08-12,09:30,2.5000000000,2025-08-12,16:00,2.4500000000,session_close,0.0638297872,2.3500000000,2.2400000000,0.0200000000,0.0160400000,138.5365280724,111.1062955141,27.4302325583,13853.6528072394,6926.8264036197,0.5000000000,994807.9600000001,0.0014628392,0.0623669481,OOS
SMTI,short,2025-08-13,09:30,29.1400000000,2025-08-13,16:00,31.9200000000,session_close,0.0607935930,27.4700000000,29.0000000000,-0.0954015100,-0.0995923130,-1358.0496873627,-1417.7061721903,59.6564848276,14235.0963632190,14235.0963632190,1.0000000000,1154063.6000000001,0.0007619818,0.0600316112,OOS
FSBW,short,2025-08-14,09:30,41.2100000000,2025-08-14,16:00,41.2600000000,session_close,0.0539641944,39.1000000000,40.5600000000,-0.0012132977,-0.0052157243,-15.5513105933,-66.8519739786,51.3006633853,12817.3901910287,12817.3901910287,1.0000000000,595959.3600000000,-0.0002481697,0.0542123641,OOS
FSBW,short,2025-08-22,09:30,41.0000000000,2025-08-22,16:00,42.3800000000,session_close,0.0875331565,37.7000000000,40.3400000000,-0.0336585366,-0.0377258537,-429.1644570617,-481.0249388440,51.8604817823,12750.5382170501,12750.5382170501,1.0000000000,605359.4200000000,-0.0008640055,0.0883971620,OOS
FSBW,short,2025-08-28,09:30,42.6700000000,2025-08-28,16:00,42.8100000000,session_close,0.0640897756,40.1000000000,42.4900000000,-0.0032809937,-0.0072875557,-40.2561954288,-89.4147609325,49.1585655037,12269.5132782061,12269.5132782061,1.0000000000,689645.8000000000,0.0043269446,0.0597628309,OOS
VFF,short,2025-09-05,09:30,2.7900000000,2025-09-05,16:00,2.6598000000,session_close,0.0607961674,2.6301000000,2.5500000000,0.0466666667,0.0427600000,568.4045974728,520.8210125986,47.5835848741,12180.0985172736,12180.0985172736,1.0000000000,7753082.3865000000,0.0013857666,0.0594104008,OOS
RWAY,short,2025-09-23,09:30,10.9500000000,2025-09-23,16:00,10.2600000000,session_close,0.0631067961,10.3000000000,10.2350000000,0.0630136986,0.0591397260,800.3319155810,751.1289012927,49.2030142883,12700.9195298722,12700.9195298722,1.0000000000,2297340.8700000001,-0.0002099864,0.0633167825,OOS
CYH,short,2025-09-24,09:30,3.1600000000,2025-09-24,16:00,3.2000000000,session_close,0.0568561873,2.9900000000,3.1100000000,-0.0126582278,-0.0166835443,-170.2790940654,-224.4278459782,54.1487519128,13452.0484311648,13452.0484311648,1.0000000000,4123400.8056000001,0.0000753523,0.0567808350,OOS
CYH,short,2025-09-26,09:30,3.1800000000,2025-09-26,16:00,3.1400000000,session_close,0.0600000000,3.0000000000,3.1300000000,0.0125786164,0.0086037736,166.3851645935,113.8074525820,52.5777120116,13227.6205851867,13227.6205851867,1.0000000000,4182017.3500000001,-0.0007144703,0.0607144703,OOS
VFF,short,2025-09-29,09:30,2.9100000000,2025-09-29,16:00,3.3500000000,session_close,0.1106446319,2.6201000000,2.7100000000,-0.1512027491,-0.1555051546,-2017.2605967760,-2074.6608301206,57.4002333446,13341.4280377687,13341.4280377687,1.0000000000,4705092.5614000000,0.0037153947,0.1069292372,OOS
DSX,short,2025-10-07,09:30,1.8635000000,2025-10-07,16:00,1.7000000000,session_close,0.0528248588,1.7700000000,1.6900000000,0.0877381272,0.0839136034,988.5250541725,945.4350354503,43.0900187222,11266.7672076480,11266.7672076480,1.0000000000,696634.8300000000,0.0002832946,0.0525415642,OOS
SMTI,short,2025-10-08,09:30,32.8200000000,2025-10-08,16:00,32.3250000000,session_close,0.0820969337,30.3300000000,31.4800000000,0.0150822669,0.0111124314,184.1876937944,135.7072602096,48.4804335848,12212.2022430983,12212.2022430983,1.0000000000,621707.8400000000,0.0018838305,0.0802131033,OOS
AUDC,short,2025-10-13,09:30,9.4800000000,2025-10-13,16:00,9.5000000000,session_close,0.0592178771,8.9500000000,9.3900000000,-0.0021097046,-0.0061139241,-13.0252209951,-37.7470904437,24.7218694486,12347.9095033079,6173.9547516540,0.5000000000,1013721.2100000001,0.0143371924,0.0448806847,OOS
BOOM,short,2025-10-13,09:30,7.7000000000,2025-10-13,16:00,7.2600000000,session_close,0.0961010121,7.0249000000,7.1700000000,0.0571428571,0.0532571429,352.7974143802,328.8071902024,23.9902241779,12347.9095033079,6173.9547516540,0.5000000000,1264812.0200000000,0.0143371924,0.0817638198,OOS
RM,short,2025-10-21,09:30,42.9100000000,2025-10-21,16:00,40.4800000000,session_close,0.0770582329,39.8400000000,39.5100000000,0.0566301561,0.0527434165,715.7468220800,666.6224373119,49.1243847681,12638.9696030666,12638.9696030666,1.0000000000,1444039.5200000000,-0.0006247863,0.0776830192,OOS
RWAY,short,2025-10-27,09:30,10.4800000000,2025-10-27,16:00,10.0900000000,session_close,0.0501002004,9.9800000000,10.0100000000,0.0372137405,0.0332881679,495.1508488309,442.9187823670,52.2320664639,13305.5920403785,13305.5920403785,1.0000000000,2034651.5200000000,0.0079137753,0.0421864251,OOS
STRT,short,2025-10-30,09:30,80.0000000000,2025-10-30,16:00,72.2100000000,session_close,0.2170076824,65.7350000000,66.4500000000,0.0973750000,0.0935697500,1338.7612413648,1286.4447205566,52.3165208083,13748.5108227455,13748.5108227455,1.0000000000,2362525.1899999999,0.0009028294,0.2161048530,OOS
XPER,short,2025-11-06,09:30,6.9900000000,2025-11-06,16:00,6.7900000000,session_close,0.0574886536,6.6100000000,6.7900000000,0.0286123033,0.0246695279,430.1847079629,370.9052552056,59.2794527573,15034.9555433021,15034.9555433021,1.0000000000,3032897.3999999999,-0.0005609202,0.0580495738,OOS
SMTI,short,2025-12-12,09:30,25.5100000000,2025-12-12,16:00,25.9000000000,session_close,0.0585062241,24.1000000000,24.2500000000,-0.0152881223,-0.0193186985,-235.5266841011,-297.6211806633,62.0944965622,15405.8607985077,15405.8607985077,1.0000000000,1107822.4500000000,0.0002469208,0.0582593033,OOS
JILL,short,2025-12-23,09:30,15.2600000000,2025-12-23,16:00,14.4400000000,session_close,0.0708771930,14.2500000000,13.9700000000,0.0537352556,0.0498427261,811.8451170795,753.0358488422,58.8092682372,15108.2396178444,15108.2396178444,1.0000000000,1529065.1376000000,-0.0003063966,0.0711835895,OOS
VFF,short,2025-12-26,09:30,4.0700000000,2025-12-26,16:00,3.8700000000,session_close,0.0657519181,3.8189000000,3.7500000000,0.0491400491,0.0452383292,779.4238558568,717.5376017018,61.8862541550,15861.2754666866,15861.2754666866,1.0000000000,9049857.1799999997,0.0007105981,0.0650413200,OOS
NAGE,short,2026-01-27,09:30,6.4300000000,2026-01-27,16:00,6.3200000000,session_close,0.0523559353,6.1101000000,6.1400000000,0.0171073095,0.0131415241,283.6188860844,217.8708715830,65.7480145014,16578.8130683884,16578.8130683884,1.0000000000,4680849.8484000005,0.0021357346,0.0502202007,OOS
ZUMZ,short,2026-01-30,09:30,26.0400000000,2026-01-30,16:00,24.6100000000,session_close,0.0508474576,24.7800000000,23.9100000000,0.0549155146,0.0510253456,922.3985420184,857.0566033426,65.3419386758,16796.6839399715,16796.6839399715,1.0000000000,5658218.5499999998,-0.0027462410,0.0535936986,OOS
NAGE,short,2026-02-13,09:30,5.3900000000,2026-02-13,16:00,5.1400000000,session_close,0.0673267327,5.0500000000,5.0300000000,0.0463821892,0.0424749536,818.8191346621,749.8418107581,68.9773239039,17653.7405433140,17653.7405433140,1.0000000000,4499459.0800000001,0.0007492838,0.0665774489,OOS
ZUMZ,short,2026-02-23,09:30,29.8100000000,2026-02-23,16:00,25.1400000000,session_close,0.1135599552,26.7700000000,24.3300000000,0.1566588393,0.1529721570,2883.0838508392,2815.2356891246,67.8481617146,18403.5823540721,18403.5823540721,1.0000000000,3673981.1999999997,-0.0041618933,0.1177218485,OOS
OSUR,short,2026-03-23,09:30,3.1500000000,2026-03-23,16:00,3.1700000000,session_close,0.0677966102,2.9500000000,3.0300000000,-0.0063492063,-0.0103619048,-134.7226542425,-219.8673717238,85.1447174813,21218.8180431967,21218.8180431967,1.0000000000,1403972.3999999999,-0.0158125153,0.0836091255,OOS
OSUR,short,2026-03-25,09:30,3.1700000000,2026-03-25,16:00,3.1400000000,session_close,0.1083916084,2.8600000000,3.0700000000,0.0094637224,0.0054826498,198.7282397931,115.1298935868,83.5983462063,20998.9506714729,20998.9506714729,1.0000000000,1469518.4600000000,0.0009885180,0.1074030904,OOS
BOOM,short,2026-04-09,09:30,5.8675000000,2026-04-09,16:00,5.1500000000,session_close,0.1070754717,5.3000000000,5.1500000000,0.1222837665,0.1185283340,2581.9092979004,2502.6167942359,79.2925036644,21114.0805650598,21114.0805650598,1.0000000000,1550457.4112999998,-0.0010819624,0.1081574341,OOS
OSUR,short,2026-04-17,09:30,3.3948000000,2026-04-17,16:00,3.1600000000,session_close,0.0575700935,3.2100000000,3.1600000000,0.0691646047,0.0653029339,816.7197684639,771.1198132823,45.5999551817,23616.6973592957,11808.3486796478,0.5000000000,1172850.0000000000,0.0007120276,0.0568580659,OOS
SMTI,short,2026-04-17,09:30,23.6000000000,2026-04-17,16:00,20.7700000000,session_close,0.1931243680,19.7800000000,19.9000000000,0.1199152542,0.1161550847,1416.0011340425,1371.5997415920,44.4013924505,23616.6973592957,11808.3486796478,0.5000000000,1079507.5200000000,0.0007120276,0.1924123405,OOS
XPER,short,2026-04-21,09:30,7.0385000000,2026-04-21,16:00,6.6400000000,session_close,0.0600150602,6.6400000000,6.5900000000,0.0566171770,0.0527304113,1458.4254656954,1358.3046489701,100.1208167253,25759.4169141699,25759.4169141699,1.0000000000,1437822.1200000001,0.0002114195,0.0598036408,OOS
VFF,short,2026-04-23,09:30,3.3600000000,2026-04-23,16:00,2.8888000000,session_close,0.0700636943,3.1400000000,2.7701000000,0.1402380952,0.1365185714,3802.9376192118,3702.0726081976,100.8650110141,27117.7215631400,27117.7215631400,1.0000000000,2196660.0515999999,-0.0024351449,0.0724988392,OOS
IMMR,short,2026-04-24,09:30,6.4888000000,2026-04-24,16:00,6.0900000000,session_close,0.0637377049,6.1000000000,5.9750000000,0.0614597460,0.0575826655,1894.1767222798,1774.6858990391,119.4908232408,30819.7941713376,30819.7941713376,1.0000000000,3639576.0000000000,-0.0001691237,0.0639068286,OOS
STRT,short,2026-05-18,09:30,70.5000000000,2026-05-18,16:00,68.5900000000,session_close,0.0536541623,66.9100000000,66.0400000000,0.0270921986,0.0231463830,883.0561267294,754.4443187013,128.6118080280,32594.4800703767,32594.4800703767,1.0000000000,6936111.9300000006,-0.0031735699,0.0568277322,OOS
OSUR,short,2026-05-26,09:30,4.0000000000,2026-05-26,16:00,3.9300000000,session_close,0.1173184358,3.5800000000,3.6600000000,0.0175000000,0.0135350000,583.6061768089,451.3776916062,132.2284852027,33348.9243890780,33348.9243890780,1.0000000000,1706062.5600000001,0.0068169900,0.1105014457,OOS
BOOM,short,2026-05-28,09:30,7.1900000000,2026-05-28,16:00,7.1100000000,session_close,0.0577573778,6.7974000000,6.9000000000,0.0111265647,0.0071488178,376.0812470730,241.6322012444,134.4490458286,33800.3020806842,33800.3020806842,1.0000000000,1534419.3400000001,-0.0018398773,0.0595972552,OOS
XPER,short,2026-06-02,09:30,8.2000000000,2026-06-02,16:00,7.9900000000,session_close,0.0512820513,7.8000000000,7.7200000000,0.0256097561,0.0216609756,871.8056340494,737.3815081898,134.4241258596,34041.9342819286,34041.9342819286,1.0000000000,3300761.1600000001,0.0001850432,0.0510970081,OOS
BOOM,short,2026-06-08,09:30,6.7700000000,2026-06-08,16:00,7.1566000000,session_close,0.0763116057,6.2900000000,6.6700000000,-0.0571048744,-0.0612190842,-1986.0684615155,-2129.1578615990,143.0894000835,34779.3157901183,34779.3157901183,1.0000000000,1326697.5600000001,0.0051758048,0.0711358009,OOS
ACCO,short,2026-06-10,09:30,3.9900000000,2026-06-10,16:00,4.0000000000,session_close,0.0500000000,3.8000000000,3.9800000000,-0.0025062657,-0.0065112782,-81.8299697457,-212.5942613992,130.7642916536,32650.1579285194,32650.1579285194,1.0000000000,3411555.8399999999,-0.0003126274,0.0503126274,OOS
III,short,2026-06-15,09:30,4.3900000000,2026-06-15,16:00,4.1000000000,session_close,0.0675550800,4.1122000000,4.0750000000,0.0660592255,0.0621913440,2142.8003333633,2017.3356793615,125.4646540018,32437.5636671201,32437.5636671201,1.0000000000,1025229.5200000000,0.0103306620,0.0572244180,OOS
IMMR,short,2026-07-10,09:30,6.8600000000,2026-07-10,16:00,6.8135000000,session_close,0.0537634409,6.5100000000,6.4850000000,0.0067784257,0.0027919825,233.5499737043,96.1974762658,137.3524974385,34454.8993464817,34454.8993464817,1.0000000000,3992513.0000000000,-0.0018346143,0.0555980552,OOS
JILL,short,2026-07-20,09:30,16.6100000000,2026-07-20,16:00,16.0000000000,session_close,0.1065956029,15.0100000000,15.2400000000,0.0367248645,0.0327983143,1268.8843505043,1133.2177319143,135.6666185900,34551.0968227474,34551.0968227474,1.0000000000,1149171.6099999999,0.0021144781,0.1044811248,OOS
AUDC,short,2026-07-28,09:30,9.7300000000,2026-07-28,16:00,9.7700000000,session_close,0.0779491270,9.0264000000,9.6700000000,-0.0041109969,-0.0081192189,-146.6981071106,-289.7287615435,143.0306544329,35684.3145546617,35684.3145546617,1.0000000000,899751.2400000001,-0.0025308918,0.0804800188,OOS
BOOM,short,2026-08-05,09:30,7.6100000000,2026-08-05,16:00,7.2800000000,session_close,0.0544547596,7.2170000000,6.6000000000,0.0433639947,0.0394507227,767.4253161451,698.1709951912,69.2543209539,35394.5857931182,17697.2928965591,0.5000000000,1008441.7904000001,0.0013589067,0.0530958529,OOS
OSUR,short,2026-08-05,09:30,4.4100000000,2026-08-05,16:00,4.1500000000,session_close,0.0575539568,4.1700000000,4.1100000000,0.0589569161,0.0550748299,1043.3778124955,974.6753965343,68.7024159612,35394.5857931182,17697.2928965591,0.5000000000,1280799.3550000000,0.0013589067,0.0561950502,OOS
BOOM,short,2026-08-17,09:30,8.0000000000,2026-08-17,16:00,7.7800000000,session_close,0.0596026490,7.5500000000,7.2900000000,0.0275000000,0.0235550000,1019.3543850832,873.1233651140,146.2310199692,37067.4321848437,37067.4321848437,1.0000000000,1008441.7904000001,0.0016236904,0.0579789586,OOS
BOOM,short,2026-08-28,09:30,6.9900000000,2026-08-28,16:00,6.8600000000,session_close,0.0541396471,6.6310000000,6.8600000000,0.0185979971,0.0146351931,705.6183435614,555.2673580487,150.3509855127,37940.5555499577,37940.5555499577,1.0000000000,837870.9300000001,0.0018056638,0.0523339833,OOS
OSUR,short,2026-09-21,09:30,3.7900000000,2026-09-21,16:00,3.7100000000,session_close,0.0646067416,3.5600000000,3.4800000000,0.0211081794,0.0171503958,812.5767368445,660.2185986861,152.3581381583,38495.8229080064,38495.8229080064,1.0000000000,1246464.4099999999,0.0013368634,0.0632698782,OOS
