date,window,strategy_net,strategy_gross,held_at_close,spy_bh,qqq_net,s1_net
2021-10-25,IS,0.0000000000,0.0000000000,0,0.0049644764,0.0000000000,0.0000000000
2021-10-26,IS,0.0000000000,0.0000000000,0,0.0011855885,0.0000000000,0.0000000000
2021-10-27,IS,0.0000000000,0.0000000000,0,-0.0044297274,0.0000000000,0.0000000000
2021-10-28,IS,0.0000000000,0.0000000000,0,0.0096477896,0.0000000000,0.0000000000
2021-10-29,IS,0.0000000000,0.0000000000,0,0.0019416628,0.0000000000,0.0000000000
2021-11-01,IS,0.0000000000,0.0000000000,0,0.0016983844,0.0000000000,0.0000000000
2021-11-02,IS,0.0000000000,0.0000000000,0,0.0039344405,0.0000000000,0.0000000000
2021-11-03,IS,0.0000000000,0.0000000000,0,0.0062033128,0.0000000000,0.0000000000
2021-11-04,IS,0.0000000000,0.0000000000,0,0.0045296580,0.0000000000,0.0000000000
2021-11-05,IS,0.0000000000,0.0000000000,0,0.0038344544,0.0000000000,0.0000000000
2021-11-08,IS,0.0000000000,0.0000000000,0,0.0005975118,0.0000000000,0.0000000000
2021-11-09,IS,0.0000000000,0.0000000000,0,-0.0031350637,0.0000000000,0.0000000000
2021-11-10,IS,0.0000000000,0.0000000000,0,-0.0080869454,-0.0001000000,0.0000000000
2021-11-11,IS,0.0000000000,0.0000000000,0,0.0003235269,0.0027727144,0.0000000000
2021-11-12,IS,0.0000000000,0.0000000000,0,0.0074602730,0.0104214906,0.0000000000
2021-11-15,IS,0.0000000000,0.0000000000,0,0.0004708400,0.0000000000,0.0000000000
2021-11-16,IS,0.0000000000,0.0000000000,0,0.0038077310,0.0000000000,0.0000000000
2021-11-17,IS,0.0000000000,0.0000000000,0,-0.0024080980,0.0000000000,0.0000000000
2021-11-18,IS,0.0000000000,0.0000000000,0,0.0034606511,0.0000000000,0.0000000000
2021-11-19,IS,0.0000000000,0.0000000000,0,-0.0018733768,0.0000000000,0.0000000000
2021-11-22,IS,0.0000000000,0.0000000000,0,-0.0030926076,0.0000000000,0.0000000000
2021-11-23,IS,0.0000000000,0.0000000000,0,0.0015617980,0.0000000000,0.0000000000
2021-11-24,IS,0.0000000000,0.0000000000,0,0.0027128637,0.0000000000,0.0000000000
2021-11-26,IS,-0.0001000000,0.0000000000,1,-0.0213459449,0.0000000000,0.0000000000
2021-11-29,IS,0.0111887503,0.0111887503,1,0.0111887503,0.0000000000,0.0000000000
2021-11-30,IS,-0.0193098401,-0.0193098401,1,-0.0193098401,0.0000000000,0.0000000000
2021-12-01,IS,-0.0110194047,-0.0110194047,1,-0.0110194047,0.0000000000,0.0000000000
2021-12-02,IS,0.0141037555,0.0142051760,0,0.0142051760,0.0000000000,0.0000000000
2021-12-03,IS,0.0000000000,0.0000000000,0,-0.0080973432,0.0000000000,0.0000000000
2021-12-06,IS,0.0000000000,0.0000000000,0,0.0119362810,0.0000000000,0.0000000000
2021-12-07,IS,0.0000000000,0.0000000000,0,0.0207129620,0.0000000000,0.0000000000
2021-12-08,IS,0.0000000000,0.0000000000,0,0.0029050518,0.0000000000,0.0000000000
2021-12-09,IS,0.0000000000,0.0000000000,0,-0.0068156163,0.0000000000,0.0000000000
2021-12-10,IS,0.0000000000,0.0000000000,0,0.0092642234,0.0000000000,0.0000000000
2021-12-13,IS,0.0000000000,0.0000000000,0,-0.0085842381,0.0000000000,0.0000000000
2021-12-14,IS,0.0000000000,0.0000000000,0,-0.0067511091,0.0000000000,0.0000000000
2021-12-15,IS,0.0000000000,0.0000000000,0,0.0149102365,0.0000000000,0.0000000000
2021-12-16,IS,0.0000000000,0.0000000000,0,-0.0078027001,0.0000000000,0.0000000000
2021-12-17,IS,0.0000000000,0.0000000000,0,-0.0141424531,0.0000000000,0.0000000000
2021-12-20,IS,-0.0001000000,0.0000000000,1,-0.0110850287,0.0000000000,0.0000000000
2021-12-21,IS,0.0173194426,0.0173194426,1,0.0173194426,0.0000000000,0.0000000000
2021-12-22,IS,0.0103556799,0.0104567256,0,0.0104567256,0.0000000000,0.0000000000
2021-12-23,IS,0.0000000000,0.0000000000,0,0.0060936498,0.0000000000,0.0000000000
2021-12-27,IS,0.0000000000,0.0000000000,0,0.0141961534,0.0000000000,0.0000000000
2021-12-28,IS,0.0000000000,0.0000000000,0,-0.0005867192,0.0000000000,0.0000000000
2021-12-29,IS,0.0000000000,0.0000000000,0,0.0011112276,0.0000000000,0.0000000000
2021-12-30,IS,0.0000000000,0.0000000000,0,-0.0026179107,0.0000000000,0.0000000000
2021-12-31,IS,0.0000000000,0.0000000000,0,0.0000000000,0.0000000000,0.0000000000
2022-01-03,IS,0.0000000000,0.0000000000,0,0.0031287403,0.0000000000,0.0000000000
2022-01-04,IS,0.0000000000,0.0000000000,0,-0.0002721259,0.0000000000,0.0000000000
2022-01-05,IS,-0.0001000000,0.0000000000,1,-0.0187818003,-0.0001000000,0.0000000000
2022-01-06,IS,-0.0016217831,-0.0016217831,1,-0.0016217831,-0.0007025944,0.0000000000
2022-01-07,IS,-0.0039114265,-0.0039114265,1,-0.0039114265,-0.0108327691,0.0000000000
2022-01-10,IS,-0.0011158080,-0.0011158080,1,-0.0011158080,0.0006581372,0.0000000000
2022-01-11,IS,0.0089644197,0.0090653262,0,0.0090653262,0.0149204651,0.0000000000
2022-01-12,IS,0.0000000000,0.0000000000,0,0.0031294573,0.0000000000,0.0000000000
2022-01-13,IS,0.0000000000,0.0000000000,0,-0.0134762309,0.0000000000,0.0000000000
2022-01-14,IS,0.0000000000,0.0000000000,0,-0.0002151232,0.0000000000,0.0000000000
2022-01-18,IS,-0.0001000000,0.0000000000,1,-0.0177299623,0.0000000000,0.0000000000
2022-01-19,IS,-0.0102735975,-0.0102735975,1,-0.0102735975,-0.0001000000,0.0000000000
2022-01-20,IS,-0.0111548847,-0.0111548847,1,-0.0111548847,-0.0129884305,0.0000000000
2022-01-21,IS,-0.0190026411,-0.0190026411,1,-0.0190026411,-0.0277286299,0.0000000000
2022-01-24,IS,0.0032626800,0.0032626800,1,0.0032626800,0.0045778953,0.0000000000
2022-01-25,IS,-0.0116665151,-0.0116665151,1,-0.0116665151,-0.0231814322,0.0000000000
2022-01-26,IS,-0.0035895902,-0.0035895902,1,-0.0035895902,-0.0015647185,0.0000000000
2022-01-27,IS,-0.0038103596,-0.0038103596,1,-0.0038103596,-0.0100705227,0.0000000000
2022-01-28,IS,0.0242380546,0.0243404887,0,0.0243404887,0.0312659631,0.0000000000
2022-01-31,IS,0.0000000000,0.0000000000,0,0.0179007875,0.0000000000,0.0000000000
2022-02-01,IS,0.0000000000,0.0000000000,0,0.0070255008,0.0000000000,0.0000000000
2022-02-02,IS,0.0000000000,0.0000000000,0,0.0095153991,0.0000000000,0.0000000000
2022-02-03,IS,0.0000000000,0.0000000000,0,-0.0230503433,0.0000000000,0.0000000000
2022-02-04,IS,0.0000000000,0.0000000000,0,0.0041412966,0.0000000000,0.0000000000
2022-02-07,IS,0.0000000000,0.0000000000,0,-0.0029649776,0.0000000000,0.0000000000
2022-02-08,IS,0.0000000000,0.0000000000,0,0.0080046507,0.0000000000,0.0000000000
2022-02-09,IS,0.0000000000,0.0000000000,0,0.0144403531,0.0000000000,0.0000000000
2022-02-10,IS,0.0000000000,0.0000000000,0,-0.0174272407,0.0000000000,0.0000000000
2022-02-11,IS,0.0000000000,0.0000000000,0,-0.0199839772,0.0000000000,0.0000000000
2022-02-14,IS,0.0000000000,0.0000000000,0,-0.0033607339,0.0000000000,0.0000000000
2022-02-15,IS,0.0000000000,0.0000000000,0,0.0160628845,0.0000000000,0.0000000000
2022-02-16,IS,0.0000000000,0.0000000000,0,0.0014575625,0.0000000000,0.0000000000
2022-02-17,IS,0.0000000000,0.0000000000,0,-0.0213166144,0.0000000000,0.0000000000
2022-02-18,IS,0.0000000000,0.0000000000,0,-0.0063375126,0.0000000000,0.0000000000
2022-02-22,IS,-0.0001000000,0.0000000000,1,-0.0104994129,-0.0001000000,0.0000000000
2022-02-23,IS,-0.0178708551,-0.0178708551,1,-0.0178708551,-0.0256152390,0.0000000000
2022-02-24,IS,0.0140261094,0.0140261094,1,0.0140261094,0.0335011566,0.0000000000
2022-02-25,IS,0.0222347368,0.0223369705,0,0.0223369705,0.0000000000,0.0000000000
2022-02-28,IS,0.0000000000,0.0000000000,0,-0.0020111987,0.0000000000,0.0000000000
2022-03-01,IS,0.0000000000,0.0000000000,0,-0.0158472073,0.0000000000,0.0000000000
2022-03-02,IS,0.0000000000,0.0000000000,0,0.0188481675,0.0000000000,0.0000000000
2022-03-03,IS,0.0000000000,0.0000000000,0,-0.0047504853,0.0000000000,0.0000000000
2022-03-04,IS,0.0000000000,0.0000000000,0,-0.0084218739,0.0000000000,0.0000000000
2022-03-07,IS,-0.0001000000,0.0000000000,1,-0.0289747744,-0.0001000000,0.0000000000
2022-03-08,IS,-0.0077696744,-0.0077696744,1,-0.0077696744,-0.0046481561,0.0000000000
2022-03-09,IS,0.0263433585,0.0264460031,0,0.0264460031,0.0358945446,0.0000000000
2022-03-10,IS,0.0000000000,0.0000000000,0,-0.0045632181,0.0000000000,0.0000000000
2022-03-11,IS,0.0000000000,0.0000000000,0,-0.0122478725,0.0000000000,0.0000000000
2022-03-14,IS,0.0000000000,0.0000000000,0,-0.0075921651,0.0000000000,0.0000000000
2022-03-15,IS,0.0000000000,0.0000000000,0,0.0216317329,0.0000000000,0.0000000000
2022-03-16,IS,0.0000000000,0.0000000000,0,0.0224178404,0.0000000000,0.0000000000
2022-03-17,IS,0.0000000000,0.0000000000,0,0.0122833199,0.0000000000,0.0000000000
2022-03-18,IS,0.0000000000,0.0000000000,0,0.0077795418,0.0000000000,0.0000000000
2022-03-21,IS,0.0000000000,0.0000000000,0,-0.0000675174,0.0000000000,0.0000000000
2022-03-22,IS,0.0000000000,0.0000000000,0,0.0117938330,0.0000000000,0.0000000000
2022-03-23,IS,0.0000000000,0.0000000000,0,-0.0129688126,0.0000000000,0.0000000000
2022-03-24,IS,0.0000000000,0.0000000000,0,0.0152577134,0.0000000000,0.0000000000
2022-03-25,IS,0.0000000000,0.0000000000,0,0.0047948855,0.0000000000,0.0000000000
2022-03-28,IS,0.0000000000,0.0000000000,0,0.0070696359,0.0000000000,0.0000000000
2022-03-29,IS,0.0000000000,0.0000000000,0,0.0124824500,0.0000000000,0.0000000000
2022-03-30,IS,0.0000000000,0.0000000000,0,-0.0059367755,0.0000000000,0.0000000000
2022-03-31,IS,0.0000000000,0.0000000000,0,-0.0145600384,0.0000000000,0.0000000000
2022-04-01,IS,0.0000000000,0.0000000000,0,0.0017915994,0.0000000000,0.0000000000
2022-04-04,IS,0.0000000000,0.0000000000,0,0.0088095028,0.0000000000,0.0000000000
2022-04-05,IS,0.0000000000,0.0000000000,0,-0.0126064214,0.0000000000,0.0000000000
2022-04-06,IS,0.0000000000,0.0000000000,0,-0.0101739998,0.0000000000,0.0000000000
2022-04-07,IS,0.0000000000,0.0000000000,0,0.0049937298,0.0000000000,0.0000000000
2022-04-08,IS,0.0000000000,0.0000000000,0,-0.0022727779,0.0000000000,0.0000000000
2022-04-11,IS,-0.0001000000,0.0000000000,1,-0.0170846640,-0.0001000000,0.0000000000
2022-04-12,IS,-0.0045442152,-0.0045442152,1,-0.0045442152,-0.0042242366,0.0000000000
2022-04-13,IS,0.0117220624,0.0118232448,0,0.0118232448,0.0202249669,0.0000000000
2022-04-14,IS,0.0000000000,0.0000000000,0,-0.0123392736,0.0000000000,0.0000000000
2022-04-18,IS,0.0000000000,0.0000000000,0,0.0003197588,0.0000000000,0.0000000000
2022-04-19,IS,0.0000000000,0.0000000000,0,0.0162111560,0.0000000000,0.0000000000
2022-04-20,IS,0.0000000000,0.0000000000,0,-0.0006965196,0.0000000000,0.0000000000
2022-04-21,IS,0.0000000000,0.0000000000,0,-0.0149069161,0.0000000000,0.0000000000
2022-04-22,IS,-0.0001000000,0.0000000000,1,-0.0277771438,-0.0001000000,0.0000000000
2022-04-25,IS,0.0059630012,0.0059630012,1,0.0059630012,0.0128457283,0.0000000000
2022-04-26,IS,-0.0277946324,-0.0277946324,1,-0.0277946324,-0.0377450088,0.0000000000
2022-04-27,IS,0.0014642694,0.0014642694,1,0.0014642694,-0.0011982090,0.0000000000
2022-04-28,IS,0.0251851031,0.0252876318,0,0.0252876318,0.0354122964,0.0000000000
2022-04-29,IS,0.0000000000,0.0000000000,0,-0.0356282876,0.0000000000,0.0000000000
2022-05-02,IS,0.0000000000,0.0000000000,0,0.0051150275,0.0000000000,0.0000000000
2022-05-03,IS,0.0000000000,0.0000000000,0,0.0040036660,0.0000000000,0.0000000000
2022-05-04,IS,0.0000000000,0.0000000000,0,0.0304362448,0.0000000000,0.0000000000
2022-05-05,IS,0.0000000000,0.0000000000,0,-0.0352255508,0.0000000000,0.0000000000
2022-05-06,IS,0.0000000000,0.0000000000,0,-0.0059926542,0.0000000000,0.0000000000
2022-05-09,IS,-0.0001000000,0.0000000000,1,-0.0318698950,-0.0001000000,0.0000000000
2022-05-10,IS,0.0020841180,0.0020841180,1,0.0020841180,0.0121487464,0.0000000000
2022-05-11,IS,-0.0160368848,-0.0160368848,1,-0.0160368848,-0.0298576938,0.0000000000
2022-05-12,IS,-0.0007894469,-0.0007894469,1,-0.0007894469,-0.0021591610,0.0000000000
2022-05-13,IS,0.0232684609,0.0233707980,0,0.0233707980,0.0369562287,0.0000000000
2022-05-16,IS,0.0000000000,0.0000000000,0,-0.0032624396,0.0000000000,0.0000000000
2022-05-17,IS,0.0000000000,0.0000000000,0,0.0200634635,0.0000000000,0.0000000000
2022-05-18,IS,0.0000000000,0.0000000000,0,-0.0390682408,0.0000000000,0.0000000000
2022-05-19,IS,0.0000000000,0.0000000000,0,-0.0074685835,0.0000000000,0.0000000000
2022-05-20,IS,0.0000000000,0.0000000000,0,0.0008988649,0.0000000000,0.0000000000
2022-05-23,IS,0.0000000000,0.0000000000,0,0.0187822339,0.0000000000,0.0000000000
2022-05-24,IS,0.0000000000,0.0000000000,0,-0.0077572094,0.0000000000,0.0000000000
2022-05-25,IS,0.0000000000,0.0000000000,0,0.0087823946,0.0000000000,0.0000000000
2022-05-26,IS,0.0000000000,0.0000000000,0,0.0199783610,0.0000000000,0.0000000000
2022-05-27,IS,0.0000000000,0.0000000000,0,0.0242987888,0.0000000000,0.0000000000
2022-05-31,IS,0.0000000000,0.0000000000,0,-0.0050334762,0.0000000000,0.0000000000
2022-06-01,IS,0.0000000000,0.0000000000,0,-0.0085203205,0.0000000000,0.0000000000
2022-06-02,IS,0.0000000000,0.0000000000,0,0.0188716096,0.0000000000,0.0000000000
2022-06-03,IS,0.0000000000,0.0000000000,0,-0.0161259405,0.0000000000,0.0000000000
2022-06-06,IS,0.0000000000,0.0000000000,0,0.0028737732,0.0000000000,0.0000000000
2022-06-07,IS,0.0000000000,0.0000000000,0,0.0089608781,0.0000000000,0.0000000000
2022-06-08,IS,0.0000000000,0.0000000000,0,-0.0101328584,0.0000000000,0.0000000000
2022-06-09,IS,0.0000000000,0.0000000000,0,-0.0237070538,0.0000000000,0.0000000000
2022-06-10,IS,-0.0001000000,0.0000000000,1,-0.0289151225,-0.0001000000,0.0000000000
2022-06-13,IS,-0.0385217101,-0.0385217101,1,-0.0385217101,-0.0464963301,0.0000000000
2022-06-14,IS,-0.0025874256,-0.0025874256,1,-0.0025874256,0.0018154751,0.0000000000
2022-06-15,IS,0.0138264869,0.0138264869,1,0.0138264869,0.0249719111,0.0000000000
2022-06-16,IS,-0.0323669841,-0.0323669841,1,-0.0323669841,-0.0403465347,0.0000000000
2022-06-17,IS,-0.0027261327,-0.0027261327,1,-0.0027261327,0.0121596227,0.0000000000
2022-06-21,IS,0.0248824668,0.0249849653,0,0.0249849653,0.0231602607,0.0000000000
2022-06-22,IS,0.0000000000,0.0000000000,0,-0.0015468317,0.0000000000,0.0000000000
2022-06-23,IS,0.0000000000,0.0000000000,0,0.0095090550,0.0000000000,0.0000000000
2022-06-24,IS,0.0000000000,0.0000000000,0,0.0317510716,0.0000000000,0.0000000000
2022-06-27,IS,0.0000000000,0.0000000000,0,-0.0033338462,0.0000000000,0.0000000000
2022-06-28,IS,0.0000000000,0.0000000000,0,-0.0201986414,0.0000000000,0.0000000000
2022-06-29,IS,0.0000000000,0.0000000000,0,-0.0015494104,0.0000000000,0.0000000000
2022-06-30,IS,0.0000000000,0.0000000000,0,-0.0069437138,0.0000000000,0.0000000000
2022-07-01,IS,0.0000000000,0.0000000000,0,0.0095084225,0.0000000000,0.0000000000
2022-07-05,IS,0.0000000000,0.0000000000,0,0.0020989112,0.0000000000,0.0000000000
2022-07-06,IS,0.0000000000,0.0000000000,0,0.0034821312,0.0000000000,0.0000000000
2022-07-07,IS,0.0000000000,0.0000000000,0,0.0145063661,0.0000000000,0.0000000000
2022-07-08,IS,0.0000000000,0.0000000000,0,-0.0009515482,0.0000000000,0.0000000000
2022-07-11,IS,0.0000000000,0.0000000000,0,-0.0106571936,0.0000000000,0.0000000000
2022-07-12,IS,0.0000000000,0.0000000000,0,-0.0090026800,0.0000000000,0.0000000000
2022-07-13,IS,-0.0001000000,0.0000000000,1,-0.0053036469,0.0000000000,0.0000000000
2022-07-14,IS,-0.0024547974,-0.0024547974,1,-0.0024547974,0.0000000000,0.0000000000
2022-07-15,IS,0.0185264183,0.0186282811,0,0.0186282811,0.0000000000,0.0000000000
2022-07-18,IS,0.0000000000,0.0000000000,0,-0.0073514131,0.0000000000,0.0000000000
2022-07-19,IS,0.0000000000,0.0000000000,0,0.0261429357,0.0000000000,0.0000000000
2022-07-20,IS,0.0000000000,0.0000000000,0,0.0068601449,0.0000000000,0.0000000000
2022-07-21,IS,0.0000000000,0.0000000000,0,0.0100301411,0.0000000000,0.0000000000
2022-07-22,IS,0.0000000000,0.0000000000,0,-0.0092033001,0.0000000000,0.0000000000
2022-07-25,IS,0.0000000000,0.0000000000,0,0.0015439129,0.0000000000,0.0000000000
2022-07-26,IS,0.0000000000,0.0000000000,0,-0.0115994036,0.0000000000,0.0000000000
2022-07-27,IS,0.0000000000,0.0000000000,0,0.0248261403,0.0000000000,0.0000000000
2022-07-28,IS,0.0000000000,0.0000000000,0,0.0129980291,0.0000000000,0.0000000000
2022-07-29,IS,0.0000000000,0.0000000000,0,0.0146537287,0.0000000000,0.0000000000
2022-08-01,IS,0.0000000000,0.0000000000,0,-0.0029369645,0.0000000000,0.0000000000
2022-08-02,IS,0.0000000000,0.0000000000,0,-0.0064024539,0.0000000000,0.0000000000
2022-08-03,IS,0.0000000000,0.0000000000,0,0.0149944873,0.0000000000,0.0000000000
2022-08-04,IS,0.0000000000,0.0000000000,0,0.0000241388,0.0000000000,0.0000000000
2022-08-05,IS,0.0000000000,0.0000000000,0,-0.0020210968,0.0000000000,0.0000000000
2022-08-08,IS,0.0000000000,0.0000000000,0,-0.0009498293,0.0000000000,0.0000000000
2022-08-09,IS,0.0000000000,0.0000000000,0,-0.0038736230,0.0000000000,0.0000000000
2022-08-10,IS,0.0000000000,0.0000000000,0,0.0201482562,0.0000000000,0.0000000000
2022-08-11,IS,0.0000000000,0.0000000000,0,0.0013341592,0.0000000000,0.0000000000
2022-08-12,IS,0.0000000000,0.0000000000,0,0.0159409945,0.0000000000,0.0000000000
2022-08-15,IS,0.0000000000,0.0000000000,0,0.0043793911,0.0000000000,0.0000000000
2022-08-16,IS,0.0000000000,0.0000000000,0,0.0018187329,0.0000000000,0.0000000000
2022-08-17,IS,0.0000000000,0.0000000000,0,-0.0070057023,0.0000000000,0.0000000000
2022-08-18,IS,0.0000000000,0.0000000000,0,0.0027892368,0.0000000000,0.0000000000
2022-08-19,IS,0.0000000000,0.0000000000,0,-0.0132996751,0.0000000000,0.0000000000
2022-08-22,IS,-0.0001000000,0.0000000000,1,-0.0205382101,-0.0001000000,0.0000000000
2022-08-23,IS,-0.0027571529,-0.0027571529,1,-0.0027571529,-0.0008270772,0.0000000000
2022-08-24,IS,0.0031770669,0.0031770669,1,0.0031770669,0.0028971665,0.0000000000
2022-08-25,IS,0.0138962794,0.0139976791,0,0.0139976791,0.0175802102,0.0000000000
2022-08-26,IS,0.0000000000,0.0000000000,0,-0.0336408936,0.0000000000,0.0000000000
2022-08-29,IS,0.0000000000,0.0000000000,0,-0.0067354189,0.0000000000,0.0000000000
2022-08-30,IS,-0.0001000000,0.0000000000,1,-0.0104076107,-0.0001000000,0.0000000000
2022-08-31,IS,-0.0083584337,-0.0083584337,1,-0.0083584337,-0.0058135672,0.0000000000
2022-09-01,IS,0.0033664920,0.0033664920,1,0.0033664920,0.0004343903,0.0000000000
2022-09-02,IS,-0.0104187689,-0.0104187689,1,-0.0104187689,-0.0141282565,0.0000000000
2022-09-06,IS,-0.0040788233,-0.0040788233,1,-0.0040788233,-0.0071823017,0.0000000000
2022-09-07,IS,0.0180464945,0.0181483093,0,0.0181483093,0.0200993107,0.0000000000
2022-09-08,IS,0.0000000000,0.0000000000,0,0.0066371681,0.0000000000,0.0000000000
2022-09-09,IS,0.0000000000,0.0000000000,0,0.0152847153,0.0000000000,0.0000000000
2022-09-12,IS,0.0000000000,0.0000000000,0,0.0108727738,0.0000000000,0.0000000000
2022-09-13,IS,0.0000000000,0.0000000000,0,-0.0430233124,0.0000000000,0.0000000000
2022-09-14,IS,0.0000000000,0.0000000000,0,0.0034330977,0.0000000000,0.0000000000
2022-09-15,IS,0.0000000000,0.0000000000,0,-0.0113785734,0.0000000000,0.0000000000
2022-09-16,IS,-0.0001000000,0.0000000000,1,-0.0119450426,0.0000000000,0.0000000000
2022-09-19,IS,0.0078866808,0.0078866808,1,0.0078866808,0.0000000000,0.0000000000
2022-09-20,IS,-0.0109137709,-0.0109137709,1,-0.0109137709,0.0000000000,0.0000000000
2022-09-21,IS,-0.0177223755,-0.0177223755,1,-0.0177223755,-0.0001000000,0.0000000000
2022-09-22,IS,-0.0087163863,-0.0087163863,1,-0.0087163863,-0.0123078008,0.0000000000
2022-09-23,IS,-0.0161695531,-0.0161695531,1,-0.0161695531,-0.0162816439,0.0000000000
2022-09-26,IS,-0.0098883486,-0.0098883486,1,-0.0098883486,-0.0041377808,0.0000000000
2022-09-27,IS,-0.0031552666,-0.0031552666,1,-0.0031552666,0.0004009185,0.0000000000
2022-09-28,IS,0.0196877381,0.0197897171,0,0.0197897171,0.0197901705,0.0000000000
2022-09-29,IS,0.0000000000,0.0000000000,0,-0.0207821651,0.0000000000,0.0000000000
2022-09-30,IS,0.0000000000,0.0000000000,0,-0.0155453268,0.0000000000,0.0000000000
2022-10-03,IS,0.0000000000,0.0000000000,0,0.0263459977,0.0000000000,0.0000000000
2022-10-04,IS,0.0000000000,0.0000000000,0,0.0305253969,0.0000000000,0.0000000000
2022-10-05,IS,0.0000000000,0.0000000000,0,-0.0013764989,0.0000000000,0.0000000000
2022-10-06,IS,0.0000000000,0.0000000000,0,-0.0107886017,0.0000000000,0.0000000000
2022-10-07,IS,0.0000000000,0.0000000000,0,-0.0279489790,0.0000000000,0.0000000000
2022-10-10,IS,0.0000000000,0.0000000000,0,-0.0068917988,-0.0001000000,0.0000000000
2022-10-11,IS,-0.0001000000,0.0000000000,1,-0.0071339348,-0.0137382230,0.0000000000
2022-10-12,IS,-0.0029915008,-0.0029915008,1,-0.0029915008,-0.0003425309,0.0000000000
2022-10-13,IS,0.0258921847,0.0259947842,0,0.0259947842,0.0233500267,0.0000000000
2022-10-14,IS,0.0000000000,0.0000000000,0,-0.0221657374,0.0000000000,0.0000000000
2022-10-17,IS,0.0000000000,0.0000000000,0,0.0248483663,0.0000000000,0.0000000000
2022-10-18,IS,0.0000000000,0.0000000000,0,0.0117274860,0.0000000000,0.0000000000
2022-10-19,IS,0.0000000000,0.0000000000,0,-0.0067662282,0.0000000000,0.0000000000
2022-10-20,IS,0.0000000000,0.0000000000,0,-0.0081964988,0.0000000000,0.0000000000
2022-10-21,IS,0.0000000000,0.0000000000,0,0.0241359494,0.0000000000,0.0000000000
2022-10-24,IS,0.0000000000,0.0000000000,0,0.0123446894,0.0000000000,0.0000000000
2022-10-25,IS,0.0000000000,0.0000000000,0,0.0152822868,0.0000000000,0.0000000000
2022-10-26,IS,0.0000000000,0.0000000000,0,-0.0068632039,0.0000000000,0.0000000000
2022-10-27,IS,0.0000000000,0.0000000000,0,-0.0052615046,0.0000000000,0.0000000000
2022-10-28,IS,0.0000000000,0.0000000000,0,0.0234467514,0.0000000000,0.0000000000
2022-10-31,IS,0.0000000000,0.0000000000,0,-0.0066851795,0.0000000000,0.0000000000
2022-11-01,IS,0.0000000000,0.0000000000,0,-0.0046075792,0.0000000000,0.0000000000
2022-11-02,IS,0.0000000000,0.0000000000,0,-0.0253549696,-0.0001000000,0.0000000000
2022-11-03,IS,-0.0001000000,0.0000000000,1,-0.0099522399,-0.0195347787,0.0000000000
2022-11-04,IS,0.0143373039,0.0143373039,1,0.0143373039,0.0160850704,0.0000000000
2022-11-07,IS,0.0090122190,0.0091131303,0,0.0091131303,0.0108933089,0.0000000000
2022-11-08,IS,0.0000000000,0.0000000000,0,0.0055817382,0.0000000000,0.0000000000
2022-11-09,IS,0.0000000000,0.0000000000,0,-0.0203702249,0.0000000000,0.0000000000
2022-11-10,IS,0.0000000000,0.0000000000,0,0.0548175865,0.0000000000,0.0000000000
2022-11-11,IS,0.0000000000,0.0000000000,0,0.0096285410,0.0000000000,0.0000000000
2022-11-14,IS,0.0000000000,0.0000000000,0,-0.0076293731,0.0000000000,0.0000000000
2022-11-15,IS,0.0000000000,0.0000000000,0,0.0077133175,0.0000000000,0.0000000000
2022-11-16,IS,0.0000000000,0.0000000000,0,-0.0075538936,0.0000000000,0.0000000000
2022-11-17,IS,0.0000000000,0.0000000000,0,-0.0030850149,0.0000000000,0.0000000000
2022-11-18,IS,0.0000000000,0.0000000000,0,0.0046164773,0.0000000000,0.0000000000
2022-11-21,IS,0.0000000000,0.0000000000,0,-0.0036610615,0.0000000000,0.0000000000
2022-11-22,IS,0.0000000000,0.0000000000,0,0.0131522262,0.0000000000,0.0000000000
2022-11-23,IS,0.0000000000,0.0000000000,0,0.0064032016,0.0000000000,0.0000000000
2022-11-25,IS,0.0000000000,0.0000000000,0,0.0000497067,0.0000000000,0.0000000000
2022-11-28,IS,0.0000000000,0.0000000000,0,-0.0158805110,0.0000000000,0.0000000000
2022-11-29,IS,0.0000000000,0.0000000000,0,-0.0019192404,0.0000000000,0.0000000000
2022-11-30,IS,0.0000000000,0.0000000000,0,0.0308428004,0.0000000000,0.0000000000
2022-12-01,IS,0.0000000000,0.0000000000,0,-0.0001718129,0.0000000000,0.0000000000
2022-12-02,IS,0.0000000000,0.0000000000,0,-0.0013010924,0.0000000000,0.0000000000
2022-12-05,IS,0.0000000000,0.0000000000,0,-0.0173541124,0.0000000000,0.0000000000
2022-12-06,IS,-0.0001000000,0.0000000000,1,-0.0149089454,-0.0001000000,0.0000000000
2022-12-07,IS,-0.0016251905,-0.0016251905,1,-0.0016251905,-0.0040826470,0.0000000000
2022-12-08,IS,0.0079102655,0.0079102655,1,0.0079102655,0.0118347414,0.0000000000
2022-12-09,IS,-0.0075705958,-0.0075705958,1,-0.0075705958,-0.0063766074,0.0000000000
2022-12-12,IS,0.0141890076,0.0142904366,0,0.0142904366,0.0124501560,0.0000000000
2022-12-13,IS,0.0000000000,0.0000000000,0,0.0075710096,0.0000000000,0.0000000000
2022-12-14,IS,0.0000000000,0.0000000000,0,-0.0062949417,0.0000000000,0.0000000000
2022-12-15,IS,0.0000000000,0.0000000000,0,-0.0243377235,0.0000000000,0.0000000000
2022-12-16,IS,-0.0001000000,0.0000000000,1,-0.0162962583,-0.0001000000,0.0000000000
2022-12-19,IS,-0.0085831311,-0.0085831311,1,-0.0085831311,-0.0164083865,0.0000000000
2022-12-20,IS,0.0010262618,0.0010262618,1,0.0010262618,-0.0007784986,0.0000000000
2022-12-21,IS,0.0150400436,0.0151415578,0,0.0151415578,0.0146087761,0.0000000000
2022-12-22,IS,0.0000000000,0.0000000000,0,-0.0136209441,0.0000000000,0.0000000000
2022-12-23,IS,0.0000000000,0.0000000000,0,0.0051455724,0.0000000000,0.0000000000
2022-12-27,IS,0.0000000000,0.0000000000,0,-0.0036827121,0.0000000000,0.0000000000
2022-12-28,IS,0.0000000000,0.0000000000,0,-0.0123210822,-0.0001000000,0.0000000000
2022-12-29,IS,0.0000000000,0.0000000000,0,0.0175177832,0.0242728028,0.0000000000
2022-12-30,IS,0.0000000000,0.0000000000,0,-0.0025563439,0.0000000000,0.0000000000
2023-01-03,IS,0.0000000000,0.0000000000,0,-0.0040274073,0.0000000000,0.0000000000
2023-01-04,IS,0.0000000000,0.0000000000,0,0.0074571999,0.0000000000,0.0000000000
2023-01-05,IS,0.0000000000,0.0000000000,0,-0.0108944954,0.0000000000,0.0000000000
2023-01-06,IS,0.0000000000,0.0000000000,0,0.0220553360,0.0000000000,0.0000000000
2023-01-09,IS,0.0000000000,0.0000000000,0,0.0001804728,0.0000000000,0.0000000000
2023-01-10,IS,0.0000000000,0.0000000000,0,0.0067536217,0.0000000000,0.0000000000
2023-01-11,IS,0.0000000000,0.0000000000,0,0.0126485047,0.0000000000,0.0000000000
2023-01-12,IS,0.0000000000,0.0000000000,0,0.0038179520,0.0000000000,0.0000000000
2023-01-13,IS,0.0000000000,0.0000000000,0,0.0039041838,0.0000000000,0.0000000000
2023-01-17,IS,0.0000000000,0.0000000000,0,-0.0018065034,0.0000000000,0.0000000000
2023-01-18,IS,0.0000000000,0.0000000000,0,-0.0157098331,0.0000000000,0.0000000000
2023-01-19,IS,-0.0001000000,0.0000000000,1,-0.0072269466,0.0000000000,0.0000000000
2023-01-20,IS,0.0177755659,0.0178773536,0,0.0178773536,0.0000000000,0.0000000000
2023-01-23,IS,0.0000000000,0.0000000000,0,0.0121553663,0.0000000000,0.0000000000
2023-01-24,IS,0.0000000000,0.0000000000,0,-0.0010486368,0.0000000000,0.0000000000
2023-01-25,IS,0.0000000000,0.0000000000,0,0.0007498125,0.0000000000,0.0000000000
2023-01-26,IS,0.0000000000,0.0000000000,0,0.0107892108,0.0000000000,0.0000000000
2023-01-27,IS,0.0000000000,0.0000000000,0,0.0024214272,0.0000000000,0.0000000000
2023-01-30,IS,0.0000000000,0.0000000000,0,-0.0122750801,0.0000000000,0.0000000000
2023-01-31,IS,0.0000000000,0.0000000000,0,0.0143741266,0.0000000000,0.0000000000
2023-02-01,IS,0.0000000000,0.0000000000,0,0.0105786263,0.0000000000,0.0000000000
2023-02-02,IS,0.0000000000,0.0000000000,0,0.0144359511,0.0000000000,0.0000000000
2023-02-03,IS,0.0000000000,0.0000000000,0,-0.0104629119,0.0000000000,0.0000000000
2023-02-06,IS,0.0000000000,0.0000000000,0,-0.0060385595,0.0000000000,0.0000000000
2023-02-07,IS,0.0000000000,0.0000000000,0,0.0128092519,0.0000000000,0.0000000000
2023-02-08,IS,0.0000000000,0.0000000000,0,-0.0107923201,0.0000000000,0.0000000000
2023-02-09,IS,0.0000000000,0.0000000000,0,-0.0086208996,0.0000000000,0.0000000000
2023-02-10,IS,0.0000000000,0.0000000000,0,0.0022599425,0.0000000000,0.0000000000
2023-02-13,IS,0.0000000000,0.0000000000,0,0.0118624544,0.0000000000,0.0000000000
2023-02-14,IS,0.0000000000,0.0000000000,0,-0.0005086593,0.0000000000,0.0000000000
2023-02-15,IS,0.0000000000,0.0000000000,0,0.0034412563,0.0000000000,0.0000000000
2023-02-16,IS,0.0000000000,0.0000000000,0,-0.0139593296,0.0000000000,0.0000000000
2023-02-17,IS,0.0000000000,0.0000000000,0,-0.0024492995,0.0000000000,0.0000000000
2023-02-21,IS,-0.0001000000,0.0000000000,1,-0.0201090159,-0.0001000000,-0.0001000000
2023-02-22,IS,-0.0011526222,-0.0011526222,1,-0.0011526222,0.0007482230,-0.0011526222
2023-02-23,IS,0.0050422698,0.0050422698,1,0.0050422698,0.0087340697,0.0050422698
2023-02-24,IS,-0.0106329872,-0.0106329872,1,-0.0106329872,-0.0167441547,-0.0106329872
2023-02-27,IS,0.0034310510,0.0034310510,1,0.0034310510,0.0071612130,0.0034310510
2023-02-28,IS,-0.0035953135,-0.0035953135,1,-0.0035953135,-0.0012927808,-0.0035953135
2023-03-01,IS,-0.0038606142,-0.0038606142,1,-0.0038606142,-0.0080392424,-0.0038606142
2023-03-02,IS,0.0072451289,0.0073458635,0,0.0073458635,0.0081752713,0.0072451289
2023-03-03,IS,0.0000000000,0.0000000000,0,0.0161687789,0.0000000000,0.0000000000
2023-03-06,IS,0.0000000000,0.0000000000,0,0.0008908466,0.0000000000,0.0000000000
2023-03-07,IS,0.0000000000,0.0000000000,0,-0.0152050832,0.0000000000,0.0000000000
2023-03-08,IS,0.0000000000,0.0000000000,0,0.0014812211,0.0000000000,0.0000000000
2023-03-09,IS,-0.0001000000,0.0000000000,1,-0.0183249354,0.0000000000,0.0000000000
2023-03-10,IS,-0.0141726251,-0.0141726251,1,-0.0141726251,-0.0001000000,0.0000000000
2023-03-13,IS,-0.0019427535,-0.0019427535,1,-0.0019427535,0.0074163923,0.0000000000
2023-03-14,IS,0.0166882948,0.0166882948,1,0.0166882948,0.0228775087,0.0000000000
2023-03-15,IS,-0.0062032522,-0.0062032522,1,-0.0062032522,0.0000000000,0.0000000000
2023-03-16,IS,0.0171857102,0.0172874390,0,0.0172874390,0.0000000000,0.0000000000
2023-03-17,IS,0.0000000000,0.0000000000,0,-0.0147968588,0.0000000000,0.0000000000
2023-03-20,IS,0.0000000000,0.0000000000,0,0.0090217085,0.0000000000,0.0000000000
2023-03-21,IS,0.0000000000,0.0000000000,0,0.0131321598,0.0000000000,0.0000000000
2023-03-22,IS,0.0000000000,0.0000000000,0,-0.0169232312,0.0000000000,0.0000000000
2023-03-23,IS,0.0000000000,0.0000000000,0,0.0026268139,0.0000000000,0.0000000000
2023-03-24,IS,0.0000000000,0.0000000000,0,0.0065116752,0.0000000000,0.0000000000
2023-03-27,IS,0.0000000000,0.0000000000,0,0.0019964620,0.0000000000,0.0000000000
2023-03-28,IS,0.0000000000,0.0000000000,0,-0.0022446972,0.0000000000,0.0000000000
2023-03-29,IS,0.0000000000,0.0000000000,0,0.0143326593,0.0000000000,0.0000000000
2023-03-30,IS,0.0000000000,0.0000000000,0,0.0061056147,0.0000000000,0.0000000000
2023-03-31,IS,0.0000000000,0.0000000000,0,0.0140443872,0.0000000000,0.0000000000
2023-04-03,IS,0.0000000000,0.0000000000,0,0.0036395613,0.0000000000,0.0000000000
2023-04-04,IS,0.0000000000,0.0000000000,0,-0.0053786994,0.0000000000,0.0000000000
2023-04-05,IS,0.0000000000,0.0000000000,0,-0.0024714317,0.0000000000,0.0000000000
2023-04-06,IS,0.0000000000,0.0000000000,0,0.0037531276,0.0000000000,0.0000000000
2023-04-10,IS,0.0000000000,0.0000000000,0,0.0010264180,0.0000000000,0.0000000000
2023-04-11,IS,0.0000000000,0.0000000000,0,0.0002685481,0.0000000000,0.0000000000
2023-04-12,IS,0.0000000000,0.0000000000,0,-0.0039295128,-0.0001000000,0.0000000000
2023-04-13,IS,0.0000000000,0.0000000000,0,0.0131337139,0.0199623198,0.0000000000
2023-04-14,IS,0.0000000000,0.0000000000,0,-0.0024427407,0.0000000000,0.0000000000
2023-04-17,IS,0.0000000000,0.0000000000,0,0.0035882267,0.0000000000,0.0000000000
2023-04-18,IS,0.0000000000,0.0000000000,0,0.0006764265,0.0000000000,0.0000000000
2023-04-19,IS,0.0000000000,0.0000000000,0,-0.0002414176,0.0000000000,0.0000000000
2023-04-20,IS,0.0000000000,0.0000000000,0,-0.0055297981,-0.0001000000,0.0000000000
2023-04-21,IS,0.0000000000,0.0000000000,0,0.0008013015,0.0010433793,0.0000000000
2023-04-24,IS,0.0000000000,0.0000000000,0,0.0011403339,-0.0020845836,0.0000000000
2023-04-25,IS,-0.0001000000,0.0000000000,1,-0.0156556722,-0.0188637443,-0.0001000000
2023-04-26,IS,-0.0044562622,-0.0044562622,1,-0.0044562622,0.0058066389,-0.0044562622
2023-04-27,IS,0.0198060120,0.0199080028,0,0.0199080028,0.0273516309,0.0198060120
2023-04-28,IS,0.0000000000,0.0000000000,0,0.0084867001,0.0000000000,0.0000000000
2023-05-01,IS,0.0000000000,0.0000000000,0,-0.0009136592,0.0000000000,0.0000000000
2023-05-02,IS,0.0000000000,0.0000000000,0,-0.0112867904,0.0000000000,0.0000000000
2023-05-03,IS,0.0000000000,0.0000000000,0,-0.0068639860,0.0000000000,0.0000000000
2023-05-04,IS,-0.0001000000,0.0000000000,1,-0.0070829861,0.0000000000,-0.0001000000
2023-05-05,IS,0.0182379582,0.0183397922,0,0.0183397922,0.0000000000,0.0182379582
2023-05-08,IS,0.0000000000,0.0000000000,0,0.0004363002,0.0000000000,0.0000000000
2023-05-09,IS,0.0000000000,0.0000000000,0,-0.0042399574,0.0000000000,0.0000000000
2023-05-10,IS,0.0000000000,0.0000000000,0,0.0044040001,0.0000000000,0.0000000000
2023-05-11,IS,0.0000000000,0.0000000000,0,-0.0016230620,0.0000000000,0.0000000000
2023-05-12,IS,0.0000000000,0.0000000000,0,-0.0013102662,0.0000000000,0.0000000000
2023-05-15,IS,0.0000000000,0.0000000000,0,0.0032799631,0.0000000000,0.0000000000
2023-05-16,IS,0.0000000000,0.0000000000,0,-0.0065142636,0.0000000000,0.0000000000
2023-05-17,IS,0.0000000000,0.0000000000,0,0.0119439366,0.0000000000,0.0000000000
2023-05-18,IS,0.0000000000,0.0000000000,0,0.0098277731,0.0000000000,0.0000000000
2023-05-19,IS,0.0000000000,0.0000000000,0,-0.0015266083,0.0000000000,0.0000000000
2023-05-22,IS,0.0000000000,0.0000000000,0,0.0004777945,0.0000000000,0.0000000000
2023-05-23,IS,0.0000000000,0.0000000000,0,-0.0111034170,0.0000000000,0.0000000000
2023-05-24,IS,-0.0001000000,0.0000000000,1,-0.0071956343,0.0000000000,-0.0001000000
2023-05-25,IS,0.0083908941,0.0083908941,1,0.0083908941,0.0000000000,0.0083908941
2023-05-26,IS,0.0129471021,0.0130484069,0,0.0130484069,0.0000000000,0.0129471021
2023-05-30,IS,0.0000000000,0.0000000000,0,0.0003809342,0.0000000000,0.0000000000
2023-05-31,IS,0.0000000000,0.0000000000,0,-0.0067590080,0.0000000000,0.0000000000
2023-06-01,IS,0.0000000000,0.0000000000,0,0.0107346528,0.0000000000,0.0000000000
2023-06-02,IS,0.0000000000,0.0000000000,0,0.0144611446,0.0000000000,0.0000000000
2023-06-05,IS,0.0000000000,0.0000000000,0,-0.0019162460,0.0000000000,0.0000000000
2023-06-06,IS,0.0000000000,0.0000000000,0,0.0021774760,0.0000000000,0.0000000000
2023-06-07,IS,0.0000000000,0.0000000000,0,-0.0034577016,0.0000000000,0.0000000000
2023-06-08,IS,0.0000000000,0.0000000000,0,0.0060485289,0.0000000000,0.0000000000
2023-06-09,IS,0.0000000000,0.0000000000,0,0.0017710251,0.0000000000,0.0000000000
2023-06-12,IS,0.0000000000,0.0000000000,0,0.0090953500,0.0000000000,0.0000000000
2023-06-13,IS,0.0000000000,0.0000000000,0,0.0065929000,0.0000000000,0.0000000000
2023-06-14,IS,0.0000000000,0.0000000000,0,0.0011908579,0.0000000000,0.0000000000
2023-06-15,IS,0.0000000000,0.0000000000,0,0.0122832700,0.0000000000,0.0000000000
2023-06-16,IS,0.0000000000,0.0000000000,0,-0.0069822619,0.0000000000,0.0000000000
2023-06-20,IS,0.0000000000,0.0000000000,0,-0.0051881855,0.0000000000,0.0000000000
2023-06-21,IS,0.0000000000,0.0000000000,0,-0.0051466215,0.0000000000,0.0000000000
2023-06-22,IS,0.0000000000,0.0000000000,0,0.0037247373,0.0000000000,0.0000000000
2023-06-23,IS,0.0000000000,0.0000000000,0,-0.0074218303,0.0000000000,0.0000000000
2023-06-26,IS,0.0000000000,0.0000000000,0,-0.0043156170,0.0000000000,0.0000000000
2023-06-27,IS,0.0000000000,0.0000000000,0,0.0109632857,0.0000000000,0.0000000000
2023-06-28,IS,0.0000000000,0.0000000000,0,0.0004814636,0.0000000000,0.0000000000
2023-06-29,IS,0.0000000000,0.0000000000,0,0.0039644347,0.0000000000,0.0000000000
2023-06-30,IS,0.0000000000,0.0000000000,0,0.0117322134,0.0000000000,0.0000000000
2023-07-03,IS,0.0000000000,0.0000000000,0,0.0013085166,0.0000000000,0.0000000000
2023-07-05,IS,0.0000000000,0.0000000000,0,-0.0015546493,0.0000000000,0.0000000000
2023-07-06,IS,0.0000000000,0.0000000000,0,-0.0078530487,0.0000000000,0.0000000000
2023-07-07,IS,0.0000000000,0.0000000000,0,-0.0025701679,0.0000000000,0.0000000000
2023-07-10,IS,0.0000000000,0.0000000000,0,0.0025767906,0.0000000000,0.0000000000
2023-07-11,IS,0.0000000000,0.0000000000,0,0.0063685575,0.0000000000,0.0000000000
2023-07-12,IS,0.0000000000,0.0000000000,0,0.0079781223,0.0000000000,0.0000000000
2023-07-13,IS,0.0000000000,0.0000000000,0,0.0080046638,0.0000000000,0.0000000000
2023-07-14,IS,0.0000000000,0.0000000000,0,-0.0006228312,0.0000000000,0.0000000000
2023-07-17,IS,0.0000000000,0.0000000000,0,0.0034722222,0.0000000000,0.0000000000
2023-07-18,IS,0.0000000000,0.0000000000,0,0.0073196699,0.0000000000,0.0000000000
2023-07-19,IS,0.0000000000,0.0000000000,0,0.0023340820,0.0000000000,0.0000000000
2023-07-20,IS,0.0000000000,0.0000000000,0,-0.0066344464,0.0000000000,0.0000000000
2023-07-21,IS,0.0000000000,0.0000000000,0,0.0000663453,0.0000000000,0.0000000000
2023-07-24,IS,0.0000000000,0.0000000000,0,0.0044006103,0.0000000000,0.0000000000
2023-07-25,IS,0.0000000000,0.0000000000,0,0.0026640247,0.0000000000,0.0000000000
2023-07-26,IS,0.0000000000,0.0000000000,0,0.0002195824,0.0000000000,0.0000000000
2023-07-27,IS,0.0000000000,0.0000000000,0,-0.0066079779,0.0000000000,0.0000000000
2023-07-28,IS,0.0000000000,0.0000000000,0,0.0097679558,0.0000000000,0.0000000000
2023-07-31,IS,0.0000000000,0.0000000000,0,0.0019040532,0.0000000000,0.0000000000
2023-08-01,IS,0.0000000000,0.0000000000,0,-0.0029271063,0.0000000000,0.0000000000
2023-08-02,IS,0.0000000000,0.0000000000,0,-0.0136269033,-0.0001000000,0.0000000000
2023-08-03,IS,-0.0001000000,0.0000000000,1,-0.0030873109,-0.0016026069,-0.0001000000
2023-08-04,IS,-0.0045227698,-0.0045227698,1,-0.0045227698,-0.0046817732,-0.0045227698
2023-08-07,IS,0.0087285423,0.0087285423,1,0.0087285423,0.0084668315,0.0087285423
2023-08-08,IS,-0.0042599454,-0.0042599454,1,-0.0042599454,-0.0085023588,-0.0042599454
2023-08-09,IS,-0.0067737695,-0.0067737695,1,-0.0067737695,-0.0109946237,-0.0067737695
2023-08-10,IS,0.0004935502,0.0004935502,1,0.0004935502,0.0018482781,0.0004935502
2023-08-11,IS,-0.0007175371,-0.0007175371,1,-0.0007175371,-0.0063756477,-0.0007175371
2023-08-14,IS,0.0052624167,0.0053629530,0,0.0053629530,0.0111210272,0.0052624167
2023-08-15,IS,0.0000000000,0.0000000000,0,-0.0114945094,0.0000000000,0.0000000000
2023-08-16,IS,0.0000000000,0.0000000000,0,-0.0073381652,0.0000000000,0.0000000000
2023-08-17,IS,-0.0001000000,0.0000000000,1,-0.0076198708,-0.0001000000,-0.0001000000
2023-08-18,IS,0.0004125696,0.0004125696,1,0.0004125696,-0.0013107256,0.0004125696
2023-08-21,IS,0.0064519142,0.0065525695,0,0.0065525695,0.0160665996,0.0064519142
2023-08-22,IS,0.0000000000,0.0000000000,0,-0.0026859081,0.0000000000,0.0000000000
2023-08-23,IS,0.0000000000,0.0000000000,0,0.0107725665,0.0000000000,0.0000000000
2023-08-24,IS,0.0000000000,0.0000000000,0,-0.0135028338,0.0000000000,0.0000000000
2023-08-25,IS,0.0000000000,0.0000000000,0,0.0070040514,0.0000000000,0.0000000000
2023-08-28,IS,0.0000000000,0.0000000000,0,0.0061825207,0.0000000000,0.0000000000
2023-08-29,IS,0.0000000000,0.0000000000,0,0.0145480832,0.0000000000,0.0000000000
2023-08-30,IS,0.0000000000,0.0000000000,0,0.0040301930,0.0000000000,0.0000000000
2023-08-31,IS,0.0000000000,0.0000000000,0,-0.0013084361,0.0000000000,0.0000000000
2023-09-01,IS,0.0000000000,0.0000000000,0,0.0019097107,0.0000000000,0.0000000000
2023-09-05,IS,0.0000000000,0.0000000000,0,-0.0043219043,0.0000000000,0.0000000000
2023-09-06,IS,0.0000000000,0.0000000000,0,-0.0069005431,0.0000000000,0.0000000000
2023-09-07,IS,-0.0001000000,0.0000000000,1,-0.0028914690,-0.0001000000,-0.0001000000
2023-09-08,IS,0.0015061257,0.0015061257,1,0.0015061257,0.0013976240,0.0015061257
2023-09-11,IS,0.0064759270,0.0065765847,0,0.0065765847,0.0116278517,0.0064759270
2023-09-12,IS,0.0000000000,0.0000000000,0,-0.0055524585,0.0000000000,0.0000000000
2023-09-13,IS,0.0000000000,0.0000000000,0,0.0012332945,0.0000000000,0.0000000000
2023-09-14,IS,0.0000000000,0.0000000000,0,0.0086224273,0.0000000000,0.0000000000
2023-09-15,IS,0.0000000000,0.0000000000,0,-0.0154987121,0.0000000000,0.0000000000
2023-09-18,IS,0.0000000000,0.0000000000,0,0.0005638504,0.0000000000,0.0000000000
2023-09-19,IS,0.0000000000,0.0000000000,0,-0.0020738002,0.0000000000,0.0000000000
2023-09-20,IS,-0.0001000000,0.0000000000,1,-0.0092159653,-0.0001000000,-0.0001000000
2023-09-21,IS,-0.0160955703,-0.0160955703,1,-0.0160955703,-0.0183244637,-0.0160955703
2023-09-22,IS,-0.0027342030,-0.0027342030,1,-0.0027342030,0.0001397194,-0.0027342030
2023-09-25,IS,0.0042751923,0.0042751923,1,0.0042751923,0.0047497974,0.0042751923
2023-09-26,IS,-0.0146912523,-0.0146912523,1,-0.0146912523,-0.0150162676,-0.0146912523
2023-09-27,IS,0.0003991735,0.0003991735,1,0.0003991735,0.0023432427,0.0003991735
2023-09-28,IS,0.0057974416,0.0057974416,1,0.0057974416,0.0082644181,0.0057974416
2023-09-29,IS,-0.0026136470,-0.0026136470,1,-0.0026136470,0.0000000000,-0.0026136470
2023-10-02,IS,-0.0001403837,-0.0001403837,1,-0.0001403837,0.0000000000,-0.0001403837
2023-10-03,IS,-0.0131745215,-0.0131745215,1,-0.0131745215,0.0000000000,-0.0131745215
2023-10-04,IS,0.0069953285,0.0069953285,1,0.0069953285,0.0000000000,0.0069953285
2023-10-05,IS,-0.0003767720,-0.0003767720,1,-0.0003767720,0.0000000000,-0.0003767720
2023-10-06,IS,0.0117716042,0.0118727915,0,0.0118727915,0.0000000000,0.0117716042
2023-10-09,IS,0.0000000000,0.0000000000,0,0.0064021977,0.0000000000,0.0000000000
2023-10-10,IS,0.0000000000,0.0000000000,0,0.0052048393,0.0000000000,0.0000000000
2023-10-11,IS,0.0000000000,0.0000000000,0,0.0041653243,0.0000000000,0.0000000000
2023-10-12,IS,0.0000000000,0.0000000000,0,-0.0059961040,0.0000000000,0.0000000000
2023-10-13,IS,0.0000000000,0.0000000000,0,-0.0051035935,0.0000000000,0.0000000000
2023-10-16,IS,0.0000000000,0.0000000000,0,0.0104746014,0.0000000000,0.0000000000
2023-10-17,IS,0.0000000000,0.0000000000,0,-0.0000458674,0.0000000000,0.0000000000
2023-10-18,IS,0.0000000000,0.0000000000,0,-0.0128205128,0.0000000000,0.0000000000
2023-10-19,IS,-0.0001000000,0.0000000000,1,-0.0092930325,-0.0001000000,-0.0001000000
2023-10-20,IS,-0.0122880660,-0.0122880660,1,-0.0122880660,-0.0149179098,-0.0122880660
2023-10-23,IS,-0.0017331845,-0.0017331845,1,-0.0017331845,0.0030174845,-0.0017331845
2023-10-24,IS,0.0075393617,0.0075393617,1,0.0075393617,0.0096271459,0.0075393617
2023-10-25,IS,-0.0143521469,-0.0143521469,1,-0.0143521469,0.0000000000,-0.0143521469
2023-10-26,IS,-0.0116632739,-0.0116632739,1,-0.0116632739,-0.0001000000,-0.0116632739
2023-10-27,IS,-0.0048463701,-0.0048463701,1,-0.0048463701,0.0048012571,-0.0048463701
2023-10-30,IS,0.0119557807,0.0119557807,1,0.0119557807,0.0112652399,0.0119557807
2023-10-31,IS,0.0061796001,0.0062802281,0,0.0062802281,0.0046818814,0.0061796001
2023-11-01,IS,0.0000000000,0.0000000000,0,0.0105451937,0.0000000000,0.0000000000
2023-11-02,IS,0.0000000000,0.0000000000,0,0.0190956201,0.0000000000,0.0000000000
2023-11-03,IS,0.0000000000,0.0000000000,0,0.0093108572,0.0000000000,0.0000000000
2023-11-06,IS,0.0000000000,0.0000000000,0,0.0021854655,0.0000000000,0.0000000000
2023-11-07,IS,0.0000000000,0.0000000000,0,0.0029611606,0.0000000000,0.0000000000
2023-11-08,IS,0.0000000000,0.0000000000,0,0.0007323828,0.0000000000,0.0000000000
2023-11-09,IS,0.0000000000,0.0000000000,0,-0.0077987421,0.0000000000,0.0000000000
2023-11-10,IS,0.0000000000,0.0000000000,0,0.0156048313,0.0000000000,0.0000000000
2023-11-13,IS,0.0000000000,0.0000000000,0,-0.0009532239,0.0000000000,0.0000000000
2023-11-14,IS,0.0000000000,0.0000000000,0,0.0194007133,0.0000000000,0.0000000000
2023-11-15,IS,0.0000000000,0.0000000000,0,0.0016268135,0.0000000000,0.0000000000
2023-11-16,IS,0.0000000000,0.0000000000,0,0.0016909180,0.0000000000,0.0000000000
2023-11-17,IS,0.0000000000,0.0000000000,0,0.0012660477,0.0000000000,0.0000000000
2023-11-20,IS,0.0000000000,0.0000000000,0,0.0076975976,0.0000000000,0.0000000000
2023-11-21,IS,0.0000000000,0.0000000000,0,-0.0021793686,0.0000000000,0.0000000000
2023-11-22,IS,0.0000000000,0.0000000000,0,0.0038828954,0.0000000000,0.0000000000
2023-11-24,IS,0.0000000000,0.0000000000,0,0.0005054612,0.0000000000,0.0000000000
2023-11-27,IS,0.0000000000,0.0000000000,0,-0.0017133067,0.0000000000,0.0000000000
2023-11-28,IS,0.0000000000,0.0000000000,0,0.0009901426,0.0000000000,0.0000000000
2023-11-29,IS,0.0000000000,0.0000000000,0,-0.0007034049,0.0000000000,0.0000000000
2023-11-30,IS,0.0000000000,0.0000000000,0,0.0038934471,0.0000000000,0.0000000000
2023-12-01,IS,0.0000000000,0.0000000000,0,0.0058065647,0.0000000000,0.0000000000
2023-12-04,IS,0.0000000000,0.0000000000,0,-0.0050759210,0.0000000000,0.0000000000
2023-12-05,IS,0.0000000000,0.0000000000,0,-0.0002189621,0.0000000000,0.0000000000
2023-12-06,IS,0.0000000000,0.0000000000,0,-0.0041611914,0.0000000000,0.0000000000
2023-12-07,IS,0.0000000000,0.0000000000,0,0.0075654278,0.0000000000,0.0000000000
2023-12-08,IS,0.0000000000,0.0000000000,0,0.0044309600,0.0000000000,0.0000000000
2023-12-11,IS,0.0000000000,0.0000000000,0,0.0039550601,0.0000000000,0.0000000000
2023-12-12,IS,0.0000000000,0.0000000000,0,0.0045671984,0.0000000000,0.0000000000
2023-12-13,IS,0.0000000000,0.0000000000,0,0.0136608490,0.0000000000,0.0000000000
2023-12-14,IS,0.0000000000,0.0000000000,0,0.0033160446,0.0000000000,0.0000000000
2023-12-15,IS,0.0000000000,0.0000000000,0,-0.0056567797,0.0000000000,0.0000000000
2023-12-18,IS,0.0000000000,0.0000000000,0,0.0056250400,0.0000000000,0.0000000000
2023-12-19,IS,0.0000000000,0.0000000000,0,0.0060808950,0.0000000000,0.0000000000
2023-12-20,IS,0.0000000000,0.0000000000,0,-0.0138572993,0.0000000000,0.0000000000
2023-12-21,IS,0.0000000000,0.0000000000,0,0.0093964891,0.0000000000,0.0000000000
2023-12-22,IS,0.0000000000,0.0000000000,0,0.0020945288,0.0000000000,0.0000000000
2023-12-26,IS,0.0000000000,0.0000000000,0,0.0042225272,0.0000000000,0.0000000000
2023-12-27,IS,0.0000000000,0.0000000000,0,0.0017029328,0.0000000000,0.0000000000
2023-12-28,IS,0.0000000000,0.0000000000,0,0.0004827268,0.0000000000,0.0000000000
2023-12-29,IS,0.0000000000,0.0000000000,0,-0.0027061612,0.0000000000,0.0000000000
2024-01-02,IS,-0.0001000000,0.0000000000,1,-0.0057846024,-0.0001000000,-0.0001000000
2024-01-03,IS,-0.0081667196,-0.0081667196,1,-0.0081667196,-0.0105814849,-0.0081667196
2024-01-04,IS,-0.0030930694,-0.0030930694,1,-0.0030930694,-0.0051464866,-0.0030930694
2024-01-05,IS,0.0013908503,0.0013908503,1,0.0013908503,0.0011860301,0.0013908503
2024-01-08,IS,0.0140228210,0.0141242334,0,0.0141242334,0.0205658601,0.0140228210
2024-01-09,IS,0.0000000000,0.0000000000,0,-0.0017067004,0.0000000000,0.0000000000
2024-01-10,IS,0.0000000000,0.0000000000,0,0.0057409401,0.0000000000,0.0000000000
2024-01-11,IS,0.0000000000,0.0000000000,0,-0.0003357747,0.0000000000,0.0000000000
2024-01-12,IS,0.0000000000,0.0000000000,0,0.0006717750,0.0000000000,0.0000000000
2024-01-16,IS,0.0000000000,0.0000000000,0,-0.0036713030,0.0000000000,0.0000000000
2024-01-17,IS,-0.0001000000,0.0000000000,1,-0.0055588310,0.0000000000,-0.0001000000
2024-01-18,IS,0.0088133120,0.0089142034,0,0.0089142034,0.0000000000,0.0088133120
2024-01-19,IS,0.0000000000,0.0000000000,0,0.0123192512,0.0000000000,0.0000000000
2024-01-22,IS,0.0000000000,0.0000000000,0,0.0022597230,0.0000000000,0.0000000000
2024-01-23,IS,0.0000000000,0.0000000000,0,0.0032474920,0.0000000000,0.0000000000
2024-01-24,IS,0.0000000000,0.0000000000,0,0.0007422374,0.0000000000,0.0000000000
2024-01-25,IS,0.0000000000,0.0000000000,0,0.0054596399,0.0000000000,0.0000000000
2024-01-26,IS,0.0000000000,0.0000000000,0,-0.0011679610,0.0000000000,0.0000000000
2024-01-29,IS,0.0000000000,0.0000000000,0,0.0078160259,0.0000000000,0.0000000000
2024-01-30,IS,0.0000000000,0.0000000000,0,-0.0007735054,0.0000000000,0.0000000000
2024-01-31,IS,0.0000000000,0.0000000000,0,-0.0162561877,0.0000000000,0.0000000000
2024-02-01,IS,0.0000000000,0.0000000000,0,0.0129423702,0.0000000000,0.0000000000
2024-02-02,IS,0.0000000000,0.0000000000,0,0.0102420476,0.0000000000,0.0000000000
2024-02-05,IS,0.0000000000,0.0000000000,0,-0.0032782241,0.0000000000,0.0000000000
2024-02-06,IS,0.0000000000,0.0000000000,0,0.0026596285,0.0000000000,0.0000000000
2024-02-07,IS,0.0000000000,0.0000000000,0,0.0085854291,0.0000000000,0.0000000000
2024-02-08,IS,0.0000000000,0.0000000000,0,0.0004416784,0.0000000000,0.0000000000
2024-02-09,IS,0.0000000000,0.0000000000,0,0.0056991491,0.0000000000,0.0000000000
2024-02-12,IS,0.0000000000,0.0000000000,0,-0.0003591667,0.0000000000,0.0000000000
2024-02-13,IS,0.0000000000,0.0000000000,0,-0.0137730049,0.0000000000,0.0000000000
2024-02-14,IS,0.0000000000,0.0000000000,0,0.0089256801,0.0000000000,0.0000000000
2024-02-15,IS,0.0000000000,0.0000000000,0,0.0069610223,0.0000000000,0.0000000000
2024-02-16,IS,0.0000000000,0.0000000000,0,-0.0049406327,0.0000000000,0.0000000000
2024-02-20,IS,0.0000000000,0.0000000000,0,-0.0054456635,0.0000000000,0.0000000000
2024-02-21,IS,0.0000000000,0.0000000000,0,0.0009058700,-0.0001000000,0.0000000000
2024-02-22,IS,0.0000000000,0.0000000000,0,0.0206954808,0.0291727004,0.0000000000
2024-02-23,IS,0.0000000000,0.0000000000,0,0.0006896552,0.0000000000,0.0000000000
2024-02-26,IS,0.0000000000,0.0000000000,0,-0.0036624988,0.0000000000,0.0000000000
2024-02-27,IS,0.0000000000,0.0000000000,0,0.0018577442,0.0000000000,0.0000000000
2024-02-28,IS,0.0000000000,0.0000000000,0,-0.0013216815,0.0000000000,0.0000000000
2024-02-29,IS,0.0000000000,0.0000000000,0,0.0030024098,0.0000000000,0.0000000000
2024-03-01,IS,0.0000000000,0.0000000000,0,0.0099649454,0.0000000000,0.0000000000
2024-03-04,IS,0.0000000000,0.0000000000,0,-0.0010529600,0.0000000000,0.0000000000
2024-03-05,IS,0.0000000000,0.0000000000,0,-0.0099941441,0.0000000000,0.0000000000
2024-03-06,IS,0.0000000000,0.0000000000,0,0.0050672345,0.0000000000,0.0000000000
2024-03-07,IS,0.0000000000,0.0000000000,0,0.0098871996,0.0000000000,0.0000000000
2024-03-08,IS,0.0000000000,0.0000000000,0,-0.0058664698,0.0000000000,0.0000000000
2024-03-11,IS,0.0000000000,0.0000000000,0,-0.0009574614,0.0000000000,0.0000000000
2024-03-12,IS,0.0000000000,0.0000000000,0,0.0107573150,0.0000000000,0.0000000000
2024-03-13,IS,0.0000000000,0.0000000000,0,-0.0015673981,0.0000000000,0.0000000000
2024-03-14,IS,0.0000000000,0.0000000000,0,-0.0019768591,0.0000000000,0.0000000000
2024-03-15,IS,0.0000000000,0.0000000000,0,-0.0102534227,0.0000000000,0.0000000000
2024-03-18,IS,0.0000000000,0.0000000000,0,0.0062393313,0.0000000000,0.0000000000
2024-03-19,IS,0.0000000000,0.0000000000,0,0.0056936726,0.0000000000,0.0000000000
2024-03-20,IS,0.0000000000,0.0000000000,0,0.0090156465,0.0000000000,0.0000000000
2024-03-21,IS,0.0000000000,0.0000000000,0,0.0034203144,0.0000000000,0.0000000000
2024-03-22,IS,0.0000000000,0.0000000000,0,-0.0018958254,0.0000000000,0.0000000000
2024-03-25,IS,0.0000000000,0.0000000000,0,-0.0027628019,0.0000000000,0.0000000000
2024-03-26,IS,0.0000000000,0.0000000000,0,-0.0018469708,0.0000000000,0.0000000000
2024-03-27,IS,0.0000000000,0.0000000000,0,0.0083845724,0.0000000000,0.0000000000
2024-03-28,IS,0.0000000000,0.0000000000,0,0.0000955731,0.0000000000,0.0000000000
2024-04-01,IS,0.0000000000,0.0000000000,0,-0.0020068424,0.0000000000,0.0000000000
2024-04-02,IS,0.0000000000,0.0000000000,0,-0.0063199019,0.0000000000,0.0000000000
2024-04-03,IS,0.0000000000,0.0000000000,0,0.0011563813,0.0000000000,0.0000000000
2024-04-04,IS,-0.0001000000,0.0000000000,1,-0.0122049821,-0.0001000000,-0.0001000000
2024-04-05,IS,0.0102474217,0.0103484565,0,0.0103484565,0.0118298342,0.0102474217
2024-04-08,IS,0.0000000000,0.0000000000,0,0.0005593812,0.0001496969,0.0000000000
2024-04-09,IS,0.0000000000,0.0000000000,0,0.0010795805,0.0000000000,0.0000000000
2024-04-10,IS,0.0000000000,0.0000000000,0,-0.0099368356,0.0000000000,0.0000000000
2024-04-11,IS,0.0000000000,0.0000000000,0,0.0075468762,0.0000000000,0.0000000000
2024-04-12,IS,0.0000000000,0.0000000000,0,-0.0138223938,0.0000000000,0.0000000000
2024-04-15,IS,-0.0001000000,0.0000000000,1,-0.0122359251,0.0000000000,-0.0001000000
2024-04-16,IS,-0.0022382555,-0.0022382555,1,-0.0022382555,0.0000000000,-0.0022382555
2024-04-17,IS,-0.0057800024,-0.0057800024,1,-0.0057800024,-0.0001000000,-0.0057800024
2024-04-18,IS,-0.0018979123,-0.0018979123,1,-0.0018979123,-0.0057298516,-0.0018979123
2024-04-19,IS,-0.0088871097,-0.0088871097,1,-0.0088871097,-0.0206660368,-0.0088871097
2024-04-22,IS,0.0091082236,0.0092091445,0,0.0092091445,0.0100566743,0.0091082236
2024-04-23,IS,0.0000000000,0.0000000000,0,0.0118766509,0.0155018015,0.0000000000
2024-04-24,IS,0.0000000000,0.0000000000,0,-0.0003856384,0.0000000000,0.0000000000
2024-04-25,IS,0.0000000000,0.0000000000,0,-0.0039963598,0.0000000000,0.0000000000
2024-04-26,IS,0.0000000000,0.0000000000,0,0.0095741300,0.0000000000,0.0000000000
2024-04-29,IS,0.0000000000,0.0000000000,0,0.0035414945,0.0000000000,0.0000000000
2024-04-30,IS,0.0000000000,0.0000000000,0,-0.0158412736,0.0000000000,0.0000000000
2024-05-01,IS,0.0000000000,0.0000000000,0,-0.0031674569,0.0000000000,0.0000000000
2024-05-02,IS,0.0000000000,0.0000000000,0,0.0092327984,0.0000000000,0.0000000000
2024-05-03,IS,0.0000000000,0.0000000000,0,0.0124353973,0.0000000000,0.0000000000
2024-05-06,IS,0.0000000000,0.0000000000,0,0.0103268204,0.0000000000,0.0000000000
2024-05-07,IS,0.0000000000,0.0000000000,0,0.0012002246,0.0000000000,0.0000000000
2024-05-08,IS,0.0000000000,0.0000000000,0,0.0000000000,0.0000000000,0.0000000000
2024-05-09,IS,0.0000000000,0.0000000000,0,0.0057619057,0.0000000000,0.0000000000
2024-05-10,IS,0.0000000000,0.0000000000,0,0.0013264894,0.0000000000,0.0000000000
2024-05-13,IS,0.0000000000,0.0000000000,0,0.0000959951,0.0000000000,0.0000000000
2024-05-14,IS,0.0000000000,0.0000000000,0,0.0045689275,0.0000000000,0.0000000000
2024-05-15,IS,0.0000000000,0.0000000000,0,0.0123640811,0.0000000000,0.0000000000
2024-05-16,IS,0.0000000000,0.0000000000,0,-0.0022274237,0.0000000000,0.0000000000
2024-05-17,IS,0.0000000000,0.0000000000,0,0.0016459193,0.0000000000,0.0000000000
2024-05-20,IS,0.0000000000,0.0000000000,0,0.0011521390,0.0000000000,0.0000000000
2024-05-21,IS,0.0000000000,0.0000000000,0,0.0024525525,0.0000000000,0.0000000000
2024-05-22,IS,0.0000000000,0.0000000000,0,-0.0028605842,0.0000000000,0.0000000000
2024-05-23,IS,0.0000000000,0.0000000000,0,-0.0072852182,0.0000000000,0.0000000000
2024-05-24,IS,0.0000000000,0.0000000000,0,0.0066922697,0.0000000000,0.0000000000
2024-05-28,IS,0.0000000000,0.0000000000,0,0.0005854580,0.0000000000,0.0000000000
2024-05-29,IS,0.0000000000,0.0000000000,0,-0.0068515128,0.0000000000,0.0000000000
2024-05-30,IS,-0.0001000000,0.0000000000,1,-0.0067847505,0.0000000000,-0.0001000000
2024-05-31,IS,0.0091463998,0.0091463998,1,0.0091463998,-0.0001000000,0.0091463998
2024-06-03,IS,0.0007584520,0.0007584520,1,0.0007584520,0.0031436098,0.0007584520
2024-06-04,IS,0.0010367021,0.0011368158,0,0.0011368158,0.0026362479,0.0010367021
2024-06-05,IS,0.0000000000,0.0000000000,0,0.0118094589,0.0000000000,0.0000000000
2024-06-06,IS,0.0000000000,0.0000000000,0,-0.0000187045,0.0000000000,0.0000000000
2024-06-07,IS,0.0000000000,0.0000000000,0,-0.0011409973,0.0000000000,0.0000000000
2024-06-10,IS,0.0000000000,0.0000000000,0,0.0030898298,0.0000000000,0.0000000000
2024-06-11,IS,0.0000000000,0.0000000000,0,0.0024082440,0.0000000000,0.0000000000
2024-06-12,IS,0.0000000000,0.0000000000,0,0.0081758078,0.0000000000,0.0000000000
2024-06-13,IS,0.0000000000,0.0000000000,0,0.0020504674,0.0000000000,0.0000000000
2024-06-14,IS,0.0000000000,0.0000000000,0,0.0006083510,0.0000000000,0.0000000000
2024-06-17,IS,0.0000000000,0.0000000000,0,0.0078300601,0.0000000000,0.0000000000
2024-06-18,IS,0.0000000000,0.0000000000,0,0.0026689578,0.0000000000,0.0000000000
2024-06-20,IS,0.0000000000,0.0000000000,0,-0.0027165491,0.0000000000,0.0000000000
2024-06-21,IS,0.0000000000,0.0000000000,0,-0.0053199269,0.0000000000,0.0000000000
2024-06-24,IS,0.0000000000,0.0000000000,0,-0.0026098623,-0.0001000000,0.0000000000
2024-06-25,IS,0.0000000000,0.0000000000,0,0.0038697551,0.0114355642,0.0000000000
2024-06-26,IS,0.0000000000,0.0000000000,0,0.0013583714,0.0019649610,0.0000000000
2024-06-27,IS,0.0000000000,0.0000000000,0,0.0016681637,0.0000000000,0.0000000000
2024-06-28,IS,0.0000000000,0.0000000000,0,-0.0039530032,0.0000000000,0.0000000000
2024-07-01,OOS,0.0000000000,0.0000000000,0,0.0020762136,0.0000000000,0.0000000000
2024-07-02,OOS,0.0000000000,0.0000000000,0,0.0065824456,0.0000000000,0.0000000000
2024-07-03,OOS,0.0000000000,0.0000000000,0,0.0045174688,0.0000000000,0.0000000000
2024-07-05,OOS,0.0000000000,0.0000000000,0,0.0058209118,0.0000000000,0.0000000000
2024-07-08,OOS,0.0000000000,0.0000000000,0,0.0011718680,0.0000000000,0.0000000000
2024-07-09,OOS,0.0000000000,0.0000000000,0,0.0009003818,0.0000000000,0.0000000000
2024-07-10,OOS,0.0000000000,0.0000000000,0,0.0098952898,0.0000000000,0.0000000000
2024-07-11,OOS,0.0000000000,0.0000000000,0,-0.0086403478,0.0000000000,0.0000000000
2024-07-12,OOS,0.0000000000,0.0000000000,0,0.0061638543,0.0000000000,0.0000000000
2024-07-15,OOS,0.0000000000,0.0000000000,0,0.0029112341,0.0000000000,0.0000000000
2024-07-16,OOS,0.0000000000,0.0000000000,0,0.0058055669,0.0000000000,0.0000000000
2024-07-17,OOS,0.0000000000,0.0000000000,0,-0.0138989713,-0.0001000000,0.0000000000
2024-07-18,OOS,0.0000000000,0.0000000000,0,-0.0076848494,-0.0047325487,0.0000000000
2024-07-19,OOS,-0.0001000000,0.0000000000,1,-0.0068034596,-0.0088635842,-0.0001000000
2024-07-22,OOS,0.0104754964,0.0104754964,1,0.0104754964,0.0149608619,0.0104754964
2024-07-23,OOS,-0.0016683999,-0.0015685567,0,-0.0015685567,-0.0036862486,-0.0016683999
2024-07-24,OOS,0.0000000000,0.0000000000,0,-0.0226624291,-0.0001000000,0.0000000000
2024-07-25,OOS,-0.0001000000,0.0000000000,1,-0.0052288306,-0.0110492468,-0.0001000000
2024-07-26,OOS,0.0112184250,0.0112184250,1,0.0112184250,0.0102780081,0.0112184250
2024-07-29,OOS,0.0004877011,0.0005877599,0,0.0005877599,0.0020087695,0.0004877011
2024-07-30,OOS,0.0000000000,0.0000000000,0,-0.0050664513,-0.0137314076,0.0000000000
2024-07-31,OOS,0.0000000000,0.0000000000,0,0.0162546125,0.0294907285,0.0000000000
2024-08-01,OOS,0.0000000000,0.0000000000,0,-0.0142335833,0.0000000000,0.0000000000
2024-08-02,OOS,0.0000000000,0.0000000000,0,-0.0185461444,0.0000000000,0.0000000000
2024-08-05,OOS,-0.0001000000,0.0000000000,1,-0.0291236630,-0.0001000000,-0.0001000000
2024-08-06,OOS,0.0089875913,0.0089875913,1,0.0089875913,0.0095550911,0.0089875913
2024-08-07,OOS,-0.0066471276,-0.0066471276,1,-0.0066471276,-0.0108297500,-0.0066471276
2024-08-08,OOS,0.0232122320,0.0233145634,0,0.0233145634,0.0304878280,0.0232122320
2024-08-09,OOS,0.0000000000,0.0000000000,0,0.0041081692,0.0000000000,0.0000000000
2024-08-12,OOS,0.0000000000,0.0000000000,0,0.0008257793,0.0000000000,0.0000000000
2024-08-13,OOS,0.0000000000,0.0000000000,0,0.0163331896,0.0000000000,0.0000000000
2024-08-14,OOS,0.0000000000,0.0000000000,0,0.0032658032,0.0000000000,0.0000000000
2024-08-15,OOS,0.0000000000,0.0000000000,0,0.0171402299,0.0000000000,0.0000000000
2024-08-16,OOS,0.0000000000,0.0000000000,0,0.0021154646,0.0000000000,0.0000000000
2024-08-19,OOS,0.0000000000,0.0000000000,0,0.0096889434,0.0000000000,0.0000000000
2024-08-20,OOS,0.0000000000,0.0000000000,0,-0.0016440021,0.0000000000,0.0000000000
2024-08-21,OOS,0.0000000000,0.0000000000,0,0.0035082067,0.0000000000,0.0000000000
2024-08-22,OOS,0.0000000000,0.0000000000,0,-0.0079015429,0.0000000000,0.0000000000
2024-08-23,OOS,0.0000000000,0.0000000000,0,0.0105174212,0.0000000000,0.0000000000
2024-08-26,OOS,0.0000000000,0.0000000000,0,-0.0022772964,0.0000000000,0.0000000000
2024-08-27,OOS,0.0000000000,0.0000000000,0,0.0012839031,0.0000000000,0.0000000000
2024-08-28,OOS,0.0000000000,0.0000000000,0,-0.0056454916,0.0000000000,0.0000000000
2024-08-29,OOS,0.0000000000,0.0000000000,0,-0.0000179102,0.0000000000,0.0000000000
2024-08-30,OOS,0.0000000000,0.0000000000,0,0.0093672201,0.0000000000,0.0000000000
2024-09-03,OOS,0.0000000000,0.0000000000,0,-0.0202640358,0.0000000000,0.0000000000
2024-09-04,OOS,0.0000000000,0.0000000000,0,-0.0024450321,0.0000000000,0.0000000000
2024-09-05,OOS,0.0000000000,0.0000000000,0,-0.0021423773,0.0000000000,0.0000000000
2024-09-06,OOS,-0.0001000000,0.0000000000,1,-0.0167391423,-0.0001000000,-0.0001000000
2024-09-09,OOS,0.0111026813,0.0111026813,1,0.0111026813,0.0128596581,0.0111026813
2024-09-10,OOS,0.0042552680,0.0043557036,0,0.0043557036,0.0091408133,0.0042552680
2024-09-11,OOS,0.0000000000,0.0000000000,0,0.0110424753,0.0000000000,0.0000000000
2024-09-12,OOS,0.0000000000,0.0000000000,0,0.0076417050,0.0000000000,0.0000000000
2024-09-13,OOS,0.0000000000,0.0000000000,0,0.0052227727,0.0000000000,0.0000000000
2024-09-16,OOS,0.0000000000,0.0000000000,0,0.0014768420,0.0000000000,0.0000000000
2024-09-17,OOS,0.0000000000,0.0000000000,0,0.0004086419,0.0000000000,0.0000000000
2024-09-18,OOS,0.0000000000,0.0000000000,0,-0.0029658835,0.0000000000,0.0000000000
2024-09-19,OOS,0.0000000000,0.0000000000,0,0.0170644817,0.0000000000,0.0000000000
2024-09-20,OOS,0.0000000000,0.0000000000,0,-0.0052103401,0.0000000000,0.0000000000
2024-09-23,OOS,0.0000000000,0.0000000000,0,0.0029313122,0.0000000000,0.0000000000
2024-09-24,OOS,0.0000000000,0.0000000000,0,0.0028613057,0.0000000000,0.0000000000
2024-09-25,OOS,0.0000000000,0.0000000000,0,-0.0022054962,0.0000000000,0.0000000000
2024-09-26,OOS,0.0000000000,0.0000000000,0,0.0039646341,0.0000000000,0.0000000000
2024-09-27,OOS,0.0000000000,0.0000000000,0,-0.0014502883,0.0000000000,0.0000000000
2024-09-30,OOS,0.0000000000,0.0000000000,0,0.0041821968,0.0000000000,0.0000000000
2024-10-01,OOS,0.0000000000,0.0000000000,0,-0.0089917401,0.0000000000,0.0000000000
2024-10-02,OOS,0.0000000000,0.0000000000,0,0.0002461755,0.0000000000,0.0000000000
2024-10-03,OOS,0.0000000000,0.0000000000,0,-0.0017931228,0.0000000000,0.0000000000
2024-10-04,OOS,0.0000000000,0.0000000000,0,0.0090873868,0.0000000000,0.0000000000
2024-10-07,OOS,0.0000000000,0.0000000000,0,-0.0090404552,0.0000000000,0.0000000000
2024-10-08,OOS,0.0000000000,0.0000000000,0,0.0094575555,0.0000000000,0.0000000000
2024-10-09,OOS,0.0000000000,0.0000000000,0,0.0069263918,0.0000000000,0.0000000000
2024-10-10,OOS,0.0000000000,0.0000000000,0,-0.0017500087,0.0000000000,0.0000000000
2024-10-11,OOS,0.0000000000,0.0000000000,0,0.0059882318,0.0000000000,0.0000000000
2024-10-14,OOS,0.0000000000,0.0000000000,0,0.0081265744,0.0000000000,0.0000000000
2024-10-15,OOS,0.0000000000,0.0000000000,0,-0.0074449332,0.0000000000,0.0000000000
2024-10-16,OOS,0.0000000000,0.0000000000,0,0.0039141980,0.0000000000,0.0000000000
2024-10-17,OOS,0.0000000000,0.0000000000,0,0.0002404631,0.0000000000,0.0000000000
2024-10-18,OOS,0.0000000000,0.0000000000,0,0.0038464841,0.0000000000,0.0000000000
2024-10-21,OOS,0.0000000000,0.0000000000,0,-0.0016421766,0.0000000000,0.0000000000
2024-10-22,OOS,0.0000000000,0.0000000000,0,-0.0005311584,0.0000000000,0.0000000000
2024-10-23,OOS,-0.0001000000,0.0000000000,1,-0.0091373517,0.0000000000,-0.0001000000
2024-10-24,OOS,0.0021453658,0.0021453658,1,0.0021453658,0.0000000000,0.0021453658
2024-10-25,OOS,-0.0003280217,-0.0003280217,1,-0.0003280217,0.0000000000,-0.0003280217
2024-10-28,OOS,0.0029910144,0.0030913236,0,0.0030913236,0.0000000000,0.0029910144
2024-10-29,OOS,0.0000000000,0.0000000000,0,0.0016183737,0.0000000000,0.0000000000
2024-10-30,OOS,0.0000000000,0.0000000000,0,-0.0031627619,0.0000000000,0.0000000000
2024-10-31,OOS,-0.0001000000,0.0000000000,1,-0.0196661666,0.0000000000,-0.0001000000
2024-11-01,OOS,0.0044237281,0.0044237281,1,0.0044237281,0.0000000000,0.0044237281
2024-11-04,OOS,-0.0021889885,-0.0021889885,1,-0.0021889885,0.0000000000,-0.0021889885
2024-11-05,OOS,0.0119383194,0.0120395233,0,0.0120395233,0.0000000000,0.0119383194
2024-11-06,OOS,0.0000000000,0.0000000000,0,0.0249718200,0.0000000000,0.0000000000
2024-11-07,OOS,0.0000000000,0.0000000000,0,0.0075628119,0.0000000000,0.0000000000
2024-11-08,OOS,0.0000000000,0.0000000000,0,0.0044834766,0.0000000000,0.0000000000
2024-11-11,OOS,0.0000000000,0.0000000000,0,0.0008860061,0.0000000000,0.0000000000
2024-11-12,OOS,0.0000000000,0.0000000000,0,-0.0032235436,0.0000000000,0.0000000000
2024-11-13,OOS,0.0000000000,0.0000000000,0,0.0005362020,0.0000000000,0.0000000000
2024-11-14,OOS,0.0000000000,0.0000000000,0,-0.0062969972,0.0000000000,0.0000000000
2024-11-15,OOS,-0.0001000000,0.0000000000,1,-0.0127580686,-0.0001000000,-0.0001000000
2024-11-18,OOS,0.0040458875,0.0040458875,1,0.0040458875,0.0069476610,0.0040458875
2024-11-19,OOS,0.0036555301,0.0036555301,1,0.0036555301,0.0068797248,0.0036555301
2024-11-20,OOS,0.0002387769,0.0003388108,0,0.0003388108,-0.0006759564,0.0002387769
2024-11-21,OOS,0.0000000000,0.0000000000,0,0.0053683319,0.0000000000,0.0000000000
2024-11-22,OOS,0.0000000000,0.0000000000,0,0.0030993650,0.0000000000,0.0000000000
2024-11-25,OOS,0.0000000000,0.0000000000,0,0.0033920505,0.0000000000,0.0000000000
2024-11-26,OOS,0.0000000000,0.0000000000,0,0.0052214952,0.0000000000,0.0000000000
2024-11-27,OOS,0.0000000000,0.0000000000,0,-0.0030300508,0.0000000000,0.0000000000
2024-11-29,OOS,0.0000000000,0.0000000000,0,0.0062121136,0.0000000000,0.0000000000
2024-12-02,OOS,0.0000000000,0.0000000000,0,0.0017923824,0.0000000000,0.0000000000
2024-12-03,OOS,0.0000000000,0.0000000000,0,0.0004638603,0.0000000000,0.0000000000
2024-12-04,OOS,0.0000000000,0.0000000000,0,0.0062095345,0.0000000000,0.0000000000
2024-12-05,OOS,0.0000000000,0.0000000000,0,-0.0016456571,0.0000000000,0.0000000000
2024-12-06,OOS,0.0000000000,0.0000000000,0,0.0018956252,0.0000000000,0.0000000000
2024-12-09,OOS,0.0000000000,0.0000000000,0,-0.0051496356,0.0000000000,0.0000000000
2024-12-10,OOS,0.0000000000,0.0000000000,0,-0.0031090825,0.0000000000,0.0000000000
2024-12-11,OOS,0.0000000000,0.0000000000,0,0.0077305906,0.0000000000,0.0000000000
2024-12-12,OOS,0.0000000000,0.0000000000,0,-0.0051526026,0.0000000000,0.0000000000
2024-12-13,OOS,0.0000000000,0.0000000000,0,-0.0000992835,0.0000000000,0.0000000000
2024-12-16,OOS,0.0000000000,0.0000000000,0,0.0041206745,0.0000000000,0.0000000000
2024-12-17,OOS,0.0000000000,0.0000000000,0,-0.0040708023,0.0000000000,0.0000000000
2024-12-18,OOS,-0.0001000000,0.0000000000,1,-0.0298035711,0.0000000000,-0.0001000000
2024-12-19,OOS,-0.0003070205,-0.0003070205,1,-0.0003070205,0.0000000000,-0.0003070205
2024-12-20,OOS,0.0080702952,0.0080702952,1,0.0080702952,0.0000000000,0.0080702952
2024-12-23,OOS,0.0064325288,0.0065331821,0,0.0065331821,0.0000000000,0.0064325288
2024-12-24,OOS,0.0000000000,0.0000000000,0,0.0111150347,0.0000000000,0.0000000000
2024-12-26,OOS,0.0000000000,0.0000000000,0,0.0000665225,0.0000000000,0.0000000000
2024-12-27,OOS,0.0000000000,0.0000000000,0,-0.0107925633,0.0000000000,0.0000000000
2024-12-30,OOS,0.0000000000,0.0000000000,0,-0.0110784231,0.0000000000,0.0000000000
2024-12-31,OOS,-0.0001000000,0.0000000000,1,-0.0037058444,-0.0001000000,-0.0001000000
2025-01-02,OOS,-0.0024570025,-0.0024570025,1,-0.0024570025,-0.0019560667,-0.0024570025
2025-01-03,OOS,0.0124021706,0.0125034209,0,0.0125034209,0.0162635321,0.0124021706
2025-01-06,OOS,0.0000000000,0.0000000000,0,0.0057606217,0.0000000000,0.0000000000
2025-01-07,OOS,0.0000000000,0.0000000000,0,-0.0111865090,0.0000000000,0.0000000000
2025-01-08,OOS,0.0000000000,0.0000000000,0,0.0013419399,0.0000000000,0.0000000000
2025-01-10,OOS,0.0000000000,0.0000000000,0,-0.0152674346,0.0000000000,0.0000000000
2025-01-13,OOS,0.0000000000,0.0000000000,0,0.0015504143,-0.0001000000,0.0000000000
2025-01-14,OOS,0.0000000000,0.0000000000,0,0.0011868109,-0.0008901021,0.0000000000
2025-01-15,OOS,0.0000000000,0.0000000000,0,0.0182706844,0.0224076973,0.0000000000
2025-01-16,OOS,0.0000000000,0.0000000000,0,-0.0018136879,0.0000000000,0.0000000000
2025-01-17,OOS,0.0000000000,0.0000000000,0,0.0098877696,0.0000000000,0.0000000000
2025-01-21,OOS,0.0000000000,0.0000000000,0,0.0093055951,0.0000000000,0.0000000000
2025-01-22,OOS,0.0000000000,0.0000000000,0,0.0055385126,0.0000000000,0.0000000000
2025-01-23,OOS,0.0000000000,0.0000000000,0,0.0055409885,0.0000000000,0.0000000000
2025-01-24,OOS,0.0000000000,0.0000000000,0,-0.0029192292,0.0000000000,0.0000000000
2025-01-27,OOS,0.0000000000,0.0000000000,0,-0.0141454348,-0.0001000000,0.0000000000
2025-01-28,OOS,0.0000000000,0.0000000000,0,0.0084421976,0.0150348154,0.0000000000
2025-01-29,OOS,0.0000000000,0.0000000000,0,-0.0043346624,-0.0019928335,0.0000000000
2025-01-30,OOS,0.0000000000,0.0000000000,0,0.0053671425,0.0041620010,0.0000000000
2025-01-31,OOS,0.0000000000,0.0000000000,0,-0.0053219622,0.0000000000,0.0000000000
2025-02-03,OOS,0.0000000000,0.0000000000,0,-0.0067295869,0.0000000000,0.0000000000
2025-02-04,OOS,0.0000000000,0.0000000000,0,0.0065075196,0.0000000000,0.0000000000
2025-02-05,OOS,0.0000000000,0.0000000000,0,0.0042881362,0.0000000000,0.0000000000
2025-02-06,OOS,0.0000000000,0.0000000000,0,0.0034423408,0.0000000000,0.0000000000
2025-02-07,OOS,0.0000000000,0.0000000000,0,-0.0089886529,0.0000000000,0.0000000000
2025-02-10,OOS,0.0000000000,0.0000000000,0,0.0066237289,0.0000000000,0.0000000000
2025-02-11,OOS,0.0000000000,0.0000000000,0,0.0007605191,0.0000000000,0.0000000000
2025-02-12,OOS,0.0000000000,0.0000000000,0,-0.0032214898,0.0000000000,0.0000000000
2025-02-13,OOS,0.0000000000,0.0000000000,0,0.0105575444,0.0000000000,0.0000000000
2025-02-14,OOS,0.0000000000,0.0000000000,0,-0.0000492021,0.0000000000,0.0000000000
2025-02-18,OOS,0.0000000000,0.0000000000,0,0.0028702641,0.0000000000,0.0000000000
2025-02-19,OOS,0.0000000000,0.0000000000,0,0.0021424483,0.0000000000,0.0000000000
2025-02-20,OOS,0.0000000000,0.0000000000,0,-0.0037861479,0.0000000000,0.0000000000
2025-02-21,OOS,-0.0001000000,0.0000000000,1,-0.0172662342,-0.0001000000,-0.0001000000
2025-02-24,OOS,-0.0045174196,-0.0045174196,1,-0.0045174196,-0.0118794191,-0.0045174196
2025-02-25,OOS,-0.0047890956,-0.0047890956,1,-0.0047890956,-0.0125993037,-0.0047890956
2025-02-26,OOS,0.0003869904,0.0003869904,1,0.0003869904,0.0024156472,0.0003869904
2025-02-27,OOS,-0.0158604682,-0.0158604682,1,-0.0158604682,-0.0277712998,-0.0158604682
2025-02-28,OOS,0.0149539419,0.0149539419,1,0.0149539419,0.0156415536,0.0149539419
2025-03-03,OOS,-0.0169057722,-0.0169057722,1,-0.0169057722,-0.0212460268,-0.0169057722
2025-03-04,OOS,-0.0119553302,-0.0119553302,1,-0.0119553302,-0.0037200885,-0.0119553302
2025-03-05,OOS,0.0107478418,0.0107478418,1,0.0107478418,0.0131391644,0.0107478418
2025-03-06,OOS,-0.0177511748,-0.0177511748,1,-0.0177511748,0.0000000000,-0.0177511748
2025-03-07,OOS,0.0056049309,0.0056049309,1,0.0056049309,0.0000000000,0.0056049309
2025-03-10,OOS,-0.0265835533,-0.0265835533,1,-0.0265835533,0.0000000000,-0.0265835533
2025-03-11,OOS,-0.0083658872,-0.0083658872,1,-0.0083658872,0.0000000000,-0.0083658872
2025-03-12,OOS,0.0053065189,0.0053065189,1,0.0053065189,0.0000000000,0.0053065189
2025-03-13,OOS,-0.0133304704,-0.0133304704,1,-0.0133304704,0.0000000000,-0.0133304704
2025-03-14,OOS,0.0204086304,0.0205106815,0,0.0205106815,0.0000000000,0.0204086304
2025-03-17,OOS,0.0000000000,0.0000000000,0,0.0078545661,0.0000000000,0.0000000000
2025-03-18,OOS,0.0000000000,0.0000000000,0,-0.0108084281,0.0000000000,0.0000000000
2025-03-19,OOS,0.0000000000,0.0000000000,0,0.0109443514,0.0000000000,0.0000000000
2025-03-20,OOS,0.0000000000,0.0000000000,0,-0.0025565978,0.0000000000,0.0000000000
2025-03-21,OOS,0.0000000000,0.0000000000,0,-0.0030934578,0.0000000000,0.0000000000
2025-03-24,OOS,0.0000000000,0.0000000000,0,0.0179445351,0.0000000000,0.0000000000
2025-03-25,OOS,0.0000000000,0.0000000000,0,0.0024038462,0.0000000000,0.0000000000
2025-03-26,OOS,0.0000000000,0.0000000000,0,-0.0119382755,0.0000000000,0.0000000000
2025-03-27,OOS,0.0000000000,0.0000000000,0,-0.0026556922,0.0000000000,0.0000000000
2025-03-28,OOS,-0.0001000000,0.0000000000,1,-0.0200148127,-0.0001000000,0.0000000000
2025-03-31,OOS,0.0065859320,0.0065859320,1,0.0065859320,-0.0000426494,0.0000000000
2025-04-01,OOS,0.0028245053,0.0028245053,1,0.0028245053,0.0080610765,0.0000000000
2025-04-02,OOS,0.0062276913,0.0063283242,0,0.0063283242,0.0071977681,0.0000000000
2025-04-03,OOS,-0.0001000000,0.0000000000,1,-0.0492808049,-0.0001000000,0.0000000000
2025-04-04,OOS,-0.0580585057,-0.0580585057,1,-0.0580585057,-0.0622129529,0.0000000000
2025-04-07,OOS,-0.0022945761,-0.0022945761,1,-0.0022945761,0.0024132302,0.0000000000
2025-04-08,OOS,-0.0156627939,-0.0156627939,1,-0.0156627939,-0.0180084496,0.0000000000
2025-04-09,OOS,0.1049088342,0.1050193361,0,0.1050193361,0.1199187617,0.0000000000
2025-04-10,OOS,0.0000000000,0.0000000000,0,-0.0438190369,0.0000000000,0.0000000000
2025-04-11,OOS,0.0000000000,0.0000000000,0,0.0178428457,0.0000000000,0.0000000000
2025-04-14,OOS,0.0000000000,0.0000000000,0,0.0097014646,0.0000000000,0.0000000000
2025-04-15,OOS,0.0000000000,0.0000000000,0,-0.0028008607,0.0000000000,0.0000000000
2025-04-16,OOS,0.0000000000,0.0000000000,0,-0.0222280092,0.0000000000,0.0000000000
2025-04-17,OOS,0.0000000000,0.0000000000,0,0.0014267778,0.0000000000,0.0000000000
2025-04-21,OOS,-0.0001000000,0.0000000000,1,-0.0238027393,-0.0001000000,0.0000000000
2025-04-22,OOS,0.0259151456,0.0260177473,0,0.0260177473,0.0262519914,0.0000000000
2025-04-23,OOS,0.0000000000,0.0000000000,0,0.0160455192,0.0228233734,0.0000000000
2025-04-24,OOS,0.0000000000,0.0000000000,0,0.0204028299,0.0000000000,0.0000000000
2025-04-25,OOS,0.0000000000,0.0000000000,0,0.0071515074,0.0000000000,0.0000000000
2025-04-28,OOS,0.0000000000,0.0000000000,0,0.0006370002,0.0000000000,0.0000000000
2025-04-29,OOS,0.0000000000,0.0000000000,0,0.0062080232,0.0000000000,0.0000000000
2025-04-30,OOS,0.0000000000,0.0000000000,0,0.0003968827,0.0000000000,0.0000000000
2025-05-01,OOS,0.0000000000,0.0000000000,0,0.0070869550,0.0000000000,0.0000000000
2025-05-02,OOS,0.0000000000,0.0000000000,0,0.0146113489,0.0000000000,0.0000000000
2025-05-05,OOS,0.0000000000,0.0000000000,0,-0.0055062386,0.0000000000,0.0000000000
2025-05-06,OOS,0.0000000000,0.0000000000,0,-0.0083405796,0.0000000000,0.0000000000
2025-05-07,OOS,0.0000000000,0.0000000000,0,0.0043664215,0.0000000000,0.0000000000
2025-05-08,OOS,0.0000000000,0.0000000000,0,0.0066458797,0.0000000000,0.0000000000
2025-05-09,OOS,0.0000000000,0.0000000000,0,-0.0012920811,0.0000000000,0.0000000000
2025-05-12,OOS,0.0000000000,0.0000000000,0,0.0332122286,0.0000000000,0.0000000000
2025-05-13,OOS,0.0000000000,0.0000000000,0,0.0066038869,0.0000000000,0.0000000000
2025-05-14,OOS,0.0000000000,0.0000000000,0,0.0012780315,0.0000000000,0.0000000000
2025-05-15,OOS,0.0000000000,0.0000000000,0,0.0048843581,0.0000000000,0.0000000000
2025-05-16,OOS,0.0000000000,0.0000000000,0,0.0063848525,0.0000000000,0.0000000000
2025-05-19,OOS,0.0000000000,0.0000000000,0,0.0010433670,0.0000000000,0.0000000000
2025-05-20,OOS,0.0000000000,0.0000000000,0,-0.0034462470,0.0000000000,0.0000000000
2025-05-21,OOS,-0.0001000000,0.0000000000,1,-0.0165654521,0.0000000000,-0.0001000000
2025-05-22,OOS,0.0001715325,0.0001715325,1,0.0001715325,0.0000000000,0.0001715325
2025-05-23,OOS,-0.0067915209,-0.0067915209,1,-0.0067915209,0.0000000000,-0.0067915209
2025-05-27,OOS,0.0206708195,0.0207728968,0,0.0207728968,0.0000000000,0.0206708195
2025-05-28,OOS,0.0000000000,0.0000000000,0,-0.0057853337,0.0000000000,0.0000000000
2025-05-29,OOS,0.0000000000,0.0000000000,0,0.0039473908,0.0000000000,0.0000000000
2025-05-30,OOS,0.0000000000,0.0000000000,0,-0.0011185493,0.0000000000,0.0000000000
2025-06-02,OOS,0.0000000000,0.0000000000,0,0.0056329425,0.0000000000,0.0000000000
2025-06-03,OOS,0.0000000000,0.0000000000,0,0.0057026202,0.0000000000,0.0000000000
2025-06-04,OOS,0.0000000000,0.0000000000,0,-0.0002684158,0.0000000000,0.0000000000
2025-06-05,OOS,0.0000000000,0.0000000000,0,-0.0048327824,0.0000000000,0.0000000000
2025-06-06,OOS,0.0000000000,0.0000000000,0,0.0102689487,0.0000000000,0.0000000000
2025-06-09,OOS,0.0000000000,0.0000000000,0,0.0009012919,0.0000000000,0.0000000000
2025-06-10,OOS,0.0000000000,0.0000000000,0,0.0055362860,0.0000000000,0.0000000000
2025-06-11,OOS,0.0000000000,0.0000000000,0,-0.0027197347,0.0000000000,0.0000000000
2025-06-12,OOS,0.0000000000,0.0000000000,0,0.0039743249,0.0000000000,0.0000000000
2025-06-13,OOS,0.0000000000,0.0000000000,0,-0.0111801242,0.0000000000,0.0000000000
2025-06-16,OOS,0.0000000000,0.0000000000,0,0.0095142379,0.0000000000,0.0000000000
2025-06-17,OOS,0.0000000000,0.0000000000,0,-0.0085451649,0.0000000000,0.0000000000
2025-06-18,OOS,0.0000000000,0.0000000000,0,-0.0000836778,0.0000000000,0.0000000000
2025-06-20,OOS,0.0000000000,0.0000000000,0,-0.0054227757,0.0000000000,0.0000000000
2025-06-23,OOS,0.0000000000,0.0000000000,0,0.0099454766,0.0000000000,0.0000000000
2025-06-24,OOS,0.0000000000,0.0000000000,0,0.0110472382,0.0000000000,0.0000000000
2025-06-25,OOS,0.0000000000,0.0000000000,0,0.0005108936,0.0000000000,0.0000000000
2025-06-26,OOS,0.0000000000,0.0000000000,0,0.0079724588,0.0000000000,0.0000000000
2025-06-27,OOS,0.0000000000,0.0000000000,0,0.0045103198,0.0000000000,0.0000000000
2025-06-30,OOS,0.0000000000,0.0000000000,0,0.0053034863,0.0000000000,0.0000000000
2025-07-01,OOS,0.0000000000,0.0000000000,0,-0.0004854762,0.0000000000,0.0000000000
2025-07-02,OOS,0.0000000000,0.0000000000,0,0.0045333117,0.0000000000,0.0000000000
2025-07-03,OOS,0.0000000000,0.0000000000,0,0.0078813764,0.0000000000,0.0000000000
2025-07-07,OOS,0.0000000000,0.0000000000,0,-0.0074519461,0.0000000000,0.0000000000
2025-07-08,OOS,0.0000000000,0.0000000000,0,-0.0005638977,0.0000000000,0.0000000000
2025-07-09,OOS,0.0000000000,0.0000000000,0,0.0060129286,0.0000000000,0.0000000000
2025-07-10,OOS,0.0000000000,0.0000000000,0,0.0028202416,0.0000000000,0.0000000000
2025-07-11,OOS,0.0000000000,0.0000000000,0,-0.0035153878,0.0000000000,0.0000000000
2025-07-14,OOS,0.0000000000,0.0000000000,0,0.0018440717,0.0000000000,0.0000000000
2025-07-15,OOS,0.0000000000,0.0000000000,0,-0.0042095491,0.0000000000,0.0000000000
2025-07-16,OOS,0.0000000000,0.0000000000,0,0.0033111518,0.0000000000,0.0000000000
2025-07-17,OOS,0.0000000000,0.0000000000,0,0.0061518744,0.0000000000,0.0000000000
2025-07-18,OOS,0.0000000000,0.0000000000,0,-0.0007324374,0.0000000000,0.0000000000
2025-07-21,OOS,0.0000000000,0.0000000000,0,0.0018961726,0.0000000000,0.0000000000
2025-07-22,OOS,0.0000000000,0.0000000000,0,0.0001431366,0.0000000000,0.0000000000
2025-07-23,OOS,0.0000000000,0.0000000000,0,0.0085074579,0.0000000000,0.0000000000
2025-07-24,OOS,0.0000000000,0.0000000000,0,0.0003311206,0.0000000000,0.0000000000
2025-07-25,OOS,0.0000000000,0.0000000000,0,0.0040824690,0.0000000000,0.0000000000
2025-07-28,OOS,0.0000000000,0.0000000000,0,-0.0001098884,0.0000000000,0.0000000000
2025-07-29,OOS,0.0000000000,0.0000000000,0,-0.0026376111,0.0000000000,0.0000000000
2025-07-30,OOS,0.0000000000,0.0000000000,0,-0.0012593269,0.0000000000,0.0000000000
2025-07-31,OOS,-0.0001000000,0.0000000000,1,-0.0037512215,0.0000000000,-0.0001000000
2025-08-01,OOS,-0.0163903303,-0.0163903303,1,-0.0163903303,-0.0001000000,-0.0163903303
2025-08-04,OOS,0.0151032619,0.0151032619,1,0.0151032619,0.0184516502,0.0151032619
2025-08-05,OOS,-0.0049753609,-0.0049753609,1,-0.0049753609,-0.0067895763,-0.0049753609
2025-08-06,OOS,0.0075588356,0.0076596016,0,0.0076596016,0.0124819605,0.0075588356
2025-08-07,OOS,0.0000000000,0.0000000000,0,-0.0008375739,0.0000000000,0.0000000000
2025-08-08,OOS,0.0000000000,0.0000000000,0,0.0077500989,0.0000000000,0.0000000000
2025-08-11,OOS,0.0000000000,0.0000000000,0,-0.0019304716,0.0000000000,0.0000000000
2025-08-12,OOS,0.0000000000,0.0000000000,0,0.0106459932,0.0000000000,0.0000000000
2025-08-13,OOS,0.0000000000,0.0000000000,0,0.0034231122,0.0000000000,0.0000000000
2025-08-14,OOS,0.0000000000,0.0000000000,0,0.0000775326,0.0000000000,0.0000000000
2025-08-15,OOS,0.0000000000,0.0000000000,0,-0.0023257977,0.0000000000,0.0000000000
2025-08-18,OOS,0.0000000000,0.0000000000,0,-0.0002175805,0.0000000000,0.0000000000
2025-08-19,OOS,-0.0001000000,0.0000000000,1,-0.0054251516,-0.0001000000,-0.0001000000
2025-08-20,OOS,-0.0026570388,-0.0026570388,1,-0.0026570388,-0.0059373243,-0.0026570388
2025-08-21,OOS,-0.0040118475,-0.0040118475,1,-0.0040118475,-0.0046297932,-0.0040118475
2025-08-22,OOS,0.0152395091,0.0153410432,0,0.0153410432,0.0153259533,0.0152395091
2025-08-25,OOS,0.0000000000,0.0000000000,0,-0.0043855571,0.0000000000,0.0000000000
2025-08-26,OOS,0.0000000000,0.0000000000,0,0.0039690569,0.0000000000,0.0000000000
2025-08-27,OOS,0.0000000000,0.0000000000,0,0.0024030263,0.0000000000,0.0000000000
2025-08-28,OOS,0.0000000000,0.0000000000,0,0.0036560620,0.0000000000,0.0000000000
2025-08-29,OOS,0.0000000000,0.0000000000,0,-0.0058309483,0.0000000000,0.0000000000
2025-09-02,OOS,0.0000000000,0.0000000000,0,-0.0074168798,0.0000000000,0.0000000000
2025-09-03,OOS,0.0000000000,0.0000000000,0,0.0050518064,0.0000000000,0.0000000000
2025-09-04,OOS,0.0000000000,0.0000000000,0,0.0084679925,0.0000000000,0.0000000000
2025-09-05,OOS,0.0000000000,0.0000000000,0,-0.0028349126,0.0000000000,0.0000000000
2025-09-08,OOS,0.0000000000,0.0000000000,0,0.0025030516,0.0000000000,0.0000000000
2025-09-09,OOS,0.0000000000,0.0000000000,0,0.0023735031,0.0000000000,0.0000000000
2025-09-10,OOS,0.0000000000,0.0000000000,0,0.0028291588,0.0000000000,0.0000000000
2025-09-11,OOS,0.0000000000,0.0000000000,0,0.0083102068,0.0000000000,0.0000000000
2025-09-12,OOS,0.0000000000,0.0000000000,0,-0.0003345346,0.0000000000,0.0000000000
2025-09-15,OOS,0.0000000000,0.0000000000,0,0.0053239227,0.0000000000,0.0000000000
2025-09-16,OOS,0.0000000000,0.0000000000,0,-0.0014676734,0.0000000000,0.0000000000
2025-09-17,OOS,0.0000000000,0.0000000000,0,-0.0011516198,0.0000000000,0.0000000000
2025-09-18,OOS,0.0000000000,0.0000000000,0,0.0046724719,0.0000000000,0.0000000000
2025-09-19,OOS,0.0000000000,0.0000000000,0,0.0020535741,0.0000000000,0.0000000000
2025-09-22,OOS,0.0000000000,0.0000000000,0,0.0047692957,0.0000000000,0.0000000000
2025-09-23,OOS,0.0000000000,0.0000000000,0,-0.0053615483,0.0000000000,0.0000000000
2025-09-24,OOS,0.0000000000,0.0000000000,0,-0.0031814961,0.0000000000,0.0000000000
2025-09-25,OOS,-0.0001000000,0.0000000000,1,-0.0046135229,0.0000000000,-0.0001000000
2025-09-26,OOS,0.0057290479,0.0057290479,1,0.0057290479,0.0000000000,0.0057290479
2025-09-29,OOS,0.0027101508,0.0028104318,0,0.0028104318,0.0000000000,0.0027101508
2025-09-30,OOS,0.0000000000,0.0000000000,0,0.0038045444,0.0000000000,0.0000000000
2025-10-01,OOS,0.0000000000,0.0000000000,0,0.0034450357,0.0000000000,0.0000000000
2025-10-02,OOS,0.0000000000,0.0000000000,0,0.0010768884,0.0000000000,0.0000000000
2025-10-03,OOS,0.0000000000,0.0000000000,0,0.0000298855,0.0000000000,0.0000000000
2025-10-06,OOS,0.0000000000,0.0000000000,0,0.0035413305,0.0000000000,0.0000000000
2025-10-07,OOS,0.0000000000,0.0000000000,0,-0.0037075088,0.0000000000,0.0000000000
2025-10-08,OOS,0.0000000000,0.0000000000,0,0.0059630560,0.0000000000,0.0000000000
2025-10-09,OOS,0.0000000000,0.0000000000,0,-0.0030158518,0.0000000000,0.0000000000
2025-10-10,OOS,-0.0001000000,0.0000000000,1,-0.0269118436,-0.0001000000,-0.0001000000
2025-10-13,OOS,0.0153440936,0.0153440936,1,0.0153440936,0.0215072921,0.0153440936
2025-10-14,OOS,-0.0013272201,-0.0013272201,1,-0.0013272201,-0.0066610189,-0.0013272201
2025-10-15,OOS,0.0044452746,0.0045457291,0,0.0045457291,0.0069561505,0.0044452746
2025-10-16,OOS,0.0000000000,0.0000000000,0,-0.0067501541,0.0000000000,0.0000000000
2025-10-17,OOS,0.0000000000,0.0000000000,0,0.0056154265,0.0000000000,0.0000000000
2025-10-20,OOS,0.0000000000,0.0000000000,0,0.0104005178,0.0000000000,0.0000000000
2025-10-21,OOS,0.0000000000,0.0000000000,0,-0.0000148965,0.0000000000,0.0000000000
2025-10-22,OOS,0.0000000000,0.0000000000,0,-0.0051095652,0.0000000000,0.0000000000
2025-10-23,OOS,0.0000000000,0.0000000000,0,0.0056898152,0.0000000000,0.0000000000
2025-10-24,OOS,0.0000000000,0.0000000000,0,0.0083375517,0.0000000000,0.0000000000
2025-10-27,OOS,0.0000000000,0.0000000000,0,0.0117827718,0.0000000000,0.0000000000
2025-10-28,OOS,0.0000000000,0.0000000000,0,0.0026414103,0.0000000000,0.0000000000
2025-10-29,OOS,0.0000000000,0.0000000000,0,0.0004948694,0.0000000000,0.0000000000
2025-10-30,OOS,0.0000000000,0.0000000000,0,-0.0109981233,0.0000000000,0.0000000000
2025-10-31,OOS,0.0000000000,0.0000000000,0,0.0032802318,0.0000000000,0.0000000000
2025-11-03,OOS,0.0000000000,0.0000000000,0,0.0018913292,0.0000000000,0.0000000000
2025-11-04,OOS,0.0000000000,0.0000000000,0,-0.0118680032,0.0000000000,0.0000000000
2025-11-05,OOS,0.0000000000,0.0000000000,0,0.0034136011,0.0000000000,0.0000000000
2025-11-06,OOS,0.0000000000,0.0000000000,0,-0.0106782575,0.0000000000,0.0000000000
2025-11-07,OOS,0.0000000000,0.0000000000,0,0.0009846191,0.0000000000,0.0000000000
2025-11-10,OOS,0.0000000000,0.0000000000,0,0.0155893706,0.0000000000,0.0000000000
2025-11-11,OOS,0.0000000000,0.0000000000,0,0.0023039784,0.0000000000,0.0000000000
2025-11-12,OOS,0.0000000000,0.0000000000,0,0.0005563690,0.0000000000,0.0000000000
2025-11-13,OOS,0.0000000000,0.0000000000,0,-0.0165939887,0.0000000000,0.0000000000
2025-11-14,OOS,0.0000000000,0.0000000000,0,-0.0001934409,0.0000000000,0.0000000000
2025-11-17,OOS,-0.0001000000,0.0000000000,1,-0.0092869581,-0.0001000000,-0.0001000000
2025-11-18,OOS,-0.0083975543,-0.0083975543,1,-0.0083975543,-0.0121757281,-0.0083975543
2025-11-19,OOS,0.0038631681,0.0038631681,1,0.0038631681,0.0058207979,0.0038631681
2025-11-20,OOS,-0.0152422921,-0.0152422921,1,-0.0152422921,-0.0235269207,-0.0152422921
2025-11-21,OOS,0.0098142614,0.0099152529,0,0.0099152529,0.0075127632,0.0098142614
2025-11-24,OOS,0.0000000000,0.0000000000,0,0.0146737481,0.0254706797,0.0000000000
2025-11-25,OOS,0.0000000000,0.0000000000,0,0.0094964631,0.0000000000,0.0000000000
2025-11-26,OOS,0.0000000000,0.0000000000,0,0.0069331279,0.0000000000,0.0000000000
2025-11-28,OOS,0.0000000000,0.0000000000,0,0.0054288657,0.0000000000,0.0000000000
2025-12-01,OOS,0.0000000000,0.0000000000,0,-0.0045654751,0.0000000000,0.0000000000
2025-12-02,OOS,0.0000000000,0.0000000000,0,0.0017052053,0.0000000000,0.0000000000
2025-12-03,OOS,0.0000000000,0.0000000000,0,0.0036100553,0.0000000000,0.0000000000
2025-12-04,OOS,0.0000000000,0.0000000000,0,0.0008188451,0.0000000000,0.0000000000
2025-12-05,OOS,0.0000000000,0.0000000000,0,0.0018116736,0.0000000000,0.0000000000
2025-12-08,OOS,0.0000000000,0.0000000000,0,-0.0030042731,0.0000000000,0.0000000000
2025-12-09,OOS,0.0000000000,0.0000000000,0,-0.0008776677,0.0000000000,0.0000000000
2025-12-10,OOS,0.0000000000,0.0000000000,0,0.0066468530,0.0000000000,0.0000000000
2025-12-11,OOS,0.0000000000,0.0000000000,0,0.0022543159,0.0000000000,0.0000000000
2025-12-12,OOS,0.0000000000,0.0000000000,0,-0.0106802879,-0.0001000000,0.0000000000
2025-12-15,OOS,0.0000000000,0.0000000000,0,-0.0015401314,-0.0050193931,0.0000000000
2025-12-16,OOS,0.0000000000,0.0000000000,0,-0.0027471317,0.0019818521,0.0000000000
2025-12-17,OOS,-0.0001000000,0.0000000000,1,-0.0109598727,-0.0185369841,-0.0001000000
2025-12-18,OOS,0.0074506300,0.0075513852,0,0.0075513852,0.0143886494,0.0074506300
2025-12-19,OOS,0.0000000000,0.0000000000,0,0.0058687008,0.0000000000,0.0000000000
2025-12-22,OOS,0.0000000000,0.0000000000,0,0.0064664041,0.0000000000,0.0000000000
2025-12-23,OOS,0.0000000000,0.0000000000,0,0.0045558087,0.0000000000,0.0000000000
2025-12-24,OOS,0.0000000000,0.0000000000,0,0.0035176464,0.0000000000,0.0000000000
2025-12-26,OOS,0.0000000000,0.0000000000,0,-0.0001981517,0.0000000000,0.0000000000
2025-12-29,OOS,0.0000000000,0.0000000000,0,-0.0034671837,0.0000000000,0.0000000000
2025-12-30,OOS,0.0000000000,0.0000000000,0,-0.0012938867,0.0000000000,0.0000000000
2025-12-31,OOS,-0.0001000000,0.0000000000,1,-0.0074240130,-0.0001000000,-0.0001000000
2026-01-02,OOS,0.0019798786,0.0019798786,1,0.0019798786,-0.0019371327,0.0019798786
2026-01-05,OOS,0.0064712607,0.0065719179,0,0.0065719179,0.0078421859,0.0064712607
2026-01-06,OOS,0.0000000000,0.0000000000,0,0.0059764432,0.0000000000,0.0000000000
2026-01-07,OOS,0.0000000000,0.0000000000,0,-0.0031872913,0.0000000000,0.0000000000
2026-01-08,OOS,0.0000000000,0.0000000000,0,-0.0001305095,0.0000000000,0.0000000000
2026-01-09,OOS,0.0000000000,0.0000000000,0,0.0066060927,0.0000000000,0.0000000000
2026-01-12,OOS,0.0000000000,0.0000000000,0,0.0016785050,0.0000000000,0.0000000000
2026-01-13,OOS,0.0000000000,0.0000000000,0,-0.0019633649,0.0000000000,0.0000000000
2026-01-14,OOS,0.0000000000,0.0000000000,0,-0.0050585845,0.0000000000,0.0000000000
2026-01-15,OOS,0.0000000000,0.0000000000,0,0.0027666725,0.0000000000,0.0000000000
2026-01-16,OOS,0.0000000000,0.0000000000,0,-0.0007944877,0.0000000000,0.0000000000
2026-01-20,OOS,-0.0001000000,0.0000000000,1,-0.0204707107,-0.0001000000,-0.0001000000
2026-01-21,OOS,0.0115709310,0.0115709310,1,0.0115709310,0.0135184028,0.0115709310
2026-01-22,OOS,0.0051227050,0.0052232273,0,0.0052232273,0.0071686960,0.0051227050
2026-01-23,OOS,0.0000000000,0.0000000000,0,0.0001741705,0.0000000000,0.0000000000
2026-01-26,OOS,0.0000000000,0.0000000000,0,0.0052677405,0.0000000000,0.0000000000
2026-01-27,OOS,0.0000000000,0.0000000000,0,0.0040058897,0.0000000000,0.0000000000
2026-01-28,OOS,0.0000000000,0.0000000000,0,-0.0001222134,0.0000000000,0.0000000000
2026-01-29,OOS,0.0000000000,0.0000000000,0,-0.0019412729,0.0000000000,0.0000000000
2026-01-30,OOS,0.0000000000,0.0000000000,0,-0.0030256314,0.0000000000,0.0000000000
2026-02-02,OOS,0.0000000000,0.0000000000,0,0.0049713138,0.0000000000,0.0000000000
2026-02-03,OOS,0.0000000000,0.0000000000,0,-0.0085848636,0.0000000000,0.0000000000
2026-02-04,OOS,0.0000000000,0.0000000000,0,-0.0047139708,-0.0001000000,0.0000000000
2026-02-05,OOS,-0.0001000000,0.0000000000,1,-0.0127661435,-0.0143953776,-0.0001000000
2026-02-06,OOS,0.0193686993,0.0194706464,0,0.0194706464,0.0211379663,0.0193686993
2026-02-09,OOS,0.0000000000,0.0000000000,0,0.0049665518,0.0078654135,0.0000000000
2026-02-10,OOS,0.0000000000,0.0000000000,0,-0.0028672286,0.0000000000,0.0000000000
2026-02-11,OOS,0.0000000000,0.0000000000,0,-0.0000722481,0.0000000000,0.0000000000
2026-02-12,OOS,0.0000000000,0.0000000000,0,-0.0155200069,0.0000000000,0.0000000000
2026-02-13,OOS,-0.0001000000,0.0000000000,1,0.0006898880,0.0000000000,-0.0001000000
2026-02-17,OOS,0.0016281867,0.0016281867,1,0.0016281867,0.0000000000,0.0016281867
2026-02-18,OOS,0.0049372058,0.0050377096,0,0.0050377096,0.0000000000,0.0049372058
2026-02-19,OOS,0.0000000000,0.0000000000,0,-0.0026373690,0.0000000000,0.0000000000
2026-02-20,OOS,0.0000000000,0.0000000000,0,0.0072171576,0.0000000000,0.0000000000
2026-02-23,OOS,0.0000000000,0.0000000000,0,-0.0101969772,0.0000000000,0.0000000000
2026-02-24,OOS,0.0000000000,0.0000000000,0,0.0072685708,0.0000000000,0.0000000000
2026-02-25,OOS,0.0000000000,0.0000000000,0,0.0082490725,0.0000000000,0.0000000000
2026-02-26,OOS,0.0000000000,0.0000000000,0,-0.0053245217,0.0000000000,0.0000000000
2026-02-27,OOS,0.0000000000,0.0000000000,0,-0.0048452846,0.0000000000,0.0000000000
2026-03-02,OOS,0.0000000000,0.0000000000,0,0.0005102115,0.0000000000,0.0000000000
2026-03-03,OOS,-0.0001000000,0.0000000000,1,-0.0087565929,0.0000000000,-0.0001000000
2026-03-04,OOS,0.0069546940,0.0070553996,0,0.0070553996,0.0000000000,0.0069546940
2026-03-05,OOS,0.0000000000,0.0000000000,0,-0.0055755842,0.0000000000,0.0000000000
2026-03-06,OOS,0.0000000000,0.0000000000,0,-0.0132245233,0.0000000000,0.0000000000
2026-03-09,OOS,0.0000000000,0.0000000000,0,0.0088799643,0.0000000000,0.0000000000
2026-03-10,OOS,0.0000000000,0.0000000000,0,-0.0016070296,0.0000000000,0.0000000000
2026-03-11,OOS,0.0000000000,0.0000000000,0,-0.0013290410,0.0000000000,0.0000000000
2026-03-12,OOS,-0.0001000000,0.0000000000,1,-0.0151416573,-0.0001000000,-0.0001000000
2026-03-13,OOS,-0.0055251937,-0.0055251937,1,-0.0055251937,-0.0059270669,-0.0055251937
2026-03-16,OOS,0.0100700525,0.0100700525,1,0.0100700525,0.0110995082,0.0100700525
2026-03-17,OOS,0.0025304112,0.0026306743,0,0.0026306743,0.0048969183,0.0025304112
2026-03-18,OOS,0.0000000000,0.0000000000,0,-0.0136853561,0.0000000000,0.0000000000
2026-03-19,OOS,0.0000000000,0.0000000000,0,-0.0027055214,0.0000000000,0.0000000000
2026-03-20,OOS,-0.0001000000,0.0000000000,1,-0.0170955715,-0.0001000000,0.0000000000
2026-03-23,OOS,0.0111404077,0.0111404077,1,0.0111404077,0.0102051335,0.0000000000
2026-03-24,OOS,-0.0038199660,-0.0038199660,1,-0.0038199660,-0.0068367347,0.0000000000
2026-03-25,OOS,0.0053490463,0.0054495913,0,0.0054495913,0.0064749101,0.0000000000
2026-03-26,OOS,0.0000000000,0.0000000000,0,-0.0178587741,0.0000000000,0.0000000000
2026-03-27,OOS,-0.0001000000,0.0000000000,1,-0.0169123688,-0.0001000000,0.0000000000
2026-03-30,OOS,-0.0034848150,-0.0034848150,1,-0.0034848150,-0.0075189306,0.0000000000
2026-03-31,OOS,0.0290915043,0.0291944238,0,0.0291944238,0.0336209940,0.0000000000
2026-04-01,OOS,0.0000000000,0.0000000000,0,0.0074105962,0.0000000000,0.0000000000
2026-04-02,OOS,0.0000000000,0.0000000000,0,0.0009004334,0.0000000000,0.0000000000
2026-04-06,OOS,0.0000000000,0.0000000000,0,0.0045011665,0.0000000000,0.0000000000
2026-04-07,OOS,0.0000000000,0.0000000000,0,0.0006648633,0.0000000000,0.0000000000
2026-04-08,OOS,0.0000000000,0.0000000000,0,0.0255453415,0.0000000000,0.0000000000
2026-04-09,OOS,0.0000000000,0.0000000000,0,0.0056208029,0.0000000000,0.0000000000
2026-04-10,OOS,0.0000000000,0.0000000000,0,-0.0004927485,0.0000000000,0.0000000000
2026-04-13,OOS,0.0000000000,0.0000000000,0,0.0097200250,0.0000000000,0.0000000000
2026-04-14,OOS,0.0000000000,0.0000000000,0,0.0117951409,0.0000000000,0.0000000000
2026-04-15,OOS,0.0000000000,0.0000000000,0,0.0082351060,0.0000000000,0.0000000000
2026-04-16,OOS,0.0000000000,0.0000000000,0,0.0024573535,0.0000000000,0.0000000000
2026-04-17,OOS,0.0000000000,0.0000000000,0,0.0120856255,0.0000000000,0.0000000000
2026-04-20,OOS,0.0000000000,0.0000000000,0,-0.0019996057,0.0000000000,0.0000000000
2026-04-21,OOS,0.0000000000,0.0000000000,0,-0.0065470143,0.0000000000,0.0000000000
2026-04-22,OOS,0.0000000000,0.0000000000,0,0.0101266901,0.0000000000,0.0000000000
2026-04-23,OOS,0.0000000000,0.0000000000,0,-0.0038807103,0.0000000000,0.0000000000
2026-04-24,OOS,0.0000000000,0.0000000000,0,0.0078198885,0.0000000000,0.0000000000
2026-04-27,OOS,0.0000000000,0.0000000000,0,0.0015546436,0.0000000000,0.0000000000
2026-04-28,OOS,0.0000000000,0.0000000000,0,-0.0049713327,0.0000000000,0.0000000000
2026-04-29,OOS,0.0000000000,0.0000000000,0,0.0000491887,0.0000000000,0.0000000000
2026-04-30,OOS,0.0000000000,0.0000000000,0,0.0099496894,0.0000000000,0.0000000000
2026-05-01,OOS,0.0000000000,0.0000000000,0,0.0027968720,0.0000000000,0.0000000000
2026-05-04,OOS,0.0000000000,0.0000000000,0,-0.0036632578,0.0000000000,0.0000000000
2026-05-05,OOS,0.0000000000,0.0000000000,0,0.0079940950,0.0000000000,0.0000000000
2026-05-06,OOS,0.0000000000,0.0000000000,0,0.0139408928,0.0000000000,0.0000000000
2026-05-07,OOS,0.0000000000,0.0000000000,0,-0.0031068596,0.0000000000,0.0000000000
2026-05-08,OOS,0.0000000000,0.0000000000,0,0.0082561032,0.0000000000,0.0000000000
2026-05-11,OOS,0.0000000000,0.0000000000,0,0.0022775955,0.0000000000,0.0000000000
2026-05-12,OOS,0.0000000000,0.0000000000,0,-0.0015284729,0.0000000000,0.0000000000
2026-05-13,OOS,0.0000000000,0.0000000000,0,0.0056084642,0.0000000000,0.0000000000
2026-05-14,OOS,0.0000000000,0.0000000000,0,0.0078942760,0.0000000000,0.0000000000
2026-05-15,OOS,0.0000000000,0.0000000000,0,-0.0120293516,0.0000000000,0.0000000000
2026-05-18,OOS,0.0000000000,0.0000000000,0,-0.0007034918,0.0000000000,0.0000000000
2026-05-19,OOS,0.0000000000,0.0000000000,0,-0.0066608001,0.0000000000,0.0000000000
2026-05-20,OOS,0.0000000000,0.0000000000,0,0.0102626307,0.0000000000,0.0000000000
2026-05-21,OOS,0.0000000000,0.0000000000,0,0.0020370720,0.0000000000,0.0000000000
2026-05-22,OOS,0.0000000000,0.0000000000,0,0.0039446935,0.0000000000,0.0000000000
2026-05-26,OOS,0.0000000000,0.0000000000,0,0.0065575969,0.0000000000,0.0000000000
2026-05-27,OOS,0.0000000000,0.0000000000,0,-0.0001865199,0.0000000000,0.0000000000
2026-05-28,OOS,0.0000000000,0.0000000000,0,0.0055300153,0.0000000000,0.0000000000
2026-05-29,OOS,0.0000000000,0.0000000000,0,0.0024781341,0.0000000000,0.0000000000
2026-06-01,OOS,0.0000000000,0.0000000000,0,0.0027363940,0.0000000000,0.0000000000
2026-06-02,OOS,0.0000000000,0.0000000000,0,0.0013578717,0.0000000000,0.0000000000
2026-06-03,OOS,0.0000000000,0.0000000000,0,-0.0071619469,0.0000000000,0.0000000000
2026-06-04,OOS,0.0000000000,0.0000000000,0,0.0040178749,0.0000000000,0.0000000000
2026-06-05,OOS,-0.0001000000,0.0000000000,1,-0.0260843151,-0.0001000000,-0.0001000000
2026-06-08,OOS,0.0024545368,0.0024545368,1,0.0024545368,0.0156156923,0.0024545368
2026-06-09,OOS,-0.0028543600,-0.0028543600,1,-0.0028543600,-0.0114164816,-0.0028543600
2026-06-10,OOS,-0.0158456675,-0.0158456675,1,-0.0158456675,-0.0200665353,-0.0158456675
2026-06-11,OOS,0.0168951160,0.0169968157,0,0.0169968157,0.0336725165,0.0168951160
2026-06-12,OOS,0.0000000000,0.0000000000,0,0.0054353719,0.0000000000,0.0000000000
2026-06-15,OOS,0.0000000000,0.0000000000,0,0.0176065357,0.0000000000,0.0000000000
2026-06-16,OOS,0.0000000000,0.0000000000,0,-0.0059616072,0.0000000000,0.0000000000
2026-06-17,OOS,0.0000000000,0.0000000000,0,-0.0124878387,0.0000000000,0.0000000000
2026-06-18,OOS,0.0000000000,0.0000000000,0,0.0078006910,0.0000000000,0.0000000000
2026-06-22,OOS,0.0000000000,0.0000000000,0,-0.0032890966,0.0000000000,0.0000000000
2026-06-23,OOS,0.0000000000,0.0000000000,0,-0.0143814746,0.0000000000,0.0000000000
2026-06-24,OOS,0.0000000000,0.0000000000,0,-0.0005043758,0.0000000000,0.0000000000
2026-06-25,OOS,-0.0001000000,0.0000000000,1,0.0003955211,0.0000000000,-0.0001000000
2026-06-26,OOS,-0.0061486026,-0.0061486026,1,-0.0061486026,0.0000000000,-0.0061486026
2026-06-29,OOS,0.0163732013,0.0164748488,0,0.0164748488,0.0000000000,0.0163732013
2026-06-30,OOS,0.0000000000,0.0000000000,0,0.0074493927,0.0000000000,0.0000000000
2026-07-01,OOS,0.0000000000,0.0000000000,0,-0.0010716391,0.0000000000,0.0000000000
2026-07-02,OOS,0.0000000000,0.0000000000,0,-0.0012337070,0.0000000000,0.0000000000
2026-07-06,OOS,0.0000000000,0.0000000000,0,0.0087003222,0.0000000000,0.0000000000
2026-07-07,OOS,0.0000000000,0.0000000000,0,-0.0048716857,0.0000000000,0.0000000000
2026-07-08,OOS,0.0000000000,0.0000000000,0,-0.0030764292,0.0000000000,0.0000000000
2026-07-09,OOS,0.0000000000,0.0000000000,0,0.0085734986,0.0000000000,0.0000000000
2026-07-10,OOS,0.0000000000,0.0000000000,0,0.0042975350,0.0000000000,0.0000000000
2026-07-13,OOS,0.0000000000,0.0000000000,0,-0.0076436487,0.0000000000,0.0000000000
2026-07-14,OOS,0.0000000000,0.0000000000,0,0.0035505960,0.0000000000,0.0000000000
2026-07-15,OOS,0.0000000000,0.0000000000,0,0.0039636620,0.0000000000,0.0000000000
2026-07-16,OOS,0.0000000000,0.0000000000,0,-0.0053523403,0.0000000000,0.0000000000
2026-07-17,OOS,0.0000000000,0.0000000000,0,-0.0099631045,-0.0001000000,0.0000000000
2026-07-20,OOS,0.0000000000,0.0000000000,0,-0.0016144439,0.0010498612,0.0000000000
2026-07-21,OOS,0.0000000000,0.0000000000,0,0.0083952081,0.0184453969,0.0000000000
2026-07-22,OOS,0.0000000000,0.0000000000,0,-0.0011358777,0.0000000000,0.0000000000
2026-07-23,OOS,0.0000000000,0.0000000000,0,-0.0124285925,0.0000000000,0.0000000000
2026-07-24,OOS,0.0000000000,0.0000000000,0,0.0010160124,-0.0001000000,0.0000000000
2026-07-27,OOS,0.0000000000,0.0000000000,0,0.0002165293,-0.0029521374,0.0000000000
2026-07-28,OOS,0.0000000000,0.0000000000,0,0.0023948369,-0.0098793662,0.0000000000
2026-07-29,OOS,0.0000000000,0.0000000000,0,-0.0153065356,-0.0203703978,0.0000000000
2026-07-30,OOS,0.0000000000,0.0000000000,0,0.0166822020,0.0328708763,0.0000000000
2026-07-31,OOS,0.0000000000,0.0000000000,0,0.0071997735,0.0000000000,0.0000000000
2026-08-03,OOS,0.0000000000,0.0000000000,0,0.0142430692,0.0000000000,0.0000000000
2026-08-04,OOS,0.0000000000,0.0000000000,0,0.0180289572,0.0000000000,0.0000000000
2026-08-05,OOS,0.0000000000,0.0000000000,0,-0.0020224807,0.0000000000,0.0000000000
2026-08-06,OOS,0.0000000000,0.0000000000,0,-0.0015718981,0.0000000000,0.0000000000
2026-08-07,OOS,0.0000000000,0.0000000000,0,0.0060632872,0.0000000000,0.0000000000
2026-08-10,OOS,0.0000000000,0.0000000000,0,-0.0002457257,0.0000000000,0.0000000000
2026-08-11,OOS,0.0000000000,0.0000000000,0,-0.0031564105,0.0000000000,0.0000000000
2026-08-12,OOS,0.0000000000,0.0000000000,0,0.0024396891,0.0000000000,0.0000000000
2026-08-13,OOS,0.0000000000,0.0000000000,0,0.0070035082,0.0000000000,0.0000000000
2026-08-14,OOS,0.0000000000,0.0000000000,0,-0.0019797398,0.0000000000,0.0000000000
2026-08-17,OOS,0.0000000000,0.0000000000,0,-0.0047273102,0.0000000000,0.0000000000
2026-08-18,OOS,0.0000000000,0.0000000000,0,-0.0067557948,0.0000000000,0.0000000000
2026-08-19,OOS,0.0000000000,0.0000000000,0,0.0021499772,-0.0001000000,0.0000000000
2026-08-20,OOS,0.0000000000,0.0000000000,0,-0.0082173970,-0.0074000642,0.0000000000
2026-08-21,OOS,0.0000000000,0.0000000000,0,0.0038543223,0.0035588190,0.0000000000
2026-08-24,OOS,0.0000000000,0.0000000000,0,-0.0029384109,-0.0099798161,0.0000000000
2026-08-25,OOS,0.0000000000,0.0000000000,0,0.0031959344,0.0062294711,0.0000000000
2026-08-26,OOS,0.0000000000,0.0000000000,0,0.0002219582,0.0008144741,0.0000000000
2026-08-27,OOS,0.0000000000,0.0000000000,0,0.0065528404,0.0000000000,0.0000000000
2026-08-28,OOS,0.0000000000,0.0000000000,0,-0.0022694852,0.0000000000,0.0000000000
2026-08-31,OOS,0.0000000000,0.0000000000,0,-0.0030285306,0.0000000000,0.0000000000
2026-09-01,OOS,-0.0001000000,0.0000000000,1,-0.0069098589,0.0000000000,-0.0001000000
2026-09-02,OOS,0.0045686079,0.0045686079,1,0.0045686079,0.0000000000,0.0045686079
2026-09-03,OOS,0.0102884017,0.0103894407,0,0.0103894407,0.0000000000,0.0102884017
2026-09-04,OOS,0.0000000000,0.0000000000,0,-0.0038284938,0.0000000000,0.0000000000
2026-09-08,OOS,0.0000000000,0.0000000000,0,-0.0054921513,0.0000000000,0.0000000000
2026-09-09,OOS,0.0000000000,0.0000000000,0,-0.0046477623,0.0000000000,0.0000000000
2026-09-10,OOS,-0.0001000000,0.0000000000,1,-0.0059155299,-0.0001000000,-0.0001000000
2026-09-11,OOS,0.0083436528,0.0084444972,0,0.0084444972,0.0087344255,0.0083436528
2026-09-14,OOS,0.0000000000,0.0000000000,0,-0.0044616572,-0.0078614593,0.0000000000
2026-09-15,OOS,0.0000000000,0.0000000000,0,-0.0045210809,-0.0066548233,0.0000000000
2026-09-16,OOS,0.0000000000,0.0000000000,0,-0.0044756020,0.0002554858,0.0000000000
2026-09-17,OOS,0.0000000000,0.0000000000,0,0.0113387706,0.0172101090,0.0000000000
2026-09-18,OOS,0.0000000000,0.0000000000,0,-0.0011932861,0.0000000000,0.0000000000
2026-09-21,OOS,0.0000000000,0.0000000000,0,0.0155049955,0.0000000000,0.0000000000
2026-09-22,OOS,0.0000000000,0.0000000000,0,-0.0001551390,0.0000000000,0.0000000000
2026-09-23,OOS,0.0000000000,0.0000000000,0,-0.0072021516,0.0000000000,0.0000000000
2026-09-24,OOS,0.0000000000,0.0000000000,0,-0.0007032990,0.0000000000,0.0000000000
2026-09-25,OOS,0.0000000000,0.0000000000,0,0.0053175544,0.0000000000,0.0000000000
