session,r_qqq,r_spy,r_igv,r_book,equity,cc_book,otc_book,cc_qqq,cc_spy,cc_igv,otc_qqq,otc_spy,otc_igv
2021-09-27,-0.00069388,-0.00180126,-0.00503770,-0.00251095,0.99748905,,-0.00363066,,,,0.00040519,-0.00027100,-0.01102617
2021-09-28,-0.01051980,-0.00721710,-0.00891848,-0.00888513,0.98862624,-0.02811532,-0.01648863,-0.02827055,-0.01981070,-0.03626469,-0.01583395,-0.01312288,-0.02050906
2021-09-29,-0.00484419,-0.01056709,-0.00717500,-0.00752876,0.98118311,-0.00096094,-0.00513038,-0.00166722,0.00108315,-0.00229874,-0.00523299,-0.00183828,-0.00831988
2021-09-30,-0.00406455,-0.00954789,-0.00457423,-0.00606222,0.97523496,-0.00527177,-0.00990040,-0.00367401,-0.01174060,-0.00040070,-0.00833864,-0.01543507,-0.00592748
2021-10-01,0.00367413,0.00461704,0.00481241,0.00436786,0.97949465,0.01054185,0.00604877,0.00620181,0.01069207,0.01473167,0.00440602,0.00672885,0.00701144
2021-10-04,-0.00578946,-0.00401662,-0.00249685,-0.00410098,0.97547776,-0.02097615,-0.01635062,-0.02098951,-0.01191574,-0.03002321,-0.01645654,-0.00990762,-0.02268770
2021-10-05,-0.00458774,0.00000000,-0.00253648,-0.00237474,0.97316126,0.01338071,0.01011893,0.01349895,0.01040330,0.01623988,0.01037573,0.00681015,0.01317092
2021-10-06,0.00393189,0.00819420,0.00191886,0.00468165,0.97771726,0.00575683,0.01500345,0.00640775,0.00392456,0.00693818,0.01578739,0.01304540,0.01617755
2021-10-07,0.00470734,0.00413539,0.00420238,0.00434837,0.98196873,0.01015136,0.00042760,0.00917508,0.00869225,0.01258675,0.00046858,0.00059308,0.00022114
2021-10-08,-0.00468990,-0.00319182,-0.00351109,-0.00379761,0.97823960,-0.00470097,-0.00957653,-0.00498664,-0.00186937,-0.00724691,-0.00802022,-0.00375444,-0.01695492
2021-10-11,0.00799150,0.00812668,-0.00623119,0.00329567,0.98146355,-0.00574788,-0.00306155,-0.00766973,-0.00714889,-0.00242502,-0.00330942,-0.00562723,-0.00024799
2021-10-12,0.00000000,-0.00605798,-0.00224657,-0.00276818,0.97874668,0.00182038,-0.00270310,-0.00348782,-0.00246147,0.01141043,-0.00761365,-0.00468244,0.00418678
2021-10-13,0.00124653,0.00108839,0.00199187,0.00144227,0.98015830,0.01070198,0.00628485,0.00800806,0.00364366,0.02045421,0.00136297,0.00115019,0.01634139
2021-10-14,0.00212380,0.00215786,0.00000000,0.00142722,0.98155720,0.01702587,0.00641450,0.01841667,0.01675053,0.01591040,0.00808381,0.00778901,0.00337068
2021-10-15,0.00117066,0.00051839,-0.00180226,-0.00003774,0.98152016,0.00536031,0.00142662,0.00630063,0.00736723,0.00241306,0.00288137,0.00227094,-0.00087246
2021-10-18,0.00487053,0.00038173,0.00460781,0.00328669,0.98474611,0.00814190,0.01127401,0.01005584,0.00323044,0.01113943,0.01371018,0.00727527,0.01283658
2021-10-19,0.00097324,-0.00266528,0.00026248,-0.00047652,0.98427686,0.00801355,0.00400468,0.00756742,0.00758050,0.00889273,0.00460201,0.00372004,0.00369201
2021-10-20,-0.00153547,-0.00157229,0.00000000,-0.00103592,0.98325723,0.00030955,-0.00118326,-0.00130503,0.00406134,-0.00182765,-0.00255360,0.00285949,-0.00385566
2021-10-21,0.00205812,0.00285100,0.00304518,0.00265143,0.98586427,0.00640159,0.00828227,0.00610699,0.00280713,0.01029064,0.00831195,0.00424995,0.01228490
2021-10-22,-0.00396706,-0.00433208,-0.00549371,-0.00459762,0.98133165,-0.00521083,-0.00099156,-0.00840247,-0.00103595,-0.00619408,-0.00500027,0.00019862,0.00182697
2021-10-25,0.00410473,0.00106403,0.00000000,0.00172292,0.98302240,0.00675503,0.00360040,0.01029137,0.00496448,0.00500923,0.00636383,0.00261953,0.00181785
2021-10-26,0.00027366,-0.00002500,0.00039835,0.00021567,0.98323441,0.00058488,-0.00531197,0.00309565,0.00118559,-0.00252659,-0.00291929,-0.00260280,-0.01041382
2021-10-27,-0.00268698,-0.00396590,-0.00472144,-0.00379144,0.97950653,-0.00361195,-0.00549679,0.00232116,-0.00442973,-0.00872729,0.00110649,-0.00538942,-0.01220743
2021-10-28,-0.00605986,-0.00145395,-0.00358874,-0.00370085,0.97588153,0.01091322,0.00840435,0.01110526,0.00964779,0.01198662,0.00594319,0.00638915,0.01288073
2021-10-29,0.00477137,-0.00183545,-0.00010853,0.00094246,0.97680126,0.00490375,0.01117935,0.00491906,0.00194166,0.00785052,0.01325251,0.00743633,0.01284920
2021-11-01,-0.00650279,-0.00421274,-0.00327537,-0.00466363,0.97224582,0.00105993,-0.00123894,0.00369066,0.00169838,-0.00220927,0.00252225,-0.00056485,-0.00567421
2021-11-02,-0.00354352,-0.00076264,-0.00251105,-0.00227240,0.97003648,0.00332981,0.00322591,0.00390932,0.00393444,0.00214568,0.00581696,0.00354178,0.00031899
2021-11-03,0.00265671,0.00602510,-0.00098997,0.00256394,0.97252360,0.00478632,0.00553576,0.01061560,0.00620331,-0.00245997,0.00931844,0.00740299,-0.00011416
2021-11-04,-0.00035065,0.00000000,0.00025227,-0.00003279,0.97249171,0.00917734,0.00658116,0.01281856,0.00452966,0.01018381,0.00948084,0.00313736,0.00712530
2021-11-05,0.00200237,0.00129155,-0.00047377,0.00094005,0.97340590,-0.00089016,-0.00616157,0.00118025,0.00383445,-0.00768518,-0.00337466,-0.00142772,-0.01368232
2021-11-08,0.00000000,-0.00227849,-0.00026743,-0.00084864,0.97257983,0.00410666,0.00206125,-0.00158018,0.00059751,0.01330266,-0.00127957,-0.00172451,0.00918784
2021-11-09,-0.00319386,0.00000000,-0.00303490,-0.00207625,0.97056051,-0.00208812,-0.00475018,-0.00688338,-0.00313506,0.00375407,-0.00962020,-0.00404841,-0.00058194
2021-11-10,0.00769588,0.00503515,0.01269980,0.00847694,0.97878789,-0.01710522,-0.01127461,-0.01469695,-0.00808695,-0.02853176,-0.00754198,-0.00416685,-0.02211502
2021-11-11,-0.00058418,0.00000000,-0.00319414,-0.00125944,0.97755517,0.00263043,-0.00363671,0.00277271,0.00032353,0.00479506,-0.00504369,-0.00305238,-0.00281407
2021-11-12,-0.00017466,0.00000000,0.00426530,0.00136354,0.97888811,0.01156946,0.00747742,0.01052254,0.00746027,0.01672555,0.00747888,0.00457946,0.01037392
2021-11-15,-0.00317949,-0.00193641,-0.00259136,-0.00256909,0.97637326,-0.00171680,-0.00442621,-0.00022802,0.00047084,-0.00539321,-0.00328357,-0.00249659,-0.00749848
2021-11-16,-0.00079096,0.00001133,0.00166597,0.00029544,0.97666172,0.00733349,0.00847745,0.00712095,0.00380773,0.01107179,0.00903874,0.00449534,0.01189827
2021-11-17,-0.00434068,-0.00406907,0.00045568,-0.00265136,0.97407224,-0.00334924,-0.00367110,0.00052841,-0.00240810,-0.00816803,-0.00030170,-0.00187633,-0.00883527
2021-11-18,0.00124577,-0.00000773,-0.00038271,0.00028511,0.97434996,0.00154551,-0.00159654,0.01036139,0.00346065,-0.00918552,0.00505341,0.00106555,-0.01090860
2021-11-19,-0.00099694,-0.00279044,0.00768077,0.00129780,0.97561447,0.00231489,-0.00359028,0.00557561,-0.00187338,0.00324245,0.00138810,-0.00159707,-0.01056187
2021-11-22,-0.00349491,-0.00679008,-0.01162616,-0.00730372,0.96848886,-0.01431581,-0.01761325,-0.01160920,-0.00309261,-0.02824563,-0.01545972,-0.00739026,-0.02998978
2021-11-23,-0.00268145,0.00108331,0.00538646,0.00126277,0.96971184,-0.00618278,-0.00147331,-0.00455798,0.00156180,-0.01555217,-0.00158248,0.00196909,-0.00480655
2021-11-24,0.00015121,0.00105848,0.00506153,0.00209041,0.97173893,0.00350833,0.01168103,0.00322029,0.00271286,0.00459185,0.00969792,0.00718792,0.01815727
2021-11-26,0.00000000,0.00000000,0.00000000,0.00000000,0.97173893,-0.01663214,-0.00831046,-0.01895877,-0.02134594,-0.00959170,-0.01239555,-0.00638059,-0.00615524
2021-11-29,0.00293724,-0.00011388,0.00387241,0.00223192,0.97390777,0.01761940,0.00798855,0.02170245,0.01118875,0.01996700,0.00959863,0.00099123,0.01337578
2021-11-30,-0.00364147,-0.00549527,-0.01528025,-0.00813900,0.96598114,-0.02042852,-0.01616179,-0.01468638,-0.01930984,-0.02728935,-0.01243794,-0.01393939,-0.02210804
2021-12-01,0.02224893,0.02140742,0.03227880,0.02531172,0.99043178,-0.02460881,-0.03497867,-0.01701285,-0.01101940,-0.04579417,-0.02802049,-0.02404471,-0.05287081
2021-12-02,-0.00385411,-0.00216096,-0.00360379,-0.00320629,0.98725617,0.01399942,0.01295573,0.00720707,0.01420518,0.02058601,0.01065319,0.01377765,0.01443635
2021-12-03,-0.00600174,-0.00621514,-0.00972306,-0.00731331,0.98003605,-0.01972331,-0.02047130,-0.01738863,-0.00809734,-0.03368395,-0.02090414,-0.01291461,-0.02759514
2021-12-06,0.00049935,-0.00033080,-0.00068578,-0.00017241,0.97986708,0.00706807,0.00561654,0.00801295,0.01193628,0.00125499,0.00669916,0.00552474,0.00462570
2021-12-07,-0.00206117,-0.00077707,-0.00309831,-0.00197885,0.97792807,0.02965557,0.01187585,0.03011393,0.02071296,0.03813982,0.01221281,0.00805323,0.01536152
2021-12-08,0.00253512,0.00225538,-0.00024881,0.00151390,0.97940856,0.00567122,0.00520877,0.00447427,0.00290505,0.00963434,0.00361655,0.00172818,0.01028157
2021-12-09,0.00575824,0.00052463,0.00864835,0.00497708,0.98428315,-0.01473818,-0.01252278,-0.01471435,-0.00681562,-0.02268456,-0.01159784,-0.00393036,-0.02204015
2021-12-10,0.00340583,0.00274086,-0.00602130,0.00004180,0.98432429,0.01136042,0.00223664,0.01087039,0.00926422,0.01394664,0.00350461,0.00298361,0.00022170
2021-12-13,-0.01036642,-0.00402168,-0.00341211,-0.00593340,0.97848389,-0.00844051,-0.00902968,-0.01444687,-0.00858424,-0.00229041,-0.01442211,-0.00765648,-0.00501044
2021-12-14,0.00609909,0.00122063,0.00046022,0.00259331,0.98102141,-0.01667690,-0.00272551,-0.01035028,-0.00675111,-0.03292933,0.00232378,0.00075579,-0.01125609
2021-12-15,0.02615489,0.01680596,0.02028681,0.02108255,1.00170384,0.02095853,0.02071386,0.02279753,0.01491024,0.02516783,0.02348301,0.01495404,0.02370453
2021-12-16,0.00708803,0.00563699,0.00732628,0.00668377,1.00839900,-0.02164643,-0.02256249,-0.02571465,-0.00780270,-0.03142196,-0.02813788,-0.01246376,-0.02708583
2021-12-17,-0.00765095,-0.00779275,-0.00160568,-0.00568313,1.00266814,-0.00485162,0.00572140,-0.00480819,-0.01414245,0.00439577,0.00430439,-0.00318492,0.01604473
2021-12-20,0.00000000,0.00000000,0.00000000,0.00000000,1.00266814,-0.01269887,0.00191042,-0.01114344,-0.01108503,-0.01586814,0.00296392,0.00110016,0.00166719
2021-12-21,0.01000037,0.00536159,0.01545392,0.01027196,1.01296751,0.02243090,0.01456142,0.02238041,0.01731944,0.02759284,0.01343575,0.00926713,0.02098137
2021-12-22,-0.00687628,-0.00440976,-0.00851788,-0.00660131,1.00628060,0.00948537,0.01041714,0.01217852,0.01045673,0.00582087,0.01295930,0.01060956,0.00768256
2021-12-23,-0.00150837,-0.00282829,0.00233095,-0.00066857,1.00560783,0.00675845,0.00554027,0.00753903,0.00609365,0.00664268,0.00661916,0.00384000,0.00616166
2021-12-27,0.00133900,0.00335385,0.00000000,0.00156428,1.00718088,0.01450706,0.01099115,0.01652726,0.01419615,0.01279776,0.01313245,0.01095200,0.00888900
2021-12-28,-0.00064840,-0.00040971,-0.00134856,-0.00080222,1.00637290,-0.00522031,-0.00757383,-0.00463468,-0.00058672,-0.01043955,-0.00689911,-0.00161182,-0.01421055
2021-12-29,0.00112163,0.00044966,0.00162400,0.00106510,1.00744478,-0.00014494,-0.00019903,-0.00014940,0.00111123,-0.00139665,-0.00049782,0.00104826,-0.00114753
2021-12-30,0.00486971,0.00275201,-0.00287188,0.00158328,1.00903985,-0.00107790,-0.00148390,-0.00298842,-0.00261791,0.00237263,-0.00244188,-0.00355701,0.00154718
2022-01-03,0.00144580,0.00259183,0.00301322,0.00235028,1.01141138,-0.00446074,0.00005978,0.00332209,0.00312874,-0.01983306,0.00659065,0.00298131,-0.00939263
2022-01-04,-0.00246030,-0.00321102,0.01125343,0.00186070,1.01329332,-0.01203176,-0.01387201,-0.01297052,-0.00027213,-0.02285264,-0.01434467,-0.00340136,-0.02386998
2022-01-05,0.01806940,0.01573835,0.02721184,0.02033986,1.03390357,-0.03293351,-0.02636797,-0.03072111,-0.01878180,-0.04929761,-0.02647312,-0.01789756,-0.03473323
2022-01-06,0.00000000,-0.00536274,0.00347637,-0.00062879,1.03325346,-0.00040082,0.00327917,-0.00070259,-0.00162178,0.00112190,0.00418388,-0.00006412,0.00571774
2022-01-07,0.00000000,0.00000000,-0.00111047,-0.00037016,1.03287099,-0.00772091,-0.00811826,-0.01083277,-0.00391143,-0.00841852,-0.01085853,-0.00410300,-0.00939326
2022-01-10,0.01505107,0.01057763,0.02373468,0.01645446,1.04986633,0.00298984,0.01507009,0.00065814,-0.00111581,0.00942720,0.01411344,0.00607305,0.02502379
2022-01-11,0.00129256,0.00418334,0.00044438,0.00197343,1.05193816,0.01393662,0.01508129,0.01502197,0.00906533,0.01772256,0.01704208,0.00967264,0.01852915
2022-01-12,-0.00346797,-0.00128117,-0.00661892,-0.00378936,1.04795199,0.00137223,-0.00489670,0.00396558,0.00312946,-0.00297835,-0.00285744,-0.00082699,-0.01100568
2022-01-13,0.00848835,0.00594677,0.01232186,0.00891900,1.05729867,-0.02711215,-0.02983645,-0.02501614,-0.01347623,-0.04284407,-0.02857731,-0.01554459,-0.04538744
2022-01-14,0.00000000,-0.00677780,-0.00947559,-0.00541780,1.05157044,0.00329584,0.01082603,0.00622253,-0.00021512,0.00388011,0.01317087,0.00771916,0.01158804
2022-01-18,-0.01164121,-0.00772496,0.00668580,-0.00422679,1.04712567,-0.02034178,-0.00811279,-0.02489408,-0.01772996,-0.01840130,-0.00933055,-0.00702571,-0.00798211
2022-01-19,-0.00087532,0.00694176,0.00040148,0.00215597,1.04938325,-0.00727598,-0.01213515,-0.01098367,-0.01027360,-0.00057066,-0.01523579,-0.01377338,-0.00739628
2022-01-20,0.02449802,0.02156388,0.02693795,0.02433328,1.07491819,-0.00977977,-0.01778743,-0.01298843,-0.01115488,-0.00519599,-0.02182320,-0.01536088,-0.01617821
2022-01-21,0.01137921,0.00823853,0.01297208,0.01086328,1.08659532,-0.02497107,-0.02117091,-0.02772863,-0.01900264,-0.02818195,-0.02164297,-0.01631655,-0.02555322
2022-01-24,0.01138034,-0.01497682,0.00917497,0.00185950,1.08861584,0.00964185,0.02799671,0.00457790,0.00326268,0.02108496,0.02137870,0.01779969,0.04481175
2022-01-25,-0.00254158,0.00222192,-0.01141547,-0.00391171,1.08435749,-0.02409056,-0.00724613,-0.02318143,-0.01166652,-0.03742372,-0.00449996,0.00353300,-0.02077143
2022-01-26,0.00906307,0.00368674,0.01136213,0.00803731,1.09307281,-0.00523341,-0.02543165,-0.00156472,-0.00358959,-0.01054592,-0.02363209,-0.01744872,-0.03521416
2022-01-27,0.01156266,0.00860035,0.01105754,0.01040685,1.10444825,-0.00458647,-0.02061133,-0.01007052,-0.00381036,0.00012146,-0.02375501,-0.01569844,-0.02238053
2022-01-28,-0.02111497,-0.01431747,-0.03395083,-0.02312776,1.07890485,0.03139271,0.02772981,0.03136910,0.02434049,0.03846855,0.02556628,0.02126283,0.03636033
2022-01-31,0.00779622,-0.00967736,0.00932462,0.00248116,1.08158178,0.02933483,0.02705282,0.03197840,0.01790079,0.03812531,0.02788788,0.01937721,0.03389337
2022-02-01,0.00433072,0.00270054,0.00094975,0.00266034,1.08445916,0.00643089,0.00186561,0.00680347,0.00702550,0.00546371,0.00299097,0.00503683,-0.00243098
2022-02-02,-0.00060690,0.00076318,-0.00781009,-0.00255127,1.08169241,0.00262172,-0.00456066,0.00812541,0.00951540,-0.00977564,-0.00343466,0.00386389,-0.01411122
2022-02-03,0.01131900,0.00241225,0.00897993,0.00757039,1.08988124,-0.03395547,-0.01225420,-0.04054384,-0.02305034,-0.03827223,-0.01389005,-0.00938020,-0.01349234
2022-02-04,0.00175908,0.00089355,0.00002793,0.00089352,1.09085508,0.01643866,0.01429812,0.01261491,0.00414130,0.03255978,0.01109919,0.00497368,0.02682149
2022-02-07,-0.01384673,-0.01023700,-0.01983974,-0.01464115,1.07488370,-0.00550236,-0.00791719,-0.00804447,-0.00296498,-0.00549764,-0.00973175,-0.00504994,-0.00896988
2022-02-08,-0.00391291,-0.00748241,-0.00813506,-0.00651012,1.06788607,0.01021325,0.01246592,0.01123532,0.00800465,0.01139977,0.01457792,0.00915542,0.01366442
2022-02-09,0.00387951,-0.00288317,0.00695806,0.00265147,1.07071754,0.02255357,0.01014004,0.02119069,0.01444035,0.03202968,0.00816472,0.00463512,0.01762028
2022-02-10,0.00518336,0.00932213,0.00476574,0.00642374,1.07759555,-0.01860358,-0.00090429,-0.02263245,-0.01742724,-0.01575106,-0.00303182,-0.00438694,0.00470588
2022-02-11,0.02098031,0.01491831,0.01986225,0.01858696,1.09762477,-0.02873107,-0.02980491,-0.03172168,-0.01998398,-0.03448757,-0.03172168,-0.02009301,-0.03760004
2022-02-14,0.00181040,-0.01076881,0.00581283,-0.00104853,1.09647388,-0.00148690,0.00075936,0.00123898,-0.00336073,-0.00233894,0.00288609,-0.00231860,0.00171059
2022-02-15,0.00264411,0.00000000,-0.00431185,-0.00055591,1.09586433,0.02069488,0.00682936,0.02486402,0.01606288,0.02115774,0.00912414,0.00500304,0.00636089
2022-02-16,0.00264483,0.00074132,0.00657133,0.00331916,1.09950168,-0.00211626,0.00517072,-0.00025272,0.00145756,-0.00755364,0.00627438,0.00601446,0.00322331
2022-02-17,0.00980172,0.00591683,0.01223455,0.00931770,1.10974651,-0.03166647,-0.02184040,-0.02974385,-0.02131661,-0.04393894,-0.02066678,-0.01385317,-0.03100124
2022-02-18,-0.00800494,-0.00714845,-0.00822025,-0.00779121,1.10110024,-0.01305375,-0.01364884,-0.01140541,-0.00633751,-0.02141833,-0.01414509,-0.00690554,-0.01989588
2022-02-22,-0.01292680,-0.00777102,-0.01925409,-0.01331731,1.08643655,-0.00961537,-0.00150042,-0.01004363,-0.01049941,-0.00830306,-0.00121126,-0.00495497,0.00166497
2022-02-23,0.01289206,0.00918813,0.01282384,0.01163468,1.09907689,-0.02280638,-0.03239567,-0.02561524,-0.01787086,-0.02493305,-0.03486464,-0.02447649,-0.03784588
2022-02-24,0.02873492,0.01267422,0.02621867,0.02254260,1.12385294,0.03618604,0.06796016,0.03360452,0.01402611,0.06092749,0.06790240,0.04128753,0.09469055
2022-02-25,0.00075530,0.00165465,0.00267220,0.00169405,1.12575681,0.01521334,0.01321505,0.01550706,0.02233697,0.00779599,0.01306730,0.01848188,0.00809596
2022-02-28,-0.00963067,-0.01220491,-0.00991275,-0.01058278,1.11384317,0.00359989,0.01296154,0.00297886,-0.00201120,0.00983200,0.01252518,0.01073999,0.01561943
2022-03-01,0.00566947,0.00316271,-0.01023491,-0.00046758,1.11332237,-0.01324179,-0.01067733,-0.01531142,-0.01584721,-0.00856675,-0.01232104,-0.01215980,-0.00755115
2022-03-02,-0.00140815,-0.00243321,0.00464544,0.00026803,1.11362077,0.01694826,0.01082320,0.01677941,0.01884817,0.01521720,0.01206716,0.01267433,0.00772811
2022-03-03,0.00128788,0.00092318,0.00128792,0.00116633,1.11491961,-0.01477892,-0.02207590,-0.01428489,-0.00475049,-0.02530138,-0.02191867,-0.01067042,-0.03363862
2022-03-04,-0.01126260,-0.00513684,-0.00518913,-0.00719619,1.10689644,-0.01479058,-0.00673770,-0.01449191,-0.00842187,-0.02145795,-0.00747411,0.00081065,-0.01354965
2022-03-07,0.01133202,0.01236707,0.01490688,0.01286866,1.12114071,-0.03626639,-0.03507493,-0.03688111,-0.02897477,-0.04294329,-0.03685256,-0.02773723,-0.04063502
2022-03-08,-0.00818415,-0.00838006,-0.03437837,-0.01698086,1.10210278,-0.00760796,-0.00514322,-0.00464816,-0.00776967,-0.01040606,-0.00216016,-0.00786426,-0.00540523
2022-03-09,0.00048706,-0.00031699,0.00337033,0.00118013,1.10340340,0.03698991,0.01260629,0.03599814,0.02644600,0.04852558,0.00976639,0.00515124,0.02290124
2022-03-10,0.00401365,0.00428663,0.00000000,0.00276676,1.10645626,-0.01029332,0.00367796,-0.01110481,-0.00456322,-0.01521192,0.00136026,0.00676891,0.00290471
2022-03-11,0.01104722,0.01023335,0.01257864,0.01128640,1.11894417,-0.02112725,-0.02811360,-0.02073837,-0.01224787,-0.03039552,-0.02967217,-0.01856956,-0.03609907
2022-03-14,0.01147956,0.00805306,0.01244086,0.01065783,1.13086968,-0.01863229,-0.01688087,-0.01920469,-0.00759217,-0.02910002,-0.01534986,-0.00928984,-0.02600290
2022-03-15,0.00580877,0.00541824,0.00206306,0.00443002,1.13587946,0.02605798,0.01722287,0.03136688,0.02163173,0.02517533,0.02265644,0.01484146,0.01417070
2022-03-16,-0.00014020,0.00126133,0.01302477,0.00471530,1.14123548,0.03375376,0.02092891,0.03708670,0.02241784,0.04175675,0.02453563,0.01316616,0.02508494
2022-03-17,0.00976951,0.00750233,0.01119043,0.00948742,1.15206286,0.01585322,0.02065911,0.01210625,0.01228332,0.02317009,0.01793894,0.01685924,0.02717915
2022-03-18,0.00713672,0.00739672,0.00909114,0.00787486,1.16113519,0.01920463,0.02502756,0.02046801,0.00777954,0.02936635,0.02552956,0.01445205,0.03510107
2022-03-21,-0.00820461,-0.00447206,-0.00772353,-0.00680006,1.15323940,-0.00438899,-0.00122898,-0.00401149,-0.00006752,-0.00908797,-0.00034266,-0.00009002,-0.00325425
2022-03-22,-0.00117954,0.00000000,-0.00334711,-0.00150888,1.15149930,0.01873338,0.01637089,0.01965265,0.01179383,0.02475365,0.01816937,0.00825371,0.02268957
2022-03-23,-0.00858183,0.00573691,-0.01236150,-0.00506880,1.14566257,-0.01734873,-0.00775209,-0.01437136,-0.01296881,-0.02470602,-0.00615802,-0.00716028,-0.00993796
2022-03-24,0.00719475,0.00349859,0.01074815,0.00714716,1.15385081,0.01828578,0.01363197,0.02222664,0.01525771,0.01737297,0.01653477,0.01018074,0.01418041
2022-03-25,0.00236675,0.00265809,0.00392794,0.00298426,1.15729420,-0.00301937,-0.00390020,-0.00083414,0.00479489,-0.01301886,-0.00066743,0.00328043,-0.01431362
2022-03-28,0.00047828,0.00500910,0.01176326,0.00575021,1.16394889,0.01525288,0.01526985,0.01547238,0.00706964,0.02321661,0.01550064,0.00836172,0.02194718
2022-03-29,0.00355879,0.00382454,0.00561957,0.00433430,1.16899379,0.01793277,0.00569437,0.01720972,0.01248245,0.02410614,0.00620764,0.00328247,0.00759299
2022-03-30,0.00332887,-0.00011282,0.00500953,0.00274186,1.17219900,-0.01202996,-0.00694376,-0.01104556,-0.00593678,-0.01910756,-0.00591700,-0.00336708,-0.01154721
2022-03-31,0.00000000,0.00932986,-0.01177951,-0.00081655,1.17124184,-0.01147866,-0.01103410,-0.01239478,-0.01456004,-0.00748115,-0.01279817,-0.01262312,-0.00768102
2022-04-01,0.00167756,-0.00147225,-0.00465454,-0.00148308,1.16950480,0.00053293,-0.00018187,-0.00190324,0.00179160,0.00171044,-0.00264601,-0.00086034,0.00296073
2022-04-04,-0.00589157,0.00287326,-0.00333639,-0.00211823,1.16702752,0.01793182,0.01637744,0.02058864,0.00880950,0.02439730,0.01816878,0.00834198,0.02262156
2022-04-05,0.00514376,0.00498192,-0.00315353,0.00232405,1.16973975,-0.02003198,-0.01643069,-0.02220417,-0.01260642,-0.02528534,-0.01824311,-0.00894073,-0.02210822
2022-04-06,-0.00736927,-0.00534686,-0.00805293,-0.00692302,1.16164162,-0.02081176,-0.00724092,-0.02171144,-0.01017400,-0.03054984,-0.00672009,-0.00073844,-0.01426424
2022-04-07,-0.00233375,0.00479373,-0.00961684,-0.00238562,1.15887038,0.00375278,0.00722984,0.00237785,0.00499373,0.00388675,0.00528049,0.00718149,0.00922753
2022-04-08,0.00128712,-0.00548396,0.00137052,-0.00094211,1.15777860,-0.01056963,-0.00730034,-0.01397910,-0.00227278,-0.01545701,-0.00899750,-0.00044646,-0.01245706
2022-04-11,-0.00822419,0.00312888,-0.00431360,-0.00313630,1.15414746,-0.01736194,-0.00749668,-0.02365745,-0.01708466,-0.01134370,-0.01136858,-0.00898426,-0.00213721
2022-04-12,0.00947135,0.00801732,0.01289017,0.01012628,1.16583468,-0.00526858,-0.01776550,-0.00422424,-0.00454422,-0.00703730,-0.01824965,-0.01119437,-0.02385249
2022-04-13,0.00156433,0.00156263,-0.00552469,-0.00079924,1.16490289,0.01794772,0.01648498,0.02032700,0.01182324,0.02169291,0.01927604,0.01203114,0.01814776
2022-04-14,0.00625862,-0.00498709,-0.00247398,-0.00040082,1.16443598,-0.01979809,-0.02021535,-0.02286704,-0.01233927,-0.02418795,-0.02312089,-0.01289595,-0.02462921
2022-04-18,-0.01665748,-0.01404791,-0.01885873,-0.01652137,1.14519790,-0.00315044,0.00061346,0.00076825,0.00031976,-0.01053933,0.00397214,0.00265562,-0.00478737
2022-04-19,-0.01026693,-0.00528245,-0.00753629,-0.00769522,1.13638535,0.02180841,0.02337339,0.02235082,0.01621116,0.02686325,0.02434695,0.01646645,0.02930678
2022-04-20,-0.01682819,-0.00053737,0.00195690,-0.00513622,1.13054862,-0.01006211,-0.01425155,-0.01458442,-0.00069652,-0.01490540,-0.01694085,-0.00483308,-0.02098071
2022-04-21,0.02117941,0.01621074,0.02227804,0.01988940,1.15303455,-0.02223634,-0.03418014,-0.02069107,-0.01490692,-0.03111104,-0.03198239,-0.02320863,-0.04734940
2022-04-22,0.01260262,0.01133320,0.01213850,0.01202477,1.16689953,-0.02647066,-0.02504153,-0.02618584,-0.02777714,-0.02544898,-0.02665191,-0.02506237,-0.02341030
2022-04-25,0.00621261,-0.00175682,0.00446476,0.00297351,1.17036932,0.01242869,0.01840924,0.01284573,0.00596300,0.01847734,0.01807061,0.01140038,0.02575673
2022-04-26,0.00622251,0.00664213,-0.01109672,0.00058931,1.17105902,-0.03418747,-0.02759591,-0.03774501,-0.02779463,-0.03702277,-0.03154487,-0.02169880,-0.02954406
2022-04-27,-0.00946128,-0.00489545,-0.01507538,-0.00981071,1.15957011,0.00019983,-0.00187535,-0.00119821,0.00146427,0.00033344,-0.00151305,-0.00009587,-0.00401713
2022-04-28,0.01559356,0.01050365,0.01219053,0.01276258,1.17436921,0.03373449,0.01677949,0.03551585,0.02528763,0.04040000,0.01913935,0.01292950,0.01826961
2022-04-29,0.02018966,0.01589979,0.02301871,0.01970272,1.19750748,-0.03987278,-0.02897030,-0.04499863,-0.03562829,-0.03899141,-0.03228298,-0.02615737,-0.02847056
2022-05-02,-0.00817796,-0.00364760,-0.01109172,-0.00763909,1.18835961,0.01356026,0.01492872,0.01669593,0.00511503,0.01886981,0.01806093,0.00618827,0.02053697
2022-05-03,-0.01084889,-0.00152297,-0.01041951,-0.00759712,1.17933150,-0.00100365,-0.00043868,0.00106757,0.00400367,-0.00808220,0.00100471,0.00306017,-0.00538093
2022-05-04,0.03582188,0.02850641,0.04278023,0.03570284,1.22143698,0.03149949,0.02912645,0.03381218,0.03043624,0.03025005,0.03222574,0.02845977,0.02669384
2022-05-05,-0.00032781,-0.00386212,-0.00398233,-0.00272409,1.21810968,-0.04745338,-0.03425513,-0.05036408,-0.03522555,-0.05677052,-0.03742658,-0.02522671,-0.04011209
2022-05-06,-0.00039406,-0.00481572,0.00242320,-0.00092886,1.21697823,-0.01665041,-0.00759243,-0.01198083,-0.00599265,-0.03197773,-0.00546712,0.00063245,-0.01794262
2022-05-09,0.00000000,-0.01034093,0.00002234,-0.00343953,1.21279240,-0.04162044,-0.02324539,-0.03912692,-0.03186989,-0.05386450,-0.02085805,-0.01690941,-0.03196871
2022-05-10,-0.00049450,-0.00585591,0.01145933,0.00170297,1.21485775,0.00909319,-0.01249219,0.01214875,0.00208412,0.01304670,-0.01231487,-0.01337487,-0.01178682
2022-05-11,0.01889500,0.01524479,0.02164134,0.01859371,1.23744646,-0.02638410,-0.01955814,-0.02985769,-0.01603688,-0.03325772,-0.02231604,-0.01354033,-0.02281805
2022-05-12,-0.01486322,-0.01232371,-0.01392571,-0.01370421,1.22048823,0.00203218,0.01636135,-0.00215916,-0.00078945,0.00904515,0.01287180,0.00770475,0.02850750
2022-05-13,-0.01789647,-0.01144790,-0.00431013,-0.01121817,1.20679659,0.03657145,0.02040295,0.03705993,0.02337080,0.04928362,0.02103341,0.01217514,0.02800029
2022-05-16,-0.01219397,-0.00576978,-0.01150944,-0.00982440,1.19494054,-0.01283910,-0.00724686,-0.01159171,-0.00326244,-0.02366314,-0.00569715,0.00062503,-0.01666847
2022-05-17,0.00048636,0.00422848,0.00426372,0.00299286,1.19851682,0.02114280,0.00185667,0.02590135,0.02006346,0.01746357,0.00564953,0.00425553,-0.00433505
2022-05-18,0.01442127,0.00545215,0.00985230,0.00990857,1.21039241,-0.04261591,-0.02986392,-0.04909037,-0.03906824,-0.03968911,-0.03448962,-0.02773234,-0.02736980
2022-05-19,-0.02768340,-0.00920947,-0.01350184,-0.01679824,1.19005996,0.00148228,0.00792969,-0.00535825,-0.00746858,0.01727368,0.00100245,0.00195564,0.02083098
2022-05-20,-0.00888098,-0.00915503,-0.01432524,-0.01078708,1.17722268,0.00331535,-0.01034494,-0.00310795,0.00089886,0.01215514,-0.01518098,-0.00895105,-0.00690278
2022-05-23,0.00339060,-0.01225608,-0.00574316,-0.00486954,1.17149014,0.01529679,0.00796797,0.01662741,0.01878223,0.01048073,0.01287317,0.01074256,0.00028819
2022-05-24,0.00081063,0.00562093,-0.01589949,-0.00315598,1.16779295,-0.02126960,-0.00455925,-0.02126210,-0.00775721,-0.03478950,-0.00307158,0.00359181,-0.01419796
2022-05-25,-0.01316980,-0.00902844,0.00916117,-0.00434569,1.16271808,0.01756731,0.02217626,0.01399527,0.00878239,0.02992426,0.01942529,0.01305090,0.03405260
2022-05-26,0.00120425,0.00041710,0.00124493,0.00095543,1.16382897,0.02304417,0.02403039,0.02770720,0.01997836,0.02144694,0.03060873,0.01680588,0.02467655
2022-05-27,0.00555928,0.00575988,0.00348242,0.00493386,1.16957114,0.03043538,0.02183122,0.03263956,0.02429879,0.03436780,0.02168308,0.01792062,0.02588997
2022-05-31,-0.00734265,-0.00435625,0.00352900,-0.00272330,1.16638605,-0.00915700,-0.00620939,-0.00265286,-0.00503348,-0.01978467,-0.00255606,-0.00101560,-0.01505650
2022-06-01,-0.00745342,-0.01168385,-0.00573868,-0.00829198,1.15671440,-0.00341643,-0.01381485,-0.00739587,-0.00852032,0.00566691,-0.01439753,-0.01339210,-0.01365492
2022-06-02,0.01563301,0.01209777,0.01137275,0.01303451,1.17179160,0.03072396,0.03357365,0.02738562,0.01887161,0.04591464,0.03126128,0.01934444,0.05011525
2022-06-03,-0.00308222,-0.00507663,-0.00361670,-0.00392518,1.16719210,-0.02181948,-0.00632803,-0.02601947,-0.01612594,-0.02331305,-0.00915769,-0.00434045,-0.00548595
2022-06-06,-0.00911263,-0.00066161,-0.00915966,-0.00631130,1.15982560,0.00210236,-0.01071775,0.00333116,0.00287377,0.00010215,-0.01135961,-0.00720864,-0.01358499
2022-06-07,0.00063977,0.00490439,0.00326242,0.00293552,1.16323030,0.01130976,0.02211566,0.00862574,0.00896088,0.01634265,0.01994668,0.01808380,0.02831651
2022-06-08,-0.00039507,0.00096576,-0.00202457,-0.00048463,1.16266656,-0.00802096,-0.00391001,-0.00719657,-0.01013286,-0.00673344,-0.00456237,-0.00642621,-0.00074144
2022-06-09,0.01838590,0.01408782,0.01528831,0.01592067,1.18117700,-0.02501491,-0.01898699,-0.02678455,-0.02370705,-0.02455312,-0.02128077,-0.01910392,-0.01657628
2022-06-10,-0.00433736,-0.00831498,0.00000000,-0.00421745,1.17619545,-0.03608992,-0.01498236,-0.03527054,-0.02891512,-0.04408409,-0.01638004,-0.01258610,-0.01598092
2022-06-13,-0.01281210,0.00296422,-0.00793067,-0.00592618,1.16922510,-0.04729258,-0.01716805,-0.04649633,-0.03852171,-0.05685970,-0.01551385,-0.01305779,-0.02293251
2022-06-14,-0.00376454,-0.00484816,-0.01427437,-0.00762903,1.16030505,0.00164745,-0.00774049,0.00181548,-0.00258743,0.00571429,-0.00630267,-0.00777498,-0.00914381
2022-06-15,-0.02807668,-0.01625004,0.00529061,-0.01301204,1.14520712,0.02177966,0.01002084,0.02497191,0.01382649,0.02654057,0.01211460,0.00458448,0.01336345
2022-06-16,-0.00384268,-0.00290617,-0.00492601,-0.00389162,1.14075040,-0.03904715,-0.01313885,-0.04034653,-0.03236698,-0.04442793,-0.01524003,-0.00995925,-0.01421728
2022-06-17,-0.01103431,-0.00711241,-0.00103803,-0.00639492,1.13345540,0.00970128,0.01012498,0.01215962,-0.00272613,0.01967035,0.00922184,0.00084813,0.02030496
2022-06-21,0.00001342,-0.00323111,0.00274853,-0.00015639,1.13327814,0.02223324,0.00740759,0.02326259,0.02498497,0.01845215,0.00835874,0.00825513,0.00560888
2022-06-22,-0.00903088,-0.00717674,0.00119103,-0.00500553,1.12760548,-0.00037794,0.01096091,-0.00145866,-0.00154683,0.00187168,0.00771937,0.01014516,0.01501820
2022-06-23,-0.00346710,0.00353492,0.00904140,0.00303641,1.13102936,0.02027717,0.01210279,0.01489293,0.00950905,0.03642953,0.00579076,0.00345157,0.02706605
2022-06-24,0.00735814,0.00578524,0.00922343,0.00745560,1.13946186,0.03622075,0.02483167,0.03426365,0.03175107,0.04264754,0.02387572,0.02239119,0.02822810
2022-06-27,-0.00040521,0.00000000,0.00000000,-0.00013507,1.13930796,-0.00972120,-0.01195767,-0.00733173,-0.00333385,-0.01849803,-0.01199324,-0.00616289,-0.01771688
2022-06-28,0.01175247,0.00975788,0.01172843,0.01107959,1.15193102,-0.02924154,-0.03117892,-0.03046675,-0.02019864,-0.03705922,-0.03228669,-0.02419086,-0.03705922
2022-06-29,-0.01119919,-0.00759567,-0.00772763,-0.00884083,1.14174700,0.00075255,-0.00033281,0.00091698,-0.00154941,0.00289007,0.00141143,-0.00270178,0.00029191
2022-06-30,-0.00360101,-0.00353344,-0.00696159,-0.00469868,1.13638229,-0.01195707,-0.00007949,-0.01240310,-0.00694371,-0.01652440,-0.00167409,0.00350840,-0.00207277
2022-07-01,0.00762310,0.00869383,0.00615329,0.00749007,1.14489388,0.01083434,0.01386896,0.00660054,0.00950842,0.01639405,0.01139989,0.01218929,0.01801768
2022-07-05,0.01465359,0.01381758,0.01302761,0.01383292,1.16073111,0.01503059,0.02960006,0.01711977,0.00209891,0.02587308,0.03108045,0.01614877,0.04157095
2022-07-06,-0.00351309,-0.00123567,-0.01328254,-0.00601043,1.15375461,0.00377235,0.00156986,0.00641204,0.00348213,0.00142288,0.00504611,0.00306195,-0.00339847
2022-07-07,0.00388469,0.00088130,0.00334690,0.00270430,1.15687471,0.01867013,0.01499517,0.02139889,0.01450637,0.02010514,0.01847184,0.00965933,0.01685433
2022-07-08,-0.01162692,-0.00996931,-0.00884991,-0.01014871,1.14513393,-0.00105979,0.00830794,0.00125432,-0.00095155,-0.00348214,0.01119556,0.00309861,0.01062966
2022-07-11,-0.00560926,-0.00396392,-0.00747375,-0.00568231,1.13862692,-0.01641620,-0.00810724,-0.02136448,-0.01065719,-0.01722692,-0.01311117,-0.00393935,-0.00727119
2022-07-12,0.00666975,0.00621745,0.00647620,0.00645447,1.14597615,-0.01862701,-0.01991857,-0.00968724,-0.00900268,-0.03719111,-0.01405346,-0.00724619,-0.03845608
2022-07-13,-0.00801521,-0.00748454,0.00000000,-0.00516659,1.14005536,-0.00552006,0.01288494,-0.00206121,-0.00530365,-0.00919532,0.01799715,0.00999733,0.01066034
2022-07-14,0.00824268,0.00621794,-0.00383364,0.00354233,1.14409381,-0.00251034,0.00772948,0.00357080,-0.00245480,-0.00864704,0.01300399,0.01153609,-0.00135166
2022-07-15,0.00000000,0.00000000,0.00029540,0.00009847,1.14420647,0.02060236,0.00897209,0.01813932,0.01862828,0.02503948,0.00738619,0.00629983,0.01323027
2022-07-18,0.01188439,0.01276655,-0.00005833,0.00819753,1.15358614,-0.00728867,-0.01712330,-0.00846267,-0.00735141,-0.00605194,-0.01805103,-0.01609249,-0.01722637
2022-07-19,0.00639704,0.00464330,0.00749842,0.00617959,1.16071483,0.02858446,0.01652355,0.03075328,0.02614294,0.02885715,0.01770666,0.01564443,0.01621957
2022-07-20,-0.01125052,-0.01014526,-0.01338254,-0.01159277,1.14725892,0.01868285,0.01639534,0.01568890,0.00686014,0.03349952,0.01422689,0.00596224,0.02899689
2022-07-21,0.00513115,0.00552509,0.00607787,0.00557804,1.15365838,0.01417643,0.01435254,0.01452241,0.01003014,0.01797675,0.01278418,0.01169576,0.01857768
2022-07-22,0.00138693,0.00174508,-0.00004337,0.00102955,1.15484613,-0.01582204,-0.01380310,-0.01753530,-0.00920330,-0.02072751,-0.01448944,-0.00957585,-0.01734401
2022-07-25,-0.00258687,-0.00327989,-0.00293885,-0.00293521,1.15145642,-0.00545699,-0.00591210,-0.00569555,0.00154391,-0.01221932,-0.00579432,-0.00010107,-0.01184091
2022-07-26,0.00261165,-0.00150565,0.00651941,0.00254180,1.15438320,-0.02074248,-0.01678321,-0.01964898,-0.01159940,-0.03097907,-0.01393495,-0.00690636,-0.02950831
2022-07-27,0.01270855,0.00184995,0.01255213,0.00903688,1.16481521,0.03660697,0.02191109,0.04225974,0.02482614,0.04273504,0.02598315,0.01640633,0.02334380
2022-07-28,0.00487713,0.00425280,0.00045102,0.00319365,1.16853523,0.01380060,0.01381604,0.00977804,0.01299803,0.01862574,0.01050263,0.01032621,0.02061928
2022-07-29,0.00382616,0.00245271,0.00813134,0.00480341,1.17414817,0.01469594,0.01138991,0.01823698,0.01465373,0.01119710,0.01308669,0.01081996,0.01026308
2022-08-01,-0.00212109,-0.00178486,-0.00186355,-0.00192317,1.17189009,-0.00148452,0.00627789,-0.00060230,-0.00293696,-0.00091429,0.00516499,0.00398387,0.00968482
2022-08-02,-0.00700951,-0.00471917,-0.00502131,-0.00558333,1.16534704,-0.00257441,0.00456236,-0.00298157,-0.00640245,0.00166079,0.00450594,-0.00237094,0.01155209
2022-08-03,0.00481121,0.00270508,0.00335357,0.00362328,1.16956942,0.02475705,0.01786908,0.02723253,0.01499449,0.03204412,0.02164215,0.00967585,0.02228926
2022-08-04,-0.00050817,-0.00140546,0.00592487,0.00133708,1.17113323,0.00215705,0.00406470,0.00467652,0.00002414,0.00177049,0.00442766,-0.00021720,0.00798364
2022-08-05,-0.00079017,0.00041643,-0.00082029,-0.00039801,1.17066711,-0.00276392,0.01264208,-0.00816893,-0.00202110,0.00189828,0.00802030,0.00923375,0.02067218
2022-08-08,0.00163629,0.00158835,0.00000000,0.00107488,1.17192543,-0.00137227,-0.00490741,-0.00323232,-0.00094983,0.00006533,-0.00613592,-0.00529801,-0.00328830
2022-08-09,-0.00636482,0.00000000,0.00000000,-0.00212161,1.16943907,-0.01009446,-0.00576039,-0.01131864,-0.00387362,-0.01509113,-0.00530163,-0.00186793,-0.01011162
2022-08-10,0.00000000,-0.00406722,-0.00382400,-0.00263041,1.16636297,0.02864465,0.00584512,0.02791094,0.02014826,0.03787477,0.00412828,0.00229237,0.01111470
2022-08-11,0.00189385,0.00127296,0.00417651,0.00244778,1.16921796,-0.00522864,-0.01306164,-0.00567607,0.00133416,-0.01134403,-0.01286913,-0.00635949,-0.01995629
2022-08-12,0.00569122,0.00720811,0.00653562,0.00647831,1.17679252,0.01824662,0.01161756,0.01947050,0.01594099,0.01932836,0.01292251,0.01177641,0.01015375
2022-08-15,0.00338574,0.00178589,0.00017839,0.00178334,1.17889115,0.00614067,0.01077355,0.00808136,0.00437939,0.00596125,0.01104972,0.00966417,0.01160677
2022-08-16,-0.00421997,-0.00073556,-0.00438179,-0.00311244,1.17522192,-0.00208666,0.00117353,-0.00234192,0.00181873,-0.00573680,0.00067760,0.00448881,-0.00164583
2022-08-17,-0.00035219,-0.01003714,-0.01132449,-0.00723794,1.16671573,-0.01166410,-0.00131137,-0.01140604,-0.00700570,-0.01658054,-0.00176254,0.00171398,-0.00388555
2022-08-18,0.00000000,-0.00428005,-0.00290288,-0.00239431,1.16392225,0.00149259,0.00169360,0.00252671,0.00278924,-0.00083817,0.00267933,0.00227241,0.00012907
2022-08-19,0.00000000,-0.00100607,0.00000000,-0.00033536,1.16353192,-0.01836048,-0.01041242,-0.01961618,-0.01329968,-0.02216558,-0.01014808,-0.00668267,-0.01440650
2022-08-22,0.00232257,0.00136959,-0.00210301,0.00052972,1.16414827,-0.02468462,-0.01025238,-0.02632720,-0.02053821,-0.02718844,-0.01299843,-0.00858410,-0.00917462
2022-08-23,-0.00429017,-0.00145786,-0.01148268,-0.00574357,1.15746190,-0.00191832,-0.00114855,-0.00082708,-0.00275715,-0.00217074,-0.00006367,-0.00138048,-0.00200149
2022-08-24,-0.00442893,-0.00808485,0.00162057,-0.00363107,1.15325908,0.00415489,0.00215238,0.00289717,0.00317707,0.00639043,0.00446414,0.00371260,-0.00171960
2022-08-25,0.00788151,0.00625486,0.00957408,0.00790348,1.16237384,0.01337454,0.01049859,0.01768198,0.01399768,0.00844395,0.01183600,0.01009055,0.00956922
2022-08-26,0.01019688,0.00924561,0.00470670,0.00804973,1.17173064,-0.03669939,-0.03651992,-0.04098821,-0.03364089,-0.03546907,-0.04008992,-0.03354873,-0.03592113
2022-08-29,-0.00815177,-0.00526623,-0.00976403,-0.00772734,1.16267627,-0.01042651,-0.00076193,-0.00985558,-0.00673542,-0.01468852,-0.00068938,0.00096967,-0.00256609
2022-08-30,-0.00778943,-0.00694180,-0.00152299,-0.00541807,1.15637680,-0.00787440,-0.01293598,-0.01113630,-0.01040761,-0.00207930,-0.01659588,-0.01349511,-0.00871696
2022-08-31,0.00130140,0.00343169,-0.00469562,0.00001249,1.15639125,-0.00693712,-0.01484207,-0.00581357,-0.00835843,-0.00663936,-0.01552683,-0.01215213,-0.01684726
2022-09-01,0.01347822,0.00855407,0.01040766,0.01081332,1.16889567,-0.00352068,0.00425432,0.00043439,0.00336649,-0.01436291,0.00903208,0.00893380,-0.00520291
2022-09-02,0.01622786,0.01558181,0.01379728,0.01520232,1.18666560,-0.01035855,-0.02117107,-0.01412826,-0.01041877,-0.00652864,-0.02371502,-0.02001099,-0.01978718
2022-09-06,-0.00348666,-0.00331974,-0.00284181,-0.00321607,1.18284920,-0.00637990,-0.00870784,-0.00718230,-0.00407882,-0.00787859,-0.00882771,-0.00625747,-0.01103833
2022-09-07,0.00436974,0.00714438,0.01122256,0.00757889,1.19181388,0.01968750,0.02005216,0.02020133,0.01814831,0.02071287,0.01849833,0.01877417,0.02288397
2022-09-08,-0.00761015,0.00000000,0.00000000,-0.00253672,1.18879059,0.00842212,0.01557356,0.00518447,0.00663717,0.01344472,0.01236315,0.01267103,0.02168649
2022-09-09,0.00025616,0.00014451,0.00093644,0.00044570,1.18932043,0.02181893,0.01376145,0.02172900,0.01528472,0.02844306,0.01393521,0.00938571,0.01796344
2022-09-12,-0.00620761,-0.00432981,-0.00330406,-0.00461382,1.18383312,0.01186114,0.00627809,0.01201759,0.01087277,0.01269306,0.00726094,0.00528402,0.00628931
2022-09-13,0.00238468,0.00216361,-0.00034697,0.00140044,1.18549100,-0.04817712,-0.01958081,-0.05483684,-0.04302331,-0.04667120,-0.02683897,-0.02132743,-0.01057604
2022-09-14,-0.00582208,-0.00396491,-0.00786664,-0.00588455,1.17851493,0.00395506,0.00122184,0.00793327,0.00343310,0.00049882,0.00395096,0.00035516,-0.00064061
2022-09-15,-0.01141904,-0.01777204,-0.00814663,-0.01244590,1.16384725,-0.02008721,-0.01013370,-0.01665372,-0.01137857,-0.03222934,-0.01009964,-0.00722720,-0.01307427
2022-09-16,-0.00246431,-0.00258574,-0.00023282,-0.00176096,1.16179776,-0.01228794,0.00082562,-0.00611474,-0.01194504,-0.01880405,0.00556096,0.00343625,-0.00652036
2022-09-19,0.00121068,0.00176008,0.00600138,0.00299071,1.16527236,0.00597221,0.01655978,0.00597954,0.00788668,0.00405041,0.01730164,0.01632397,0.01605374
2022-09-20,-0.01456432,-0.01293606,-0.01051227,-0.01267089,1.15050733,-0.01118814,-0.00129743,-0.00797114,-0.01091377,-0.01467952,0.00083192,-0.00207760,-0.00264660
2022-09-21,-0.05027313,-0.04410036,-0.05000970,-0.04812773,1.09513602,-0.01646311,-0.02191916,-0.01790600,-0.01772238,-0.01376095,-0.02082254,-0.02242884,-0.02250611
2022-09-22,-0.00795880,-0.00777264,-0.00748541,-0.00773895,1.08666082,-0.01212030,-0.00920730,-0.01230780,-0.00871639,-0.01533672,-0.00684397,-0.00642626,-0.01435167
2022-09-23,-0.00415207,-0.00291235,-0.01003489,-0.00569977,1.08046710,-0.01587881,-0.00593537,-0.01628164,-0.01616955,-0.01518523,-0.00735003,-0.00666523,-0.00379087
2022-09-26,-0.00001780,0.00297261,-0.01032287,-0.00245602,1.07781345,-0.00673658,-0.00486218,-0.00413778,-0.00988835,-0.00618361,-0.00239974,-0.00529462,-0.00689218
2022-09-27,0.00047342,0.00039565,-0.00071616,0.00005097,1.07786839,0.00166112,-0.01171240,0.00040092,-0.00315527,0.00773772,-0.01198661,-0.01277105,-0.01037954
2022-09-28,0.00663355,0.00566399,0.00368939,0.00532897,1.08361232,0.02041746,0.01970962,0.01989216,0.01978972,0.02157049,0.01996648,0.01682310,0.02233929
2022-09-29,-0.00326228,-0.00657985,-0.01052871,-0.00679028,1.07625429,-0.02211561,-0.00916397,-0.02882761,-0.02078217,-0.01673705,-0.01446386,-0.01090483,-0.00212323
2022-09-30,0.01155862,0.01065794,0.01332737,0.01184797,1.08900572,-0.01564111,-0.01412318,-0.01695663,-0.01554533,-0.01442137,-0.01390990,-0.01279713,-0.01566251
2022-10-03,0.00302758,0.00324903,0.00658755,0.00428805,1.09367544,0.02622376,0.01792261,0.02346030,0.02634600,0.02886499,0.01657561,0.01523208,0.02196013
2022-10-04,-0.00327479,-0.00555124,-0.00587047,-0.00489883,1.08831770,0.03319344,0.01445282,0.03144079,0.03052540,0.03761414,0.01125488,0.01441998,0.01768360
2022-10-05,0.01077089,0.00507620,0.01021852,0.00868853,1.09777359,0.00068714,0.01493740,-0.00053167,-0.00137650,0.00396959,0.01329596,0.01033772,0.02117853
2022-10-06,0.00233147,0.00188578,0.00110768,0.00177498,1.09972211,-0.00720276,-0.00281404,-0.00787290,-0.01078860,-0.00294677,-0.00427107,-0.00649593,0.00232488
2022-10-07,0.00688435,0.00408207,0.00638022,0.00578221,1.10608094,-0.03529865,-0.02009885,-0.03810409,-0.02794898,-0.03984287,-0.02152571,-0.01685774,-0.02191311
2022-10-10,-0.01066389,-0.00699590,-0.00788643,-0.00851540,1.09666221,-0.01507153,-0.01630354,-0.00999628,-0.00689180,-0.02832651,-0.01073153,-0.01019343,-0.02798566
2022-10-11,-0.00670480,-0.01341062,-0.01291845,-0.01101129,1.08458655,-0.01279854,-0.00703068,-0.01373822,-0.00713393,-0.01752346,-0.00736683,-0.00154926,-0.01217595
2022-10-12,0.00000000,0.00000000,0.00006506,0.00002169,1.08461007,-0.00090727,-0.00206166,-0.00034253,-0.00299150,0.00061222,-0.00280942,-0.00435547,0.00097991
2022-10-13,0.00586287,0.00787274,0.00000000,0.00457854,1.08957600,0.02111881,0.04982858,0.02345237,0.02599478,0.01390928,0.05353504,0.04775132,0.04819938
2022-10-14,0.00754427,0.00522088,0.01248559,0.00841691,1.09874687,-0.02615102,-0.03557704,-0.03005729,-0.02216574,-0.02623004,-0.03856932,-0.02924976,-0.03891205
2022-10-17,0.00000000,0.00000000,0.00000000,0.00000000,1.09874687,0.03198702,0.00935916,0.03302140,0.02484837,0.03809130,0.00940639,0.00728002,0.01139108
2022-10-18,-0.00747219,-0.01348787,0.00000000,-0.00698669,1.09107026,0.01227602,-0.01443522,0.00790793,0.01172749,0.01719266,-0.01826203,-0.01111615,-0.01392747
2022-10-19,-0.00023697,-0.00087898,0.00039350,-0.00024082,1.09080751,-0.00738348,-0.00104526,-0.00364668,-0.00676623,-0.01173755,0.00207461,-0.00146345,-0.00374694
2022-10-20,0.00852992,0.00869588,0.00531104,0.00751228,1.09900197,-0.00199141,-0.00057440,-0.00510185,-0.00819650,0.00732412,-0.00174345,-0.00706464,0.00708490
2022-10-21,0.00505567,0.00769077,0.01077356,0.00784000,1.10761814,0.02169029,0.02491819,0.02348482,0.02413595,0.01745009,0.02780058,0.02500548,0.02194852
2022-10-24,0.00383851,-0.00041111,0.00218013,0.00186918,1.10968848,0.01064113,0.00715832,0.01096467,0.01234469,0.00861403,0.01001124,0.00792785,0.00353588
2022-10-25,-0.00449034,0.00217134,-0.00503935,-0.00245279,1.10696665,0.02026178,0.01736836,0.02068594,0.01528229,0.02481713,0.01717906,0.01549671,0.01942931
2022-10-26,0.00853814,-0.00295267,-0.00977227,-0.00139560,1.10542177,-0.01546431,0.00223778,-0.02209634,-0.00686320,-0.01743339,-0.00190333,0.00104816,0.00756850
2022-10-27,0.00042262,0.00022086,-0.00448192,-0.00127948,1.10400740,-0.00577503,-0.01065244,-0.01820602,-0.00526150,0.00614244,-0.01416236,-0.00798810,-0.00980686
2022-10-28,0.00627794,0.00468334,0.00476343,0.00524157,1.10979413,0.02400103,0.02598946,0.03060065,0.02344675,0.01795570,0.03302355,0.02382394,0.02112089
2022-10-31,0.00000000,-0.00512433,0.00000000,-0.00170811,1.10789848,-0.00819628,-0.00027577,-0.01162791,-0.00668518,-0.00627576,-0.00347770,-0.00031053,0.00296091
2022-11-01,-0.00009096,-0.00504969,-0.00570044,-0.00361370,1.10389487,-0.00930149,-0.02082053,-0.01021767,-0.00460758,-0.01307922,-0.02268246,-0.01435382,-0.02542529
2022-11-02,0.00447748,-0.01128250,-0.01984609,-0.00888370,1.09408819,-0.03516200,-0.03421152,-0.03427720,-0.02535497,-0.04585384,-0.03417188,-0.02373014,-0.04473255
2022-11-03,0.00000000,-0.00771598,0.00647152,-0.00041482,1.09363434,-0.01818913,-0.00748589,-0.01953478,-0.00995224,-0.02508036,-0.00958138,-0.00109028,-0.01178600
2022-11-04,-0.00132237,-0.00131452,0.00681257,0.00139189,1.09515657,0.00484914,-0.01011987,0.01608507,0.01433730,-0.01587495,-0.00320114,-0.00164456,-0.02551391
2022-11-07,0.00419156,0.00233398,0.00645680,0.00432745,1.09989580,0.01112821,0.00678048,0.01099441,0.00911313,0.01327708,0.00692380,0.00555982,0.00785782
2022-11-08,-0.01645938,-0.01371608,-0.02172181,-0.01729909,1.08086861,0.00875262,0.00540001,0.00728727,0.00558174,0.01338885,0.00148622,0.00215161,0.01256220
2022-11-09,0.00741287,0.00532853,-0.00048839,0.00408434,1.08528324,-0.02181322,-0.01499466,-0.02307635,-0.02037022,-0.02199307,-0.01658201,-0.01521333,-0.01318864
2022-11-10,0.01182620,0.00068123,0.00564862,0.00605202,1.09185140,0.07314054,0.02301308,0.07378855,0.05481759,0.09081549,0.02441941,0.01703389,0.02758594
2022-11-11,0.00468554,0.00157245,-0.00858726,-0.00077642,1.09100366,0.01788470,0.01662618,0.01842617,0.00962854,0.02559940,0.01911099,0.00725499,0.02351257
2022-11-14,-0.00357570,-0.00318305,-0.00383947,-0.00353274,1.08714942,-0.00955891,-0.00210233,-0.00875122,-0.00762937,-0.01229614,-0.00146925,-0.00312610,-0.00171163
2022-11-15,-0.00658711,-0.00727502,-0.00341649,-0.00575954,1.08088794,0.01486213,-0.00700312,0.01383828,0.00771332,0.02303478,-0.00965059,-0.00668079,-0.00467798
2022-11-16,-0.00545260,-0.00070600,-0.00633724,-0.00416528,1.07638574,-0.01397805,-0.00845114,-0.01364940,-0.00755389,-0.02073086,-0.00678520,-0.00332678,-0.01524145
2022-11-17,-0.00864751,-0.00248951,-0.00483376,-0.00532359,1.07065550,-0.00887023,0.00813182,-0.00220712,-0.00308501,-0.02131855,0.01399174,0.00968089,0.00072282
2022-11-18,-0.00461634,-0.00405895,0.00087038,-0.00260163,1.06787004,0.00005525,-0.01308446,0.00003511,0.00461648,-0.00448584,-0.01066380,-0.00422386,-0.02436571
2022-11-21,-0.00923620,-0.00308435,-0.01143411,-0.00791822,1.05941441,-0.00870996,-0.00363395,-0.01028720,-0.00366106,-0.01218162,-0.00532816,-0.00007602,-0.00549767
2022-11-22,0.00801522,0.00361389,0.01004480,0.00722464,1.06706830,0.01512542,0.01150781,0.01440278,0.01315223,0.01782125,0.01171101,0.00799234,0.01482010
2022-11-23,-0.00818267,-0.00439643,-0.01227989,-0.00828633,1.05822621,0.01036685,0.01229635,0.01003672,0.00640320,0.01466064,0.00996608,0.00703291,0.01989005
2022-11-25,0.00000000,0.00000000,0.00000000,0.00000000,1.05822621,-0.00294986,0.00048088,-0.00657849,0.00004971,-0.00232079,-0.00094014,0.00136874,0.00101405
2022-11-28,0.00371093,0.00495024,0.00185284,0.00350467,1.06193495,-0.01521211,-0.00881232,-0.01467308,-0.01588051,-0.01508273,-0.00768691,-0.00776767,-0.01098239
2022-11-29,0.00000000,-0.00128679,-0.00502234,-0.00210305,1.05970165,-0.00576602,-0.00582055,-0.00756959,-0.00191924,-0.00780923,-0.00837633,-0.00207045,-0.00701487
2022-11-30,0.03112361,0.02318550,0.03007662,0.02812857,1.08950954,0.04010416,0.04177508,0.04558577,0.03084280,0.04388390,0.04458054,0.03016511,0.05057960
2022-12-01,-0.00213686,0.00000000,0.00646447,0.00144253,1.09108120,0.00405426,0.00225659,0.00122716,-0.00017181,0.01110743,0.00010215,-0.00347384,0.01014147
2022-12-02,0.00398769,0.00243437,-0.00089838,0.00184123,1.09309013,-0.00544755,0.01186325,-0.00398339,-0.00130109,-0.01105816,0.01389755,0.01136109,0.01033112
2022-12-05,0.00312640,0.00274308,0.01217689,0.00601546,1.09966557,-0.02381160,-0.01678877,-0.01678346,-0.01735411,-0.03729724,-0.00943591,-0.01037257,-0.03055782
2022-12-06,0.00100559,-0.00091153,-0.00043325,-0.00011306,1.09954124,-0.01753111,-0.01761987,-0.02072034,-0.01490895,-0.01696405,-0.02017532,-0.01407040,-0.01861388
2022-12-07,0.00000000,0.00000000,0.00000000,0.00000000,1.09954124,-0.00363866,-0.00137497,-0.00408265,-0.00162519,-0.00520813,0.00021393,0.00055988,-0.00489872
2022-12-08,-0.00086892,-0.00078008,-0.00310809,-0.00158569,1.09779770,0.01261149,0.00690700,0.01183474,0.00791027,0.01808947,0.00688163,0.00285975,0.01097963
2022-12-09,0.00645657,0.00654345,0.00417670,0.00572557,1.10408322,-0.00624806,-0.00249049,-0.00637661,-0.00757060,-0.00479699,-0.00272268,-0.00422849,-0.00052030
2022-12-12,0.00578845,0.00519382,0.00000000,0.00366076,1.10812500,0.01690368,0.01540284,0.01255141,0.01429044,0.02386920,0.01190561,0.01212859,0.02217431
2022-12-13,-0.00054520,-0.00134237,0.00020598,-0.00056053,1.10750386,0.01153034,-0.02547936,0.01075005,0.00757101,0.01626996,-0.02696781,-0.02025742,-0.02921284
2022-12-14,-0.00293182,-0.01204717,-0.00191171,-0.00563023,1.10126836,-0.00528606,-0.00383094,-0.00741382,-0.00629494,-0.00214942,-0.00534629,-0.00555265,-0.00059387
2022-12-15,-0.00527311,-0.00688368,-0.00277851,-0.00497843,1.09578577,-0.03091681,-0.01547274,-0.03357649,-0.02433772,-0.03483622,-0.01926823,-0.01176769,-0.01538228
2022-12-16,-0.00513735,-0.00299817,-0.00163250,-0.00325601,1.09221788,-0.01112422,-0.00583515,-0.00953447,-0.01629626,-0.00754194,-0.00706010,-0.00485487,-0.00559047
2022-12-19,0.00109619,0.00213651,-0.00043617,0.00093217,1.09323602,-0.01325451,-0.01286744,-0.01640839,-0.00858313,-0.01477202,-0.01504363,-0.00899679,-0.01456188
2022-12-20,0.00000000,-0.00308328,0.00000000,-0.00102776,1.09211243,0.00182724,0.00687087,-0.00077850,0.00102626,0.00523395,0.00364909,0.00311157,0.01385195
2022-12-21,-0.00400623,-0.00265402,-0.00648925,-0.00438317,1.08732552,0.01381322,0.00908551,0.01471025,0.01514156,0.01158785,0.01073540,0.00761905,0.00890208
2022-12-22,-0.00095463,0.00957198,0.00786806,0.00549514,1.09330052,-0.01914621,-0.00805215,-0.02466134,-0.01362094,-0.01915635,-0.01338856,-0.00558674,-0.00518114
2022-12-23,0.00017417,0.00068882,0.00155987,0.00080762,1.09418349,0.00227423,0.00660770,0.00224921,0.00514557,-0.00057210,0.00711945,0.00848150,0.00422217
2022-12-27,0.00252418,-0.00101333,-0.00191103,-0.00013340,1.09403753,-0.00799976,-0.00537169,-0.01413824,-0.00368271,-0.00617832,-0.01184674,-0.00347449,-0.00079384
2022-12-28,-0.01606670,-0.00334559,-0.01340251,-0.01093827,1.08207066,-0.01216253,-0.01172108,-0.01320282,-0.01232108,-0.01096369,-0.01166546,-0.01198437,-0.01151342
2022-12-29,-0.00124979,-0.00051292,-0.00183743,-0.00120005,1.08077212,0.02381788,0.01525343,0.02437524,0.01751778,0.02956061,0.01323395,0.00982536,0.02270098
2022-12-30,0.00000000,-0.00481303,-0.00628407,-0.00369903,1.07677431,-0.00168946,0.00857551,-0.00060051,-0.00255634,-0.00191152,0.01009028,0.00457125,0.01106501
2023-01-03,-0.00135986,-0.00478982,-0.00321486,-0.00312151,1.07341314,-0.00290523,-0.01068742,-0.00675980,-0.00402741,0.00207153,-0.01552205,-0.00918386,-0.00735636
2023-01-04,-0.01350140,-0.00564449,-0.00607928,-0.00840839,1.06438746,0.00637503,-0.00228364,0.00476407,0.00745720,0.00690381,-0.00337534,0.00130487,-0.00478045
2023-01-05,0.00011338,-0.00356161,-0.00908881,-0.00417901,1.05993938,-0.01956691,-0.01184024,-0.01565440,-0.01089450,-0.03215185,-0.00931677,-0.00581578,-0.02038816
2023-01-06,0.00835471,0.00396818,-0.00094874,0.00379138,1.06395801,0.02151526,0.01389066,0.02760150,0.02205534,0.01488893,0.02069489,0.01374768,0.00722939
2023-01-09,0.00866577,0.00605032,-0.00114397,0.00452404,1.06877140,0.00909305,0.00100347,0.00647321,0.00018047,0.02062547,-0.00107078,-0.00622486,0.01030606
2023-01-10,0.00189359,0.00163406,0.00350004,0.00234256,1.07127507,0.00540760,0.01003184,0.00846455,0.00675362,0.00100464,0.01239378,0.00854745,0.00915430
2023-01-11,0.00640066,0.00539369,0.00499401,0.00559612,1.07727005,0.01530984,0.01190998,0.01730015,0.01264850,0.01598085,0.01325204,0.00833695,0.01414095
2023-01-12,-0.00095199,-0.00045182,0.00502525,0.00120715,1.07857047,0.00572104,0.00233274,0.00540443,0.00381795,0.00794073,0.00334388,0.00085714,0.00279720
2023-01-13,0.00394567,0.00450134,0.00330811,0.00391838,1.08279672,0.00452469,0.01457027,0.00688049,0.00390418,0.00278940,0.01616637,0.01255018,0.01499428
2023-01-17,-0.00149476,-0.00233198,0.00009979,-0.00124232,1.08145154,0.00120175,0.00271779,0.00202869,-0.00180650,0.00338308,0.00274246,-0.00160610,0.00701701
2023-01-18,0.00417119,0.00702543,0.00572095,0.00563919,1.08755006,-0.01374080,-0.01815930,-0.01299993,-0.01570983,-0.01251264,-0.01847338,-0.01859603,-0.01740848
2023-01-19,-0.01456996,-0.00574019,-0.01295978,-0.01108998,1.07548915,-0.00818767,-0.00084654,-0.00982438,-0.00722695,-0.00751167,-0.00387372,-0.00154099,0.00287511
2023-01-20,0.00843484,0.00709295,0.00722842,0.00758540,1.08364717,0.02561873,0.02037282,0.02736689,0.01787735,0.03161194,0.02127967,0.01438093,0.02545786
2023-01-23,-0.00849543,-0.00588657,0.00000000,-0.00479400,1.07845216,0.01931244,0.01468609,0.02221593,0.01215537,0.02356603,0.01911547,0.00957854,0.01536426
2023-01-24,0.00000000,-0.00361706,0.00000000,-0.00120569,1.07715189,-0.00316597,0.00107544,-0.00204181,-0.00104864,-0.00640747,0.00368939,0.00305856,-0.00352164
2023-01-25,0.00909564,0.00786908,0.01251390,0.00982621,1.08773621,-0.00104851,0.01460610,-0.00221937,0.00074981,-0.00167596,0.01395496,0.01123879,0.01862454
2023-01-26,0.00593960,0.00376904,0.00860218,0.00610361,1.09437532,0.01834343,0.00762033,0.01949745,0.01078921,0.02474362,0.00727972,0.00394414,0.01163712
2023-01-27,0.00216839,-0.00350430,0.00001302,-0.00044097,1.09389274,0.00578723,0.00961543,0.00995432,0.00242143,0.00498593,0.01458904,0.00506621,0.00919104
2023-01-30,0.00000000,0.00166813,0.00070051,0.00078955,1.09475642,-0.01652483,-0.00662432,-0.02021873,-0.01227508,-0.01708069,-0.00908067,-0.00516385,-0.00562845
2023-01-31,0.00457457,0.00648681,0.00597328,0.00567822,1.10097269,0.01531484,0.01393593,0.01498605,0.01437413,0.01658435,0.01484620,0.01333732,0.01362427
2023-02-01,0.01841756,0.01297088,0.02900718,0.02013187,1.12313733,0.02015859,0.02095860,0.02138348,0.01057863,0.02851367,0.02211202,0.01374346,0.02702033
2023-02-02,-0.01240722,-0.01107047,-0.01163047,-0.01170272,1.10999357,0.02510834,0.00804885,0.03588994,0.01443595,0.02499914,0.01349286,0.00445934,0.00619436
2023-02-03,0.00818812,0.00407412,0.00674110,0.00633445,1.11702477,-0.01867413,0.00069558,-0.01777236,-0.01046291,-0.02778712,0.00406637,0.00184650,-0.00382613
2023-02-06,-0.00138722,-0.00348835,-0.00093868,-0.00193808,1.11485988,-0.01002286,-0.00065002,-0.00845908,-0.00603856,-0.01557093,0.00026358,0.00017082,-0.00238446
2023-02-07,-0.01927299,-0.01422252,-0.01887587,-0.01745713,1.09539763,0.01890886,0.01886801,0.02071873,0.01280925,0.02319859,0.02115600,0.01526157,0.02018644
2023-02-08,-0.00174656,-0.00083357,0.00031914,-0.00075367,1.09457207,-0.01216960,-0.00958713,-0.01778108,-0.01079232,-0.00793542,-0.01351527,-0.00605136,-0.00919477
2023-02-09,0.00762740,0.00667956,0.00801419,0.00744038,1.10271610,-0.00607354,-0.01922599,-0.00883793,-0.00862090,-0.00076180,-0.02318353,-0.01766367,-0.01683077
2023-02-10,-0.00506251,0.00092870,-0.00550391,-0.00321258,1.09917354,-0.00587010,0.00185855,-0.00656325,0.00225994,-0.01330700,0.00073461,0.00529739,-0.00045636
2023-02-13,-0.00641911,-0.00496647,-0.00936493,-0.00691683,1.09157074,0.01433854,0.01048870,0.01601602,0.01186245,0.01513715,0.01119118,0.01010472,0.01017020
2023-02-14,0.00346456,-0.00947058,0.00000000,-0.00200201,1.08938541,0.00601848,0.00953974,0.00738916,-0.00050866,0.01117492,0.01274390,0.00340434,0.01247099
2023-02-15,0.00536297,0.00382522,0.00517689,0.00478836,1.09460178,0.00730471,0.01312230,0.00766096,0.00344126,0.01081192,0.01377501,0.00904106,0.01655082
2023-02-16,-0.00740171,-0.00446184,0.00607738,-0.00192873,1.09249059,-0.01916698,-0.00240651,-0.01876415,-0.01395933,-0.02477744,-0.00354820,-0.00124758,-0.00242374
2023-02-17,0.00373393,0.00277978,-0.00728717,-0.00025782,1.09220893,-0.00705574,0.00023713,-0.00705572,-0.00244930,-0.01166221,0.00029893,0.00300448,-0.00259203
2023-02-21,0.00190419,0.00224957,-0.00433090,-0.00005904,1.09214444,-0.02137259,-0.00830925,-0.02367512,-0.02010902,-0.02033363,-0.01086591,-0.00984965,-0.00421218
2023-02-22,-0.00485055,-0.00679241,-0.00593390,-0.00585896,1.08574561,0.00329460,0.00035965,0.00074822,-0.00115262,0.01028821,-0.00125585,-0.00222767,0.00456247
2023-02-23,0.00365743,-0.00304467,0.00540990,0.00200756,1.08792531,0.00752532,-0.00231961,0.00873407,0.00504227,0.00879963,-0.00385945,-0.00229106,-0.00080832
2023-02-24,-0.00085060,-0.00123329,-0.00124073,-0.00110821,1.08671966,-0.01610167,0.00189693,-0.01674415,-0.01063299,-0.02092786,0.00030847,0.00242780,0.00295453
2023-02-27,-0.00501323,-0.00254730,-0.00037948,-0.00264667,1.08384347,0.00385408,-0.00554561,0.00716121,0.00343105,0.00096997,-0.00382960,-0.00532673,-0.00748050
2023-02-28,-0.00126823,0.00011172,-0.00413440,-0.00176364,1.08193196,-0.00123458,0.00069862,-0.00129278,-0.00359531,0.00118437,0.00088646,-0.00231604,0.00352543
2023-03-01,-0.00160995,-0.00200171,-0.00230046,-0.00197071,1.07979979,-0.00665518,-0.00427607,-0.00803924,-0.00386061,-0.00806567,-0.00702448,-0.00159328,-0.00421045
2023-03-02,0.00946300,0.00694177,0.00694260,0.00778246,1.08820329,0.01329039,0.01492591,0.00827610,0.00734586,0.02424921,0.01714820,0.01273301,0.01489651
2023-03-03,0.00351772,0.00522383,0.00331121,0.00401759,1.09257524,0.01844364,0.01243608,0.02067368,0.01616878,0.01848846,0.01452317,0.01100798,0.01177708
2023-03-06,0.00727651,0.00320027,0.00794797,0.00614158,1.09928538,0.00049037,-0.00341475,0.00113454,0.00089085,-0.00055429,-0.00305709,-0.00143192,-0.00575525
2023-03-07,0.00168616,0.00297826,0.00067452,0.00177965,1.10124172,-0.01248453,-0.01201769,-0.01226585,-0.01520508,-0.00998267,-0.01243043,-0.01508333,-0.00853929
2023-03-08,-0.01336914,-0.00481155,-0.01178205,-0.00998758,1.09024299,0.00292875,0.00288845,0.00499426,0.00148122,0.00231076,0.00353809,0.00130525,0.00382201
2023-03-09,0.02007016,0.01859228,0.02099993,0.01988746,1.11192515,-0.01944032,-0.02100939,-0.01732590,-0.01832494,-0.02267011,-0.01900580,-0.02036324,-0.02365914
2023-03-10,0.00462842,0.00441531,0.00462509,0.00455627,1.11699138,-0.01838834,-0.01579003,-0.01404360,-0.01417263,-0.02694878,-0.01461599,-0.01263459,-0.02011949
2023-03-13,0.00000000,0.00000000,0.00000000,0.00000000,1.11699138,0.00385699,0.01267820,0.00741639,-0.00194275,0.00609734,0.01381090,0.00914067,0.01508301
2023-03-14,-0.01097028,-0.00094085,-0.00590895,-0.00594003,1.11035642,0.02075559,0.00742069,0.02297981,0.01668829,0.02259866,0.01039720,0.00314981,0.00871507
2023-03-15,0.00285349,-0.01139384,0.00245414,-0.00202874,1.10810380,-0.00097362,0.01073865,0.00524599,-0.00620325,-0.00196358,0.01431916,0.00883672,0.00906006
2023-03-16,0.00619638,0.00615276,0.00543725,0.00592880,1.11467352,0.02368310,0.02628897,0.02636069,0.01728744,0.02740118,0.02956376,0.02380952,0.02549363
2023-03-17,-0.00576525,-0.00362043,0.00000000,-0.00312856,1.11118619,-0.00776108,-0.00581337,-0.00472605,-0.01479686,-0.00376031,-0.00443401,-0.00775647,-0.00524962
2023-03-20,0.00000000,0.00000000,0.00197034,0.00065678,1.11191600,0.00385951,0.00507357,0.00199764,0.00902171,0.00055919,0.00562019,0.00739509,0.00220542
2023-03-21,0.00644958,0.00284288,0.00587357,0.00505534,1.11753712,0.01525088,0.00805451,0.01428245,0.01313216,0.01833805,0.00779373,0.00407814,0.01229167
2023-03-22,-0.01838532,-0.02002239,-0.02533257,-0.02124676,1.09379308,-0.01693096,-0.01709683,-0.01359799,-0.01692323,-0.02027166,-0.01337545,-0.01660271,-0.02131232
2023-03-23,0.00592847,0.00894888,0.00668356,0.00718697,1.10165414,0.00991647,-0.00081343,0.01185809,0.00262681,0.01526450,-0.00054853,-0.00493558,0.00304382
2023-03-24,0.00234757,0.00633728,0.00362891,0.00410458,1.10617597,0.00456981,0.00671331,0.00368039,0.00651168,0.00351736,0.00507565,0.00984838,0.00521589
2023-03-27,-0.00979824,-0.00158525,-0.00398071,-0.00512140,1.10051080,-0.00130901,-0.00428835,-0.00685130,0.00199646,0.00092780,-0.00911425,-0.00409424,0.00034343
2023-03-28,-0.00363992,-0.00353515,-0.00272534,-0.00330014,1.09687896,-0.00377757,-0.00228673,-0.00531157,-0.00224470,-0.00377644,-0.00340721,-0.00042954,-0.00302343
2023-03-29,0.00209163,0.00244861,0.00149589,0.00201204,1.09908593,0.01677139,0.00629600,0.01823392,0.01433266,0.01774760,0.00591868,0.00336313,0.00960618
2023-03-30,-0.00264735,-0.00090925,-0.00202137,-0.00185932,1.09704238,0.00742511,0.00003676,0.00946534,0.00610561,0.00670436,0.00139576,-0.00091564,-0.00036985
2023-03-31,0.00657605,0.00537575,0.00657350,0.00617510,1.10381672,0.01851045,0.01726037,0.01663077,0.01404439,0.02485621,0.01589060,0.01168883,0.02420168
2023-04-03,0.00438125,0.00181193,0.00331634,0.00316984,1.10731564,-0.00199276,0.00329655,-0.00243044,0.00363956,-0.00718740,0.00432914,0.00496515,0.00059538
2023-04-04,-0.00167520,-0.00319298,-0.00828595,-0.00438471,1.10246038,-0.00288432,-0.00506691,-0.00337342,-0.00537870,0.00009917,-0.00477230,-0.00716680,-0.00326162
2023-04-05,-0.00202827,0.00078217,0.00282247,0.00052546,1.10303968,-0.00844121,-0.00541731,-0.01006049,-0.00247143,-0.01279170,-0.00704181,-0.00061288,-0.00859722
2023-04-06,0.00393588,0.00335619,0.00590943,0.00440050,1.10789361,0.00473405,0.01014539,0.00693345,0.00375313,0.00351559,0.01212449,0.00594931,0.01236236
2023-04-10,0.00524046,0.00443332,0.00422849,0.00463409,1.11302768,-0.00021352,0.00766339,-0.00056595,0.00102642,-0.00110103,0.00888691,0.00737808,0.00672518
2023-04-11,-0.00278961,-0.00166227,-0.00715463,-0.00386884,1.10872156,-0.00386452,-0.00255309,-0.00641772,0.00026855,-0.00544440,-0.00629267,-0.00131624,-0.00005037
2023-04-12,-0.00222719,0.00029268,-0.00519259,-0.00237570,1.10608757,-0.00488060,-0.01162848,-0.00896590,-0.00392951,-0.00174637,-0.01517117,-0.00912909,-0.01058518
2023-04-13,0.00419914,0.00480717,0.00094835,0.00331822,1.10975782,0.01727873,0.01296144,0.02006433,0.01313371,0.01863814,0.01412953,0.01048438,0.01427040
2023-04-14,-0.00286793,-0.00082815,0.00434301,0.00021564,1.10999713,-0.00319419,0.00262625,-0.00221875,-0.00244274,-0.00492106,0.00308574,-0.00084785,0.00564085
2023-04-17,0.00062954,0.00114657,0.00175332,0.00117648,1.11130301,0.00297217,0.00334119,0.00084754,0.00358823,0.00448073,0.00216879,0.00380726,0.00404751
2023-04-18,-0.00246315,0.00000000,0.00000000,-0.00082105,1.11039058,0.00095129,-0.00510644,0.00006273,0.00067643,0.00211472,-0.00663572,-0.00327253,-0.00541108
2023-04-19,0.00039651,0.00074264,0.00069295,0.00061070,1.11106869,-0.00094070,0.00577558,-0.00047043,-0.00024142,-0.00211026,0.00726905,0.00460919,0.00544850
2023-04-20,-0.00542126,-0.00293613,-0.00270860,-0.00368867,1.10697033,-0.00690701,0.00163685,-0.00762449,-0.00552980,-0.00756675,0.00186892,0.00150775,0.00153390
2023-04-21,-0.00304010,-0.00010294,-0.00434525,-0.00249610,1.10420722,0.00119200,0.00165873,0.00104338,0.00080130,0.00173131,0.00221582,-0.00007278,0.00283314
2023-04-24,-0.00250528,-0.00028254,-0.00146915,-0.00141899,1.10264036,-0.00261918,-0.00168862,-0.00208458,0.00114033,-0.00691328,-0.00135913,0.00155344,-0.00526018
2023-04-25,0.00837134,0.00679215,0.00682319,0.00732889,1.11072149,-0.02149119,-0.01549627,-0.01886374,-0.01565567,-0.02995415,-0.01368163,-0.01074090,-0.02206627
2023-04-26,-0.00238112,-0.00173538,0.00371112,-0.00013513,1.11057141,0.00133567,-0.00526429,0.00580664,-0.00445626,0.00265664,-0.00526417,-0.00580252,-0.00472619
2023-04-27,0.00568743,0.00771847,0.00528029,0.00622873,1.11748886,0.02127018,0.01345307,0.02745438,0.01990800,0.01644816,0.01472917,0.01329238,0.01233764
2023-04-28,0.00258240,-0.00585211,0.00094803,-0.00077389,1.11662404,0.00638105,0.00935537,0.00689870,0.00848670,0.00375774,0.00765362,0.01074145,0.00967105
2023-05-01,-0.00258427,-0.00326807,-0.00391051,-0.00325428,1.11299023,-0.00132772,0.00054633,-0.00114707,-0.00091366,-0.00192243,0.00031047,0.00014441,0.00118411
2023-05-02,-0.00170066,0.00123815,-0.00197942,-0.00081398,1.11208428,-0.01142283,-0.01110206,-0.00872156,-0.01128679,-0.01426013,-0.00850615,-0.00947513,-0.01532489
2023-05-03,-0.00071935,-0.00158812,-0.00853415,-0.00361388,1.10806534,-0.00774882,-0.00900244,-0.00654393,-0.00686399,-0.00983854,-0.00769351,-0.00811941,-0.01119441
2023-05-04,-0.00391443,-0.00364378,0.00150103,-0.00201906,1.10582810,-0.00500326,-0.00397914,-0.00352989,-0.00708299,-0.00439690,-0.00280704,-0.00442337,-0.00470702
2023-05-05,0.00309366,0.00241249,0.00020943,0.00190519,1.10793491,0.01973560,0.01195506,0.02125439,0.01833979,0.01961262,0.01387886,0.00892617,0.01306015
2023-05-08,0.00215345,-0.00114401,0.00273045,0.00124663,1.10931610,0.00224457,0.00272044,0.00247762,0.00043630,0.00381979,0.00393896,-0.00055694,0.00477930
2023-05-09,-0.00038658,-0.00228814,-0.00273029,-0.00180167,1.10731748,-0.00247115,0.00093101,-0.00633322,-0.00423996,0.00315972,-0.00111801,-0.00034052,0.00425156
2023-05-10,-0.00504204,-0.00584271,-0.00729721,-0.00606065,1.10060641,0.00981425,0.00075904,0.01088173,0.00440400,0.01415701,0.00314698,-0.00260945,0.00173960
2023-05-11,0.00047489,-0.00058808,-0.00170860,-0.00060726,1.09993805,-0.00123541,-0.00062473,0.00326013,-0.00162306,-0.00534331,0.00153516,0.00043695,-0.00384628
2023-05-12,-0.00229877,-0.00075996,-0.00339840,-0.00215238,1.09757057,-0.00227027,-0.00369029,-0.00358676,-0.00131027,-0.00191378,-0.00523352,-0.00442649,-0.00141086
2023-05-15,0.00142447,0.00021185,0.00364268,0.00175967,1.09950193,0.00643043,0.00679047,0.00541488,0.00327996,0.01059643,0.00393229,0.00174664,0.01469247
2023-05-16,0.00097403,0.00251049,-0.00319581,0.00009624,1.09960774,-0.00279261,0.00137564,0.00113223,-0.00651426,-0.00299581,0.00337361,-0.00390910,0.00466240
2023-05-17,0.00404603,0.00534667,0.00681720,0.00540330,1.10554925,0.01486032,0.01022489,0.01210417,0.01194394,0.02053285,0.00877407,0.00679035,0.01511026
2023-05-18,-0.00453332,-0.00445870,-0.00084071,-0.00327758,1.10192573,0.01749312,0.01625085,0.01857333,0.00982777,0.02407825,0.01734435,0.01043625,0.02097195
2023-05-19,-0.00082444,-0.00130014,-0.00100054,-0.00104171,1.10077785,-0.00143038,-0.00225335,-0.00225339,-0.00152661,-0.00051113,-0.00290379,-0.00376038,-0.00009588
2023-05-22,0.00000000,-0.00532667,-0.00289269,-0.00273978,1.09776195,0.00335614,0.00285818,0.00335800,0.00047779,0.00623262,0.00413383,0.00035830,0.00408241
2023-05-23,0.00438353,0.00477775,0.00983451,0.00633193,1.10471291,-0.01326293,-0.00926691,-0.01267622,-0.01110342,-0.01600915,-0.00753223,-0.00704901,-0.01321951
2023-05-24,0.00106800,-0.00298035,-0.00172197,-0.00121144,1.10337461,-0.00565789,0.00099107,-0.00512959,-0.00719563,-0.00464846,0.00084498,-0.00305514,0.00518337
2023-05-25,-0.00458143,-0.00155044,-0.00013667,-0.00208951,1.10106910,0.01917802,0.00373586,0.02433288,0.00839089,0.02481027,0.00171021,-0.00031345,0.00981081
2023-05-26,0.00316952,0.00025256,0.00081937,0.00141382,1.10262581,0.02068299,0.01669552,0.02555045,0.01304841,0.02345011,0.02242047,0.01129223,0.01637386
2023-05-30,-0.00248421,-0.00368100,-0.00482459,-0.00366327,1.09858660,0.00414329,-0.00714256,0.00453502,0.00038093,0.00751391,-0.00774007,-0.00438357,-0.00930402
2023-05-31,-0.00063086,-0.00087047,0.00581153,0.00143674,1.10016497,-0.00192838,0.00338833,-0.00568604,-0.00675901,0.00665991,-0.00109079,-0.00224730,0.01350307
2023-06-01,0.00166713,0.00144071,0.00177061,0.00162615,1.10195401,0.00748988,0.01174391,0.01155206,0.01073465,0.00018293,0.01230840,0.00892152,0.01400179
2023-06-02,0.00000000,-0.00043363,0.00000000,-0.00014454,1.10179473,0.00947439,0.00353683,0.00749979,0.01446114,0.00646223,0.00240249,0.00805654,0.00015146
2023-06-05,0.00294589,-0.00157986,0.00071671,0.00069425,1.10255964,0.00181724,0.00226374,0.00070492,-0.00191625,0.00666303,0.00132607,-0.00275521,0.00822034
2023-06-06,-0.00591335,0.00000000,-0.00337204,-0.00309513,1.09914708,0.00140157,0.00273406,-0.00016906,0.00217748,0.00219628,0.00158067,0.00318748,0.00343405
2023-06-07,0.00660505,0.00064327,0.01091417,0.00605416,1.10580150,-0.01694449,-0.01778202,-0.01696539,-0.00345770,-0.03041037,-0.01776814,-0.00441135,-0.03116657
2023-06-08,-0.00476762,-0.00011843,-0.01139899,-0.00542835,1.09979882,0.01059178,0.01084392,0.01241328,0.00604853,0.01331352,0.01154331,0.00588346,0.01510499
2023-06-09,-0.00832123,-0.00139655,-0.00512323,-0.00494701,1.09435811,0.00489971,-0.00005530,0.00382274,0.00177103,0.00910535,-0.00036658,-0.00016281,0.00036348
2023-06-12,0.00877043,0.00529336,0.00488339,0.00631572,1.10126977,0.01657709,0.01063691,0.01689704,0.00909535,0.02373887,0.01207221,0.00668338,0.01315513
2023-06-13,-0.00479071,-0.00201247,-0.00521993,-0.00400770,1.09685621,0.00697724,-0.00325575,0.00768399,0.00659290,0.00665484,-0.00008258,0.00307820,-0.01276287
2023-06-14,-0.00051569,0.00041721,-0.00418589,-0.00142812,1.09528977,0.00485658,0.00518221,0.00726752,0.00119086,0.00611136,0.00723979,0.00038901,0.00791782
2023-06-15,0.00412642,0.00279164,0.00837316,0.00509707,1.10087254,0.01485121,0.01913278,0.01191582,0.01228327,0.02035453,0.01549601,0.01425527,0.02764706
2023-06-16,0.00364459,0.00008463,0.00126636,0.00166519,1.10270571,-0.00643802,-0.01230783,-0.00629288,-0.00698226,-0.00603892,-0.01285147,-0.00803575,-0.01603627
2023-06-20,0.00045456,-0.00024575,0.00038167,0.00019683,1.10292275,-0.00578193,0.00047560,-0.00279945,-0.00518819,-0.00935817,0.00259598,-0.00061721,-0.00055196
2023-06-21,-0.00197613,-0.00331448,-0.00429945,-0.00319668,1.09939705,-0.01242018,-0.00941838,-0.01362769,-0.00514662,-0.01848622,-0.01049926,-0.00282007,-0.01493582
2023-06-22,0.00248353,0.00172789,0.00186593,0.00202579,1.10162420,0.00700071,0.01086058,0.01179884,0.00372474,0.00547856,0.01536201,0.00599147,0.01122826
2023-06-23,-0.00356139,-0.00394678,-0.00345046,-0.00365288,1.09760010,-0.00852875,0.00178695,-0.00985881,-0.00742183,-0.00830560,0.00096629,0.00087774,0.00351682
2023-06-26,-0.00679317,-0.00502291,-0.00807777,-0.00663128,1.09032160,-0.00874798,-0.00676493,-0.01340468,-0.00431562,-0.00852366,-0.01187845,-0.00272757,-0.00568876
2023-06-27,0.00516074,0.00461478,0.00322042,0.00433198,1.09504485,0.01581705,0.01156112,0.01713727,0.01096329,0.01935059,0.01274878,0.00883543,0.01309914
2023-06-28,-0.00819847,-0.00377225,-0.00395620,-0.00530897,1.08923129,0.00252515,0.00678273,0.00195146,0.00048146,0.00514252,0.00707221,0.00305712,0.01021885
2023-06-29,0.00000000,-0.00591433,-0.00351505,-0.00314312,1.08580770,0.00060524,0.00095823,-0.00200252,0.00396443,-0.00014618,-0.00118054,0.00493165,-0.00087642
2023-06-30,-0.00222610,-0.00076370,0.00000000,-0.00099660,1.08472558,0.01286170,0.00423275,0.01542014,0.01173221,0.01143275,0.00508774,0.00410022,0.00351030
2023-07-03,0.00000000,0.00001409,0.00000000,0.00000470,1.08473068,-0.00052301,0.00025454,0.00235504,0.00130852,-0.00523257,0.00059448,0.00205455,-0.00188542
2023-07-05,-0.00214547,-0.00292668,0.00073393,-0.00144607,1.08316208,-0.00058603,0.00383931,0.00000000,-0.00155465,-0.00020343,0.00432607,0.00278337,0.00440850
2023-07-06,0.00192720,0.00173706,0.00315996,0.00227474,1.08562599,-0.00865330,0.00214634,-0.00764266,-0.00785305,-0.01046420,0.00259202,0.00054617,0.00330082
2023-07-07,0.00778836,0.00709643,0.00533585,0.00674021,1.09294334,-0.00262161,-0.00030840,-0.00323845,-0.00257017,-0.00205622,-0.00261417,-0.00022798,0.00191695
2023-07-10,-0.00601594,-0.00346685,0.00040799,-0.00302493,1.08963726,0.00671012,0.00812009,0.00024572,0.00257679,0.01730786,0.00109302,0.00337761,0.01988963
2023-07-11,-0.00396748,0.00208791,-0.00758018,-0.00315325,1.08620136,0.00867888,0.00635870,0.00494050,0.00636856,0.01472758,0.00376237,0.00456351,0.01075021
2023-07-12,-0.00683373,-0.00382565,-0.00641300,-0.00569079,1.08002001,0.00869431,-0.00103705,0.01263004,0.00797812,0.00547476,0.00128914,-0.00089608,-0.00350421
2023-07-13,0.00464999,0.00211874,-0.00178766,0.00166036,1.08181323,0.01383892,0.00681551,0.01697870,0.00800466,0.01653338,0.00824358,0.00370618,0.00849675
2023-07-14,0.00300808,0.00000000,0.00185882,0.00162230,1.08356826,-0.00005476,-0.00146655,-0.00021100,-0.00062283,0.00066955,-0.00135674,-0.00265276,-0.00039016
2023-07-17,0.00286732,0.00033484,0.00050042,0.00123420,1.08490559,0.00844288,0.00693217,0.00933864,0.00347222,0.01251777,0.00739863,0.00380736,0.00959053
2023-07-18,0.00868971,0.00182992,0.00763570,0.00605177,1.09147119,0.00827818,0.01066704,0.00818065,0.00731967,0.00933421,0.00989632,0.00807991,0.01402490
2023-07-19,-0.00097730,-0.00275181,-0.00003682,-0.00125531,1.09010106,0.00110036,-0.00249588,-0.00023332,0.00233408,0.00120032,-0.00302466,0.00041757,-0.00488056
2023-07-20,0.00468629,0.00183024,0.00535509,0.00395721,1.09441482,-0.01805148,-0.01130197,-0.02305199,-0.00663445,-0.02446800,-0.01528972,-0.00438162,-0.01423458
2023-07-21,-0.00768262,0.00035474,0.00194049,-0.00179579,1.09244948,-0.00011179,-0.00613326,-0.00299926,0.00006635,0.00259755,-0.00936231,-0.00385497,-0.00518250
2023-07-24,-0.00378337,-0.00193714,0.00117117,-0.00151645,1.09079283,0.00096855,-0.00120021,0.00159732,0.00440061,-0.00309227,-0.00103553,0.00183073,-0.00439585
2023-07-25,-0.00114952,-0.00043797,-0.00028907,-0.00062552,1.09011052,0.00568091,0.00587609,0.00677777,0.00266402,0.00760095,0.00485476,0.00328252,0.00949101
2023-07-26,-0.00355252,-0.00470107,-0.00226808,-0.00350722,1.08628726,-0.00423560,-0.00076310,-0.00324727,0.00021958,-0.00967912,-0.00045007,0.00228838,-0.00412762
2023-07-27,0.01081585,0.00814959,0.00902793,0.00933112,1.09642354,-0.00560953,-0.01754543,-0.00246325,-0.00660798,-0.00775737,-0.01683765,-0.01420417,-0.02159446
2023-07-28,-0.00669433,-0.00765005,0.00027316,-0.00469041,1.09128086,0.01417263,0.00514623,0.01821465,0.00976796,0.01453529,0.00719651,0.00228130,0.00596088
2023-07-31,0.00000000,-0.00274035,0.00095410,-0.00059542,1.09063110,0.00533384,0.00416242,0.00052154,0.00190405,0.01357592,-0.00028662,0.00083076,0.01194312
2023-08-01,-0.00107439,-0.00048473,0.00081606,-0.00024768,1.09036097,-0.00158423,0.00308385,-0.00231964,-0.00292711,0.00049404,0.00125553,0.00039450,0.00760151
2023-08-02,-0.00338207,-0.00004455,-0.00603654,-0.00315439,1.08692155,-0.02242800,-0.01220070,-0.02194415,-0.01362690,-0.03171294,-0.01284080,-0.00666299,-0.01709830
2023-08-03,-0.00410496,-0.00331761,0.00000000,-0.00247419,1.08423229,-0.00373541,0.00322559,-0.00160261,-0.00308731,-0.00651632,0.00497392,0.00178555,0.00291729
2023-08-04,0.00437821,0.00213701,0.00336951,0.00329491,1.08780474,-0.00679449,-0.01056583,-0.00468177,-0.00452277,-0.01117892,-0.00987359,-0.00867501,-0.01314891
2023-08-07,0.00244564,0.00088836,0.00106252,0.00146551,1.08939892,0.00785634,0.00392901,0.00846683,0.00872854,0.00637365,0.00350380,0.00445722,0.00382602
2023-08-08,0.00265761,0.00499632,0.00404212,0.00389868,1.09364614,-0.00968946,0.00003339,-0.00850236,-0.00425995,-0.01630606,-0.00171748,0.00158454,0.00023311
2023-08-09,-0.00141799,-0.00646532,-0.00025884,-0.00271405,1.09067793,-0.00975857,-0.00979829,-0.01099462,-0.00677377,-0.01150731,-0.01176502,-0.00730463,-0.01032522
2023-08-10,0.00223579,0.00348616,-0.00055115,0.00172360,1.09255783,0.00293203,-0.00494713,0.00184828,0.00049355,0.00645427,-0.00641561,-0.00495326,-0.00347253
2023-08-11,0.00000000,0.00000000,-0.00236552,-0.00078851,1.09169634,-0.00287196,0.00434832,-0.00637565,-0.00071754,-0.00152269,0.00068308,0.00378404,0.00857785
2023-08-14,0.00000000,0.00000000,0.00000000,0.00000000,1.09169634,0.00986880,0.01308383,0.01122215,0.00536295,0.01302129,0.01346359,0.00751068,0.01827722
2023-08-15,0.00227707,0.00000000,0.00387142,0.00204950,1.09393377,-0.01018912,-0.00718296,-0.01050358,-0.01149451,-0.00856928,-0.00785142,-0.00757389,-0.00612357
2023-08-16,-0.00888188,-0.00486301,-0.00631375,-0.00668621,1.08661950,-0.00888308,-0.00673160,-0.01069694,-0.00733817,-0.00861414,-0.00910159,-0.00637346,-0.00471975
2023-08-17,-0.00171666,0.00522549,-0.00110398,0.00080161,1.08749055,-0.01124706,-0.01431001,-0.01092293,-0.00761987,-0.01519837,-0.01478184,-0.01103908,-0.01710909
2023-08-18,0.00066641,-0.00008543,0.00075408,0.00044502,1.08797450,0.00106645,0.01081574,-0.00131073,0.00041257,0.00409750,0.00802229,0.00715324,0.01727168
2023-08-21,0.00657825,-0.00121900,0.00456387,0.00330771,1.09157320,0.01349123,0.00898229,0.01616822,0.00655257,0.01775289,0.01190145,0.00406811,0.01097731
2023-08-22,-0.00741340,-0.00632545,-0.00436264,-0.00603383,1.08498683,-0.00164478,-0.00767220,-0.00142896,-0.00268591,-0.00081948,-0.00864821,-0.00686795,-0.00750044
2023-08-23,-0.00044377,0.00070402,-0.00342872,-0.00105616,1.08384091,0.01432451,0.01051078,0.01576862,0.01077257,0.01643234,0.01242526,0.00824132,0.01086577
2023-08-24,0.00713738,0.00634888,0.00288903,0.00545843,1.08975699,-0.01918601,-0.02807589,-0.02137574,-0.01350283,-0.02267946,-0.03064620,-0.01754031,-0.03604116
2023-08-25,0.00371616,0.00153046,0.00640671,0.00388444,1.09399009,0.01152346,0.00786828,0.00775151,0.00700405,0.01981483,0.00538570,0.00289505,0.01532410
2023-08-28,-0.00432118,-0.00347624,-0.00483531,-0.00421091,1.08938339,0.00616974,-0.00034457,0.00752706,0.00618252,0.00479963,-0.00062672,0.00097232,-0.00137931
2023-08-29,0.00193927,0.00252388,0.00221932,0.00222749,1.09180998,0.01858509,0.01984551,0.02181263,0.01454808,0.01939457,0.02237014,0.01459392,0.02257245
2023-08-30,-0.00094243,0.00000000,0.00024784,-0.00023153,1.09155720,0.00619400,0.00621664,0.00560359,0.00403019,0.00894823,0.00528169,0.00313675,0.01023148
2023-08-31,-0.00574791,-0.00152672,-0.00334500,-0.00353988,1.08769322,0.00298806,0.00021376,0.00299846,-0.00130844,0.00727415,0.00278559,-0.00292262,0.00077832
2023-09-01,-0.00341578,-0.00149877,-0.00141749,-0.00211068,1.08539745,0.00183925,-0.00415816,-0.00105823,0.00190971,0.00466628,-0.00738696,-0.00436922,-0.00071829
2023-09-05,-0.00296957,0.00115823,-0.00168348,-0.00116494,1.08413302,0.00060503,0.00309298,0.00127122,-0.00432190,0.00486578,0.00345038,-0.00330575,0.00913432
2023-09-06,-0.00184828,-0.00069387,-0.00284044,-0.00179419,1.08218788,-0.00469754,-0.00210398,-0.00862274,-0.00690054,0.00143065,-0.00654686,-0.00504014,0.00527508
2023-09-07,-0.00036124,-0.00067185,-0.00130032,-0.00077780,1.08134615,-0.00419707,0.00522028,-0.00733705,-0.00289147,-0.00236270,0.00499716,0.00392679,0.00673690
2023-09-08,-0.00077094,-0.00089630,0.00000000,-0.00055575,1.08074519,0.00157376,0.00036248,0.00139762,0.00150613,0.00181753,0.00153222,0.00139357,-0.00183834
2023-09-11,0.00402256,0.00042476,0.00083723,0.00176152,1.08264894,0.00880489,0.00125538,0.01172902,0.00657658,0.00810907,0.00343396,0.00046850,-0.00013632
2023-09-12,-0.00129481,-0.00309845,0.00411896,-0.00009143,1.08254995,-0.01512755,-0.00638660,-0.01103595,-0.00555246,-0.02879424,-0.00660858,-0.00221501,-0.01033620
2023-09-13,-0.00699123,-0.00087233,-0.00545658,-0.00444005,1.07774338,0.00238270,0.00230152,0.00380912,0.00123329,0.00210568,0.00316328,0.00064990,0.00309136
2023-09-14,-0.00223688,0.00051105,-0.00181438,-0.00118007,1.07647157,0.00723462,0.00148049,0.00815050,0.00862243,0.00493094,0.00337775,0.00287260,-0.00180887
2023-09-15,-0.00106399,0.00146622,-0.00279281,-0.00079686,1.07561377,-0.01719381,-0.01042238,-0.01709696,-0.01549871,-0.01898575,-0.01356708,-0.00840900,-0.00929106
2023-09-18,-0.00361876,-0.00055617,-0.00096811,-0.00171435,1.07376979,-0.00003263,0.00351287,-0.00037755,0.00056385,-0.00028419,0.00365537,0.00130911,0.00557414
2023-09-19,0.00455388,0.00126237,0.00573800,0.00385142,1.07790533,-0.00181814,0.00092745,-0.00215825,-0.00207380,-0.00122235,0.00148922,0.00006777,0.00122535
2023-09-20,0.01000907,0.00019766,0.00697038,0.00572571,1.08407709,-0.01088293,-0.01453657,-0.01441047,-0.00921597,-0.00902234,-0.01727996,-0.01211684,-0.01421291
2023-09-21,0.00372462,-0.00241120,-0.00357527,-0.00075395,1.08325976,-0.01931412,-0.01017281,-0.01832446,-0.01609557,-0.02352232,-0.00814856,-0.00947900,-0.01289086
2023-09-22,0.00502527,0.00384961,-0.00189610,0.00232626,1.08577970,-0.00029618,-0.00391453,0.00013972,-0.00273420,0.00170593,-0.00478269,-0.00476356,-0.00219735
2023-09-25,-0.01017654,-0.00680518,-0.00406214,-0.00701462,1.07816337,0.00293982,0.00654219,0.00474980,0.00427519,-0.00020554,0.00750848,0.00713004,0.00498805
2023-09-26,-0.00000242,0.00040778,-0.00205368,-0.00054944,1.07757098,-0.01519864,-0.00757750,-0.01501627,-0.01469125,-0.01588840,-0.00778733,-0.00748095,-0.00746423
2023-09-27,-0.00932370,-0.00484124,-0.01011647,-0.00809380,1.06884934,0.00316229,0.00005934,0.00234324,0.00039917,0.00674446,-0.00095672,-0.00243508,0.00356983
2023-09-28,-0.00318410,-0.00367085,-0.00199375,-0.00294957,1.06569670,0.00727018,0.01147399,0.00836525,0.00579744,0.00764784,0.01101353,0.00714487,0.01626357
2023-09-29,0.00430138,0.00422581,0.00301299,0.00384673,1.06979614,0.00067505,-0.00750927,0.00072624,-0.00261365,0.00391257,-0.00904464,-0.00989182,-0.00359135
2023-10-02,-0.00381617,-0.00224316,-0.00571465,-0.00392466,1.06559755,0.00461841,0.00480774,0.00845731,-0.00014038,0.00553830,0.00769789,0.00168768,0.00503764
2023-10-03,-0.00169553,-0.00143460,0.00144135,-0.00056292,1.06499770,-0.01864135,-0.01156625,-0.01765846,-0.01317452,-0.02509107,-0.01075868,-0.00788124,-0.01605882
2023-10-04,-0.01114791,-0.00285328,-0.00546842,-0.00648987,1.05808600,0.01225850,0.01012528,0.01360870,0.00699533,0.01617146,0.01118700,0.00613642,0.01305242
2023-10-05,0.00273591,0.00098397,0.00388103,0.00253364,1.06076681,-0.00151958,-0.00119642,-0.00294649,-0.00037677,-0.00123548,-0.00291877,0.00032991,-0.00100038
2023-10-06,0.00700756,0.00452493,0.00539465,0.00564238,1.06675205,0.01857326,0.02649835,0.01683905,0.01187279,0.02700792,0.02553072,0.01793966,0.03602466
2023-10-09,0.00536881,0.00690558,0.00191260,0.00472900,1.07179672,0.00602430,0.01164736,0.00501741,0.00640220,0.00665328,0.01175821,0.01101548,0.01216840
2023-10-10,-0.00712592,-0.00467466,-0.00895070,-0.00691709,1.06438300,0.00512881,0.00382930,0.00553797,0.00520484,0.00464361,0.00460616,0.00369566,0.00318607
2023-10-11,0.00325218,0.00240565,-0.00400196,0.00055196,1.06497050,0.00563842,0.00241250,0.00713530,0.00416532,0.00561463,0.00346002,0.00162979,0.00214768
2023-10-12,0.00082622,-0.00808077,0.00220038,-0.00168472,1.06317632,-0.00453877,-0.00658754,-0.00347503,-0.00599610,-0.00414517,-0.00484222,-0.00736103,-0.00755936
2023-10-13,-0.00039167,-0.00064050,-0.00592102,-0.00231773,1.06071216,-0.00955335,-0.01103199,-0.01256995,-0.00510359,-0.01098652,-0.01427531,-0.00847867,-0.01034199
2023-10-16,0.00000000,0.00000000,-0.00011509,-0.00003836,1.06067147,0.01108725,0.00704926,0.01130640,0.01047460,0.01148076,0.00761006,0.00511733,0.00842039
2023-10-17,-0.00399620,-0.00569654,-0.00639186,-0.00536153,1.05498465,0.00058177,0.00969115,-0.00327549,-0.00004587,0.00506666,0.00653345,0.00741665,0.01512336
2023-10-18,0.00328289,0.00348039,0.00316173,0.00330833,1.05847489,-0.01357459,-0.00845317,-0.01311787,-0.01282051,-0.01478540,-0.00628982,-0.00865980,-0.01040989
2023-10-19,0.00453839,0.00106473,0.00671488,0.00410600,1.06282098,-0.00838911,-0.01074292,-0.00935685,-0.00929303,-0.00651745,-0.01326718,-0.01048846,-0.00847313
2023-10-20,-0.00534958,-0.00661101,-0.00554053,-0.00583371,1.05662080,-0.01748951,-0.01561599,-0.01491791,-0.01228807,-0.02526255,-0.01352028,-0.01124466,-0.02208302
2023-10-23,-0.00235547,-0.00811669,0.00027128,-0.00340029,1.05302798,0.00044778,0.00579719,0.00301748,-0.00173318,0.00005904,0.00682217,0.00202569,0.00854370
2023-10-24,-0.00360280,-0.00350837,0.00421029,-0.00096696,1.05200974,0.00879606,0.00351639,0.00972812,0.00753936,0.00912069,0.00453134,0.00231870,0.00369914
2023-10-25,0.00680133,0.00070924,0.01106300,0.00619119,1.05852293,-0.02190198,-0.01779961,-0.02453151,-0.01435215,-0.02682228,-0.01788618,-0.01028704,-0.02522559
2023-10-26,-0.00794477,-0.00528446,-0.01308819,-0.00877247,1.04923707,-0.01361115,-0.01243807,-0.01901119,-0.01166327,-0.01015900,-0.01563932,-0.00905271,-0.01262217
2023-10-27,-0.00031585,0.00255609,0.00104393,0.00109472,1.05038569,-0.00015674,-0.00636496,0.00480126,-0.00484637,-0.00042511,-0.00323298,-0.00847437,-0.00738753
2023-10-30,-0.00051491,0.00112517,0.00028471,0.00029832,1.05069905,0.01216534,0.00528376,0.01126524,0.01195578,0.01327501,0.00393871,0.00490860,0.00700399
2023-10-31,0.00136999,0.00135670,0.00027437,0.00100035,1.05175012,0.00757489,0.00648525,0.00478236,0.00628023,0.01166207,0.00469605,0.00485367,0.00990603
2023-11-01,-0.00532521,-0.00617393,-0.00258784,-0.00469566,1.04681146,0.01204677,0.01028430,0.01735686,0.01054519,0.00823826,0.01489821,0.00813454,0.00782014
2023-11-02,0.00139841,0.00208066,0.00055166,0.00134358,1.04821793,0.01822610,0.00670763,0.01815329,0.01909562,0.01742939,0.00525530,0.00961133,0.00525628
2023-11-03,-0.00079794,-0.00219743,0.00249441,-0.00016699,1.04804289,0.01053465,0.00828093,0.01174884,0.00931086,0.01054426,0.00811515,0.00357852,0.01314913
2023-11-06,-0.00089325,0.00028918,-0.00192985,-0.00084464,1.04715767,0.00131594,-0.00008594,0.00410650,0.00218547,-0.00234413,0.00198106,0.00039038,-0.00262925
2023-11-07,0.00000000,0.00000000,0.00000000,0.00000000,1.04715767,0.01087208,0.00664615,0.00942527,0.00296116,0.02022981,0.00656278,0.00284606,0.01052960
2023-11-08,-0.00451116,-0.00076849,0.00223295,-0.00101557,1.04609422,0.00271501,0.00090649,0.00064395,0.00073238,0.00676871,-0.00037525,-0.00068564,0.00378035
2023-11-09,0.00280401,0.00623536,-0.00919243,-0.00005102,1.04604085,-0.00798275,-0.01090643,-0.00766879,-0.00779874,-0.00848072,-0.00952789,-0.01046917,-0.01272222
2023-11-10,0.00941885,0.00743807,0.00482138,0.00722610,1.05359964,0.02098652,0.01661853,0.02245460,0.01560483,0.02490012,0.01766984,0.01061975,0.02156599
2023-11-13,-0.00202007,-0.00156119,-0.00244375,-0.00200834,1.05148366,-0.00101866,0.00271680,-0.00311848,-0.00095322,0.00101573,0.00111468,0.00218564,0.00485009
2023-11-14,-0.00077061,-0.00175753,0.00113640,-0.00046391,1.05099586,0.02278383,0.00394734,0.02152647,0.01940071,0.02742431,0.00422194,0.00539971,0.00222038
2023-11-15,-0.00283397,-0.00306185,0.00084334,-0.00168416,1.04922581,-0.00106642,-0.00503952,0.00075260,0.00162681,-0.00557869,-0.00420917,-0.00144409,-0.00946532
2023-11-16,0.00000000,0.00000000,0.00000000,0.00000000,1.04922581,0.00099205,0.00395444,0.00085576,0.00169092,0.00042947,0.00288432,0.00222608,0.00675292
2023-11-17,-0.00100334,0.00015506,-0.00307456,-0.00130761,1.04785383,0.00157297,0.00193864,0.00023319,0.00126605,0.00321966,0.00215467,0.00122157,0.00243968
2023-11-20,0.00355051,0.00262130,0.00318293,0.00311825,1.05112130,0.01174126,0.01141121,0.01217490,0.00769760,0.01535129,0.01214869,0.00827914,0.01380581
2023-11-21,0.00000598,0.00010057,0.00135706,0.00048787,1.05163411,-0.00278587,0.00094082,-0.00580949,-0.00217937,-0.00036876,-0.00138814,0.00018933,0.00402127
2023-11-22,-0.00076431,-0.00130731,0.00085310,-0.00040617,1.05120697,0.00260552,-0.00261548,0.00414446,0.00388290,-0.00021080,-0.00125458,0.00010989,-0.00670175
2023-11-24,0.00000000,0.00000000,0.00211707,0.00070569,1.05194880,0.00077076,0.00106470,-0.00146124,0.00050546,0.00326806,-0.00035930,0.00041752,0.00313587
2023-11-27,-0.00111668,-0.00243665,-0.00081680,-0.00145671,1.05041641,-0.00101093,0.00057407,-0.00087289,-0.00171331,-0.00044658,0.00041130,-0.00037391,0.00168483
2023-11-28,-0.00562616,-0.00520974,-0.00329476,-0.00471022,1.04546872,0.00313099,0.00540575,0.00262096,0.00099014,0.00578187,0.00458279,0.00187192,0.00976253
2023-11-29,0.00111941,0.00116195,0.00000000,0.00076045,1.04626375,0.00478887,-0.00333384,-0.00097388,-0.00070340,0.01604390,-0.00733403,-0.00555616,0.00288868
2023-11-30,0.00093421,0.00010086,0.00456789,0.00186765,1.04821781,0.00318575,-0.00107113,-0.00238578,0.00389345,0.00804958,-0.00307629,0.00197594,-0.00211303
2023-12-01,0.00136679,0.00154585,0.00545558,0.00278941,1.05114171,0.00747882,0.00972272,0.00272578,0.00580656,0.01390413,0.00564797,0.00715273,0.01636745
2023-12-04,-0.00175646,0.00078630,0.00230306,0.00044430,1.05160874,-0.00891308,0.00083361,-0.00928348,-0.00507592,-0.01237985,0.00059572,0.00241440,-0.00050929
2023-12-05,0.00000000,0.00000000,0.00394513,0.00131504,1.05299165,0.00069576,0.00633989,0.00245910,-0.00021896,-0.00015287,0.00749239,0.00294337,0.00858391
2023-12-06,0.00316508,0.00286950,0.00577592,0.00393683,1.05713710,-0.00672940,-0.01308043,-0.00573243,-0.00416119,-0.01029457,-0.01337536,-0.00895796,-0.01690797
2023-12-07,0.00097958,-0.00046186,0.00049199,0.00033657,1.05749290,0.00893857,0.00414976,0.01397221,0.00756543,0.00527806,0.00608138,0.00269200,0.00367590
2023-12-08,0.00041248,-0.00234981,0.00193822,0.00000030,1.05749322,0.00566027,0.00976992,0.00425172,0.00443096,0.00829812,0.00879924,0.00592402,0.01458650
2023-12-11,0.00180137,0.00092683,0.00000000,0.00090940,1.05845490,0.00763804,0.00784372,0.00874799,0.00395506,0.01021108,0.00964926,0.00500337,0.00887852
2023-12-12,0.00241550,0.00172137,0.00176157,0.00196615,1.06053598,0.00477221,0.00718826,0.00796420,0.00456720,0.00178522,0.00786227,0.00535061,0.00835189
2023-12-13,-0.00103494,-0.00003444,-0.00165072,-0.00090670,1.05957439,0.01266635,0.01093814,0.01271728,0.01366085,0.01162090,0.01030979,0.01280975,0.00969487
2023-12-14,-0.00017518,-0.00584830,-0.00216627,-0.00272992,1.05668184,-0.00364956,-0.00552248,-0.00086689,0.00331604,-0.01339784,-0.00392612,-0.00105820,-0.01158311
2023-12-15,-0.00223948,-0.00015739,-0.00286313,-0.00175333,1.05482913,0.00296143,0.00476573,0.00483403,-0.00565678,0.00970703,0.00287001,-0.00034080,0.01176797
2023-12-18,0.00127609,-0.00115254,-0.00106435,-0.00031360,1.05449833,0.00585462,0.00531228,0.00429269,0.00562504,0.00764614,0.00530956,0.00210200,0.00852528
2023-12-19,0.00000000,0.00062517,0.00000000,0.00020839,1.05471808,0.00579819,0.00452592,0.00508500,0.00608089,0.00622868,0.00395053,0.00488858,0.00473863
2023-12-20,0.01410563,0.01235871,-0.00264189,0.00794082,1.06309340,-0.01433791,-0.01203981,-0.01483563,-0.01385730,-0.01432081,-0.01290560,-0.01202633,-0.01118750
2023-12-21,-0.00392784,-0.00314963,0.00303114,-0.00134878,1.06165952,0.01157935,0.00297041,0.01170983,0.00939649,0.01363172,0.00181791,0.00282180,0.00427150
2023-12-22,-0.00606281,-0.00369858,-0.00525323,-0.00500487,1.05634605,0.00178691,-0.00169680,0.00142227,0.00209453,0.00184393,-0.00151589,-0.00044317,-0.00313135
2023-12-26,0.00033572,0.00005235,-0.00132170,-0.00031121,1.05601731,0.00451151,0.00267522,0.00612175,0.00422253,0.00319026,0.00398290,0.00333284,0.00070991
2023-12-27,0.00011604,-0.00559304,-0.00291613,-0.00279771,1.05306288,0.00079351,0.00118588,0.00143594,0.00170293,-0.00075834,0.00126536,0.00214538,0.00014691
2023-12-28,0.00000000,0.00000000,-0.00117862,-0.00039287,1.05264916,-0.00009105,-0.00159821,-0.00041315,0.00048273,-0.00034273,-0.00331984,-0.00039842,-0.00107637
2023-12-29,-0.00152912,-0.00363926,-0.00128353,-0.00215064,1.05038529,-0.00456489,-0.00456322,-0.00437637,-0.00270616,-0.00661214,-0.00432795,-0.00228756,-0.00707414
2024-01-02,-0.00159293,-0.00420821,-0.00261472,-0.00280529,1.04743865,-0.01681403,-0.00798991,-0.01687424,-0.00578460,-0.02778326,-0.00800808,0.00103778,-0.01699943
2024-01-03,0.00000000,-0.00338952,0.00149810,-0.00063047,1.04677827,-0.01162506,-0.00412844,-0.01058148,-0.00816672,-0.01612699,-0.00400070,-0.00348617,-0.00489844
2024-01-04,0.00324524,0.00340318,0.00119330,0.00261391,1.04951445,-0.00358842,-0.00156547,-0.00514649,-0.00309307,-0.00252571,-0.00040359,-0.00204997,-0.00224285
2024-01-05,-0.00138603,-0.00203820,0.00258609,-0.00027938,1.04922124,0.00045417,0.00012656,0.00118603,0.00139085,-0.00121438,0.00075672,0.00106954,-0.00144658
2024-01-08,0.00721349,0.00770010,0.00349013,0.00613457,1.05565776,0.02069472,0.01725679,0.02066793,0.01412423,0.02729201,0.01748788,0.01317166,0.02111083
2024-01-09,-0.00037249,0.00066611,-0.00469820,-0.00146819,1.05410786,0.00144105,0.00745050,0.00197555,-0.00170670,0.00405429,0.00955438,0.00406892,0.00872821
2024-01-10,0.00229089,0.00017789,0.00007222,0.00084700,1.05500069,0.00874580,0.00660878,0.00677757,0.00574094,0.01371890,0.00598419,0.00495613,0.00888600
2024-01-11,-0.00240945,-0.00387926,-0.00325113,-0.00317995,1.05164584,0.00327017,-0.00049366,0.00208078,-0.00033577,0.00806551,-0.00107372,-0.00259637,0.00218910
2024-01-12,-0.00115109,-0.00074515,-0.00095828,-0.00095151,1.05064519,0.00140119,-0.00144949,0.00051301,0.00067177,0.00301878,-0.00204678,-0.00244852,0.00014684
2024-01-16,-0.00238207,-0.00125392,-0.00222845,-0.00195481,1.04859138,-0.00135420,0.00155082,-0.00009767,-0.00367130,-0.00029363,0.00296343,-0.00071540,0.00240444
2024-01-17,-0.00447382,-0.00102746,-0.00392014,-0.00314047,1.04529830,-0.00517729,0.00231314,-0.00564075,-0.00555883,-0.00433229,0.00256050,0.00097495,0.00340396
2024-01-18,-0.00504433,-0.00261066,-0.00428607,-0.00398035,1.04113765,0.01110339,0.00469317,0.01419415,0.00891420,0.01020182,0.00601676,0.00523196,0.00283079
2024-01-19,0.00856605,0.00601636,0.01023352,0.00827198,1.04974992,0.01674358,0.01231577,0.01983099,0.01231925,0.01808050,0.01435384,0.00986078,0.01273269
2024-01-22,-0.00136299,-0.00133895,-0.00455298,-0.00241831,1.04721130,0.00423208,-0.00136842,0.00130585,0.00225972,0.00913067,-0.00396779,-0.00115700,0.00101954
2024-01-23,0.00209580,0.00209381,0.00186093,0.00201685,1.04932336,0.00311311,0.00053418,0.00414957,0.00324749,0.00194225,0.00248562,0.00208673,-0.00296981
2024-01-24,-0.00453577,0.00000018,0.00710098,0.00085513,1.05022067,0.00197896,-0.00686141,0.00554926,0.00074224,-0.00035460,-0.00376661,-0.00498145,-0.01183619
2024-01-25,0.00118193,-0.00448028,-0.00322765,-0.00217533,1.04793609,0.00316498,-0.00381930,0.00122114,0.00545964,0.00281417,-0.00469231,0.00093319,-0.00769879
2024-01-26,-0.00301509,-0.00273778,-0.00337052,-0.00304113,1.04474919,-0.00295686,-0.00078825,-0.00595755,-0.00116796,-0.00174508,-0.00148431,-0.00026662,-0.00061383
2024-01-29,0.00706956,0.00501751,0.00870374,0.00693027,1.05198958,0.01264123,0.01232321,0.01024044,0.00781603,0.01986724,0.00914512,0.00725811,0.02056640
2024-01-30,-0.00015298,-0.00105262,-0.00137701,-0.00086087,1.05108396,-0.00397457,-0.00264004,-0.00665655,-0.00077351,-0.00449365,-0.00421447,0.00067270,-0.00437834
2024-01-31,-0.00176607,-0.00313152,-0.01739054,-0.00742938,1.04327506,-0.01923801,-0.01195945,-0.01958617,-0.01625619,-0.02187166,-0.00921944,-0.01168597,-0.01497294
2024-02-01,0.00291482,0.00468927,0.00278443,0.00346284,1.04688776,0.01288586,0.00714668,0.01177543,0.01294237,0.01393977,0.00737840,0.00934734,0.00471431
2024-02-02,0.00171432,0.00081282,-0.00001365,0.00083783,1.04776487,0.01162953,0.00904093,0.01727980,0.01024205,0.00736674,0.01267107,0.00923108,0.00522065
2024-02-05,0.00033711,-0.00060589,0.00229060,0.00067394,1.04847100,-0.00376353,-0.00344344,-0.00167766,-0.00327822,-0.00633472,-0.00144499,-0.00231925,-0.00656608
2024-02-06,-0.00183616,0.00048893,-0.00421312,-0.00185345,1.04652771,-0.00035286,-0.00340647,-0.00200724,0.00265963,-0.00171096,-0.00470194,0.00068893,-0.00620640
2024-02-07,-0.00314623,-0.00042079,-0.00699477,-0.00352060,1.04284331,0.01162920,0.00457110,0.01031362,0.00858543,0.01598854,0.00369415,0.00364706,0.00637209
2024-02-08,0.00000000,0.00000000,0.00000000,0.00000000,1.04284331,0.00418456,0.00340837,0.00182870,0.00044168,0.01028331,0.00157367,0.00044168,0.00820976
2024-02-09,0.00144393,0.00159906,-0.00313249,-0.00002983,1.04281220,0.00885574,0.00407503,0.00984311,0.00569915,0.01102495,0.00716689,0.00465079,0.00040740
2024-02-12,0.00189315,-0.00312133,0.00514382,0.00130522,1.04417330,-0.00489292,-0.00576105,-0.00391260,-0.00035917,-0.01040700,-0.00366183,-0.00037911,-0.01324219
2024-02-13,-0.00048011,0.00028552,0.00061772,0.00014104,1.04432057,-0.01722780,0.00362844,-0.01564295,-0.01377300,-0.02226744,0.00292548,-0.00090995,0.00886981
2024-02-14,0.00000000,0.00362609,0.00341277,0.00234629,1.04677085,0.01320946,0.00482492,0.01089772,0.00892568,0.01980499,0.00449845,0.00342197,0.00655435
2024-02-15,0.00219924,0.00277720,0.00000000,0.00165881,1.04850725,0.00283920,-0.00025599,0.00302401,0.00696102,-0.00146742,0.00135970,0.00534759,-0.00747527
2024-02-16,-0.00598128,-0.00356479,0.00662594,-0.00097338,1.04748665,-0.01058601,-0.01042433,-0.00906769,-0.00494063,-0.01774971,-0.00993355,-0.00442496,-0.01691449
2024-02-20,0.00008125,0.00058761,0.00257705,0.00108197,1.04862000,-0.00845342,-0.00249668,-0.00754813,-0.00544566,-0.01236646,-0.00287014,-0.00192880,-0.00269109
2024-02-21,-0.00541965,-0.00505035,-0.00523191,-0.00523397,1.04313156,-0.01037360,0.00249181,-0.00400168,0.00090587,-0.02802500,0.00249676,0.00361310,0.00136559
2024-02-22,0.00284529,0.00325029,-0.00410265,0.00066431,1.04382452,0.02518032,0.00406822,0.02927563,0.02069548,0.02556984,0.00823955,0.00692447,-0.00295935
2024-02-23,-0.00063519,-0.00027877,-0.00340422,-0.00143939,1.04232205,0.00103710,-0.00334142,-0.00294473,0.00068966,0.00536639,-0.00652792,-0.00278830,-0.00070805
2024-02-26,-0.00418134,0.00106325,-0.00028588,-0.00113466,1.04113937,0.00181573,-0.00105451,-0.00052658,-0.00366250,0.00963628,-0.00239945,-0.00454456,0.00378050
2024-02-27,-0.00331159,-0.00236190,-0.00295404,-0.00287585,1.03814521,0.00161593,-0.00188517,0.00240522,0.00185774,0.00058482,-0.00015994,0.00045392,-0.00594948
2024-02-28,-0.00349859,0.00000000,0.00000000,-0.00116620,1.03693453,-0.00279208,0.00151679,-0.00532450,-0.00132168,-0.00173006,-0.00036745,0.00184038,0.00307743
2024-02-29,-0.00485701,-0.00360143,0.00208284,-0.00212520,1.03473084,0.00647143,0.00117849,0.00873021,0.00300241,0.00768168,0.00191680,-0.00057079,0.00218946
2024-03-01,0.00424054,0.00234135,0.00370408,0.00342866,1.03827857,0.01161793,0.00896970,0.01489512,0.00996495,0.00999372,0.01298022,0.00758380,0.00634509
2024-03-04,-0.00403640,-0.00179807,-0.00696869,-0.00426772,1.03384749,-0.00294405,-0.00112911,-0.00356814,-0.00105296,-0.00421106,-0.00356814,0.00052731,-0.00034651
2024-03-05,-0.00290193,0.00002669,-0.00106572,-0.00131365,1.03248937,-0.02205512,-0.01494631,-0.01794964,-0.00999414,-0.03822156,-0.01108994,-0.00599718,-0.02775182
2024-03-06,-0.00480589,-0.00537699,-0.01017205,-0.00678498,1.02548396,0.00847690,-0.00375261,0.00628368,0.00506723,0.01407977,-0.00347475,-0.00156694,-0.00621615
2024-03-07,0.00015932,-0.00058836,0.00202952,0.00053349,1.02603105,0.01229609,0.00437254,0.01517810,0.00988720,0.01182296,0.00684870,0.00321550,0.00305344
2024-03-08,-0.00616010,-0.00090038,-0.00508293,-0.00404780,1.02187788,-0.00864042,-0.01022663,-0.01443484,-0.00586647,-0.00561995,-0.01523070,-0.00715865,-0.00829052
2024-03-11,0.00000000,-0.00012176,-0.00113853,-0.00042010,1.02144859,-0.00065405,0.00315382,-0.00371281,-0.00095746,0.00270811,-0.00027428,0.00156715,0.00816858
2024-03-12,-0.00503234,-0.00271674,0.00072007,-0.00234300,1.01905533,0.01568367,0.00901556,0.01433503,0.01075731,0.02195867,0.00893730,0.00648554,0.01162385
2024-03-13,-0.00689674,-0.00103741,-0.00353372,-0.00382262,1.01515987,-0.00549745,-0.00472681,-0.00768607,-0.00156740,-0.00723888,-0.00542189,-0.00220456,-0.00655398
2024-03-14,-0.01009011,-0.00761287,-0.00739508,-0.00836602,1.00666702,-0.00312805,-0.00631752,-0.00243044,-0.00197686,-0.00497685,-0.00525481,-0.00390738,-0.00979037
2024-03-15,-0.00568507,-0.00554749,-0.00163506,-0.00428921,1.00234922,-0.01675444,-0.00464773,-0.01197687,-0.01025342,-0.02803303,-0.00493040,-0.00105839,-0.00795441
2024-03-18,0.00082756,0.00110472,-0.00561195,-0.00122656,1.00111978,0.00860423,0.00040818,0.00820428,0.00623933,0.01136908,-0.00284913,-0.00223735,0.00631103
2024-03-19,0.00387518,0.00512122,0.00976559,0.00625400,1.00738079,0.00517387,0.00846615,0.00249154,0.00569367,0.00733641,0.00716500,0.00706824,0.01116522
2024-03-20,-0.00221168,0.00244941,0.00529579,0.00184451,1.00923891,0.01032485,0.00845029,0.01185672,0.00901565,0.01010220,0.00907272,0.00901565,0.00726250
2024-03-21,-0.00301572,-0.00176218,-0.00245085,-0.00240958,1.00680706,0.00492706,-0.00433546,0.00473218,0.00342031,0.00662868,-0.00670558,-0.00227364,-0.00402715
2024-03-22,-0.00109606,-0.00057212,-0.00260882,-0.00142567,1.00537169,-0.00255781,-0.00184294,0.00080741,-0.00189583,-0.00658503,0.00197597,-0.00172377,-0.00578102
2024-03-25,-0.00315911,-0.00204357,-0.00078319,-0.00199529,1.00336569,-0.00320133,0.00176770,-0.00329427,-0.00276280,-0.00354692,0.00272799,-0.00005771,0.00263281
2024-03-26,0.00000000,0.00339146,-0.00286698,0.00017483,1.00354110,-0.00105300,-0.00396735,-0.00323770,-0.00184697,0.00192566,-0.00667712,-0.00464286,-0.00058207
2024-03-27,0.00230158,0.00425415,-0.00402488,0.00084362,1.00438770,0.00214417,-0.00436280,0.00340612,0.00838457,-0.00535818,-0.00360631,0.00277932,-0.01226142
2024-03-28,-0.00442757,-0.00197434,-0.00414522,-0.00351571,1.00085657,-0.00108102,-0.00134813,-0.00193332,0.00009557,-0.00140532,-0.00182113,0.00000000,-0.00222326
2024-04-01,-0.00297483,-0.00223416,-0.00347773,-0.00289557,0.99795852,-0.00091045,-0.00302653,0.00220736,-0.00200684,-0.00293186,-0.00004495,-0.00318806,-0.00584659
2024-04-02,0.00198107,0.00149891,0.00110937,0.00152978,0.99948518,-0.00851194,0.00313199,-0.00863018,-0.00631990,-0.01058574,0.00234048,0.00119636,0.00585914
2024-04-03,0.00117788,-0.00160728,0.00234483,0.00063847,1.00012332,0.00172796,0.00585494,0.00224434,0.00115638,0.00178317,0.00715327,0.00336089,0.00705067
2024-04-04,0.01502365,0.01458097,0.01401421,0.01453961,1.01466473,-0.01308120,-0.02222649,-0.01529066,-0.01220498,-0.01174795,-0.02462304,-0.01986553,-0.02219091
2024-04-05,-0.00244302,-0.00224294,-0.00221398,-0.00229998,1.01233102,0.01095504,0.00892543,0.01182983,0.01034846,0.01068684,0.00849398,0.00771683,0.01056549
2024-04-08,0.00000000,0.00000000,-0.00067337,-0.00022446,1.01210379,0.00141817,0.00014153,0.00024972,0.00055938,0.00344541,-0.00183503,-0.00082828,0.00308789
2024-04-09,-0.00539220,-0.00493778,-0.00340171,-0.00457723,1.00747116,0.00254022,-0.00184146,0.00369950,0.00107958,0.00284158,-0.00164800,-0.00234390,-0.00153248
2024-04-10,0.00000000,-0.00289142,-0.00428408,-0.00239184,1.00506146,-0.01059013,0.00274144,-0.00872849,-0.00993684,-0.01310508,0.00313501,0.00124640,0.00384292
2024-04-11,0.00856557,0.00498115,0.00182453,0.00512375,1.01021114,0.01003162,0.00648153,0.01596825,0.00754688,0.00657973,0.01160678,0.00449891,0.00333890
2024-04-12,-0.00143364,0.00167573,-0.00032085,-0.00002625,1.01018462,-0.01538848,-0.00658705,-0.01594180,-0.01382239,-0.01640124,-0.00641578,-0.00686276,-0.00648259
2024-04-15,0.01406938,0.01159100,0.01497376,0.01354471,1.02386728,-0.01874550,-0.02543024,-0.01645105,-0.01223593,-0.02754954,-0.02488350,-0.02046202,-0.03094521
2024-04-16,0.00000000,0.00000000,0.00000000,0.00000000,1.02386728,0.00019605,0.00021354,0.00009279,-0.00223826,0.00273360,0.00046414,-0.00293104,0.00310752
2024-04-17,-0.00223181,-0.00800537,-0.01246788,-0.00756835,1.01611830,-0.00863732,-0.01267152,-0.01220135,-0.00578000,-0.00793061,-0.01676287,-0.01086849,-0.01038319
2024-04-18,0.00351782,0.00432308,0.00268474,0.00350855,1.01968339,-0.00487417,-0.00723414,-0.00572985,-0.00189791,-0.00699475,-0.00724519,-0.00474122,-0.00971599
2024-04-19,0.00617416,0.00368260,0.00373201,0.00452959,1.02430214,-0.01391813,-0.01265128,-0.02066604,-0.00888711,-0.01220126,-0.01792904,-0.00856960,-0.01145519
2024-04-22,0.00212141,0.00124271,0.00358884,0.00231765,1.02667612,0.01045437,0.00335469,0.01005667,0.00920914,0.01209729,0.00361841,0.00379648,0.00264917
2024-04-23,-0.00025877,0.00018579,0.00010923,0.00001208,1.02668852,0.01498956,0.01076059,0.01560336,0.01187665,0.01748868,0.01089669,0.00772251,0.01366257
2024-04-24,-0.00900270,-0.00458353,-0.00746201,-0.00701608,1.01948519,0.00106511,-0.00302489,0.00271538,-0.00038564,0.00086559,-0.00394675,-0.00217151,-0.00295639
2024-04-25,0.00596333,0.00617681,0.00493913,0.00569309,1.02528921,-0.00603079,0.00954216,-0.00482990,-0.00399636,-0.00926612,0.01242725,0.00853400,0.00766524
2024-04-26,-0.00318411,-0.00275122,0.00183064,-0.00136823,1.02388639,0.01207640,0.00484024,0.01543174,0.00957413,0.01122334,0.00790421,0.00377209,0.00284442
2024-04-29,-0.00530181,-0.00326256,-0.00106537,-0.00320991,1.02059980,0.00199955,-0.00219529,0.00406032,0.00354149,-0.00160316,-0.00087733,-0.00005881,-0.00564972
2024-04-30,0.00984896,0.00817580,0.01039295,0.00947257,1.03026751,-0.01994443,-0.01594687,-0.01885615,-0.01584127,-0.02513587,-0.01521512,-0.01293849,-0.01968700
2024-05-01,-0.00312135,-0.00552729,0.00030614,-0.00278083,1.02740250,-0.00285752,-0.00165078,-0.00724228,-0.00316746,0.00183719,-0.00386388,-0.00197455,0.00088608
2024-05-02,0.00375090,0.00294843,0.00130414,0.00266782,1.03014343,0.01083506,0.00178092,0.01277535,0.00923280,0.01049703,0.00376205,0.00170584,-0.00012514
2024-05-03,-0.00077375,0.00007389,-0.00081789,-0.00050592,1.02962226,0.01489132,0.00075913,0.02009838,0.01243540,0.01214018,0.00239389,0.00025432,-0.00037083
2024-05-06,0.00349332,0.00347218,0.00316536,0.00337695,1.03309925,0.01170988,0.00781949,0.01095343,0.01032682,0.01384939,0.00674594,0.00548905,0.01122348
2024-05-07,-0.00035900,-0.00292005,-0.00410244,-0.00246050,1.03055731,-0.00133576,-0.00093397,0.00015900,0.00120022,-0.00536651,-0.00086226,-0.00071489,-0.00122474
2024-05-08,0.00000000,-0.00198712,-0.00155635,-0.00118116,1.02934006,-0.00158657,0.00331526,-0.00059048,0.00000000,-0.00416922,0.00546074,0.00374568,0.00073937
2024-05-09,0.00000000,0.00076215,0.00000000,0.00025405,1.02960156,0.00244258,0.00227879,0.00218152,0.00576191,-0.00061569,0.00156701,0.00539255,-0.00012320
2024-05-10,-0.00020204,-0.00219908,0.00000000,-0.00080037,1.02877750,0.00217286,-0.00076351,0.00235817,0.00132649,0.00283391,-0.00108465,-0.00182059,0.00061470
2024-05-13,0.00000000,0.00000000,-0.00056828,-0.00018943,1.02858262,0.00121068,-0.00332340,0.00230738,0.00009600,0.00122865,-0.00204960,-0.00315753,-0.00476307
2024-05-14,0.00170977,-0.00142380,-0.00323061,-0.00098155,1.02757302,0.00563049,0.00681828,0.00643225,0.00456893,0.00589029,0.00740992,0.00418338,0.00886154
2024-05-15,0.00428013,0.00207032,0.00548488,0.00394511,1.03162690,0.01770849,0.01105193,0.01563026,0.01236408,0.02513115,0.00996811,0.00747390,0.01571377
2024-05-16,0.00198558,0.00204626,0.00087296,0.00163493,1.03331354,-0.00237163,-0.00238643,-0.00203135,-0.00222742,-0.00285612,-0.00161251,-0.00245339,-0.00309340
2024-05-17,-0.00283269,-0.00205666,-0.00049741,-0.00179558,1.03145814,0.00229593,0.00169521,-0.00048675,0.00164592,0.00572861,-0.00077415,0.00121026,0.00464950
2024-05-20,-0.00449030,0.00034681,0.00357314,-0.00019012,1.03126204,0.00611005,0.00551181,0.00697273,0.00115214,0.01020529,0.00648259,0.00092528,0.00912755
2024-05-21,0.00109611,0.00091159,-0.00276658,-0.00025296,1.03100117,-0.00111462,0.00286781,0.00195643,0.00245255,-0.00775285,0.00609218,0.00392987,-0.00141861
2024-05-22,-0.00211276,0.00140169,-0.00174120,-0.00081742,1.03015841,-0.00097988,-0.00052771,-0.00019746,-0.00286058,0.00011839,-0.00076744,-0.00152643,0.00071073
2024-05-23,0.00323763,0.00296498,-0.00828524,-0.00069421,1.02944326,-0.00690469,-0.01512093,-0.00443264,-0.00728522,-0.00899621,-0.01489523,-0.01309667,-0.01737089
2024-05-24,-0.00035288,-0.00151239,0.00064368,-0.00040720,1.02902408,0.00209580,0.00306988,0.00938967,0.00669227,-0.00979455,0.00584243,0.00312589,0.00024131
2024-05-28,-0.00367109,-0.00515777,-0.00208599,-0.00363828,1.02528020,-0.00081188,-0.00179257,0.00373403,0.00058546,-0.00675513,0.00104534,-0.00086748,-0.00555556
2024-05-29,0.00000000,-0.00022851,-0.00074835,-0.00032562,1.02494635,-0.00555000,0.00409237,-0.00700518,-0.00685151,-0.00279330,0.00210767,0.00095115,0.00921829
2024-05-30,0.00110567,-0.00265869,0.00952489,0.00265729,1.02766993,-0.02499399,-0.01409020,-0.01071335,-0.00678475,-0.05748386,-0.00867179,-0.00364142,-0.02995738
2024-05-31,0.00853383,0.01142606,0.00983471,0.00993154,1.03787627,0.00613887,0.00421344,0.00035434,0.00914640,0.00891588,-0.00015494,0.00725759,0.00553767
2024-06-03,-0.00252235,-0.00258336,-0.00026450,-0.00179007,1.03601840,0.00070301,-0.00391350,0.00314361,0.00075845,-0.00179303,-0.00316783,-0.00232505,-0.00624761
2024-06-04,0.00204992,-0.00036902,-0.00109354,0.00019578,1.03622123,0.00270245,0.00399530,0.00273652,0.00113682,0.00423403,0.00331221,0.00366600,0.00500770
2024-06-05,0.00474309,0.00410176,0.00709927,0.00531471,1.04172845,0.01819442,0.01068090,0.02015978,0.01180946,0.02261403,0.01211843,0.00727245,0.01265182
2024-06-06,-0.00141204,-0.00089273,-0.00026229,-0.00085569,1.04083705,0.00075027,0.00049709,-0.00060406,-0.00001870,0.00287356,-0.00208953,-0.00067292,0.00425372
2024-06-07,-0.00199607,-0.00093086,-0.00504171,-0.00265621,1.03807236,-0.00013941,0.00176595,-0.00064760,-0.00114100,0.00137037,-0.00010799,0.00065585,0.00475000
2024-06-10,-0.00579425,0.00174549,-0.00511864,-0.00305580,1.03490023,0.00333738,0.00563609,0.00406091,0.00308983,0.00286141,0.00651769,0.00465134,0.00573924
2024-06-11,0.00510601,0.00305106,0.00333620,0.00383109,1.03886502,0.00417813,0.00773280,0.00677667,0.00240824,0.00334946,0.00957846,0.00539255,0.00822737
2024-06-12,-0.00347931,-0.00448607,0.00000000,-0.00265513,1.03610671,0.01470329,0.00243855,0.01318432,0.00817581,0.02274975,0.00457637,-0.00053542,0.00327471
2024-06-13,-0.00478094,-0.00323811,0.00254140,-0.00182588,1.03421489,-0.00101557,-0.00479257,0.00542023,0.00205047,-0.01051741,-0.00209328,-0.00128878,-0.01099565
2024-06-14,0.00153509,0.00092511,0.00004091,0.00083370,1.03507712,0.00677613,0.00522046,0.00518124,0.00060835,0.01453879,0.00560312,0.00351279,0.00654545
2024-06-17,0.00520989,0.00523770,0.01084472,0.00709744,1.04242352,0.00958347,0.00998931,0.01224984,0.00783006,0.00867052,0.01167981,0.00913149,0.00915663
2024-06-18,-0.00040605,0.00036551,0.00000000,-0.00001352,1.04240943,0.00210703,0.00282237,0.00030924,0.00266896,0.00334288,0.00041236,0.00243073,0.00562403
2024-06-20,0.00105499,0.00031063,-0.00115408,0.00007051,1.04248293,-0.00391115,-0.00578339,-0.00770800,-0.00271655,-0.00130890,-0.01017639,-0.00444089,-0.00273289
2024-06-21,-0.00591866,-0.00331612,0.00591240,-0.00110746,1.04132842,0.00066971,0.00104852,-0.00267929,-0.00531993,0.01000834,-0.00209896,-0.00056943,0.00581395
2024-06-24,0.00312254,0.00248318,0.00383609,0.00314727,1.04460576,-0.00860880,-0.00526420,-0.01295348,-0.00260986,-0.01026306,-0.00882513,-0.00304962,-0.00391784
2024-06-25,-0.00438646,-0.00222255,-0.00275299,-0.00312067,1.04134590,0.00772394,0.00422071,0.01143556,0.00386976,0.00786651,0.00695276,0.00143385,0.00427553
2024-06-26,0.00000000,0.00014842,-0.00388104,-0.00124421,1.04005025,0.00153538,0.00408524,0.00206517,0.00135837,0.00118259,0.00380316,0.00334750,0.00510507
2024-06-27,-0.00472536,-0.00610843,-0.00319677,-0.00467685,1.03518609,0.00850367,0.00776110,0.00258134,0.00166816,0.02126152,0.00310339,0.00192530,0.01825462
2024-06-28,0.00608448,0.00440880,0.00000000,0.00349776,1.03880692,-0.00158294,-0.00377801,-0.00519092,-0.00395300,0.00439510,-0.00684065,-0.00530010,0.00080673
2024-07-01,0.00336116,0.00009345,0.00221019,0.00188827,1.04076847,0.00454545,0.00228689,0.00580243,0.00207621,0.00575772,0.00385385,-0.00043986,0.00344669
2024-07-02,0.00566607,0.00482494,0.00168345,0.00405816,1.04499207,0.00735610,0.01105539,0.01056258,0.00658245,0.00492329,0.01367582,0.00971124,0.00977911
2024-07-03,0.00169753,0.00099826,0.00000000,0.00089860,1.04593110,0.00470261,0.00555713,0.00833710,0.00451747,0.00125328,0.00991321,0.00504839,0.00170979
2024-07-05,0.00125325,0.00205760,-0.00008754,0.00107444,1.04705488,0.00939862,0.00885870,0.01042685,0.00582091,0.01194811,0.00868080,0.00525581,0.01263949
2024-07-08,0.00000000,-0.00314118,-0.00008645,-0.00107588,1.04592838,-0.00200265,-0.00144719,0.00237827,0.00117187,-0.00955808,0.00163132,-0.00021604,-0.00575686
2024-07-09,-0.00251561,-0.00226489,-0.00123890,-0.00200647,1.04382976,-0.00470318,-0.00535647,0.00088471,0.00090038,-0.01589464,-0.00218494,-0.00079100,-0.01309348
2024-07-10,0.00355190,0.00587603,0.00478782,0.00473858,1.04877603,0.00661334,0.00478796,0.01040620,0.00989529,-0.00046147,0.00650377,0.00762920,0.00023089
2024-07-11,0.00399028,0.00000000,-0.00124251,0.00091592,1.04973663,-0.01103659,-0.01228769,-0.02193017,-0.00864035,-0.00253924,-0.02214404,-0.00885224,-0.00586679
2024-07-12,-0.00469908,-0.00278035,0.00037293,-0.00236883,1.04724998,0.00748431,0.00686010,0.00587482,0.00616385,0.01041426,0.00469026,0.00407080,0.01181924
2024-07-15,-0.00086556,0.00058296,-0.00122436,-0.00050232,1.04672393,0.00427131,0.00122389,0.00268785,0.00291123,0.00721484,-0.00092628,-0.00088963,0.00548760
2024-07-16,-0.00451620,0.00066833,0.00082099,-0.00100896,1.04566783,0.00316195,0.00191490,0.00038295,0.00580557,0.00329733,-0.00257224,0.00342000,0.00489694
2024-07-17,0.00440744,0.00057148,-0.00089340,0.00136184,1.04709186,-0.02167090,-0.00918228,-0.02935488,-0.01389897,-0.02175884,-0.01333251,-0.00332856,-0.01088576
2024-07-18,-0.00607384,0.00153566,0.00214659,-0.00079719,1.04625712,-0.00912060,-0.01345430,-0.00473255,-0.00768485,-0.01494439,-0.01244001,-0.01047430,-0.01744858
2024-07-19,-0.00485220,-0.00338351,-0.00623407,-0.00482326,1.04121075,-0.00592798,-0.00354262,-0.00886358,-0.00680346,-0.00211690,-0.00816028,-0.00637196,0.00390440
2024-07-22,0.00000000,0.00000000,-0.00020000,-0.00006667,1.04114133,0.01150373,0.00299103,0.01496086,0.01047550,0.00907484,0.00247319,0.00298373,0.00351617
2024-07-23,0.00000000,0.00000000,0.00000000,0.00000000,1.04114133,-0.00101762,-0.00127557,-0.00358661,-0.00156856,0.00210231,-0.00164101,-0.00137051,-0.00081519
2024-07-24,0.00792584,0.00441618,0.00971400,0.00735201,1.04879581,-0.03081628,-0.01929404,-0.03587033,-0.02266243,-0.03391608,-0.02203368,-0.01390154,-0.02194690
2024-07-25,0.00623312,0.00475120,0.00494906,0.00531113,1.05436610,-0.00224912,-0.00629798,-0.01104925,-0.00522883,0.00953070,-0.01177435,-0.00544934,-0.00167025
2024-07-26,-0.00451137,-0.00254923,-0.00536338,-0.00414132,1.04999963,0.01150742,0.00345649,0.01027801,0.01121842,0.01302581,0.00069167,0.00398318,0.00569463
2024-07-29,0.00111321,0.00000000,0.00000000,0.00037107,1.05038925,-0.00110059,-0.00531579,0.00200877,0.00058776,-0.00589831,-0.00388654,-0.00230761,-0.00975323
2024-07-30,-0.00260520,-0.00210462,0.00103965,-0.00122339,1.04910422,-0.00946994,-0.01253841,-0.01373141,-0.00506645,-0.00961196,-0.01785983,-0.00779848,-0.01195691
2024-07-31,-0.00949017,-0.00880856,-0.00361538,-0.00730470,1.04144082,0.01991572,0.00343038,0.02959369,0.01625461,0.01389887,0.00683951,0.00333345,0.00011819
2024-08-01,0.00705671,0.00282945,0.00411810,0.00466809,1.04630236,-0.01916042,-0.02052810,-0.02422145,-0.01423358,-0.01902623,-0.02564863,-0.01737336,-0.01856231
2024-08-02,0.00000000,0.00000000,0.00229969,0.00076656,1.04710442,-0.02533732,-0.00525602,-0.02373493,-0.01854614,-0.03373088,-0.00474617,-0.00531965,-0.00570224
2024-08-05,-0.02045941,-0.01268277,-0.02096134,-0.01803451,1.02822040,-0.02883083,0.02105818,-0.02981616,-0.02912366,-0.02755267,0.02509948,0.01121883,0.02685624
2024-08-06,-0.00191291,0.00436078,0.00150478,0.00131755,1.02957514,0.01083901,0.00355745,0.00955509,0.00898759,0.01397436,0.00526039,0.00541196,0.00000000
2024-08-07,0.02274485,0.01773459,0.01795695,0.01947879,1.04963002,-0.00641567,-0.02206718,-0.01082975,-0.00664713,-0.00177014,-0.02624919,-0.01875225,-0.02120010
2024-08-08,0.00385593,0.00396312,0.00275130,0.00352345,1.05332834,0.02898812,0.01506966,0.03059089,0.02331456,0.03305890,0.01589353,0.01286481,0.01645065
2024-08-09,0.00064439,-0.00001229,-0.00159250,-0.00032013,1.05299114,0.00682933,0.00877132,0.00522240,0.00410817,0.01115743,0.00821507,0.00570016,0.01239872
2024-08-12,0.00000000,0.00000000,0.00000000,0.00000000,1.05299114,-0.00114907,-0.00309715,0.00215359,0.00082578,-0.00642658,-0.00002215,-0.00175961,-0.00750969
2024-08-13,0.00453501,0.00531010,0.00051986,0.00345499,1.05662921,0.01969531,0.01249711,0.02481280,0.01633319,0.01793996,0.01483042,0.01015787,0.01250303
2024-08-14,-0.00939129,-0.00413354,-0.00624298,-0.00658927,1.04966679,0.00307496,0.00191017,0.00032427,0.00326580,0.00563482,-0.00168281,0.00165792,0.00575540
2024-08-15,0.00210283,0.00188364,-0.00049259,0.00116463,1.05088926,0.02025430,0.00918277,0.02526311,0.01714023,0.01835956,0.01207441,0.00649682,0.00897708
2024-08-16,-0.00125217,0.00032351,0.00003525,-0.00029780,1.05057631,0.00152398,0.00475460,0.00128578,0.00211546,0.00117069,0.00509923,0.00511407,0.00405048
2024-08-19,0.00824439,0.00394498,0.00526321,0.00581753,1.05668806,0.01142809,0.01103130,0.01313601,0.00968894,0.01145931,0.01283751,0.00879707,0.01145931
2024-08-20,-0.00202899,-0.00145136,-0.00524726,-0.00290920,1.05361394,-0.00051536,0.00027968,-0.00209861,-0.00164400,0.00219653,-0.00018736,-0.00082268,0.00184907
2024-08-21,0.00027691,0.00019256,0.00278988,0.00108645,1.05475864,0.00476203,0.00372150,0.00466414,0.00350821,0.00611374,0.00301424,0.00157207,0.00657819
2024-08-22,0.00476626,0.00200648,0.00374340,0.00350538,1.05845597,-0.01303997,-0.01612190,-0.01585492,-0.00790154,-0.01536345,-0.02060474,-0.01126991,-0.01649107
2024-08-23,-0.00704322,-0.00497736,0.00141427,-0.00353544,1.05471387,0.00902286,0.00069646,0.01084553,0.01051742,0.00570564,0.00158584,0.00453952,-0.00403598
2024-08-26,-0.00515413,-0.00164648,-0.00386215,-0.00355425,1.05096515,-0.00507583,-0.00462014,-0.00970833,-0.00227730,-0.00324187,-0.00857232,-0.00424376,-0.00104433
2024-08-27,-0.00200059,0.00000000,-0.00020000,-0.00073353,1.05019423,0.00231429,0.00731021,0.00298734,0.00128390,0.00267162,0.00648103,0.00361043,0.01183917
2024-08-28,-0.00702204,-0.00207442,-0.00561942,-0.00490529,1.04504272,-0.00979622,-0.00791515,-0.01134743,-0.00564549,-0.01239574,-0.01037183,-0.00511395,-0.00825966
2024-08-29,0.00915520,-0.00578150,0.00533187,0.00290185,1.04807528,0.00357254,-0.00329338,-0.00146388,-0.00001791,0.01219941,-0.00553584,-0.00353376,-0.00081056
2024-08-30,-0.00122316,0.00391534,0.00306916,0.00192045,1.05008806,0.00906565,0.00217626,0.01191943,0.00936722,0.00591030,0.00258926,0.00497530,-0.00103579
2024-09-03,0.00710853,0.00473800,0.01167151,0.00783935,1.05832006,-0.02417146,-0.01937005,-0.03036093,-0.02026404,-0.02188940,-0.02407016,-0.01486253,-0.01917745
2024-09-04,-0.00000465,0.00005412,-0.00090880,-0.00028644,1.05801691,-0.00242714,0.00490523,-0.00259847,-0.00244503,-0.00223793,0.00422962,0.00107234,0.00941373
2024-09-05,-0.00314857,-0.00045466,0.00027421,-0.00110967,1.05684286,-0.00166214,0.00150088,0.00093354,-0.00214238,-0.00377759,0.00451010,-0.00232351,0.00231605
2024-09-06,0.00040139,0.00002200,-0.00598732,-0.00185464,1.05488280,-0.01857721,-0.01971087,-0.02678726,-0.01673914,-0.01220524,-0.02528621,-0.01732916,-0.01651723
2024-09-09,-0.01003903,-0.00505320,-0.00610110,-0.00706444,1.04743064,0.01218610,0.00389374,0.01285966,0.01110268,0.01259597,0.00309010,0.00323143,0.00535970
2024-09-10,-0.00421762,-0.00283966,-0.00095927,-0.00267218,1.04463171,0.00982411,0.00269161,0.00924174,0.00435570,0.01587490,0.00530423,0.00078416,0.00198645
2024-09-11,0.02007660,0.01584131,0.01324715,0.01638835,1.06175150,0.01437931,0.01473166,0.02136659,0.01104248,0.01072886,0.01859059,0.01120831,0.01439607
2024-09-12,0.00266096,0.00331803,0.00185926,0.00261275,1.06452560,0.00947254,0.00850232,0.01016095,0.00764170,0.01061498,0.00975141,0.00735122,0.00840433
2024-09-13,-0.00198500,-0.00133747,0.00000000,-0.00110749,1.06334664,0.00224478,0.00338748,0.00447995,0.00522277,-0.00296838,0.00605317,0.00410927,0.00000000
2024-09-16,0.00077297,0.00206152,-0.00252295,0.00010385,1.06345707,0.00165334,0.00259228,-0.00441789,0.00147684,0.00790106,0.00010567,0.00195820,0.00571298
2024-09-17,0.00034881,0.00098849,-0.00350861,-0.00072377,1.06268737,-0.00120250,-0.00706709,0.00052827,0.00040864,-0.00454442,-0.00587877,-0.00359228,-0.01173021
2024-09-18,-0.00471262,-0.00227053,-0.00426285,-0.00374867,1.05870371,-0.00528504,-0.00660143,-0.00432955,-0.00296588,-0.00855969,-0.00686750,-0.00415085,-0.00878594
2024-09-19,-0.00306442,-0.00297695,-0.00411193,-0.00338443,1.05512060,0.02301843,0.00128720,0.02528424,0.01706448,0.02670657,0.00155405,-0.00005254,0.00236008
2024-09-20,-0.00404815,-0.00250670,0.00170947,-0.00161513,1.05341644,-0.00234765,0.00155000,-0.00194472,-0.00521034,0.00011212,-0.00014508,0.00029057,0.00450450
2024-09-23,0.00000000,0.00000000,0.00000000,0.00000000,1.05341644,0.00144287,-0.00041589,0.00128519,0.00293131,0.00011211,0.00018635,0.00057962,-0.00201365
2024-09-24,-0.00081770,0.00100923,-0.00227550,-0.00069466,1.05268467,0.00297266,0.00050922,0.00482362,0.00286131,0.00123305,0.00187838,0.00143739,-0.00178811
2024-09-25,-0.00141592,-0.00030527,0.00120473,-0.00017215,1.05250345,-0.00214280,-0.00064788,0.00092713,-0.00220550,-0.00515002,0.00222800,-0.00192597,-0.00224568
2024-09-26,-0.00040426,-0.00039217,0.00136986,0.00019114,1.05270463,0.00555146,-0.00577139,0.00751307,0.00396463,0.00517668,-0.00790482,-0.00362130,-0.00578807
2024-09-27,0.00043647,0.00148578,-0.00533777,-0.00113851,1.05150612,-0.00263433,-0.00396314,-0.00555703,-0.00145029,-0.00089566,-0.00764526,-0.00334851,-0.00089566
2024-09-30,-0.01318796,-0.00782532,-0.00245124,-0.00782150,1.04328176,0.00278360,0.00553242,0.00271186,0.00418220,0.00145675,0.00471407,0.00603064,0.00585256
2024-10-01,-0.00094746,-0.00265571,-0.01529530,-0.00629949,1.03670962,-0.01469073,-0.01424937,-0.01393243,-0.00899174,-0.02114804,-0.01318433,-0.00819672,-0.02136704
2024-10-02,-0.00157131,-0.00370086,-0.00370164,-0.00299127,1.03360854,0.00337273,0.00470183,0.00141293,0.00024618,0.00845908,0.00331002,0.00199045,0.00880503
2024-10-03,-0.00357521,0.00000000,0.00000000,-0.00119174,1.03237675,-0.00050664,0.00395075,-0.00074697,-0.00179312,0.00102018,0.00385626,0.00081077,0.00718522
2024-10-04,0.00216543,0.00265289,0.00443765,0.00308532,1.03556197,0.01299674,0.00244251,0.01189809,0.00908739,0.01800476,-0.00026669,0.00110073,0.00649351
2024-10-07,0.00222101,0.00048657,0.00168525,0.00146428,1.03707831,-0.01110758,-0.00753989,-0.01071165,-0.00904046,-0.01357063,-0.00677805,-0.00612638,-0.00971524
2024-10-08,0.00225851,0.00121502,0.00184657,0.00177337,1.03891744,0.01527252,0.01044923,0.01493466,0.00945756,0.02142535,0.00957372,0.00482101,0.01695296
2024-10-09,0.00199481,0.00091015,0.00275211,0.00188569,1.04087651,0.00916358,0.00859474,0.00786838,0.00692639,0.01269596,0.00848671,0.00694396,0.01035356
2024-10-10,-0.00232977,-0.00249135,0.00186141,-0.00098657,1.03984961,0.00132747,0.00496486,-0.00113556,-0.00175001,0.00686798,0.00354487,0.00062525,0.01072445
2024-10-11,-0.00187952,-0.00121694,-0.00353016,-0.00220887,1.03755272,0.00417730,0.00526496,0.00156317,0.00598823,0.00498051,0.00533888,0.00612794,0.00432807
2024-10-14,-0.00068218,-0.00052508,-0.00078896,-0.00066540,1.03686232,0.00733751,0.00253143,0.00839144,0.00812657,0.00549451,0.00348952,0.00528199,-0.00117723
2024-10-15,-0.00066883,0.00174469,0.00174363,0.00093983,1.03783680,-0.01017846,-0.01116645,-0.01344724,-0.00744493,-0.00964320,-0.01410120,-0.00795429,-0.01144385
2024-10-16,0.00035029,0.00119319,-0.00068889,0.00028486,1.03813244,-0.00017128,-0.00015051,0.00022412,0.00391420,-0.00465217,-0.00052934,0.00419124,-0.00411344
2024-10-17,-0.00269366,0.00117186,-0.00020000,-0.00057393,1.03753662,0.00055785,-0.00788263,0.00067221,0.00024046,0.00076087,-0.01045444,-0.00607602,-0.00711744
2024-10-18,-0.00186110,-0.00031973,0.00000000,-0.00072694,1.03678239,0.00433597,0.00086252,0.00655471,0.00384648,0.00260671,0.00082986,0.00089030,0.00086740
2024-10-21,0.00218750,0.00062312,0.00197202,0.00159421,1.03843525,-0.00001531,0.00339640,0.00192125,-0.00164218,-0.00032499,0.00446048,-0.00037681,0.00610554
2024-10-22,-0.00685217,0.00108740,0.00023445,-0.00184344,1.03652095,-0.00042780,0.00424904,0.00108998,-0.00053116,-0.00184222,0.00655531,0.00390672,0.00228509
2024-10-23,0.00377712,0.00158145,0.00320379,0.00285412,1.03947931,-0.01293062,-0.00928990,-0.01532382,-0.00913735,-0.01433069,-0.01059584,-0.00562571,-0.01164816
2024-10-24,0.00025723,-0.00282061,0.00000000,-0.00085446,1.03859111,0.00708952,0.00065806,0.00810877,0.00214537,0.01101443,0.00042673,-0.00129315,0.00284060
2024-10-25,0.00305995,0.00368784,0.00034201,0.00236326,1.04104558,0.00341076,-0.00143923,0.00609360,-0.00032802,0.00446672,0.00036353,-0.00424756,-0.00043365
2024-10-28,0.00044553,-0.00006229,-0.00036247,0.00000692,1.04105278,0.00159042,-0.00459264,0.00016151,0.00309132,0.00151844,-0.00613891,-0.00300388,-0.00463512
2024-10-29,0.00337157,-0.00155608,0.00134675,0.00105408,1.04215014,0.00933752,0.00928129,0.00960840,0.00161837,0.01678579,0.00895667,0.00331120,0.01557599
2024-10-30,0.00228141,-0.00160284,0.00299039,0.00122299,1.04342467,-0.00429786,-0.00354873,-0.00738764,-0.00316276,-0.00234317,-0.00585715,-0.00233962,-0.00244941
2024-10-31,0.00000000,0.00000000,0.00000000,0.00000000,1.04342467,-0.02358805,-0.01453483,-0.02536936,-0.01966617,-0.02572862,-0.01728340,-0.01222288,-0.01409820
2024-11-01,0.00025114,0.00107674,0.00034165,0.00055651,1.04400535,0.00757959,0.00378353,0.00735735,0.00442373,0.01095770,0.00397528,-0.00049009,0.00786541
2024-11-04,-0.00419308,-0.00389135,0.00000000,-0.00269481,1.04119195,-0.00173687,0.00004939,-0.00291324,-0.00218899,-0.00010839,-0.00166386,-0.00243356,0.00424559
2024-11-05,-0.00007809,0.00115430,0.00102673,0.00070098,1.04192181,0.01408301,0.00971486,0.01275694,0.01203952,0.01745257,0.00943377,0.01035498,0.00935584
2024-11-06,0.00367189,0.00283771,0.00128619,0.00259860,1.04462934,0.03105119,0.00867412,0.02716320,0.02497182,0.04101854,0.01002877,0.00313985,0.01285374
2024-11-07,0.00104781,-0.00559290,0.00623087,0.00056192,1.04521634,0.01612710,0.01001526,0.01574429,0.00756281,0.02507420,0.01011015,0.00411412,0.01582150
2024-11-08,-0.00159844,-0.00215355,0.00143245,-0.00077318,1.04440820,0.00547820,0.00574465,0.00116836,0.00448348,0.01078275,0.00215385,0.00338830,0.01169182
2024-11-11,-0.00102958,0.00025103,0.00217070,0.00046405,1.04489286,0.00783823,0.00237719,-0.00058350,0.00088601,0.02321217,-0.00296874,-0.00181724,0.01191755
2024-11-12,-0.00139080,-0.00172277,-0.00758663,-0.00356673,1.04116601,-0.00007540,0.00240203,-0.00182936,-0.00322354,0.00482672,-0.00169336,-0.00315695,0.01205639
2024-11-13,-0.00146644,-0.00043153,0.00145093,-0.00014901,1.04101086,0.00081308,0.00004489,-0.00126730,0.00053620,0.00317033,-0.00029274,-0.00043524,0.00086265
2024-11-14,-0.00051463,0.00227134,0.00000000,0.00058557,1.04162045,-0.00878894,-0.00776939,-0.00694973,-0.00629700,-0.01312009,-0.00629017,-0.00664635,-0.01037165
2024-11-15,-0.00008925,-0.00238991,0.00108713,-0.00046401,1.04113712,-0.01840524,-0.00948632,-0.02382591,-0.01275807,-0.01863173,-0.01266553,-0.00668114,-0.00911229
2024-11-18,-0.00602245,-0.00371187,-0.00178322,-0.00383918,1.03714001,0.00363156,0.00140893,0.00694766,0.00404589,-0.00009888,0.00379419,0.00329228,-0.00285968
2024-11-19,0.00368826,0.00100423,0.00945137,0.00471462,1.04202973,0.00812673,0.01505436,0.00687972,0.00365553,0.01384494,0.01214266,0.00956029,0.02346012
2024-11-20,-0.00570217,0.00000000,0.00358935,-0.00070427,1.04129586,0.00248954,0.00030039,-0.00057601,0.00033881,0.00770581,0.00001987,0.00020326,0.00067803
2024-11-21,0.00117819,-0.00035158,-0.00369579,-0.00095639,1.04029997,0.00695715,-0.00083733,0.00359719,0.00536833,0.01190591,-0.00248894,0.00045501,-0.00047806
2024-11-22,-0.00041743,-0.00088801,0.00606305,0.00158587,1.04194975,0.00635065,0.00592029,0.00160402,0.00309936,0.01434857,0.00271599,0.00311626,0.01192862
2024-11-25,-0.00114912,0.00011255,0.00300362,0.00065568,1.04263293,0.00087204,-0.00826716,0.00158168,0.00339205,-0.00235760,-0.00649147,-0.00331932,-0.01499069
2024-11-26,-0.00350943,0.00076655,-0.00689748,-0.00321345,1.03928248,0.00479718,0.00326193,0.00538897,0.00522150,0.00378108,0.00244056,0.00308951,0.00425572
2024-11-27,0.00128647,-0.00137046,-0.00369109,-0.00125836,1.03797469,-0.00957374,-0.00685979,-0.00789288,-0.00303005,-0.01779829,-0.00564772,-0.00271459,-0.01221707
2024-11-29,0.00000000,-0.00000911,0.00070601,0.00023230,1.03821581,0.00646978,0.00446707,0.00878686,0.00621211,0.00441035,0.00753069,0.00481940,0.00105112
2024-12-02,-0.00222214,-0.00349933,-0.00352700,-0.00308282,1.03501518,0.00454495,0.00271227,0.01088790,0.00179238,0.00095456,0.00837557,0.00109458,-0.00133333
2024-12-03,0.00090401,0.00013128,0.00240676,0.00114735,1.03620270,0.00406944,0.00684667,0.00306623,0.00046386,0.00867824,0.00568149,0.00086180,0.01399674
2024-12-04,0.00131208,-0.00073222,0.00354532,0.00137506,1.03762754,0.01913699,0.00835776,0.01234353,0.00620953,0.03885790,0.00563115,0.00335188,0.01609025
2024-12-05,-0.00300593,-0.00292842,-0.00573725,-0.00389054,1.03359062,-0.00550060,-0.00367010,-0.00275203,-0.00164566,-0.01210411,-0.00286637,-0.00164566,-0.00649826
2024-12-06,-0.00025698,-0.00067735,-0.00242408,-0.00111947,1.03243354,0.00822125,0.00482745,0.00894962,0.00189563,0.01381852,0.00765580,0.00060911,0.00621743
2024-12-09,-0.00350348,0.00019675,-0.00457828,-0.00262834,1.02971996,-0.01121835,-0.01216152,-0.00778757,-0.00514964,-0.02071786,-0.00603178,-0.00495318,-0.02549959
2024-12-10,0.00177458,0.00228221,0.00186786,0.00197488,1.03175353,-0.00712100,-0.00641713,-0.00340748,-0.00310908,-0.01484643,-0.00576754,-0.00424534,-0.00923852
2024-12-11,0.00038534,-0.00079228,-0.00149678,-0.00063457,1.03109881,0.01372471,0.00644587,0.01790242,0.00773059,0.01554111,0.00937143,0.00277328,0.00719290
2024-12-12,0.00090040,0.00214420,0.00073502,0.00125987,1.03239787,-0.00686763,-0.00229351,-0.00645380,-0.00515260,-0.00899648,-0.00223620,-0.00370932,-0.00093502
2024-12-13,0.00095112,-0.00257159,-0.00294660,-0.00152236,1.03082618,-0.00085086,-0.00477376,0.00765432,-0.00009928,-0.01010763,0.00013196,-0.00351253,-0.01094071
2024-12-16,0.00231481,-0.00092480,0.00186205,0.00108402,1.03194362,0.00976649,0.00665285,0.01440069,0.00412067,0.01077810,0.00954829,0.00125413,0.00915613
2024-12-17,-0.00485289,-0.00072950,-0.00953516,-0.00503918,1.02674347,-0.00597394,-0.00223302,-0.00440381,-0.00407080,-0.00944720,-0.00104407,0.00016551,-0.00582050
2024-12-18,0.02802105,0.02419836,0.03526235,0.02916058,1.05668391,-0.03681694,-0.03629076,-0.03607689,-0.02980357,-0.04457035,-0.03490610,-0.02930561,-0.04466056
2024-12-19,-0.00688631,-0.00886006,0.00000000,-0.00524879,1.05113760,-0.00030194,-0.01224196,-0.00445331,-0.00030702,0.00385452,-0.01346918,-0.00889475,-0.01436196
2024-12-20,-0.00575163,-0.00247513,-0.00539881,-0.00454186,1.04636348,0.01232865,0.02118103,0.00873252,0.00807030,0.02018312,0.01610375,0.01557316,0.03186616
2024-12-23,0.00350484,0.00347926,0.00018880,0.00239097,1.04886530,0.00263160,0.00279051,0.00811707,0.00653318,-0.00675545,0.00639015,0.00643098,-0.00444960
2024-12-24,0.00187995,0.00236769,0.00066530,0.00163765,1.05058298,0.01204668,0.00932375,0.01355978,0.01111503,0.01146522,0.00977459,0.00879106,0.00940560
2024-12-26,-0.00148234,-0.00089862,-0.00240920,-0.00159672,1.04890549,-0.00094073,0.00205546,-0.00067930,0.00006652,-0.00220941,0.00242277,0.00306922,0.00067437
2024-12-27,0.00117989,-0.00608370,0.00244680,-0.00081900,1.04804643,-0.01316883,-0.00688842,-0.01340634,-0.01079256,-0.01530760,-0.00667288,-0.00450179,-0.00949061
2024-12-30,-0.00242540,-0.00216804,-0.00217746,-0.00225697,1.04568103,-0.01245544,0.00116846,-0.01318660,-0.01107842,-0.01310129,0.00019398,0.00062937,0.00268203
2024-12-31,0.00182998,-0.00057552,-0.00029989,0.00031819,1.04601375,-0.00677476,-0.00957049,-0.00849479,-0.00370584,-0.00812364,-0.01096924,-0.00648409,-0.01125815
2025-01-02,-0.00063567,0.00033582,-0.00383110,-0.00137698,1.04457341,-0.00217018,-0.00976829,-0.00195607,-0.00245700,-0.00209748,-0.00791367,-0.00805918,-0.01333202
2025-01-03,0.00181338,0.00200097,0.00407959,0.00263131,1.04732201,0.01482755,0.00952325,0.01636517,0.01250342,0.01561405,0.01018798,0.00752302,0.01085874
2025-01-06,0.00304941,0.00418974,0.00019324,0.00247746,1.04991671,0.00644104,-0.00242469,0.01149292,0.00576062,0.00206958,0.00099233,-0.00152615,-0.00674026
2025-01-07,0.00028503,0.00014810,-0.00292948,-0.00083211,1.04904306,-0.01783977,-0.01943834,-0.01784421,-0.01118651,-0.02448859,-0.01980631,-0.01459610,-0.02391262
2025-01-08,-0.01296700,-0.00872424,-0.01564574,-0.01244566,1.03598702,0.00053915,0.00215709,0.00017470,0.00134194,0.00010082,0.00036887,0.00134194,0.00476046
2025-01-10,-0.00295309,-0.00251188,-0.00409344,-0.00318614,1.03268623,-0.01709087,-0.00826707,-0.01564228,-0.01526743,-0.02036290,-0.00834832,-0.00919984,-0.00725304
2025-01-13,0.00253712,0.00313069,-0.00814979,-0.00082733,1.03183186,-0.00338021,0.00729880,-0.00325309,0.00155041,-0.00843795,0.00869912,0.00976084,0.00343643
2025-01-14,-0.01931536,-0.01353326,-0.01443563,-0.01576142,1.01556872,0.00373112,-0.00354206,-0.00089010,0.00118681,0.01089664,-0.00713528,-0.00390170,0.00041080
2025-01-15,0.00026490,0.00057669,-0.00211224,-0.00042355,1.01513858,0.01961620,0.00231873,0.02250995,0.01827068,0.01806796,0.00672475,0.00404862,-0.00381718
2025-01-16,0.00267624,0.00008725,0.00381003,0.00219117,1.01736293,-0.00219388,-0.00668138,-0.00658302,-0.00181369,0.00181507,-0.01136845,-0.00426642,-0.00440926
2025-01-17,-0.00257690,-0.00301220,-0.00198378,-0.00252430,1.01479480,0.01217656,-0.00405955,0.01687846,0.00988777,0.00976346,-0.00212298,0.00088783,-0.01094351
2025-01-21,0.00100209,0.00224357,0.00482760,0.00269109,1.01752570,0.01047286,0.00306794,0.00586499,0.00930560,0.01624801,0.00061013,0.00396224,0.00463145
2025-01-22,-0.00239446,-0.00196143,-0.00020000,-0.00151863,1.01598046,0.01317040,0.00270080,0.01278582,0.00553851,0.02118686,0.00366335,0.00077568,0.00366336
2025-01-23,0.00366362,0.00263705,0.00201026,0.00277031,1.01879504,0.00313198,0.00747346,0.00212602,0.00554099,0.00172894,0.00680478,0.00652030,0.00909531
2025-01-24,0.00136468,0.00096597,0.00511584,0.00248216,1.02132385,-0.00426311,-0.00608435,-0.00565110,-0.00291923,-0.00421900,-0.00635999,-0.00301733,-0.00887574
2025-01-27,-0.00573480,-0.00502294,-0.00442812,-0.00506195,1.01615396,-0.01998487,0.00883441,-0.02924683,-0.01414543,-0.01656235,0.00614481,0.00766631,0.01269212
2025-01-28,0.00189301,0.00095946,-0.01014724,-0.00243159,1.01368309,0.01729073,0.01421184,0.01503482,0.00844220,0.02839518,0.01290711,0.00634345,0.02338498
2025-01-29,-0.00552140,-0.00052213,-0.00232150,-0.00278835,1.01085659,-0.00702839,-0.00607301,-0.00199283,-0.00433466,-0.01475769,-0.00311986,-0.00316372,-0.01193545
2025-01-30,-0.00364233,-0.00435075,-0.00544577,-0.00447962,1.00632834,0.00089057,0.00105412,0.00426243,0.00536714,-0.00695787,-0.00126024,0.00178820,0.00263440
2025-01-31,0.01046431,0.00803968,0.00837583,0.00895994,1.01534498,-0.00183663,-0.00909513,-0.00145302,-0.00532196,0.00126508,-0.00878691,-0.00934979,-0.00914869
2025-02-03,-0.00293324,-0.00331854,0.00058117,-0.00189020,1.01342577,-0.00620682,0.01173838,-0.00800322,-0.00672959,-0.00388765,0.00903656,0.00860513,0.01757347
2025-02-04,-0.00458697,-0.00353417,-0.00608917,-0.00473677,1.00862541,0.01218025,0.00652933,0.01227539,0.00650752,0.01775783,0.01126044,0.00640650,0.00192105
2025-02-05,0.00454865,0.00377109,0.00276197,0.00369390,1.01235117,0.00505111,0.00709512,0.00453791,0.00428814,0.00632729,0.00963934,0.00599361,0.00565242
2025-02-06,-0.00378732,-0.00092778,-0.00072411,-0.00181307,1.01051571,0.00374474,0.00213670,0.00521970,0.00344234,0.00257216,0.00424757,0.00054456,0.00161797
2025-02-07,-0.00050607,-0.00063439,0.00521877,0.00135943,1.01188944,-0.00917071,-0.01212998,-0.01263218,-0.00898865,-0.00589130,-0.01363791,-0.00991943,-0.01283261
2025-02-10,-0.00153972,-0.00053055,-0.00273117,-0.00160048,1.01026993,0.01192071,0.00391174,0.01212446,0.00662373,0.01701396,0.00385039,0.00135755,0.00652729
2025-02-11,-0.00337165,0.00019665,-0.00514483,-0.00277328,1.00746817,-0.00392353,0.00076878,-0.00238073,0.00076052,-0.01015038,0.00385961,0.00458053,-0.00613381
2025-02-12,0.00080423,-0.00267172,0.00304986,0.00039412,1.00786523,-0.00201750,0.00999846,0.00058713,-0.00322149,-0.00341815,0.01148765,0.00694259,0.01156515
2025-02-13,0.00024332,0.00398320,-0.00032626,0.00130009,1.00917555,0.01374508,0.00872538,0.01438577,0.01055754,0.01629192,0.01117023,0.00868515,0.00632075
2025-02-14,-0.00476894,-0.00361445,0.00242960,-0.00198460,1.00717274,0.00166436,0.00201655,0.00419854,-0.00004920,0.00084372,0.00400183,-0.00039348,0.00244131
2025-02-18,-0.00457600,-0.00450334,-0.00478287,-0.00462073,1.00251886,0.00505326,0.00173517,0.00226703,0.00287026,0.01002248,-0.00066700,0.00093308,0.00493942
2025-02-19,0.00018939,0.00154925,-0.00695422,-0.00173853,1.00077596,-0.00503568,-0.00296819,0.00027810,0.00214245,-0.01752759,0.00176393,0.00439287,-0.01506136
2025-02-20,0.00119800,0.00175322,0.00134083,0.00143069,1.00220775,-0.00878097,-0.00548652,-0.00424451,-0.00378615,-0.01831225,-0.00278433,-0.00179874,-0.01187648
2025-02-21,0.01114978,0.00946562,0.01634592,0.01232044,1.01455539,-0.02402700,-0.02509938,-0.02068016,-0.01726623,-0.03413462,-0.02277202,-0.01681526,-0.03571086
2025-02-24,0.00380992,0.00268591,-0.00270652,0.00126311,1.01583689,-0.00961361,-0.01302330,-0.01187942,-0.00451742,-0.01244400,-0.01517390,-0.00802299,-0.01587302
2025-02-25,0.00000000,0.00011979,-0.00122365,-0.00036795,1.01546311,-0.01120608,-0.00895626,-0.01259930,-0.00478910,-0.01622984,-0.01140128,-0.00472243,-0.01074506
2025-02-26,0.00226205,0.00442064,0.00151509,0.00273259,1.01823795,0.00557950,-0.00095499,0.00241565,0.00038699,0.01393585,-0.00188156,-0.00229893,0.00131552
2025-02-27,0.01387146,0.00936698,0.01442766,0.01255537,1.03102231,-0.02336993,-0.02952861,-0.02777130,-0.01586047,-0.02647802,-0.03447011,-0.01963642,-0.03447930
2025-02-28,0.00375221,0.00700946,0.00296608,0.00457592,1.03574018,0.01414327,0.01589095,0.01564155,0.01495394,0.01183432,0.01592586,0.01420862,0.01753837
2025-03-03,0.01176058,0.00913247,0.01707451,0.01265586,1.04884836,-0.01900980,-0.02679566,-0.02124603,-0.01690577,-0.01887760,-0.02779950,-0.02069845,-0.03188905
2025-03-04,-0.00028073,-0.00191325,0.00889283,0.00223295,1.05119039,-0.00588741,0.00242675,-0.00372009,-0.01195533,-0.00198682,0.00256991,-0.00491625,0.00962657
2025-03-05,-0.00327292,-0.00193335,0.01284121,0.00254498,1.05386565,0.01379382,0.01477413,0.01324049,0.01074784,0.01739313,0.01170899,0.01104580,0.02156760
2025-03-06,0.00402216,0.00021888,0.01497810,0.00640638,1.06061711,-0.02765123,-0.01174840,-0.02750941,-0.01775117,-0.03769310,-0.01112034,-0.00481337,-0.01931150
2025-03-07,-0.00665087,-0.01059606,-0.01455945,-0.01060213,1.04937232,0.00424814,0.00738856,0.00735354,0.00560493,-0.00021404,0.00950406,0.00879313,0.00386847
2025-03-10,0.00282637,0.00229993,0.00384313,0.00298981,1.05250974,-0.03869284,-0.02048767,-0.03875638,-0.02658355,-0.05073860,-0.02217396,-0.01229761,-0.02699144
2025-03-11,-0.01670400,-0.01279158,-0.01985167,-0.01644908,1.03519692,-0.00035282,0.00230793,-0.00239037,-0.00836589,0.00969779,-0.00158781,-0.00622095,0.01473255
2025-03-12,-0.00346062,-0.00470659,-0.01289280,-0.00702000,1.02792984,0.01219278,-0.00395238,0.01128075,0.00530652,0.01999107,-0.00467485,-0.00587011,-0.00131219
2025-03-13,-0.00719749,-0.00304178,-0.01380964,-0.00801630,1.01968964,-0.02149910,-0.01753539,-0.01799044,-0.01333047,-0.03317639,-0.01660892,-0.01265913,-0.02333813
2025-03-14,0.00030060,0.00064481,0.00089218,0.00061253,1.02031423,0.02757775,0.01586139,0.02417047,0.02051068,0.03805210,0.01251768,0.01190412,0.02316236
2025-03-17,-0.00230127,0.00215057,-0.00095317,-0.00036796,1.01993880,0.00917976,0.00906842,0.00648376,0.00785457,0.01320096,0.00658869,0.00774712,0.01286945
2025-03-18,-0.00270100,0.00000000,0.00000000,-0.00090033,1.01902051,-0.01411143,-0.00719250,-0.01688174,-0.01080843,-0.01464413,-0.00999145,-0.00669263,-0.00489343
2025-03-19,-0.01640380,-0.00425393,-0.00889075,-0.00984949,1.00898368,0.01329697,0.00882214,0.01321057,0.01094435,0.01573599,0.00855687,0.00769326,0.01021628
2025-03-20,-0.00036694,0.00070071,0.00098688,0.00044021,1.00942785,-0.00333093,0.00544299,-0.00334796,-0.00255660,-0.00408822,0.00503271,0.00422488,0.00707137
2025-03-21,0.00462728,0.00260949,0.00726592,0.00483423,1.01430765,0.00199828,0.01400175,0.00325488,-0.00309346,0.00583342,0.01425920,0.00836790,0.01937815
2025-03-24,-0.00044562,-0.00431346,-0.00128029,-0.00201312,1.01226573,0.02089790,0.00689075,0.02004721,0.01794454,0.02470197,0.00561672,0.00574632,0.00930921
2025-03-25,-0.00408567,0.00000000,0.00000000,-0.00136189,1.01088713,0.00618080,0.00383057,0.00607671,0.00240385,0.01006184,0.00421254,0.00027812,0.00700104
2025-03-26,0.00393249,0.00342738,0.00371700,0.00369229,1.01461962,-0.01799926,-0.01676946,-0.01840068,-0.01193828,-0.02365881,-0.01608775,-0.01147447,-0.02274616
2025-03-27,0.00050545,-0.00094119,0.00539200,0.00165209,1.01629586,-0.00852375,-0.00399435,-0.00569801,-0.00265569,-0.01721756,-0.00163761,-0.00017631,-0.01016913
2025-03-28,0.00400454,0.00180235,-0.00159284,0.00140468,1.01772344,-0.02481995,-0.02196291,-0.02632781,-0.02001481,-0.02811723,-0.02265480,-0.01732888,-0.02590505
2025-03-31,0.00862062,0.00852780,0.00681120,0.00798654,1.02585152,-0.00086034,0.01482438,-0.00004265,0.00658593,-0.00912429,0.01515414,0.01738719,0.01193182
2025-04-01,-0.01666014,-0.00775561,-0.02031261,-0.01490945,1.01055664,0.00830755,0.01109186,0.00806108,0.00282451,0.01403706,0.01155575,0.00631447,0.01540538
2025-04-02,-0.00899774,-0.00876330,-0.00965408,-0.00913837,1.00132179,0.00904578,0.02376786,0.00729850,0.00632832,0.01351052,0.02151806,0.01706153,0.03272399
2025-04-03,-0.00209166,0.00157621,-0.00744006,-0.00265184,0.99866645,-0.05204676,-0.01279233,-0.05342854,-0.04928080,-0.05343094,-0.01255368,-0.01542808,-0.01039525
2025-04-04,0.00871036,0.00790328,0.00115119,0.00592161,1.00458017,-0.06059916,-0.03383193,-0.06221295,-0.05805851,-0.06152603,-0.03530835,-0.03462104,-0.03156641
2025-04-07,-0.00492163,-0.00265243,-0.00692372,-0.00483260,0.99972544,-0.00016545,0.03873906,0.00241323,-0.00229458,-0.00061501,0.03677874,0.03105133,0.04838710
2025-04-08,0.03796723,0.03379163,0.03180483,0.03452123,1.03423719,-0.01573657,-0.05018374,-0.01800845,-0.01566279,-0.01353846,-0.05043820,-0.04863373,-0.05147929
2025-04-09,0.10051807,0.09430374,0.09999671,0.09827284,1.13587461,0.11386053,0.11867140,0.12003076,0.10501934,0.11653150,0.12135140,0.11182717,0.12283563
2025-04-10,-0.02117967,-0.02246262,-0.02318983,-0.02227738,1.11057031,-0.03997963,-0.01359506,-0.04259657,-0.04381904,-0.03352330,-0.01633742,-0.01426236,-0.01018540
2025-04-11,0.00304553,0.00351265,0.00684469,0.00446763,1.11553192,0.01484781,0.01759541,0.01849154,0.01784285,0.00820904,0.02192736,0.02089826,0.00996062
2025-04-14,-0.00090311,-0.00831276,-0.00867348,-0.00596312,1.10887987,0.00847486,-0.01361780,0.00677817,0.00970146,0.00894495,-0.01502820,-0.00906167,-0.01676352
2025-04-15,-0.00002535,0.00239735,-0.00422104,-0.00061635,1.10819642,0.00364348,0.00203221,0.00111480,-0.00280086,0.01261650,-0.00119946,-0.00382638,0.01112246
2025-04-16,0.00838211,0.00281565,0.01094650,0.00738142,1.11637648,-0.02550480,-0.00977263,-0.03015350,-0.02222801,-0.02413290,-0.01080106,-0.01132260,-0.00719424
2025-04-17,-0.00423750,-0.00273515,0.00095354,-0.00200637,1.11413661,-0.00098640,-0.00659181,-0.00036021,0.00142678,-0.00402576,-0.00704430,-0.00233113,-0.01040000
2025-04-21,-0.00177859,-0.00092290,0.00064917,-0.00068410,1.11337442,-0.02644139,-0.01394410,-0.02457097,-0.02380274,-0.03095046,-0.01168336,-0.01396884,-0.01618009
2025-04-22,-0.02026948,-0.01557676,-0.00624230,-0.01402951,1.09775433,0.02636139,0.01340489,0.02625199,0.02601775,0.02681444,0.01289823,0.01366940,0.01364706
2025-04-23,0.00100821,-0.00045207,0.00539347,0.00198320,1.09993140,0.02355214,-0.00780347,0.02292567,0.01604552,0.03168524,-0.00763909,-0.00873379,-0.00703753
2025-04-24,0.00499427,0.00384085,0.00443512,0.00442341,1.10479685,0.03225936,0.02576178,0.02788836,0.02040283,0.04848689,0.02381265,0.01849212,0.03498057
2025-04-25,0.00537518,0.00381076,0.00308216,0.00408937,1.10931477,0.01167922,0.01212927,0.01114796,0.00715151,0.01673820,0.01197079,0.00713308,0.01728395
2025-04-28,0.00209312,-0.00259150,-0.00326623,-0.00125487,1.10792272,0.00051106,-0.00082093,-0.00031742,0.00063700,0.00121359,-0.00131070,-0.00088866,-0.00026344
2025-04-29,-0.00832925,0.00063053,-0.00282745,-0.00350872,1.10403533,0.00857473,0.01169202,0.00660443,0.00620802,0.01291173,0.01140013,0.00985590,0.01382002
2025-04-30,0.00991238,0.00638910,0.00830304,0.00820151,1.11309009,-0.00001382,0.01753465,-0.00012618,0.00039688,-0.00031217,0.01785370,0.01272897,0.02202128
2025-05-01,-0.00671761,0.00000000,0.00665913,-0.00001949,1.11306839,0.00997742,-0.00622831,0.01306076,0.00708695,0.00978453,-0.00357874,-0.00339062,-0.01171557
2025-05-02,-0.00037951,-0.00240117,-0.00330684,-0.00202917,1.11080978,0.01827115,0.00529085,0.01484388,0.01461135,0.02535821,0.00470670,0.00336444,0.00780142
2025-05-05,-0.00128685,-0.00117292,-0.00429263,-0.00225080,1.10830957,-0.00414803,0.00390465,-0.00593253,-0.00550624,-0.00100533,0.00274453,0.00167090,0.00729853
2025-05-06,-0.01589042,-0.01447261,-0.01656908,-0.01564404,1.09097113,-0.01061057,0.00376257,-0.00930175,-0.00834058,-0.01418939,0.00385770,0.00157726,0.00585276
2025-05-07,-0.01080712,-0.00925231,-0.00972347,-0.00992763,1.08014037,0.00556823,0.00368575,0.00396751,0.00436642,0.00837076,0.00257219,0.00196376,0.00652130
2025-05-08,0.00211189,-0.00267764,-0.00623841,-0.00226805,1.07769056,0.01114341,0.00225886,0.01028304,0.00664588,0.01650132,-0.00049127,-0.00045998,0.00772782
2025-05-09,-0.00193888,-0.00384750,0.00035201,-0.00181145,1.07573837,-0.00303934,-0.00640785,-0.00065535,-0.00129208,-0.00717060,-0.00456947,-0.00393659,-0.01071748
2025-05-12,0.00478684,0.00453942,0.00424662,0.00452429,1.08060532,0.03498284,0.00218439,0.04074021,0.03321223,0.03099609,0.00169629,0.00261406,0.00224281
2025-05-13,-0.00161559,-0.00292685,-0.00124842,-0.00193029,1.07851945,0.01360572,0.01140642,0.01524072,0.00660389,0.01897256,0.01262864,0.00587923,0.01571138
2025-05-14,-0.00399316,-0.00236605,-0.00285877,-0.00307266,1.07520552,0.00264652,0.00053572,0.00599313,0.00127803,0.00066839,0.00369603,-0.00037427,-0.00171461
2025-05-15,-0.00177616,0.00176844,-0.00287278,-0.00096017,1.07417315,0.00072217,0.00554387,0.00109894,0.00488436,-0.00381679,0.00528537,0.00836806,0.00297819
2025-05-16,0.00191372,0.00375344,0.00084712,0.00217143,1.07650563,0.00600566,0.00394475,0.00435243,0.00638485,0.00727969,0.00163254,0.00504017,0.00516154
2025-05-19,-0.00202191,0.00239561,-0.00205644,-0.00056091,1.07590181,-0.00002998,0.01297846,0.00095875,0.00104337,-0.00209205,0.01510968,0.01147764,0.01234806
2025-05-20,-0.00554852,-0.00515041,-0.00383185,-0.00484359,1.07069058,-0.00305394,0.00114826,-0.00333327,-0.00344625,-0.00238231,0.00154003,-0.00048896,0.00239372
2025-05-21,-0.00143075,0.01191597,-0.01444767,-0.00132081,1.06927640,-0.01816490,-0.00909881,-0.01385819,-0.01656545,-0.02407107,-0.00621768,-0.00927877,-0.01179998
2025-05-22,-0.00675212,-0.00550545,0.00000000,-0.00408585,1.06490749,0.00242966,0.00202601,0.00183214,0.00017153,0.00528531,0.00066192,0.00072083,0.00469529
2025-05-23,-0.00259000,-0.00021727,-0.00527565,-0.00269431,1.06203831,-0.00788214,0.00531041,-0.00926070,-0.00679152,-0.00759420,0.00604528,0.00545158,0.00443437
2025-05-27,0.00072324,0.00268404,-0.00377439,-0.00012237,1.06190835,0.02088136,0.00751777,0.02352525,0.02077290,0.01834592,0.00982273,0.00866791,0.00406268
2025-05-28,-0.00603307,-0.00450312,-0.00549202,-0.00534274,1.05623485,-0.00571789,-0.00668519,-0.00443191,-0.00578533,-0.00693642,-0.00626221,-0.00647441,-0.00731895
2025-05-29,-0.00311270,-0.00712216,-0.01096726,-0.00706737,1.04877004,-0.00038961,-0.01119111,0.00196566,0.00394739,-0.00708188,-0.01215967,-0.00507537,-0.01633830
2025-05-30,-0.00218768,-0.00615778,-0.00083474,-0.00306007,1.04556073,0.00333528,0.00392002,-0.00157714,-0.00111855,0.01270151,-0.00063530,0.00078108,0.01161429
2025-06-02,0.00448537,0.00184565,0.00317870,0.00316991,1.04887507,0.00544298,0.00953347,0.00789813,0.00563294,0.00279788,0.01154203,0.00842180,0.00863658
2025-06-03,-0.00188864,-0.00040158,-0.00092877,-0.00107300,1.04774963,0.00787391,0.00805321,0.00781713,0.00570262,0.01010198,0.00714340,0.00633082,0.01068541
2025-06-04,-0.00152208,-0.00296114,-0.00229484,-0.00225935,1.04538239,0.00023656,-0.00025430,0.00278779,-0.00026842,-0.00180970,0.00143937,-0.00172541,-0.00047687
2025-06-05,0.00427690,0.00265834,0.00094526,0.00262683,1.04812844,-0.00456519,-0.00676935,-0.00752690,-0.00483278,-0.00133588,-0.01016636,-0.00766360,-0.00247808
2025-06-06,-0.00277863,-0.00114146,-0.00114268,-0.00168759,1.04635962,0.01088552,0.00154321,0.00977534,0.01026895,0.01261227,-0.00015094,0.00080179,0.00397878
2025-06-09,-0.00241855,-0.00188140,-0.00329976,-0.00253323,1.04370895,0.00126286,0.00073868,0.00147192,0.00090129,0.00141536,0.00105632,-0.00006670,0.00122642
2025-06-10,-0.00157527,-0.00211156,-0.00272166,-0.00213616,1.04147942,0.00326486,0.00269775,0.00661391,0.00553629,-0.00235560,0.00572321,0.00463164,-0.00226159
2025-06-11,0.00295487,0.00217230,0.00225167,0.00245962,1.04404106,-0.00231307,-0.00365350,-0.00336946,-0.00271973,-0.00085002,-0.00599305,-0.00468396,-0.00028350
2025-06-12,0.00000000,0.00000000,-0.00327263,-0.00109088,1.04290214,0.00604600,0.00613761,0.00234781,0.00397432,0.01181586,0.00483910,0.00623323,0.00734049
2025-06-13,0.00000854,-0.00402683,-0.00574002,-0.00325277,1.03950981,-0.01030950,0.00072939,-0.01255481,-0.01118012,-0.00719357,-0.00136446,-0.00250627,0.00605888
2025-06-16,-0.00134305,-0.00029973,-0.00155192,-0.00106490,1.03840284,0.01133985,0.00601025,0.01387202,0.00951424,0.01063329,0.00710650,0.00379747,0.00712678
2025-06-17,0.00330322,0.00356799,0.00344350,0.00343823,1.04197311,-0.00841420,-0.00382333,-0.00971419,-0.00854516,-0.00698324,-0.00494631,-0.00446510,-0.00205858
2025-06-18,0.00102725,0.00213770,-0.00368662,-0.00017389,1.04179192,-0.00183487,-0.00332462,-0.00017011,-0.00008368,-0.00525082,-0.00209394,-0.00160417,-0.00627576
2025-06-20,-0.00223577,-0.00137093,-0.00077116,-0.00145929,1.04027165,-0.00634864,-0.01046618,-0.00438572,-0.00542278,-0.00923744,-0.01050239,-0.00691868,-0.01397749
2025-06-23,-0.00682614,-0.00385057,-0.00203574,-0.00423748,1.03586352,0.01050716,0.01012566,0.00958855,0.00994548,0.01198744,0.00932025,0.00858766,0.01246907
2025-06-24,0.00097788,0.00109539,-0.00015372,0.00063985,1.03652631,0.01397476,0.00510697,0.01508313,0.01104724,0.01579393,0.00530835,0.00405408,0.00595848
2025-06-25,0.00000000,-0.00236615,0.00128244,-0.00036124,1.03615188,0.00018347,-0.00315420,0.00263090,0.00051089,-0.00259139,-0.00166033,-0.00134888,-0.00645340
2025-06-26,0.00211210,0.00150243,0.00058251,0.00139901,1.03760147,0.00868167,0.00432316,0.00935028,0.00797246,0.00872228,0.00528205,0.00482767,0.00285978
2025-06-27,0.00012831,-0.00322722,0.00963004,0.00217704,1.03986037,-0.00020701,-0.00254303,0.00342353,0.00451032,-0.00855487,0.00151665,0.00295327,-0.01209899
2025-06-30,0.00076170,-0.00393666,-0.00129709,-0.00149069,1.03831027,0.00924632,0.00093374,0.00647704,0.00530349,0.01595843,0.00068933,0.00092326,0.00118863
2025-07-01,-0.00045602,-0.00120280,-0.00223666,-0.00129849,1.03696203,-0.00681933,-0.00393656,-0.00846567,-0.00048548,-0.01150685,-0.00502065,0.00209293,-0.00888197
2025-07-02,0.00000000,0.00138200,0.00070217,0.00069472,1.03768243,0.00560053,0.00731437,0.00700221,0.00453331,0.00526608,0.00849568,0.00520057,0.00824685
2025-07-03,-0.00177961,-0.00133409,-0.00302296,-0.00204555,1.03555979,0.01344327,0.00768839,0.00984023,0.00788138,0.02260822,0.00549550,0.00464294,0.01292672
2025-07-07,-0.00442041,-0.00039337,-0.00749730,-0.00410369,1.03131017,-0.00667258,-0.00276639,-0.00753299,-0.00745195,-0.00503280,-0.00269186,-0.00429928,-0.00130801
2025-07-08,-0.00311701,-0.00278888,-0.00563478,-0.00384689,1.02734284,0.00111324,-0.00156330,0.00056156,-0.00056390,0.00334206,-0.00187936,-0.00164159,-0.00116896
2025-07-09,0.00136650,0.00130854,0.00340295,0.00202600,1.02942423,0.00538425,0.00151536,0.00707897,0.00601293,0.00306086,0.00319218,0.00207139,-0.00071749
2025-07-10,-0.00072183,-0.00007215,0.00345130,0.00088577,1.03033607,-0.00633044,-0.00678794,-0.00143820,0.00282024,-0.02037336,-0.00258579,0.00259532,-0.02037336
2025-07-11,0.00000000,-0.00146503,0.00617649,0.00157049,1.03195419,-0.00689980,-0.00230168,-0.00225043,-0.00351539,-0.01493358,0.00162660,0.00141311,-0.00994475
2025-07-14,0.00024967,0.00076128,-0.00079570,0.00007175,1.03202824,0.00656694,0.00656337,0.00362685,0.00184407,0.01422991,0.00400729,0.00258361,0.01309922
2025-07-15,-0.00359522,0.00153294,-0.00367444,-0.00191224,1.03005475,-0.00128095,-0.00569046,0.00091692,-0.00420955,-0.00055021,-0.00630076,-0.00857343,-0.00219720
2025-07-16,0.00105766,0.00081031,0.00377714,0.00188170,1.03199301,0.00395288,0.00134820,0.00102385,0.00331115,0.00752363,0.00001794,0.00073749,0.00328917
2025-07-17,0.00019175,0.00140278,-0.00549275,-0.00129940,1.03065203,0.00930152,0.00830892,0.00809273,0.00615187,0.01365996,0.00677395,0.00582960,0.01232322
2025-07-18,0.00000000,0.00000000,-0.00254848,-0.00084949,1.02977650,-0.00131320,-0.00415915,-0.00096120,-0.00073244,-0.00224598,-0.00330303,-0.00273320,-0.00644122
2025-07-21,-0.00182607,0.00233819,-0.00774473,-0.00241087,1.02729384,0.00281646,0.00088013,0.00520258,0.00189617,0.00135062,0.00371827,0.00000000,-0.00107788
2025-07-22,-0.00121456,-0.00050204,0.00000000,-0.00057220,1.02670602,-0.00261259,-0.00279819,-0.00519338,0.00014314,-0.00278752,-0.00540493,-0.00038150,-0.00260815
2025-07-23,0.00264591,0.00320158,0.00312017,0.00298922,1.02977507,0.00709143,0.00377263,0.00456125,0.00850746,0.00820559,0.00261408,0.00421186,0.00449196
2025-07-24,-0.00194912,0.00000000,0.00000000,-0.00064971,1.02910602,0.00165458,-0.00043276,0.00212838,0.00033112,0.00250425,-0.00021234,-0.00028364,-0.00080228
2025-07-25,-0.00051751,0.00085290,-0.00210426,-0.00058962,1.02849924,0.00394745,0.00391097,0.00240704,0.00408247,0.00535284,0.00254899,0.00302319,0.00616071
2025-07-28,0.00000000,-0.00119008,0.00024226,-0.00031594,1.02817429,0.00156711,-0.00107786,0.00312517,-0.00010989,0.00168604,0.00070455,-0.00084709,-0.00309105
2025-07-29,0.00000000,-0.00040783,0.00000000,-0.00013594,1.02803452,-0.00101162,-0.00605883,-0.00154891,-0.00263761,0.00115167,-0.00613217,-0.00484060,-0.00720372
2025-07-30,-0.00595802,-0.00656693,-0.00846446,-0.00699647,1.02084191,-0.00082857,-0.00159682,0.00133977,-0.00125933,-0.00256614,-0.00028160,-0.00229589,-0.00221298
2025-07-31,0.00415258,0.00417892,0.00558755,0.00463968,1.02557829,-0.00615139,-0.01661605,-0.00529911,-0.00375122,-0.00940383,-0.01658718,-0.01153326,-0.02172770
2025-08-01,-0.00745739,-0.00614332,-0.00639764,-0.00666612,1.01874166,-0.02107502,-0.01037750,-0.01969877,-0.01639033,-0.02713595,-0.00885779,-0.00731279,-0.01496192
2025-08-04,0.00056286,0.00178457,0.00043114,0.00092619,1.01968521,0.01839599,0.00984480,0.01845165,0.01510326,0.02163307,0.00903318,0.00869468,0.01180654
2025-08-05,-0.00418010,-0.00256534,-0.00571146,-0.00415230,1.01545117,-0.00521317,-0.00932010,-0.00678958,-0.00497536,-0.00387457,-0.00905570,-0.00604631,-0.01285829
2025-08-06,0.00363969,0.00090745,0.00433708,0.00296141,1.01845834,0.01054679,0.00925149,0.01258322,0.00765960,0.01139756,0.01106735,0.00592958,0.01075755
2025-08-07,-0.00407959,-0.00289606,0.00950610,0.00084348,1.01931739,-0.00572201,-0.01164884,0.00343721,-0.00083757,-0.01976567,-0.00419823,-0.00627122,-0.02447708
2025-08-08,0.00000000,0.00000000,-0.00597811,-0.00199270,1.01728619,0.00576629,0.00250686,0.00927504,0.00775010,0.00027372,0.00718731,0.00487336,-0.00454009
2025-08-11,-0.00289442,-0.00183676,0.00880736,0.00135873,1.01866841,-0.00546084,-0.00473899,-0.00295884,-0.00193047,-0.01149320,-0.00320173,-0.00241584,-0.00859940
2025-08-12,0.00265616,0.00207687,0.00021090,0.00164798,1.02034715,0.01139854,0.00742938,0.01256874,0.01064599,0.01098090,0.00850198,0.00689342,0.00689275
2025-08-13,-0.00049285,0.00096434,0.00000000,0.00015717,1.02050752,0.00124684,-0.00393125,0.00049996,0.00342311,-0.00018255,-0.00415265,-0.00003101,-0.00761007
2025-08-14,-0.00179259,-0.00377860,-0.00473033,-0.00343384,1.01700326,-0.00388426,0.00035931,-0.00077541,0.00007753,-0.01095490,0.00278412,0.00334479,-0.00505097
2025-08-15,-0.00426433,-0.00353007,-0.00047488,-0.00275643,1.01419997,0.00012802,-0.00094871,-0.00439739,-0.00232580,0.00710725,-0.00424284,-0.00394743,0.00534414
2025-08-18,0.00000000,0.00000000,0.00209022,0.00069674,1.01490660,0.00069964,0.00222660,-0.00043302,-0.00021758,0.00274952,0.00112761,0.00068444,0.00486774
2025-08-19,0.00093173,0.00046382,0.00344588,0.00161381,1.01654446,-0.01494153,-0.01498273,-0.01353342,-0.00542515,-0.02586601,-0.01233540,-0.00514678,-0.02746601
2025-08-20,0.00103850,0.00087464,-0.01002872,-0.00270519,1.01379451,-0.00364667,-0.00093377,-0.00593732,-0.00265704,-0.00234566,-0.00427568,-0.00201752,0.00349188
2025-08-21,-0.00445201,-0.00253119,-0.00151951,-0.00283423,1.01092118,-0.00404046,-0.00047877,-0.00462979,-0.00401185,-0.00347973,-0.00189599,-0.00114729,0.00160696
2025-08-22,0.00000000,0.00000000,-0.00085183,-0.00028394,1.01063414,0.01497494,0.01444291,0.01542750,0.01534104,0.01415629,0.01292790,0.01182263,0.01857820
2025-08-25,0.00231854,0.00132413,-0.00295302,0.00022988,1.01086646,-0.00481193,-0.00236777,-0.00288477,-0.00438556,-0.00716546,-0.00014025,-0.00243774,-0.00452531
2025-08-26,0.00000000,0.00242696,-0.00321106,-0.00026137,1.01060226,0.00228653,0.00302739,0.00401529,0.00396906,-0.00112475,0.00487865,0.00439116,-0.00018763
2025-08-27,-0.00244899,-0.00084960,-0.00817845,-0.00382568,1.00673601,0.00406578,0.00354417,0.00153682,0.00240303,0.00825748,0.00332406,0.00310284,0.00420561
2025-08-28,0.00026809,0.00161225,0.00246544,0.00144859,1.00819437,0.00839296,0.00696156,0.00625992,0.00365606,0.01526291,0.00517322,0.00261711,0.01309435
2025-08-29,-0.00269552,0.00000000,-0.00047744,-0.00105765,1.00712804,-0.00882718,-0.00695985,-0.01157552,-0.00583095,-0.00907508,-0.00740444,-0.00358318,-0.00989192
2025-09-02,-0.00277506,-0.00141172,0.00391869,-0.00008936,1.00703804,-0.00782501,0.00789220,-0.00838008,-0.00741688,-0.00767808,0.00767847,0.00449412,0.01150401
2025-09-03,-0.00350294,-0.00292649,-0.00122602,-0.00255182,1.00446826,0.00445985,0.00084813,0.00786164,0.00505181,0.00046611,0.00146988,0.00144709,-0.00037258
2025-09-04,0.00330651,0.00321661,0.00036190,0.00229501,1.00677353,0.00435092,0.00605001,0.00905736,0.00846799,-0.00447261,0.00786698,0.00718476,0.00309830
2025-09-05,0.00068611,0.00058862,0.00365240,0.00164238,1.00842703,0.00359191,-0.00460525,0.00144290,-0.00283491,0.01216773,-0.00763148,-0.00655431,0.00037003
2025-09-08,0.00012812,-0.00093880,0.00007275,-0.00024598,1.00817898,0.00825530,0.00323778,0.00487796,0.00250305,0.01738487,0.00086450,0.00032376,0.00852507
2025-09-09,0.00105910,0.00135538,0.00238539,0.00159995,1.00979202,0.00325041,0.00189726,0.00283311,0.00237350,0.00454463,0.00144910,0.00215726,0.00208541
2025-09-10,0.00155342,-0.00013867,0.00854327,0.00331934,1.01314386,0.00623975,-0.00566098,0.00032730,0.00282916,0.01556279,-0.00520780,-0.00215722,-0.00961793
2025-09-11,0.00000000,0.00000000,-0.00499468,-0.00166489,1.01145708,0.00518543,0.00052679,0.00582056,0.00831021,0.00142552,0.00144023,0.00527378,-0.00513365
2025-09-12,-0.00081327,-0.00166573,-0.00595009,-0.00280970,1.00861519,-0.00080400,-0.00221973,0.00441720,-0.00033453,-0.00649466,0.00276904,-0.00028893,-0.00913931
2025-09-15,0.00110307,-0.00139675,-0.00410625,-0.00146664,1.00713591,0.00802983,0.00390150,0.00855692,0.00532392,0.01020865,0.00550608,0.00192529,0.00427312
2025-09-16,-0.00107882,-0.00073007,-0.00037740,-0.00072876,1.00640195,-0.00103684,-0.00366182,-0.00084505,-0.00146767,-0.00079780,-0.00241305,-0.00231303,-0.00625937
2025-09-17,-0.00644638,-0.00408906,-0.00654681,-0.00569408,1.00067141,0.00042938,0.00026097,-0.00199601,-0.00115162,0.00443577,-0.00186094,-0.00125756,0.00390140
2025-09-18,0.00000000,0.00007172,0.00000000,0.00002391,1.00069534,0.01089300,0.00350707,0.00901695,0.00467247,0.01898958,0.00068918,0.00055901,0.00927303
2025-09-19,0.00135409,0.00152081,0.00624109,0.00303866,1.00373611,0.00819946,0.00580675,0.00676947,0.00205357,0.01577533,0.00338172,0.00194767,0.01209085
2025-09-22,0.00154665,0.00197935,0.00491989,0.00281530,1.00656193,0.00488145,0.00828371,0.00475515,0.00476930,0.00511989,0.00746144,0.00692389,0.01046581
2025-09-23,0.00307260,0.00380973,0.00219973,0.00302735,1.00960914,-0.00795089,-0.00809589,-0.00669047,-0.00536155,-0.01180066,-0.00697080,-0.00526458,-0.01205228
2025-09-24,0.00161017,0.00138574,0.00066715,0.00122102,1.01084190,-0.00559372,-0.00808396,-0.00346222,-0.00318150,-0.01013746,-0.00580406,-0.00513160,-0.01331621
2025-09-25,-0.00984362,-0.00760145,-0.00350673,-0.00698394,1.00378224,-0.00683617,0.00105447,-0.00439524,-0.00461352,-0.01149974,0.00216143,0.00016719,0.00083480
2025-09-26,0.00230639,0.00187449,0.00416796,0.00278295,1.00657572,0.00645439,0.00438239,0.00419559,0.00572905,0.00943852,0.00272567,0.00350260,0.00691890
2025-09-29,-0.00074311,-0.00190553,-0.00063092,-0.00109319,1.00547534,0.00540881,0.00048528,0.00463111,0.00281043,0.00878490,-0.00063427,-0.00102354,0.00311365
2025-09-30,-0.00112977,0.00271297,-0.00273652,-0.00038444,1.00508880,-0.00060661,-0.00000349,0.00273913,0.00380454,-0.00836351,0.00324182,0.00494019,-0.00819248
2025-10-01,0.00312640,0.00212416,0.00086085,0.00203714,1.00713630,0.00292126,0.00694419,0.00479704,0.00344504,0.00052169,0.01018136,0.00803731,0.00261392
2025-10-02,0.00060960,0.00033823,-0.00235971,-0.00047063,1.00666231,0.00361223,-0.00124098,0.00411107,0.00107689,0.00564874,-0.00219089,-0.00183459,0.00030255
2025-10-03,0.00308833,-0.00246262,0.00654682,0.00239084,1.00906909,-0.00395696,-0.00496691,-0.00420980,0.00002989,-0.00769098,-0.00549043,-0.00111942,-0.00829087
2025-10-06,-0.00115348,-0.00048282,0.00597657,0.00144676,1.01052897,0.00598261,-0.00069294,0.00752677,0.00354133,0.00687974,-0.00119977,-0.00001489,-0.00086415
2025-10-07,-0.00134178,-0.00133679,-0.00721695,-0.00329851,1.00719573,-0.00660576,-0.00845577,-0.00529849,-0.00370751,-0.01081128,-0.00742176,-0.00508520,-0.01286035
2025-10-08,0.00291710,0.00029050,0.00036216,0.00118992,1.00839421,0.00966170,0.00794223,0.01148056,0.00596306,0.01154149,0.00996019,0.00426706,0.00959944
2025-10-09,-0.00305437,-0.00191693,0.00101181,-0.00131983,1.00706330,-0.00145488,-0.00128010,-0.00117591,-0.00301585,-0.00017288,-0.00124125,-0.00363755,0.00103851
2025-10-10,0.01038525,0.00903973,0.00450609,0.00797703,1.01509667,-0.03095986,-0.03232569,-0.03501763,-0.02691184,-0.03095012,-0.03608930,-0.02843200,-0.03245576
2025-10-13,0.00036509,-0.00217468,0.00567874,0.00128972,1.01640586,0.01986699,0.00605681,0.02150729,0.01534409,0.02274958,0.00388541,0.00361765,0.01066737
2025-10-14,-0.00272251,-0.00091068,-0.00239877,-0.00201065,1.01436222,-0.00571578,0.00554063,-0.00666102,-0.00132722,-0.00915911,0.00451865,0.00759316,0.00451008
2025-10-15,-0.00943664,0.00067440,0.00261170,-0.00205018,1.01228260,0.00298717,-0.00591030,0.00705686,0.00454573,-0.00264108,-0.00296353,-0.00247443,-0.01229294
2025-10-16,0.00653774,0.00648295,0.00666741,0.00656270,1.01892591,-0.00492610,-0.01089612,-0.00370297,-0.00675015,-0.00432518,-0.00846127,-0.00920788,-0.01501921
2025-10-17,-0.00135612,0.00091505,-0.00210451,-0.00084853,1.01806132,0.00368079,0.00825324,0.00653511,0.00561543,-0.00110816,0.00996906,0.00741471,0.00737595
2025-10-20,0.00000000,-0.00060204,-0.00433441,-0.00164549,1.01638612,0.01128317,0.00662438,0.01266577,0.01040052,0.01078323,0.00728003,0.00596416,0.00662896
2025-10-21,-0.00144155,0.00000000,0.00000000,-0.00048052,1.01589773,0.00317494,0.00325408,-0.00029433,-0.00001490,0.00983405,-0.00042509,-0.00022340,0.01041072
2025-10-22,-0.00087852,-0.00591874,-0.00809287,-0.00496338,1.01085545,-0.00926195,-0.00908068,-0.00963394,-0.00510957,-0.01304234,-0.00872597,-0.00616071,-0.01235535
2025-10-23,0.00098060,0.00075377,0.00041018,0.00071485,1.01157806,0.00845759,0.00924442,0.00840641,0.00568982,0.01127654,0.00937330,0.00529845,0.01306151
2025-10-24,0.00000000,0.00000000,0.00000000,0.00000000,1.01157806,0.00985230,0.00087997,0.01067837,0.00833755,0.01054099,0.00180198,0.00118263,-0.00034471
2025-10-27,0.00195400,0.00216974,-0.00360855,0.00017173,1.01175178,0.01296741,0.00123426,0.01780911,0.01178277,0.00931034,0.00571639,0.00367642,-0.00569002
2025-10-28,0.00237407,0.00027326,0.00000000,0.00088244,1.01264459,0.00241886,-0.00068987,0.00768998,0.00264141,-0.00307482,0.00406117,0.00000000,-0.00613079
2025-10-29,-0.00179115,-0.00618566,-0.00974767,-0.00590816,1.00666173,-0.00261782,-0.00320403,0.00450294,0.00049487,-0.01285127,0.00028320,-0.00193112,-0.00796418
2025-10-30,0.00477473,0.00435384,0.00724611,0.00545823,1.01215631,-0.01237849,-0.00579463,-0.01528855,-0.01099812,-0.01084881,-0.00968094,-0.00595116,-0.00175177
2025-10-31,-0.00059529,-0.00141093,0.00028680,-0.00057314,1.01157621,0.00720549,-0.00165963,0.00482390,0.00328023,0.01351233,-0.00804201,-0.00435011,0.00741322
2025-11-03,-0.00175592,-0.00058033,0.00361746,0.00042707,1.01200822,0.00277368,-0.00369480,0.00478484,0.00189133,0.00164488,-0.00477083,-0.00338355,-0.00293002
2025-11-04,0.00482908,0.00237024,0.00104844,0.00274925,1.01479049,-0.02138177,-0.00669942,-0.02029806,-0.01186800,-0.03197926,-0.00646579,-0.00128677,-0.01234568
2025-11-05,-0.00112959,0.00030071,-0.00020000,-0.00034296,1.01444245,0.00260079,0.00337967,0.00662091,0.00341360,-0.00223214,0.00785785,0.00380011,-0.00151894
2025-11-06,-0.00884967,-0.00587053,-0.00646961,-0.00706327,1.00727717,-0.01708339,-0.01500765,-0.01873747,-0.01067826,-0.02183445,-0.01627559,-0.00910609,-0.01964126
2025-11-07,0.00606036,0.00548442,0.01576140,0.00910206,1.01644547,-0.00020516,0.00681608,-0.00315530,0.00098462,0.00155521,0.00235078,0.00458146,0.01351602
2025-11-10,0.00293868,0.00275841,0.00051620,0.00207110,1.01855063,0.01957399,0.00763805,0.02212418,0.01558937,0.02100840,0.00696374,0.00619430,0.00975610
2025-11-11,0.00086306,0.00310518,-0.00159407,0.00079139,1.01935670,-0.00238848,0.00200012,-0.00275982,0.00230398,-0.00670961,0.00151474,0.00448562,0.00000000
2025-11-12,0.00000000,-0.00020000,0.00000000,-0.00006667,1.01928874,-0.00359848,-0.00763559,-0.00072404,0.00055637,-0.01062776,-0.00604955,-0.00205903,-0.01479821
2025-11-13,0.00286422,0.00346192,0.00815344,0.00482653,1.02420836,-0.02145983,-0.01601246,-0.02038450,-0.01659399,-0.02740100,-0.01480066,-0.01243204,-0.02080469
2025-11-14,-0.00821737,-0.00613295,-0.01043041,-0.00826025,1.01574815,0.00205950,0.01567450,0.00075608,-0.00019344,0.00561587,0.01552831,0.00981394,0.02168125
2025-11-17,0.00008154,0.00115020,0.00074706,0.00065960,1.01641813,-0.01199239,-0.00766921,-0.00854055,-0.00928696,-0.01814966,-0.00435428,-0.00601762,-0.01263572
2025-11-18,-0.00572016,-0.00431883,-0.00506085,-0.00503328,1.01130222,-0.01027041,-0.00336454,-0.01217573,-0.00839755,-0.01023794,-0.00552016,-0.00304337,-0.00153008
2025-11-19,-0.00653844,-0.00449808,0.00000000,-0.00367884,1.00758180,0.00156787,0.00135940,0.00582080,0.00386317,-0.00498037,0.00454051,0.00279972,-0.00326202
2025-11-20,0.02415490,0.01769531,0.02144418,0.02109813,1.02883989,-0.02283740,-0.03896735,-0.02352692,-0.01524229,-0.02974300,-0.04242831,-0.03028637,-0.04418737
2025-11-21,-0.00276935,0.00231008,-0.00128879,-0.00058268,1.02824040,0.00620616,0.00384900,0.00751276,0.00991525,0.00119048,0.00442576,0.00603007,0.00109116
2025-11-24,0.00021328,-0.00057374,-0.00278713,-0.00104919,1.02716157,0.01774252,0.01126882,0.02557324,0.01467375,0.01298058,0.01659723,0.00902383,0.00818540
2025-11-25,0.00704719,0.00562617,-0.00010640,0.00418899,1.03146434,0.00835079,0.01160763,0.00616531,0.00949646,0.00939059,0.00891617,0.00955686,0.01634985
2025-11-26,-0.00287892,-0.00279733,-0.00445491,-0.00337705,1.02798103,0.00454508,-0.00122999,0.00883409,0.00693313,-0.00213199,0.00287342,0.00305476,-0.00961816
2025-11-28,0.00000000,0.00000000,0.00000000,0.00000000,1.02798103,0.00813767,0.00564932,0.00810718,0.00542887,0.01087695,0.00509649,0.00371589,0.00813559
2025-12-01,-0.00232787,-0.00253324,-0.00414558,-0.00300223,1.02489480,-0.00267859,0.00593379,-0.00327816,-0.00456548,-0.00019214,0.00585043,0.00215082,0.00980012
2025-12-02,-0.00152706,0.00000000,0.00000000,-0.00050902,1.02437311,0.00686213,0.00210910,0.00783092,0.00170521,0.01105025,0.00418655,-0.00071856,0.00285932
2025-12-03,0.00150292,0.00079530,0.00783175,0.00337666,1.02783206,0.00661447,0.01045011,0.00235768,0.00361006,0.01387569,0.00629418,0.00487826,0.02017787
2025-12-04,-0.00441995,-0.00382218,-0.00728195,-0.00517469,1.02251335,0.00393113,0.00049749,-0.00093020,0.00081885,0.01190476,-0.00318436,-0.00124033,0.00591716
2025-12-05,0.00000000,0.00000000,-0.00065658,-0.00021886,1.02228956,0.00662569,0.00398482,0.00407744,0.00181167,0.01398796,0.00176175,0.00032095,0.00987176
2025-12-08,-0.00205356,-0.00129829,-0.00322558,-0.00219248,1.02004822,-0.00182365,-0.00469180,-0.00191853,-0.00300427,-0.00054815,-0.00467148,-0.00431116,-0.00509276
2025-12-09,-0.00095137,0.00000000,-0.00482333,-0.00192490,1.01808472,0.00179439,0.00393812,0.00123342,-0.00087767,0.00502742,0.00327443,-0.00017566,0.00871560
2025-12-10,0.00516635,0.00095058,-0.01121462,-0.00169923,1.01635476,0.00397496,0.00556464,0.00409567,0.00664685,0.00118236,0.00602709,0.00734001,0.00332680
2025-12-11,0.00273387,0.00237511,-0.00006334,0.00168188,1.01806415,-0.00123516,0.00665385,-0.00323449,0.00225432,-0.00272529,0.00282133,0.00580903,0.01133118
2025-12-12,-0.00448175,-0.00287681,-0.00470741,-0.00402199,1.01396950,-0.01542869,-0.01247556,-0.01911826,-0.01068029,-0.01648752,-0.01359954,-0.00931456,-0.01451260
2025-12-15,0.00000000,-0.00163760,0.00348690,0.00061643,1.01459455,-0.01015168,-0.01366381,-0.00501939,-0.00154013,-0.02389553,-0.01266232,-0.00733514,-0.02099396
2025-12-16,-0.00566475,-0.00550632,0.00000000,-0.00372369,1.01081651,0.00265473,0.00600851,0.00198185,-0.00274713,0.00872948,0.00573768,-0.00057418,0.01286204
2025-12-17,0.00293797,0.00174735,0.00747700,0.00405411,1.01491447,-0.01488042,-0.01618125,-0.01853698,-0.01095987,-0.01514439,-0.02063420,-0.01248731,-0.01542223
2025-12-18,-0.00187738,-0.00120623,-0.00549151,-0.00285837,1.01201346,0.01205904,0.00007456,0.01449010,0.00755139,0.01413563,-0.00113152,-0.00166765,0.00302286
2025-12-19,-0.00007033,-0.00056727,-0.00052469,-0.00038743,1.01162138,0.01126150,0.00719932,0.01303541,0.00586870,0.01488039,0.00833401,0.00569030,0.00757363
2025-12-22,-0.00137753,-0.00251719,-0.00249991,-0.00213154,1.00946506,0.00700333,0.00113647,0.00350053,0.00646640,0.01104306,-0.00344411,0.00131590,0.00553761
2025-12-23,0.00120042,0.00134316,0.00128272,0.00127544,1.01075257,0.00038737,0.00281748,0.00468339,0.00455581,-0.00807710,0.00632481,0.00590712,-0.00377950
2025-12-24,-0.00031218,-0.00033035,-0.00047711,-0.00037321,1.01037534,0.00264123,0.00314361,0.00292553,0.00351765,0.00148052,0.00311902,0.00353223,0.00277958
2025-12-26,-0.00120881,-0.00124427,-0.00321721,-0.00189009,1.00846564,-0.00049849,-0.00061308,-0.00009616,-0.00019815,-0.00120115,-0.00126469,-0.00057454,0.00000000
2025-12-29,-0.00431358,-0.00223573,-0.00459722,-0.00371551,1.00471867,-0.00495330,0.00080733,-0.00482472,-0.00346718,-0.00656799,0.00122561,0.00045088,0.00074550
2025-12-30,0.00048613,0.00000000,0.00133983,0.00060865,1.00533020,-0.00244063,-0.00117070,-0.00230326,-0.00129389,-0.00372474,-0.00066146,-0.00070551,-0.00214512
2025-12-31,-0.00124300,-0.00010098,0.00436793,0.00100798,1.00634355,-0.00928011,-0.00976091,-0.00826566,-0.00742401,-0.01215067,-0.00861777,-0.00768402,-0.01298095
2026-01-02,-0.00567176,0.00019535,-0.00542921,-0.00363521,1.00268529,-0.00966816,-0.01705992,-0.00193713,0.00197988,-0.02904721,-0.01119247,-0.00364586,-0.03634144
2026-01-05,0.00073765,0.00000000,-0.00033294,0.00013490,1.00282055,0.00811901,0.00036282,0.00794298,0.00657192,0.00984214,-0.00214752,0.00168963,0.00154634
2026-01-06,0.00044985,0.00127657,0.00767704,0.00313449,1.00596388,0.00918095,0.00865599,0.00911827,0.00597644,0.01244813,0.00709752,0.00564011,0.01323032
2026-01-07,0.00207633,0.00145261,-0.00066847,0.00095349,1.00692306,0.00334237,0.00321598,0.00063339,-0.00318729,0.01258101,0.00157293,-0.00373452,0.01180952
2026-01-08,-0.00288257,-0.00142700,-0.00569071,-0.00333343,1.00356655,-0.00758740,-0.00478857,-0.00568892,-0.00013051,-0.01694277,-0.00410895,0.00100897,-0.01126574
2026-01-09,0.00079829,0.00007382,-0.00262269,-0.00058352,1.00298095,0.00733358,0.00621842,0.01003272,0.00660609,0.00536193,0.00850485,0.00498096,0.00516944
2026-01-12,-0.00056659,0.00021010,-0.00200027,-0.00078559,1.00219302,0.00192326,0.00780251,0.00075794,0.00167851,0.00333333,0.00780961,0.00659495,0.00900297
2026-01-13,-0.00845155,-0.00235200,-0.00194216,-0.00424857,0.99793513,-0.00747685,-0.00646810,-0.00148285,-0.00196336,-0.01898434,-0.00164204,-0.00232929,-0.01543298
2026-01-14,0.00193011,0.00306983,-0.00258450,0.00080515,0.99873862,-0.01260078,-0.00774147,-0.01068281,-0.00505858,-0.02206096,-0.00432309,-0.00092619,-0.01797513
2026-01-15,0.00434676,0.00173192,0.00819752,0.00475873,1.00349135,-0.00213246,-0.00931651,0.00359939,0.00276667,-0.01276343,-0.00769231,-0.00331140,-0.01694581
2026-01-16,0.00000000,0.00000000,0.00349901,0.00116634,1.00466176,-0.00556430,-0.00893436,-0.00116601,-0.00079449,-0.01473241,-0.00710631,-0.00279676,-0.01690000
2026-01-20,0.00582375,0.00534789,0.00653017,0.00590060,1.01058987,-0.02186797,-0.00455153,-0.02092407,-0.02047071,-0.02420913,-0.00404567,-0.00576678,-0.00384216
2026-01-21,-0.01425476,-0.01196620,-0.00430839,-0.01017645,1.00030565,0.00652149,0.00415104,0.01351840,0.01157093,-0.00552486,0.01117364,0.00846024,-0.00718077
2026-01-22,-0.00363505,-0.00073136,0.00207461,-0.00076393,0.99954149,0.00954507,0.00052570,0.00726942,0.00522323,0.01614256,-0.00255483,-0.00126114,0.00539307
2026-01-23,-0.00032849,-0.00062102,-0.00446144,-0.00180365,0.99773867,0.00375822,0.00488947,0.00315742,0.00017417,0.00794306,0.00482468,0.00138051,0.00846321
2026-01-26,0.00000000,-0.00130311,-0.00331593,-0.00153968,0.99620247,0.00697520,0.00503991,0.00440005,0.00526774,0.01125780,0.00361034,0.00324407,0.00826531
2026-01-27,-0.00161388,-0.00144216,0.00000000,-0.00101868,0.99518766,0.00077575,-0.00265033,0.00894781,0.00400589,-0.01062645,0.00341305,0.00190873,-0.01327277
2026-01-28,-0.00162333,-0.00102032,0.00415965,0.00050533,0.99569056,-0.00128474,-0.00548829,0.00342838,-0.00012221,-0.00716039,-0.00352501,-0.00233843,-0.01060143
2026-01-29,0.00582621,0.00421377,0.00678461,0.00560820,1.00127459,-0.01912408,-0.01067019,-0.00608004,-0.00194127,-0.04935092,-0.00518454,-0.00333147,-0.02349455
2026-01-30,0.00089228,-0.00433571,0.00278079,-0.00022088,1.00105343,-0.01206144,-0.00786860,-0.01191668,-0.00302563,-0.02124201,-0.00613703,0.00026019,-0.01772895
2026-02-02,-0.00384464,-0.00116116,0.01302751,0.00267391,1.00373015,0.00103002,0.00091956,0.00686639,0.00497131,-0.00874765,0.01202521,0.00845442,-0.01772096
2026-02-03,-0.00135295,0.00210729,-0.00084584,-0.00003050,1.00369954,-0.02336126,-0.02433568,-0.01536398,-0.00858486,-0.04613494,-0.01874901,-0.00972408,-0.04453396
2026-02-04,-0.00652513,-0.00511446,-0.00685535,-0.00616498,0.99751175,-0.01344500,-0.00786571,-0.01746902,-0.00471397,-0.01815201,-0.01507268,-0.00602593,-0.00249851
2026-02-05,0.00000000,0.00109734,0.00075877,0.00061870,0.99812891,-0.02563304,-0.01701188,-0.01439538,-0.01276614,-0.04973760,-0.00529815,-0.00515464,-0.04058285
2026-02-06,0.00302533,0.00287916,0.00095340,0.00228596,1.00041060,0.02520936,0.01337143,0.02113797,0.01947065,0.03501946,0.01576168,0.01344173,0.01091087
2026-02-09,-0.00089666,-0.00152380,0.00351703,0.00036553,1.00077627,0.01482107,0.01600904,0.00796621,0.00496655,0.03153044,0.01146690,0.00671579,0.02984442
2026-02-10,0.00272688,0.00177569,0.00201963,0.00217407,1.00295202,-0.00122320,-0.00462235,-0.00491712,-0.00286723,0.00411474,-0.00620830,-0.00415857,-0.00350018
2026-02-11,-0.00047720,-0.00249239,-0.00603827,-0.00300262,0.99994054,-0.00764624,-0.01210646,0.00265747,-0.00007225,-0.02552394,-0.00530517,-0.00628958,-0.02472463
2026-02-12,0.00000000,0.00231834,0.00501480,0.00244438,1.00238478,-0.02104425,-0.02169687,-0.02033893,-0.01552001,-0.02727382,-0.02288884,-0.01868230,-0.02351948
2026-02-13,-0.00254004,0.00078740,-0.00891146,-0.00355470,0.99882160,0.00839256,0.00596285,0.00213106,0.00068989,0.02235672,0.00248155,0.00007335,0.01533366
2026-02-17,-0.00206745,-0.00126791,0.00000000,-0.00111179,0.99771112,-0.00708989,-0.00171096,-0.00103004,0.00162819,-0.02186783,0.00488824,0.00398447,-0.01400560
2026-02-18,0.00246706,0.00092799,-0.00062701,0.00092268,0.99863169,0.00845024,0.00738374,0.00746715,0.00503771,0.01284585,0.00611184,0.00331862,0.01272076
2026-02-19,-0.00345847,-0.00321867,0.00000000,-0.00222571,0.99640902,-0.00305000,0.00049360,-0.00382971,-0.00263737,-0.00268293,0.00109487,0.00093589,-0.00054995
2026-02-20,0.00000000,-0.00002591,0.01214870,0.00404093,1.00043544,0.00127935,0.00665293,0.00884882,0.00721716,-0.01222793,0.01448044,0.01040567,-0.00492732
2026-02-23,-0.00494720,-0.00451406,-0.00621464,-0.00522530,0.99520786,-0.02329612,-0.01618417,-0.01215486,-0.01019698,-0.04753652,-0.00856406,-0.00790893,-0.03207951
2026-02-24,-0.00355797,-0.00003994,-0.00561263,-0.00307018,0.99215240,0.01234422,0.01220854,0.01065829,0.00726857,0.01910580,0.00899734,0.00799237,0.01963589
2026-02-25,0.00132662,0.00121610,0.00178290,0.00144187,0.99358295,0.01798141,0.01371228,0.01457668,0.00824907,0.03111848,0.00918062,0.00411487,0.02784134
2026-02-26,-0.00515278,-0.00464950,-0.00786824,-0.00589018,0.98773058,0.00141863,-0.00056899,-0.01206460,-0.00532452,0.02164502,-0.01031531,-0.00569755,0.01430589
2026-02-27,0.00098677,0.00092373,0.00000000,0.00063683,0.98835959,-0.00677292,0.00913598,-0.00300374,-0.00484528,-0.01246973,0.00734684,0.00424541,0.01581569
2026-03-02,-0.00421928,-0.00640927,-0.00212934,-0.00425263,0.98415647,0.00544700,0.01734682,0.00111951,0.00051021,0.01471129,0.01541262,0.01125681,0.02537103
2026-03-03,0.00315240,0.00387338,0.00807041,0.00503206,0.98910880,-0.00105066,0.01799215,-0.01070565,-0.00875659,0.01631026,0.00880385,0.00780671,0.03736589
2026-03-04,-0.00141016,-0.00226831,0.00114448,-0.00084466,0.98827334,0.01349563,0.01120864,0.01524319,0.00705540,0.01818830,0.01090771,0.00513475,0.01758346
2026-03-05,0.00508024,0.00278172,0.00000000,0.00262065,0.99086326,0.00480410,0.00813914,-0.00301269,-0.00557558,0.02300058,0.00248601,-0.00112890,0.02306031
2026-03-06,0.00335547,0.00000000,-0.00495167,-0.00053207,0.99033606,-0.00809109,0.00312749,-0.01504327,-0.01322452,0.00399452,-0.00093285,-0.00164833,0.01196365
2026-03-09,-0.00346776,-0.00412028,-0.01276774,-0.00678526,0.98361637,0.00642666,0.01606227,0.01335556,0.00887996,-0.00295555,0.02277757,0.01782740,0.00758185
2026-03-10,-0.00700084,-0.00693253,-0.00911204,-0.00768180,0.97606042,-0.00835902,-0.00839653,0.00001645,-0.00160703,-0.02348649,-0.00001645,-0.00079679,-0.02437635
2026-03-11,-0.00272409,-0.00319588,-0.00725965,-0.00439321,0.97177239,-0.00013663,-0.00452511,-0.00013163,-0.00132904,0.00105079,-0.00206914,-0.00191859,-0.00958762
2026-03-12,0.00000000,0.00000000,0.00489219,0.00163073,0.97335709,-0.01368413,-0.00792115,-0.01716336,-0.01514166,-0.00874738,-0.00912469,-0.00762858,-0.00701016
2026-03-13,0.00038916,0.00173628,-0.01088227,-0.00291895,0.97051591,-0.00695504,-0.00974465,-0.00592707,-0.00552519,-0.00941287,-0.01002118,-0.01032468,-0.00888810
2026-03-16,-0.00209425,-0.00577248,-0.00476996,-0.00421223,0.96642787,0.01006559,0.00053303,0.01109951,0.01007005,0.00902720,0.00044997,0.00097250,0.00017661
2026-03-17,0.00000000,-0.00119821,0.00110660,-0.00003054,0.96639836,0.00481855,0.00141866,0.00499742,0.00263067,0.00682755,0.00028186,-0.00237957,0.00635369
2026-03-18,0.00585656,0.00585432,-0.00391019,0.00260023,0.96891122,-0.01384612,-0.00857236,-0.01393977,-0.01368536,-0.01391325,-0.01095613,-0.01009935,-0.00466159
2026-03-19,-0.01109006,-0.00943279,-0.01142254,-0.01064846,0.95859381,-0.00148097,0.00569560,-0.00316019,-0.00270552,0.00142281,0.00595410,0.00433810,0.00679461
2026-03-20,0.00290001,0.00379300,0.00166421,0.00278574,0.96126420,-0.01766064,-0.01250173,-0.01848167,-0.01709557,-0.01740469,-0.01522688,-0.01213995,-0.01013836
2026-03-23,-0.00533841,-0.00443787,-0.01456934,-0.00811521,0.95346334,0.01293918,-0.00024457,0.01020513,0.01114041,0.01747198,-0.00426743,-0.00350267,0.00703637
2026-03-24,-0.00152028,-0.00070541,-0.00663724,-0.00295431,0.95064651,-0.01784246,-0.01164046,-0.00683673,-0.00381997,-0.04287068,-0.00141926,0.00297857,-0.03648069
2026-03-25,-0.00594703,-0.00446199,-0.00758016,-0.00599639,0.94494606,0.00227614,-0.00850569,0.00657557,0.00544959,-0.00519673,-0.00224055,-0.00280869,-0.02046784
2026-03-26,0.00891807,0.00657653,0.00615435,0.00721632,0.95176509,-0.01660373,-0.00772363,-0.02386785,-0.01785877,-0.00808458,-0.01512187,-0.01068920,0.00264018
2026-03-27,0.00261830,0.00363274,0.00031995,0.00219033,0.95384977,-0.02410373,-0.01570928,-0.01953676,-0.01691237,-0.03586207,-0.01441811,-0.01294942,-0.01976033
2026-03-30,0.00454145,0.00385018,0.00396961,0.00412041,0.95778003,-0.00050322,-0.01005848,-0.00751893,-0.00348482,0.00949408,-0.01591526,-0.01271656,-0.00154361
2026-03-31,0.00563797,0.00494612,0.00419147,0.00492518,0.96249727,0.03140838,0.02027174,0.03372437,0.02919442,0.03130636,0.02284286,0.01796726,0.02000510
2026-04-01,-0.00050015,0.00130569,0.00111455,0.00064003,0.96311330,0.00541621,-0.00174576,0.01233584,0.00741060,-0.00349781,0.00484969,0.00204924,-0.01213622
2026-04-02,0.00000000,0.00000000,0.00000000,0.00000000,0.96311330,0.00306992,0.01717958,0.00116379,0.00090043,0.00714554,0.01918219,0.01455710,0.01779946
2026-04-06,-0.00498428,-0.00353816,-0.00150330,-0.00334191,0.95989466,0.00400404,0.00294160,0.00601730,0.00450117,0.00149365,0.00387220,0.00445522,0.00049739
2026-04-07,-0.01096285,-0.00824331,0.00000000,-0.00640205,0.95374936,0.00043831,0.00580234,0.00015293,0.00066486,0.00049714,0.00503722,0.00391380,0.00845600
2026-04-08,-0.00485173,-0.00619351,0.01120449,0.00005309,0.95379999,0.01532021,-0.01516966,0.02973207,0.02554534,-0.00931677,-0.00430418,-0.00048788,-0.04071691
2026-04-09,0.00500551,0.00331302,-0.00835575,-0.00001241,0.95378816,-0.00887046,-0.00574754,0.00676467,0.00562080,-0.03899687,0.00703052,0.00743880,-0.03171194
2026-04-10,-0.00188991,-0.00093589,-0.00647869,-0.00310150,0.95082999,-0.00824626,-0.00926611,0.00145856,-0.00049275,-0.02570459,-0.00124215,-0.00263459,-0.02392157
2026-04-13,0.00633138,0.00677115,-0.00191254,0.00372999,0.95437658,0.02469145,0.02484793,0.01051744,0.00972003,0.05383688,0.01317024,0.01287256,0.04850100
2026-04-14,0.00526589,-0.00305656,0.00168371,0.00129768,0.95561505,0.01324842,0.00499001,0.01791073,0.01179514,0.01003940,0.01345813,0.00949992,-0.00798802
2026-04-15,0.00105079,0.00211985,0.00641127,0.00319397,0.95866726,0.02210798,0.01615488,0.01405260,0.00823511,0.04403624,0.01322566,0.00673129,0.02850768
2026-04-16,-0.00817943,-0.00398669,-0.01058342,-0.00758318,0.95139751,0.00796810,-0.00207265,0.00481644,0.00245735,0.01663051,0.00197118,0.00085585,-0.00904499
2026-04-17,-0.00251714,-0.00288500,-0.00031755,-0.00190656,0.94958361,0.01123487,-0.00087406,0.01308414,0.01208563,0.00853485,0.00504964,0.00566460,-0.01333643
2026-04-20,0.00024857,0.00000000,0.00592066,0.00205641,0.95153635,0.00305500,0.00430745,-0.00317485,-0.00199961,0.01433945,-0.00192889,-0.00008465,0.01493590
2026-04-21,-0.00521218,-0.00284929,0.00769745,-0.00012134,0.95142089,-0.00198239,-0.00531445,-0.00380340,-0.00654701,0.00440324,-0.00629232,-0.00872895,-0.00092208
2026-04-22,0.00229434,-0.00204023,-0.00422449,-0.00132346,0.95016172,0.01687427,0.00681163,0.01673056,0.01012669,0.02376557,0.00762901,0.00290489,0.00990099
2026-04-23,0.00049032,-0.00127383,-0.00440547,-0.00172966,0.94851827,-0.02259115,-0.00883708,-0.00563264,-0.00388071,-0.05826009,-0.00325912,-0.00147992,-0.02177221
2026-04-24,0.00171637,0.00055689,0.00647573,0.00291633,0.95128446,0.01553515,0.00760751,0.01928096,0.00781989,0.01950461,0.00830663,0.00455856,0.00995733
2026-04-27,0.00091531,0.00087093,-0.00066844,0.00037260,0.95163891,0.00154356,0.00411264,0.00037652,0.00155464,0.00269953,0.00125113,0.00270623,0.00838055
2026-04-28,0.00149094,0.00096079,-0.00389220,-0.00048016,0.95118197,-0.00668715,-0.00099398,-0.01005676,-0.00497133,-0.00503336,0.00021296,-0.00037931,-0.00281558
2026-04-29,0.00114710,0.00026397,0.00611178,0.00250762,0.95356717,0.00009348,0.00179931,0.00611360,0.00004919,-0.00588235,0.00446381,0.00081575,0.00011836
2026-04-30,0.00479684,0.00449733,-0.00662520,0.00088966,0.95441552,0.00409791,0.00311686,0.00932630,0.00994969,-0.00698225,0.00359209,0.00563928,0.00011919
2026-05-01,0.00000000,0.00119951,-0.00261824,-0.00047291,0.95396417,0.01495234,0.00420658,0.00964447,0.00279687,0.03241568,0.00750194,-0.00080416,0.00592197
2026-05-04,-0.00497712,-0.00373387,0.00000000,-0.00290366,0.95119418,0.00510064,0.00279998,-0.00192827,-0.00366326,0.02089345,-0.00263837,-0.00283306,0.01387137
2026-05-05,-0.00056664,-0.00137992,0.00013998,-0.00060219,0.95062137,0.00634866,0.00151421,0.01297408,0.00799409,-0.00192221,0.00538380,0.00277097,-0.00361215
2026-05-06,0.00394303,0.00216297,0.00082587,0.00231062,0.95281790,0.00978928,0.00469996,0.02052493,0.01394089,-0.00509799,0.01136991,0.00782795,-0.00509799
2026-05-07,0.00030339,0.00133541,-0.00124677,0.00013067,0.95294241,0.01014890,0.00077108,-0.00094882,-0.00310686,0.03450239,-0.00235436,-0.00472077,0.00938837
2026-05-08,0.00427702,-0.00368378,0.00753908,0.00271077,0.95552562,0.01166637,0.01150454,0.02344087,0.00825610,0.00330215,0.01615899,0.00366021,0.01469442
2026-05-11,-0.00146017,-0.00245606,-0.00031025,-0.00140883,0.95417945,0.00004245,0.00486624,0.00289639,0.00227760,-0.00504663,0.00412467,0.00386992,0.00660414
2026-05-12,0.00219109,0.00501557,-0.00294679,0.00141996,0.95553435,-0.00793117,-0.00451289,-0.00848182,-0.00152847,-0.01378322,-0.00138375,0.00173703,-0.01389195
2026-05-13,0.00333838,0.00275898,0.00019519,0.00209752,0.95753859,0.00225963,0.00313785,0.01056219,0.00560846,-0.00939177,0.00669052,0.00519994,-0.00247692
2026-05-14,-0.00245975,-0.00586498,-0.00418759,-0.00417078,0.95354491,0.01267563,0.01172807,0.00710778,0.00789428,0.02302483,0.00723461,0.00607813,0.02187148
2026-05-15,-0.00346578,-0.00281265,0.00088927,-0.00179639,0.95183198,-0.00484662,0.00349301,-0.01508773,-0.01202935,0.01257723,-0.00170389,-0.00353200,0.01571492
2026-05-18,-0.00776675,-0.00541216,-0.00817758,-0.00711883,0.94505605,0.00221488,0.00336749,-0.00452809,-0.00070349,0.01187623,-0.00817958,-0.00159496,0.01987700
2026-05-19,0.00155411,-0.00031573,0.00121182,0.00081673,0.94582791,-0.00750139,-0.00626617,-0.00593706,-0.00666080,-0.00990632,0.00245781,-0.00142900,-0.01982731
2026-05-20,0.00000000,0.00000000,0.00529510,0.00176503,0.94749733,0.01390861,0.01500949,0.01656380,0.01026263,0.01489940,0.01114435,0.00754373,0.02634039
2026-05-21,0.00326891,0.00291968,-0.00873632,-0.00084924,0.94669267,-0.00168573,0.00576168,0.00190703,0.00203707,-0.00900129,0.00778572,0.00559136,0.00390795
2026-05-22,-0.00474375,-0.00340521,-0.00560827,-0.00458575,0.94235138,0.00824316,0.00240976,0.00424067,0.00394469,0.01654412,-0.00073809,-0.00072363,0.00869099
2026-05-26,0.00163829,-0.00229632,0.00181613,0.00038603,0.94271515,0.00824606,0.00252513,0.01775511,0.00655760,0.00042549,0.00595074,0.00077332,0.00085134
2026-05-27,0.00023065,-0.00367120,0.00060541,-0.00094505,0.94182424,-0.00400570,-0.00007947,-0.00114477,-0.00018652,-0.01068581,-0.00479699,-0.00057266,0.00513125
2026-05-28,-0.00026117,0.00006524,0.00352410,0.00110939,0.94286910,0.01409632,0.01275109,0.00843930,0.00553002,0.02831963,0.00804407,0.00579807,0.02441113
2026-05-29,-0.00180080,-0.00276405,0.01265245,0.00269586,0.94541094,0.02288740,0.01687405,0.00368407,0.00247813,0.06250000,0.00063699,0.00075407,0.04923109
2026-06-01,0.00144438,0.00203820,0.00685970,0.00344743,0.94867018,0.02271677,0.01577379,0.00600019,0.00273639,0.05941373,0.00773364,0.00420991,0.03537781
2026-06-02,0.00036337,-0.00093622,0.00344159,0.00095625,0.94957734,-0.00722711,0.00329424,0.00453739,0.00135787,-0.02757660,0.00499744,0.00335522,0.00153008
2026-06-03,-0.00396794,-0.00241394,-0.00303624,-0.00313938,0.94659626,-0.01765423,-0.01324730,-0.00254668,-0.00716195,-0.04325408,-0.00414821,-0.00530238,-0.03029130
2026-06-04,-0.00015949,0.00104302,-0.00395695,-0.00102447,0.94562650,-0.00073889,0.00460094,-0.00483734,0.00401787,-0.00139721,0.00697504,0.00672783,0.00009995
2026-06-05,0.02130426,0.01205622,0.00859007,0.01398351,0.95884968,-0.03872001,-0.02995357,-0.04800097,-0.02608432,-0.04207476,-0.03424376,-0.01980567,-0.03581129
2026-06-08,0.00232131,0.00213484,-0.00327468,0.00039382,0.95922730,0.00532788,-0.00402496,0.01561569,0.00245454,-0.00208659,-0.00242404,-0.00556931,-0.00408155
2026-06-09,-0.00153791,-0.00304217,0.00392292,-0.00021905,0.95901718,-0.01416625,-0.01731759,-0.01141648,-0.00285436,-0.02822791,-0.02086503,-0.00876780,-0.02231993
2026-06-10,0.00306168,0.00328915,0.00803045,0.00479376,0.96361448,-0.01688377,-0.00608866,-0.02006654,-0.01584567,-0.01473911,-0.01135878,-0.01085371,0.00394650
2026-06-11,0.01374112,0.00689839,0.00035024,0.00699659,0.97035649,0.01452197,0.01602309,0.03377589,0.01699682,-0.00720681,0.02549729,0.01234974,0.01022222
2026-06-12,0.00000000,0.00000000,0.00000000,0.00000000,0.97035649,0.00296677,0.00246708,0.00588465,0.00543537,-0.00241971,0.00519781,0.00143106,0.00077237
2026-06-15,-0.00017312,-0.00115309,-0.00642980,-0.00258533,0.96784780,0.02361683,0.00581192,0.03141376,0.01760654,0.02183021,0.00799350,0.00396356,0.00547871
2026-06-16,0.00560287,0.00066554,-0.00030943,0.00198632,0.96977026,-0.01303388,-0.01071551,-0.01900538,-0.00596161,-0.01413466,-0.01669249,-0.00559274,-0.00986129
2026-06-17,-0.03266083,0.00738083,0.01764534,-0.00254489,0.96730230,-0.01558188,-0.01649699,-0.01007042,-0.01248784,-0.02418737,-0.01724724,-0.01374968,-0.01849406
2026-06-18,-0.00395990,-0.00360145,-0.00087302,-0.00281146,0.96458277,0.01069366,-0.00065759,0.02506540,0.00780069,-0.00078511,0.00463918,-0.00136407,-0.00524788
2026-06-22,0.00000000,-0.00094476,0.00054294,-0.00013394,0.96445358,-0.00895799,-0.00664001,-0.00360509,-0.00328910,-0.01997980,-0.00548503,-0.00456881,-0.00986618
2026-06-23,-0.00060653,0.00012706,0.00276871,0.00076308,0.96518953,-0.01573200,-0.00168749,-0.03292906,-0.01438147,0.00011453,-0.00292005,-0.00031343,-0.00182899
2026-06-24,0.00373795,0.00318453,0.00710851,0.00467700,0.96970372,-0.00560259,-0.00499618,-0.00404960,-0.00050438,-0.01225378,-0.00644422,-0.00266605,-0.00587828
2026-06-25,-0.00829587,0.00000000,-0.01356804,-0.00728797,0.96263655,-0.00311287,-0.01077990,0.00754122,0.00039552,-0.01727536,-0.01347293,-0.00732160,-0.01154519
2026-06-26,-0.00552131,-0.00145030,-0.01989946,-0.00895702,0.95401419,0.00701033,0.01167274,-0.01340557,-0.00614860,0.04058518,-0.00086264,0.00006173,0.03581914
2026-06-29,0.00697743,0.00117842,-0.00310081,0.00168501,0.95562172,0.02016335,0.00693997,0.02485422,0.01647485,0.01916100,0.01413185,0.00607583,0.00061223
2026-06-30,0.00276914,0.00076541,0.00118160,0.00157205,0.95712400,0.01078754,0.01362623,0.01701469,0.00744939,0.00789854,0.01687426,0.00705527,0.01694915
2026-07-01,0.00147940,0.00000000,-0.00099300,0.00016213,0.95727918,0.00466760,0.00190297,-0.01516839,-0.00107164,0.03024283,-0.00543068,0.00096644,0.01017316
2026-07-02,0.00038287,-0.00186765,-0.00678244,-0.00275574,0.95464117,-0.00539290,-0.00640659,-0.01740910,-0.00123371,0.00246411,-0.01788307,-0.00347873,0.00214202
2026-07-06,-0.00862553,-0.00406483,-0.00801701,-0.00690246,0.94805180,0.01202476,0.01122039,0.01433558,0.00870032,0.01303837,0.00401428,0.00339237,0.02625453
2026-07-07,0.00019447,-0.00318747,0.00254399,-0.00014967,0.94790990,-0.01011970,-0.00931499,-0.01852467,-0.00487169,-0.00696276,-0.00663708,-0.00346565,-0.01784224
2026-07-08,0.00309996,0.00166846,-0.00690147,-0.00071102,0.94723592,-0.00592404,0.00256634,0.00283326,-0.00307643,-0.01752895,0.00920633,0.00290651,-0.00441382
2026-07-09,-0.00034406,0.00194638,0.00332753,0.00164328,0.94879250,0.01342601,0.01590337,0.01656612,0.00857350,0.01513841,0.00681553,0.00583395,0.03506064
2026-07-10,0.00061388,0.00103407,0.00000000,0.00054932,0.94931369,-0.00273413,-0.00547944,0.00315835,0.00429753,-0.01565829,0.00667407,0.00384349,-0.02695588
2026-07-13,0.00000000,0.00126614,-0.00810403,-0.00227930,0.94714992,-0.00783759,-0.00370821,-0.01900732,-0.00764365,0.00313819,-0.00835981,-0.00438556,0.00162075
2026-07-14,-0.00290210,0.00000000,-0.00347791,-0.00212667,0.94513564,0.00826976,0.01219699,0.01122632,0.00355060,0.01003236,-0.00070812,0.00122518,0.03607392
2026-07-15,-0.00411926,-0.00242666,-0.00493934,-0.00382842,0.94151727,0.00151245,-0.00509714,-0.00273721,0.00396366,0.00331090,-0.00844098,0.00075573,-0.00760617
2026-07-16,0.00255486,0.00135598,-0.00509414,-0.00039443,0.94114590,-0.00813911,-0.00540999,-0.01651016,-0.00535234,-0.00255482,-0.00859538,-0.00264360,-0.00499097
2026-07-17,-0.00170846,0.00153252,-0.00890245,-0.00302613,0.93829787,-0.01150936,0.00616852,-0.01495984,-0.00996310,-0.00960512,0.00532061,0.00163055,0.01155439
2026-07-20,-0.00810036,-0.00664322,-0.00398808,-0.00624389,0.93243925,0.00045836,-0.00225699,0.00104986,-0.00161444,0.00193966,-0.00868748,-0.00665275,0.00856926
2026-07-21,-0.00053863,-0.00009308,-0.00309444,-0.00124205,0.93128111,0.00482222,0.00145910,0.01854725,0.00839521,-0.01247580,0.00339669,0.00272012,-0.00173951
2026-07-22,0.00251466,-0.00131190,0.00131422,0.00083899,0.93206245,-0.01224544,-0.00896576,-0.00510600,-0.00113588,-0.03049445,0.00245871,0.00113846,-0.03049445
2026-07-23,-0.00183571,-0.00183914,-0.00175235,-0.00180907,0.93037629,-0.01766009,-0.01124592,-0.01898348,-0.01242859,-0.02156819,-0.00390113,-0.00160948,-0.02822716
2026-07-24,0.00164897,-0.00003763,0.00000000,0.00053711,0.93087600,-0.00000764,-0.00393608,-0.01114226,0.00101601,0.01010333,-0.00892223,0.00056871,-0.00345472
2026-07-27,0.00023993,-0.00015941,-0.00853515,-0.00281821,0.92825260,0.01018914,-0.00345106,-0.00295214,0.00021653,0.03330302,-0.01366239,-0.00781302,0.01112223
2026-07-28,-0.00446948,-0.00220591,0.00186589,-0.00160317,0.92676446,0.00069512,0.00335632,-0.00987937,0.00239484,0.00956990,-0.00109430,0.00225923,0.00890403
2026-07-29,-0.02340381,-0.01496953,-0.00343102,-0.01393478,0.91385020,-0.00974951,-0.00958115,-0.02037040,-0.01530654,0.00642842,-0.02039215,-0.01412219,0.00577091
2026-07-30,-0.00167540,0.00249028,0.00378106,0.00153198,0.91525020,0.01994428,0.00997904,0.03297417,0.01668220,0.01017646,0.01302685,0.00766252,0.00924774
2026-07-31,0.00131394,0.00452079,0.00607726,0.00397066,0.91888435,0.00910194,0.00382188,0.00649550,0.00719977,0.01361055,-0.00595281,0.00315572,0.01426273
2026-08-03,0.00292370,0.00206202,0.00154807,0.00217793,0.92088562,0.02060965,0.01168625,0.01755839,0.01424307,0.03002749,0.01710010,0.01098153,0.00697710
2026-08-04,0.00662950,0.00376991,0.00566756,0.00535566,0.92581756,0.03300331,0.02504381,0.03396803,0.01802896,0.04701293,0.02215601,0.01406729,0.03890813
2026-08-05,0.00407552,-0.00164038,-0.00679247,-0.00145244,0.92447286,-0.00594534,-0.01329963,-0.00904884,-0.00202248,-0.00676471,-0.01232358,-0.00783657,-0.01973875
2026-08-06,-0.00039594,-0.00296238,-0.00775310,-0.00370381,0.92104879,-0.00797397,0.00726302,-0.00369441,-0.00157190,-0.01865561,0.00538814,-0.00214227,0.01854318
2026-08-07,0.00099086,-0.00271631,-0.00441321,-0.00204622,0.91916413,0.01689336,0.00566145,0.01172602,0.00606329,0.03289077,0.00399917,0.00285336,0.01013181
2026-08-10,0.00000000,-0.00154687,-0.00253034,-0.00135907,0.91791492,0.00645304,0.00861567,-0.00298743,-0.00024573,0.02259227,-0.00210413,0.00055656,0.02739458
2026-08-11,0.00074606,0.00184618,-0.00236982,0.00007414,0.91798297,-0.00563114,-0.00545877,-0.00335705,-0.00315641,-0.01037996,-0.00669165,-0.00508696,-0.00459770
2026-08-12,-0.00219278,-0.00155098,0.00000000,-0.00124792,0.91683740,0.00055465,-0.00248104,0.00730740,0.00243969,-0.00808314,-0.00464873,-0.00289140,0.00009702
2026-08-13,0.00000000,-0.00214824,0.00253611,0.00012929,0.91695594,0.01653764,0.01267014,0.01156557,0.00700351,0.03104385,0.00954285,0.00388452,0.02458305
2026-08-14,0.00000000,-0.00102506,0.00348544,0.00082013,0.91770796,-0.00801526,-0.00948801,-0.00136599,-0.00197974,-0.02070004,-0.00319058,-0.00282580,-0.02244764
2026-08-17,0.00288688,0.00238174,-0.00250264,0.00092199,0.91855408,-0.00881648,-0.00697591,-0.00164143,-0.00472731,-0.02008071,-0.00420220,-0.00452215,-0.01220339
2026-08-18,-0.00074245,0.00002146,-0.00554759,-0.00208953,0.91663474,-0.00799482,-0.00192240,-0.01693452,-0.00675579,-0.00029415,-0.00374891,-0.00162612,-0.00039216
2026-08-19,-0.00262318,0.00056654,-0.00945636,-0.00383767,0.91311700,0.00289159,-0.00022708,-0.00181182,0.00214998,0.00833660,-0.00580241,-0.00163560,0.00675676
2026-08-20,-0.00100243,0.00241513,0.00038841,0.00060037,0.91366521,-0.00812382,-0.00385495,-0.00740006,-0.00821740,-0.00875401,-0.00165709,-0.00415165,-0.00575610
2026-08-21,-0.00093964,-0.00383081,-0.01053558,-0.00510201,0.90900368,0.00724650,0.00185144,0.00355882,0.00385432,0.01432637,-0.00250269,-0.00043078,0.00848780
2026-08-24,-0.00273862,-0.00204429,-0.00920621,-0.00466304,0.90476496,-0.00727276,-0.00327469,-0.00997982,-0.00293841,-0.00890007,-0.00470648,-0.00171291,-0.00340467
2026-08-25,-0.00258354,0.00000000,0.00171092,-0.00029087,0.90450179,0.00118963,-0.00151716,0.00622947,0.00319593,-0.00585652,-0.00070302,-0.00032630,-0.00352216
2026-08-26,-0.00469499,-0.00215731,-0.00561482,-0.00415571,0.90074294,0.00214615,0.01059760,0.00091457,0.00022196,0.00530191,0.00417837,0.00176533,0.02584911
2026-08-27,-0.00794798,-0.00435846,0.00696666,-0.00177993,0.89913969,0.03256457,0.01767366,0.01369189,0.00655284,0.07744897,0.00583042,0.00338321,0.04380736
2026-08-28,-0.00035356,0.00012484,0.00000000,-0.00007624,0.89907114,-0.00539747,-0.00351489,-0.00648999,-0.00226949,-0.00743292,-0.00459888,-0.00312273,-0.00282306
2026-08-31,0.00000000,0.00047841,-0.00065442,-0.00005867,0.89901839,0.00060522,0.00450057,0.00046062,-0.00302853,0.00438356,0.00222325,-0.00040400,0.01168246
2026-09-01,-0.00659075,0.00087535,0.00158622,-0.00137639,0.89778099,-0.01800138,-0.00586824,-0.01254255,-0.00690986,-0.03455174,0.00053719,-0.00038057,-0.01776133
2026-09-02,0.00000000,0.00000000,0.00207054,0.00069018,0.89840062,-0.00641638,-0.00330250,0.00217585,0.00456861,-0.02599360,0.00312544,0.00360679,-0.01663973
2026-09-03,-0.00157423,-0.00040690,-0.00602126,-0.00266747,0.89600417,0.01876940,0.01098978,0.01178610,0.01038944,0.03413266,0.00959415,0.00683683,0.01653835
2026-09-04,-0.00348163,0.00000000,0.00000000,-0.00116054,0.89496431,-0.00809480,-0.00515057,0.00179748,-0.00382849,-0.02225339,-0.00053521,-0.00235748,-0.01255902
2026-09-08,0.00000000,0.00000000,0.00000000,0.00000000,0.89496431,-0.00819732,-0.00602856,-0.00083454,-0.00549215,-0.01826528,-0.00353581,-0.00404385,-0.01050602
2026-09-09,0.00000000,0.00000000,0.00078107,0.00026036,0.89519732,-0.00517691,-0.00386932,-0.00279804,-0.00464776,-0.00808494,-0.00006979,-0.00219872,-0.00933943
2026-09-10,0.00000000,0.00000000,0.00579155,0.00193052,0.89692552,-0.00759847,0.00163234,-0.01069310,-0.00591553,-0.00618678,0.00161119,-0.00018469,0.00347050
2026-09-11,0.00080615,0.00078034,0.00000000,0.00052883,0.89739984,0.00678033,-0.00180309,0.00873443,0.00844450,0.00316206,-0.00111782,-0.00056230,-0.00372915
2026-09-14,0.00348175,-0.00029841,0.00384858,0.00234397,0.89950332,0.01270343,0.01351907,-0.00786146,-0.00446166,0.05043341,0.00843849,0.00247694,0.02964179
2026-09-15,0.00000000,0.00000000,0.00769525,0.00256508,0.90181062,-0.00713240,-0.00213190,-0.00665482,-0.00452108,-0.01022131,-0.00601016,-0.00352183,0.00313629
2026-09-16,0.00689400,-0.00039897,0.00065673,0.00238392,0.90396047,-0.00326996,-0.00205186,0.00025549,-0.00447560,-0.00558977,-0.00463277,-0.00717577,0.00565297
2026-09-17,-0.00005352,-0.00013443,0.00000000,-0.00006265,0.90390383,0.01215437,0.00243191,0.01731184,0.01133877,0.00781250,0.00135484,-0.00072070,0.00666159
2026-09-18,0.00523516,0.00224792,-0.00058318,0.00229997,0.90598278,-0.00279774,-0.00504099,0.00631870,-0.00119329,-0.01351862,0.00364481,0.00049914,-0.01926692
2026-09-21,0.00529324,0.00340702,0.00364183,0.00411403,0.90971002,0.02322929,0.01600078,0.02754176,0.01550500,0.02664111,0.01845059,0.00946035,0.02009141
2026-09-22,0.00150466,-0.00299927,0.00374997,0.00075179,0.91039393,0.00152676,-0.00210522,0.00828252,-0.00015514,-0.00354709,0.00874518,-0.00083976,-0.01422107
2026-09-23,-0.00260785,-0.00173033,0.00000000,-0.00144606,0.90907745,-0.00097248,-0.00148039,-0.00836165,-0.00720215,0.01264637,-0.00771115,-0.00644418,0.00971418
2026-09-24,0.00189590,-0.00006965,-0.00381714,-0.00066363,0.90847416,-0.00321779,0.00302004,-0.00016190,-0.00070330,-0.00878816,0.00788941,0.00419467,-0.00302396
2026-09-25,-0.00132700,-0.00043330,0.00365266,0.00063078,0.90904721,-0.00024014,-0.00275645,0.00460133,0.00531755,-0.01063929,0.00224816,0.00334296,-0.01386047
