date,strategy,bh_c2c,open_to_close
2012-01-04,-0.051473749075071192,0.13980645068446748,-0.090078919016286021
2012-01-05,-0.067474667323573406,0.1288278034235284,-0.09172049788112456
2012-01-06,-0.06137071969095189,0.12613882172011234,-0.10079946824915534
2012-01-09,-0.055264148385602466,0.14519152881467517,-0.079034726391376542
2012-01-10,0.052610342932717942,0.18816201513531977,-0.11145454756110697
2012-01-11,0.0054726337174811493,0.17516034635048722,-0.088874930775455663
2012-01-12,-0.016554369393426062,0.14652242328827147,-0.11052796202135179
2012-01-13,-0.066392169641816656,0.13112367876513925,-0.08892286510950953
2012-01-17,0.012339902547728442,0.11656477719867966,-0.17817224125077238
2012-01-18,0.017814136503980237,0.15700433687768675,-0.12483743759701665
2012-01-19,0.047627140430582506,0.22256453219893554,-0.057880467279501177
2012-01-20,0.051788871242009031,0.23096269869541483,-0.049549220565400703
2012-01-23,0.0059819498728293039,0.22345463800495355,-0.020417623134285509
2012-01-24,-0.033161441956928779,0.19388027959117829,-0.02825898679549901
2012-01-25,-0.025294896078660992,0.22770759222995496,0.013245851861428772
2012-01-26,-0.010792274076309815,0.18863293890174224,-0.054539831424472482
2012-01-27,-0.045123116293554512,0.17596273509113095,-0.042495784312719657
2012-01-30,-0.12322966788983837,0.23757903898947466,0.11323219816306661
2012-01-31,-0.1076182006795529,0.20332732835838227,0.050889546184518381
2012-02-01,-0.0982352997402271,0.17205540675820086,-0.0019143602500193261
2012-02-02,-0.065556229753400364,0.18730784806624112,-0.0090004519860618585
2012-02-03,0.016933661408997824,0.23831405298230754,-0.0087656768433827248
2012-02-06,-0.014490004594245171,0.2231025075477156,-0.0026411006669853155
2012-02-07,-0.04414171653211689,0.20695746147839814,0.00054650572858274283
2012-02-08,-0.046361306183247852,0.20010480878455972,-0.0072775356682443833
2012-02-09,-0.015843676738304717,0.21544348121562185,-0.012383534047164326
2012-02-10,-0.042494515515660601,0.18152961450960095,-0.037095975051031065
2012-02-13,0.035215544013254857,0.18790277306298411,-0.097140740304413373
2012-02-14,0.021291455735833419,0.17198247498022892,-0.10756433884733224
2012-02-15,0.065666085876103397,0.1653822476442387,-0.15598097643268657
2012-02-16,0.04246604978877238,0.18593930097788192,-0.10558056468437213
2012-02-17,0.087662073149926384,0.18445418229402141,-0.14784029792562281
2012-02-21,0.098360171815115569,0.17730499823374885,-0.16748055797727601
2012-02-22,0.16101272170472908,0.25149928104185165,-0.11758930861877993
2012-02-23,0.16164564847889559,0.29763146394748652,-0.052534682264048699
2012-02-24,0.18459687556388515,0.31020667620923131,-0.054909083510486956
2012-02-27,0.10766937891497695,0.27114053288878109,-0.042485220456934557
2012-02-28,0.083172432656345774,0.25687656038593926,-0.041135282911475238
2012-02-29,0.071230528704039481,0.31340257005934408,0.048604746752519801
2012-03-01,0.095776901340276402,0.32667352143038991,0.045733887950118346
2012-03-02,0.02746565164801611,0.23848675127592389,-0.019841209165588007
2012-03-05,0.021968494074767354,0.25358500535951584,0.0064377689059530487
2012-03-06,-0.070730995562213725,0.22347737978460294,0.046207733477926796
2012-03-07,-0.06578864175392013,0.21574944348104627,0.030676377555955259
2012-03-08,-0.010079945866933645,0.26547336311653963,0.052220608347224078
2012-03-09,0.078221015201551433,0.36478973063448278,0.11460693143988304
2012-03-12,0.100497560163615,0.33477690336898408,0.051530228134716603
2012-03-13,0.18422686521529516,0.43953946672041205,0.12750103937925655
2012-03-14,0.38067632329256923,0.48578907442948233,0.021313381570958623
2012-03-15,0.41498000902204107,0.59454587510540235,0.14557350043540371
2012-03-16,0.29448485059740676,0.52377918264827916,0.15029739670727077
2012-03-19,0.23483093974415661,0.54414736285894061,0.23218515786310606
2012-03-20,0.10249060362947092,0.46382586736057874,0.23219918524887048
2012-03-21,0.10777959371300866,0.4719787431666107,0.23923012621698439
2012-03-22,0.074621834212451471,0.42721079499482301,0.20432474619563909
2012-03-23,0.039580456728941234,0.39950405445776377,0.19504878112501797
2012-03-26,0.07310955940331415,0.44732333964097615,0.2348118521777818
2012-03-27,0.063775911527517867,0.44434399290146753,0.23873684626994307
2012-03-28,0.066266191574226849,0.3927852807745903,0.16248184768820684
2012-03-29,-0.014324756675569343,0.35486760300902076,0.17870184070241033
2012-03-30,0.02942825328707991,0.37910585071218905,0.17517872492928532
2012-04-02,-0.02349164914413222,0.39264302586997424,0.24094237247551137
2012-04-03,-0.051090434371048002,0.37084963197072013,0.23388210684984878
2012-04-04,-0.090128259832300731,0.32738599206201496,0.2061388432241984
2012-04-05,-0.1491367070962174,0.31128559700443598,0.23471468929692996
2012-04-09,-0.22623662453313792,0.27260455666292982,0.2481908082971058
2012-04-10,-0.27226441722024097,0.21323862732883567,0.20302681826583074
2012-04-11,-0.20564506799784102,0.26193851956876463,0.21539056327462011
2012-04-12,-0.15883217234235419,0.35185905458337285,0.30306843983967646
2012-04-13,-0.20884130020938305,0.29956504523782246,0.27172169130048857
2012-04-16,-0.13059187058388305,0.29335084658248572,0.19425224106129671
2012-04-17,-0.10162661861913383,0.34163846277858417,0.23858683677304887
2012-04-18,-0.054882312188096867,0.37633118569564122,0.24683749753289191
2012-04-19,-0.064885761034823908,0.3229854811135357,0.17903347511869758
2012-04-20,-0.11951495656797524,0.27105069449259295,0.15135625861351587
2012-04-23,-0.23041029235982194,0.2116345552713966,0.16331800151754106
2012-04-24,-0.21976529393044791,0.23287016176480368,0.18446125618706252
2012-04-25,-0.17111233233455436,0.25490152987142323,0.17430302280726997
2012-04-26,-0.20050608713976326,0.2568156829263934,0.20266030967620521
2012-04-27,-0.16617882108862625,0.24981486363989935,0.16274446759021033
2012-04-30,-0.18368689617240677,0.22326770563576323,0.14000556146487833
2012-05-01,-0.22221618565951679,0.25717226885560046,0.22203275695557598
2012-05-02,-0.25022652860929512,0.26017899999130589,0.25102292848600183
2012-05-03,-0.24653473946210128,0.2554753021503135,0.24102815388238394
2012-05-04,-0.24425310221167687,0.22395577324901036,0.19375655279654694
2012-05-07,-0.33906502580246228,0.20788130984125777,0.25241939688549614
2012-05-08,-0.38129686723694989,0.17340104048607582,0.2401470658592427
2012-05-09,-0.4805950622300158,0.1101952334681164,0.23740240279123723
2012-05-10,-0.4197577784728978,0.16540881430313173,0.26425466949141985
2012-05-11,-0.44502251552005145,0.1313921431718848,0.23810460652643781
2012-05-14,-0.51627301556520555,0.11660303607683334,0.28067861140812905
2012-05-15,-0.49560807939169982,0.11923572955172329,0.26610265511276293
2012-05-16,-0.43646554559270229,0.10314301820745561,0.19109391073719426
2012-05-17,-0.43861322875797881,-0.00082679251685905568,0.043757255595344782
2012-05-18,-0.43464706858764723,-0.048590313950587209,-0.027737451099661362
2012-05-21,-0.39391111634819187,0.061000753694271409,0.093038494604763544
2012-05-22,-0.28928019550635042,0.11928045020383032,0.084101156258753182
2012-05-23,-0.36112028280217101,0.12522397092851134,0.15527690314408776
2012-05-24,-0.31287045923095935,0.1192609865428101,0.10485696531968954
2012-05-25,-0.29612865735382327,0.085017033875486606,0.041380712372308275
2012-05-29,-0.25814553407803242,0.12097620827014054,0.060066188727924456
2012-05-30,-0.3869912365925719,0.012381465142078291,0.016509978581662282
2012-05-31,-0.36906956119260403,0.10104995677531194,0.12815291427422379
2012-06-01,-0.48324934547832171,-0.0043928028233047147,0.078428670951828025
2012-06-04,-0.38639994262201438,0.036837193672123118,0.051334838386075284
2012-06-05,-0.38228823798219408,0.11555429833780852,0.16089906383484709
2012-06-06,-0.3682259539879349,0.21539071833469575,0.29158401655090005
2012-06-07,-0.27504314014516923,0.23620414819315746,0.24128303893557446
2012-06-08,-0.31279528142727087,0.23758151530116434,0.27599113188991409
2012-06-11,-0.22500763751064135,0.24324412645222965,0.20772811771195154
2012-06-12,-0.22113200397146701,0.28898727146539183,0.26937165415314601
2012-06-13,-0.30775804350924052,0.20658404138832334,0.22651046231427249
2012-06-14,-0.23515451308624621,0.33030298126578561,0.33873206538429723
2012-06-15,-0.24221312994823349,0.34247160456518211,0.36199919435687716
2012-06-18,-0.30739140037878626,0.35942633984905303,0.4422488148532755
2012-06-19,-0.24701963371272398,0.3789838354730769,0.41839041387743819
2012-06-20,-0.28357117141982746,0.31298941372419165,0.35605737726340625
2012-06-21,-0.25312355657059721,0.24055167813333275,0.22628454128953129
2012-06-22,-0.13245997063593548,0.28620525350109022,0.18693933494961204
2012-06-25,-0.20587439209804462,0.26676641188005829,0.22314813741464171
2012-06-26,-0.18967298968371893,0.2501016146697207,0.18570540943317076
2012-06-27,-0.19435573770026296,0.23284221145375231,0.16521099767178934
2012-06-28,-0.27390146288110506,0.18354682342039744,0.16390082736300729
2012-06-29,-0.16594121589936031,0.24915297998655794,0.16634991607980379
2012-07-02,-0.15310658138857022,0.19853930499123359,0.082969744771564533
2012-07-03,-0.14726541734046436,0.23045400402467517,0.12345308542140265
2012-07-05,-0.15657924770869783,0.2057873131088134,0.096400825162968246
2012-07-06,-0.28710985050112947,0.12004976939752807,0.0877487512070345
2012-07-09,-0.21356584192252573,0.14530112498617337,0.058822054612578854
2012-07-10,-0.090515427417186239,0.18614299131655038,0.010309770429993573
2012-07-11,-0.071697569170762754,0.20551335177682897,0.021544859744115939
2012-07-12,-0.15047690284516693,0.17003446319673246,0.039152907498397248
2012-07-13,-0.14963089128115797,0.27191543091568487,0.1830894283366836
2012-07-16,-0.20572321509808819,0.23673050416746272,0.18124054789732286
2012-07-17,-0.14379454939751116,0.30187932635400511,0.22034834556707428
2012-07-18,-0.20047611004423346,0.26426602149434852,0.21547021613441092
2012-07-19,-0.20421999578318975,0.27820353727538072,0.23843107829008955
2012-07-20,-0.28492005213181559,0.17875008305710177,0.16699878030441082
2012-07-23,-0.38889415142711886,0.13191857707264218,0.19248754209904673
2012-07-24,-0.31690646620856633,0.11882742204159075,0.11075494001952083
2012-07-25,-0.29723559154444767,0.13597629872757203,0.11813862677903897
2012-07-26,-0.15469587627134904,0.29638149076629705,0.22368229430253714
2012-07-27,-0.11719790074999537,0.38769533889293972,0.32109940474512588
2012-07-30,-0.05435169492675692,0.41742268317715853,0.30824538832508541
2012-07-31,-0.14733853603804925,0.4054473352954272,0.37185296523868577
2012-08-01,-0.04262159258914882,0.5153237153002872,0.43665306792277103
2012-08-02,-0.10589025550031794,0.4616112906961593,0.41570933404463395
2012-08-03,0.092513301963689745,0.76517398152411964,0.67277889386562717
2012-08-06,0.022828807619042553,0.7804005669539279,0.75871522156240823
2012-08-07,0.24411048349475475,1.1405639851236962,1.0533598520899277
2012-08-08,0.10269003620537211,0.95251340218703306,0.903976988633309
2012-08-09,0.2327014162165098,1.1933548177064182,1.1094461161921481
2012-08-10,0.13919879827394602,1.0069613446681627,0.93051166279652664
2012-08-13,0.05930786220304634,0.97148922379410008,0.95576336464740674
2012-08-14,0.019604536916225802,0.87163816603833966,0.84921248557627049
2012-08-15,0.082665763409383308,0.92090240316503291,0.85759486277808727
2012-08-16,0.051577855365959477,0.95389262333865876,0.93395547649452504
2012-08-17,0.26676799771434989,1.2053509124474533,1.0598355548436145
2012-08-20,0.36092969136666742,1.2943748204356909,1.0907055150549971
2012-08-21,0.21113369791936198,1.2744599182993792,1.2156769774740581
2012-08-22,0.16258473274239352,1.1228999170506699,1.0505154628347801
2012-08-23,0.16008893375355041,1.0086454269192917,0.89502168218163192
2012-08-24,0.096977505909526779,1.1228267977181541,1.1225424306792353
2012-08-27,0.15727490343111161,1.0506154565614418,0.9671266276614473
2012-08-28,0.03307700378391961,0.90451916542383082,0.8708628100131991
2012-08-29,0.073817689345174894,0.89471140650104808,0.81812130350465784
2012-08-30,-0.0092430795845204299,0.83240169363975292,0.81017133254940255
2012-08-31,0.030733564826661095,0.91454929351294634,0.89015274079819728
2012-09-04,0.18929093985080037,1.0555772026480479,0.92695132691238613
2012-09-05,0.43724791199800994,1.0911155114858762,0.75523012296978331
2012-09-06,0.36544772463551378,1.0543471976618022,0.76445524178421898
2012-09-07,0.42871760531246617,1.1333182923969602,0.81626853332127636
2012-09-10,0.51689567084619081,1.2570049447768132,0.90097525982562798
2012-09-11,0.62877170054508069,1.2374120079508986,0.77676418643571721
2012-09-12,0.62941177014676752,1.2066788438733269,0.73117572870565017
2012-09-13,0.58644575374891839,1.2135969706419454,0.77985760944842331
2012-09-14,0.5157493213345512,1.147967032894287,0.7492222898216333
2012-09-17,0.50832216813568876,1.1249805154358885,0.72371057797408445
2012-09-18,0.63665251589204364,1.1771023641239449,0.68037148733976138
2012-09-19,0.61106218410196078,1.1865599985124529,0.71843272218905074
2012-09-20,0.56794404061907655,1.3679348354487073,1.0187035141010605
2012-09-21,0.83351243426701915,1.5419209532185318,1.003539320913146
2012-09-24,0.8490384091518477,1.4996802285957662,0.9327576453754064
2012-09-25,0.78797582197276883,1.3127930079478953,0.7146082152329003
2012-09-26,0.62282189948550648,1.2186578949599967,0.74064254026947929
2012-09-27,0.64087655011616407,1.396799905270343,0.98054325093603623
2012-09-28,0.46607398773045156,1.3256573135749303,1.047088724631253
2012-10-01,0.62775027360871671,1.5011799295467665,1.1368391725729865
2012-10-02,0.71639090684656692,1.697864545234711,1.3268914224482824
2012-10-03,0.87764014605342944,1.6045795943465513,1.0788200681222131
2012-10-04,0.8891713365928916,1.5444945295032408,0.97543923233208174
2012-10-05,0.94149921313901175,1.4444414948878703,0.77018765871061068
2012-10-08,0.85546690892215915,1.4651404722529786,0.89233023157108915
2012-10-09,0.70219831996313875,1.2260145058514971,0.66492187712687034
2012-10-10,0.75665908788596914,1.1797541026330747,0.54285824419346596
2012-10-11,0.75193725104765363,1.1309637091400646,0.47161855871619934
2012-10-12,0.81376178454077486,1.1228890487227892,0.39883085861882722
2012-10-15,0.73250360880331944,1.0735523081755938,0.40353202276849681
2012-10-16,0.82025903607139183,1.2601977487226428,0.59089739424936261
2012-10-17,0.83360024340767769,1.1751654925169108,0.44553464874532556
2012-10-18,0.82446552698099307,1.2360423940053997,0.54473566150839903
2012-10-19,0.78436372314609071,1.0987619886213762,0.38194802524819771
2012-10-22,0.66436208271322239,0.9883956185898779,0.33172718387795713
2012-10-23,0.54665962362492715,0.82423712015259476,0.20247718702402018
2012-10-24,0.62468006165617707,0.93480432569010063,0.2835276183372426
2012-10-25,0.59402408958006681,0.89082643106730508,0.2475161976909081
2012-10-26,0.34757589450762078,0.68449703066531387,0.17666290868646076
2012-10-31,0.42862843223127844,0.68600212083604528,0.098178298176929135
2012-11-01,0.55957656833531866,0.9183114834507411,0.30419743326631526
2012-11-02,0.91946503770521126,1.0582711004616323,0.16074107784398278
2012-11-05,0.76322328696324704,0.96922029764350659,0.18124965858888442
2012-11-06,0.68969845456445422,0.9053220259157283,0.1555951535042685
2012-11-07,0.67875181498091042,0.78597478449680303,0.0060912191152500189
2012-11-08,0.68461371781391744,0.66362795006527386,-0.17098319172412313
2012-11-09,0.60102331029728473,0.5867548209609672,-0.20561212422555664
2012-11-12,0.8965218999756015,0.86303153039366987,-0.097628564158421874
2012-11-13,0.70783747564170074,0.77619328924361908,-0.044582171443699976
2012-11-14,0.61645571986409342,0.55711029743131502,-0.26148727005800343
2012-11-15,0.66039069047055043,0.61184264548848344,-0.22670633060605738
2012-11-16,0.70087177230505215,0.61181262178100748,-0.26311763437198804
2012-11-19,0.92609906086231641,0.85748569856238377,-0.12266993953008981
2012-11-20,0.92905840851742238,0.97550805219211278,0.02894345388309821
2012-11-21,0.90463523469788187,0.99576555975438541,0.0788995054456091
2012-11-23,1.1262436179554889,1.2274186010618524,0.2031448541779845
2012-11-26,1.0939274066893574,1.2403449883990778,0.24756523455195609
2012-11-27,1.1910232166672123,1.3742680916418595,0.3320764225986611
2012-11-28,1.1626313463194222,1.4424394197722026,0.44858578802495452
2012-11-29,0.94931624093970257,1.2972310670559108,0.44063744927550702
2012-11-30,0.919204544055925,1.2790713360254065,0.44197327136641346
2012-12-03,0.68472547637986769,0.9908803530215663,0.23452841413110254
2012-12-04,0.69727719039154945,0.98142404588225141,0.21258863650082666
2012-12-05,0.59969408811487823,1.0012291301360212,0.31940660030514084
2012-12-06,0.40744475618720255,0.94785489959913738,0.4067721845753251
2012-12-07,0.45500213212815738,0.96850987140029299,0.39558803306365814
2012-12-10,0.47781547506168759,0.94353809199663619,0.34615575523565123
2012-12-11,0.60905276729674207,1.174394097114176,0.52586419169155751
2012-12-12,0.6017949417180285,1.057712719227057,0.37544571438447594
2012-12-13,0.704682434618225,1.1286292444966624,0.37957211849307138
2012-12-14,0.61571812015454486,1.1752431625751036,0.5109785064052883
2012-12-17,0.69636123994864241,1.3476397982222155,0.66582479767271463
2012-12-18,0.5905478183926105,1.4007981622599373,0.82525360767050582
2012-12-19,0.60008851844332156,1.3800087882704282,0.79117636472007513
2012-12-20,0.56051635417020373,1.5110615404325718,0.99306592203225608
2012-12-21,0.11276365757623658,1.1751768809467449,0.90243951664651689
2012-12-24,0.086233911336173377,1.1353991663636049,0.87403502404991695
2012-12-26,0.066919498103491598,1.034343683968179,0.75893282414337637
2012-12-27,0.031411767480659714,0.95560247840503798,0.68649470799959256
2012-12-28,-0.026622109903084459,0.86091749676532281,0.61735014346270267
2012-12-31,-0.060683591446993555,1.0941292555926028,0.93748375744384793
2013-01-02,0.12687350855980853,1.1943787848010752,0.93302259381010688
2013-01-03,0.13060171408914106,1.2156278450464655,0.9569506058198457
2013-01-04,-0.06508761628973167,1.1342160715493046,1.0042291575031566
2013-01-07,-0.079613131222897593,1.100548131213293,0.974059350627413
2013-01-08,-0.03572121741130671,1.0573915001713154,0.88539731450589931
2013-01-09,-0.024174534723667058,1.0972418004222504,0.92756332947657139
2013-01-10,0.016633779091078237,1.1382798767325011,0.94875347601018589
2013-01-11,-0.11765903153062479,1.0727843483711552,0.97113117168905538
2013-01-14,-0.095732419323024814,1.0632638004451349,0.94150101969270417
2013-01-15,-0.18915695716621131,1.0500490413602979,0.99950683674873542
2013-01-16,-0.13328986586441105,1.0901583791908878,1.0037317607879304
2013-01-17,-0.19920806698791274,1.109377337671809,1.0830889352594451
2013-01-18,-0.19980080732766833,1.0443357056115159,1.0013396256170126
2013-01-22,-0.24151397586451098,1.045209719997908,1.035067664441284
2013-01-23,-0.22090084939310484,1.0529577777367976,1.0284123102833727
2013-01-24,-0.23623352869610131,1.050899121235886,1.0381511941088648
2013-01-25,-0.1216556471916584,1.1027295009392513,1.0132671949797398
2013-01-28,-0.099547478946679147,1.0301956464207651,0.90350835354023629
2013-01-29,-0.180547454578774,1.1014474813420116,1.0635526143602594
2013-01-30,-0.12507512968672033,1.0738589539578622,0.98298376177086122
2013-01-31,-0.016692833178070333,1.0814608066068585,0.90542710823112815
2013-02-01,0.00080516859245887036,1.1612488706832167,0.99955370365934781
2013-02-04,-0.16774321920980167,1.0037540936308544,0.93189248509944689
2013-02-05,-0.1252305710102842,1.0668193906184442,0.98257446557721817
2013-02-06,-0.29523693040583893,0.96940929413026811,0.98473064081346873
2013-02-07,-0.24002128592899649,0.96426865219647862,0.93367810389689387
2013-02-08,-0.1930884954282644,0.98721325297471929,0.92676599878574983
2013-02-11,-0.2055372495655193,0.96279647937860691,0.90500392065948176
2013-02-12,-0.22523789989952978,0.96580176240900151,0.92464564557051876
2013-02-13,-0.088461598379728598,1.0317705869299083,0.89762318594068413
2013-02-14,-0.21799940337558699,0.98244455292455568,0.93394295200053878
2013-02-15,-0.17353982684409289,0.98302850215822413,0.89908864640152353
2013-02-19,-0.19330922586537141,1.0770383195468369,1.0389553918428578
2013-02-20,-0.20432349094868069,0.89220953665043667,0.80838080909131671
2013-02-21,-0.28033365458429765,0.82343670204377006,0.77987867543493972
2013-02-22,-0.24806468256355155,0.89355911091171247,0.84769164037360012
2013-02-25,-0.16537996189053261,0.76282001506321917,0.6069225125789941
2013-02-26,-0.098280396062578143,0.78088905377536078,0.57953357857075072
2013-02-27,-0.13711342553945891,0.85688024397592433,0.70563550257839514
2013-02-28,-0.054851627823580849,0.82891681427546449,0.60812110276155829
2013-03-01,-0.1030073824699467,0.83177624066364753,0.64789965574711872
2013-03-04,-0.150665179226465,0.90216312956432521,0.77366299162625118
2013-03-05,-0.11591253112072032,0.92959995960770281,0.78352575295490068
2013-03-06,-0.062357196222037538,0.96349394105203401,0.78552427321916163
2013-03-07,-0.026575613276661171,1.0089060697512853,0.81565931929179447
2013-03-08,0.15909677502047806,1.1601365688006435,0.85914229259390185
2013-03-11,0.12072196853069027,1.1367814671918184,0.85765945608302985
2013-03-12,0.033693115470667709,1.0457201652466215,0.80596216492187989
2013-03-13,0.015045936084211179,1.0276509183354701,0.79698496075162151
2013-03-14,0.048819604577930137,1.0668531906573848,0.82150415640745666
2013-03-15,-0.091888631441007104,0.89124291581967874,0.70290302838551089
2013-03-18,-0.21623195701341927,0.85591471003615727,0.75577210245163673
2013-03-19,-0.20912633719170828,0.79361656248238688,0.67079154928036566
2013-03-20,-0.10170457781254535,0.87003041476866816,0.68567373096691286
2013-03-21,-0.16966024918822112,0.77199438869654458,0.61666767634544262
2013-03-22,-0.057922677542418644,0.8553232238766868,0.63638433744961942
2013-03-25,-0.030863090043439057,0.83531152199473213,0.58953148052951876
2013-03-26,0.11472756739267823,0.95258784024546062,0.62540625735469924
2013-03-27,0.028107750924379699,0.92786777179962465,0.65986203382932263
2013-03-28,-0.0708988807809766,0.84784427532436191,0.63048460859702271
2013-04-01,-0.089051032127682506,0.84108190588971732,0.63621774551429144
2013-04-02,-0.037122293869654363,0.91801245451088553,0.69362042366559318
2013-04-03,0.046215081362614319,0.8498991312302917,0.54425189342158475
2013-04-04,-3.3484878708379741e-05,0.84931415498684182,0.57860577366732491
2013-04-05,-0.13921903576748457,0.75861394767325474,0.57235491925604054
2013-04-08,-0.11254113240890366,0.84206157207807453,0.6565779423633612
2013-04-09,0.0036431451437368258,0.94818355173675617,0.69726111455827477
2013-04-10,0.081036408577902161,1.0427200095179074,0.75862043745567143
2013-04-11,0.24615553241335397,1.1593037410574807,0.77495246899720993
2013-04-12,0.2299723692132509,1.2818053603859487,0.9363919259355582
2013-04-15,0.034356882608345345,1.0214695269353335,0.766244079481044
2013-04-16,0.11891608082828307,1.0331421452377729,0.72177039598661286
2013-04-17,0.056903040127829235,1.0099531344137347,0.74292566450503539
2013-04-18,0.013057648497873071,0.96573583024626275,0.72068998230716264
2013-04-19,-0.030967014291477718,0.92260308231895893,0.69630031689724348
2013-04-22,0.051177988992510727,0.98273670701624705,0.70992577571188642
2013-04-23,0.11337750386530868,1.1099188195727323,0.82569242480632254
2013-04-24,0.060647547481378343,1.1019956924529193,0.85580860718892038
2013-04-25,0.23157255715692776,1.2002190145243488,0.84913308592896186
2013-04-26,0.20461100797044993,1.15750509224233,0.81547518869356928
2013-04-29,0.11326458940046104,1.108096755085179,0.81678680568291595
2013-04-30,0.13903014396837568,1.0738749421721738,0.75559787694801872
2013-05-01,0.07122003186710503,0.99076974147238961,0.70305474777498911
2013-05-02,0.13032959861000659,1.0891653509389723,0.78388817977673253
2013-05-03,0.25004738028556778,1.1173973310681118,0.73319543073233417
2013-05-06,0.33648453882618184,1.1596490879287134,0.72232327224990123
2013-05-07,0.36365246547707386,1.2597358794592739,0.82838433334483774
2013-05-08,0.41857704442091304,1.4308609675843367,0.99547277050630179
2013-05-09,0.46028488621966041,1.4027764176025084,0.93004304064292209
2013-05-10,0.54924637051854419,1.4599187699192473,0.93578117847154041
2013-05-13,0.67873986799785291,1.5142497310685783,0.91046971755634198
2013-05-14,0.59969684862381722,1.5743309848285167,1.0485314646558248
2013-05-15,0.66349657782574689,1.6392162526638878,1.0836379216442578
2013-05-16,0.77073921572706328,1.6943039546737571,1.07195673325939
2013-05-17,0.82878464102756599,1.8125079599701923,1.1797842461259576
2013-05-20,0.75630930400065988,1.8429985400366786,1.2742105347974906
2013-05-21,0.76536488810083614,1.9847130868288239,1.4441038379579862
2013-05-22,0.72731649384976116,1.9949262950253153,1.4900638377447102
2013-05-23,0.53414315702850335,1.851614208250953,1.438770839904713
2013-05-24,0.41933830645557146,1.8310001225580379,1.4969117779206234
2013-05-28,0.65175371015155659,1.8726716566235309,1.3765682653429878
2013-05-29,0.54420075406801161,1.8027883742488757,1.3719080320873602
2013-05-30,0.5596212689852319,1.8580603644524301,1.4302345586282714
2013-05-31,0.41856167333533817,1.6438339858042246,1.2644773848192703
2013-06-03,0.56653543974955911,1.8133802518273887,1.3586743079074604
2013-06-04,0.5789655597887533,1.791456372560212,1.3215237447991899
2013-06-05,0.76740396605625916,1.9075416062411508,1.3044375157445418
2013-06-06,0.73698249847376751,1.9799151983359404,1.4162904934437461
2013-06-07,0.85501735044413718,2.0150475093769722,1.3828008468916602
2013-06-10,0.80479333231962924,1.8633609511298952,1.2117267029305414
2013-06-11,0.52613746826823793,1.7675081463281368,1.3143918369428338
2013-06-12,0.65367032997012509,1.6347401067905085,1.0482444085538212
2013-06-13,0.53899844199434133,1.857749198321081,1.4272891546851396
2013-06-14,0.48536679128312116,1.718565361167631,1.2898858381259442
2013-06-17,0.61757572019668894,1.8329103736147798,1.335517059557503
2013-06-18,0.5971863122520259,1.8138227742186228,1.3246840215655173
2013-06-19,0.59482567391829955,1.6507704202162095,1.1255644619306622
2013-06-20,0.5146633637332142,1.4066827031154583,0.90046577481462153
2013-06-21,0.46716116734985463,1.3172430201765761,0.81905038411313635
2013-06-24,0.32027751007031896,1.2238075474329158,0.81366910057853681
2013-06-25,0.42350401835416907,1.4970147177960189,1.0874245032859131
2013-06-26,0.46118791853017738,1.5123693466096713,1.0794463794555749
2013-06-27,0.68798668718428946,1.7005196976852268,1.1371974496004693
2013-06-28,0.61114193051963339,1.627026630172772,1.1017834051096782
2013-07-01,0.63590615999551225,1.6038905069546094,1.0513185334000892
2013-07-02,0.70771558028524872,1.6198757582563228,1.0186774812994668
2013-07-03,0.41262592442328777,1.4504752301756334,1.0016640719884364
2013-07-05,0.47530463851258575,1.509849254434412,1.0339111663235174
2013-07-08,0.54838125823907746,1.5030853207923012,0.97129311268088681
2013-07-09,0.68505724311782445,1.5979345525569053,0.989099261939833
2013-07-10,0.8123214828695311,1.6844163556913168,1.0013428179783364
2013-07-11,0.97364308889273288,1.7966464692013961,1.0262971587363232
2013-07-12,0.9012615530075494,1.8768486839864522,1.1891146376917519
2013-07-15,0.93142196686459289,1.9068114714733295,1.2048809810151708
2013-07-16,1.0234672324483371,1.9165210793157301,1.1477951720948552
2013-07-17,1.0385889816403144,1.8151532762919891,0.99721912674533342
2013-07-18,1.1002398278636425,1.8790437539180878,1.032678956067524
2013-07-19,1.0170819119558212,1.8392985440634533,1.0427828857944084
2013-07-22,1.0698577522446053,1.7968496673209093,0.94984794077162149
2013-07-23,1.0662234220631903,1.7573193520665282,0.90151010467128756
2013-07-24,1.2008327273033768,1.8075249754650173,0.8571242445998204
2013-07-25,1.4104904699470173,1.9192518439158994,0.85315218790947212
2013-07-26,1.337318135238726,2.0058197580044967,1.0116427675478386
2013-07-29,1.2708398118538775,1.9772255473268554,1.0260020294605416
2013-07-30,1.1312858431654469,1.8554500884680432,0.97160432047284884
2013-07-31,1.0873325284714046,1.7255215757287716,0.82580785385813316
2013-08-01,1.2075773307171809,1.8162512296553646,0.85504668266494377
2013-08-02,1.1947767718801725,1.8940208225299846,0.95872357807312858
2013-08-05,1.0637085695823414,1.8888408846526161,1.0569637134666874
2013-08-06,1.151928207641145,1.9004138405923163,1.008435657593588
2013-08-07,0.9186663280814833,1.7261563288464332,0.94805211892122276
2013-08-08,0.94790720513450555,1.7405579314467103,0.94430855080988774
2013-08-09,0.87054087612675335,1.6729378185611121,0.91622694848568775
2013-08-12,0.84443869729540566,1.6521492217801117,0.9087917500546675
2013-08-13,0.89174482132973076,1.6699231615835421,0.89709903722871576
2013-08-14,0.94657711429293689,1.6097683404433911,0.78555311491803692
2013-08-15,0.84927886331990809,1.4822786079977288,0.70456083785748569
2013-08-16,0.76728399924285262,1.4520952449034537,0.72821301053111376
2013-08-19,0.76608431298920154,1.3855327606933023,0.64699509165260172
2013-08-20,0.76926907221591201,1.3659557447541275,0.6190569902036015
2013-08-21,0.70302579339515603,1.300050738718594,0.58592441862964206
2013-08-22,0.7540032093475223,1.3732744713856768,0.64396874976909879
2013-08-23,0.76099483376732657,1.4277518308616737,0.70847967207382068
2013-08-26,0.81393425263726116,1.3916940296880651,0.62506945853414597
2013-08-27,0.69782041708169507,1.3146285894847305,0.61823372880548477
2013-08-28,0.72939190871962045,1.2952137908066379,0.57103143139568824
2013-08-29,0.65832102911094448,1.3067323224911378,0.63815996167242495
2013-08-30,0.72584298562398608,1.28788133880463,0.56425178945356624
2013-09-03,0.84630852809993595,1.3186349020443109,0.50959363693606508
2013-09-04,0.9141087358609884,1.4488667509365014,0.62501627732398024
2013-09-05,0.84298553392209763,1.4202709421374302,0.641985194466281
2013-09-06,0.90270178646097587,1.4321916083840578,0.61224140073662681
2013-09-09,0.93190005563828782,1.5157419612139946,0.69984011949805658
2013-09-10,0.93180577935141851,1.4247591555036094,0.56956302764748179
2013-09-11,0.8877591368632155,1.4185598095486509,0.59368718055478553
2013-09-12,0.89679996921604954,1.4457657323365174,0.62032196373569326
2013-09-13,0.90311048573957453,1.4412976005837819,0.60989842513541015
2013-09-16,1.0009163831993082,1.4611252010259617,0.55548770789895063
2013-09-17,1.015541409534737,1.3795610357830452,0.43405259214386516
2013-09-18,0.98233369292487194,1.4351081994644908,0.53319579465203792
2013-09-19,1.0505910139122938,1.4503459482827783,0.49999179591327342
2013-09-20,1.0389021430107606,1.3491551698652104,0.38739472620963616
2013-09-23,1.002695969987069,1.3040119332985638,0.35844092102430231
2013-09-24,1.0683352837234192,1.2831108689752055,0.28526483333630198
2013-09-25,1.0846057204206847,1.3084243979056975,0.30396982593866723
2013-09-26,1.1827436716967628,1.3535034303966551,0.29052848277668664
2013-09-27,1.076834409195893,1.4098047085021186,0.43643753164485766
2013-09-30,0.95145483502554207,1.4118439928859179,0.52886046817650845
2013-10-01,0.9050592294153873,1.4008075620063671,0.54906141015464405
2013-10-02,0.87399055090677702,1.4335153208787175,0.6109477902158299
2013-10-03,0.78713830146846164,1.327975541089101,0.54686897298525217
2013-10-04,0.74289800463228139,1.3810783130282012,0.65053950555494655
2013-10-07,0.57583419474573871,1.269833936650359,0.63631741200604586
2013-10-08,0.5202871565640842,1.1066334885691467,0.47253469971732609
2013-10-09,0.47315679516792492,1.1121701722743389,0.51663942693686105
2013-10-10,0.66504449175409441,1.3029784018088191,0.63000687512448805
2013-10-11,0.65388481314924107,1.4423383393590432,0.81412734007870446
2013-10-14,0.56664704790843212,1.5307354126818047,0.98701669167127404
2013-10-15,0.43511319483826427,1.4624282724065771,1.0054458477889627
2013-10-16,0.50822684165210852,1.5969750219673446,1.1297555193300433
2013-10-17,0.41720234450799876,1.5845849342783236,1.1763399118161428
2013-10-18,0.40317054748567255,1.5594197479803829,1.1526973966706828
2013-10-21,0.39836965171431266,1.5230458390236872,1.1095755056104606
2013-10-22,0.47584396682815749,1.5918307330626524,1.1395439583522811
2013-10-23,0.45344099657858322,1.7064106262523295,1.2994757360528277
2013-10-24,0.50500782908656749,1.7326864405567179,1.2941670990295304
2013-10-25,0.69351392861944483,1.9005910517009539,1.3551634173350877
2013-10-28,0.63819912330216377,1.9387591185614144,1.4488048605225474
2013-10-29,0.57220179628196455,1.9581278169246605,1.5280010911757598
2013-10-30,0.60224595270772474,1.9188349533067761,1.454035071511
2013-10-31,0.54100918776939211,1.8940834143534317,1.470826828830738
2013-11-01,0.52951994649279199,1.8319596957664128,1.3976469366244253
2013-11-04,0.48476318043582522,1.9428437161101215,1.5877046799728418
2013-11-05,0.4494955472945073,1.8976567604958381,1.5578393839099891
2013-11-06,0.46736935416596515,1.8766982448369909,1.5157158766148009
2013-11-07,0.62931999618433321,1.9883671466168069,1.5050157820297747
2013-11-08,0.6264265556458164,2.2084030255101559,1.7849671621665033
2013-11-11,0.6513314558911395,2.202332844156055,1.7597509143512866
2013-11-12,0.57567301479627564,2.1773152861858036,1.7872044222968813
2013-11-13,0.58114717411498995,2.2736051741897088,1.8927198795880358
2013-11-14,0.55053131875124761,2.4501141109940057,2.1531846371183798
2013-11-15,0.5684698410354817,2.50210798973372,2.2067001624381475
2013-11-18,0.57121707525253451,2.4285895040936447,2.1078114437218112
2013-11-19,0.40717614160244775,2.2654921237744898,1.9983648533113083
2013-11-20,0.45967992638121291,2.2328842110719558,1.9153929452815992
2013-11-21,0.48770612770542199,2.2828485305998552,1.9598800965897512
2013-11-22,0.42313903675091613,2.2197379822287129,1.9204059168481387
2013-11-25,0.52294065198883111,2.2301318508572363,1.8575034391001135
2013-11-26,0.54491712724242325,2.2806604501709407,1.9032280563505006
2013-11-27,0.62123432089957287,2.2353798012460158,1.7983673624539855
2013-11-29,0.58306898396877327,2.189343928761657,1.7677715535803977
2013-12-02,0.58831937357909514,2.1629340897296876,1.7301677174849295
2013-12-03,0.47414560204972273,2.1695126072935174,1.8353369598007829
2013-12-04,0.42122145532064703,2.1813800757825872,1.8894562550049878
2013-12-05,0.3823797227610754,2.1246985106830953,1.8484466633301724
2013-12-06,0.53304900884148843,2.184906669611367,1.8182494343575071
2013-12-09,0.51961183401675481,2.1801946993401526,1.8226953500969603
2013-12-10,0.50715628657160206,2.1439890630542995,1.7876228943423733
2013-12-11,0.45236954480810654,1.9772178061561574,1.6133071543047639
2013-12-12,0.38939548079925584,1.9428522670619759,1.6198158641924141
2013-12-13,0.42879684503600296,1.9990526382089504,1.6598706432701471
2013-12-16,0.52868353712527383,2.0847903186698953,1.6935311708605862
2013-12-17,0.50337859754813186,1.962424693382969,1.5526432875935576
2013-12-18,0.50209965733527417,2.0024515796198865,1.6055876613740487
2013-12-19,0.44464371214478737,2.0622896639468431,1.7272681890165908
2013-12-20,0.36877539550166255,2.0171739166946812,1.7252354596523618
2013-12-23,0.76647065577371742,2.2275590351915202,1.6854176897934117
2013-12-24,0.80094674262154419,2.2755319440595954,1.71944852717884
2013-12-26,0.80398819535250521,2.3588092342689366,1.8255993533792734
2013-12-27,0.81949329804627236,2.3706082582577546,1.8286859026230105
2013-12-30,0.92527022497889988,2.4784704830776718,1.8770361577329711
2013-12-31,0.98756429361189613,2.3922752568340968,1.7334040054485729
2014-01-02,0.66409072204545505,2.1188900370781778,1.5917450825201971
2014-01-03,0.6969593709322387,2.1389118725575642,1.59215527723839
2014-01-06,0.72070508642792053,2.0718304126439677,1.4875781075513603
2014-01-07,0.84140472310848513,2.1519589065369007,1.5022850951031741
2014-01-08,0.86769252075836778,2.1816267880791216,1.5194679141231033
2014-01-09,0.88254632173101544,2.1645339628770794,1.4860790528441032
2014-01-10,0.82356555931242614,2.1207189335786834,1.4709303360402501
2014-01-13,0.78875753571622331,1.9822581007062723,1.3321781883761799
2014-01-14,0.85960863093283402,2.0793199629398122,1.4078238588390273
2014-01-15,0.9736089890020736,2.1203239402961591,1.3834496936074419
2014-01-16,0.97330966077186609,2.10943608893961,1.3706353755199225
2014-01-17,0.87600903152472409,2.0128738392845933,1.3188475415303882
2014-01-21,0.96831286818848705,2.0191191689914318,1.2589509922870958
2014-01-22,0.99503648138622192,1.9777782049011126,1.1880617636891284
2014-01-23,0.91000699048845202,1.8824962549612909,1.1338584402316838
2014-01-24,0.82519645925331886,1.6541495730064446,0.9315604498181177
2014-01-27,0.7911734291031004,1.5601674642326975,0.83692522680058612
2014-01-28,0.7985147493617889,1.622069410995493,0.91010007881652932
2014-01-29,0.69037591844965007,1.4965101422193618,0.83246463433742568
2014-01-30,0.8194765869331827,1.6197850143045671,0.89836556956073532
2014-01-31,0.63398384269542951,1.5878838725411279,0.98327388172681296
2014-02-03,0.51933696225882542,1.277907675602185,0.68476164615208235
2014-02-04,0.68330231295629584,1.4409761595163035,0.76920463687962726
2014-02-05,0.54809619336435034,1.3468916403837659,0.74300463075789447
2014-02-06,0.63902844893837352,1.4466755014716248,0.80968850299708162
2014-02-07,0.70449825735361338,1.5575884136557341,0.90768403341973813
2014-02-10,0.67984653844874965,1.5267680690204057,0.88552930897986626
2014-02-11,0.69878907745429908,1.6165220562738194,0.98662564418220766
2014-02-12,0.71800928883856674,1.6066750120245605,0.96090978154652951
2014-02-13,0.57934834237085953,1.6424619973581069,1.0936199200789771
2014-02-14,0.61210559472451831,1.6805007753170431,1.1186296184810325
2014-02-18,0.61217439116427008,1.701103493059122,1.144175137475175
2014-02-19,0.54562293490805247,1.5796000979150782,1.0407452615599018
2014-02-20,0.57753074967078355,1.7465178333805318,1.2226466819421216
2014-02-21,0.64879767515085474,1.7919761202153723,1.2262972077792644
2014-02-24,0.60816634053287744,1.7593221470652189,1.2112640204659404
2014-02-25,0.54465697268264357,1.9495713418689546,1.5064606900213422
2014-02-26,0.49389373090048277,1.8925280321568319,1.4685527482972087
2014-02-27,0.48547438331182408,1.8364017141001638,1.404385535017018
2014-02-28,0.48399519557852805,1.8765427093324336,1.455864728071554
2014-03-03,0.40133723342495792,1.7814379248086796,1.4013240072087767
2014-03-04,0.5776413603899031,1.8472553001739598,1.3685687029639964
2014-03-05,0.51678748524562912,1.7812641608265356,1.3254471850407039
2014-03-06,0.50019483202942361,1.7892936165821334,1.3488914579170312
2014-03-07,0.53563590962511487,1.7771715592486976,1.3056627519570536
2014-03-10,0.44372713646699985,1.7357507524149627,1.3202352147092418
2014-03-11,0.47710926394716402,1.6574768714339512,1.1952508778129791
2014-03-12,0.4126733021596003,1.6800789116476451,1.2687584951646287
2014-03-13,0.44985615801319023,1.5600874980612065,1.0851186147378875
2014-03-14,0.37986666162087152,1.4901273247197089,1.0473323765519844
2014-03-17,0.54205905874492,1.6175608600403224,1.0919479294452452
2014-03-18,0.72617839916980698,1.7279237589803345,1.1024865126283583
2014-03-19,0.69702136953841753,1.6998983152583687,1.0895881577033029
2014-03-20,0.57458260200225908,1.6907444972211623,1.1622213837059623
2014-03-21,0.66724844846174314,1.6935872864662433,1.0974531242883929
2014-03-24,0.6695794653674696,1.5892238799346765,0.96064825549064203
2014-03-25,0.70579638575474724,1.6676628259172359,1.0344557405978752
2014-03-26,0.70185467004434288,1.5343587587483012,0.86555491250996885
2014-03-27,0.78065109781959552,1.5155208581580706,0.79067226532259438
2014-03-28,0.83461167113687984,1.5310110855476009,0.77295377222578621
2014-03-31,0.93573272035912214,1.634917290285623,0.83212639518554898
2014-04-01,0.93090577960644327,1.6486260838076634,0.85370555716159702
2014-04-02,0.94246394496745745,1.773680461102187,0.99953515237436708
2014-04-03,0.94622285514365634,1.7270190087889061,0.93756337726346273
2014-04-04,1.2387794140053094,1.6545921715031895,0.65413415658305341
2014-04-07,1.1840462190204069,1.4937123776137788,0.49669503180811481
2014-04-08,1.1439321601595949,1.4992524955421329,0.5309925313338385
2014-04-09,1.1442607429927942,1.4880874042788352,0.51543524140119312
2014-04-10,1.1412745591249631,1.255034518530789,0.24838950900147713
2014-04-11,1.1048174434222264,1.1959792699610137,0.20213120908313933
2014-04-14,1.3023578488453114,1.4881364172643607,0.40207176559097207
2014-04-15,1.2241330803492219,1.4285122843564253,0.37730410019588173
2014-04-16,1.4471889192085208,1.6561547148148967,0.49800205131012759
2014-04-17,1.3992981596295246,1.7265010688189171,0.61495466492832518
2014-04-21,1.3673282210686111,1.6843822245664011,0.58215480845106937
2014-04-22,1.3532448376204695,1.6852687138785238,0.59301481954724511
2014-04-23,1.2709902797359114,1.5789448929408638,0.51568466678695579
2014-04-24,1.3401812299259988,1.5911448935166246,0.48092460718891966
2014-04-25,1.2410547567875692,1.4790141880522683,0.41478344225378855
2014-04-28,1.3224010106928727,1.5224567879689701,0.411087401592238
2014-04-29,1.3306942005686491,1.505655998076358,0.38334222796371703
2014-04-30,1.3070594047429631,1.5107799565719351,0.40537410420009329
2014-05-01,1.3349895229953967,1.5945596116906329,0.48424910652018005
2014-05-02,1.2942381548584265,1.5038262950110162,0.39770814454089903
2014-05-05,1.0859813877317743,1.435878793392716,0.45537445144953786
2014-05-06,1.0381586965343352,1.3313930498779714,0.36466403089590388
2014-05-07,1.058088961551563,1.3382500859414117,0.35933098779740996
2014-05-08,1.0579156329593544,1.2891078930204569,0.2991796972001371
2014-05-09,1.0655869832641878,1.3278992156536928,0.3407427330243733
2014-05-12,1.1199947454024202,1.3812769717757134,0.37146688963850588
2014-05-13,1.1604427797616859,1.3821611582402438,0.34500036666583278
2014-05-14,1.1336125512877981,1.2520522557699774,0.20103052235496849
2014-05-15,1.1265920006904329,1.1235412004374636,0.05137691544307682
2014-05-16,1.168920311366342,1.1966758879633199,0.11155735769408566
2014-05-19,1.0813776224930536,1.1468010434528473,0.10754636968496638
2014-05-20,1.0891128891085131,1.0893373207155259,0.034266051557054436
2014-05-21,1.1203167997909933,1.1484907386426406,0.087712831787278775
2014-05-22,1.1085118476816864,1.2385286845167565,0.20332674507385115
2014-05-23,1.3100334646261844,1.2997305973764173,0.15269365926050996
2014-05-27,1.4694968503354426,1.3601936237402006,0.12394822387225315
2014-05-28,1.3184059827917225,1.3020785995032491,0.16456033471805595
2014-05-29,1.4477218928183457,1.4071686344037937,0.20907637489516162
2014-05-30,1.4192019195882508,1.3891632016104407,0.20523508073464269
2014-06-02,1.4893864621265036,1.5405195848221078,0.33212452114417046
2014-06-03,1.407780298341206,1.4878569226829712,0.32015608394712469
2014-06-04,1.3699741318322982,1.5508705146892989,0.4208989983733078
2014-06-05,1.4375990052162997,1.7481432588163881,0.60730999610239311
2014-06-06,1.479660941305557,1.7132211843142513,0.53358729735305288
2014-06-09,1.3720422829620784,1.6168055818204281,0.48290726613727747
2014-06-10,1.3008262741337386,1.6177471363360629,0.53320581533852751
2014-06-11,1.4060904063610491,1.6874671714598357,0.54813632001534351
2014-06-12,1.2755866119370103,1.6998762069417608,0.66098044561023772
2014-06-13,1.315778774611694,1.6022996932974489,0.50347058440689274
2014-06-16,1.3133545937979176,1.6714163991462705,0.58793140721280079
2014-06-17,1.1826900021278326,1.6287759688665739,0.62493740379069729
2014-06-18,1.1734757088559835,1.6240730551424249,0.62477831663560246
2014-06-19,1.2024355218592304,1.7791631530626468,0.78662385795356149
2014-06-20,1.3456890574767038,2.0443615739849443,0.97464693694508886
2014-06-23,1.3228544816875498,2.0620778037450065,1.0125958835068636
2014-06-24,1.4950789139636549,2.139442189641696,0.98758702710761859
2014-06-25,1.3162557190560216,2.0957256565222315,1.0553457273816698
2014-06-26,1.1874900947258371,2.00039992065732,1.0251101950390831
2014-06-27,1.0440369341377616,1.964299976728701,1.0763756699265719
2014-06-30,1.0842167057948839,2.0015757157138307,1.0932404523042833
2014-07-01,1.0371227923505173,2.0088657066897939,1.1353042445669372
2014-07-02,1.065968313462567,2.0282178531368302,1.1394740388241844
2014-07-03,1.2006384362973281,2.0705135285627603,1.1065155899879588
2014-07-07,1.04190781853234,1.9383476021262105,1.0483723806464087
2014-07-08,0.91922624673518893,1.8166413027795691,0.98559679504705089
2014-07-09,0.85526966331882492,1.792410077364391,0.9980996886524186
2014-07-10,0.68731119940023844,1.7480914917508239,1.0480183571417512
2014-07-11,0.47913819644557915,1.6411382522222668,1.0481663060680999
2014-07-14,0.57492828502105786,1.6852826497295372,1.0391230472510227
2014-07-15,0.53669064650617104,1.6286822908499126,0.99609465212233228
2014-07-16,0.60512120863698071,1.7032377854563003,1.0397614594400744
2014-07-17,0.48141170945190487,1.5551398978186426,0.95171419003975333
2014-07-18,0.50134248848620422,1.5964677420882312,0.99157726536020596
2014-07-21,0.48164093663806867,1.5603431535871171,0.96204375328750269
2014-07-22,0.51661754265080773,1.5830030391716994,0.96703668947083288
2014-07-23,0.51205448575198687,1.6259448495233622,1.022073493812401
2014-07-24,0.46092585626753235,1.6638116907837919,1.1037469042492027
2014-07-25,0.44177004463685837,1.5921232999025032,1.0327618408056016
2014-07-28,0.52301614358172033,1.5856617558041413,0.97446408118436256
2014-07-29,0.60351180719501007,1.5728939600785219,0.90548471996335067
2014-07-30,0.61278617372608135,1.57439748858815,0.9009197155854749
2014-07-31,0.44553802476659604,1.347628108566157,0.7564099770452527
2014-08-01,0.26176613380373009,1.2135051452642058,0.70758117181279057
2014-08-04,0.33705002472932072,1.264188728374618,0.72276133585151292
2014-08-05,0.30288631922803855,1.1794495677755097,0.64672758898439264
2014-08-06,0.25230119235439891,1.2390706067744717,0.74827298536862263
2014-08-07,0.39081836960569294,1.2170192722761015,0.62977033293275064
2014-08-08,0.34712656099330086,1.2861662558035034,0.74509718212871379
2014-08-11,0.43797232932695018,1.3417225459347151,0.7534054321089948
2014-08-12,0.51298750565920948,1.3396524631269808,0.70503154618642472
2014-08-13,0.55095661348561853,1.3739724599115537,0.72368351866200231
2014-08-14,0.58903254944329853,1.4688800968763875,0.81324625243188753
2014-08-15,0.80440912204668913,1.6160773712808165,0.84142195427656274
2014-08-18,0.93679057806708887,1.7251230673347759,0.88984667970961451
2014-08-19,1.0015098729192744,1.8393143774512102,0.98381111567429302
2014-08-20,0.9467774539809497,1.818870424775294,0.99229561721636483
2014-08-21,1.0144115765880597,1.9101228108398471,1.05581399557736
2014-08-22,0.96245082206840626,1.8126421824362566,0.96893113739349968
2014-08-25,0.99346369764332831,1.8280632819599842,0.96753952428297108
2014-08-26,0.9867812130710254,1.8720990876836634,1.0240172404192367
2014-08-27,1.1964318370118867,2.0515114671596084,1.0892472953050527
2014-08-28,1.1408493035455758,2.0118151849948669,1.0755575197511162
2014-08-29,1.2111112605062764,2.0238544378476422,1.0473743149913897
2014-09-02,1.197184196400856,2.0514578050253225,1.0892688672546595
2014-09-03,1.1037245150989312,2.0028127076421884,1.0981236905259508
2014-09-04,1.1305773848424026,1.9120373604169487,0.97119763330346465
2014-09-05,1.1154893978497671,1.9425539310516737,1.0169978021814041
2014-09-08,1.0370514695711475,1.9113111807441585,1.0311980003642753
2014-09-09,0.97447733887533794,1.7571984395754006,0.88571688395518955
2014-09-10,0.8778448583872912,1.7243728170949859,0.9062515942696534
2014-09-11,0.82583571167304404,1.7052256035682978,0.91360961490698234
2014-09-12,0.81354484003730676,1.6712193307746552,0.88271701829093452
2014-09-15,0.79643687585054102,1.6416622346708232,0.85835882493666771
2014-09-16,0.56930766723073489,1.6572248163541943,1.0221836675404663
2014-09-17,0.58002825816157988,1.627651153459146,0.98015147125004676
2014-09-18,0.64403423166710738,1.5736184979509191,0.87588341803069425
2014-09-19,0.56401578242587036,1.532790577889235,0.87969871950466683
2014-09-22,0.57863917451326752,1.5797673811323041,0.92243342330615208
2014-09-23,0.53402599579424059,1.567891598157696,0.93664177401126336
2014-09-24,0.54030539768227615,1.6654030251682717,1.0492138967277367
2014-09-25,0.47748469741382626,1.5143696855793523,0.92022335999938198
2014-09-26,0.48081425801644556,1.5512224347784644,0.9636841652334931
2014-09-29,0.40883908192234747,1.5799176660875953,1.0350036273008132
2014-09-30,0.59112037169126497,1.608152962238901,0.95898865522653165
2014-10-01,0.54487136118044543,1.3885859422860374,0.73380933613505794
2014-10-02,0.64430126852050018,1.3993935470782004,0.69009355746295442
2014-10-03,0.81247668882888324,1.594877891261155,0.82080282853290965
2014-10-06,0.87519693936594101,1.5132444058161114,0.68198182428627097
2014-10-07,0.95222854980554683,1.4355744411054678,0.5581194574888052
2014-10-08,0.96670572545882894,1.7060088937660862,0.874363460025397
2014-10-09,0.89880062770229252,1.4805754151620962,0.66648527789971823
2014-10-10,0.71004816157101325,1.1863059517047512,0.4181610698151455
2014-10-13,0.73238808406874445,0.95755396095022027,0.15046500393836473
2014-10-14,0.96257413131717018,0.93498339847371825,-0.0032503773851648653
2014-10-15,0.72001757356356744,0.93988652244752224,0.12429757905068939
2014-10-16,0.24827370506434054,0.806710022928391,0.22674399846233317
2014-10-17,0.5209855902941003,0.85194797450574999,0.11350246606376582
2014-10-20,0.4238934507096267,0.87809967700661673,0.20452275931673036
2014-10-21,0.54246592367318835,1.04725973236353,0.33953157872267431
2014-10-22,0.52218435388822382,0.92621186296464153,0.21307569795058473
2014-10-23,0.74998563692685993,1.074044705095174,0.24475408938825358
2014-10-24,0.74377399372594566,1.1123675500995394,0.2946945210236484
2014-10-27,0.64460907693969349,1.0581455900269441,0.29141183595527126
2014-10-28,0.70815163725400398,1.1435135245873007,0.35571850597119981
2014-10-29,0.68134092400631197,1.0815259249969358,0.29973881466308777
2014-10-30,0.61344677260745661,1.1858581101362065,0.46079962564279775
2014-10-31,0.81965391063523874,1.3110810337065943,0.47628007866868283
2014-11-03,0.81933333961177135,1.2943922375644499,0.45695274235888494
2014-11-04,0.72702735524780215,1.2300685039227435,0.44010324900352132
2014-11-05,0.91383700247994215,1.3157508229869046,0.42178003698908267
2014-11-06,0.84686189648596866,1.3061534007654543,0.45289625832330455
2014-11-07,0.8171633946579353,1.4409473629036642,0.62279819923666258
2014-11-10,0.82638656199932525,1.3549088393522599,0.51127518738730926
2014-11-11,0.85641034613463318,1.3624343803322321,0.50116672135629603
2014-11-12,0.82216082367734411,1.3715129447847427,0.53221522976014612
2014-11-13,0.92588042962192219,1.3106616843874523,0.39675481676446617
2014-11-14,0.90304393368021596,1.2676212738224417,0.35984883799431699
2014-11-17,0.84253187987039968,1.233831579929644,0.3579184352985218
2014-11-18,0.82020632171176877,1.3195589513370443,0.47388625075302565
2014-11-19,0.80868248837093326,1.3250090323953452,0.48749861254305482
2014-11-20,0.69259963348488363,1.371196111207355,0.61408837334792665
2014-11-21,0.80493994238543964,1.3478375944322227,0.50602715183833402
2014-11-24,0.83766597608411919,1.3282006936911075,0.46082955579214618
2014-11-25,0.8307694235352715,1.3307827621135033,0.4684790855627235
2014-11-26,0.83695216158994068,1.3518576480860744,0.48935813423103686
2014-11-28,0.80716504942740386,1.3091396353293761,0.4588512291129328
2014-12-01,0.72228965713768045,1.2474903263031796,0.44401864727569146
2014-12-02,0.71804491475114085,1.3303869046638754,0.5452195478252061
2014-12-03,0.79096909070082921,1.4073010022786907,0.58772567701196077
2014-12-04,0.82465560943297367,1.3978962341263157,0.55593453045292351
2014-12-05,0.87196634709976639,1.4555397828866001,0.59173254036533118
2014-12-08,0.67880983894118707,1.2925543933312136,0.52673254091070676
2014-12-09,0.437937866899756,1.2626274934579211,0.63948146420997731
2014-12-10,0.43118550510932724,1.1337013529383417,0.50270016307742937
2014-12-11,0.48401557848840621,1.2907452515280626,0.648571778608656
2014-12-12,0.36203559428424881,1.1582366475209984,0.58351165670537075
2014-12-15,0.41598097063583489,1.0937371939564247,0.4709586790778551
2014-12-16,0.26155097830291385,0.96168940522774493,0.41842236979246011
2014-12-17,0.29251316984553222,1.1530400264105662,0.63200006498854
2014-12-18,0.49437829662581423,1.2067728229098018,0.57775351962861554
2014-12-19,0.51257390441945816,1.2058516457918003,0.56485740809739726
2014-12-22,0.60449161563444587,1.2425378452239699,0.5498750865284795
2014-12-23,0.5842302144041448,1.2081066547046013,0.52128421411692227
2014-12-24,0.60417173529362944,1.1895818989944487,0.48584418698664938
2014-12-26,0.60980316294381665,1.1736642987814792,0.46250317378872818
2014-12-29,0.57179689432558001,1.1860952292990887,0.50241637340578504
2014-12-30,0.52475471704933996,1.138217385689456,0.47751281016549274
2014-12-31,0.53298285632911135,1.0042996500934591,0.31414017580853376
2015-01-02,0.66051291221757258,1.0887809656275296,0.3265873214912578
2015-01-05,0.53384916220907042,0.91718735408482599,0.21659377505637287
2015-01-06,0.51288376235020139,0.85711489530447971,0.16150077591940001
2015-01-07,0.5735310758544595,0.90848537994950385,0.18520814589322179
2015-01-08,0.70388946714758716,1.0492802053736943,0.27646374045832439
2015-01-09,0.69266027150893361,0.97202238640480843,0.19328875701559209
2015-01-12,0.67853036985225601,0.87928667394803972,0.093492570460675772
2015-01-13,0.82564165331439709,0.97564292012066045,0.10389399325537367
2015-01-14,0.57575994063429159,0.8316586201565781,0.087902309553293229
2015-01-15,0.5981816086867805,0.7040790298802192,-0.076012808676696922
2015-01-16,0.61076182703579973,0.8235374354592272,0.062435022005899544
2015-01-20,0.69570475704115731,0.87870367528288396,0.070716795712898281
2015-01-21,0.5655126059405553,0.89629207830213908,0.17788092713181092
2015-01-22,0.60756815736418779,1.0105333533213225,0.29092224672171851
2015-01-23,0.66503905352583026,1.0351018833580921,0.28205256715128441
2015-01-26,0.75004653696935442,1.2589706437749577,0.47291447427322814
2015-01-27,0.53784586483812935,1.1801253643099527,0.52176854954983565
2015-01-28,0.63097894567245283,1.0125648850672719,0.26352913956114404
2015-01-29,0.78410351217614371,1.1753781111739103,0.35424271869933333
2015-01-30,0.54690767058776468,0.97390677712834184,0.27787180662282807
2015-02-02,0.80420461931617115,1.1259568958102031,0.30006460997547701
2015-02-03,0.90547507411123596,1.4597244574168757,0.61152792004687095
2015-02-04,0.75788332178749374,1.3673415255850341,0.59767532068787543
2015-02-05,0.87225665385991824,1.4608063571623369,0.63678169671622886
2015-02-06,0.86913367700154587,1.3305448233288326,0.48064009241189432
2015-02-09,0.73744632508102381,1.1894403620151124,0.39712351260885725
2015-02-10,0.82746104141012156,1.2613916215313437,0.42509142113539433
2015-02-11,0.79940558962177155,1.1763168383482361,0.34008443689909928
2015-02-12,0.84909233150118146,1.251844403582882,0.39849475305453613
2015-02-13,0.97063542900973077,1.243161084989834,0.31305591400551408
2015-02-17,0.95653716611793049,1.2099775862566704,0.28210629619986549
2015-02-18,0.90816900656457855,1.2004237720643924,0.30225525540618908
2015-02-19,0.89479887398586144,1.2541499445130695,0.37171105813139671
2015-02-20,0.8359222204119634,1.2549658771473213,0.41041122121084561
2015-02-23,0.78099465011869396,1.2637785511725215,0.45707217008531748
2015-02-24,0.7416961017623519,1.2411404791088783,0.45555383351777229
2015-02-25,0.72054142918365871,1.2369811814539591,0.46465591205518847
2015-02-26,0.68984780069867524,1.2260853993181986,0.47231105514855048
2015-02-27,0.70305594685253714,1.1509691936148982,0.37557957858865332
2015-03-02,0.71442322783161882,1.1826240236945067,0.40635111513638067
2015-03-03,0.81684163538886645,1.2097646498935524,0.37325998085659162
2015-03-04,0.61899449898445202,1.0569913995493774,0.31971253376773118
2015-03-05,0.63559880977477978,1.0586303990827186,0.31075304456372493
2015-03-06,0.51737025885778387,0.90793334735149289,0.21733119342305254
2015-03-09,0.47772305848858199,0.93980661160548729,0.28133628337989275
2015-03-10,0.37591906144124748,0.79505951084725479,0.18370025666495107
2015-03-11,0.37629555502905748,0.81808465126559582,0.21018307249520959
2015-03-12,0.51137463286741458,0.92013315668463047,0.24834998048881268
2015-03-13,0.43974843260012003,0.96696282810781242,0.34940062177222664
2015-03-16,0.53826482815228949,1.0996402833965369,0.44816351246785252
2015-03-17,0.3965398734706671,0.99918431461979595,0.41853892530840181
2015-03-18,0.32143028706738991,1.0376250626490118,0.51281556523397176
2015-03-19,0.28067229679602834,1.0444955557280613,0.54751002416061811
2015-03-20,0.33091817565560566,1.0322410905121606,0.50102700188680305
2015-03-23,0.33416779219226372,1.0889577123324556,0.56495084429596976
2015-03-24,0.27116789594413104,1.0756135797777726,0.59178744251177473
2015-03-25,0.21109726398992801,0.9025543624257365,0.42755770337865334
2015-03-26,0.089290052803571135,0.94515430655149024,0.5574283932345514
2015-03-27,0.095567899852455951,0.98270639083559241,0.59786233633303298
2015-03-30,0.14463743633203846,1.0401543047791009,0.63825349419564781
2015-03-31,-0.027661566786127172,0.8958050501835938,0.57769826336408137
2015-04-01,-0.081911573095484594,0.8103739049505525,0.50979773505645198
2015-04-02,-0.1088635754272502,0.81245495433882431,0.529455470245496
2015-04-06,-0.21358600230443522,0.87956880636025414,0.67505536024981683
2015-04-07,-0.29606487173443907,0.96212272402214072,0.8311183418559096
2015-04-08,-0.23371832550161065,1.0898273608560001,0.94147188111277613
2015-04-09,-0.23773074979511907,1.092306607170294,0.94693073565206254
2015-04-10,-0.25775551406383995,1.0501700237152463,0.90802328355294304
2015-04-13,-0.27044491873658211,1.2117518031010306,1.1123680455601568
2015-04-14,-0.20513125142919666,1.3109089700984273,1.183287940807646
2015-04-15,-0.28823937642664504,1.2831256464656966,1.201626487177337
2015-04-16,-0.35137136397978125,1.2221626791954272,1.1693109337230907
2015-04-17,-0.56862808311388668,1.0276037358255243,1.0809655394020175
2015-04-20,-0.46110035440405345,1.0922570529284592,1.0914936479274244
2015-04-21,-0.40279574213036318,1.0516611576985639,1.0030408506983888
2015-04-22,-0.3878220726811285,1.0547620300318805,0.99720685415936128
2015-04-23,-0.41679301626958259,1.0973419409748033,1.0669745697273738
2015-04-24,-0.45789378503538108,1.09986185434343,1.097200017997866
2015-04-27,-0.35499392997276663,1.1375040936456313,1.0697732695776416
2015-04-28,-0.42259630837580769,1.13760388356971,1.1137032335188073
2015-04-29,-0.55249996630997833,1.0607018105150834,1.1086212827871849
2015-04-30,-0.57761134213294918,0.94320221453616837,0.98728465902907658
2015-05-01,-0.49762299044513347,1.0325153016997355,1.0450969404357175
2015-05-04,-0.45750181990049482,1.0695905190206361,1.0635771655144373
2015-05-05,-0.40321794077005102,0.94859757815889656,0.8835202040975515
2015-05-06,-0.3179733898607196,0.99052941547814055,0.87505043907881008
2015-05-07,-0.38252657039379268,0.97471687856263056,0.8969269168433297
2015-05-08,-0.21043452605980015,1.0914324251663585,0.93232728574419532
2015-05-11,-0.21495737889668515,1.036483143419985,0.86921554067848894
2015-05-12,-0.35542262651317641,0.92961214156373562,0.83202504575712344
2015-05-13,-0.3385759376497412,0.92353698137521423,0.81340480005867066
2015-05-14,-0.23302233430043356,1.051460274498305,0.9009614726584344
2015-05-15,-0.18343593627143104,1.1399241882216415,0.97298431772643901
2015-05-18,-0.20719385577359692,1.1368883177870719,0.98479642853759697
2015-05-19,-0.17092472500444311,1.1027788434286521,0.92009055744379875
2015-05-20,-0.15473765865243491,1.1530609893743677,0.96953171845545183
2015-05-21,-0.21372660098457913,1.1077718848718521,0.95239223044897614
2015-05-22,-0.25125242770101508,1.0658212985875368,0.92744623335326115
2015-05-26,-0.30722715762608616,0.93399789153400048,0.80805426882830056
2015-05-27,-0.32407984230959613,0.96108326137776812,0.85214332557326689
2015-05-28,-0.35101339421581651,0.95762339442987554,0.86615220080731126
2015-05-29,-0.39286684794805454,0.85891803154548352,0.77435534274804552
2015-06-01,-0.3188245456630926,0.86253586605581867,0.72982697061271118
2015-06-02,-0.38075948482302724,0.84413355601862439,0.74917467753791633
2015-06-03,-0.29341018272001623,0.87124488919758936,0.72379829197212009
2015-06-04,-0.32858021014156169,0.77903386754078419,0.63841696834730055
2015-06-05,-0.35952808240118478,0.70929571413449088,0.57454176688933789
2015-06-08,-0.40207757519738668,0.61492831365369993,0.48867238815451775
2015-06-09,-0.40192811833567116,0.6049189288667921,0.47648748480674286
2015-06-10,-0.31299560439546226,0.70340377765059414,0.53888398162357176
2015-06-11,-0.21889681190682056,0.76077705826054054,0.54515064524223233
2015-06-12,-0.26925359454981168,0.75562116719060579,0.57395474598736074
2015-06-15,-0.3969129620157405,0.69266066524339776,0.58489767656280089
2015-06-16,-0.39117632476304121,0.73144844606503523,0.62781191877923193
2015-06-17,-0.34491233059233201,0.72165551940421824,0.58515388560369763
2015-06-18,-0.29193195933431304,0.74632006246785354,0.58135689432406812
2015-06-19,-0.39871214311050729,0.65582961000002638,0.54660378342042093
2015-06-22,-0.28320049073749648,0.72223249991882488,0.55038557592060422
2015-06-23,-0.26749941041530678,0.73083655670886472,0.55025963677721179
2015-06-24,-0.26329372209456081,0.71988724029465523,0.53411585614363732
2015-06-25,-0.18766968747463361,0.65598962796709492,0.40496670024415676
2015-06-26,-0.15868927067723954,0.66045911938618362,0.39075444056663089
2015-06-29,-0.2494679802055606,0.45893141819947691,0.21399592202705464
2015-06-30,-0.10377606695793873,0.48059914652660979,0.14285213322383236
2015-07-01,-0.0028047618893238748,0.49130330448934284,0.087823571274215861
2015-07-02,0.036509360888241846,0.47520133329921688,0.041062720646111876
2015-07-06,-0.11542060174664499,0.41068175726206613,0.067022296974858495
2015-07-07,-0.069960150731142645,0.49173952447842201,0.1352105894512021
2015-07-08,-0.13205103651445799,0.40212975103038506,0.071881485969870984
2015-07-09,0.011720209861091336,0.38023679474723959,-0.052943421857749612
2015-07-10,0.31963014014440616,0.51461997419960726,-0.10181025449890217
2015-07-13,0.43151252664318013,0.5918046627945881,-0.084112276792025265
2015-07-14,0.35575861663580505,0.58621195971423079,-0.037264066091553867
2015-07-15,0.35042808549793386,0.5989229145666658,-0.017985224843194095
2015-07-16,0.37177441834967834,0.63333526320862743,0.010174612966602671
2015-07-17,0.41594617260975375,0.73668986691010241,0.10354718818360394
2015-07-20,0.38744656537672478,0.65910833113041312,0.025752850730942748
2015-07-21,0.42229757420708819,0.6416562445348114,-0.019667973374187502
2015-07-22,0.31709036478452668,0.59116736509652867,-0.008221986657937554
2015-07-23,0.30621417601376083,0.52585406051475647,-0.08004961709413394
2015-07-24,0.3006619836385086,0.43829005623070788,-0.18064448202354075
2015-07-27,0.26726259673006875,0.42878691479893499,-0.16915193255344918
2015-07-28,0.33327561857303267,0.52369427627336074,-0.096230613834692127
2015-07-29,0.31676762682518195,0.61449236893570436,0.027516086715449639
2015-07-30,0.22409331543869571,0.61518550645356096,0.09314669095129291
2015-07-31,0.36673362951441452,0.77435867774347744,0.18024077600450292
2015-08-03,0.40401937775098529,0.77167358260686947,0.15107886033733425
2015-08-04,0.37010809220700858,0.69679486524332035,0.082217733395245754
2015-08-05,0.50273800785003853,0.80696899329890714,0.12130251715280155
2015-08-06,0.58716814267691664,0.73448198334237824,-0.02323102872387766
2015-08-07,0.50915498785859337,0.76418809520581898,0.06705257596920676
2015-08-10,0.56735329179943395,0.77209166678371677,0.035284676753143951
2015-08-11,0.40062796261259603,0.67140030609667756,0.029582475746517907
2015-08-12,0.30529441271468022,0.69287123192450184,0.12239185315727111
2015-08-13,0.23640693801465892,0.62747326433577166,0.090281337323953909
2015-08-14,0.1971024977633192,0.61871589064966259,0.10722628796868043
2015-08-17,0.096592732990144897,0.66603379838411836,0.23661120847223732
2015-08-18,-0.0048670244402113979,0.57384655932095829,0.19440930859923147
2015-08-19,-0.10047479403144423,0.46440643448386859,0.12896812781185288
2015-08-20,-0.20391601328785841,0.2655261218768844,-0.036049282560366588
2015-08-21,-0.36771248135118634,-0.011346288789177589,-0.25570668000601704
2015-08-24,-0.87336236583536564,-0.30663601602003188,-0.1392985651179203
2015-08-25,-0.54206446553530829,-0.43387086229094235,-0.51006531057211024
2015-08-26,-0.26311312986042812,-0.14491188784804748,-0.39520775948988535
2015-08-27,-0.13068582400403012,0.035547342053180941,-0.28277219210307963
2015-08-28,-0.13648979757485977,0.03979799942147922,-0.27217155294342216
2015-08-31,-0.21228063689369955,-0.037619674274131418,-0.30363664067925283
2015-09-01,-0.44902076189579976,-0.24011070755700337,-0.34955501190069166
2015-09-02,-0.33567882259713416,-0.10392463571600859,-0.27424198597740451
2015-09-03,-0.30924306395025764,-0.089075252104167724,-0.2785034232284917
2015-09-04,-0.43936236765590941,-0.22281302230116895,-0.33279599485572231
2015-09-08,-0.25648607328451828,-0.032911893080292742,-0.24953422243689991
2015-09-09,-0.15496615404830963,-0.080081457997764949,-0.39621665790700361
2015-09-10,-0.17206128986782659,-0.068783953801879461,-0.36533094481769529
2015-09-11,-0.15679806887281619,-0.04597834705124617,-0.34936552152170547
2015-09-14,-0.13696886342137263,-0.031697491822965572,-0.34872149360408483
2015-09-15,-0.10898657900689099,0.057055636251268513,-0.25773703946614318
2015-09-16,-0.073740442471556533,0.064575965043891181,-0.28060799934327779
2015-09-17,-0.095295921719130816,0.040538649250813741,-0.29236194519349251
2015-09-18,-0.31188577381148119,-0.13704202994870424,-0.32391818118078436
2015-09-21,-0.24989460299317384,-0.066078460470455846,-0.28771552129414563
2015-09-22,-0.35442384686346046,-0.10065087289529229,-0.23441214987332445
2015-09-23,-0.31117762944606608,-0.073442290011231801,-0.23885349200658945
2015-09-24,-0.38166159955350137,-0.14925786001589966,-0.27227176432805617
2015-09-25,-0.27237550795914445,-0.044439516854535795,-0.23493171594092943
2015-09-28,-0.34057653803612853,-0.26113760212753023,-0.45523133433754231
2015-09-29,-0.24877339430448919,-0.24534299021816314,-0.52233308328641381
2015-09-30,-0.14357440064273011,-0.10457686448054156,-0.43479234458212263
2015-10-01,-0.10679023242876476,0.00089623491202300073,-0.33062827139633622
2015-10-02,-0.21101571611739384,0.097275213724028128,-0.096501797330024522
2015-10-05,-0.20356888124262884,0.14093094859433211,-0.046019247061520323
2015-10-06,-0.24950221774171499,0.12625552882983121,-0.023232359248523515
2015-10-07,-0.15053317505348301,0.28067801934547859,0.086245238814251904
2015-10-08,-0.17694193581569029,0.22661034099350494,0.039353535869765796
2015-10-09,-0.15469248974616129,0.36350249922320282,0.19574684382461044
2015-10-12,-0.14819625428316285,0.44643929390360437,0.29789849415685732
2015-10-13,-0.18388508383762395,0.5161915472257087,0.42380548889477782
2015-10-14,-0.23689491301439247,0.47371234975390714,0.41823892638956911
2015-10-15,-0.076500182820249868,0.61850847557651656,0.45617495586725565
2015-10-16,0.11464658176318317,0.65410789240486122,0.32558599953600409
2015-10-19,-0.029638076459264275,0.58078137333289537,0.36098922348160817
2015-10-20,-0.036746618219856461,0.50806348837348514,0.27088189088288156
2015-10-21,-0.081229740180109158,0.33808770213541384,0.08361304012081322
2015-10-22,-0.044764849146259549,0.49665270270163714,0.26204739940195498
2015-10-23,-0.047813883139529265,0.49238601129223414,0.25904757164746012
2015-10-26,-0.072913341660666778,0.42503700169404324,0.19267769334416729
2015-10-27,-0.075753413929361302,0.42128760997890591,0.19039633183732654
2015-10-28,-0.089291124456764528,0.42066873565932072,0.20215968926271863
2015-10-29,-0.12308165619231071,0.42696099979905211,0.24238113142180445
2015-10-30,-0.087396593136517126,0.35542789370447236,0.11345719166188285
2015-11-02,-0.18467094651587398,0.35800022327470438,0.20655920985850687
2015-11-03,-0.21591505774064201,0.37368135939368213,0.25650016766779443
2015-11-04,-0.1746998757004814,0.37662285099900766,0.22179444720601926
2015-11-05,-0.24169915478015516,0.32797914151047364,0.21874453888544532
2015-11-06,-0.26262380058243273,0.29778234134424625,0.19822398546521719
2015-11-09,-0.29654924469536986,0.2285979637133003,0.13848725984648083
2015-11-10,-0.32442731868479718,0.22300391684209264,0.1570732636866527
2015-11-11,-0.31351188845802147,0.19011791464691336,0.10343336895820623
2015-11-12,-0.33136531944978304,0.10362628829044308,0.0058227124663964552
2015-11-13,-0.36339565691278997,0.021403719367091012,-0.073390918844725067
2015-11-16,-0.36952258185725628,0.12001198977315936,0.063384646387931981
2015-11-17,-0.33422760439226495,0.11099860012046557,0.019199129037474491
2015-11-18,-0.31097646290562364,0.17674967940759845,0.085138867706036445
2015-11-19,-0.30626156932005522,0.18163719541264389,0.08727492372794142
2015-11-20,-0.22071946798123843,0.19400776351432394,0.025563083624961548
2015-11-23,-0.31433503353272296,0.15143379166868706,0.052860007154006954
2015-11-24,-0.39138307540036565,0.14181445809055887,0.11067719146460227
2015-11-25,-0.39746505692837736,0.14562985710992774,0.12119985289001262
2015-11-27,-0.40075485193260396,0.13636445352421545,0.11195861826950188
2015-11-30,-0.38519315967005152,0.1229741869934661,0.080206801230842992
2015-12-01,-0.3140360377954991,0.23107294817493743,0.15816210056834878
2015-12-02,-0.31907599635927564,0.1214932774247912,0.018497637143129696
2015-12-03,-0.31500626115714409,0.0043800982352223778,-0.13795124751256632
2015-12-04,-0.27707034766959066,0.13782044233367347,0.0040442127338706606
2015-12-07,-0.30445684307101328,0.087913491681366807,-0.036831063871503478
2015-12-08,-0.36641007297403738,0.08767461144305061,0.019123344275914916
2015-12-09,-0.29961613317741204,0.041659816936187671,-0.10307632266076149
2015-12-10,-0.27005104083480619,0.16282432226900234,0.029117040980964241
2015-12-11,-0.41837806288527346,0.0039146240178542851,-0.045566116141744571
2015-12-14,-0.33816169548404046,0.14144580037592855,0.063266005521372709
2015-12-15,-0.30464893775402546,0.2537079719736493,0.18257360754508653
2015-12-16,-0.19800858799162144,0.3991773575388452,0.28017811786302538
2015-12-17,-0.20658906246004974,0.1747763722001022,-0.010359782525622868
2015-12-18,-0.44459936067442962,-0.13842332308573099,-0.21148017551767773
2015-12-21,-0.36134043006565814,-0.076700712629044293,-0.20415819351516162
2015-12-22,-0.32196743625422747,-0.047682585818365028,-0.20101556256679359
2015-12-23,-0.29811862638385345,0.023559308379630436,-0.12803551561912388
2015-12-24,-0.32430952996201889,0.01230516563327096,-0.11944179650688079
2015-12-28,-0.38675444101251005,-0.023195505818111362,-0.11017364431282453
2015-12-29,-0.31597093952280536,0.03682708501476406,-0.093838799820126981
2015-12-30,-0.30295467762030059,0.025747718659526259,-0.1202023401473483
2015-12-31,-0.3574501289930655,0.025229811803495789,-0.072418464448445727
2016-01-04,-0.54710639463299426,-0.060908980910575027,-0.010424852685728746
2016-01-05,-0.47258260698453075,0.065928491801254208,0.091076886498783136
2016-01-06,-0.62456778317595307,0.045276625277947936,0.20952202859295038
2016-01-07,-0.85349402682367304,-0.18760749769901067,0.11456385736646933
2016-01-08,-0.87814726798559362,-0.37235201937711188,-0.10934996237587152
2016-01-11,-0.8471820072190126,-0.31507130215335394,-0.060206414387947618
2016-01-12,-0.76977846365039482,-0.21305887811301308,0.0067758876132192865
2016-01-13,-0.80015910995545525,-0.3505721715616224,-0.15219788164104348
2016-01-14,-0.65812786109505705,-0.20737285680810541,-0.097228797886890303
2016-01-15,-0.91496560076493105,-0.28282944441701757,0.057860340005107105
2016-01-19,-0.79663168721402233,-0.35777541646389061,-0.14765217198828831
2016-01-20,-0.96544139629239145,-0.45025738881617161,-0.10518468646555876
2016-01-21,-0.91411062966967782,-0.44673589364984251,-0.14986482349629848
2016-01-22,-0.79931087942295176,-0.40978363945393814,-0.20499717751263291
2016-01-25,-0.81349042161465879,-0.46807306059256731,-0.27175188589740829
2016-01-26,-0.76549682964964438,-0.3964621255446244,-0.22192097765289601
2016-01-27,-0.69197042640269213,-0.38258609693503032,-0.27620508586049797
2016-01-28,-0.667288561691047,-0.27156753829885005,-0.14996339920722468
2016-01-29,-0.63503433804853415,-0.17585638992712957,-0.052039405406396427
2016-02-01,-0.62753517322346231,-0.101058285056169,0.043889365616114347
2016-02-02,-0.7331424431671324,-0.28767442776009661,-0.10936920145142097
2016-02-03,-0.7220103912010456,-0.34086693740220891,-0.19100195304116271
2016-02-04,-0.70624958462365084,-0.30776239781276515,-0.1610323784834202
2016-02-05,-0.76862851996516579,-0.48530068483541372,-0.34447181423744239
2016-02-08,-0.88459475180773972,-0.54925345717327145,-0.31954308904425932
2016-02-09,-0.94452026170422088,-0.52169014310676476,-0.21830356285821428
2016-02-10,-0.95201758237152734,-0.59356415486584246,-0.30676769080691141
2016-02-11,-1.071161046913147,-0.67495262902083542,-0.29585043524547533
2016-02-12,-1.0080164424353311,-0.60377386570978619,-0.26138880518231705
2016-02-16,-0.911388911774483,-0.52348920182960745,-0.24499498424403068
2016-02-17,-0.83235946149736917,-0.43202549235535498,-0.19793556147857341
2016-02-18,-0.80004245175614019,-0.45713269639371712,-0.26388089103798862
2016-02-19,-0.81132055996107888,-0.45565768712911131,-0.25036918009312853
2016-02-22,-0.70588016257073027,-0.40333087475388146,-0.28153337169310033
2016-02-23,-0.72743191877442248,-0.47692426137314792,-0.36305129218645193
2016-02-24,-0.7961253236854251,-0.46642947919627642,-0.2769397315090108
2016-02-25,-0.7667434350045671,-0.3878498102168379,-0.19836946552785734
2016-02-26,-0.71711883371888396,-0.3945060160003333,-0.25418296326963874
2016-02-29,-0.71146783047728424,-0.42060561264733326,-0.29540589778871723
2016-03-01,-0.65173652418904893,-0.31524499807180401,-0.21090886639508333
2016-03-02,-0.64686408337901846,-0.26446207217795187,-0.14565387002597982
2016-03-03,-0.62725830095741664,-0.21643779889258652,-0.098716182324515636
2016-03-04,-0.63283278806012411,-0.20365412944775679,-0.075959287134773928
2016-03-07,-0.63690251883871751,-0.11632811711356074,0.048977049676114388
2016-03-08,-0.69863772804589563,-0.20517439069050711,-0.01296680505898839
2016-03-09,-0.59171494996602592,-0.080400697290582857,0.055342947638266464
2016-03-10,-0.57981997813096753,-0.061740392135054792,0.069550145616440046
2016-03-11,-0.53736391327219557,-0.041344870202360683,0.057329698856890411
2016-03-14,-0.54872095718063996,-0.012609043696915245,0.10799300593525682
2016-03-15,-0.63166027934281799,-0.10182388140979137,0.06729880681767228
2016-03-16,-0.62169540799501111,-0.049690687973611397,0.12867536062990734
2016-03-17,-0.60295145484993562,-0.083605894870280043,0.06431856670818771
2016-03-18,-0.60189002233307398,-0.063731721317091719,0.090646036233673136
2016-03-21,-0.6230357022137033,-0.081186056440810075,0.087401459476693477
2016-03-22,-0.66034706417968392,-0.072778497083768587,0.13577005455585558
2016-03-23,-0.672724121162111,-0.078606988505194444,0.13986936237242684
2016-03-24,-0.73192559041534211,0.0061166039677711124,0.31699823623204498
2016-03-28,-0.67928076780167579,0.023901878159408731,0.28955444241405048
2016-03-29,-0.69325364172206683,0.06545720690684434,0.35940897425493251
2016-03-30,-0.69563484964599576,0.018822195896048451,0.29829352121891534
2016-03-31,-0.6607406021686919,0.056700249133149805,0.3157622437643513
2016-04-01,-0.70612014377340082,0.11868513250266091,0.44440829355750799
2016-04-04,-0.70650544981422958,0.077721903229751352,0.38895068097675362
2016-04-05,-0.7264786230620931,-0.022469595047185209,0.27305804635466147
2016-04-06,-0.72357803071941096,0.058645987782315723,0.38036794616086489
2016-04-07,-0.7854655412684699,-0.032954966848067521,0.31557733147251116
2016-04-08,-0.71920542661457143,-0.043258118560838825,0.23812081144815681
2016-04-11,-0.70027866929742455,-0.089831762208768207,0.1561366191635413
2016-04-12,-0.6853223474792528,-0.0072901520545338057,0.25411378798795509
2016-04-13,-0.63135656926183381,0.041421630182808034,0.2684075484928069
2016-04-14,-0.65101138583428952,0.015025302471645985,0.25132227096451515
2016-04-15,-0.63522810045296918,0.010142811977329877,0.22910388170509172
2016-04-18,-0.60498085909908217,0.12057202920992405,0.34956595734367818
2016-04-19,-0.63011976918967172,0.08503478957070805,0.3251634964356318
2016-04-20,-0.66116259596078208,0.097828916382969922,0.37266081504286847
2016-04-21,-0.67682771628811367,0.036415830376804653,0.30377313518876914
2016-04-22,-0.67460319935152524,0.021406694296323383,0.28121291187703257
2016-04-25,-0.72272046254440325,-0.0027173522406393415,0.2952646782443355
2016-04-26,-0.73251709720224922,0.030966242482021671,0.3510852549684626
2016-04-27,-0.74924016760816514,0.024280550851792378,0.35834882624463682
2016-04-28,-0.74266092513718973,-0.0053256502360671002,0.31080933645622444
2016-04-29,-0.74464540120743694,0.022256170744940067,0.35109745453887259
2016-05-02,-0.75878573612668176,0.0049911554360864072,0.34121653490889647
2016-05-03,-0.83624257125733359,-0.063951000455745352,0.32346036821619217
2016-05-04,-0.87133574030741978,-0.028947549005295177,0.40813004025165261
2016-05-05,-0.8754070788559114,-0.0055019200936722613,0.44474536719343777
2016-05-06,-0.90710535090035782,-0.0074791456438593872,0.47331569451698674
2016-05-09,-0.99690103778848016,-0.081536667614630381,0.45745172536019263
2016-05-10,-0.96053949445924025,0.021644914786000925,0.5624515165271623
2016-05-11,-0.94297218870252464,-0.01641935890784833,0.4916970056689326
2016-05-12,-0.93015374251283645,-0.015821280017614618,0.48025118077043344
2016-05-13,-0.99417410450491406,-0.13031065481688228,0.38483878719840892
2016-05-16,-0.99548074489455962,-0.0776569558602557,0.45655782630149749
2016-05-17,-1.0005186862798852,-0.1517232314557336,0.35948592259175299
2016-05-18,-1.0207418246317175,-0.14801820144871572,0.3842284144753651
2016-05-19,-1.0596943100123455,-0.16444640634833024,0.40012532151117564
2016-05-20,-1.0225669145526373,-0.14406741255462424,0.3922413085900846
2016-05-23,-1.0038348197252069,-0.13796299073408205,0.38224919455969097
2016-05-24,-0.9408776838357199,0.0033203605189130133,0.51439949779795879
2016-05-25,-0.93023655848275,-0.012814577614302233,0.48294927340412425
2016-05-26,-0.90933181532844609,-0.0043854764655411336,0.47407320757428079
2016-05-27,-0.89855012176418148,0.05825624482336534,0.54967932553021903
2016-05-31,-0.91793312988192222,0.03478251077922527,0.53587318896147962
2016-06-01,-0.92474170310363812,0.052905977893586399,0.56705770730291405
2016-06-02,-0.9690097353431375,0.055252755831272114,0.61268320955630073
2016-06-03,-0.96182886902162612,0.087882550339356033,0.6505447677740992
2016-06-06,-0.93778520015519129,0.12840618347387009,0.68248339450769491
2016-06-07,-0.92583442233652924,0.17450151995774302,0.73450953416213427
2016-06-08,-0.91827292128323579,0.19477604650060326,0.75477594389487468
2016-06-09,-0.98935241637205629,0.11536661852151398,0.7163685536876544
2016-06-10,-1.0725841160820444,0.039347762936797738,0.69535979302650608
2016-06-13,-1.0620951595962129,0.039007662395612139,0.68405595578072143
2016-06-14,-1.026879267607866,0.052868268724255298,0.66734131583314982
2016-06-15,-0.99931556437288727,0.011981294884867016,0.58532287788654003
2016-06-16,-1.0532779481682528,0.020150316653033368,0.6487849767124666
2016-06-17,-1.1294145917742113,-0.095102271785509271,0.56720690639093096
2016-06-20,-0.98117417704165322,-0.0012409250622945223,0.55415855468280095
2016-06-21,-1.0074569794539538,-0.01491570403250163,0.56040339466379074
2016-06-22,-1.0089108300442415,-0.028915617212197951,0.54262354081397834
2016-06-23,-0.9255465788232744,0.092309355376805416,0.62873304501308191
2016-06-24,-1.1872853145044897,-0.10469081764744829,0.65766382724602701
2016-06-27,-1.2625728963574123,-0.20397343695006956,0.59343634698637626
2016-06-28,-1.1186448144692456,0.022590935264019483,0.76824575272038242
2016-06-29,-1.1262945388819077,0.10895543039185911,0.89566077560180513
2016-06-30,-1.181103661066315,0.14126733782078041,0.99046766071267955
2016-07-01,-1.2080931676558266,0.15868792838159626,1.0423106193411069
2016-07-05,-1.1867953704779355,0.13346926659237074,0.9840202660305668
2016-07-06,-1.2183175433089977,0.13179737366007824,1.0123681237640374
2016-07-07,-1.1628108233066243,0.22617406740826704,1.0912243054893285
2016-07-08,-1.2071023642821535,0.30098699955293784,1.2401550957055623
2016-07-11,-1.2864030083425719,0.24918077017728749,1.2407123281151382
2016-07-12,-1.3035958166918462,0.22757163559161375,1.2265424044797886
2016-07-13,-1.282885042144589,0.20165346271048148,1.1696827946266
2016-07-14,-1.2268907996580265,0.23586779990808052,1.1636762805661585
2016-07-15,-1.2517597219268808,0.18172348302941177,1.1104430716735838
2016-07-18,-1.2460876041636406,0.19238432980928086,1.1196937921053964
2016-07-19,-1.2746748194882096,0.18347301647218903,1.1360937767815888
2016-07-20,-1.2472520528573232,0.23058399854383818,1.1755664880331389
2016-07-21,-1.2212454618351327,0.21903000060375027,1.1320936329512405
2016-07-22,-1.2221425278186071,0.27781425271727439,1.217082427456756
2016-07-25,-1.2357248488724217,0.3228314264957825,1.2989430897771996
2016-07-26,-1.1998282391201047,0.35957409497641984,1.3133168749472326
2016-07-27,-1.2234222120209524,0.2826057403617846,1.2284560024492195
2016-07-28,-1.237875002126289,0.24939566524981138,1.1972209232582376
2016-07-29,-1.2262151501482241,0.25742843147023203,1.1964873255691568
2016-08-01,-1.2470893249872599,0.26145845952041979,1.2237191785595281
2016-08-02,-1.256356570963107,0.24361421750954346,1.2073853968995043
2016-08-03,-1.2555107583021672,0.27206013119849665,1.2465804653117523
2016-08-04,-1.2933428869745018,0.25907846055885353,1.2654980976682066
2016-08-05,-1.2712109847430393,0.35463693789045403,1.3821064235870517
2016-08-08,-1.2555553489701463,0.3623894398795599,1.3770943623089682
2016-08-09,-1.3064552827539238,0.29309485044346439,1.3294752176481259
2016-08-10,-1.2419480596154886,0.33186306530338738,1.3155511622653577
2016-08-11,-1.1594457557089828,0.35192570828070463,1.2609074243907417
2016-08-12,-1.1654006169117546,0.35413165333707664,1.2701697194736978
2016-08-15,-1.1401895740063792,0.34971578931152053,1.2391369320666856
2016-08-16,-1.1310016777225282,0.2867631597142738,1.1425771287394164
2016-08-17,-1.1167791378807905,0.31479266757036545,1.1678129949314751
2016-08-18,-1.0839018106225433,0.37466707119677739,1.218785201392901
2016-08-19,-1.035801629355952,0.49238147795593085,1.3374378522744832
2016-08-22,-0.96018081634867603,0.68792164833726166,1.5415787417328759
2016-08-23,-0.56428541109590624,0.97696175737631363,1.4428219677062428
2016-08-24,-0.88764280725905842,1.0224481018636475,1.8882334941169778
2016-08-25,-1.1848396030462707,0.80162692072995267,1.7978055619747899
2016-08-26,-1.3141287969355051,0.63874984298854753,1.6735314033692383
2016-08-29,-1.270214825169619,0.67008908081104135,1.6761676858616632
2016-08-30,-1.2189763723567686,0.71282139307076831,1.6860237345666225
2016-08-31,-1.0367845040136077,0.90583485177667833,1.7449672723121741
2016-09-01,-1.2009479729401831,0.78633678752360747,1.7090639707785225
2016-09-02,-1.1982501108692785,0.81134984753907546,1.7430509439923942
2016-09-06,-1.0521463402571463,0.93752712517372405,1.7697928698393182
2016-09-07,-1.2609861449648854,0.7790751406096903,1.7100433632921173
2016-09-08,-1.3870367147804501,0.85817730714955154,1.9635282256666979
2016-09-09,-1.4451807787542761,0.64890976309922377,1.7170023925347335
2016-09-12,-1.4629400527403,0.71212430776973423,1.8040357097462021
2016-09-13,-1.5433343266245336,0.6376120975568319,1.7759251269885168
2016-09-14,-1.5734025680100518,0.55338283499877639,1.688056773671549
2016-09-15,-1.6021316022176098,0.56197427134969757,1.7207966681667364
2016-09-16,-1.6755159447920933,0.51666676600513761,1.7296916705551875
2016-09-19,-1.4584628790803718,0.66846670763500937,1.7099292311883523
2016-09-20,-1.4628352854994375,0.63416460468116187,1.6642287735987094
2016-09-21,-1.2928395611987673,0.79924479428934381,1.7277402369758716
2016-09-22,-1.2429187332394747,0.85220344729801212,1.7605015108507647
2016-09-23,-1.1886604436941008,0.83921952648684606,1.6928597721882213
2016-09-26,-1.3393405701168537,0.78481033116453669,1.7502368803916666
2016-09-27,-1.2910631352038235,1.0109372166404982,2.0315184397723769
2016-09-28,-1.2930179114504134,1.0404906703319685,2.0738489551249271
2016-09-29,-1.447178972252253,0.85537876710497096,1.9329226683011813
2016-09-30,-1.4221074222260606,0.88844793833666469,1.9584093447117339
2016-10-03,-1.3234681000415547,0.7727554246713001,1.7543723878791717
2016-10-04,-1.4042745683958309,0.61844958210012768,1.6035717716219604
2016-10-05,-1.3567365255419062,0.67308930923241039,1.639857453114052
2016-10-06,-1.4349148249025974,0.62182614182066887,1.6335885798868421
2016-10-07,-1.3931027077770382,0.53576832790502893,1.4811772196212207
2016-10-10,-1.3425004589748217,0.5676466115727985,1.483630231888406
2016-10-11,-1.3726506345572176,0.47098983474649969,1.3698665649792174
2016-10-12,-1.3179913642900551,0.5244589051770755,1.3951404194527333
2016-10-13,-1.3900798855948209,0.53519759845696679,1.4782890500397967
2016-10-14,-1.3736559935542532,0.43431651545690275,1.3265982714905917
2016-10-17,-1.4018978017675572,0.37823153670935833,1.2721020667905465
2016-10-18,-1.258566511362889,0.41825457676582917,1.2063084803487267
2016-10-19,-1.2148386635781137,0.44650459122055886,1.206615519038267
2016-10-20,-1.2642525951067076,0.47657315600488742,1.2967036646662751
2016-10-21,-1.3742857462818501,0.3640804793154207,1.2393120055871791
2016-10-24,-1.4348232739276168,0.3175821171805886,1.2218835939033446
2016-10-25,-1.4344442908631185,0.31123046712074875,1.2124720622073308
2016-10-26,-1.4408344896199696,0.31069536674956777,1.2177385109293331
2016-10-27,-1.4177430653675132,0.21212289245166702,1.0618235678875263
2016-10-28,-1.388228318294034,0.19520668896353652,1.0109868145637899
2016-10-31,-1.3799297267036574,0.2261831829549662,1.0481770900689464
2016-11-01,-1.3809283664701728,0.091167669835930831,0.86112151528647618
2016-11-02,-1.3778076433058035,0.027803692180760516,0.76997851675800943
2016-11-03,-1.3830849465834729,0.016840250557974445,0.75888851631846765
2016-11-04,-1.3798536720615688,0.016106827310439567,0.75495991870667156
2016-11-07,-1.1909109591683247,0.17421242640494425,0.81786277768214599
2016-11-08,-1.1770478288391097,0.27167620053649294,0.94135662825289201
2016-11-09,-1.2316169638334289,0.32908204786316286,1.0610222538398468
2016-11-10,-1.2009132674478116,0.37421137697414109,1.0985248798078648
2016-11-11,-1.1795495004641445,0.45807869110800459,1.1958492255922228
2016-11-14,-1.122687211048184,0.54445640820021257,1.2672713116769934
2016-11-15,-1.0880679641744766,0.49421514008147455,1.1763155841182549
2016-11-16,-1.1430038786458014,0.48602162731804693,1.2158304217838611
2016-11-17,-1.1646725920105114,0.41224553148735105,1.137418409603421
2016-11-18,-1.1534208056987403,0.40238688544786089,1.1129277315376487
2016-11-21,-1.1676500799453013,0.42979193192956239,1.16322259671781
2016-11-22,-1.1533126157589624,0.45186369682529892,1.1813257547689173
2016-11-23,-1.1221454574882548,0.44621107964409079,1.1451336935819281
2016-11-25,-1.1100199700198459,0.47355820769203222,1.1726067212627596
2016-11-28,-1.1332956989246867,0.4316967075444324,1.1350762981777451
2016-11-29,-1.1412517210648716,0.47532640101800439,1.2047445365994609
2016-11-30,-1.1450537977136237,0.39113562995647944,1.0890510763337629
2016-12-01,-1.1244789138178017,0.43877512194396678,1.1398594195314313
2016-12-02,-1.1353175417428043,0.54536764865607679,1.3113811932432782
2016-12-05,-1.1111713110950501,0.45231843121564924,1.1702072375169168
2016-12-06,-1.0802419759190671,0.51967262350924404,1.2370229793462422
2016-12-07,-0.99661014760629574,0.66143586485899719,1.3446512174523035
2016-12-08,-0.95871218144132875,0.73667750220630501,1.4143370385149765
2016-12-09,-0.95027821893785913,0.76121513973077837,1.4405855507122498
2016-12-12,-0.82926337194147826,0.90265224128644816,1.5122621358789758
2016-12-13,-0.80160122759737529,0.91409429146108456,1.5040018886774806
2016-12-14,-0.92056713419635994,0.77740536077810263,1.4147672177881576
2016-12-15,-0.98171267180883315,0.70400204781849585,1.3656358435007436
2016-12-16,-1.0400597838813654,0.76239485912042548,1.5184244358939352
2016-12-19,-0.92234298132963322,0.96868456084804622,1.6907342036794353
2016-12-20,-0.97172842939113513,0.9369772231003024,1.6888054605359815
2016-12-21,-1.0392134442688521,0.84928099113236288,1.6263483980700242
2016-12-22,-1.1156841287248223,0.74585266034931674,1.5506067266313508
2016-12-23,-1.0969444479734261,0.76949434939074579,1.5657439450417163
2016-12-27,-1.0375557468567191,0.80564263216374166,1.5594884157644349
2016-12-28,-1.0966345820265853,0.66287758294031263,1.4063708550351455
2016-12-29,-1.0769480745159328,0.7160332854485707,1.4630283694947857
2016-12-30,-1.0147682113003405,0.76624541511083555,1.4722780236813682
2017-01-03,-0.76268848489973129,0.93508460091453438,1.4541900270149681
2017-01-04,-0.76505139715567461,0.9668292837645871,1.4998899737493046
2017-01-05,-0.61822498598417996,1.0624382058497055,1.4807976807864136
2017-01-06,-0.41656635958158456,1.2971477904561197,1.5850757095839139
2017-01-09,-0.50303986341681606,1.3621544799262624,1.7698544474543645
2017-01-10,-0.57079725942805448,1.3543727334407469,1.8217369441346112
2017-01-11,-0.68598594311161443,1.3152862755408243,1.8651592114330164
2017-01-12,-0.76708203644919459,1.522366694001698,2.2957977026381444
2017-01-13,-0.8030326908945643,1.4203489454236666,2.1892946566054565
2017-01-17,-0.54844121743388807,1.5903285812848214,2.1258306082475573
2017-01-18,-0.68443380272379906,1.5974499702610907,2.2679619963291633
2017-01-19,-0.48348529295795295,1.6816694333540276,2.1797244138361411
2017-01-20,-0.47706895562530405,1.6665934813021137,2.1525438142310458
2017-01-23,-0.73341729098207165,1.4951632173020635,2.0985672357853891
2017-01-24,-0.67692490437358999,1.6884784656318224,2.3197429856970535
2017-01-25,-0.66749051179856844,1.6525166265412858,2.2643285866521858
2017-01-26,-0.63430114206532207,1.7441898200793524,2.3613389551631481
2017-01-27,-0.76611876333922868,1.6873583114837412,2.3941511994206865
2017-01-30,-0.87946134736217774,1.4543560396684203,2.185309915046969
2017-01-31,-0.83256579319707191,1.4567552788248461,2.1480980059760633
2017-02-01,-0.67450866873959781,1.6383942637875717,2.2419588139815296
2017-02-02,-0.79256511483275627,1.5931894719264217,2.2791149127804045
2017-02-03,-0.68622089483639404,1.6376874074000609,2.2522569627475861
2017-02-06,-0.67105031109501467,1.816860608257076,2.5005966298864912
2017-02-07,-0.49117741136931425,1.9533650657235715,2.5001375879081764
2017-02-08,-0.36123748281423229,1.9647075783456447,2.4142769643758735
2017-02-09,-0.416944543548252,2.0240074160279158,2.5540710220504086
2017-02-10,-0.17408541240278311,2.1929608276497343,2.5464463437632192
2017-02-13,-0.308536654204212,2.0873171152989172,2.4829266589512589
2017-02-14,-0.49662528623987806,1.9897427922588526,2.4780471978491549
2017-02-15,-0.62405907854036902,1.9047842531917705,2.4512801030364835
2017-02-16,-0.64649062288706172,1.9370678163019339,2.5189289209028569
2017-02-17,-0.62480237809168404,1.956376555796141,2.5248363491459229
2017-02-21,-0.75091425418226654,1.8897631067880163,2.5183905191093645
2017-02-22,-0.72141945907233906,2.0170821559303462,2.6614320766971886
2017-02-23,-0.55450519779149143,1.9811553453019266,2.4972104584463475
2017-02-24,-0.65887738654286987,1.888707473428294,2.4573974043948592
2017-02-27,-0.74803485778427303,1.9266131864328122,2.5958628619245578
2017-02-28,-0.77767654311019574,1.9817729148632688,2.7057762006613229
2017-03-01,-0.76718759399429759,1.9209669347541884,2.6199192126977828
2017-03-02,-0.75290893079233934,1.8121918681520861,2.4611909292244776
2017-03-03,-0.74328028767465959,1.7809000867885267,2.4125168688153327
2017-03-06,-0.8185378269124689,1.7193677835530587,2.3966361322927163
2017-03-07,-0.76046823024209298,1.6812729972036013,2.2977022123553299
2017-03-08,-0.64451882698265583,1.7807984083166557,2.3181480589559222
2017-03-09,-0.71174587413804224,1.7461946505702963,2.3259622636316672
2017-03-10,-0.68325246361331848,1.7721056555818233,2.3393005217192391
2017-03-13,-0.82778883355496125,1.6374513557582961,2.2592226446582915
2017-03-14,-0.82314747274642464,1.6108272190372603,2.2200734034104612
2017-03-15,-0.69445551809924599,1.7081178532764094,2.2415615437997625
2017-03-16,-0.64070565313891004,1.6327897192718692,2.0998232143974223
2017-03-17,-0.67999675470668752,1.5085694800523166,1.970770954443416
2017-03-20,-0.64539295536800856,1.5098401778441797,1.9414275520824293
2017-03-21,-0.57525430230817398,1.3564647770695273,1.6484203955948209
2017-03-22,-0.50459641661323817,1.3847465723064867,1.6265577148174806
2017-03-23,-0.48912408446921479,1.4425483354572137,1.6904009601326428
2017-03-24,-0.37435170149446934,1.4397082386723981,1.5896649656938666
2017-03-27,-0.53740305253932941,1.4235960883385952,1.7048191609494374
2017-03-28,-0.52418295388148139,1.4062357734355673,1.6751836719401096
2017-03-29,-0.63794515580828537,1.3731415083116709,1.7245545560004611
2017-03-30,-0.63426230596637645,1.4286912221796326,1.7958483249720567
2017-03-31,-0.57320659150827524,1.3404600707016734,1.640265239562309
2017-04-03,-0.56240597243645296,1.3558876436598994,1.6519383721241041
2017-04-04,-0.46757686321441988,1.469081248943056,1.7121738614454258
2017-04-05,-0.42244144150361485,1.3371717741754188,1.493719954813139
2017-04-06,-0.31540664027525211,1.4963285862445035,1.606975707152376
2017-04-07,-0.44544686629961855,1.4590366187488932,1.6689443454332011
2017-04-10,-0.49386316077647718,1.4893301726877495,1.7566146569297685
2017-04-11,-0.53917235529056018,1.3886871451489364,1.6613625670928165
2017-04-12,-0.64669748835515273,1.246523408409812,1.5539363652712759
2017-04-13,-0.67852981643977239,1.1771547173021413,1.4872177092910599
2017-04-17,-0.63668835761889375,1.273643996198526,1.5840126060664064
2017-04-18,-0.64507607707996373,1.1744702328779575,1.4666746585273005
2017-04-19,-0.63868268071868273,1.1241224745341107,1.3889122633761921
2017-04-20,-0.5931961689478189,1.1931741782707155,1.4462965647608055
2017-04-21,-0.60080738750765217,1.2165551492394366,1.4865717051878109
2017-04-24,-0.3867607682937565,1.3201187249698685,1.4584554860140497
2017-04-25,-0.28432849513392783,1.3941761743456789,1.4719187057605907
2017-04-26,-0.31955867834397139,1.3729477361199003,1.4735096465512367
2017-04-27,-0.26130225544430397,1.3608809655591032,1.407066860662268
2017-04-28,-0.17491593382408532,1.4361839400891017,1.4283974949563933
2017-05-01,-0.079642895941178848,1.5183683751929054,1.4552760502753368
2017-05-02,-0.1143428773664272,1.4460392664243944,1.3836647438562464
2017-05-03,-0.036061164539345852,1.5282716053009511,1.419592854279784
2017-05-04,0.07792374324827292,1.5999785488500395,1.4141058647044129
2017-05-05,0.063862089055296348,1.6411436952455367,1.4848031975199316
2017-05-08,0.13855925721020224,1.6029502608768782,1.3742836069042812
2017-05-09,0.17031411867725235,1.5850142699755194,1.3214932831577053
2017-05-10,0.10252862661258379,1.4875641421413492,1.2399620973840471
2017-05-11,0.10934880665887825,1.5701057895896502,1.3440244672150112
2017-05-12,0.028466490532502834,1.5494934037318084,1.3893714325598754
2017-05-15,0.088716713016326762,1.7017684435186893,1.545300265832902
2017-05-16,0.095755305885346462,1.5975337642663279,1.3949175947917214
2017-05-17,-0.011917263054687459,1.4912581702039487,1.3649154633695837
2017-05-18,0.013920061739955256,1.5285736926815934,1.3933006759417397
2017-05-19,0.11805813162314423,1.6290725862397419,1.4403750178041852
2017-05-22,0.10134714793992224,1.6174598738055386,1.437845666437332
2017-05-23,0.12846778949187346,1.6541781889806382,1.4650949103835482
2017-05-24,0.071819830081192651,1.5576771537690028,1.3733568446198483
2017-05-25,0.049486056496485575,1.5387182212724893,1.3651115109061338
2017-05-26,0.022611227785627627,1.5335770703500877,1.382144757803653
2017-05-30,-0.016508808029349242,1.4811393864034696,1.3442975192319753
2017-05-31,-0.018341360042447304,1.4986699821968517,1.3711044910138306
2017-06-01,0.071997789551286911,1.5553455190950054,1.3742633363125798
2017-06-02,0.11194349834558387,1.5581576426400574,1.3448625213327892
2017-06-05,0.14927260229114817,1.5822830906105807,1.3439842774265598
2017-06-06,0.074200844283297679,1.4973064373248592,1.2927777817190189
2017-06-07,0.086276650860272405,1.5002340609634588,1.2861266651213523
2017-06-08,0.081384174362633413,1.4722569071562539,1.2512718291496709
2017-06-09,0.16732675232522787,1.4706379924420834,1.1717818335494015
2017-06-12,0.27406111556219148,1.5748129119955756,1.2126544495936207
2017-06-13,0.37075800473714715,1.7103122426406652,1.311435507065116
2017-06-14,0.42676966014396239,1.7178840308746117,1.2709953538097019
2017-06-15,0.28221547693154447,1.7121366114269814,1.3904726023172533
2017-06-16,0.29558754768841888,1.6308793578927019,1.2758506174949154
2017-06-19,0.45375777702681624,1.8128183303290286,1.3845473151000278
2017-06-20,0.24928700026949266,1.6736096426889322,1.377628359027647
2017-06-21,0.24145228334289892,1.6418915360323072,1.3391519973377035
2017-06-22,0.22551476358513425,1.6545010007914462,1.3713926281362296
2017-06-23,0.09543756506777637,1.5444122304114576,1.3180557283850463
2017-06-26,0.8718185152513378,2.0996251182008621,1.3173570064582374
2017-06-27,1.0178474947066574,2.2428076331880606,1.3658281410490918
2017-06-28,0.93621120468163799,2.1717052184387824,1.3081972624642155
2017-06-29,0.79292589188698137,1.8913879748154632,1.0358049545292676
2017-06-30,0.8168202807150251,1.7724140749999397,0.85635750653841203
2017-07-03,0.91975726708670336,1.7676687998380027,0.77551428645976228
2017-07-05,1.0586747216637462,1.8903249797312494,0.82309636106901629
2017-07-06,1.0394949850200217,1.6987198457930641,0.61299170518518342
2017-07-07,1.0749887531962556,1.780029371646223,0.6920540716817023
2017-07-10,0.91778117996934372,1.6384492269777631,0.6085534747359852
2017-07-11,0.84593803387137867,1.5872001714779156,0.59569665983057263
2017-07-12,0.83201436539030205,1.5898598701605124,0.60978715979755083
2017-07-13,0.78493025789996773,1.6119758164913387,0.67082639866930971
2017-07-14,0.64520028711895716,1.6017631939795984,0.75799650405005303
2017-07-17,0.57242417385366706,1.6170387567767506,0.82915435474881116
2017-07-18,0.51651783435363896,1.5912240891231895,0.83515965343567689
2017-07-19,0.59767648101755633,1.6671675217290365,0.87425345374997321
2017-07-20,0.56769311581224191,1.6233829764134471,0.83996706982447977
2017-07-21,0.52192636877392973,1.6607214004549851,0.91524287103686897
2017-07-24,0.50006100348734506,1.6046895069713936,0.860856599803557
2017-07-25,0.59791536178977311,1.6686010795271287,0.86947953118631494
2017-07-26,0.63851443831191801,1.6634093273009354,0.83468823828375049
2017-07-27,0.64086727767711471,1.6650724248539817,0.83499837719458248
2017-07-28,0.61518712953998056,1.6362330012783963,0.81782091825943803
2017-07-31,0.68611118476899124,1.609501030430837,0.73573925499270443
2017-08-01,0.7382741560370325,1.6468370805335937,0.74463055722643379
2017-08-02,0.78050596611431389,1.7376264170673246,0.82163668617013663
2017-08-03,0.7761387627102766,1.6777582265450512,0.75195522539710979
2017-08-04,0.81126329505191952,1.6869068020619706,0.73825902728775628
2017-08-07,0.74076371625129389,1.6161777724189972,0.6953979379886992
2017-08-08,0.68735535315359941,1.5922178416238879,0.70448820318514926
2017-08-09,0.60898031777103789,1.5843252163066674,0.74807053426196679
2017-08-10,0.5108510644549944,1.4186744067200614,0.63227915473512653
2017-08-11,0.47341849455358109,1.3819144630543505,0.61190641995500461
2017-08-14,0.63328909204399697,1.5033757006862571,0.65704300238911373
2017-08-15,0.62946792962335507,1.4676209042435655,0.61480626986024345
2017-08-16,0.72910381065451024,1.5545649024163084,0.64881440025394754
2017-08-17,0.66340909975447326,1.3181271897357087,0.42498107093878934
2017-08-18,0.64959089874181164,1.2727667990830736,0.37882390176642583
2017-08-21,0.69799837775820428,1.2997948211307113,0.37908621157100053
2017-08-22,0.78327257738698852,1.4147787356645063,0.4706247001244474
2017-08-23,0.6152100396580934,1.347296694938789,0.50300699759147538
2017-08-24,0.66957422770519948,1.3824177702315965,0.5063066105740377
2017-08-25,0.7911886066251681,1.4179705579156243,0.46593600225490905
2017-08-28,0.82177930648392628,1.4412654783724499,0.4725248865806051
2017-08-29,0.67052282584638256,1.3984656673096587,0.51623676670410934
2017-08-30,0.67846038291367827,1.472692709353957,0.6022299696790232
2017-08-31,0.77592189402914857,1.5754185435664008,0.66225481352133397
2017-09-01,0.81289861714376432,1.5915249430756944,0.65623470021087893
2017-09-05,0.66944568846811714,1.4490155088057883,0.58575801107169367
2017-09-06,0.7031675756537259,1.4534100657339006,0.56759017269500012
2017-09-07,0.75102130590227401,1.4530507744118464,0.53404169845664706
2017-09-08,0.76059347860979676,1.4666074974884358,0.54367196262413386
2017-09-11,1.0375744852024253,1.9429373435557937,0.88312713441675761
2017-09-12,1.1658728598514967,1.8339118707645665,0.65654421636932092
2017-09-13,1.2995073069857421,2.0537122220681221,0.80573385308065626
2017-09-14,1.2608139001155665,2.0544284655769034,0.83400635765313713
2017-09-15,1.1511941616766386,1.8937390015704609,0.70533000852098438
2017-09-18,1.3880809714594475,2.0476777118179355,0.72045293952120337
2017-09-19,1.3383300411361982,2.0580758275165922,0.77283295758405579
2017-09-20,1.2510028464457794,2.0621197498854591,0.84765076780009785
2017-09-21,1.1548264248531777,1.9003210652893967,0.70383468893476975
2017-09-22,1.0116386230316157,1.8267523800660959,0.71544164875979677
2017-09-25,1.0335037048435469,1.8757622472086619,0.75617701181924979
2017-09-26,1.1810710366556951,2.0011652542833986,0.79357092766028647
2017-09-27,1.2694172181545613,1.9744948419646915,0.6951483141946615
2017-09-28,1.2141038241584774,1.9284795152738889,0.67536639092193984
2017-09-29,1.2382005496349962,2.108022592059398,0.86686633180958683
2017-10-02,1.1662974761879275,2.0719532631554602,0.87131514607616867
2017-10-03,1.2295933918945583,2.1332450018112259,0.89981636263655396
2017-10-04,1.2010747623453613,2.2226580805047149,1.0267765517097134
2017-10-05,1.1613085742234934,2.2398636598844806,1.0796839617888909
2017-10-06,1.1427640311271385,2.2149534205594055,1.063144244000084
2017-10-09,1.1327861586633754,2.2407260954151238,1.1021172601834173
2017-10-10,1.0790853240345792,2.2099517963947752,1.1034025205037497
2017-10-11,1.1227535068644194,2.4365771400204723,1.3241217763631168
2017-10-12,1.0737924205766904,2.397842658205894,1.3135138408670275
2017-10-13,1.2971098561227665,2.4618708163666896,1.2370789473437811
2017-10-16,1.2067705343944217,2.4728192706904162,1.3267484306730752
2017-10-17,1.2045951418588012,2.5332588956087552,1.4003115037429448
2017-10-18,1.062910511054405,2.4687892472039565,1.4311623241336098
2017-10-19,0.94546047145016432,2.4371738496193989,1.4714711259872282
2017-10-20,1.0700717402670641,2.5293921528025929,1.4969799092226352
2017-10-23,1.2088707234289708,2.465595175398418,1.3264541278150104
2017-10-24,1.148046792741199,2.4344267167417759,1.3324507744247394
2017-10-25,1.1358344766052719,2.4093582332571866,1.3129017876210023
2017-10-26,1.3101988009548189,2.4555174991324935,1.2479317399391756
2017-10-27,1.3032630777893646,2.5916897708548028,1.4386575161885906
2017-10-30,1.2457843303492193,2.5798487917940531,1.466365572088
2017-10-31,1.2421972687374032,2.6001445295649979,1.4951133486286907
2017-11-01,1.2786207553582456,2.7313553054799478,1.6288792964398868
2017-11-02,1.3125021638976315,2.830163404121453,1.7191362747722569
2017-11-03,1.3012006079311842,2.9440451172477506,1.8705109692038
2017-11-06,1.2728497957026088,2.9810638225623323,1.9366456805554404
2017-11-07,1.0114660359426988,2.7902610687371823,1.7944741403598679
2017-11-08,1.0470522803837694,2.7540365439615049,1.7313401082805771
2017-11-09,1.1295772661009862,2.5718690998727678,1.5141898955509612
2017-11-10,0.98472516224581275,2.5321441149161394,1.5723434105687011
2017-11-13,1.0079864764163478,2.581030127588301,1.6128095268908349
2017-11-14,0.84599730487547087,2.533925716836086,1.6736786534927577
2017-11-15,0.68288473676347461,2.3544529301788351,1.5640858928283108
2017-11-16,0.86857016445734159,2.489692973423582,1.6123039616999588
2017-11-17,0.80894755801676965,2.3757422056165534,1.5114192007737439
2017-11-20,0.82664055923542346,2.4340721056280921,1.572596385456807
2017-11-21,0.83456173887507412,2.4228296950093027,1.5503754693552638
2017-11-22,0.79545834396533244,2.3819173293030582,1.5272129647595796
2017-11-24,0.91783655250678242,2.4065872806561983,1.4721631455926281
2017-11-27,0.87823868741105238,2.348061585530314,1.4249454737524454
2017-11-28,0.96940277423472165,2.5451979082536669,1.6168046523663062
2017-11-29,0.97905756958638712,2.5086398851357159,1.5630263543426843
2017-11-30,0.99587855304904715,2.6529761537231722,1.7570723501704206
2017-12-01,0.93309595821982927,2.6788210851522614,1.8415309810096607
2017-12-04,1.08060518671238,2.6535017040683226,1.6706528269668495
2017-12-05,1.0042723434507479,2.5194619134230942,1.5506988667553889
2017-12-06,0.949348388469205,2.4786071023060505,1.5374825359984974
2017-12-07,0.95543859241067597,2.3733015249834497,1.3936060631848868
2017-12-08,1.0412810589998722,2.4116985879012627,1.382649571628378
2017-12-11,1.019647402595363,2.3738731418924695,1.3464901470711383
2017-12-12,1.0555656266117379,2.4164695556999867,1.3737235812810384
2017-12-13,1.0005557151306164,2.3271279950536008,1.2927247280276912
2017-12-14,1.0705053705959704,2.4020418290252343,1.322440926663653
2017-12-15,1.0204262735902507,2.3900612344246701,1.3417556554639893
2017-12-18,1.2477319911022298,2.6077468688043783,1.4344308032342972
2017-12-19,1.2503938450599652,2.5145238351652206,1.3133507837724572
2017-12-20,1.2806724852575311,2.4526964883181628,1.2012918821781553
2017-12-21,1.3601281830913197,2.5263620534678122,1.2307496645641918
2017-12-22,1.3808174029005267,2.5492142980957579,1.242919880955206
2017-12-26,1.3316887093423186,2.5093858857921978,1.2297201827755844
2017-12-27,1.3158896722947659,2.4809954983832547,1.2049979027626139
2017-12-28,1.3346851296966815,2.6550238414574072,1.4063549920018152
2017-12-29,1.384254270587836,2.5970557612370713,1.2896335605950162
2018-01-02,1.428570274489859,2.7500186872518162,1.4613001782998072
2018-01-03,1.2973662601563034,2.7354403956683631,1.5430159105681023
2018-01-04,1.3207529849362707,2.7143263094069376,1.4951284538307672
2018-01-05,1.4332590638662284,2.8145074235377754,1.54480098122007
2018-01-08,1.4090813336740324,2.7908164881681525,1.5312602080752573
2018-01-09,1.4848466303551966,2.8773184327425216,1.5797577456804031
2018-01-10,1.4007282394290512,2.8532658983105668,1.6113451938887393
2018-01-11,1.4663398212130399,2.9070789863240671,1.6399344983365112
2018-01-12,1.5614187716244161,3.0326327030861107,1.7316877206162518
2018-01-16,1.654789620917527,2.9438943639450916,1.5249488237857716
2018-01-17,1.8283075969725979,3.1159532573582727,1.6270444713279413
2018-01-18,1.7857203478887305,3.0578926886723776,1.5870452127888532
2018-01-19,1.8316180610830286,3.1802972959434168,1.7073187690185894
2018-01-22,1.729702326490115,3.2298057776895592,1.8467216926270784
2018-01-23,1.7783444322861102,3.3019558286893771,1.898020246113558
2018-01-24,1.8120328766287837,3.2131632959893794,1.7513782941800844
2018-01-25,1.78397725285336,3.1135371664468603,1.6268102335972261
2018-01-26,1.8801266871115667,3.2596198491302824,1.7641291763788762
2018-01-29,1.8112334982233025,3.1696719256497969,1.7157808677905466
2018-01-30,1.696219552281794,3.0877285244191679,1.7107261824603737
2018-01-31,1.8389506874970307,3.0963220658320152,1.612455482506693
2018-02-01,1.6892820525599597,3.0732791469933756,1.697739419817031
2018-02-02,1.5930025817003339,2.6198175406391955,1.2969074708727193
2018-02-05,1.2957370251640987,1.699497036117384,0.56251819721365881
2018-02-06,0.93042297175880717,1.9057825368845922,0.95876419208120212
2018-02-07,0.8343530632099917,1.8384010399241726,0.94286912867164607
2018-02-08,0.89469345148246426,1.2758854610387771,0.35625489341903704
2018-02-09,1.0982044625088661,1.3578591401285585,0.33501596450471238
2018-02-12,1.2317129752458742,1.454814374509372,0.37536055669595897
2018-02-13,1.0651416859892717,1.4258911992984822,0.42889307198695586
2018-02-14,0.94227720202850151,1.5114156851788174,0.58938137059491558
2018-02-15,1.1054695415346967,1.5781090740321229,0.57933474592356027
2018-02-16,1.0467198416834973,1.58991135216625,0.62358628096589441
2018-02-20,1.0317652779022193,1.5066238852508462,0.54263463266751299
2018-02-21,1.0320269610525978,1.3956545304633303,0.41780164755339477
2018-02-22,1.1505187445526996,1.417914305021684,0.37593353100980847
2018-02-23,1.19914353494211,1.5539028041817113,0.51499457681060601
2018-02-26,1.3751262408865963,1.6476093904979954,0.53343829482024718
2018-02-27,1.3993033441234672,1.4949790357193462,0.35862756209541546
2018-02-28,1.5262410271304323,1.414396663856724,0.20300858058882879
2018-03-01,1.3594468957087966,1.131493619627457,-0.010570529015859977
2018-03-02,1.2183465849650921,1.2452412495042364,0.18057336552288128
2018-03-05,1.118302195737255,1.3446311282178944,0.34339844734150771
2018-03-06,1.2798807614096919,1.3990108238494348,0.31766852702337822
2018-03-07,1.1081559076783345,1.425400270471181,0.42465917133818659
2018-03-08,1.1346664185892279,1.4899524734197436,0.48086940994037364
2018-03-09,1.2316855898316901,1.6257904587607177,0.59108248847258593
2018-03-12,1.166558871790883,1.5802601945807986,0.57770284945236416
2018-03-13,1.261784454027177,1.5095708344256957,0.44911934957399019
2018-03-14,1.3911273929843753,1.496100571783386,0.36561828065490432
2018-03-15,1.3784529881449288,1.4065319208158529,0.27213942705326821
2018-03-16,1.3280167878247822,1.3970830374186001,0.28825031353737257
2018-03-19,1.3271791709767216,1.3158751353080018,0.20984764504085646
2018-03-20,1.359650156226373,1.3427201761778196,0.22158095522452997
2018-03-21,1.2992190305246636,1.4588759938218072,0.37139144281289804
2018-03-22,1.0918939970498647,1.1604825038108193,0.18029734010153398
2018-03-23,1.151882315845324,0.95135490654061217,-0.058764076212792456
2018-03-26,1.369971089932432,1.1737710353537212,0.077278543515959877
2018-03-27,1.6156868013914867,1.0191130131870758,-0.20063569707670051
2018-03-28,1.6558586080167053,0.93033628050654693,-0.32237799910966375
2018-03-29,1.7706606753545817,1.0286371095993128,-0.26822613306897436
2018-04-02,1.7312447895301366,0.79711462775167585,-0.48385339047673614
2018-04-03,1.8578557175625872,0.92241798564864752,-0.40549020239761041
2018-04-04,1.4999938357444322,1.0251034430396642,-0.12718193194200417
2018-04-05,1.6481428960325097,1.0847994959861411,-0.14307817466212161
2018-04-06,1.424970690741943,0.90396259234253185,-0.2141215035550213
2018-04-09,1.5165983046093032,0.92118854201636557,-0.24694995528890681
2018-04-10,1.7204629426531159,1.0538604454902678,-0.21798944535461701
2018-04-11,1.5893585907106573,1.0043554969640709,-0.20700869960647436
2018-04-12,1.7127227071191233,1.0801824502554611,-0.18989459155387908
2018-04-13,1.8245988667019648,1.0926025134161401,-0.23945013523801789
2018-04-16,1.9607932597331732,1.2138342371601756,-0.1836049699100393
2018-04-17,2.0308658664433246,1.2276016781443468,-0.21221432910349614
2018-04-18,2.1274256876625994,1.2588843258658979,-0.22838578897266756
2018-04-19,2.0329801683359583,1.2269322038505259,-0.21198907383134208
2018-04-20,1.9784428107915537,1.0889981950871932,-0.33413313496843866
2018-04-23,2.0250654537544466,1.1145267374858565,-0.33208327610505783
2018-04-24,1.9389607507834996,0.91024729250994485,-0.48909716927592306
2018-04-25,1.8829919110435624,0.88348248797584183,-0.48864947891292421
2018-04-26,1.9566989619618287,0.96921509523536375,-0.43149582738938724
2018-04-27,1.9734580305011191,0.97003098673275101,-0.43997959996406555
2018-04-30,1.9956210157234844,0.92298705653480451,-0.500483349353956
2018-05-01,1.9104110369057776,0.91698206218703471,-0.46197757221471952
2018-05-02,1.884459845593885,0.85744400205271498,-0.51201524563226386
2018-05-03,1.8552367825472493,0.849243021300504,-0.50677931431570444
2018-05-04,1.754192681891547,0.94051467453001336,-0.34422763093381953
2018-05-07,1.7774817181962619,0.93612395748218347,-0.36235001445446008
2018-05-08,1.7463912207443539,0.93748593597285346,-0.34486950146003376
2018-05-09,1.7720364722887787,1.0207243930950358,-0.26428193650086412
2018-05-10,1.8264243093887182,1.0792456698417658,-0.22641256011841554
2018-05-11,1.8734839081099424,1.1204471009424832,-0.20488947016486811
2018-05-14,1.9245518076504864,1.137995284390787,-0.21250942482379498
2018-05-15,1.7967819197542418,1.0366060324903763,-0.25954118644268714
2018-05-16,1.7756922124790664,1.0775685556790724,-0.20257033981090547
2018-05-17,1.9156730707501666,1.2275094354800267,-0.11543159730132402
2018-05-18,1.8970009880442527,1.1742944589127025,-0.16452204833740872
2018-05-21,1.953892965697926,1.1820607785712141,-0.18977728697055121
2018-05-22,1.9488417102568769,1.1182696094788513,-0.25693090333612573
2018-05-23,1.8210008618419753,1.1225875229958961,-0.1879335318097807
2018-05-24,1.7733648420111638,1.0866893794579371,-0.20230387141307973
2018-05-25,1.6911204946611078,1.0285573274625024,-0.22306448072274232
2018-05-29,1.5818103802399444,0.93187495105821039,-0.27169150132215142
2018-05-30,1.6939826963569933,1.0417590381286743,-0.20755590422143777
2018-05-31,1.6416947722367095,0.99283626556248861,-0.23223171625627656
2018-06-01,1.69033971591667,1.0068633655232087,-0.24459801196460754
2018-06-04,1.7405471893751669,1.0180040052182917,-0.2600929967518753
2018-06-05,1.7635421040436636,1.029861774547099,-0.25920477691047927
2018-06-06,1.8506889285016703,1.1213010714051401,-0.20224922082692548
2018-06-07,1.8567259511308469,1.1055827072617748,-0.22293659298223764
2018-06-08,1.8167720487897423,1.1252039716832589,-0.18014486767832119
2018-06-11,1.8107047210311891,1.1482624307021976,-0.1516479203843141
2018-06-12,1.8580332307209602,1.1603210460375482,-0.16354758314358434
2018-06-13,1.8328584909469947,1.0954472089540424,-0.22106132292010969
2018-06-14,1.868090227977254,1.125899070492103,-0.2075438216746685
2018-06-15,1.8425813075461313,1.0939906730011915,-0.23054968439168691
2018-06-18,1.8077029674082798,1.1154542255131332,-0.19119201342174333
2018-06-19,1.573479755241411,1.0190096715664025,-0.18151482654955564
2018-06-20,1.6460092452215858,1.0889207070678428,-0.14625667591431391
2018-06-21,1.6182408582406469,1.0387710921986133,-0.18419791382705178
2018-06-22,1.6969105002791505,1.0570871477306958,-0.20932230159974893
2018-06-25,1.6097671060946743,0.93174881705743717,-0.29553784746551598
2018-06-26,1.597521713564753,0.94411591038365605,-0.27480167999082161
2018-06-27,1.6530880605417744,0.94217089450763991,-0.30631495136971104
2018-06-28,1.5749576876888589,0.91760241639963325,-0.28971016794564186
2018-06-29,1.6336855672758313,1.0023537479992226,-0.23411019936612337
2018-07-02,1.4588780639574077,1.0045255900944352,-0.13915556818407249
2018-07-03,1.4478229632771757,0.96205003514446952,-0.17815517794860353
2018-07-05,1.492206640548787,1.0072117897376029,-0.15278154322874082
2018-07-06,1.5555024874355412,1.1495412471150208,-0.030646252644524901
2018-07-09,1.5757442910543713,1.168402322011433,-0.02054049156109556
2018-07-10,1.6157699528521889,1.1883076180103935,-0.020328975381579618
2018-07-11,1.5202627175293397,1.1334113883908201,-0.030595965233350217
2018-07-12,1.5280528043995714,1.1449414787026597,-0.021827465910022822
2018-07-13,1.5157273173980741,1.1378470986407414,-0.02300983585523414
2018-07-16,1.5179490471243242,1.093925627845691,-0.073030437388406449
2018-07-17,1.4717978408273222,1.1268365702757794,-0.012101738272737732
2018-07-18,1.5085133981858641,1.1393370392226296,-0.01794071263884078
2018-07-19,1.4409529063771023,1.0660656973885543,-0.062213225820566119
2018-07-20,1.4089623546146066,1.0532708376067335,-0.058652697882669372
2018-07-23,1.4398955512232248,1.0752655751503779,-0.050768072495437327
2018-07-24,1.53108473067191,1.1167477426921508,-0.057432290752952531
2018-07-25,1.461168619736233,1.1631983062379618,0.035152298651594319
2018-07-26,1.3927980730585681,1.1437561456595262,0.05075672699338564
2018-07-27,1.3798883691608967,1.0953330564099824,0.0070035923712055519
2018-07-30,1.4216015092986927,1.0620666684884139,-0.050437045726920898
2018-07-31,1.439944963838081,1.1051482651401843,-0.013192963758941573
2018-08-01,1.4094480221007257,1.0740828380265803,-0.029909993606927313
2018-08-02,1.3112532669658608,1.1126767973075591,0.064351721577911025
2018-08-03,1.3275752245340746,1.1618370654956127,0.10940037847020041
2018-08-06,1.2944329374775287,1.1761897718601977,0.14373554829357657
2018-08-07,1.330246179393511,1.1874300210486561,0.13621278695997269
2018-08-08,1.3431054078520996,1.2039437717808812,0.14709206489317633
2018-08-09,1.3999239593704482,1.1932883614384429,0.10575295241512807
2018-08-10,1.3681210625884284,1.2586722270930306,0.18663469756945555
2018-08-13,1.3685607597019005,1.2163081473975708,0.14090077595079625
2018-08-14,1.3234200846463759,1.1901662781012803,0.1374017233004341
2018-08-15,1.2053297901280278,1.1291663564288934,0.13546907136354103
2018-08-16,1.2539241494430062,1.1776946695362371,0.16166197966618165
2018-08-17,1.2873010124178434,1.3406735252673945,0.31225072981578383
2018-08-20,1.3278142530877404,1.3705091217977832,0.32215721273353315
2018-08-21,1.3640759512514267,1.3829232422569786,0.3155501459794709
2018-08-22,1.2953947501221506,1.2982273228397638,0.25787160065888737
2018-08-23,1.3596902716514421,1.3169947146620655,0.24411459831196214
2018-08-24,1.3669543223762675,1.3833308799577551,0.31300204722917163
2018-08-27,1.38098384733255,1.4257846619166383,0.35297341018088985
2018-08-28,1.3703243500309192,1.4293554424350166,0.36300779293160962
2018-08-29,1.4892958175246762,1.4623620974322653,0.33877319847005161
2018-08-30,1.4601793235506018,1.3915449629193373,0.27738275356209696
2018-08-31,1.389408768822634,1.34475841335848,0.26429261636525031
2018-09-04,1.335614217566051,1.3193436723093559,0.26621823534172362
2018-09-05,1.3516237284907187,1.3576254092447944,0.29755842586534792
2018-09-06,1.3090609779453739,1.3056955979346117,0.26520974788761392
2018-09-07,1.2183626738161248,1.2907854875084113,0.29766482984855935
2018-09-10,1.3009419356104768,1.3143038717866977,0.27671607289937233
2018-09-11,1.1701028645129765,1.2588714296023664,0.28650078148222002
2018-09-12,1.144092896886612,1.2339342598043315,0.27358251164439457
2018-09-13,1.2293253618434119,1.2766177733843596,0.27318619492036661
2018-09-14,1.2659139575456615,1.2806107087215339,0.2575744812955662
2018-09-17,1.3577441705133702,1.2662303549487324,0.19508566863994872
2018-09-18,1.3443210061411388,1.291940180750023,0.23131701695487275
2018-09-19,1.3297846620402785,1.292457389300137,0.23989224813521018
2018-09-20,1.397752747906164,1.3523726939255212,0.26828884850669171
2018-09-21,1.3820870555772182,1.329266854917752,0.25248774733409557
2018-09-24,1.3676813805180583,1.3003226039443787,0.22916667236292573
2018-09-25,1.4142322143499306,1.3094886193568562,0.21341675067696331
2018-09-26,1.3920645485579366,1.2800828925375496,0.19427420550622598
2018-09-27,1.371036652409358,1.2715006616872548,0.19675441149264045
2018-09-28,1.3521777149277157,1.262701769816621,0.19705628526184304
2018-10-01,1.425594403763571,1.2623827288356977,0.15462964243694391
2018-10-02,1.3997668656056306,1.2233747401930923,0.12579337172695371
2018-10-03,1.4528857012145597,1.2106895941832247,0.08137854712342113
2018-10-04,1.4334580065099711,1.1358263797111572,0.012777946764562342
2018-10-05,1.4235210519677259,1.0432213105327082,-0.082200913647003881
2018-10-08,1.4121917374832735,1.0524265343795758,-0.066314932934367354
2018-10-09,1.3717331954051324,1.0539907155283978,-0.042702235663333941
2018-10-10,1.2995827445438561,0.75465849050948985,-0.29342502834071599
2018-10-11,1.2335873117599876,0.56316514186655298,-0.45526201442525388
2018-10-12,1.4744029939692982,0.67713374864818332,-0.4792597319720282
2018-10-15,1.4219615271017998,0.624539669285332,-0.50765903670714874
2018-10-16,1.518968473296159,0.7702772573184834,-0.3927943281371255
2018-10-17,1.5247787746413524,0.76632923396145869,-0.40032099375064473
2018-10-18,1.4395975353096793,0.64675135834144737,-0.48177708760613147
2018-10-19,1.5343810947038781,0.6406546707090891,-0.5393303244383183
2018-10-22,1.5223650535593556,0.56876963780819789,-0.61104161098721144
2018-10-23,1.243642912628746,0.55963977360142447,-0.48474898989810444
2018-10-24,1.20022514558348,0.31288980310627723,-0.70494660878430093
2018-10-25,1.3297313638643888,0.47552323767419225,-0.59432850723447905
2018-10-26,1.0357463286091322,0.33667873672775356,-0.60045885710490809
2018-10-29,1.153875961621829,0.23881528961923726,-0.77618796023660019
2018-10-30,1.1796082608351823,0.36960109077035791,-0.63831392710334267
2018-10-31,1.2944394760737532,0.43335715738173169,-0.63797802652011371
2018-11-01,1.2960672111634666,0.49817508208481304,-0.56518151144564932
2018-11-02,1.3617108227472954,0.4530547674672088,-0.65020238114606055
2018-11-05,1.3798920969650037,0.46824854103491254,-0.64345725308052903
2018-11-06,1.3845005791918998,0.50160358772012659,-0.60787870365175645
2018-11-07,1.491758742778025,0.65055427658665776,-0.49944575008711201
2018-11-08,1.4563453197541312,0.62594528536033756,-0.50793099064364367
2018-11-09,1.4576654394894126,0.58181671978064975,-0.55627464760046108
2018-11-12,1.4526130874480854,0.44978633932091999,-0.69094668741379583
2018-11-13,1.5224866663135324,0.43038739323400144,-0.75066044664623854
2018-11-14,1.673485208240439,0.39877858117223841,-0.86646405256533643
2018-11-15,1.658753463231283,0.5044593961131637,-0.73467876650826369
2018-11-16,1.53652019739864,0.46449161830243529,-0.71218232940656323
2018-11-19,1.5228906611214892,0.36557377566096971,-0.80681623911627554
2018-11-20,1.2911349675166814,0.2251982716549786,-0.84635279391322149
2018-11-21,1.3306515254646871,0.20402590155096037,-0.89390283970150008
2018-11-23,1.2304017650674139,0.16443206700399374,-0.88492355307364656
2018-11-26,1.3208632044570985,0.25696407509874175,-0.83612248094888109
2018-11-27,1.2579623402132598,0.28300906669739101,-0.7711814315799469
2018-11-28,1.2887812226541262,0.36649760739742437,-0.68760620365649394
2018-11-29,1.2376930959410386,0.35590812787127446,-0.67143288312015836
2018-11-30,1.1776505997647815,0.33840621091807227,-0.65621437313114528
2018-12-03,1.3813554159982309,0.43935478882844253,-0.67365918940781888
2018-12-04,1.250267165097513,0.2259511715307698,-0.81310930482884547
2018-12-06,1.0049327405520569,0.23956464590950269,-0.66754105141669318
2018-12-07,1.0024339582870478,0.085821505263045342,-0.82647608071506051
2018-12-10,0.99999944205369784,0.077735350164706257,-0.83429665626317639
2018-12-11,1.1138302576371109,0.044071261169810284,-0.93921483153493035
2018-12-12,1.2546423626812269,0.057097836748452042,-1.0115624149380993
2018-12-13,1.290884868655827,0.0435330203821091,-1.0476568174231478
2018-12-14,1.1572201571989253,-0.074296655131926501,-1.1047285262122155
2018-12-17,1.0893208943273647,-0.17246656754913131,-1.1715320327127501
2018-12-18,1.1836488854539524,-0.19981325031320868,-1.2571020638933608
2018-12-19,1.1174424379305525,-0.33413483208049699,-1.3609847996063005
2018-12-20,1.0334615113588193,-0.4109041908528312,-1.3995484997374281
2018-12-21,0.96244171727899885,-0.5651160198214058,-1.5187026650993756
2018-12-24,0.84243790314714961,-0.73283158940457005,-1.6370541524958206
2018-12-26,0.9234090301370429,-0.40167120793952038,-1.2794424573705396
2018-12-27,0.75376557502667407,-0.34929035602949515,-1.1205200148586811
2018-12-28,0.81615506659301551,-0.35968772244053426,-1.1656507649348182
2018-12-31,0.87509922279549357,-0.32003762206724745,-1.1556921294639291
2019-01-02,0.64668133139450545,-0.29196430542930341,-0.99842017912759407
2019-01-03,0.5108736169663618,-0.46934674857924441,-1.1201466616192242
2019-01-04,0.65559964337013488,-0.30618554528591169,-1.0239704926551527
2019-01-07,0.63844348017510766,-0.28507715691628965,-0.98996496043194271
2019-01-08,0.70705470538866522,-0.26933951248889526,-1.0128046584146027
2019-01-09,0.74653157453454166,-0.25308519945844954,-1.0169518862325879
2019-01-10,0.64869186697371994,-0.24586934180037273,-0.95277496455597677
2019-01-11,0.63103755204875089,-0.23498584501845998,-0.93040723433229133
2019-01-14,0.50937124018796787,-0.31123005856728064,-0.94919713022767827
2019-01-15,0.51551420259267899,-0.28271814012274687,-0.91995962942272158
2019-01-16,0.47873791491028578,-0.2495913906289346,-0.86329478723906383
2019-01-17,0.39302799810587347,-0.26077644864942484,-0.82557725188260422
2019-01-18,0.48378281791849836,-0.17511751282110113,-0.78184414226046139
2019-01-22,0.38652952336196367,-0.27671307270712298,-0.84190610243793029
2019-01-23,0.4450967487408477,-0.31114950543518716,-0.91490776577876942
2019-01-24,0.43451650270927089,-0.32017260321308727,-0.91910823623022397
2019-01-25,0.4919561225376875,-0.269793986151948,-0.89635331920492933
2019-01-28,0.3504022912536966,-0.31484916499271987,-0.86826846117922551
2019-01-29,0.31989238157068556,-0.38854942174189011,-0.93397847480640261
2019-01-30,0.41619605779158886,-0.26058728344813709,-0.84528506319555619
2019-01-31,0.49663064816232599,-0.15331290964702177,-0.76769104565658552
2019-02-01,0.46747188224530239,-0.15339906752870131,-0.75129458443327857
2019-02-04,0.5028915988102618,-0.10723807938232527,-0.71869654836858765
2019-02-05,0.58356460182368197,0.039336457811055034,-0.60177679846988619
2019-02-06,0.65474911109949196,0.27723046243575683,-0.3910240697262839
2019-02-07,0.76021407335762547,0.10689864661971153,-0.65891125577884213
2019-02-08,0.72706895148205319,0.1460118506566489,-0.59475002186942094
2019-02-11,0.74314664535704977,0.37915013980704948,-0.36182588548853339
2019-02-12,0.6832792605342497,0.366514829617969,-0.33741208894854735
2019-02-13,0.62257824519794169,0.29860099796436945,-0.37839725638298727
2019-02-14,0.63170431004257122,0.27010298027010354,-0.41710250477001187
2019-02-15,0.78816267917345706,0.25465804785866097,-0.53558711576712092
2019-02-19,0.66801905677587092,0.18833570321989751,-0.53860019528489067
2019-02-20,0.69681908283455185,0.19879550510751554,-0.54385460199448543
2019-02-21,0.71355230676221981,0.21535217211160984,-0.5347308014397647
2019-02-22,0.7209066034815087,0.28326998434780404,-0.4613372505231903
2019-02-25,0.74104021051264912,0.2836661368250788,-0.47333714216834372
2019-02-26,0.66550704643826009,0.1832239053312828,-0.54506711346531977
2019-02-27,0.58119578069279798,0.10992194705396625,-0.5788202601247876
2019-02-28,0.56244450019063641,0.17550687614376706,-0.49471956280446761
2019-03-01,0.58212707032449262,0.27645027891096358,-0.39384266438252513
2019-03-04,0.64043666895775964,0.34484632111429542,-0.35329531636830241
2019-03-05,0.73098363358215301,0.30474527684742003,-0.45642438047637646
2019-03-06,0.79616897245595797,0.19627453905699452,-0.62648421350631367
2019-03-07,0.72823860056794809,0.12865702969750475,-0.66215960422005127
2019-03-08,0.74685077312176684,0.11855213856147796,-0.68575520956956315
2019-03-11,0.74789976965365956,0.17763453540304058,-0.61475946113495872
2019-03-12,0.70710395092147338,0.094205337656287746,-0.6887609758411406
2019-03-13,0.73416561447490036,0.14284970759674842,-0.64895743493748659
2019-03-14,0.68101321280274207,0.17902314457030061,-0.57570732280385406
2019-03-15,0.60952655694656444,0.21421524056970059,-0.49138156097939273
2019-03-18,0.59499805605810385,0.24338086086635261,-0.44819304814310934
2019-03-19,0.66462545390103689,0.26298374139203534,-0.46848359592955036
2019-03-20,0.69139895628203707,0.32929155814804861,-0.40945253322127295
2019-03-21,0.63370237858552048,0.38802963868320905,-0.30214871393502069
2019-03-22,0.57270248891669517,0.27855822777248246,-0.38891420719161274
2019-03-25,0.66955442279243538,0.4331268827473243,-0.27255484859104845
2019-03-26,0.72718104619805113,0.6175167358653525,-0.10314504026085727
2019-03-27,0.55102711939856108,0.41854607658764142,-0.22524887019269832
2019-03-28,0.53358873933959439,0.55440660421213894,-0.06263680370666054
2019-03-29,0.59656647839071897,0.61347450890467703,-0.034016243412176635
2019-04-01,0.62935037260962878,0.60786401473537943,-0.062424184179191197
2019-04-02,0.66535596207774816,0.75700012172480191,0.080836148386439988
2019-04-03,0.65717996647229904,0.68637832837181878,0.0019461693465237357
2019-04-04,0.87016938145445222,0.63546255260607976,-0.19149337342487374
2019-04-05,0.81290631128318003,0.61607023971359087,-0.17669270085763703
2019-04-08,0.89919252486413248,0.7748257939553892,-0.050411304411227396
2019-04-09,0.77782618018886696,0.70841263500850782,-0.050483875713117854
2019-04-10,0.65179883092665636,0.62931227385153232,-0.062289249265973172
2019-04-11,0.75539999691217985,0.66264111437252815,-0.087427500384504128
2019-04-12,0.7615346907188052,0.65325796795744095,-0.10273258804722331
2019-04-15,0.69761525359367993,0.66850739628003986,-0.044578206714369829
2019-04-16,0.65482410444249328,0.61917825589766828,-0.07523056331320585
2019-04-17,0.61669881420221118,0.53307752249606188,-0.15178090747802472
2019-04-18,0.62155119623587918,0.54122478136680463,-0.14533192379738655
2019-04-22,0.61907698188336158,0.5843168025730614,-0.093973441714352332
2019-04-23,0.64032050191483125,0.70071771546321793,0.028122985133022412
2019-04-24,0.60634616624485393,0.68683656080692235,0.033313387258702365
2019-04-25,0.54816806381564742,0.77572946741596183,0.17064855979072724
2019-04-26,0.55363224791017474,0.7901006581937583,0.18424857093988831
2019-04-29,0.50370482859062793,0.73415909316596628,0.14906661147859662
2019-04-30,0.45534256552228386,0.73129387995290207,0.17611946766270453
2019-05-01,0.45232041682442625,0.73250621245065595,0.17942329498824519
2019-05-02,0.47721080080440603,0.70606152179267156,0.13309148497284645
2019-05-03,0.55673529396275168,0.81596659022246887,0.21179055247202008
2019-05-06,0.39086038557757419,0.80292073381840801,0.29647486597947398
2019-05-07,0.32897222074912713,0.60271448744282685,0.10313420205215001
2019-05-08,0.27248096836420793,0.57095751729919175,0.10225030480243766
2019-05-09,0.19344707500579686,0.55063300004106863,0.1291918989855205
2019-05-10,0.11504806507372849,0.52042650897877851,0.14386528291090175
2019-05-13,-0.15658314495395792,0.28652619893052605,0.05172050442100512
2019-05-14,-0.11520477066995498,0.32556124353065902,0.071036171537722639
2019-05-15,-0.21074518293799283,0.36075736975074674,0.17727385075489591
2019-05-16,-0.11920894812157626,0.46674955679065555,0.24192934761629017
2019-05-17,-0.22406790491302692,0.39630127321324393,0.22949848749688542
2019-05-20,-0.28311098795079231,0.35803195181776237,0.22446477410687582
2019-05-21,-0.18888285414076608,0.43301141974679547,0.25134103401266128
2019-05-22,-0.30412062291071507,0.36389421053973742,0.2459795788665039
2019-05-23,-0.42762387838808541,0.30099717846430846,0.25641700459945266
2019-05-24,-0.30089450617978797,0.29785245424791212,0.16720324728461908
2019-05-28,-0.26922048219851513,0.24994425493824005,0.088841077762736462
2019-05-29,-0.29257172110926499,0.22148271220713187,0.070944063504925714
2019-05-30,-0.18005106753969902,0.3152356285470263,0.10597568320041659
2019-05-31,-0.35943294559614536,0.13968901808542611,0.018913947326279056
2019-06-03,-0.33838116080137015,0.16324256194631756,0.032658357891422921
2019-06-04,-0.29277153781730575,0.23917447332829508,0.094289260764192098
2019-06-05,-0.25762501358359791,0.26428903558626154,0.10115637975492846
2019-06-06,-0.25049615713584011,0.30150654428851548,0.1410978880426762
2019-06-07,-0.23362687314275787,0.31198512208094714,0.14247029772129979
2019-06-10,-0.18746329204338771,0.34227812350750081,0.14795771061174676
2019-06-11,-0.085878505074425376,0.32161358047931132,0.054438269554577097
2019-06-12,-0.1063788126766434,0.30154846081338577,0.044361901539272691
2019-06-13,-0.08563985180480442,0.31980761388702317,0.052255004843883755
2019-06-14,-0.10925149398443554,0.33338184373616919,0.084573059090736202
2019-06-17,-0.13926518347067052,0.31957529834952753,0.088347895454089706
2019-06-18,0.027463003407963097,0.42395695301212838,0.10036946908332015
2019-06-19,0.10109680398084195,0.45187143992253997,0.083766533572482607
2019-06-20,0.32316317986998627,0.53768323627589398,0.036521664349415915
2019-06-21,0.22388250241564156,0.48563941346065514,0.041532318604803935
2019-06-24,0.23322044073927847,0.51863304892216833,0.074501420798328319
2019-06-25,0.17674652681291478,0.44259185672204998,0.022471885397253338
2019-06-26,0.27000831159939248,0.52600526841559814,0.057809460745142309
2019-06-27,0.27602950305976703,0.53454764389130194,0.064029772095328147
2019-06-28,0.29047783762806023,0.62211438371174788,0.15891737326119285
2019-07-01,0.43240263454482497,0.64324552491823239,0.085737970965709828
2019-07-02,0.37257657754043361,0.65072959402869091,0.13630052846629415
2019-07-03,0.47651479495875565,0.68783732413186494,0.11092066041519201
2019-07-05,0.38224347550523818,0.70349953657775455,0.19449133714581118
2019-07-08,0.27369663631902114,0.61556903911361105,0.16247567964936852
2019-07-09,0.22319642875276638,0.56970093018558832,0.14097693414518306
2019-07-10,0.22171098680848994,0.54296189815852058,0.10906266193932106
2019-07-11,0.22783151397619819,0.53490409038513742,0.09498989787242923
2019-07-12,0.32024675551046605,0.61191192857000176,0.12413516927099008
2019-07-15,0.28049569524474671,0.55611817550472575,0.083509897354075283
2019-07-16,0.28487060251707502,0.52835843776104829,0.047125140187098062
2019-07-17,0.28435399696615282,0.4909717516023922,0.002890446424693523
2019-07-18,0.29891344682239218,0.48850449654854489,-0.010162830943235158
2019-07-19,0.34105390080622483,0.43848885513515723,-0.098937424410726865
2019-07-22,0.38844640177054995,0.47902115101369092,-0.082657530781306304
2019-07-23,0.44478876093302949,0.53234539710002693,-0.056841437217939446
2019-07-24,0.42206860432452536,0.55056881800641222,-0.018974413314454031
2019-07-25,0.33926427153565147,0.486944171299037,-0.038373663946480091
2019-07-26,0.37934383127489091,0.47539901736023377,-0.080492653439634548
2019-07-29,0.40715800795016088,0.47891372392952358,-0.095247269078322108
2019-07-30,0.3331038506737406,0.50739832717647648,-0.01095333152588809
2019-07-31,0.33966695391480528,0.46933581061274787,-0.060038413670503797
2019-08-01,0.31139789550008506,0.38051593777453996,-0.14661528922768807
2019-08-02,0.26369094589090214,0.34219978453081551,-0.1598100362814284
2019-08-05,0.14522370223108044,0.11060155645957534,-0.35791303004432096
2019-08-06,0.22148191374765955,0.1717896935024267,-0.33566991255612377
2019-08-07,0.087154181964914576,0.15237334212391063,-0.26442028147784785
2019-08-08,0.12123097093501262,0.25370942758919141,-0.16190297018415803
2019-08-09,0.089361268859492332,0.21337648215059882,-0.18894092443282876
2019-08-12,0.023736931962714872,0.14515898752821904,-0.22637173618871909
2019-08-13,0.073887509965383361,0.28327303139622834,-0.089530806892934231
2019-08-14,-0.08115302116348054,0.12034211011786508,-0.17897739490281289
2019-08-15,-0.075181547062012424,0.097489163718749189,-0.2113125703656997
2019-08-16,0.053516488312966619,0.23307323683982861,-0.13250078657868999
2019-08-19,0.11632060178599574,0.2568854311270366,-0.14647346190574154
2019-08-20,0.10429263656773695,0.1884363467822246,-0.2225125021033359
2019-08-21,0.17366541811783254,0.22475465409499062,-0.22592766647076268
2019-08-22,0.18052396367371665,0.20860804602926547,-0.25061318852146364
2019-08-23,0.14443895494212292,0.055027945272678618,-0.41058123169688604
2019-08-26,0.24277483540745962,0.1293048763362723,-0.38688578112859445
2019-08-27,0.27548057600256159,0.069615056259389976,-0.48250072878723932
2019-08-28,0.19783374984632898,0.064499547041457633,-0.43371029414511647
2019-08-29,0.28240830227031721,0.13795631175353965,-0.40204254577719811
2019-08-30,0.33297404019851912,0.10310230331068851,-0.48023285571425689
2019-09-03,0.28345224057044888,0.092287667984378943,-0.45963147525643805
2019-09-04,0.38696962555071507,0.15974246319434618,-0.44880079015397656
2019-09-05,0.50128423094939856,0.24621332555585343,-0.42215492508951191
2019-09-06,0.52837426578512658,0.26690375831576513,-0.41542257594042664
2019-09-09,0.5623177971711365,0.287907761520936,-0.41335684477657481
2019-09-10,0.5761422201706029,0.29812246384287866,-0.41015315732681318
2019-09-11,0.54666233916611151,0.32990303564494861,-0.3492247688717865
2019-09-12,0.60871440174874336,0.33088811314841504,-0.39190389091856398
2019-09-13,0.62551043835711639,0.32548375928746937,-0.41033485416489091
2019-09-16,0.53747036283761984,0.27192932293467198,-0.41546799107367455
2019-09-17,0.52132318539029787,0.2859729246088325,-0.3865535139447675
2019-09-18,0.5083095173522767,0.32127507237257413,-0.33400513303302304
2019-09-19,0.51461311042503655,0.28865201696425857,-0.37931733407982976
2019-09-20,0.48694026674579577,0.22643181400420029,-0.43650325803732604
2019-09-23,0.40983408088104273,0.17694691121512435,-0.4439359027008134
2019-09-24,0.46979415891642151,0.16235087795394404,-0.50202828173654512
2019-09-25,0.49672730470597093,0.21733434463527185,-0.45210080955671117
2019-09-26,0.47860004055490551,0.21043439858232083,-0.44800901996069031
2019-09-27,0.50216964913470974,0.1960904583453551,-0.4813922248219174
2019-09-30,0.50323139604812583,0.20702329598785263,-0.46849307565908732
2019-10-01,0.56322751711514984,0.13522369574594612,-0.59489913660557503
2019-10-02,0.44944084140476537,0.0096035845381176304,-0.66943120517345167
2019-10-03,0.4464145700451595,0.061383578570924233,-0.60184669102444022
2019-10-04,0.43007798544570397,0.13757397192720752,-0.49468171370126673
2019-10-07,0.41790279916368872,0.15829058656961933,-0.46134951110604006
2019-10-08,0.33686791307605479,0.099474343134897933,-0.47838127596052976
2019-10-09,0.46069307538188331,0.15494432639180597,-0.49620956757178536
2019-10-10,0.4732024988651129,0.20296055168231092,-0.44449264504795483
2019-10-11,0.59934778905745534,0.4561852293888794,-0.23420120507177275
2019-10-14,0.63348910480686937,0.58576270422064547,-0.10311487907552588
2019-10-15,0.50471955711766536,0.56276749926892811,-0.036076024335860789
2019-10-16,0.50196805856659943,0.58721622772341975,-0.0041167215897213259
2019-10-17,0.46357435917058154,0.47742219321679635,-0.1175103815285433
2019-10-18,0.44097259684410023,0.4496143039317802,-0.1358882209010242
2019-10-21,0.53235285957612688,0.58014604230159506,-0.040952486594076118
2019-10-22,0.5252662726286198,0.56344887566079183,-0.056373870503676343
2019-10-23,0.48657690909321005,0.60862937167591824,0.02685259073295828
2019-10-24,0.68863543080811651,0.64987876111194276,-0.060959688664605563
2019-10-25,0.67690681864534008,0.87452196300330398,0.21290162412608643
2019-10-28,0.64257958227269685,0.8026000793945578,0.144245689550559
2019-10-29,0.80988308342295101,0.91614927326049334,0.16691688851522915
2019-10-30,0.68124852395721391,0.97070278632298534,0.33148982979101449
2019-10-31,0.68888920440862955,0.86435111358006866,0.18996048304369947
2019-11-01,0.63119813227187638,0.8558857022157943,0.22211315793667583
2019-11-04,0.65275581812300054,0.81562688003173134,0.15435209052815918
2019-11-05,0.61102900855806686,0.84668083454180842,0.22316054926301093
2019-11-06,0.58864915653185224,0.81368547864854968,0.19732083138171369
2019-11-07,0.64392521353562937,0.79631993085028774,0.13506269893532441
2019-11-08,0.5341140821334398,0.68255286603538767,0.065864595102312448
2019-11-11,0.51448775912744726,0.68194178377265113,0.078908692673610378
2019-11-12,0.58840663289827677,0.75925655392410296,0.12186631316175309
2019-11-13,0.57161334350650717,0.8874608728114356,0.28867204020453185
2019-11-14,0.53917680281392877,0.90897988502401517,0.33909914528108498
2019-11-15,0.5071672158418763,0.99983811801759082,0.47902346172346277
2019-11-18,0.55762627844740242,0.93925765117897453,0.366482080419616
2019-11-19,0.63257794541976997,0.92067564678091018,0.28872431181275815
2019-11-20,0.63715295679895878,1.0119658479808629,0.39686149118176273
2019-11-21,0.80784547335072832,1.1303946882268414,0.41927954799627276
2019-11-22,0.76465523633453936,1.1227699795589134,0.44212771303849996
2019-11-25,0.88374898702635118,1.2173421584245241,0.47650633960163308
2019-11-26,0.77972456590969907,1.1322502570848065,0.44119850009669587
2019-11-27,0.85010672813760324,1.1392668386554221,0.40074116238583068
2019-11-29,0.77662184358602249,0.97365980795506391,0.23573799057327019
2019-12-02,0.82404087883320909,0.93017272341186175,0.14829764549577237
2019-12-03,0.72072180305434985,0.8448010306932342,0.11336434464031649
2019-12-04,0.58091945964726077,0.80019569499522769,0.16318761163765458
2019-12-05,0.64890206412149842,1.0534388482915216,0.41471470444873859
2019-12-06,0.92882901840291998,1.1243043312321026,0.31034397872232194
2019-12-09,0.92934396688462073,1.2778146491005875,0.49444543678121639
2019-12-10,0.93613894872131109,1.2569721166217058,0.46273205512148036
2019-12-11,0.80374982072544887,1.2748602357809227,0.5950969038346442
2019-12-12,0.65968349508793678,1.2982289466256034,0.73886391959799924
2019-12-13,0.60187187671130182,1.3047300132334874,0.79078587633141273
2019-12-16,0.78808046981818614,1.4912538433489815,0.88680698504015121
2019-12-17,0.85541698982233549,1.6459026193834896,1.0274810987264156
2019-12-18,0.7865607984422518,1.6541752875192606,1.0939585711153361
2019-12-19,0.79028302543537254,1.7989816473377593,1.2777078400985187
2019-12-20,0.84379934109160548,1.9245865142473353,1.392085348079571
2019-12-23,0.89805260406765508,2.1630822265333083,1.6529847310953849
2019-12-24,0.99635276609299706,2.4039679189591205,1.8682047379932649
2019-12-26,0.92966312132820794,2.2223176975664014,1.6329517954628192
2019-12-27,1.1619460151567778,2.1621465236353918,1.4014775301504794
2019-12-30,1.0915240429741178,2.1259617279482379,1.4202041182841343
2019-12-31,0.98099783455800282,2.0794223894534887,1.4487746303367994
2020-01-02,1.2717402315325461,2.1409552957732831,1.3279621226797798
2020-01-03,1.2174352756101694,2.311019801400779,1.5777751418307975
2020-01-06,0.97437441404187197,2.1457530561539362,1.4957397437504598
2020-01-07,0.93367563826683009,2.0584560317198162,1.4118404438437926
2020-01-08,0.83557261841816477,2.028057963924732,1.4562965809182711
2020-01-09,0.8630200036615352,2.0443241632511473,1.455282436242467
2020-01-10,0.97907370589827747,1.989921563454359,1.2875048238464391
2020-01-13,1.0693311054646251,2.0419467189304346,1.2846355596419712
2020-01-14,1.1648320058091561,2.0835813913310752,1.2597889538254543
2020-01-15,1.139296249178505,2.0140092034815948,1.1825092096958281
2020-01-16,1.1741952212697764,2.0599525699230119,1.2180284198751559
2020-01-17,1.2559651856077554,2.0251034289195302,1.1037356243849306
2020-01-21,1.1163558533475402,1.9062395102399454,1.0542946791024566
2020-01-22,1.2398508216186621,2.037118742242602,1.1134230264930722
2020-01-23,1.1539342952254781,2.0291369536782553,1.1790427041696878
2020-01-24,1.1928184159411992,1.9417951599824017,1.0242846640089482
2020-01-27,0.83676968659993778,1.7191580325117504,1.0337358607131049
2020-01-28,1.0224837271216667,1.8703628554887568,1.0811704543378571
2020-01-29,1.0726508765151166,1.8747209238278255,1.0392088901716756
2020-01-30,0.89699257956076972,1.7825090481916723,1.0482826315627829
2020-01-31,0.87291033551702091,1.5370663126275497,0.74566623546937272
2020-02-03,0.92626192770953952,1.5929923918604258,0.77664059217706971
2020-02-04,1.0700340435469848,1.6519986078047699,0.73437639846582403
2020-02-05,1.1647404999354265,1.7072236844872111,0.72704418774973201
2020-02-06,1.2191403410665509,1.7460751207633303,0.73157794719160452
2020-02-07,1.2626869837651138,1.7853656492176821,0.74441509359426994
2020-02-10,1.2933735932022792,1.8346569730678826,0.78725272266477908
2020-02-11,1.3143659619538874,1.8444298099490433,0.78092556572037042
2020-02-12,1.2912668285838385,1.7980667461572226,0.7318712434161978
2020-02-13,1.1864988008761019,1.7621321220200967,0.77404995973617829
2020-02-14,1.2625136806780182,1.7946280163809045,0.75212913898971823
2020-02-18,1.1311917013790624,1.6872697703170156,0.71820039887296794
2020-02-19,1.2137709276562343,1.7119606727895698,0.68087213712001593
2020-02-20,1.1922901785663726,1.6592869489627307,0.62896592484683544
2020-02-21,1.1671311395622443,1.5969608115014349,0.57092533252539512
2020-02-24,0.68259451237383384,1.2215605094909825,0.50303829066245032
2020-02-25,0.67419753322676601,0.93845076730432819,0.13869532898304848
2020-02-26,0.74917184446634644,0.91488927907486539,0.039600181951430252
2020-02-27,0.53792248087817651,0.53540619382478727,-0.25314797681371304
2020-02-28,0.38457970115106277,0.51798930350913097,-0.14418316922022856
2020-03-02,0.38754869215682508,0.7542332652699788,0.21378891518126192
2020-03-03,0.35489177304189645,0.56747931909163218,0.0026828530272921614
2020-03-04,0.56006730248823711,0.83232685076553758,0.21795597018167068
2020-03-05,0.26250379056200251,0.6375671919876954,0.20202237129910919
2020-03-06,-0.046670620474849586,0.58230243258212178,0.39103303827089619
2020-03-09,-0.58171093518637007,0.083188790176447661,0.30658862375436358
2020-03-10,-0.28357516536640365,0.28558327009032169,0.32150289580081509
2020-03-11,-0.49821304836319086,-0.0041711323798481999,0.10376899891305992
2020-03-12,-0.92216532366639004,-0.48970930851517924,-0.18641228469335844
2020-03-13,-0.47467820080306145,-0.074570521478018278,0.019797114294447495
2020-03-16,-0.93387300258802197,-0.50306602922915444,-0.048654641776738235
2020-03-17,-0.819305492704413,-0.29661028091236646,0.18457945283648031
2020-03-18,-1.1200606575169416,-0.48464612627279202,0.34067034212948183
2020-03-19,-1.1608978757942494,-0.46511421196960273,0.44814632848454472
2020-03-20,-1.1024846620400939,-0.68257650050041674,-0.10641339560132378
2020-03-23,-1.0770526984647724,-0.7048923363560734,-0.18750745929168136
2020-03-24,-0.79101900354458177,-0.34394639234421515,0.072992725289297428
2020-03-25,-0.79059876208531277,-0.31701478412895234,0.12399271953017739
2020-03-26,-0.74591640114179281,-0.090322941066909523,0.47205807444234898
2020-03-27,-0.89370064086255485,-0.2054372254099171,0.46752360738368726
2020-03-30,-0.87899934121388323,-0.11465503868744935,0.61132420045050639
2020-03-31,-0.93636440860734838,-0.20614343581848502,0.51431279871111979
2020-04-01,-1.1019049743965026,-0.35757282017590836,0.46751015840941318
2020-04-02,-1.1422548986096237,-0.28399367524019975,0.65343235255670162
2020-04-03,-1.1677715949433292,-0.34128060975048202,0.5778584721636234
2020-04-06,-0.98238902912980286,-0.12820227822557839,0.72623820921594484
2020-04-07,-0.80264143008253552,-0.12735806748961534,0.49276138823998633
2020-04-08,-0.73686479954405526,-0.0003231109519196413,0.63465408544645396
2020-04-09,-0.6844439941507765,0.038163348439356287,0.63723219918597951
2020-04-13,-0.70998181937731564,0.0093016321174007599,0.61750636765695588
2020-04-14,-0.64880030983199766,0.082990740973798743,0.67379521442747792
2020-04-15,-0.74488260195667944,0.016144436772659032,0.68361686724543691
2020-04-16,-0.73751742362032346,0.029633690188885193,0.69913121871442474
2020-04-17,-0.65287050532987545,0.12450505721834355,0.76705300545001842
2020-04-20,-0.72401057826264326,0.061259319852939913,0.74658320572243275
2020-04-21,-0.78540704983702647,-0.039057115052686768,0.64041095226749556
2020-04-22,-0.70295026690074125,0.0032292806031189577,0.61143323078673029
2020-04-23,-0.67946584738835103,0.010094688224154586,0.59230861274065016
2020-04-24,-0.65151993798518326,0.056564414204250117,0.6413933837926713
2020-04-27,-0.61844736941793921,0.087655531764330774,0.65492242061547568
2020-04-28,-0.55801994937617194,0.067975391268186941,0.53426343018378719
2020-04-29,-0.46133696435304716,0.14934368018821892,0.55775935226730977
2020-04-30,-0.49403818855373688,0.14361707390253406,0.59262872778395048
2020-05-01,-0.56823701125257187,0.066094940725121676,0.54902242140745094
2020-05-04,-0.62432071318190685,0.043849049079790335,0.58389394806913009
2020-05-05,-0.506897758072414,0.086137805226195227,0.50174530373815274
2020-05-06,-0.45489967032504014,0.11770423023840021,0.48961962788865032
2020-05-07,-0.39447482281526008,0.16026735728066793,0.48815633363136512
2020-05-08,-0.30766429016651026,0.22201017184903524,0.48592884616636428
2020-05-11,-0.32302952558955011,0.20678320452952945,0.47862643158308948
2020-05-12,-0.21870925613685033,0.22350606577224594,0.36246697713353987
2020-05-13,-0.24562466846833611,0.1386219009567978,0.23901229109206198
2020-05-14,-0.25872527831125242,0.15787772838673764,0.29227188283471622
2020-05-15,-0.310327659307092,0.14316651819403001,0.33467333360782714
2020-05-18,-0.16744531984496153,0.25889746377368972,0.35913030928265577
2020-05-19,-0.15000443387668028,0.24728851813264888,0.31353489159493114
2020-05-20,-0.12131008791000861,0.27212792870954633,0.32154862467277306
2020-05-21,-0.10730555710509912,0.26001472377274509,0.27988309762346558
2020-05-22,-0.074366640571070258,0.3046679839136528,0.31835071497753981
2020-05-26,-0.0035232887103388345,0.336087421798765,0.28245627375182442
2020-05-27,0.035691758615102903,0.41193861751058403,0.37117594905070916
2020-05-28,0.070793126203924667,0.42733935254265965,0.35213208400091645
2020-05-29,0.050461298834493282,0.43274181328876615,0.38962502206730532
2020-06-01,0.084456095262946632,0.48828859828462001,0.44640417005839672
2020-06-02,0.097986015164047147,0.52223653098379086,0.49125954327337501
2020-06-03,0.088163875094067562,0.49650279305654449,0.45668322142793094
2020-06-04,0.045551315029904664,0.461046822237628,0.44833543224630323
2020-06-05,0.12175518202904356,0.51981849815306458,0.45596604737198637
2020-06-08,0.1176112301999372,0.52624545616942187,0.47342557816748004
2020-06-09,0.053033946359678778,0.48826726409957982,0.49050171587794728
2020-06-10,0.031357363711095779,0.47140813056271091,0.48842522108244341
2020-06-11,-0.066438186846188615,0.29102671442273836,0.28344250909361668
2020-06-12,0.027355587677639393,0.31510119437468481,0.20425356827588173
2020-06-15,-0.054590740818799131,0.34721870243838315,0.37213422475240898
2020-06-16,0.057965760888969917,0.40478688355100528,0.32966034893193708
2020-06-17,0.043471809658099228,0.35984498776831569,0.26669480486605746
2020-06-18,0.018925007613114823,0.35407810691221614,0.28888853220592825
2020-06-19,0.0083537507390753288,0.29352916770846532,0.19232616010494361
2020-06-22,0.024173539062819261,0.33270215784600959,0.24233358932823545
2020-06-23,0.059885329345852591,0.35064639042047624,0.22779738966398069
2020-06-24,0.029088089154459998,0.30142805306037251,0.17932338211318483
2020-06-25,0.0061013468661169322,0.33728815129475892,0.27435748582204017
2020-06-26,-0.022458730134880867,0.25271837241993567,0.15885151717931759
2020-06-29,-0.018963071536873381,0.28174871952065222,0.20649247918002142
2020-06-30,-0.078617639382630958,0.29306466929127717,0.30383924412934482
2020-07-01,-0.05873101635975346,0.3064781108833422,0.30210993549717652
2020-07-02,-0.018759896265679758,0.29890763345203897,0.23691377410373812
2020-07-06,0.056370609337533815,0.34927513743978827,0.22990195282392872
2020-07-07,0.054643658123709707,0.33441438399046725,0.20544606170262664
2020-07-08,0.083992711729828126,0.35389720470384339,0.20220781361064225
2020-07-09,0.076058256706704713,0.32187225120068458,0.15497318039634805
2020-07-10,0.065093432696670409,0.34575867748452122,0.2121123468110489
2020-07-13,0.091169974829049663,0.30554523158973845,0.10647180646757272
2020-07-14,0.063805166310527961,0.34384316461775843,0.21030203579137269
2020-07-15,0.11121640556653892,0.38231524417734514,0.21787634974101239
2020-07-16,0.08367224073492481,0.3923835584896338,0.27146683604245947
2020-07-17,0.10574287628243181,0.39006724718108893,0.23885682803474681
2020-07-20,0.084917811978387506,0.43162765899068678,0.33989362176409321
2020-07-21,0.10629313986045492,0.43062644353521817,0.31049224768753753
2020-07-22,0.083739531488639912,0.42621326309479413,0.33166177187488793
2020-07-23,0.090505947175652898,0.37523622100231685,0.23209670322730278
2020-07-24,0.071270404776109797,0.37013017978422025,0.24791627839644625
2020-07-27,0.070446330666279852,0.37192279496837444,0.25216800244320431
2020-07-28,0.061970958170650743,0.35807180449108228,0.23844897517781746
2020-07-29,0.096062467649099009,0.40279071116319815,0.27404547165274767
2020-07-30,0.050566789336182888,0.42547390133695218,0.37350767027692233
2020-07-31,0.072798206706155305,0.47616579934417907,0.43546892989342362
2020-08-03,0.1100627205698327,0.52037071186197403,0.46616011418323194
2020-08-04,0.16357591246542513,0.62657139357789049,0.58499206027932527
2020-08-05,0.15060149032673364,0.60306626030696631,0.55975656685553155
2020-08-06,0.19261911509514021,0.62163551000294592,0.53881188909547861
2020-08-07,0.15523017284530252,0.56467701080734067,0.48569883770888683
2020-08-10,0.17637104023762057,0.59489651855707659,0.51211515896364568
2020-08-11,0.21652646206313797,0.60717167921809434,0.48117062510252412
2020-08-12,0.25471125089959207,0.60235793641575475,0.42382792888421777
2020-08-13,0.29972982092984429,0.69061942164744361,0.52179832760233291
2020-08-14,0.27989572729128126,0.6825698683732766,0.53330885628488212
2020-08-17,0.26659887592177567,0.64743579392795081,0.48764341804198774
2020-08-18,0.22336295926073513,0.61727679110293088,0.48989188403537498
2020-08-19,0.23659824932650692,0.62822704675554242,0.49208037275847399
2020-08-20,0.17832908532977501,0.61285237632182354,0.54015894045378188
2020-08-21,0.15791097462932946,0.62474814605899542,0.58791763261591956
2020-08-24,0.2116064611724206,0.73764962137165258,0.7208770144728035
2020-08-25,0.18329728147359298,0.71454890670834637,0.71633199304848816
2020-08-26,0.16857029024503775,0.75759339177176377,0.81328812289309127
2020-08-27,0.19079843214820891,0.74266862636926523,0.75795962918515947
2020-08-28,0.16293459832318838,0.72347356324506473,0.75968955884813227
2020-08-31,0.13643938594247976,0.71354827491331296,0.77701640208504774
2020-09-01,0.17466513887003898,0.76081169147682137,0.81125469637398695
2020-09-02,0.16460542250063917,0.77019348316751979,0.84095609269712523
2020-09-03,0.10329875010133416,0.62032734156654135,0.6490781837834172
2020-09-04,0.10740004665177572,0.59253613494646251,0.59386502200506452
2020-09-08,0.019262489359077803,0.50485373561128055,0.55330174428232992
2020-09-09,0.086176302802641894,0.56526336300268942,0.57512346986651186
2020-09-10,0.10657187789566379,0.48955678556178073,0.41260287571368448
2020-09-11,0.11689891033253212,0.4805268968768332,0.38330499513027971
2020-09-14,0.15326289081923108,0.52251478996365797,0.41126233741182394
2020-09-15,0.20388212139978623,0.54741610163507326,0.39034209863163738
2020-09-16,0.22356951145677925,0.52747776553265691,0.32969893075534384
2020-09-17,0.16374758660694974,0.49852547184495982,0.35549649293378699
2020-09-18,0.1518444113092868,0.45091629762834035,0.2865939891261518
2020-09-21,0.09870408831130463,0.44524423093377469,0.34516078650393994
2020-09-22,0.12952184767793348,0.47686400371932541,0.36149113389114096
2020-09-23,0.12026320151721104,0.42902650485213922,0.28855802667351449
2020-09-24,0.10048004061829795,0.41917675002562083,0.29645579043053016
2020-09-25,0.088388767952366221,0.474252054793661,0.40784249833607422
2020-09-28,0.13380307355692631,0.54064060158192651,0.46726057688239886
2020-09-29,0.12295478282879062,0.50993474484908885,0.4271690751008631
2020-09-30,0.11833887780545456,0.56943048023041221,0.53820688104236092
2020-10-01,0.1782353192085902,0.64360021204160067,0.59224829953128499
2020-10-02,0.1151925876065156,0.58959185529790215,0.57854440080613745
2020-10-05,0.13259478897783078,0.60203329384002091,0.578463073241548
2020-10-06,0.14695472866397427,0.57137568175922726,0.5054022108461369
2020-10-07,0.21482400078149508,0.67146866088095747,0.5947684902618503
2020-10-08,0.20186042315929251,0.66957431978941395,0.60794316764473921
2020-10-09,0.22476135607291003,0.67606680085517845,0.59035729114892177
2020-10-12,0.21466793562936201,0.69300342717175989,0.6331004311555305
2020-10-13,0.21783224366388854,0.67640168779647869,0.59975042777908227
2020-10-14,0.20900457186106233,0.62733941741370136,0.52449852676290876
2020-10-15,0.16518587078770264,0.62846850054543313,0.581890906996826
2020-10-16,0.1648187994547918,0.61768203393898247,0.56330484633078082
2020-10-19,0.18940193257585791,0.5841764579296177,0.47219474385017823
2020-10-20,0.18679293293290067,0.57582898226475299,0.46088384909180741
2020-10-21,0.17797223757520836,0.58002283244284036,0.47948635741706702
2020-10-22,0.18469029161947872,0.58779197807252792,0.48453196819730171
2020-10-23,0.18633920337852991,0.59311966361777479,0.49177530800931046
2020-10-26,0.15085459744676405,0.5237489514531094,0.41620436751571072
2020-10-27,0.13688168729559883,0.49624614847267112,0.38576381969128715
2020-10-28,0.065291452606556596,0.39142195362179732,0.29416795395251949
2020-10-29,0.065456868193480844,0.41264041847431249,0.33101067017546337
2020-10-30,0.044141977433152471,0.38906968913283213,0.31683732050774538
2020-11-02,0.068910223369976265,0.394855541492934,0.29581132546350331
2020-11-03,0.089568179998709613,0.43534790589170647,0.34078811513718665
2020-11-04,0.1460596941500191,0.50477988109271876,0.39150513707714457
2020-11-05,0.2143862477920814,0.56170053429398226,0.40534001391039215
2020-11-06,0.19094539619451115,0.55050140430219807,0.41546521165756667
2020-11-09,0.35467716773858349,0.58039125737985953,0.25750427480591287
2020-11-10,0.3625012519132223,0.58172331390267507,0.24986298518043051
2020-11-11,0.38432090015381293,0.59753400319276972,0.24959125496417356
2020-11-12,0.38625862228739716,0.56725684366063411,0.19458442758762748
2020-11-13,0.4140944984015737,0.60384967864457906,0.22311125861950298
2020-11-16,0.42741014892667167,0.6192656911821337,0.23311956004919224
2020-11-17,0.40133977574727397,0.60089149877461634,0.23432993495452212
2020-11-18,0.39599685450420524,0.5653932405726958,0.17961130575628886
2020-11-19,0.3967148147599639,0.58908108814665783,0.2198877397370797
2020-11-20,0.3919390833496933,0.5733093596061325,0.19862476168824231
2020-11-23,0.40348284224862602,0.58449556678063319,0.20341085485762356
2020-11-24,0.42133765504773152,0.60894405339113833,0.22351716550182973
2020-11-25,0.41980456343011335,0.59758370955574658,0.20571402456456978
2020-11-27,0.42617243984861458,0.59262253182933589,0.18895724891480314
2020-11-30,0.42476050214840377,0.5904621185892126,0.1870052568071276
2020-12-01,0.46035182964783705,0.64835163579353683,0.24234798280692585
2020-12-02,0.48485603702187924,0.6747847786319604,0.25720309684544201
2020-12-03,0.46851337536830706,0.65565066053799415,0.24465657945178662
2020-12-04,0.46544571098316323,0.67581065998718948,0.28375847727120107
2020-12-07,0.42894254112756514,0.64262226191845806,0.27236592607868515
2020-12-08,0.41931841446925766,0.66076027760568756,0.31604160696070593
2020-12-09,0.42791895118026441,0.63707331166951087,0.26401969609045944
2020-12-10,0.40488613671599538,0.62764299915870869,0.27682682143556714
2020-12-11,0.38430477105434335,0.59860437718622916,0.25241610518797863
2020-12-14,0.41358749119871085,0.58339489345588746,0.18878786167040917
2020-12-15,0.41974349733385086,0.60288431386167285,0.2150017317428648
2020-12-16,0.41692369505105598,0.60690721370572442,0.22555997489582266
2020-12-17,0.43086828796740628,0.62332285710412483,0.23636606761984696
2020-12-18,0.41423018492455005,0.58643067199210297,0.19357323909833801
2020-12-21,0.37291485043313144,0.57731406792685913,0.22998739085576206
2020-12-22,0.36588708164693534,0.56773001169159809,0.22230050331505566
2020-12-23,0.37423003677672201,0.57031495499152063,0.21618555303021986
2020-12-24,0.37455531901669403,0.56607509180612314,0.20840307007930459
2020-12-28,0.39455286964522363,0.59224254289394618,0.22845167987813694
2020-12-29,0.41129798588400657,0.60306606317949329,0.22586810709608779
2020-12-30,0.42791217086158856,0.60008647199275367,0.19960460797463644
2020-12-31,0.40444792054101797,0.5875097850782437,0.20751297576192509
2021-01-04,0.46700012419806031,0.56916376044036532,0.097235040005632919
2021-01-05,0.48378733431614429,0.57823807859105858,0.091833186969340355
2021-01-06,0.47374307098620733,0.60436694159051041,0.14973170400269378
2021-01-07,0.49496334555715737,0.63223092528629654,0.1713896618176054
2021-01-08,0.48954823043080309,0.62904249426218239,0.1727142197801225
2021-01-11,0.44480232347422954,0.61743263728980124,0.20900316269823796
2021-01-12,0.43846225882041812,0.5977058668676799,0.18285838020046608
2021-01-13,0.44357341249717908,0.6102551415250983,0.19808792935199274
2021-01-14,0.45338543232893352,0.59307446942278241,0.15606636118834541
2021-01-15,0.4159053390716615,0.54662690712750905,0.123141906852831
2021-01-19,0.43477322784092526,0.56061017045446038,0.12347931169472419
2021-01-20,0.47399735389689029,0.60714108993893745,0.15465431640955565
2021-01-21,0.46882866383416705,0.60949256479110792,0.16524444326379906
2021-01-22,0.45637784305260648,0.59551882877077877,0.15679205033336202
2021-01-25,0.45594305651728179,0.63389489470579696,0.22350829796148469
2021-01-26,0.53920281873658638,0.67773866678073913,0.19434798940647358
2021-01-27,0.48126825531067474,0.5724370567057,0.086539076743941248
2021-01-28,0.48389550109318252,0.6002644711161762,0.13138095586947834
2021-01-29,0.49060027299392728,0.5302208869291748,0.0028931721255797834
2021-02-01,0.53891714115333611,0.63361723195088759,0.12022510015582433
2021-02-02,0.55519686963093917,0.65312513161463337,0.13367134284848162
2021-02-03,0.51552095923644858,0.6108678927295178,0.11038674109934432
2021-02-04,0.48792254268196394,0.61033780579502472,0.14446843270613591
2021-02-05,0.49622509299275225,0.61202223776036602,0.13690985626396693
2021-02-08,0.52682622250172606,0.64922601528167645,0.16281060145338924
2021-02-09,0.52935350999562969,0.62523435846645103,0.11794465445481173
2021-02-10,0.53084843238799728,0.61880186318959129,0.10493786199043469
2021-02-11,0.52392431164101039,0.60456965450130806,0.088977939365174605
2021-02-12,0.53389298445210076,0.62234593583277553,0.10733797107483906
2021-02-16,0.54213127206808143,0.61502112566081024,0.08430811014689471
2021-02-17,0.53568687062205667,0.62337413147949094,0.10682455035048656
2021-02-18,0.49351446550376565,0.59654775151089401,0.11334645861334278
2021-02-19,0.51482343453166513,0.60354030205507103,0.098618052194879777
2021-02-22,0.50150566212949577,0.61140832488454055,0.12871847700670402
2021-02-23,0.60779764451831975,0.71706979726310338,0.17794557606366915
2021-02-24,0.57502127251822877,0.84360180918558547,0.43633630574032245
2021-02-25,0.54065175274125699,0.78034206018767915,0.37120554213699053
2021-02-26,0.64413148186987024,0.90751184696129494,0.45578157233898675
2021-03-01,0.75735012644070299,0.99096675236871989,0.45971731099251217
2021-03-02,0.73294943742843621,0.8438038664315558,0.22936516867494391
2021-03-03,0.71942680566722106,0.89322436965647323,0.33170672161123771
2021-03-04,0.63839655607646528,0.73296811892730651,0.15062136850955912
2021-03-05,0.78792796884795457,0.89471056706063989,0.24013337523970732
2021-03-08,0.93530381266961249,0.93143440353751594,0.11987951554423151
2021-03-09,1.3629805267925186,1.2528934279161319,0.15939252387481148
2021-03-10,1.2400029572099154,1.1228112840945264,0.086297375554502037
2021-03-11,1.401163920889513,1.3289670068174433,0.22837922600794563
2021-03-12,1.7731687864182886,1.7346556560958835,0.43049783958537435
2021-03-15,1.5517810002792993,1.5260549763884206,0.33122705617340342
2021-03-16,2.441121233085525,2.0874556963646276,0.34583314399491027
2021-03-17,2.3094419890362974,1.930127386826233,0.21072360728893119
2021-03-18,2.8809077010762274,2.1168710214264852,0.07782063823454774
2021-03-19,2.9196610533614553,2.0865082319368993,0.0062052483980341239
2021-03-22,2.8775580381154429,2.3681354645350217,0.38694898761084884
2021-03-23,2.8665229473985074,2.4562039789233103,0.5091675187624698
2021-03-24,2.7018269940241573,2.2125041042871154,0.23380073077092151
2021-03-25,2.6273578190685232,2.1738653289512575,0.2448692415803411
2021-03-26,2.5901779003819585,2.0467447587494725,0.022094452384839015
2021-03-29,2.8323732756088593,2.2071237080495831,0.041053225025333186
2021-03-30,2.7484231800007595,2.0629757451560775,-0.10687981543691069
2021-03-31,2.7900881188016502,2.1598856317347326,-0.019205517552984726
2021-04-01,3.2097823237348719,2.4873487776651744,0.066365534486822753
2021-04-05,3.2894028288106445,2.4532811224651381,-0.066338903833335558
2021-04-06,3.3115779288607379,2.529465157722298,0.0085382486024080922
2021-04-07,3.1417158552499429,2.328379615259359,-0.16696493633662943
2021-04-08,2.9983774529831062,2.3475142038455079,0.071805313925790357
2021-04-09,2.9205579643362301,2.2408051574483885,-0.034600740829385697
2021-04-12,2.8187175923771424,2.1679943800842385,-0.036814331236500519
2021-04-13,2.8483024129649599,2.2355365059252263,0.024227963495639427
2021-04-14,2.7240133774060791,2.0834385097510593,-0.070979285525365421
2021-04-15,2.9879966782880492,2.2690578326872437,-0.039085899168741896
2021-04-16,2.9754080001433922,2.2613103208685894,-0.037637046448707551
2021-04-19,2.8154095709496163,2.1079046756582791,-0.087163522333641885
2021-04-20,2.924522046617914,2.1732047311390486,-0.091396412205777933
2021-04-21,3.0868479494255952,2.4258788734792005,0.082950963634649613
2021-04-22,2.955221256216455,2.2629637072996465,0.0014919108455015843
2021-04-23,2.9271753058324261,2.3207569587720123,0.10405290319925695
2021-04-26,2.8939720917467926,2.2601877945513711,0.050203657180182881
2021-04-27,2.8408393883609819,2.1841566374190515,-0.0050892227476224518
2021-04-28,2.7461520145321905,2.2094328611261682,0.11873253946196501
2021-04-29,2.6654873036810525,2.1182305642532486,0.072828622526832962
2021-04-30,2.6589628850166576,2.1354525523040233,0.097574085750123302
2021-05-03,2.8894991632640092,2.326504769548718,0.14038451897168919
2021-05-04,2.9114796789605495,2.2732599540153018,0.059887081683818219
2021-05-05,2.8634030850761905,2.2243608714982122,0.042953558573482264
2021-05-06,2.8404706999162119,2.3098637830853574,0.16917444611414248
2021-05-07,2.7635581809862848,2.2853768637042826,0.20928512450130612
2021-05-10,2.6799562591791308,2.1372260054451773,0.097265618852684435
2021-05-11,2.6324907404811633,2.0812008409093594,0.063008051034131568
2021-05-12,2.5263391663324013,2.0717054043300132,0.13735004600392889
2021-05-13,2.5803405664061567,2.2511516853264624,0.31049399304825426
2021-05-14,2.731367338175132,2.2675388329383632,0.21418348842870788
2021-05-17,2.7952532992111605,2.2262859142984657,0.11428491763020671
2021-05-18,2.6458294082603588,2.0270239109151205,-0.0046795309322019002
2021-05-19,2.5407698789864566,2.075678554292935,0.12770035151984838
2021-05-20,2.4584958029679096,2.0448281524896275,0.16244861508754854
2021-05-21,2.4961044065423925,2.0826214915410839,0.17598024371006454
2021-05-24,2.5549582375376834,2.1282917077677141,0.18658108407838503
2021-05-25,2.4262680491779687,2.0471623298590953,0.22021837664583768
2021-05-26,2.356229955368744,1.9779875364352579,0.18909785907977331
2021-05-27,2.347045572455992,1.9922095977670897,0.2147672187978813
2021-05-28,2.3982962620799686,1.9768927702143348,0.15251098936169119
2021-06-01,2.4721506418531543,1.9481040333529336,0.053742570572081608
2021-06-02,2.4581061422677721,1.9103652055376978,0.015765562353554419
2021-06-03,2.3403277960131059,1.8142403421153523,-0.014529216371416222
2021-06-04,2.4145378021060395,1.8819457013564651,0.012346801285258785
2021-06-07,2.2735819302028619,1.7435656937834938,-0.044518979469296623
2021-06-08,2.2662739523505739,1.6765791045771223,-0.12727066225356423
2021-06-09,2.3775209287987273,1.7141178118969136,-0.16583004540124602
2021-06-10,2.3876698864037444,1.7761196622410373,-0.097973463027119553
2021-06-11,2.6873339499657738,2.2754500740339343,0.17168642213433616
2021-06-14,2.5171130858662276,2.2184544779209134,0.29020370300366033
2021-06-15,2.7779679707798004,2.1494916749275625,0.036835733418148039
2021-06-16,2.5992072942517566,2.002121384603853,0.053421947778281874
2021-06-17,2.5524570787157392,2.0278126042287954,0.1212487796597099
2021-06-18,2.4729732864274596,1.9052367509066654,0.033117717586106488
2021-06-21,2.4451035426863736,2.0592223389371669,0.25583561778479635
2021-06-22,2.4674285826779307,2.0528112310939046,0.23038143122375318
2021-06-23,2.3834799607512367,2.0159292008569354,0.25662065374007664
2021-06-24,2.5174168250414253,2.2489750652282847,0.4168712409683944
2021-06-25,2.5588122434553457,2.2063831594284702,0.32689089414181494
2021-06-28,2.6153548507297524,2.4060013337863824,0.50540378187047519
2021-06-29,2.5802639506093397,2.3217151349264733,0.41817360367465001
2021-06-30,2.5846174498656849,2.2491173358867158,0.31584450413921272
2021-07-01,2.5647421331503084,2.2401071750876533,0.32063833076677106
2021-07-02,2.4864576342718006,2.2531533782510773,0.41574277415881083
2021-07-06,2.3697197122808138,2.1478503872509882,0.38076618403237289
2021-07-07,2.4473556864379531,2.2464320756719225,0.44003580651046081
2021-07-08,2.2593467395343882,2.1387410132943585,0.44004081629309039
2021-07-09,2.2756009288221164,2.2458374298742347,0.56544938692999347
2021-07-12,2.2757708689176948,2.2053429925457269,0.5105022265101451
2021-07-13,2.1781542937573311,2.244214837601644,0.64572099495792235
2021-07-14,2.2746746417458468,2.1742496236751769,0.47323247848934558
2021-07-15,2.1367790995505898,2.091755600970727,0.48727786401738238
2021-07-16,2.239596828706957,2.0583761359801418,0.36476313920102543
2021-07-19,2.0617942888252028,1.9291955268892347,0.34405624068569096
2021-07-20,2.0886895343233718,1.9653181830645616,0.37469422101531435
2021-07-21,2.054536953453646,2.00287169327772,0.45727148339962792
2021-07-22,2.0719592544623522,1.9798579660716544,0.41243976161718715
2021-07-23,2.1321718471662021,2.1315907320501242,0.55588305742694555
2021-07-26,2.1871509594657801,2.1935785108538646,0.59143741172651199
2021-07-27,2.1356146347047851,2.1147805340591361,0.53085294637886415
2021-07-28,2.1781045799389527,2.1569255745202502,0.54833706650753511
2021-07-29,2.170976112468201,2.1079273284528139,0.48511458533134771
2021-07-30,2.2171982017278675,2.0986540773321027,0.44172227245294376
2021-08-02,2.2012143099217107,2.033372430466124,0.3686897766419967
2021-08-03,2.1663279323693927,2.0405977817314445,0.40971630992323776
2021-08-04,2.1631820466051375,1.9805629249259189,0.33566362155433843
2021-08-05,2.1489636238024006,1.9813217975255231,0.34927718704356864
2021-08-06,2.1777561589621612,1.9490324790682465,0.28252763055110253
2021-08-09,2.2117492922770845,1.9386374157960735,0.24214240524823336
2021-08-10,2.2078169769393279,1.9271225179075246,0.2301850783321191
2021-08-11,2.1955283624279027,2.0028079395290144,0.33689117600137064
2021-08-12,2.1142812207273902,1.9364969887866934,0.31418830848819251
2021-08-13,2.1527271264344141,1.9612451837016147,0.31495625286713769
2021-08-16,2.1317427533114794,1.9768672121755759,0.35179963131360376
2021-08-17,2.0286252636059396,1.9090620865938557,0.34860409696609845
2021-08-18,1.9887108952227839,1.8151757941563129,0.26465656190874981
2021-08-19,1.9010320376890084,1.8545399730107854,0.3838392850681166
2021-08-20,1.971948688399227,1.8851523192292865,0.37015258401254847
2021-08-23,2.0367743614742788,1.9179855842534241,0.36149197829144991
2021-08-24,1.9772344229844576,1.8642748040543984,0.34096823222996558
2021-08-25,1.9633590592200434,1.8550954789698475,0.34038708984780186
2021-08-26,1.936756352353121,1.7497102307428001,0.22279922913382721
2021-08-27,1.9288611077523727,1.7924971831979297,0.28855170183026185
2021-08-30,1.9127590758085224,1.7794242834147116,0.28445921273571012
2021-08-31,1.9174300931989736,1.7943771671967577,0.2995812133896652
2021-09-01,1.9137580223716171,1.7376118246995449,0.22506989840909331
2021-09-02,1.8894785242837209,1.6679252161031173,0.14760675150137573
2021-09-03,1.9175593219338105,1.9546654082032129,0.4450476540004128
2021-09-07,1.8863951138242876,1.9895700624782242,0.51619493400072536
2021-09-08,2.0896834115936658,2.214543654876326,0.61521991686029109
2021-09-09,1.9619541481951839,2.0607151576349669,0.51911601604162683
2021-09-10,1.9484132447466089,2.142788502543004,0.62956240136874464
2021-09-13,1.9617405798490011,2.1574470664109726,0.63586564996837258
2021-09-14,1.8973631869101986,2.0293183771493215,0.52403009213320428
2021-09-15,1.8286128703664759,2.0511376889187054,0.61787263714033713
2021-09-16,1.7729054563456108,2.0693044513215106,0.69054782711893425
2021-09-17,1.9132215755203159,2.034496768802712,0.55139404768577605
2021-09-20,1.7411470035977001,2.0235278473976845,0.67136165662863967
2021-09-21,1.9924351995077496,2.1046090174538485,0.5706222000742236
2021-09-22,1.9992671042090464,2.1019285996756065,0.56033461090944681
2021-09-23,2.027716237624928,2.3864897926342006,0.89191096196743025
2021-09-24,2.0335234202574157,2.3791694327084016,0.87805450663953355
2021-09-27,2.0378637958436556,2.2527011922208384,0.70062247900806773
2021-09-28,1.8264936350329928,1.9715175883840037,0.53266900205262468
2021-09-29,1.8707453984658065,2.0258293209310518,0.56355933591315821
2021-09-30,1.886059486279293,1.8744461150362846,0.35175619438436168
2021-10-01,1.8461126288666456,1.9097181258948943,0.4428431243905831
2021-10-04,2.0232902779063777,1.8808768329844636,0.28194114849825308
2021-10-05,1.993624087913312,1.8370651502870647,0.24066731865492683
2021-10-06,1.8776612927949903,1.9826661372580006,0.5110288180379905
2021-10-07,1.86364579916659,1.9294149191555547,0.44236400591387948
2021-10-08,1.8188784822045572,1.8533801340099623,0.37987099657872953
2021-10-11,1.7441298956448521,1.7338824613847792,0.28820739910472426
2021-10-12,1.6857834518014718,1.6066931591536449,0.16371021685610357
2021-10-13,1.7188025373252003,1.6840499505377797,0.23416351765653112
2021-10-14,1.792482605077341,1.8455726953618554,0.38889735952486004
2021-10-15,2.0052638871384083,1.9089800219856128,0.307438732107154
2021-10-18,1.9073140221782188,1.9352471600556529,0.42515382350415409
2021-10-19,1.9068115485363113,2.1173336665784861,0.66111860516887211
2021-10-20,1.8724451948731786,2.1167802840340229,0.69155475739182104
2021-10-21,1.857549406475933,2.1506384043454458,0.74884100631313277
2021-10-22,1.838026777532749,2.1030095003784814,0.70133619063233488
2021-10-25,1.8243247132379439,2.1168842645544306,0.73337379153779991
2021-10-26,2.0011196543058909,2.2854725369281814,0.78862431991874415
2021-10-27,2.0009427574408076,2.2774378128196928,0.77854389055247897
2021-10-28,2.3006407379757996,2.6989058158561625,1.0179610239630024
2021-10-29,2.2229741830979961,2.6418424260648989,0.99956230364189991
2021-11-01,2.3155382167903862,2.7481654707515943,1.049347448804915
2021-11-02,2.2048070314608159,2.6995258523428882,1.0858845238326336
2021-11-03,2.0776584937255018,2.628735274871258,1.089655228485088
2021-11-04,1.9486661880998184,2.5237230699374451,1.0461636978109525
2021-11-05,1.8412768981620495,2.4210385565260468,1.0008350846250871
2021-11-08,1.8826438911951551,2.4299602340979356,0.97723848709702199
2021-11-09,1.6021465132917416,2.3097382874472943,1.2425196858991783
2021-11-10,1.5895173806180325,2.2504637998104196,1.1802890291487671
2021-11-11,1.548856811904584,2.1956950667539799,1.1388703516259158
2021-11-12,1.6333110106316122,2.3416703018094651,1.2601628522769293
2021-11-15,1.5962600253636696,2.2437989962314595,1.1518478897355702
2021-11-16,1.4833534428242108,2.1829682698423247,1.153406139286417
2021-11-17,1.5849782331571145,2.2094127204717657,1.1146814167619605
2021-11-18,1.6063410158742981,2.3498153237017076,1.2741660691839496
2021-11-19,1.6306147294634619,2.3002526295710237,1.1941782043476539
2021-11-22,1.7000720988977358,2.3374923453267566,1.1827453195750368
2021-11-23,1.6155150369581943,2.3006743527008622,1.1993829415506456
2021-11-24,1.4457648793361189,2.206233628290724,1.1886843208160347
2021-11-26,1.2054156911913092,1.9953296670915306,1.1208548582739917
2021-11-29,1.3011781328357481,2.0645270824759963,1.1380470554337261
2021-11-30,1.2526599989852782,1.916826023521057,1.0005942553745342
2021-12-01,1.2928918614707461,1.7364307292183205,0.70963547170189689
2021-12-02,1.3461193649335896,1.8306166173162954,0.79798959716790197
2021-12-03,1.4014498354657718,1.758013047739216,0.66539783757932491
2021-12-06,1.4555239184442406,1.7803315477110049,0.65522649063192229
2021-12-07,1.6328249787140277,1.9381074338500879,0.7345940815909523
2021-12-08,1.697426345588102,1.9359785158792457,0.68674992325244333
2021-12-09,1.6309331953025825,1.9558219457034198,0.76129888305594107
2021-12-10,1.766407937097128,2.0282450775614871,0.75633806201010645
2021-12-13,1.8223019851797908,1.9621570158747568,0.6383415634512406
2021-12-14,1.6315146663463522,1.9413921611837939,0.75753625149535231
2021-12-15,1.5392297492482223,1.9544471333306914,0.84544103199174714
2021-12-16,1.5852977859559185,1.8677300303233653,0.70002713912810977
2021-12-17,1.3671438785619376,1.7035487500868371,0.65537283748239961
2021-12-20,1.2419487165539036,1.6823284282163515,0.71508196742238206
2021-12-21,1.5081806175293462,1.8329470658708862,0.73171661147066891
2021-12-22,1.487691872864715,1.9184393374967244,0.85882756471955535
2021-12-23,1.4804915041165132,1.9576559251904964,0.91650109257843138
2021-12-27,1.5024586155439494,2.0264653359216083,0.99530404100021885
2021-12-28,1.4227582620068033,1.957850365029409,0.96627698328110123
2021-12-29,1.3690319790064294,1.98266310529934,1.0405301225884502
2021-12-30,1.3504243742201565,1.9498643534219278,1.012594935930722
2021-12-31,1.3432288728811597,1.8921101150114672,0.94411310525107761
2022-01-03,1.3305316762317996,2.0516845707709361,1.1619304880807804
2022-01-04,1.397425172900866,1.9981676816584772,1.0422186571815897
2022-01-05,1.4475313339135387,1.7846613548487378,0.7443125783648965
2022-01-06,1.3469008281576036,1.6739850017872451,0.66836136878314989
2022-01-07,1.2958863275039163,1.6002920488267411,0.61095283625491059
2022-01-10,1.321709589311997,1.644834219712755,0.64818374782161148
2022-01-11,1.3063822022811227,1.7095111465088579,0.74431159230386801
2022-01-12,1.360501709812074,1.7095904414563197,0.70390172566525833
2022-01-13,1.3654059019077005,1.6218850136807694,0.59225694884930802
2022-01-14,1.3266310937697769,1.683583425084916,0.69179136091445048
2022-01-18,1.0812684267995754,1.4766000059393787,0.61347204583796622
2022-01-19,1.0451793658531219,1.2957149198329805,0.40465174420095124
2022-01-20,1.0818966606129481,1.2005282488000208,0.25932652037089304
2022-01-21,1.1175109224076691,1.0676516914891505,0.08041470458101517
2022-01-24,0.89388933050270125,1.0698423647390565,0.22957850293080445
2022-01-25,0.64410892149434085,0.98629466330844295,0.29888701285763175
2022-01-26,0.93989161774986407,1.1687509893718799,0.2855913970560478
2022-01-27,1.0091706540746854,1.0677499431939164,0.10485742646215175
2022-01-28,1.120414888094357,1.3998204286345819,0.43266342687685516
2022-01-31,0.98198781824156622,1.4082707236760852,0.54257574597741665
2022-02-01,0.8933881463725426,1.3584107004657635,0.54285752485744276
2022-02-02,0.93414296649019424,1.4223810885923056,0.59252773930654157
2022-02-03,0.70662174642067399,1.1452026435828999,0.43020226403521733
2022-02-04,0.63529306581856981,1.1507045879877689,0.48808472847294582
2022-02-07,0.60790731455806568,1.0742413447078878,0.41463915754776437
2022-02-08,0.6222524981105656,1.1384489744210047,0.48247709598558514
2022-02-09,0.67807171702442604,1.2434521327219823,0.57421049232079646
2022-02-10,0.46401762920045375,1.0889738001490914,0.54601859607749048
2022-02-11,0.49394508443452328,0.89958441274953527,0.30115879771969173
2022-02-14,0.43743347336371119,0.88193502337100049,0.32033748666739281
2022-02-15,0.62559526866530113,0.99046381782764592,0.32288985923220798
2022-02-16,0.65497311902685107,1.0296642788792012,0.34983751760354453
2022-02-17,0.51700458123669368,0.87822455374766328,0.27189978641322099
2022-02-18,0.6210531818008711,0.88727021471079215,0.2104580001595717
2022-02-22,0.63055002675311345,0.7999472483959974,0.099739954804881084
2022-02-23,0.75462986684078492,0.59324376053524863,-0.23430949131607851
2022-02-24,0.45561970107697697,0.87721688375990292,0.28899526311201518
2022-02-25,0.43004777703774766,1.0591340049006543,0.52441267093077393
2022-02-28,0.11538179248676719,0.88290318998927331,0.52673460763242741
2022-03-01,0.065344498403299797,0.82621274092391772,0.49957871895262806
2022-03-02,0.15301605025972212,1.0473270097044762,0.6939322372749156
2022-03-03,0.22763732133050932,1.1034540560519586,0.70298201426169915
2022-03-04,0.0048865196049591138,0.92087711018645846,0.64481690070411712
2022-03-07,-0.043269156748147665,0.72987825074130153,0.46785967964755554
2022-03-08,-0.16574769703448833,0.5789705192266984,0.37656136844937876
2022-03-09,0.008947540486668782,0.7117119243797434,0.42061892118051147
2022-03-10,-0.19893736274652307,0.61165997995028232,0.44923749536576985
2022-03-11,-0.085863860458786828,0.5124190223298184,0.25830713419427143
2022-03-14,-0.071438121808990951,0.42082714133926385,0.1447844220307424
2022-03-15,-0.014783218743434993,0.57440240605368886,0.28436178140756024
2022-03-16,0.12332360525764947,0.69457542162562336,0.33266720579020781
2022-03-17,0.15002069686213479,0.87831081115499332,0.52066961496697917
2022-03-18,0.11723695328754638,0.96503669567276584,0.63850891512462271
2022-03-21,0.096712333607870474,0.91038294431742861,0.59010405553368717
2022-03-22,0.15360746741110698,1.0412073287040171,0.70018831036162676
2022-03-23,0.042706235344236336,0.98532057007910268,0.71563388328931088
2022-03-24,0.14186986168899443,1.0444398422184977,0.71971435522384597
2022-03-25,0.12310661772293048,0.97419011105351117,0.64998373094210438
2022-03-28,0.15256512710706313,1.0244451377589012,0.68721507271240923
2022-03-29,0.29198288810729806,1.1221334706605208,0.7064317734133605
2022-03-30,0.24501377956184883,1.052804564434709,0.65991220297362674
2022-03-31,0.1666686592294071,0.87458635040744004,0.51092174674864022
2022-04-01,0.12850229181058484,0.8011026897996415,0.45041284742136162
2022-04-04,0.15041718752691985,0.86119349049299565,0.50436239279798434
2022-04-05,0.11629378519219576,0.76603097371571971,0.42127136313332114
2022-04-06,-0.024216129108234296,0.66645164552710467,0.40405527388673668
2022-04-07,-0.043995648133903338,0.65198864850996718,0.40069109359178978
2022-04-08,-0.046542331858200905,0.63164299273815105,0.37938474022361118
2022-04-11,-0.12972137912352638,0.49498896847931206,0.28277445343902241
2022-04-12,-0.048530496296926275,0.49304835773978262,0.22565184167529762
2022-04-13,-0.11731849130321138,0.49757962500093988,0.27675103817522489
2022-04-14,-0.14838661864070321,0.39194667828046681,0.17821006265442557
2022-04-18,-0.14662941741166394,0.4272456413646083,0.21690073165879323
2022-04-19,-0.11456057331253271,0.57938510747901828,0.36831137112463097
2022-04-20,-0.049448955148521989,0.51336379939339516,0.25002732442351688
2022-04-21,0.051271697172943401,0.47364142350094818,0.1391349510337439
2022-04-22,0.0059274906618637406,0.21978929276817749,-0.11083665459080722
2022-04-25,-0.07437500788399859,0.2436156828078587,-0.030961712304042627
2022-04-26,-0.15182299954148892,0.057000978318173218,-0.18625219797737233
2022-04-27,-0.1291564212547614,0.076657436687229311,-0.17875682134437701
2022-04-28,-0.073080441033013033,0.19417827085335648,-0.080927700590692736
2022-04-29,-0.11745112718226906,0.0035616669980378444,-0.26438240376660077
2022-05-02,-0.17172340550051973,0.027155763664869156,-0.2031300080118385
2022-05-03,-0.10202503544816387,0.092876317601067196,-0.17260352570064177
2022-05-04,-0.13017759594611786,0.27239836063509182,0.053234282032007842
2022-05-05,-0.24613309963502045,0.010647269004181821,-0.1701608399528623
2022-05-06,-0.33815760180626675,-0.067275359255963146,-0.20210761924842185
2022-05-09,-0.50624484815886794,-0.19427691781258893,-0.24366317716569158
2022-05-10,-0.20993647102161556,-0.12937609563580302,-0.34993447085139895
2022-05-11,-0.16085879634416211,-0.098637175393423052,-0.34483226140105033
2022-05-12,-0.29574512785742713,-0.17501919530366197,-0.34658868314131158
2022-05-13,-0.25208452796981567,-0.12443161349231538,-0.31600584342399807
2022-05-16,-0.26758206673698282,-0.13318237060267518,-0.31625929682289544
2022-05-17,-0.10242614464121272,0.035801380696679833,-0.22524875015483614
2022-05-18,-0.098481451171762463,-0.17671456745756803,-0.47507688818967492
2022-05-19,-0.20824318896780411,-0.27185254002873194,-0.51722941174422143
2022-05-20,-0.14604368247624355,-0.26479640931817433,-0.5466482417068329
2022-05-23,-0.12059647635816559,-0.21607356259362398,-0.5059844906680353
2022-05-24,-0.26154537350965107,-0.24619482227314582,-0.45118475255417845
2022-05-25,-0.31814768859727199,-0.207619102701599,-0.36826419490524975
2022-05-26,-0.31142836521477474,-0.098275541656635365,-0.24414996804519098
2022-05-27,-0.28626441104423928,0.027857533771626319,-0.11185261534495278
2022-05-31,-0.39089050322621727,0.0018309030979257168,-0.077285602107495882
2022-06-01,-0.35174401199866162,-0.051253315272289407,-0.16294077748982247
2022-06-02,-0.29593716639547146,0.073384054379628166,-0.051353746857255779
2022-06-03,-0.46468085135555504,-0.066118334137495322,-0.10827126672562808
2022-06-06,-0.356819024190214,-0.044229358415760846,-0.14813502867552275
2022-06-07,-0.46828484893984568,0.0068747860394420988,-0.015992127194214018
2022-06-08,-0.53359499673088706,-0.044099308470472012,-0.034552984334513474
2022-06-09,-0.61099718937825376,-0.19699722995737884,-0.16532538350761308
2022-06-10,-0.7799967209115759,-0.35790894573983029,-0.24706052826089803
2022-06-13,-1.0058298814475468,-0.56092198918985503,-0.33832828591254804
2022-06-14,-0.96054778353607106,-0.56704370474016552,-0.37353430758954603
2022-06-15,-0.87005370248082858,-0.46225112194242923,-0.30608904031108847
2022-06-16,-1.0556141653523872,-0.62390648489312439,-0.37481907715415058
2022-06-17,-0.98135366540889379,-0.55109161447117683,-0.33658862458972771
2022-06-21,-0.85858116718885802,-0.49228522132355129,-0.34415612182574501
2022-06-22,-0.96351687423822641,-0.52917607962113289,-0.31373946089380067
2022-06-23,-0.90792088863042508,-0.47211977414496564,-0.28150266970236909
2022-06-24,-0.8743508902685112,-0.33533122059686138,-0.14146715251993239
2022-06-27,-0.86864632459103275,-0.37258706036567096,-0.19038286408958441
2022-06-28,-0.84111734220156531,-0.48354898730567958,-0.34205972802969214
2022-06-29,-0.83583895827108612,-0.49035184227991391,-0.3536868061204011
2022-06-30,-0.92054132763239027,-0.53503043067370737,-0.34943238089589124
2022-07-01,-0.95486373215435749,-0.50916292603324198,-0.29510624891526349
2022-07-05,-1.1023385287165193,-0.53844658782024335,-0.22470458490755013
2022-07-06,-1.1000021509059554,-0.51225957908387554,-0.19479692378891883
2022-07-07,-1.0698174019293551,-0.45354070707829758,-0.14493763387645522
2022-07-08,-0.99700932660462427,-0.41718146133390199,-0.15327377459585156
2022-07-11,-1.0964051692715966,-0.52791135365726671,-0.22046946502909046
2022-07-12,-1.1082812524700936,-0.589794388545135,-0.28755561731660961
2022-07-13,-1.2176372393048198,-0.59891418637710769,-0.21814848521348101
2022-07-14,-1.371577262221505,-0.61854407624848351,-0.13252783029853055
2022-07-15,-1.2235768188454255,-0.50343615839678479,-0.091088455354018882
2022-07-18,-1.1707255985386962,-0.50545614662066451,-0.12582834178012015
2022-07-19,-0.96764295889274088,-0.2952679868287566,-0.012627725467632325
2022-07-20,-0.97815682479158894,-0.33534974775778187,-0.053152612086934808
2022-07-21,-1.0189347386210212,-0.32484194955256129,-0.013486392508454764
2022-07-22,-1.0199369951577504,-0.38086575739985473,-0.080479170024314373
2022-07-25,-1.0482413159146042,-0.42638267341163755,-0.11617867069954481
2022-07-26,-1.0739399702122805,-0.49647940772745347,-0.18385226386918171
2022-07-27,-0.96880772952592853,-0.34249194255272364,-0.070492649401296403
2022-07-28,-0.96341466809200527,-0.27832538690824971,0.0025477783895231764
2022-07-29,-0.9498922627304236,-0.22664803040771961,0.055175703470487218
2022-08-01,-0.95559361989171632,-0.21741722382389436,0.070434746904660339
2022-08-02,-1.0288960678672918,-0.23931528434587224,0.092040813312455907
2022-08-03,-0.99611676240471037,-0.20209294612235226,0.11512708566402073
2022-08-04,-0.97046826503819128,-0.18144225478957007,0.12301244858854168
2022-08-05,-1.0882904702890686,-0.22069432543376186,0.15701792739893775
2022-08-08,-1.0560565741237553,-0.23443513785083131,0.1197167063943297
2022-08-09,-1.0718967927050473,-0.24980782869488269,0.11167779901776995
2022-08-10,-0.90933415898223102,-0.15254746931631616,0.1277316303173387
2022-08-11,-0.86777838602601898,-0.16462517656242304,0.086456502937344235
2022-08-12,-0.82135491548633921,-0.096657172430492738,0.13701846680842225
2022-08-15,-0.87755088502137557,-0.085507179908935194,0.18885294746812253
2022-08-16,-0.87342863336949084,-0.08742512937945171,0.18370837934266943
2022-08-17,-0.89575225308343653,-0.090043518596453764,0.19651323685953606
2022-08-18,-0.87041675250617567,-0.023055163442842717,0.2609373284735767
2022-08-19,-0.87186478043984639,-0.095460581989241219,0.17355840970216441
2022-08-22,-0.97910634249222372,-0.23360710551567146,0.079775334445233839
2022-08-23,-1.0244353092922494,-0.28785738826486612,0.044326682756333148
2022-08-24,-1.0433885994501453,-0.28005405353657004,0.066509501238076751
2022-08-25,-1.0137196672421076,-0.22163024082562424,0.11691322731678538
2022-08-26,-1.010411502818805,-0.35151348387402892,-0.048016310969094374
2022-08-29,-1.0916082768906077,-0.42556370644617431,-0.082156617799741496
2022-08-30,-1.0789201843238185,-0.49808173621016361,-0.17797278364352512
2022-08-31,-1.0388067149357025,-0.52685310799356921,-0.2382905760901097
2022-09-01,-1.1070562489945579,-0.51442589215737533,-0.17706585430750313
2022-09-02,-1.0485874517204195,-0.57842212252298408,-0.2882825221202332
2022-09-06,-1.0060373508529419,-0.59507193056776719,-0.33615914672669156
2022-09-07,-1.006276159040238,-0.4912414065500284,-0.21249722121410089
2022-09-08,-1.0458934756236742,-0.45441246508350874,-0.1412009878837294
2022-09-09,-0.98980737652760398,-0.36001690691207272,-0.065732535986953763
2022-09-12,-0.9828721361325311,-0.27219112825910685,0.03419317003979102
2022-09-13,-1.2165034147555203,-0.47884265939614701,-0.061823092497983199
2022-09-14,-1.2161810135236526,-0.43644146565900616,-0.010722904407688524
2022-09-15,-1.2593195232006547,-0.52698004686243571,-0.092207501686120824
2022-09-16,-1.3674511881301057,-0.57274353308084791,-0.069626797483186231
2022-09-19,-1.3948205759530594,-0.47819169898946096,0.066496979519504493
2022-09-20,-1.3526765323697949,-0.45496543423807095,0.063217593991577156
2022-09-21,-1.3569658522513932,-0.52939071567378437,-0.02550033197181064
2022-09-22,-1.4236526438312598,-0.61309804937003953,-0.083155129300502062
2022-09-23,-1.5405567744546678,-0.74520820031894741,-0.16436587447068224
2022-09-26,-1.54263460142562,-0.79753514522254687,-0.22707407197278562
2022-09-27,-1.4306685460144999,-0.79613144295157767,-0.29404968147815597
2022-09-28,-1.3531997039958257,-0.61316817687066438,-0.1256347033923412
2022-09-29,-1.461756556133146,-0.71365290371156287,-0.17637549686531367
2022-09-30,-1.5153898321962729,-0.7278053892178753,-0.16001811020854073
2022-10-03,-1.4544851730902157,-0.65762158533713888,-0.11698267581188754
2022-10-04,-1.2876632383076976,-0.4546245427584944,0.020527351946619712
2022-10-05,-1.4127628482590318,-0.51249086403261512,0.038389629177016715
2022-10-06,-1.3748375990118527,-0.57721904215086006,-0.068951506621834163
2022-10-07,-1.5319608823978004,-0.73670668600790556,-0.1636400279132155
2022-10-10,-1.5203802584760857,-0.76232227047371681,-0.20237780294638366
2022-10-11,-1.5471422548127181,-0.75835526503501549,-0.17906973519285624
2022-10-12,-1.556042887557469,-0.76206680375692271,-0.17792567219362709
2022-10-13,-1.7235701837431054,-0.65556106838119754,0.07596362391038089
2022-10-14,-1.7409817689508635,-0.82978317889895958,-0.12037994896935583
2022-10-17,-1.6209580231397644,-0.74511949291742852,-0.093137337867612371
2022-10-18,-1.381310240721602,-0.70547030332297345,-0.18652054853186614
2022-10-19,-1.4570857536565192,-0.77074390836652551,-0.21347628846070177
2022-10-20,-1.4758545463612331,-0.82458202948393489,-0.26528161417664675
2022-10-21,-1.4709789163089009,-0.72493615184482085,-0.15402170922207295
2022-10-24,-1.4281573552761597,-0.66589249407596329,-0.11281494189454182
2022-10-25,-1.4504704390950227,-0.61822134472473556,-0.043499135195805949
2022-10-26,-1.5445442138400354,-0.65464089330247677,-0.024139414141980977
2022-10-27,-1.5309421119435003,-0.65855010654327761,-0.037342876836886987
2022-10-28,-1.5603791585017976,-0.59427853531885988,0.053927267367918724
2022-10-31,-1.5698476425213272,-0.63411622059801365,0.01300463259644449
2022-11-01,-1.5025964633137945,-0.66044668966854647,-0.057618271816701878
2022-11-02,-1.5183369675034484,-0.78234518390243712,-0.19484599523049378
2022-11-03,-1.5760193484357961,-0.85260418909818336,-0.23877412569494755
2022-11-04,-1.4479286976197525,-0.80944599901457781,-0.26443001491572449
2022-11-07,-1.4599343097763324,-0.78262273734209098,-0.22616139977808059
2022-11-08,-1.4554463445713435,-0.76288571460681942,-0.20601114414964011
2022-11-09,-1.5030800080151283,-0.83410753641069002,-0.26170179616364753
2022-11-10,-1.1362912770215645,-0.54968610192679523,-0.15341475625757284
2022-11-11,-1.145106833479155,-0.51030774733598827,-0.10060663461808174
2022-11-14,-1.2012552688545199,-0.577045810107917,-0.1434155523766418
2022-11-15,-1.1020535064553958,-0.54263206179499635,-0.16371558227899258
2022-11-16,-1.1289547602538443,-0.59060877733349426,-0.20354079906006009
2022-11-17,-1.2130842483441886,-0.59321326178670486,-0.14544175314993657
2022-11-18,-1.1623956433589329,-0.58840983054862661,-0.17225651024710836
2022-11-21,-1.1860574560761814,-0.59604181456255323,-0.16519482229750534
2022-11-22,-1.1790986560883132,-0.52760820923109164,-0.088331774065256857
2022-11-23,-1.1800279559769269,-0.50679569333115193,-0.062644160950312777
2022-11-25,-1.1578335669779984,-0.51882998558102056,-0.092861630730858347
2022-11-28,-1.1105514227297981,-0.49353901996305705,-0.096260151846370642
2022-11-29,-1.1944638087911237,-0.55238200516179348,-0.11239013272806857
2022-11-30,-1.1488539477086739,-0.33855194175103998,0.11134013708232235
2022-12-01,-1.2343072619722504,-0.29596388144394781,0.21601863243199906
2022-12-02,-1.3267308794882613,-0.36489908238744889,0.20012914331455373
2022-12-05,-1.4085671202536933,-0.40258530471229048,0.20891029504351516
2022-12-06,-1.4578629906725113,-0.51107479761773644,0.10918016993439904
2022-12-07,-1.572909922015677,-0.60604024245724408,0.070312880638509434
2022-12-08,-1.5406960440403616,-0.58419510760706994,0.075492628399322012
2022-12-09,-1.5433282582964856,-0.58713067008148645,0.073694412926922706
2022-12-12,-1.575388662926936,-0.56574981490712783,0.11890600821323162
2022-12-13,-1.325014580645749,-0.49764744898685664,0.056562980263648602
2022-12-14,-1.2787186146933673,-0.49565576340713002,0.026237666842971623
2022-12-15,-1.3675872321405089,-0.66013099356433991,-0.1100241726583151
2022-12-16,-1.4775658722782645,-0.69011004314788749,-0.070304523310004377
2022-12-19,-1.4010439131556822,-0.66755802884965176,-0.096978395080018001
2022-12-20,-1.3351587909524485,-0.61845627666887903,-0.085218260377326507
2022-12-21,-1.3419213813585769,-0.63058368858247471,-0.094876783254841168
2022-12-22,-1.3956539948706259,-0.73060362432817216,-0.17826906999645506
2022-12-23,-1.4328378650224518,-0.73258731883139838,-0.15496808518225008
2022-12-27,-1.4583079716146972,-0.80894438462938945,-0.22842155730766847
2022-12-28,-1.4667778011224257,-0.85608209584063444,-0.28025762619415934
2022-12-29,-1.4081853431620461,-0.78448834092364172,-0.23509474864184574
2022-12-30,-1.4666240703189661,-0.7839531071495377,-0.19316593341386776
2023-01-03,-1.4205247134668495,-0.79086989842453614,-0.23183920501827784
2023-01-04,-1.3946893622389323,-0.78270711638699209,-0.23906302660712694
2023-01-05,-1.4559888272342141,-0.82763216864202482,-0.25215861244399784
2023-01-06,-1.3851401770411511,-0.65268894804520716,-0.089535180894530955
2023-01-09,-1.3333038424792405,-0.65115629663121721,-0.12206364895576884
2023-01-10,-1.3448252463006733,-0.60578067081732245,-0.059361338651133383
2023-01-11,-1.2623024211151168,-0.5478180275862784,-0.047814411602042917
2023-01-12,-1.2364906883880948,-0.57064430252444209,-0.0926432144436143
2023-01-13,-1.3243468417985884,-0.56576717291230871,-0.02479147847142334
2023-01-17,-1.3430034866767109,-0.5174262391660559,0.047184775328136627
2023-01-18,-1.2694227100008444,-0.58295119739498658,-0.084738712805984509
2023-01-19,-1.2338044666638754,-0.54124717032596636,-0.058820619511812111
2023-01-20,-1.232568726165451,-0.42084937069103312,0.08413167427903033
2023-01-23,-1.2498813136784368,-0.32599248386415169,0.21024271496537197
2023-01-24,-1.2619182122618879,-0.25058272458851683,0.31260288324931801
2023-01-25,-1.2426508743940106,-0.2665781432763073,0.27847928861923987
2023-01-26,-1.0848835974187672,-0.17101992274480135,0.28228350323653828
2023-01-27,-1.216895177225112,-0.15121254774784199,0.39227078548270894
2023-01-30,-1.3553420848328197,-0.18236439044690833,0.44655644576833886
2023-01-31,-1.3704460343741793,-0.22484512396589418,0.40720186869726843
2023-02-01,-1.3814278561149471,-0.25581247817808461,0.37850824185585152
2023-02-02,-1.3174808267376066,-0.22320964123119766,0.37645211624995295
2023-02-03,-1.4463420667117213,-0.30724699683173845,0.36526800686213795
2023-02-06,-1.3948701085030277,-0.23640815919660532,0.41525265976161901
2023-02-07,-1.407867720948375,-0.20138263120229832,0.46581617512792001
2023-02-08,-1.4571262199726791,-0.23318647512256635,0.46069094001956395
2023-02-09,-1.3775344684065967,-0.30315277974459776,0.32242602226355682
2023-02-10,-1.4731442431256818,-0.35475392491190716,0.32380332593998123
2023-02-13,-1.3672904240943748,-0.23186642867535429,0.39684291916099496
2023-02-14,-1.3968329205204002,-0.15236413465198451,0.51720212328090953
2023-02-15,-1.4278168994834457,-0.12519969081776755,0.57198102217055624
2023-02-16,-1.5989807720488309,-0.24998515969592913,0.53873064915162361
2023-02-17,-1.6029843364018783,-0.2650732957417099,0.5233873306443404
2023-02-21,-1.6212244823229889,-0.25976972188033798,0.54462258357481697
2023-02-22,-1.6177751692536873,-0.23857914310198092,0.56851970226613313
2023-02-23,-1.520352452150066,-0.17169884800489235,0.58462997682126172
2023-02-24,-1.6653704995948053,-0.14247105430270199,0.72883245799049945
2023-02-27,-1.4320088246179352,-0.19156097032598152,0.4971364978141079
2023-02-28,-1.4646950083278749,-0.30085163650591579,0.38677561730992066
2023-03-01,-1.3892429103198662,-0.30620970933069352,0.32221211271123229
2023-03-02,-1.4005690236218162,-0.20963929779922547,0.45238964378849411
2023-03-03,-1.4067783915222016,-0.21974433286247569,0.44439261730356683
2023-03-06,-1.4363525284575329,-0.1958537862413304,0.49471139872545133
2023-03-07,-1.3719823936392999,-0.22592161147733997,0.4077931350996104
2023-03-08,-1.3589510455792264,-0.095550699735019742,0.56923359643747229
2023-03-09,-1.3466990581176075,-0.14134469565305968,0.50038527336251171
2023-03-10,-1.5390359240160427,-0.31754719177507662,0.40232291666686587
2023-03-13,-1.533578294392145,-0.3044399673544475,0.4142409008435885
2023-03-14,-1.4729184859045896,-0.17974577419931156,0.53302069910015981
2023-03-15,-1.5917156424464449,-0.17528638709383537,0.6290445730156321
2023-03-16,-1.6905000423495169,-0.19450291364404712,0.67247399359150406
2023-03-17,-1.8138136334694259,-0.35564262641827521,0.55918956400985542
2023-03-20,-1.7632852230683764,-0.36822790402953992,0.50932417359759696
2023-03-21,-1.6410295260814203,-0.34518381663898362,0.45380809074151229
2023-03-22,-1.6413799245046465,-0.41563342955085641,0.36322923975326682
2023-03-23,-1.6065852082492698,-0.4545070186198944,0.29318151174380025
2023-03-24,-1.588099517428156,-0.37200721811626125,0.38292105922049269
2023-03-27,-1.5786691882130555,-0.42926473507122137,0.30736803385278438
2023-03-28,-1.6037063625066055,-0.45984862294755152,0.28710064879242009
2023-03-29,-1.5052318379645182,-0.42745233906154845,0.261051546765103
2023-03-30,-1.5232690785066541,-0.45579423078302272,0.2382526881049459
2023-03-31,-1.4854898336586728,-0.36854377692853402,0.3188648945974093
2023-04-03,-1.4821676839737921,-0.28713837054805436,0.41966143414622348
2023-04-04,-1.4982759879978274,-0.3229319573411521,0.38578434654985522
2023-04-05,-1.5157239920283996,-0.37100779352559676,0.3389406925708387
2023-04-06,-1.5052899201916805,-0.3006414367525081,0.4199784780678113
2023-04-10,-1.4854136123680994,-0.25362504862633906,0.46339139431455761
2023-04-11,-1.4576862644135919,-0.27414911955788979,0.41863500353046373
2023-04-12,-1.4034790157026154,-0.28013929485157874,0.37348891044713745
2023-04-13,-1.326057937738321,-0.15002147564481649,0.47944340458589763
2023-04-14,-1.3944760181159523,-0.14461214314420315,0.53339891019382701
2023-04-17,-1.3916436712328684,-0.17857644390958299,0.49030871314572438
2023-04-18,-1.3651035646704708,-0.12243136288411156,0.54334078448680445
2023-04-19,-1.3838386940488014,-0.12492846766806423,0.55395432938519085
2023-04-20,-1.4335176140514294,-0.21837003388339996,0.47666331106295756
2023-04-21,-1.4605257663403073,-0.21181939810148576,0.50356133990835905
2023-04-24,-1.5329160987872792,-0.14311293708994835,0.64275134061280181
2023-04-25,-1.5499404845477274,-0.093565923483921218,0.72366105677523807
2023-04-26,-1.4969242943588323,-0.13715639266335389,0.63036063116624719
2023-04-27,-1.3996987605797839,0.075398044149542334,0.8327334950489268
2023-04-28,-1.4375332438554735,0.10029777917099288,0.89027196889388971
2023-05-01,-1.5437103993341563,-0.0142855061226739,0.82096821610538528
2023-05-02,-1.4860524267189661,0.099688589685422394,0.92905762448765183
2023-05-03,-1.4776022170264256,0.042497373603345802,0.85073813601218551
2023-05-04,-1.5075836086505321,-0.0092803684578554087,0.80759723148442153
2023-05-05,-1.4455581914784468,-0.062621805540876929,0.70651865007235481
2023-05-08,-1.3634883668131521,0.098439978850055787,0.85457677708602275
2023-05-09,-1.3443345100050272,0.10561635481084135,0.84848381385446803
2023-05-10,-1.1797703022798505,0.27436601891013218,0.9361103157641365
2023-05-11,-1.3280160867119213,0.25584230705240785,1.0180589613824182
2023-05-12,-1.2838963402780701,0.32331371954551802,1.0722615642389084
2023-05-15,-1.2081088494311913,0.34387227358661371,1.0402696699137872
2023-05-16,-1.3205977160110376,0.20484791553183318,0.94716602400064942
2023-05-17,-1.246814185733832,0.27907814837623823,0.98513842519184014
2023-05-18,-1.3890620438348296,0.2295646565599358,1.0184738050625493
2023-05-19,-1.2841883893130697,0.41630391058154093,1.1798791873037062
2023-05-22,-1.2213462318876485,0.44720162012071968,1.1694023933043605
2023-05-23,-1.3334987744981168,0.3918049242449842,1.1820102902722516
2023-05-24,-1.4327041875413991,0.27081243102272173,1.1039269151605828
2023-05-25,-1.2769666337519499,0.3475098950116548,1.0829863621124116
2023-05-26,-1.2326984283579219,0.3665341613766161,1.074279421559958
2023-05-30,-1.2202339424200463,0.27552243467175785,0.95508449559342279
2023-05-31,-1.3077646305139781,0.13418618284695266,0.84774428895882847
2023-06-01,-1.2712005221935265,0.20591017416192262,0.90817547926765751
2023-06-02,-1.2633972652785435,0.31258447835534503,1.0374244367945999
2023-06-05,-1.2534111405188815,0.21398945639562528,0.91166037177043391
2023-06-06,-1.1718338797567582,0.30347858941082484,0.95773508188032674
2023-06-07,-1.2506275470903778,0.27239048084397427,0.97498678895150115
2023-06-08,-1.1807391621657339,0.25561681886351467,0.90345533284554602
2023-06-09,-1.1309560175856304,0.3166129717825843,0.94262815757897955
2023-06-12,-1.0758956465812282,0.47668120547892434,1.1053774488235253
2023-06-13,-0.92468848915954849,0.65441435756284161,1.2053923529201835
2023-06-14,-0.72817141627523629,0.86016559649372637,1.2892885993302532
2023-06-15,-0.78530442184918392,0.93505761581647262,1.4216644940708187
2023-06-16,-0.85688739266319147,0.83076032686966261,1.3419208838970418
2023-06-20,-0.71787176563507604,0.98242746574824191,1.4044253597792431
2023-06-21,-0.71145798802051119,0.96720231156897507,1.3813205805924555
2023-06-22,-0.87745331835022911,0.8654626549698512,1.3660999000255403
2023-06-23,-0.84860700568129122,0.83574544951348795,1.3104426280693544
2023-06-26,-0.91250223372868677,0.76618757443679431,1.2708888199942094
2023-06-27,-0.97246400062605243,0.66834582387052843,1.1956278723563705
2023-06-28,-1.0156880299261637,0.69062803457728283,1.2540299460891999
2023-06-29,-1.0608914742457103,0.81994206183458906,1.4519008716036208
2023-06-30,-1.0068119158240219,0.8834013881229682,1.4922160397144968
2023-07-03,-0.9255908057813268,0.93199127909911406,1.487808548211095
2023-07-05,-0.94572399932092954,0.87104802964052086,1.4314442001235466
2023-07-06,-0.90122302733935711,0.82025385243616311,1.3404113957142774
2023-07-07,-0.92458892469162279,0.78987976853927189,1.3207400192800083
2023-07-10,-0.97469591592676386,0.72784713472640883,1.2810632755705933
2023-07-11,-0.92167089229427379,0.76460310232343776,1.2868366034900685
2023-07-12,-0.78186636076574934,0.86598953215565555,1.3084798680085798
2023-07-13,-0.7322001656803101,0.95310039911762856,1.3792348137677979
2023-07-14,-0.59019129542897009,0.97744386407132045,1.3020937719591761
2023-07-17,-0.4771622821151611,1.0079605983105075,1.2564189336797118
2023-07-18,-0.59426534592130886,0.95138888251860532,1.2650252284772572
2023-07-19,-0.65420164148946414,1.0068119365928463,1.3799201571026978
2023-07-20,-0.77267006200358423,0.83939219639765461,1.2560709409492752
2023-07-21,-0.74192391762611709,0.80638072844160125,1.1941043077673306
2023-07-24,-0.70488907105910059,0.77725877998214077,1.133942412113351
2023-07-25,-0.71320746442118366,0.84132147900219378,1.2187909122086975
2023-07-26,-0.74673321861834241,0.83574988885044421,1.2362548509006055
2023-07-27,-0.63903236347160763,0.86429239307240768,1.1895337480284878
2023-07-28,-0.65182348889539898,0.78533574535733786,1.1022465840955178
2023-07-31,-0.66115092466679137,0.7304116589970393,1.0431444791294477
2023-08-01,-0.72337008982698792,0.63948188560485553,0.97893702630986523
2023-08-02,-0.72490954235159033,0.57957377217792494,0.90856226091829684
2023-08-03,-0.73028448043086669,0.59971632551225773,0.9367700702551629
2023-08-04,-0.74213338596638945,0.49394810560410835,0.81646304146671955
2023-08-07,-0.70237649709302707,0.54353032201072216,0.84787196170808543
2023-08-08,-0.65996127054320164,0.52924039209766371,0.79911624235523193
2023-08-09,-0.69304410304563124,0.49950100674865994,0.78674956845315847
2023-08-10,-0.6273821209001923,0.52267104606973669,0.76727134936131991
2023-08-11,-0.83594644226096859,0.41031731298504837,0.77292586947563491
2023-08-14,-0.92085628491630722,0.43969264622183235,0.86766550815231047
2023-08-15,-1.001721315694982,0.28734864047276321,0.74311746665226996
2023-08-16,-0.96250509777736648,0.2257842068617413,0.64088645879369754
2023-08-17,-0.90747608359604293,0.17432197624905099,0.53910999966336681
2023-08-18,-0.88952446643535843,0.2150582077782576,0.57373572843899534
2023-08-21,-0.87209123294633051,0.2342339667287576,0.5843658579042732
2023-08-22,-0.77405417515411779,0.29243577206611154,0.58314771326570347
2023-08-23,-0.6464856303125075,0.46622899155650005,0.69532074467760108
2023-08-24,-0.60237433764268156,0.40338198180166818,0.58765314424430182
2023-08-25,-0.55964887573920918,0.42385545357496662,0.58233724533789755
2023-08-28,-0.54703836429229069,0.38290923568512786,0.52542255865316911
2023-08-29,-0.54669890615172756,0.65249990986217188,0.84998730153778879
2023-08-30,-0.47143647703896685,0.71155744652855712,0.86459931973063464
2023-08-31,-0.48617395382975359,0.76507328017556608,0.94069033647191946
2023-09-01,-0.46817616927387939,0.81779645620358365,0.99251085918418136
2023-09-05,-0.42551467124451231,0.77667307677845576,0.9131052686035761
2023-09-06,-0.53275294081926716,0.79848030482314425,1.0217468387633415
2023-09-07,-0.61573733425737964,0.80240764808227616,1.0883996160038742
2023-09-08,-0.6070593157845553,0.71532697637620024,0.98016970496583589
2023-09-11,-0.49697390578524797,0.71554397342989295,0.90207123034471126
2023-09-12,-0.58147991782369635,0.60136526479098995,0.82497815039313538
2023-09-13,-0.62629675287891751,0.54926008109346391,0.79385702498986599
2023-09-14,-0.37897924133526423,0.86317430165739062,0.96955168762525479
2023-09-15,-0.47689350767247723,0.74977640224619579,0.90846213917995677
2023-09-18,-0.44538832195308281,0.81953103688691731,0.96756631687096928
2023-09-19,-0.32636592636431655,0.87636608568605856,0.94318278744557305
2023-09-20,-0.219320241368932,0.77901666255135671,0.75133210682018503
2023-09-21,-0.19822092452042556,0.74840462605986879,0.69965985794844843
2023-09-22,-0.2248000365273117,0.83923958396121157,0.83063390021229666
2023-09-25,-0.23189722986416275,0.91239655535254216,0.9225601021074249
2023-09-26,-0.20910279007569368,0.92524889981490255,0.91979612067391858
2023-09-27,-0.14287398933440751,0.98609116292912158,0.94307936537624437
2023-09-28,-0.25276689504294553,1.033807042632148,1.0819941558838087
2023-09-29,-0.20872835602308751,0.91216243808169861,0.90243264346214902
2023-10-02,-0.13335230229435835,1.0386687508505379,0.99246900958994633
2023-10-03,-0.15731485341792417,1.051894017686926,1.0269221361783052
2023-10-04,-0.25151441611176406,0.95050602534416828,0.96751925453441312
2023-10-05,-0.41373147201148947,0.77833364896542412,0.86985258593709647
2023-10-06,-0.35614265297533532,0.86153173281192297,0.92130740067485695
2023-10-09,-0.36249788989137954,0.96293175105216378,1.0416259519793782
2023-10-10,-0.23936438453403747,1.1780837076752435,1.1926631485601169
2023-10-11,-0.24618202945871379,1.2507313919299639,1.2838134653590276
2023-10-12,-0.18373809100811453,1.2522469794995397,1.238458726823092
2023-10-13,-0.16046203196848202,1.2416325703458533,1.2083846937113418
2023-10-16,0.09567503656903234,1.1572693889810863,0.96171050164264116
2023-10-17,-0.048414794154607567,1.3108510180687556,1.2684410080108095
2023-10-18,-0.2719856193933694,1.0774304563021924,1.1380777109667704
2023-10-19,-0.49681070427295071,0.94950955482681887,1.1395370599824712
2023-10-20,-0.44866488889025052,0.91499744350789336,1.0597644079837145
2023-10-23,-0.47410274070974645,0.95799850308662593,1.1310504696117585
2023-10-24,-0.41110876115456779,0.86182333692942004,0.97485668235988032
2023-10-25,-0.49816924840210081,0.6925034313853915,0.83238059180151125
2023-10-26,-0.52313626230795696,0.51698557624218744,0.63796887786779344
2023-10-27,-0.39412807016740764,0.53638387659071363,0.56275338710728251
2023-10-30,-0.34894494330860776,0.64456838531955152,0.66421585300372066
2023-10-31,-0.33115698784507525,0.53951579137216721,0.52374041031304419
2023-11-01,-0.23793201458455152,0.65307177174401976,0.59236705215667673
2023-11-02,-0.2475484359632418,0.7979022273720503,0.78601836068966568
2023-11-03,-0.17292069100525079,1.0268966916512265,1.0183742689956408
2023-11-06,-0.059996747528936752,1.1103624741507709,1.0323955889511633
2023-11-07,-0.23204829111149766,1.0401154737826102,1.0691589631118124
2023-11-08,-0.25547132461885669,0.98477015526808109,1.0168414849775278
2023-11-09,-0.25925959873065779,0.8986127936888606,0.91026826100526237
2023-11-10,-0.14948589394111392,1.1377812972324775,1.1232968834722399
2023-11-13,-0.62841399948756071,0.82851391117650863,1.0119992092468
2023-11-14,-0.48781968853947594,0.89008314078008854,0.9966533197240971
2023-11-15,-0.40013949814073657,0.96509540661030335,1.0210622191695176
2023-11-16,-0.59506038518779636,0.91605711210588092,1.0951452533262946
2023-11-17,-0.54574643498499564,0.97894872627853347,1.1330167593378635
2023-11-20,-0.41046329074767163,1.0524840325091764,1.1224623643578884
2023-11-21,-0.54524279236351469,1.0061919140958409,1.1601179494230112
2023-11-22,-0.45932748981551735,1.0582445688091815,1.1618823263020213
2023-11-24,-0.51994245364291691,0.97326666396418715,1.1007992862290519
2023-11-27,-0.52641950238661095,0.91758845895608487,1.0404218892887678
2023-11-28,-0.5195494782406932,0.92603502753901512,1.0455241765217149
2023-11-29,-0.36788075583415192,1.0389447005695669,1.0665763619778532
2023-11-30,-0.34931715760759174,1.0783694497445706,1.100339387431982
2023-12-01,-0.37341112986781511,0.92059423814556474,0.93526708885059961
2023-12-04,-0.49355268114015272,0.88754265747235206,0.98472078609004832
2023-12-05,-0.38597330173926575,0.89444110325803583,0.91540095560225432
2023-12-06,-0.24205773140072465,1.0026968955761486,0.93349880648534911
2023-12-07,-0.18019639071041563,1.1671913873037907,1.0854513471316367
2023-12-08,-0.17331096155028353,1.2104525482534942,1.1308124565969715
2023-12-11,-0.24705135756717059,1.1831403160540896,1.1492129779977573
2023-12-12,-0.21731074045966697,1.2722220542395637,1.2310788573703553
2023-12-13,-0.23256510653684098,1.2682304913929676,1.235997257685288
2023-12-14,-0.55147114448850787,1.2378758328249884,1.421908470630262
2023-12-15,-0.606524271590688,1.2434025425162449,1.4689039967410418
2023-12-18,-0.40520441952198116,1.4868210633337517,1.5999583600780201
2023-12-19,-0.24617159902728949,1.664928989250726,1.6872993468555582
2023-12-20,-0.2768869014761754,1.6189863858194409,1.6563563357435973
2023-12-21,-0.16443020556437313,1.675848293112457,1.651732863852784
2023-12-22,-0.22558115646770585,1.5885409170157123,1.5827461022401552
2023-12-26,-0.10790602188975115,1.7369946352319292,1.6678554929916762
2023-12-27,-0.077047820364549213,1.7085007390769378,1.6159289311648926
2023-12-28,-0.062814344765045632,1.742083941497659,1.6455191595997742
2023-12-29,-0.065895345361450183,1.8221675042515542,1.7423679029953949
2024-01-02,-0.25571378335328443,1.6559656510839857,1.668285103577251
2024-01-03,-0.22225961024529284,1.610685108899125,1.5953436701878763
2024-01-04,-0.3030760474108703,1.6186076639536369,1.6641068210912913
2024-01-05,-0.37980430539848975,1.5725673159425924,1.6588451173194505
2024-01-08,-0.29611491325146827,1.766277565874838,1.8233870724302821
2024-01-09,-0.48617508703190837,1.6031302381060675,1.7460222730545591
2024-01-10,-0.55823451788053779,1.6499954946441118,1.8513708350079856
2024-01-11,-0.50850580754962726,1.5943770347573016,1.7545588265021992
2024-01-12,-0.52345126485657301,1.5086127815252104,1.6607040299127529
2024-01-16,-0.6017102685006771,1.4515595558806396,1.6477468271319149
2024-01-17,-0.57833596977937363,1.3773571695976112,1.5538472331511333
2024-01-18,-0.52849311005148725,1.4575905388127073,1.6163234641969979
2024-01-19,-0.53776750117596006,1.6824978748875306,1.9006093496674896
2024-01-22,-0.42239364219285991,1.7586960035369572,1.9072027704906598
2024-01-23,-0.45758142394725415,1.6523956821303796,1.8025411614859528
2024-01-24,-0.40348404659402953,1.5730370325222998,1.6693944276366004
2024-01-25,-0.2853225902698146,1.623344228930754,1.6478912777424684
2024-01-26,-0.15745265710235543,1.6102062202259992,1.548842825081991
2024-01-29,-0.24311574540100175,1.5886916015925858,1.5767541834881571
2024-01-30,-0.2260296073119345,1.5645074420591178,1.5375838687125292
2024-01-31,-0.19308081749994235,1.5293821087381019,1.472044967980378
2024-02-01,-0.16205091170649136,1.5187036175515096,1.4411331222792061
2024-02-02,-0.10735313711824206,1.5180074507384429,1.4078732702445269
2024-02-05,-0.26147423132144437,1.3824635852604139,1.343526502926127
2024-02-06,-0.065138918451015188,1.4951360548457993,1.3350933043721802
2024-02-07,0.086165954566665398,1.6092009917645109,1.3676198121452858
2024-02-08,0.11883214496314938,1.516299206741929,1.2398083709320749
2024-02-09,0.2029581528240158,1.6553282432528413,1.3422842450922374
2024-02-12,0.074904900658439688,1.7260172099810274,1.5278378610367478
2024-02-13,-0.062715210387607759,1.586194121879472,1.4691561729316898
2024-02-14,-0.009811492794290097,1.5676358524312277,1.4124625604155441
2024-02-15,0.063433105997188766,1.6244691356548915,1.4310479473993296
2024-02-16,0.13207857716566862,1.5575915489756023,1.3069386297160221
2024-02-20,0.26010012158170226,1.6323134689296048,1.3002129169963454
2024-02-21,0.29939415115498691,1.6601366371578639,1.3063194176526853
2024-02-22,0.63391257775663346,1.9894135128560286,1.4722501721584604
2024-02-23,0.66711275014967053,2.0063465430625356,1.4688675003510265
2024-02-26,0.57628927038694333,1.93416692894453,1.4454156883411124
2024-02-27,0.79465063239322564,2.0436432075030022,1.4266203707098279
2024-02-28,0.62685690101239988,2.0056031115956063,1.4982973539166822
2024-02-29,0.69604499966668965,2.0653460544204285,1.5226983936087219
2024-03-01,0.75287826522653634,2.1686504045000472,1.6092446018988744
2024-03-04,0.80743532098401816,2.1002386984186217,1.4992646019112326
2024-03-05,0.68012229018489134,1.8971184838477697,1.3366762045341469
2024-03-06,0.7426621419328624,1.931403186046426,1.3353262339514778
2024-03-07,0.83693691084530186,2.1486262623601347,1.5328840163242086
2024-03-08,0.85067771331441877,2.0831775493735396,1.443989475175087
2024-03-11,0.78594391323220858,2.2541779195347451,1.6973060174200343
2024-03-12,0.86673199981823001,2.4737706736167073,1.9078703443149512
2024-03-13,1.0414039280722438,2.4725314270635836,1.7974619006670403
2024-03-14,0.89149409629854237,2.3378875170107549,1.7244509067690932
2024-03-15,0.99136877960608505,2.301749422575377,1.6331732766571518
2024-03-18,1.2072460211896543,2.2245385246134779,1.4062557515314626
2024-03-19,1.3043465782159995,2.4222918673224472,1.5683303371576274
2024-03-20,1.2750867577084819,2.4197233352789387,1.5830477238697669
2024-03-21,1.2315663717917797,2.3484336476351646,1.5155274506694141
2024-03-22,1.2358625542134847,2.5065369869772778,1.6991037493700873
2024-03-25,1.084589166868142,2.4583625769931619,1.753286091068375
2024-03-26,1.1802726489837436,2.3879359131883451,1.6026195510630152
2024-03-27,1.1747656189367672,2.4393795290278906,1.6781662533370507
2024-03-28,1.2043846037858783,2.4578860528700988,1.6799342923646035
2024-04-01,1.0734316017660581,2.3330566677387949,1.6068507699544252
2024-04-02,0.84939832555771944,2.2248518182978687,1.629819145053399
2024-04-03,0.77915759251331107,2.1263506276988484,1.549883862344656
2024-04-04,0.91574034968945073,1.9749093369984378,1.2500596528360806
2024-04-05,0.93186320621976004,2.1092154342220364,1.4076906258253192
2024-04-08,0.98213878400828492,2.137621645857279,1.4069551222478016
2024-04-09,1.065621759227648,2.1146290586794563,1.3218118416138529
2024-04-10,0.97944319962311344,2.0103930957653007,1.2603101176388622
2024-04-11,1.0007671462072119,2.0695940443641074,1.3209924475225399
2024-04-12,0.81208119399572198,1.9722553141300416,1.3499160047985836
2024-04-15,0.89087701838569477,1.7508912077641112,0.99901057911766744
2024-04-16,0.92978529841087632,1.7563893121845926,0.97830365534036534
2024-04-17,1.0058419592182186,1.6732461117992794,0.82047221572668527
2024-04-18,0.99002648349023059,1.6497437573577642,0.80326689045905275
2024-04-19,1.0628797276128885,1.5719857640249169,0.66441413330568266
2024-04-22,1.2549861673160683,1.6941656502118858,0.68635857205413398
2024-04-23,1.3039040684139764,1.7801563140859635,0.76330514879825218
2024-04-24,1.3386129472598141,1.7672721267229263,0.72384904154876717
2024-04-25,1.2093226243495931,1.886339063132731,0.92787441327372344
2024-04-26,1.2666522693726063,1.9994338493938988,1.0279379634001589
2024-04-29,1.2269178494776063,1.8848752449877904,0.89828272210471338
2024-04-30,1.2157906608267812,1.6620101474741744,0.64906842846344626
2024-05-01,1.2144262298265958,1.642160676185463,0.62658945778523012
2024-05-02,1.3468721969038582,1.8224141573677839,0.74665055623660881
2024-05-03,1.4858476572950681,1.9816960349506612,0.83713628622662339
2024-05-06,1.593550183609137,2.1282439179123065,0.94061386763617183
2024-05-07,1.4976182421386168,2.0026133074516999,0.84048220501331883
2024-05-08,1.4295363316795286,2.0011316591948547,0.8851283583901155
2024-05-09,1.4951891391457959,2.0889044375791164,0.94553111083828345
2024-05-10,1.4419198450097643,2.0608103317865378,0.95229822957414556
2024-05-13,1.5226512832328063,2.0775065670663624,0.91400046340074814
2024-05-14,1.4832656184331725,2.1277147040204021,1.0048420706875958
2024-05-15,1.5290834176463206,2.1945949442560986,1.0606552000046849
2024-05-16,1.5747263465719508,2.2383918943732311,1.0787252087480412
2024-05-17,1.5060433059327161,2.1563422897676769,1.0207350137833164
2024-05-20,1.521408304153409,2.0889968836291426,0.92621052143149685
2024-05-21,1.4663729402919266,2.1231139438528093,1.0067358243733218
2024-05-22,1.445423131667162,2.0935292855016399,0.98646137612684504
2024-05-23,1.5916541378647724,2.1338770593335985,0.91718153106922162
2024-05-24,1.7064580896571739,2.2572994833550126,0.98279165438931715
2024-05-28,1.6104184841139337,2.1929663396272772,0.97591582571785251
2024-05-29,1.4589693163090329,2.0253776243190433,0.87179086673787687
2024-05-30,1.3448113498631245,1.9598452406273941,0.87993039802802164
2024-05-31,1.4430480128252186,2.0855922684976345,0.9644617267845238
2024-06-03,1.4797971265896679,2.0155827164868874,0.84951298251723073
2024-06-04,1.3518252931692187,1.9125729356882375,0.80535913701885498
2024-06-05,1.4037418444983243,2.0251080112070703,0.91027327054774609
2024-06-06,1.4276170729360926,2.00592968738647,0.87064121920678139
2024-06-07,1.3848599331335048,2.0267037081883981,0.92535153167132189
2024-06-10,1.358790628971311,2.0024467673930606,0.91293782116015587
2024-06-11,1.2848181159464782,2.0077176027482886,0.97013725274105922
2024-06-12,1.3690544868704637,2.001212495960063,0.89618917266848819
2024-06-13,1.3663237031418107,1.9633985783307868,0.85015399390340429
2024-06-14,1.3104230830228218,1.9582822776510034,0.8827574578620272
2024-06-17,1.320419114084568,1.9254580664168459,0.8341730064789431
2024-06-18,1.3081125982169979,2.0151733801886373,0.94934679796992349
2024-06-20,1.4043303484056016,2.0389304662025434,0.90727258278036205
2024-06-21,1.3658183074304475,2.0445135433918815,0.93986592235371369
2024-06-24,1.3954490371859154,1.983058671715404,0.84651346241822534
2024-06-25,1.5622472734355621,2.0891346963969326,0.85605465382284684
2024-06-26,1.5508561714132465,2.1385417800746875,0.92111990709832348
2024-06-27,1.516114045923878,2.0634353257655813,0.84957819698497183
2024-06-28,1.5771208030311097,2.0220120702517708,0.75761788836540245
2024-07-01,1.6298534441954653,2.0058816395253092,0.69981719882242366
2024-07-02,1.4786098037511004,1.9674022482691871,0.75671206685678449
2024-07-03,1.4821149306909689,1.9959682938664471,0.7888221844685489
2024-07-05,1.5574963817267471,2.0592510283880614,0.81407645732098766
2024-07-08,1.7192645882703295,2.1460018984142644,0.80515357147739053
2024-07-09,1.7826208473549789,2.1783616880411762,0.79861000500539947
2024-07-10,1.8291383885125423,2.2373690501908041,0.84188630576992518
2024-07-11,1.8055219038585515,2.0983018406204406,0.69659538386079844
2024-07-12,1.7157711044151538,2.0846255603549908,0.74969570749297354
2024-07-15,1.7078338693872939,2.0421446622368737,0.70137311930151058
2024-07-16,1.7126513108213333,2.0987422064453076,0.76715773808327137
2024-07-17,1.5324362434869567,1.9261630295072834,0.69143018861666838
2024-07-18,1.5853320739134533,1.7904453110485052,0.49199343064821405
2024-07-19,1.5519078968427134,1.708591043208235,0.42093100476526923
2024-07-22,1.6880856777845905,1.8554228082123068,0.4990293779608001
2024-07-23,1.6283666474965837,1.8412509850133858,0.52639626982480281
2024-07-24,1.4429366316739562,1.5700915305576446,0.35621264380144957
2024-07-25,1.4555215361296745,1.4998856805439926,0.26410967216070724
2024-07-26,1.5869048501343337,1.5885574535583562,0.28165417509859264
2024-07-29,1.5237182217295233,1.6538049402769248,0.41059836066014577
2024-07-30,1.4605630893215529,1.5288411715351504,0.30321030620066247
2024-07-31,1.6093453347031939,1.6378798742906899,0.32936275482369659
2024-08-01,1.7062359172337345,1.5297791836230905,0.14025472715265286
2024-08-02,1.5909784019482882,1.4813965029741951,0.1565940857235826
2024-08-05,0.9368910066102073,1.2227494171073505,0.25262765778633528
2024-08-06,0.92931649421931339,1.3329366069462321,0.40092812785705628
2024-08-07,1.0177379484664866,1.2076838995179695,0.16070811649089126
2024-08-08,1.2102811055811444,1.4094214919365908,0.27368656494765037
2024-08-09,1.1826864516969866,1.5005704198666041,0.40789408909192604
2024-08-12,1.145323150258063,1.5019139756341693,0.44191880536684458
2024-08-13,1.2737218335024083,1.6260910924338146,0.50499020970768393
2024-08-14,1.3190835636110816,1.6080702412206545,0.4459166485353141
2024-08-15,1.491472105858094,1.8316338882524723,0.58806619246691649
2024-08-16,1.4656236019276783,1.9119426749640742,0.70569573460316881
2024-08-19,1.4333976766155836,2.0490146766466264,0.90826330407415201
2024-08-20,1.5112843189548195,2.0317709638536212,0.82908357286072532
2024-08-21,1.5054170220407181,2.0088535297032672,0.80354873957492101
2024-08-22,1.4969838168254546,1.9637930380194781,0.75570681164406461
2024-08-23,1.5364848987366755,1.9603454636645821,0.71758384128607133
2024-08-26,1.5143115661262208,2.0655907656705947,0.86553030110320706
2024-08-27,1.4357446176433906,2.0224346642573638,0.87312495149035207
2024-08-28,1.3665813502024688,1.923827917110696,0.80647933918564629
2024-08-29,1.4131204861481654,1.8193018942063304,0.6261161503499354
2024-08-30,1.4553785675997719,1.8592074641802521,0.64480459007539126
2024-09-03,1.3638206176341563,1.6804789846633001,0.51344928981452709
2024-09-04,1.2468020576300751,1.6490426278930752,0.57273650880581273
2024-09-05,1.2581787352964577,1.6648799878425367,0.58298777003753355
2024-09-06,1.2890961081138712,1.5719932984807654,0.44754854997880633
2024-09-09,1.4726916161925914,1.6795560471342319,0.44063075175361699
2024-09-10,1.5142284395602166,1.7013181993222046,0.43449766247872301
2024-09-11,1.4404067829981908,1.7272646716795104,0.53225956313965106
2024-09-12,1.4964679049804936,1.8354098027648083,0.62630995405990531
2024-09-13,1.5037575091603517,1.8661449548514162,0.66051259971120324
2024-09-16,1.429868341723961,1.8134747703086969,0.65147868347806814
2024-09-17,1.5737012458261888,1.9548861630512784,0.70213697842951095
2024-09-18,1.5976052192904613,1.925850421114834,0.64663804256865676
2024-09-19,1.8005603227457314,2.0611847454000474,0.64542764611108705
2024-09-20,1.6937344610832843,2.1004183212356309,0.78023061147252959
2024-09-23,1.8054732020922917,2.2719398909175545,0.89103652709564274
2024-09-24,1.7931949887235565,2.313145091513642,0.95465562865789666
2024-09-25,1.8268258611449972,2.262092723785766,0.86420175000355981
2024-09-26,2.0109464489262856,2.4290873204021475,0.9057800481548437
2024-09-27,1.9999476319361962,2.413787316502694,0.89615005699543138
2024-09-30,1.9934909020297473,2.4004851930691595,0.88369077940879448
2024-10-01,1.9019107277425504,2.3414395556188135,0.89894167228490218
2024-10-02,1.9072540549215422,2.3481260633079057,0.90307219939358285
2024-10-03,1.9430915259798072,2.4564393192863903,0.99894642000311018
2024-10-04,2.01921488391987,2.4689352914859954,0.94875281049862992
2024-10-07,1.9902613113363425,2.39145167995671,0.88019710446814525
2024-10-08,2.1244781737638383,2.3756238185836018,0.75697838983821586
2024-10-09,2.1848447000951952,2.3793839409169832,0.71721193308432707
2024-10-10,2.1356436069979274,2.3242368753916023,0.68543313987038168
2024-10-11,2.1031955487438445,2.3382929035029414,0.73206640631264985
2024-10-14,2.119618215210533,2.4529893781156131,0.8686185745398326
2024-10-15,2.0826111274763375,2.4273348439373361,0.87198329657505802
2024-10-16,2.0197126273359518,2.3838371780958982,0.86421031839191609
2024-10-17,2.1934182676395477,2.3849174779036866,0.72281218709323602
2024-10-18,2.2852848500295364,2.5394968896258847,0.83269051427696084
2024-10-21,2.2477453089223656,2.6050944654601751,0.94574823927715435
2024-10-22,2.2021316793404737,2.716595272866988,1.114720390489363
2024-10-23,2.2051710500427828,2.6474609064738108,1.0307610882894251
2024-10-24,2.1854496735061342,2.6071063725458066,0.99238862193922683
2024-10-25,2.2871496601218095,2.7431682489865876,1.0626127219581927
2024-10-28,2.3925235146254056,2.8837396208132771,1.1365294702165853
2024-10-29,2.3231332027193794,2.9379977965895581,1.2691452907026366
2024-10-30,2.2323296633512086,2.8232368558041512,1.1929189548656409
2024-10-31,2.108222551797196,2.5725653922987237,1.0017664682787899
2024-11-01,2.1347439860461996,2.5267054979171211,0.91087264963033143
2024-11-04,2.0347533191780003,2.3772312565778706,0.78283496466742908
2024-11-05,1.9899552040771449,2.3971750345523795,0.85275199819157343
2024-11-06,2.1651470156166996,2.5354930630377592,0.88062741522572097
2024-11-07,2.2055826854652709,2.5717618817999259,0.89547828827322962
2024-11-08,2.1998919938646813,2.6001279617349642,0.93899253687397166
2024-11-11,2.2000001563819502,2.6782524932569922,1.0399212858145919
2024-11-12,2.1416922696579888,2.5420807986873681,0.89733948437167255
2024-11-13,2.1912242976180791,2.5541966848725877,0.87034220183494038
2024-11-14,2.0520679537122195,2.3649667049077272,0.73779795132729342
2024-11-15,1.9342165986475992,2.227315253032943,0.67288534209610085
2024-11-18,1.9857131415963476,2.2487165444973423,0.65561370229533023
2024-11-19,1.9929445326550814,2.2835583526997567,0.6966814034076676
2024-11-20,2.0038640850455423,2.1813310325715696,0.55169254853262506
2024-11-21,2.0411926449982394,2.2587961052536909,0.62400558995474653
2024-11-22,2.0124547887811763,2.2740603779075763,0.6718688805294124
2024-11-25,2.0424430987494033,2.2521662631452699,0.6158488056236251
2024-11-26,2.0976421057729344,2.3416607961807059,0.69026064355904448
2024-11-27,2.0878432233735515,2.3093293131507715,0.65727128006486368
2024-11-29,2.0408409495942634,2.3638690865015417,0.77601723909637443
2024-12-02,1.9920392700286971,2.339161299650875,0.78490827730643209
2024-12-03,2.017341394382234,2.3004295010169198,0.71122521976055031
2024-12-04,2.1310147085678897,2.3818633306472079,0.72443725847480467
2024-12-05,2.17965804031651,2.3743451070568633,0.6739383733638773
2024-12-06,2.1264119166058002,2.4248336459447355,0.79090286972512369
2024-12-09,2.0935432102713341,2.3233381719807071,0.68472436939246517
2024-12-10,2.1166729467157368,2.2712016453042048,0.59653904162891302
2024-12-11,2.134471912860088,2.2869616310633427,0.60353126103386279
2024-12-12,2.1406017943084481,2.2311748311142239,0.52449806944332988
2024-12-13,2.1450615765719254,2.1085630983067216,0.34605408651365793
2024-12-16,2.1002518785835891,2.1110651552860538,0.39110422561619618
2024-12-17,2.1586421394040998,2.1340556130722299,0.37188165994260042
2024-12-18,2.1328023171308401,1.8207256417421027,0.037209247906752174
2024-12-19,2.1347182411789172,1.7231195460973534,-0.09050716406181683
2024-12-20,2.1058908962675571,1.9449008216797155,0.21593353445593239
2024-12-23,2.0603193685589614,1.9069348162283184,0.20452985057699594
2024-12-24,2.0387894109011713,1.9717691311868761,0.31298115286877604
2024-12-26,2.0150677132075647,1.9291362077045624,0.27717208200937782
2024-12-27,1.9958102599601877,1.837128443071073,0.18071826423514545
2024-12-30,1.9518010687258387,1.7198084557468203,0.07757521410574722
2024-12-31,1.9613367825719381,1.732618044401645,0.085700945576264509
2025-01-02,2.0867832269232038,1.7703776102138418,0.033917956151203195
2025-01-03,2.1527267902223328,1.9185356606103265,0.17432136358786476
2025-01-06,2.2009375189579465,1.990808019595159,0.22771140364258796
2025-01-07,2.1978235264424617,1.8915043255645012,0.11182912839283064
2025-01-08,2.1910429210344979,1.7703525923646086,-0.05005057672969436
2025-01-10,2.2684754097746138,1.6572558640148554,-0.23607426363041506
2025-01-13,2.2257390080916668,1.6590315661141437,-0.19979862167583662
2025-01-14,2.2157641987559162,1.6549832344887749,-0.19659339663231706
2025-01-15,2.1657754060519965,1.7807420448312989,0.027762702636944289
2025-01-16,2.2279062929994384,1.7811548062337816,-0.019285720443644436
2025-01-17,2.3581100323082405,1.9035086966517742,0.042254132623892701
2025-01-21,2.326143994637512,1.9187998739178145,0.090723429766124367
2025-01-22,2.3033948886277815,1.848420271822514,0.011273158246190556
2025-01-23,2.2413480949284965,1.8716104109542071,0.090573171747743791
2025-01-24,2.2297025925832172,1.8286756426981763,0.046249565160670539
2025-01-27,1.9443961763595763,1.7018668517106834,0.10165340782247068
2025-01-28,1.9278795694132256,1.7218124595290021,0.14314254888814901
2025-01-29,1.9764566823673611,1.7181975365659199,0.099526859657311062
2025-01-30,2.0070455269768899,1.6949424243074962,0.042693745911621575
2025-01-31,2.0332861205843669,1.605141512656576,-0.081961301367309586
2025-02-03,1.9776536462338605,1.7658819679922846,0.14090244465031837
2025-02-04,1.853264575992418,1.6707762387011356,0.10819727626766824
2025-02-05,1.7998289780777059,1.6476027190259626,0.11738165703959884
2025-02-06,1.8335030739338865,1.6934247535311426,0.14677429324029526
2025-02-07,1.8015917798414167,1.590831840313514,0.050345659059415127
2025-02-10,1.7886704252417591,1.5757543099109428,0.041151165061105881
2025-02-11,1.7724486424108539,1.5894701460702321,0.071020835479317951
2025-02-12,1.7510140697897569,1.5358139640137112,0.01991854453304304
2025-02-13,1.7061491802939757,1.6021696372114125,0.13985553003212414
2025-02-14,1.8955632002962288,1.7230834698279347,0.14568095489665173
2025-02-18,1.8509400024417288,1.6826627459175827,0.12967963790172476
2025-02-19,1.8289444489963487,1.6345527174105281,0.085540486372727959
2025-02-20,1.8190388873085153,1.6502094871323079,0.11126452683388557
2025-02-21,1.8640882802316749,1.549364301674452,-0.030259672103299651
2025-02-24,1.9297618675960859,1.5124264094011812,-0.12426087040320395
2025-02-25,1.7373187645896384,1.3393626784671999,-0.19047541129250387
2025-02-26,1.7107973527651827,1.3018528345218152,-0.21364096542870112
2025-02-27,1.7781871380837517,1.2054058448720182,-0.36758894098079431
2025-02-28,1.7863222667573879,1.3078951620029047,-0.23764729487797909
2025-03-03,1.8188128063006193,1.1923483170205849,-0.38522022392904182
2025-03-04,1.7581410212852924,1.096085726611258,-0.45111986405748822
2025-03-05,1.7419309957402671,1.045312352089893,-0.50360925738495577
2025-03-06,1.7511425671621306,0.94805505671739654,-0.61673940877201483
2025-03-07,1.8039593754793866,1.0332308098035721,-0.55621886523868247
2025-03-10,1.6790401872626928,0.75857187386766955,-0.75074648269408795
2025-03-11,1.669003719811901,0.67427194707898197,-0.84331977845185102
2025-03-12,1.662002729621709,0.75955432235650155,-0.73841229814396203
2025-03-13,1.5952569487857995,0.67127889415717779,-0.79632935754421386
2025-03-14,1.5614823277377103,0.69973150276530138,-0.7304278178048863
2025-03-17,1.5007702429599934,0.77580982547714117,-0.59235997913227656
2025-03-18,1.4528560262683596,0.71183075387506312,-0.63064160763851462
2025-03-19,1.5998901412541926,0.88516161503051694,-0.51671336241714982
2025-03-20,1.4938261882601165,0.80082370347644494,-0.53705455064390029
2025-03-21,1.4507258881704996,0.75071671296778375,-0.56930713373487363
2025-03-24,1.5191633471198087,0.79506048370561455,-0.56329628624833272
2025-03-25,1.4446005573180463,0.79857562168469931,-0.50470946558992047
2025-03-26,1.4265769683174163,0.6999310717946744,-0.60051051088620866
2025-03-27,1.4806278627882088,0.70679637040900434,-0.62893565833410381
2025-03-28,1.4436151000509674,0.55051506793320737,-0.76610528981334958
2025-03-31,1.339062217827605,0.52726605922270142,-0.71998805225113405
2025-04-01,1.3505741681266386,0.59043675092008863,-0.65092033149879636
2025-04-02,1.2825898039414501,0.37339459870734931,-0.83046490877367074
2025-04-03,1.4553878416232056,0.30648265456526186,-1.0027240644329241
2025-04-04,1.4568237952893384,-0.10190065586209401,-1.3556099560738879
2025-04-07,0.80764035369488707,0.030734838421397015,-0.81498775463936968
2025-04-08,0.7923008591798737,-0.27551147575744622,-1.1072089445905444
2025-04-09,0.77763684612208128,0.35940594186680852,-0.25418776952183131
2025-04-10,0.61248312646136205,0.12394446104087514,-0.41683146763740808
2025-04-11,0.81407675808251168,0.29115542524208454,-0.32937794188361774
2025-04-14,0.89619789109590942,0.27787032765333497,-0.38392671342940249
2025-04-15,1.0293436153643756,0.31686529772051447,-0.40333386341623206
2025-04-16,0.85723979177677156,0.30773737109161159,-0.33535686072288562
2025-04-17,0.96059631424203273,0.32796016073094497,-0.36442385922310055
2025-04-21,0.80755093518928245,0.25078464407479567,-0.37489863596538092
2025-04-22,0.83272254099949028,0.45247460687326962,-0.16109666668201766
2025-04-23,0.83750911376150805,0.49637335766669333,-0.11704575077054401
2025-04-24,0.69729325074383175,0.5555556533672259,0.014452181743150943
2025-04-25,0.67141182035364977,0.52363238310027493,-0.0078763476118638015
2025-04-28,0.60292194474888317,0.5248068904262787,0.024617825646768243
2025-04-29,0.7850656486669233,0.56034854614096818,-0.018654072237025931
2025-04-30,0.72774485256650867,0.56940508224904396,0.018065995419534648
2025-05-01,0.70318413756625309,0.53356483158636703,-0.0084769717696189691
2025-05-02,0.8132702652521403,0.69612634373207272,0.11316811024137287
2025-05-05,0.76540168245287654,0.67690569039269888,0.11426205741507713
2025-05-06,0.63108027106692888,0.63678386558103439,0.13309323407254542
2025-05-07,0.48224422689386781,0.55594279989516127,0.11630816195157237
2025-05-08,0.33315462492079273,0.53462826094951066,0.16050821207997923
2025-05-09,0.33271976552815663,0.53512682045883231,0.16123245294102706
2025-05-12,0.49568537763342518,0.67650481498776105,0.2407319913010886
2025-05-13,0.46323429974370273,0.69060613274203342,0.27045549031721089
2025-05-14,0.43236515566368761,0.67535365607578413,0.26835830949022882
2025-05-15,0.37043692030952508,0.70796950013180593,0.33112645829971515
2025-05-16,0.38437939528033266,0.66977983878863312,0.28429540149241617
2025-05-19,0.32869392636702233,0.66982533647623621,0.30950204994335523
2025-05-20,0.28618053871904431,0.65357024455304513,0.31152903978037055
2025-05-21,0.24290188101854163,0.56904587846231813,0.24253433198544322
2025-05-22,0.25767290987489477,0.56345720654562526,0.22994090924591171
2025-05-23,0.29615666940093927,0.51710802015625246,0.16368484024656058
2025-05-27,0.4290310477677608,0.63079920281076918,0.22552858724029878
2025-05-28,0.33738426002834454,0.70917653813416204,0.35073515411137196
2025-05-29,0.29704123067533833,0.60730018154333443,0.2613111894090257
2025-05-30,0.29911669211463476,0.60640047104069172,0.25941419475040212
2025-06-02,0.35802198488911074,0.66548923845427843,0.29590310457818642
2025-06-03,0.36769826456968741,0.73655421648968333,0.36696463831101478
2025-06-04,0.35952350797191557,0.68667326507257698,0.3173450305145859
2025-06-05,0.34352143853353945,0.66113810239175486,0.29755647604760288
2025-06-06,0.40881440910314837,0.71075240333510403,0.32162629411165528
2025-06-09,0.35252571663252935,0.65582286458816264,0.28797486078421586
2025-06-10,0.34495488070182989,0.67840007316168971,0.31538355812291435
2025-06-11,0.35100931027673721,0.66649011800655333,0.30012915648509414
2025-06-12,0.33418819669643463,0.64926923599242714,0.28931316816750241
2025-06-13,0.29420703141658128,0.61588951211939613,0.27170880736248071
2025-06-16,0.24955198233582643,0.58844360573599286,0.26257827784560062
2025-06-17,0.21439418209820618,0.55658943953088713,0.24461888875051097
2025-06-18,0.30133817727867973,0.56244636352137722,0.21194032282968789
2025-06-20,0.27646807841498949,0.50845815263217709,0.16551990093522906
2025-06-23,0.25424572059454476,0.56006335202125812,0.23085346780058755
2025-06-24,0.26714971642795998,0.60227937728911918,0.26995632962210453
2025-06-25,0.32152329646877681,0.62488059025116049,0.26968213452671086
2025-06-26,0.33715376664700442,0.67977574096620996,0.32113424336888391
2025-06-27,0.33959855793313726,0.67179650724488593,0.31152870445929109
2025-06-30,0.43526818529639255,0.69898022106918334,0.29764628445947955
2025-07-01,0.42559481923326842,0.69312240633846578,0.29573116113169634
2025-07-02,0.41948554523995552,0.73296784163681938,0.34075579788124483
2025-07-03,0.4010916147373822,0.75669788100960145,0.37439998931089724
2025-07-07,0.40571242621470704,0.68565581559022271,0.29724010262027228
2025-07-08,0.43475507034546063,0.66638168473810411,0.2636902060311061
2025-07-09,0.43220462082294842,0.66517937326161181,0.26353884162412816
2025-07-10,0.39945106883797243,0.67977984031131389,0.29372192044912093
2025-07-11,0.31362507520280114,0.64982434978822112,0.30021450106608466
2025-07-14,0.258374272425347,0.6113012752358562,0.28361009047297314
2025-07-15,0.30177604356355853,0.62939091727694085,0.28300055281455433
2025-07-16,0.29370025322266519,0.61582611839874479,0.27212094523818842
2025-07-17,0.27469660715807376,0.64475955845639688,0.31169701500565916
2025-07-18,0.24827228260003703,0.61029288999062636,0.2868455846347302
2025-07-21,0.39530387790241051,0.68816381754963041,0.30346311222168804
2025-07-22,0.34940741493896793,0.73680971035385345,0.37525403428777732
2025-07-23,0.35385177611277613,0.80066262489669227,0.44083467046666114
2025-07-24,0.25806998253566482,0.75773784590370463,0.4376167298263568
2025-07-25,0.25255545942112567,0.78061947232161888,0.46426356140675751
2025-07-28,0.3889038954858971,0.89502917918773861,0.52171784398089238
2025-07-29,0.40552277192731484,0.90577207350830236,0.52552044494911077
2025-07-30,0.33438493664975688,0.87911563787073477,0.52851979454589371
2025-07-31,0.33143134964676241,0.81476090833119441,0.46255122321031916
2025-08-01,0.27041857215352461,0.76154767684917557,0.43464107769515414
2025-08-04,0.176314510313613,0.76493242012345719,0.47961559285479816
2025-08-05,0.13582903841274546,0.79998978052076386,0.53408313801627161
2025-08-06,0.37064996603261147,0.94263912513725334,0.58081907617729545
2025-08-07,0.98879178002376888,1.0935148748088783,0.51065061214942475
2025-08-08,0.94721731989343272,1.0895127066453911,0.52227122097600998
2025-08-11,0.78047749155149171,1.1008108890273165,0.60203200466123674
2025-08-12,0.66809743186165715,1.0485610685739544,0.5879131309933473
2025-08-13,0.70065095408272848,1.0396545265443873,0.56662632774416344
2025-08-14,0.66589108175839129,1.0404316362658286,0.58049515315863698
2025-08-15,0.61853960558091503,0.94708927891144112,0.4996340072644348
2025-08-18,0.59234978779903835,0.93399597089601083,0.49575323585199771
2025-08-19,0.43064145191137704,0.81791785967241182,0.43504419905672492
2025-08-20,0.42856982162741963,0.7956896606186965,0.41288524277029265
2025-08-21,0.42260019556723394,0.73929447903716472,0.35628820696389707
2025-08-22,0.42200990274200412,0.81535534283011624,0.43600765138546754
2025-08-25,0.37165990588163289,0.77905226374549585,0.41701560674393279
2025-08-26,0.28783152553561125,0.83942550505388747,0.51032321194322405
2025-08-27,0.20085999279881742,0.78076508836671399,0.48110179270519426
2025-08-28,0.23496793806286229,0.82193645581094599,0.51133609459689866
2025-08-29,0.25111233371060981,0.78638700153403307,0.46885705724160931
2025-09-02,0.16777377526123918,0.78618253734659749,0.49927779310590592
2025-09-03,0.13492889297715713,0.80270191073129959,0.52867655505883149
2025-09-04,0.098049325453277505,0.80224263130140017,0.54168011021025664
2025-09-05,0.19755581449532744,0.88221054006319743,0.58534905836811213
2025-09-08,0.29499387876749705,0.91695821967789737,0.58547877547980021
2025-09-09,0.30946244376038146,0.94406974816352818,0.60814919216938046
2025-09-10,0.32316454874014916,1.0458057035266286,0.70708477329630892
2025-09-11,0.22052031635411312,1.0273132161983345,0.72532833117795781
2025-09-12,0.15968158839896146,1.0024037135489394,0.72189580791327046
2025-09-15,0.18877102000995941,0.97814280559157663,0.68603457566405102
2025-09-16,0.19636516656338951,0.93349728469090898,0.63680859949609514
2025-09-17,0.17903238072098274,0.9165367884604082,0.62556115550212488
2025-09-18,0.22024360094776355,0.92365094686835747,0.61776505039450202
2025-09-19,0.10175568867691227,0.92204876688797477,0.65974973333261
2025-09-22,0.051002838259496676,0.96144187385731172,0.71900818469761463
2025-09-23,-0.19864250340482598,0.85447919869412947,0.69553677660649071
2025-09-24,-0.11823811732868875,0.86479594910239033,0.67691718797127143
2025-09-25,-0.15628540110397615,0.82223729662658962,0.64681032906921132
2025-09-26,-0.1873811793914423,0.84028437720330784,0.67640992012492229
2025-09-29,-0.12908059181855486,0.86066892879713475,0.67664531430832942
2025-09-30,-0.26833828588610203,0.85112496639035162,0.71580260004708851
2025-10-01,-0.37100761681793709,0.88559291540570451,0.78755639504770525
2025-10-02,-0.32318627419288287,0.8742539659521924,0.75900815507384867
2025-10-03,-0.27841337828735291,0.92129033925044301,0.79119800654089811
2025-10-06,-0.2311876219062487,0.92758686016109393,0.78087436022259782
2025-10-07,-0.18880259484449657,0.92298344354870665,0.76093883325937184
2025-10-08,-0.2794000674713818,0.91463000754147494,0.78336043627912388
2025-10-09,-0.25097481877156275,0.94761478620186701,0.80659787844891262
2025-10-10,-0.31986879612819324,0.74315660910798764,0.62165416045779243
2025-10-13,-0.1063137033663062,0.78723451797228161,0.59554248508006713
2025-10-14,-0.13388210045045534,0.7953666347747298,0.61369897137002027
2025-10-15,-0.077617594486488153,0.7846300973002347,0.58271163174594098
2025-10-16,-0.079849256521472123,0.69742204254884521,0.49360298439715666
2025-10-17,-0.13276668706097772,0.78380992591501741,0.60089749830512584
2025-10-20,-0.11722737442435724,0.80990845181879501,0.62238742220437682
2025-10-21,-0.21594669375184297,0.8041220726924112,0.65150123280278105
2025-10-22,-0.24385516652390346,0.75332339441408336,0.60910665893669813
2025-10-23,-0.18073396146100232,0.80192948195550151,0.63696875595291325
2025-10-24,-0.097773185059935583,0.84108017154570347,0.6478751331983037
2025-10-27,0.06708058692652083,0.94688135660863015,0.69871051918379268
2025-10-28,0.0031762138293047692,0.94837205062426777,0.72291701028160626
2025-10-29,-0.01761957679422255,0.94609816799705349,0.72801042120209247
2025-10-30,-0.092934406847077516,0.91435186878977071,0.72193671744061227
2025-10-31,-0.055504150495472582,0.8862753610840145,0.67987599827676126
2025-11-03,-0.0033251071034920503,0.90246663630453761,0.67795606155748855
2025-11-04,-0.0062521787787851906,0.93245369345804707,0.70875046389281604
2025-11-05,-0.030520557186208313,0.94771834249429709,0.7331843202719287
2025-11-06,-0.042166988300657737,0.91830017194175939,0.70734575758878693
2025-11-07,-0.085534515761404278,0.86282972819400527,0.66520663788680678
2025-11-10,-0.34502801544168221,0.81206552557974776,0.69436579307335633
2025-11-11,-0.41520551169391323,0.7860194988312863,0.69092214362080417
2025-11-12,-0.37204845680350912,0.7553315240451246,0.64508433093199624
2025-11-13,-0.39295526428358341,0.67913900154243856,0.57444530100447289
2025-11-14,-0.43402901351492801,0.70026792157939488,0.60984493524007266
2025-11-17,-0.38222634835969832,0.63694104589898337,0.52790236535694157
2025-11-18,-0.41578114827217177,0.6287099664319814,0.5310371613001803
2025-11-19,-0.31895707912236504,0.76846495683105465,0.63957219885382033
2025-11-20,-0.34768081789594746,0.62823960536621215,0.50705538571493969
2025-11-21,-0.35138543923086268,0.64311897863256773,0.52343285058287314
2025-11-24,-0.30118187463880874,0.73373884105181664,0.59963175084733733
2025-11-25,-0.33909175657838064,0.74565949689173017,0.6241206044272426
2025-11-26,-0.3324602023238345,0.74904369727212472,0.62542632143397803
2025-11-28,-0.35517393184716201,0.78170722984822916,0.66617697913481855
2025-12-01,-0.48234936815599588,0.70879753796059441,0.63441350537323238
2025-12-02,-0.44863124939647492,0.73970473407289061,0.65454403551020279
2025-12-03,-0.44408525969901358,0.71779625206027076,0.63073883131939101
2025-12-04,-0.41165198771826894,0.72221620411807064,0.62443812434137036
2025-12-05,-0.40926084241940686,0.72633920705624089,0.62784442513009042
2025-12-08,-0.40784444759682148,0.69514230569103275,0.59564070201733144
2025-12-09,-0.42158017392060609,0.68469323324322307,0.58960904913651735
2025-12-10,-0.39882686615197421,0.69849576094664001,0.5962154815328703
2025-12-11,-0.47996936619027386,0.74250658687112869,0.66786592507892995
2025-12-12,-0.4782337445499919,0.70468397342087685,0.62895041517669081
2025-12-15,-0.43200530243091817,0.65793001597361178,0.56618755327173875
2025-12-16,-0.47153512152764476,0.65613677478453092,0.57768688706819926
2025-12-17,-0.44912858245152226,0.63291487684542158,0.54667918367663493
2025-12-18,-0.45117075960946018,0.64171917961959213,0.55629925402062497
2025-12-19,-0.43420196521599536,0.69339353267904358,0.60306691992996764
2025-12-22,-0.4531775254344298,0.8599700851681551,0.77811945372244407
2025-12-23,-0.47817596003419766,0.90904141203456756,0.83638419515291795
2025-12-24,-0.42370886135808677,0.8578474197880257,0.76657684131428561
2025-12-26,-0.4505370671537493,0.83921589818495723,0.75641579660665403
2025-12-29,-0.45832501344358678,0.76739042715224937,0.68580930032362364
2025-12-30,-0.43024536195150376,0.76225683521160748,0.67111870976674226
2025-12-31,-0.41680237567738537,0.78319844925857618,0.68764005783262561
2026-01-02,-0.3456680405308597,0.85350231145336553,0.73444844742958193
2026-01-05,-0.32231444886641591,0.89223031371282413,0.76616793174632547
2026-01-06,-0.37626736309861747,0.93172998065468315,0.82440033490825237
2026-01-07,-0.40882260277367527,0.86550368785594922,0.7680699981967759
2026-01-08,-0.48364179507997085,0.83144999253111496,0.75837687955158217
2026-01-09,-0.48760617430903003,0.91975302990167551,0.84937602368809206
2026-01-12,-0.6106244874923229,0.92656212424517381,0.89897381265297838
2026-01-13,-0.59952298366950396,0.99893561868148029,0.96862319051167134
2026-01-14,-0.5788997484013314,0.93951373650967429,0.90161255647810945
2026-01-15,-0.56431701996855677,0.96899507019518816,0.92690128595932364
2026-01-16,-0.52877506126271834,0.86655443305119695,0.81076751745324693
2026-01-20,-0.76958800223073998,0.78821559468262026,0.82375941977642264
2026-01-21,-0.7939839217523067,0.7963591332607759,0.84019023545657301
2026-01-22,-0.78458747614148749,0.75906257845869129,0.79882081271495753
2026-01-23,-0.77033401172220073,0.73670570280330405,0.77095901776159248
2026-01-26,-0.73237176028147533,0.74674220641253952,0.76806493531553088
2026-01-27,-0.70407462259560771,0.7895654799874321,0.80219110108816716
2026-01-28,-0.49793522238977467,0.84215887728515981,0.77748390386875421
2026-01-29,-0.4924468560321093,0.78711671358382795,0.71903225724983599
2026-01-30,-0.57988141927763392,0.77968008862078719,0.74163862192377061
2026-02-02,-0.70268744231308544,0.80306217965651505,0.80689674978874593
2026-02-03,-0.71210726280537473,0.800781985704348,0.80791111823596229
2026-02-04,-0.56303893465016019,0.78214605110600754,0.73693029882077044
2026-02-05,-0.51385429396858107,0.67632895039150942,0.61280077328066052
2026-02-06,-0.38510638211627257,0.7591028048294387,0.65636202770843344
2026-02-09,-0.40043496130433015,0.77105079282087541,0.67373971075747319
2026-02-10,-0.37631262610140281,0.81914473392429288,0.71461648199248806
2026-02-11,-0.43791968619472305,0.77945689263121976,0.6943725872815496
2026-02-12,-0.38812282422346372,0.68093180656855001,0.57689344126120856
2026-02-13,-0.36628851941587748,0.6890453460873317,0.57784673106417406
2026-02-17,-0.3196116270769811,0.65405900221280266,0.52646949416074984
2026-02-18,-0.23547126312347719,0.68260814223699751,0.52805347006244385
2026-02-19,-0.25740666036289933,0.66146024141690984,0.5137266790320113
2026-02-20,-0.2268519270336162,0.68877523578711086,0.53154318050990823
2026-02-23,-0.26823729183268513,0.65700599341222121,0.51354134739672797
2026-02-24,-0.273726525554153,0.77684936092476697,0.63762211700062466
2026-02-25,-0.30325252517118811,0.82546122978698921,0.69751891555911472
2026-02-26,-0.24349732872534602,0.79942628243748448,0.65047962633406231
2026-02-27,-0.23562386298243568,0.80028842472370498,0.64869060730530725
2026-03-02,-0.46730410228803637,0.88159609226420343,0.81184954450445701
2026-03-03,-0.63853527006095478,0.76857596136758766,0.7566003968299172
2026-03-04,-0.65967798214088136,0.89832861433738664,0.896546710803103
2026-03-05,-0.71192795379999663,0.90605920087004388,0.92348608073836336
2026-03-06,-0.72123884441489461,0.81124820047457624,0.82933839187532532
2026-03-09,-0.88646987815444411,0.90758305079763468,0.98797287779812148
2026-03-10,-0.81607636471278056,0.92383055498391797,0.98066827163631354
2026-03-11,-0.76946083027589796,1.0239479314574309,1.0646904464843809
2026-03-12,-0.82190302138813165,0.99462390158452385,1.0525419902229649
2026-03-13,-0.86734411800357214,0.94240112247832852,1.0156610003763116
2026-03-16,-0.74536723142628281,1.0483776752840266,1.0779600207444455
2026-03-17,-0.80846737923410716,0.98694712499784321,1.0373044020665725
2026-03-18,-0.67754152511063825,0.87095335424170039,0.87271214480285086
2026-03-19,-0.6610843998550151,0.92525260691988709,0.92171097307585181
2026-03-20,-0.7259352480839375,0.79795071245714533,0.81552405994811572
2026-03-23,-0.92194176795331861,0.85179731408525639,0.94415961928027725
2026-03-24,-0.89232567771194238,0.86406984742073334,0.94537277272010778
2026-03-25,-0.96412223698892807,0.77068225082287078,0.87439582326057641
2026-03-26,-0.98300711681291619,0.69187821883042666,0.80190097242286473
2026-03-27,-0.96460307450726557,0.64657340277192732,0.74882485878109573
2026-03-30,-0.894194189819003,0.6366819279737852,0.71456447443821058
2026-03-31,-0.69362031634301968,0.91320563618726491,0.93317028819558767
2026-04-01,-0.61744353916639905,0.90653218349070075,0.89912718356565446
2026-04-02,-0.76778310034398767,0.87323695242619614,0.92161120508155259
2026-04-06,-0.71317136878742693,1.0520360541321092,1.0809149069470039
2026-04-07,-0.82730139712537376,1.2475008168284967,1.321474882797234
2026-04-08,-0.7773034490236973,1.6189332545095407,1.6792815118605746
2026-04-09,-0.32558374893108888,1.6130050848864106,1.5171435121948817
2026-04-10,-0.3335274212638209,1.8595001301379408,1.7791738981487171
2026-04-13,-0.45487715378162497,1.6245913857772738,1.5826691385001983
2026-04-14,-0.28023920654509726,2.0924011677942271,1.9633958405224259
2026-04-15,-0.37924279137090627,2.0109546490203769,1.9102674446522718
2026-04-16,-0.55674261968872241,1.9926904857518568,1.9694770081372959
2026-04-17,-0.62027442633326801,2.1202801461212952,2.1363860332468008
2026-04-20,-0.60751012531099613,2.2230713154474966,2.2293891334532172
2026-04-21,-0.79367835391308283,2.1808968856505961,2.2679816567653326
2026-04-22,-0.62394973467753079,2.396515457150135,2.3994933932827447
2026-04-23,-0.75691883314138231,2.1852855689783355,2.2186949911458194
2026-04-24,-0.76434854714362543,2.2307374724551745,2.2689311969685857
2026-04-27,-0.65366343276480365,2.1156350061113223,2.1197186083153263
2026-04-28,-0.73067561842285778,2.0336001700579591,2.0705451183973254
2026-04-29,-0.66497839922853419,2.0488286043604833,2.0556158132988691
2026-04-30,-0.77347960959108386,2.0855448187057442,2.1397953665170499
2026-05-01,-0.7710517787742095,2.0060926812128237,2.0553194286215759
2026-05-04,-0.75166126928901378,2.0113832142944545,2.051465511759416
2026-05-05,-0.82355632399698231,1.9797939629502086,2.0425220971831171
2026-05-06,-0.76570021168907243,2.1041623765427286,2.1381749059341177
2026-05-07,-0.66050325969566148,2.0790041235609711,2.0635439266558877
2026-05-08,-0.59690365719901728,2.1770881948620948,2.1377024930543951
2026-05-11,-0.49156634744062561,2.1482876496588577,2.0661936152281055
2026-05-12,-0.56499492633601589,2.1104204675605098,2.0611844559355847
2026-05-13,-0.70924827717206873,1.9963950546523497,1.9739157674669117
2026-05-14,-0.66718886168400604,1.9732801659638504,1.9335437676534675
2026-05-15,-0.75493434844918894,1.8665493714661943,1.8705533679829425
2026-05-18,-0.77301756418419354,1.83074334184209,1.8428054264158424
2026-05-19,-0.80042089822892926,1.8051666754878022,1.8292650539900375
2026-05-20,-0.79766013074405995,1.7572505572698582,1.7788392546338547
2026-05-21,-0.71304896432938836,1.8610953857546013,1.846555646906795
2026-05-22,-0.61795098247861135,1.9967185071684064,1.9367440402413025
2026-05-26,-0.51845178706164907,2.068070415910841,1.9719001159642038
2026-05-27,-0.48707190996955174,2.1195864464420531,2.0115107187011123
2026-05-28,-0.72239775470912893,2.0286392519171601,1.9975880122638585
2026-05-29,-0.67274420156055181,1.9662862306841049,1.9135943687381853
2026-06-01,-0.6145129976454593,2.1072435385974506,2.0315273121505339
2026-06-02,-0.64341018341639367,2.1352003293445874,2.0736144858122736
2026-06-03,-0.60957870596417807,1.9858964636068352,1.9081128791625204
2026-06-04,-0.5417654069612412,1.9653013137270559,1.8588745506219753
2026-06-05,-0.59774750618610573,1.7320536929243469,1.6506463440912114
2026-06-08,-0.53235347801429433,1.8041738950981308,1.6985085922763457
2026-06-09,-0.53121309590869026,1.6845998480252193,1.5695413420730133
2026-06-10,-0.52841686804801002,1.5284179032937699,1.4089157297941275
2026-06-11,-0.34136674962401026,1.6477263162970743,1.4684696569240121
2026-06-12,-0.39256485761095039,1.7077282899068023,1.5516671879564916
2026-06-15,-0.15171353057779052,1.8195787974231978,1.5711189427408565
2026-06-16,-0.02909832144004253,1.8222257689562542,1.5162102332040892
2026-06-17,-0.089217711280515685,1.7477622412643234,1.4654413395720847
2026-06-18,-0.082351694796971922,1.7982585736594197,1.5148205385411346
2026-06-22,-0.20131614863846667,1.7491435357204976,1.5184377889403384
2026-06-23,-0.36323039770506305,1.6783706093001562,1.5288210867567931
2026-06-24,-0.30972825863388437,1.605234367314595,1.4294047204017482
2026-06-25,-0.31728681359183863,1.5105583504717046,1.3312114739352796
2026-06-26,-0.31861242787559174,1.4936238900239016,1.3141492153499772
2026-06-29,-0.22057892773542045,1.5263633851379228,1.3084009208454019
2026-06-30,-0.23531253927648521,1.5650006357066073,1.3566814826150413
2026-07-01,-0.38831166566894298,1.4987763768410096,1.3558347048176747
2026-07-02,-0.36153323129189979,1.5042878420592598,1.3492174091030904
2026-07-06,-0.33533609042257773,1.5207995395223648,1.3553008030785159
2026-07-07,-0.38140961397240541,1.4205955092626426,1.2717936653786419
2026-07-08,-0.32455874119895189,1.4767161515017277,1.3024175193552372
2026-07-09,-0.31700306626168928,1.5337109761053418,1.3603445146821462
2026-07-10,-0.35459427427446805,1.5262536166207565,1.3691625162198602
2026-07-13,-0.39357380271002351,1.4228608564219523,1.2818475647004526
2026-07-14,-0.3017803586093819,1.5135094765774668,1.3322575086407273
2026-07-15,-0.24744909748731234,1.5162567812788661,1.3104875646428624
2026-07-16,-0.35054031385445594,1.4958747519210576,1.3397091230992024
2026-07-17,-0.44927467672037102,1.3990525287583726,1.2860689887621262
2026-07-20,-0.44649891392492019,1.330336270028003,1.2108365160854817
2026-07-21,-0.37757478969362535,1.3990069876799374,1.2535673104058285
2026-07-22,-0.43720621465576542,1.3706851398557234,1.2513879099272718
2026-07-23,-0.45717375078469003,1.2681352823274725,1.1544050771085292
2026-07-24,-0.43151703555780979,1.2180980981710978,1.0895227462013577
2026-07-27,-0.27872342735096828,1.2109277022102283,1.0109153522656944
2026-07-28,-0.31040324858344998,1.2341517015801555,1.0494649761949608
2026-07-29,-0.36607651022036514,1.1133133191049487,0.94918495115400259
2026-07-30,-0.434105242220578,1.2419293504725788,1.1148406713068297
2026-07-31,-0.41000241645263835,1.2101113829748105,1.07009195341545
2026-08-03,-0.31714048348895091,1.4381533028845563,1.2800416633384624
2026-08-04,-0.25473849902894175,1.6931786066812793,1.5200028214261865
2026-08-05,-0.31137221378670427,1.5624846007877848,1.4011865647350354
2026-08-06,-0.3116498687345432,1.5982266364466655,1.438812558831539
2026-08-07,-0.43468333267306608,1.5674972278523436,1.4583612107126069
2026-08-10,-0.44665052439797243,1.5610736373807681,1.45709703700287
2026-08-11,-0.44165263675542066,1.4868586324902255,1.3762123675013511
2026-08-12,-0.41331201591804334,1.5345871495814711,1.4130058340766536
2026-08-13,-0.42636128400140627,1.5076711661921169,1.389733450256047
2026-08-14,-0.44042897237614059,1.4672790732491283,1.3536482121092936
2026-08-17,-0.4079819700344548,1.4288488428718815,1.2976765782752981
2026-08-18,-0.52886292554504644,1.3940878714226683,1.3203551050744129
2026-08-19,-0.50277765970563737,1.4191348307468075,1.3349583981753226
2026-08-20,-0.49966869102766975,1.3982868259779055,1.3116920756245436
2026-08-21,-0.40526420921459322,1.4551523433717892,1.3282293196329076
2026-08-24,-0.47719687076123096,1.4360081780758198,1.3428239523399774
2026-08-25,-0.434104619404661,1.3502401141593452,1.2330929497799783
2026-08-26,-0.39650178692574661,1.4347522996997091,1.304609206425579
2026-08-27,-0.37966362591854447,1.3948338976393524,1.2554902823280119
2026-08-28,-0.34286706829910274,1.4007222783565085,1.2443479455576989
2026-08-31,-0.43062161354541156,1.3386521641948046,1.2181350104823752
2026-09-01,-0.43530541332591305,1.3259528571494474,1.2072033723528803
2026-09-02,-0.3439698798578153,1.4054002355605533,1.2456526394135128
2026-09-03,-0.36971620488632106,1.448943220583959,1.3031708336575492
2026-09-04,-0.37441018498539597,1.3478560209978578,1.1971724303010618
2026-09-08,-0.43877169788738674,1.3489682764334228,1.2294692272943801
2026-09-09,-0.46893441221014859,1.2893892398214166,1.1790327289406033
2026-09-10,-0.46401136715166502,1.2091668691575093,1.0916484255321655
2026-09-11,-0.43525286330450441,1.2552279342715071,1.1286405344854826
2026-09-14,-0.54901007442485872,1.167604058741919,1.0905665262652418
2026-09-15,-0.5834988208211086,1.1431138739734721,1.081453665947425
2026-09-16,-0.60013244829556311,1.0957505029939913,1.0385174842783171
2026-09-17,-0.5777953933805462,1.1460535854355092,1.0824193737563492
2026-09-18,-0.55021594353262948,1.1414257267542722,1.0648726249973552
2026-09-21,-0.56970082057016902,1.2204368794650249,1.1580366336405987
2026-09-22,-0.49161750293751549,1.2188783644672256,1.1202030901331919
2026-09-23,-0.43694910846676416,1.1181842211085735,0.9890860984305867
2026-09-24,-0.49515299459987278,1.1405158059645155,1.0398517491351873
2026-09-25,-0.437866969152926,1.2197976696161408,1.0989580068285694
2026-09-28,-0.49922194170030942,1.2020705916700818,1.11062644200123
2026-09-29,-0.49794869949681531,1.1572225029499139,1.0627747893841266
2026-09-30,-0.55407710486504169,1.138388503482431,1.0682641018450478
2026-10-01,-0.54409354412084354,1.1151310110836896,1.0392750360464429
