side,entry_time,entry_px,exit_time,exit_px,gross,net,exit_reason
long,2011-01-04 16:00,126.98,2011-01-05 09:30,126.58,-0.0031501023783273574,-0.0033501023783273575,next_open
long,2011-01-05 16:00,127.64,2011-01-06 09:30,127.69,0.00039172673143217374,0.00019172673143217373,next_open
long,2011-01-06 16:00,127.39,2011-01-07 09:30,127.56,0.0013344846534264487,0.0011344846534264486,next_open
long,2011-01-07 16:00,127.14,2011-01-10 09:30,126.58,-0.0044045933616485566,-0.0046045933616485563,next_open
long,2011-01-10 16:00,126.98,2011-01-11 09:30,127.44,0.0036226177350764388,0.0034226177350764387,next_open
long,2011-01-11 16:00,127.43000000000001,2011-01-12 09:30,128.21000000000001,0.0061210076120223889,0.0059210076120223892,next_open
long,2011-01-12 16:00,128.58000000000001,2011-01-13 09:30,128.63,0.0003888629646910946,0.00018886296469109459,next_open
long,2011-01-13 16:00,128.37,2011-01-14 09:30,128.19,-0.0014021967749474618,-0.0016021967749474618,next_open
long,2011-01-14 16:00,129.30000000000001,2011-01-18 09:30,129.18000000000001,-0.00092807424593965848,-0.0011280742459396586,next_open
long,2011-01-18 16:00,129.52000000000001,2011-01-19 09:30,129.41,-0.00084928968499087265,-0.0010492896849908727,next_open
long,2011-01-19 16:00,128.25,2011-01-20 09:30,127.95999999999999,-0.002261208576998075,-0.0024612085769980751,next_open
long,2011-01-20 16:00,128.08000000000001,2011-01-21 09:30,128.88,0.0062460961898811451,0.0060460961898811455,next_open
long,2011-01-21 16:00,128.37,2011-01-24 09:30,128.28999999999999,-0.00062319856664339035,-0.00082319856664339033,next_open
long,2011-01-24 16:00,129.09999999999999,2011-01-25 09:30,128.75999999999999,-0.0026336173508908489,-0.002833617350890849,next_open
long,2011-01-25 16:00,129.16999999999999,2011-01-26 09:30,129.49000000000001,0.0024773554230859141,0.002277355423085914,next_open
long,2011-01-26 16:00,129.66999999999999,2011-01-27 09:30,129.69999999999999,0.00023135652039796284,3.135652039796283e-05,next_open
long,2011-01-27 16:00,129.99000000000001,2011-01-28 09:30,130.13999999999999,0.0011539349180704761,0.00095393491807047612,next_open
long,2011-01-28 16:00,127.72,2011-01-31 09:30,128.06999999999999,0.0027403695584089505,0.0025403695584089504,next_open
long,2011-01-31 16:00,128.68000000000001,2011-02-01 09:30,129.46000000000001,0.006061548026111252,0.0058615480261112523,next_open
long,2011-02-01 16:00,130.74000000000001,2011-02-02 09:30,130.40000000000001,-0.0026005813064097216,-0.0028005813064097217,next_open
long,2011-02-02 16:00,130.49000000000001,2011-02-03 09:30,130.25999999999999,-0.0017625871714308516,-0.0019625871714308517,next_open
long,2011-02-03 16:00,130.78,2011-02-04 09:30,130.83000000000001,0.00038232145588024125,0.00018232145588024124,next_open
long,2011-02-04 16:00,131.15000000000001,2011-02-07 09:30,131.44,0.002211208539839804,0.0020112085398398039,next_open
long,2011-02-07 16:00,131.97,2011-02-08 09:30,132.09,0.00090929756762903047,0.00070929756762903049,next_open
long,2011-02-08 16:00,132.56999999999999,2011-02-09 09:30,132.21000000000001,-0.0027155465037337345,-0.0029155465037337346,next_open
long,2011-02-09 16:00,132.27000000000001,2011-02-10 09:30,131.59999999999999,-0.0050653965373858023,-0.005265396537385802,next_open
long,2011-02-10 16:00,132.31999999999999,2011-02-11 09:30,131.80000000000001,-0.0039298669891171256,-0.0041298669891171253,next_open
long,2011-02-11 16:00,133.11000000000001,2011-02-14 09:30,133.03,-0.00060100668619944564,-0.00080100668619944562,next_open
long,2011-02-14 16:00,133.43000000000001,2011-02-15 09:30,133.02000000000001,-0.0030727722401259205,-0.0032727722401259206,next_open
long,2011-02-15 16:00,133.00999999999999,2011-02-16 09:30,133.47,0.00345838658747466,0.0032583865874746599,next_open
long,2011-02-16 16:00,133.84999999999999,2011-02-17 09:30,133.44999999999999,-0.002988419872992143,-0.003188419872992143,next_open
long,2011-02-17 16:00,134.25,2011-02-18 09:30,134.36000000000001,0.0008193668528864162,0.00061936685288641621,next_open
long,2011-02-18 16:00,134.53,2011-02-22 09:30,133.12,-0.010480933620753752,-0.010680933620753752,next_open
long,2011-02-22 16:00,131.83000000000001,2011-02-23 09:30,131.75999999999999,-0.000530986877038786,-0.00073098687703878598,next_open
long,2011-02-23 16:00,131.02000000000001,2011-02-24 09:30,130.88,-0.0010685391543276967,-0.0012685391543276968,next_open
long,2011-02-24 16:00,130.93000000000001,2011-02-25 09:30,131.5,0.0043534713205528597,0.00415347132055286,next_open
long,2011-02-25 16:00,132.33000000000001,2011-02-28 09:30,132.84,0.0038540013602357259,0.0036540013602357258,next_open
long,2011-02-28 16:00,133.15000000000001,2011-03-01 09:30,133.56999999999999,0.0031543372136686454,0.0029543372136686453,next_open
long,2011-03-01 16:00,130.93000000000001,2011-03-02 09:30,130.75,-0.0013747804170167743,-0.0015747804170167744,next_open
long,2011-03-02 16:00,131.21000000000001,2011-03-03 09:30,132.40000000000001,0.0090694306836369698,0.0088694306836369693,next_open
long,2011-03-03 16:00,133.47,2011-03-04 09:30,133.37,-0.00074923203716181774,-0.00094923203716181773,next_open
long,2011-03-04 16:00,132.47,2011-03-07 09:30,132.87,0.0030195515965878439,0.0028195515965878438,next_open
long,2011-03-07 16:00,131.43000000000001,2011-03-08 09:30,131.63999999999999,0.0015978087194703505,0.0013978087194703504,next_open
long,2011-03-08 16:00,132.58000000000001,2011-03-09 09:30,132.34,-0.0018102277869965766,-0.0020102277869965767,next_open
long,2011-03-09 16:00,132.38999999999999,2011-03-10 09:30,130.99000000000001,-0.01057481682906547,-0.01077481682906547,next_open
long,2011-03-10 16:00,129.94,2011-03-11 09:30,129.52000000000001,-0.0032322610435584487,-0.0034322610435584488,next_open
long,2011-03-11 16:00,130.84,2011-03-14 09:30,129.99000000000001,-0.006496484255579249,-0.0066964842555792487,next_open
long,2011-03-14 16:00,130.05000000000001,2011-03-15 09:30,126.59,-0.026605151864667498,-0.026805151864667497,next_open
long,2011-03-15 16:00,128.56,2011-03-16 09:30,128.15000000000001,-0.0031891723708773467,-0.0033891723708773468,next_open
long,2011-03-16 16:00,126.18000000000001,2011-03-17 09:30,128,0.014423838960215596,0.014223838960215595,next_open
long,2011-03-17 16:00,127.84999999999999,2011-03-18 09:30,128.84,0.007743449354712606,0.0075434493547126063,next_open
long,2011-03-18 16:00,127.76000000000001,2011-03-21 09:30,129.38,0.012680025046962973,0.012480025046962972,next_open
long,2011-03-21 16:00,129.74000000000001,2011-03-22 09:30,129.71000000000001,-0.00023123169415750766,-0.00043123169415750764,next_open
long,2011-03-22 16:00,129.28999999999999,2011-03-23 09:30,128.93000000000001,-0.0027844380849252337,-0.0029844380849252338,next_open
long,2011-03-23 16:00,129.66,2011-03-24 09:30,130.40000000000001,0.0057072343051056684,0.0055072343051056688,next_open
long,2011-03-24 16:00,130.90000000000001,2011-03-25 09:30,131.22999999999999,0.0025210084033611135,0.0023210084033611134,next_open
long,2011-03-25 16:00,131.30000000000001,2011-03-28 09:30,131.59,0.0022086824067022448,0.0020086824067022447,next_open
long,2011-03-28 16:00,130.97999999999999,2011-03-29 09:30,130.87,-0.00083982287372108555,-0.0010398228737210856,next_open
long,2011-03-29 16:00,131.86000000000001,2011-03-30 09:30,132.53999999999999,0.0051569846807217878,0.0049569846807217882,next_open
long,2011-03-30 16:00,132.77000000000001,2011-03-31 09:30,132.62,-0.0011297732921594639,-0.001329773292159464,next_open
long,2011-03-31 16:00,132.59,2011-04-01 09:30,133.40000000000001,0.0061090579983407167,0.0059090579983407171,next_open
long,2011-04-01 16:00,133.15000000000001,2011-04-04 09:30,133.47,0.0024033045437477085,0.0022033045437477084,next_open
long,2011-04-04 16:00,133.25999999999999,2011-04-05 09:30,133,-0.0019510730901995954,-0.0021510730901995955,next_open
long,2011-04-05 16:00,133.24000000000001,2011-04-06 09:30,133.87,0.0047283098168717785,0.0045283098168717789,next_open
long,2011-04-06 16:00,133.66,2011-04-07 09:30,133.41999999999999,-0.0017956007780937089,-0.001995600778093709,next_open
long,2011-04-07 16:00,133.31999999999999,2011-04-08 09:30,133.91,0.0044254425442544765,0.0042254425442544768,next_open
long,2011-04-08 16:00,132.86000000000001,2011-04-11 09:30,133,0.0010537407797681642,0.00085374077976816418,next_open
long,2011-04-11 16:00,132.46000000000001,2011-04-12 09:30,131.72,-0.0055865921787709993,-0.005786592178770999,next_open
long,2011-04-12 16:00,131.47,2011-04-13 09:30,132.08000000000001,0.0046398417890014532,0.0044398417890014535,next_open
long,2011-04-13 16:00,131.46000000000001,2011-04-14 09:30,130.69999999999999,-0.0057812262285107385,-0.0059812262285107382,next_open
long,2011-04-14 16:00,131.56,2011-04-15 09:30,131.78999999999999,0.0017482517482516613,0.0015482517482516612,next_open
long,2011-04-15 16:00,132.03999999999999,2011-04-18 09:30,130.59,-0.010981520751287444,-0.011181520751287444,next_open
long,2011-04-18 16:00,130.56,2011-04-19 09:30,130.75999999999999,0.0015318627450979783,0.0013318627450979782,next_open
long,2011-04-19 16:00,131.31,2011-04-20 09:30,132.88,0.011956438961236771,0.01175643896123677,next_open
long,2011-04-20 16:00,133.09999999999999,2011-04-21 09:30,133.78999999999999,0.0051840721262208511,0.0049840721262208515,next_open
long,2011-04-21 16:00,133.78,2011-04-25 09:30,133.69999999999999,-0.00059799671101823382,-0.0007979967110182338,next_open
long,2011-04-25 16:00,133.63999999999999,2011-04-26 09:30,134.05000000000001,0.0030679437294225398,0.0028679437294225397,next_open
long,2011-04-26 16:00,134.78999999999999,2011-04-27 09:30,135.05000000000001,0.0019289264782256232,0.0017289264782256232,next_open
long,2011-04-27 16:00,135.66999999999999,2011-04-28 09:30,135.43000000000001,-0.001768998304709779,-0.0019689983047097791,next_open
long,2011-04-28 16:00,136.11000000000001,2011-04-29 09:30,136.16999999999999,0.00044081992506050938,0.00024081992506050937,next_open
long,2011-04-29 16:00,136.43000000000001,2011-05-02 09:30,137.08000000000001,0.0047643480172983033,0.0045643480172983036,next_open
long,2011-05-02 16:00,136.22,2011-05-03 09:30,135.96000000000001,-0.0019086771399206004,-0.0021086771399206005,next_open
long,2011-05-03 16:00,135.72999999999999,2011-05-04 09:30,135.66999999999999,-0.00044205407794883911,-0.00064205407794883909,next_open
long,2011-05-04 16:00,134.83000000000001,2011-05-05 09:30,134.08000000000001,-0.0055625602610694935,-0.0057625602610694932,next_open
long,2011-05-05 16:00,133.61000000000001,2011-05-06 09:30,134.88,0.0095052765511562942,0.0093052765511562937,next_open
long,2011-05-06 16:00,134.19999999999999,2011-05-09 09:30,134.19,-7.4515648286088698e-05,-0.00027451564828608868,next_open
long,2011-05-09 16:00,134.72,2011-05-10 09:30,135.16999999999999,0.0033402612826602951,0.003140261282660295,next_open
long,2011-05-10 16:00,135.87,2011-05-11 09:30,135.66999999999999,-0.0014719952896151689,-0.001671995289615169,next_open
long,2011-05-11 16:00,134.44,2011-05-12 09:30,134.08000000000001,-0.0026777744718832208,-0.0028777744718832209,next_open
long,2011-05-12 16:00,135.08000000000001,2011-05-13 09:30,135.15000000000001,0.00051821143026353766,0.00031821143026353768,next_open
long,2011-05-13 16:00,134.03999999999999,2011-05-16 09:30,133.56,-0.0035810205908682891,-0.0037810205908682891,next_open
long,2011-05-16 16:00,133.19,2011-05-17 09:30,132.69,-0.0037540355882573762,-0.0039540355882573758,next_open
long,2011-05-17 16:00,133.16999999999999,2011-05-18 09:30,133.24000000000001,0.00052564391379461561,0.00032564391379461563,next_open
long,2011-05-18 16:00,134.36000000000001,2011-05-19 09:30,134.81,0.003349211074724634,0.0031492110747246339,next_open
long,2011-05-19 16:00,134.68000000000001,2011-05-20 09:30,134.34999999999999,-0.0024502524502525436,-0.0026502524502525437,next_open
long,2011-05-20 16:00,133.61000000000001,2011-05-23 09:30,131.97999999999999,-0.012199685652271697,-0.012399685652271697,next_open
long,2011-05-23 16:00,132.06,2011-05-24 09:30,132.44,0.0028774799333635137,0.0026774799333635136,next_open
long,2011-05-24 16:00,131.94999999999999,2011-05-25 09:30,131.41999999999999,-0.004016672982190217,-0.0042166729821902166,next_open
long,2011-05-25 16:00,132.38999999999999,2011-05-26 09:30,132.03,-0.0027192386131882351,-0.0029192386131882352,next_open
long,2011-05-26 16:00,133,2011-05-27 09:30,133.37,0.0027819548872181077,0.0025819548872181076,next_open
long,2011-05-27 16:00,133.50999999999999,2011-05-31 09:30,134.77000000000001,0.0094374953187028598,0.0092374953187028593,next_open
long,2011-05-31 16:00,134.90000000000001,2011-06-01 09:30,134.50999999999999,-0.0028910303928837422,-0.0030910303928837423,next_open
long,2011-06-01 16:00,131.87,2011-06-02 09:30,131.96000000000001,0.00068249033138689796,0.00048249033138689798,next_open
long,2011-06-02 16:00,131.72999999999999,2011-06-03 09:30,130.15000000000001,-0.011994230623244451,-0.012194230623244451,next_open
long,2011-06-03 16:00,130.41999999999999,2011-06-06 09:30,130.09,-0.0025302867658333339,-0.002730286765833334,next_open
long,2011-06-06 16:00,129.05000000000001,2011-06-07 09:30,129.69999999999999,0.0050368074389770534,0.0048368074389770538,next_open
long,2011-06-07 16:00,128.96000000000001,2011-06-08 09:30,128.75999999999999,-0.0015508684863524413,-0.0017508684863524414,next_open
long,2011-06-08 16:00,128.41999999999999,2011-06-09 09:30,128.77000000000001,0.0027254321756737809,0.0025254321756737808,next_open
long,2011-06-09 16:00,129.40000000000001,2011-06-10 09:30,128.84999999999999,-0.0042503863987636281,-0.0044503863987636278,next_open
long,2011-06-10 16:00,127.59999999999999,2011-06-13 09:30,127.89,0.0022727272727274261,0.002072727272727426,next_open
long,2011-06-13 16:00,127.7,2011-06-14 09:30,128.87,0.0091620986687548367,0.0089620986687548362,next_open
long,2011-06-14 16:00,129.31999999999999,2011-06-15 09:30,128.25999999999999,-0.0081967213114754189,-0.0083967213114754195,next_open
long,2011-06-15 16:00,127.02,2011-06-16 09:30,127.06,0.0003149110376319264,0.0001149110376319264,next_open
long,2011-06-16 16:00,127.3,2011-06-17 09:30,127.93000000000001,0.0049489395129616032,0.0047489395129616035,next_open
long,2011-06-17 16:00,127.05,2011-06-20 09:30,126.62,-0.0033844942935851163,-0.0035844942935851164,next_open
long,2011-06-20 16:00,127.7,2011-06-21 09:30,128.36000000000001,0.0051683633516053096,0.0049683633516053099,next_open
long,2011-06-21 16:00,129.44999999999999,2011-06-22 09:30,129.05000000000001,-0.0030899961375046026,-0.0032899961375046026,next_open
long,2011-06-22 16:00,128.66999999999999,2011-06-23 09:30,127.16,-0.011735447268205412,-0.011935447268205413,next_open
long,2011-06-23 16:00,128.30000000000001,2011-06-24 09:30,128.27000000000001,-0.00023382696804363778,-0.00043382696804363777,next_open
long,2011-06-24 16:00,126.81,2011-06-27 09:30,126.89,0.00063086507373233403,0.00043086507373233404,next_open
long,2011-06-27 16:00,127.94,2011-06-28 09:30,128.44999999999999,0.0039862435516648809,0.0037862435516648808,next_open
long,2011-06-28 16:00,129.61000000000001,2011-06-29 09:30,130.19999999999999,0.0045521178921377192,0.0043521178921377196,next_open
long,2011-06-29 16:00,130.72,2011-06-30 09:30,131.13999999999999,0.0032129742962054841,0.003012974296205484,next_open
long,2011-06-30 16:00,131.97,2011-07-01 09:30,132.09,0.00090929756762903047,0.00070929756762903049,next_open
long,2011-07-01 16:00,133.91999999999999,2011-07-05 09:30,133.78,-0.0010454002389485018,-0.0012454002389485018,next_open
long,2011-07-05 16:00,133.81,2011-07-06 09:30,133.49000000000001,-0.0023914505642328443,-0.0025914505642328444,next_open
long,2011-07-06 16:00,133.97,2011-07-07 09:30,135.15000000000001,0.0088079420765843075,0.008607942076584307,next_open
long,2011-07-07 16:00,135.36000000000001,2011-07-08 09:30,133.83000000000001,-0.011303191489361764,-0.011503191489361764,next_open
long,2011-07-08 16:00,134.40000000000001,2011-07-11 09:30,132.75,-0.012276785714285809,-0.01247678571428581,next_open
long,2011-07-11 16:00,131.97,2011-07-12 09:30,131.69,-0.0021216943244677378,-0.0023216943244677378,next_open
long,2011-07-12 16:00,131.40000000000001,2011-07-13 09:30,132.09,0.0052511415525113847,0.005051141552511385,next_open
long,2011-07-13 16:00,131.84,2011-07-14 09:30,132.16999999999999,0.0025030339805824919,0.0023030339805824918,next_open
long,2011-07-14 16:00,130.93000000000001,2011-07-15 09:30,131.66,0.0055754983579010542,0.0053754983579010545,next_open
long,2011-07-15 16:00,131.69,2011-07-18 09:30,131.06999999999999,-0.0047080264256967874,-0.0049080264256967871,next_open
long,2011-07-18 16:00,130.61000000000001,2011-07-19 09:30,131.34,0.0055891585636627106,0.0053891585636627109,next_open
long,2011-07-19 16:00,132.72999999999999,2011-07-20 09:30,133.06999999999999,0.0025615912001808461,0.002361591200180846,next_open
long,2011-07-20 16:00,132.65000000000001,2011-07-21 09:30,133.40000000000001,0.0056539766302299288,0.0054539766302299291,next_open
long,2011-07-21 16:00,134.49000000000001,2011-07-22 09:30,134.52000000000001,0.00022306491188928135,2.3064911889281338e-05,next_open
long,2011-07-22 16:00,134.58000000000001,2011-07-25 09:30,133.30000000000001,-0.0095110714816466491,-0.0097110714816466496,next_open
long,2011-07-25 16:00,133.83000000000001,2011-07-26 09:30,133.74000000000001,-0.00067249495628785017,-0.00087249495628785015,next_open
long,2011-07-26 16:00,133.33000000000001,2011-07-27 09:30,132.59,-0.0055501387534688806,-0.0057501387534688803,next_open
long,2011-07-27 16:00,130.59999999999999,2011-07-28 09:30,130.59999999999999,0,-0.00020000000000000001,next_open
long,2011-07-28 16:00,130.22,2011-07-29 09:30,128.91,-0.010059898633082542,-0.010259898633082543,next_open
long,2011-07-29 16:00,129.33000000000001,2011-08-01 09:30,130.84,0.011675558648418738,0.011475558648418737,next_open
long,2011-08-01 16:00,128.78,2011-08-02 09:30,127.81,-0.007532225500854195,-0.0077322255008541946,next_open
long,2011-08-02 16:00,125.48999999999999,2011-08-03 09:30,125.66,0.0013546896167024869,0.0011546896167024868,next_open
long,2011-08-03 16:00,126.17,2011-08-04 09:30,124.42,-0.013870175160497711,-0.014070175160497711,next_open
long,2011-08-04 16:00,120.26000000000001,2011-08-05 09:30,121.76000000000001,0.012472975220355842,0.012272975220355841,next_open
long,2011-08-05 16:00,120.08,2011-08-08 09:30,116.91,-0.026399067288474409,-0.026599067288474408,next_open
long,2011-08-08 16:00,112.26000000000001,2011-08-09 09:30,114.08,0.016212364154641001,0.016012364154641003,next_open
long,2011-08-09 16:00,117.48,2011-08-10 09:30,115.26000000000001,-0.018896833503575072,-0.019096833503575071,next_open
long,2011-08-10 16:00,112.29000000000001,2011-08-11 09:30,113.26000000000001,0.008638347136877611,0.0084383471368776105,next_open
long,2011-08-11 16:00,117.33,2011-08-12 09:30,118.40000000000001,0.0091195772607177705,0.00891957726071777,next_open
long,2011-08-12 16:00,118.12,2011-08-15 09:30,119.19,0.0090585844903487978,0.0088585844903487972,next_open
long,2011-08-15 16:00,120.62,2011-08-16 09:30,119.47,-0.0095340739512519423,-0.0097340739512519429,next_open
long,2011-08-16 16:00,119.59,2011-08-17 09:30,120.26000000000001,0.0056024751233381131,0.0054024751233381135,next_open
long,2011-08-17 16:00,119.67,2011-08-18 09:30,116.5,-0.026489512826940786,-0.026689512826940785,next_open
long,2011-08-18 16:00,114.51000000000001,2011-08-19 09:30,112.95999999999999,-0.013535935726137538,-0.013735935726137538,next_open
long,2011-08-19 16:00,112.64,2011-08-22 09:30,115.17,0.0224609375,0.022260937500000001,next_open
long,2011-08-22 16:00,112.73,2011-08-23 09:30,113.15000000000001,0.0037257163133150861,0.003525716313315086,next_open
long,2011-08-23 16:00,116.44,2011-08-24 09:30,116.19,-0.0021470285125386734,-0.0023470285125386735,next_open
long,2011-08-24 16:00,118.08,2011-08-25 09:30,118.73999999999999,0.0055894308943089666,0.0053894308943089669,next_open
long,2011-08-25 16:00,116.28,2011-08-26 09:30,115.69,-0.0050739594083247797,-0.0052739594083247793,next_open
long,2011-08-26 16:00,117.97,2011-08-29 09:30,119.56,0.013478002882088669,0.013278002882088668,next_open
long,2011-08-29 16:00,121.36,2011-08-30 09:30,120.83,-0.0043671720500988442,-0.0045671720500988439,next_open
long,2011-08-30 16:00,121.68000000000001,2011-08-31 09:30,122.45,0.0063280736357658185,0.0061280736357658188,next_open
long,2011-08-31 16:00,122.22,2011-09-01 09:30,122.29000000000001,0.00057273768613974596,0.00037273768613974598,next_open
long,2011-09-01 16:00,120.94,2011-09-02 09:30,118.42,-0.020836778567884906,-0.021036778567884905,next_open
long,2011-09-02 16:00,117.84999999999999,2011-09-06 09:30,114.39,-0.02935935511243104,-0.029559355112431039,next_open
long,2011-09-06 16:00,116.98999999999999,2011-09-07 09:30,118.76000000000001,0.01512949824771348,0.014929498247713479,next_open
long,2011-09-07 16:00,120.29000000000001,2011-09-08 09:30,119.56999999999999,-0.0059855349571868999,-0.0061855349571868995,next_open
long,2011-09-08 16:00,119.04000000000001,2011-09-09 09:30,117.68000000000001,-0.011424731182795744,-0.011624731182795745,next_open
long,2011-09-09 16:00,115.92,2011-09-12 09:30,114.47,-0.012508626639061493,-0.012708626639061494,next_open
long,2011-09-12 16:00,116.67,2011-09-13 09:30,117.05,0.0032570497985771052,0.0030570497985771051,next_open
long,2011-09-13 16:00,117.73999999999999,2011-09-14 09:30,118.34,0.0050959741803975334,0.0048959741803975337,next_open
long,2011-09-14 16:00,119.37,2011-09-15 09:30,120.65000000000001,0.010722962218312926,0.010522962218312925,next_open
long,2011-09-15 16:00,121.43000000000001,2011-09-16 09:30,121.29000000000001,-0.0011529276126163168,-0.0013529276126163169,next_open
long,2011-09-16 16:00,121.52,2011-09-19 09:30,119.53,-0.016375905200789909,-0.016575905200789907,next_open
long,2011-09-19 16:00,120.31,2011-09-20 09:30,120.81999999999999,0.0042390491230985816,0.004039049123098582,next_open
long,2011-09-20 16:00,120.17,2011-09-21 09:30,120.23,0.00049929266871928668,0.0002992926687192867,next_open
long,2011-09-21 16:00,116.63,2011-09-22 09:30,113.25,-0.028980536740118246,-0.029180536740118244,next_open
long,2011-09-22 16:00,112.86,2011-09-23 09:30,112.11,-0.0066454013822434543,-0.006845401382243454,next_open
long,2011-09-23 16:00,113.54000000000001,2011-09-26 09:30,114.61,0.0094239915448299794,0.0092239915448299788,next_open
long,2011-09-26 16:00,116.23999999999999,2011-09-27 09:30,118.53,0.019700619408121289,0.019500619408121291,next_open
long,2011-09-27 16:00,117.54000000000001,2011-09-28 09:30,117.78,0.0020418580908625472,0.0018418580908625471,next_open
long,2011-09-28 16:00,115.15000000000001,2011-09-29 09:30,117.05,0.016500217108119664,0.016300217108119665,next_open
long,2011-09-29 16:00,116.05,2011-09-30 09:30,114.45,-0.013787160706591917,-0.013987160706591917,next_open
long,2011-09-30 16:00,113.15000000000001,2011-10-03 09:30,112.48999999999999,-0.0058329650905878383,-0.006032965090587838,next_open
long,2011-10-03 16:00,109.93000000000001,2011-10-04 09:30,108.34999999999999,-0.014372782679887286,-0.014572782679887286,next_open
long,2011-10-04 16:00,112.34,2011-10-05 09:30,112.62,0.0024924336834608596,0.0022924336834608595,next_open
long,2011-10-05 16:00,114.42,2011-10-06 09:30,114.36,-0.00052438384897746104,-0.00072438384897746102,next_open
long,2011-10-06 16:00,116.48999999999999,2011-10-07 09:30,117.17,0.0058374109365610938,0.0056374109365610941,next_open
long,2011-10-07 16:00,115.70999999999999,2011-10-10 09:30,117.68000000000001,0.017025321925503434,0.016825321925503435,next_open
long,2011-10-10 16:00,119.58,2011-10-11 09:30,118.87,-0.0059374477337347242,-0.0061374477337347239,next_open
long,2011-10-11 16:00,119.7,2011-10-12 09:30,120.59999999999999,0.0075187969924810361,0.0073187969924810364,next_open
long,2011-10-12 16:00,120.75,2011-10-13 09:30,120.04000000000001,-0.0058799171842649489,-0.0060799171842649486,next_open
long,2011-10-13 16:00,120.51000000000001,2011-10-14 09:30,121.91,0.011617293170691267,0.011417293170691267,next_open
long,2011-10-14 16:00,122.56999999999999,2011-10-17 09:30,121.98999999999999,-0.0047319898833320106,-0.0049319898833320103,next_open
long,2011-10-17 16:00,120.23,2011-10-18 09:30,120.14,-0.00074856524993760498,-0.00094856524993760496,next_open
long,2011-10-18 16:00,122.58,2011-10-19 09:30,122.38,-0.0016315875346712971,-0.0018315875346712972,next_open
long,2011-10-19 16:00,121.13,2011-10-20 09:30,121.43000000000001,0.0024766779493108348,0.0022766779493108348,next_open
long,2011-10-20 16:00,121.66,2011-10-21 09:30,123.08,0.011671872431366026,0.011471872431366026,next_open
long,2011-10-21 16:00,123.97,2011-10-24 09:30,124.16,0.0015326288618213724,0.0013326288618213723,next_open
long,2011-10-24 16:00,125.48999999999999,2011-10-25 09:30,124.89,-0.0047812574707147837,-0.0049812574707147833,next_open
long,2011-10-25 16:00,123.05,2011-10-26 09:30,124.34999999999999,0.010564811052417689,0.010364811052417688,next_open
long,2011-10-26 16:00,124.3,2011-10-27 09:30,127.63,0.026790024135156854,0.026590024135156855,next_open
long,2011-10-27 16:00,128.63,2011-10-28 09:30,128,-0.0048977687942158843,-0.0050977687942158839,next_open
long,2011-10-28 16:00,128.59999999999999,2011-10-31 09:30,127.16,-0.011197511664074677,-0.011397511664074678,next_open
long,2011-10-31 16:00,125.5,2011-11-01 09:30,122,-0.027888446215139417,-0.028088446215139416,next_open
long,2011-11-01 16:00,122,2011-11-02 09:30,123.81999999999999,0.014918032786885194,0.014718032786885193,next_open
long,2011-11-02 16:00,123.98999999999999,2011-11-03 09:30,125.31,0.010646019840309773,0.010446019840309772,next_open
long,2011-11-03 16:00,126.25,2011-11-04 09:30,125.23,-0.0080792079207920864,-0.0082792079207920869,next_open
long,2011-11-04 16:00,125.48,2011-11-07 09:30,125.39,-0.00071724577621934404,-0.00091724577621934403,next_open
long,2011-11-07 16:00,126.26000000000001,2011-11-08 09:30,126.92,0.0052273087280214625,0.0050273087280214629,next_open
long,2011-11-08 16:00,127.88,2011-11-09 09:30,124.89,-0.023381294964028743,-0.023581294964028741,next_open
long,2011-11-09 16:00,123.16,2011-11-10 09:30,124.79000000000001,0.013234816498863378,0.013034816498863377,next_open
long,2011-11-10 16:00,124.31999999999999,2011-11-11 09:30,125.83,0.012146074646074645,0.011946074646074644,next_open
long,2011-11-11 16:00,126.66,2011-11-14 09:30,126.19,-0.0037107216169272039,-0.0039107216169272036,next_open
long,2011-11-14 16:00,125.45999999999999,2011-11-15 09:30,125.17,-0.002311493703172296,-0.0025114937031722961,next_open
long,2011-11-15 16:00,126.08,2011-11-16 09:30,124.81999999999999,-0.0099936548223350519,-0.010193654822335052,next_open
long,2011-11-16 16:00,124.08,2011-11-17 09:30,123.84999999999999,-0.0018536428110896841,-0.0020536428110896842,next_open
long,2011-11-17 16:00,122.11,2011-11-18 09:30,122.5,0.0031938416182131224,0.0029938416182131223,next_open
long,2011-11-18 16:00,121.98,2011-11-21 09:30,120.19,-0.014674536809313077,-0.014874536809313077,next_open
long,2011-11-21 16:00,119.66,2011-11-22 09:30,119.41,-0.0020892528831689683,-0.0022892528831689684,next_open
long,2011-11-22 16:00,119.19,2011-11-23 09:30,118.06999999999999,-0.0093967614732779481,-0.0095967614732779486,next_open
long,2011-11-23 16:00,116.56,2011-11-25 09:30,116.38,-0.0015442690459849251,-0.0017442690459849252,next_open
long,2011-11-25 16:00,116.34,2011-11-28 09:30,119.5,0.027161767233969458,0.026961767233969459,next_open
long,2011-11-28 16:00,119.70999999999999,2011-11-29 09:30,120.05,0.0028401971430958017,0.0026401971430958016,next_open
long,2011-11-29 16:00,120.05,2011-11-30 09:30,123.45,0.028321532694710605,0.028121532694710606,next_open
long,2011-11-30 16:00,124.98999999999999,2011-12-01 09:30,124.84999999999999,-0.001120089607168584,-0.0013200896071685841,next_open
long,2011-12-01 16:00,124.97,2011-12-02 09:30,126.14,0.0093622469392653507,0.0091622469392653502,next_open
long,2011-12-02 16:00,124.86,2011-12-05 09:30,126.83,0.015777670991510506,0.015577670991510506,next_open
long,2011-12-05 16:00,126.22,2011-12-06 09:30,126.20999999999999,-7.9226746949823124e-05,-0.00027922674694982311,next_open
long,2011-12-06 16:00,126.26000000000001,2011-12-07 09:30,125.84,-0.0033264691905591226,-0.0035264691905591227,next_open
long,2011-12-07 16:00,126.73,2011-12-08 09:30,125.90000000000001,-0.006549356900497072,-0.0067493569004970716,next_open
long,2011-12-08 16:00,123.95,2011-12-09 09:30,124.51000000000001,0.0045179507866075497,0.00431795078660755,next_open
long,2011-12-09 16:00,126.05,2011-12-12 09:30,124.95,-0.008726695755652436,-0.0089266957556524366,next_open
long,2011-12-12 16:00,124.20999999999999,2011-12-13 09:30,124.84999999999999,0.0051525642057805854,0.0049525642057805857,next_open
long,2011-12-13 16:00,123.05,2011-12-14 09:30,122.56,-0.0039821210889882108,-0.0041821210889882105,next_open
long,2011-12-14 16:00,121.73999999999999,2011-12-15 09:30,123.03,0.010596352883193827,0.010396352883193826,next_open
long,2011-12-15 16:00,122.19,2011-12-16 09:30,122.23,0.00032735903101732688,0.00012735903101732688,next_open
long,2011-12-16 16:00,121.59,2011-12-19 09:30,122.06,0.0038654494613044044,0.0036654494613044043,next_open
long,2011-12-19 16:00,120.29000000000001,2011-12-20 09:30,122.18000000000001,0.01571202926261539,0.01551202926261539,next_open
long,2011-12-20 16:00,123.93000000000001,2011-12-21 09:30,123.93000000000001,0,-0.00020000000000000001,next_open
long,2011-12-21 16:00,124.17,2011-12-22 09:30,124.62,0.0036240637835225353,0.0034240637835225352,next_open
long,2011-12-22 16:00,125.27,2011-12-23 09:30,125.67,0.0031931028977409959,0.0029931028977409958,next_open
long,2011-12-23 16:00,126.39,2011-12-27 09:30,126.17,-0.0017406440382942145,-0.0019406440382942146,next_open
long,2011-12-27 16:00,126.48999999999999,2011-12-28 09:30,126.51000000000001,0.00015811526602904635,-4.1884733970953657e-05,next_open
long,2011-12-28 16:00,124.83,2011-12-29 09:30,125.23999999999999,0.0032844668749498762,0.0030844668749498761,next_open
long,2011-12-29 16:00,126.12,2011-12-30 09:30,126.02,-0.00079289565493190217,-0.00099289565493190226,next_open
long,2011-12-30 16:00,125.5,2012-01-03 09:30,127.76000000000001,0.018007968127490059,0.017807968127490061,next_open
long,2012-01-03 16:00,127.5,2012-01-04 09:30,127.2,-0.0023529411764705577,-0.0025529411764705578,next_open
long,2012-01-04 16:00,127.7,2012-01-05 09:30,127.01000000000001,-0.0054032889584965105,-0.0056032889584965101,next_open
long,2012-01-05 16:00,128.03999999999999,2012-01-06 09:30,128.19999999999999,0.0012496094970322336,0.0010496094970322335,next_open
long,2012-01-06 16:00,127.70999999999999,2012-01-09 09:30,127.98999999999999,0.0021924673087463376,0.0019924673087463375,next_open
long,2012-01-09 16:00,128.02000000000001,2012-01-10 09:30,129.40000000000001,0.010779565692860427,0.010579565692860426,next_open
long,2012-01-10 16:00,129.13,2012-01-11 09:30,128.74000000000001,-0.0030202121892665135,-0.0032202121892665136,next_open
long,2012-01-11 16:00,129.19999999999999,2012-01-12 09:30,129.59,0.0030185758513932015,0.0028185758513932014,next_open
long,2012-01-12 16:00,129.50999999999999,2012-01-13 09:30,128.65000000000001,-0.006640413867654904,-0.0068404138676549037,next_open
long,2012-01-13 16:00,128.84,2012-01-17 09:30,130.09,0.0097019559143123324,0.0095019559143123319,next_open
long,2012-01-17 16:00,129.34,2012-01-18 09:30,129.31999999999999,-0.00015463120457714918,-0.00035463120457714917,next_open
long,2012-01-18 16:00,130.77000000000001,2012-01-19 09:30,131.21000000000001,0.003364686090081781,0.0031646860900817809,next_open
long,2012-01-19 16:00,131.46000000000001,2012-01-20 09:30,131.24000000000001,-0.0016735128556214507,-0.0018735128556214508,next_open
long,2012-01-20 16:00,131.53999999999999,2012-01-23 09:30,131.50999999999999,-0.00022806750798232134,-0.00042806750798232132,next_open
long,2012-01-23 16:00,131.61000000000001,2012-01-24 09:30,130.80000000000001,-0.0061545475267836824,-0.0063545475267836821,next_open
long,2012-01-24 16:00,131.46000000000001,2012-01-25 09:30,131.25999999999999,-0.0015213753232924399,-0.0017213753232924399,next_open
long,2012-01-25 16:00,132.56,2012-01-26 09:30,133.16,0.0045262522631261959,0.0043262522631261962,next_open
long,2012-01-26 16:00,131.88,2012-01-27 09:30,131.27000000000001,-0.0046254170457991073,-0.0048254170457991069,next_open
long,2012-01-27 16:00,131.81999999999999,2012-01-30 09:30,130.50999999999999,-0.0099377939614626598,-0.01013779396146266,next_open
long,2012-01-30 16:00,131.37,2012-01-31 09:30,132.02000000000001,0.0049478571972292329,0.0047478571972292332,next_open
long,2012-01-31 16:00,131.31999999999999,2012-02-01 09:30,132.28999999999999,0.007386536704233837,0.0071865367042338374,next_open
long,2012-02-01 16:00,132.47,2012-02-02 09:30,132.74000000000001,0.0020381973276968335,0.0018381973276968334,next_open
long,2012-02-02 16:00,132.68000000000001,2012-02-03 09:30,134,0.0099487488694602888,0.0097487488694602883,next_open
long,2012-02-03 16:00,134.53999999999999,2012-02-06 09:30,133.99000000000001,-0.0040880035677121063,-0.0042880035677121059,next_open
long,2012-02-06 16:00,134.44999999999999,2012-02-07 09:30,134.18000000000001,-0.0020081814801039544,-0.0022081814801039545,next_open
long,2012-02-07 16:00,134.78999999999999,2012-02-08 09:30,134.87,0.00059351583945410624,0.00039351583945410626,next_open
long,2012-02-08 16:00,135.19,2012-02-09 09:30,135.41,0.0016273393002441683,0.0014273393002441682,next_open
long,2012-02-09 16:00,135.36000000000001,2012-02-10 09:30,134.16,-0.0088652482269504507,-0.0090652482269504512,next_open
long,2012-02-10 16:00,134.36000000000001,2012-02-13 09:30,135.31999999999999,0.0071449836260790711,0.0069449836260790715,next_open
long,2012-02-13 16:00,135.36000000000001,2012-02-14 09:30,135.00999999999999,-0.0025856973995274091,-0.0027856973995274092,next_open
long,2012-02-14 16:00,135.19,2012-02-15 09:30,135.63,0.0032546786004881145,0.0030546786004881144,next_open
long,2012-02-15 16:00,134.56,2012-02-16 09:30,134.58000000000001,0.00014863258026176496,-5.1367419738235052e-05,next_open
long,2012-02-16 16:00,136.05000000000001,2012-02-17 09:30,136.52000000000001,0.0034546122748988495,0.0032546122748988494,next_open
long,2012-02-17 16:00,136.41,2012-02-21 09:30,136.72999999999999,0.0023458690711823937,0.0021458690711823936,next_open
long,2012-02-21 16:00,136.47,2012-02-22 09:30,136.25,-0.0016120759141202701,-0.0018120759141202702,next_open
long,2012-02-22 16:00,136.03,2012-02-23 09:30,135.97,-0.00044107917371172256,-0.00064107917371172254,next_open
long,2012-02-23 16:00,136.63,2012-02-24 09:30,136.93000000000001,0.0021957110444266181,0.001995711044426618,next_open
long,2012-02-24 16:00,136.93000000000001,2012-02-27 09:30,136.03,-0.0065727013802673317,-0.0067727013802673314,next_open
long,2012-02-27 16:00,137.16,2012-02-28 09:30,137.21000000000001,0.00036453776611256039,0.00016453776611256038,next_open
long,2012-02-28 16:00,137.56,2012-02-29 09:30,137.75999999999999,0.0014539110206455153,0.0012539110206455152,next_open
long,2012-02-29 16:00,137.02000000000001,2012-03-01 09:30,137.31,0.0021164793460808351,0.001916479346080835,next_open
long,2012-03-01 16:00,137.72999999999999,2012-03-02 09:30,137.63999999999999,-0.00065345240688308159,-0.00085345240688308158,next_open
long,2012-03-02 16:00,137.31,2012-03-05 09:30,137.09999999999999,-0.0015293860607384913,-0.0017293860607384914,next_open
long,2012-03-05 16:00,136.75,2012-03-06 09:30,135.36000000000001,-0.010164533820840815,-0.010364533820840816,next_open
long,2012-03-06 16:00,134.75,2012-03-07 09:30,135.06,0.0023005565862708188,0.0021005565862708187,next_open
long,2012-03-07 16:00,135.69,2012-03-08 09:30,136.52000000000001,0.0061168840739922459,0.0059168840739922462,next_open
long,2012-03-08 16:00,137.03999999999999,2012-03-09 09:30,137.31,0.0019702276707531663,0.0017702276707531662,next_open
long,2012-03-09 16:00,137.56999999999999,2012-03-12 09:30,137.56,-7.2690266773256518e-05,-0.0002726902667732565,next_open
long,2012-03-12 16:00,137.58000000000001,2012-03-13 09:30,138.31999999999999,0.0053786887629014846,0.0051786887629014849,next_open
long,2012-03-13 16:00,140.06,2012-03-14 09:30,140.09999999999999,0.0002855918891901954,8.5591889190195393e-05,next_open
long,2012-03-14 16:00,139.91,2012-03-15 09:30,140.13,0.001572439425344907,0.0013724394253449069,next_open
long,2012-03-15 16:00,140.72,2012-03-16 09:30,140.36000000000001,-0.0025582717453097592,-0.0027582717453097593,next_open
long,2012-03-16 16:00,140.30000000000001,2012-03-19 09:30,140.22,-0.00057020669992879913,-0.00077020669992879911,next_open
long,2012-03-19 16:00,140.84999999999999,2012-03-20 09:30,140.05000000000001,-0.0056798012069576576,-0.0058798012069576572,next_open
long,2012-03-20 16:00,140.44,2012-03-21 09:30,140.50999999999999,0.00049843349473088772,0.00029843349473088773,next_open
long,2012-03-21 16:00,140.21000000000001,2012-03-22 09:30,139.18000000000001,-0.0073461236716354517,-0.0075461236716354513,next_open
long,2012-03-22 16:00,139.19999999999999,2012-03-23 09:30,139.31999999999999,0.00086206896551721535,0.00066206896551721536,next_open
long,2012-03-23 16:00,139.65000000000001,2012-03-26 09:30,140.65000000000001,0.0071607590404583199,0.0069607590404583202,next_open
long,2012-03-26 16:00,141.61000000000001,2012-03-27 09:30,141.74000000000001,0.0009180142645293099,0.00071801426452930992,next_open
long,2012-03-27 16:00,141.16999999999999,2012-03-28 09:30,141.09999999999999,-0.00049585606006941063,-0.00069585606006941061,next_open
long,2012-03-28 16:00,140.47,2012-03-29 09:30,139.63,-0.0059799245390474987,-0.0061799245390474983,next_open
long,2012-03-29 16:00,140.22999999999999,2012-03-30 09:30,140.91999999999999,0.0049204877700919081,0.0047204877700919084,next_open
long,2012-03-30 16:00,140.81,2012-04-02 09:30,140.63999999999999,-0.0012073006178540124,-0.0014073006178540125,next_open
long,2012-04-02 16:00,141.84,2012-04-03 09:30,141.63999999999999,-0.0014100394811056294,-0.0016100394811056295,next_open
long,2012-04-03 16:00,141.25999999999999,2012-04-04 09:30,140.22,-0.0073623106328755128,-0.0075623106328755125,next_open
long,2012-04-04 16:00,139.86000000000001,2012-04-05 09:30,139.38,-0.0034320034320035608,-0.0036320034320035609,next_open
long,2012-04-05 16:00,139.78999999999999,2012-04-09 09:30,138.03,-0.012590314042492223,-0.012790314042492224,next_open
long,2012-04-09 16:00,138.22,2012-04-10 09:30,137.94999999999999,-0.0019534076110548915,-0.0021534076110548916,next_open
long,2012-04-10 16:00,135.90000000000001,2012-04-11 09:30,137.28999999999999,0.010228108903605593,0.010028108903605592,next_open
long,2012-04-11 16:00,137,2012-04-12 09:30,137.13,0.00094890510948908435,0.00074890510948908437,next_open
long,2012-04-12 16:00,138.78999999999999,2012-04-13 09:30,138.47,-0.0023056416168311111,-0.0025056416168311112,next_open
long,2012-04-13 16:00,137.13999999999999,2012-04-16 09:30,137.84,0.0051042730056878316,0.0049042730056878319,next_open
long,2012-04-16 16:00,137.05000000000001,2012-04-17 09:30,137.84,0.0057643195913898992,0.0055643195913898996,next_open
long,2012-04-17 16:00,139.08000000000001,2012-04-18 09:30,138.46000000000001,-0.0044578659764165085,-0.0046578659764165082,next_open
long,2012-04-18 16:00,138.61000000000001,2012-04-19 09:30,138.63,0.00014428973378532994,-5.5710266214670066e-05,next_open
long,2012-04-19 16:00,137.72,2012-04-20 09:30,138.33000000000001,0.0044292767934941413,0.0042292767934941416,next_open
long,2012-04-20 16:00,137.94999999999999,2012-04-23 09:30,136.53999999999999,-0.010221094599492497,-0.010421094599492498,next_open
long,2012-04-23 16:00,136.78999999999999,2012-04-24 09:30,136.91,0.00087725710943775681,0.00067725710943775683,next_open
long,2012-04-24 16:00,137.31,2012-04-25 09:30,138.65000000000001,0.0097589396256645422,0.0095589396256645417,next_open
long,2012-04-25 16:00,139.19,2012-04-26 09:30,138.88999999999999,-0.002155327250520922,-0.0023553272505209221,next_open
long,2012-04-26 16:00,140.16,2012-04-27 09:30,140.58000000000001,0.0029965753424658903,0.0027965753424658902,next_open
long,2012-04-27 16:00,140.38999999999999,2012-04-30 09:30,140.11000000000001,-0.0019944440487211779,-0.002194444048721178,next_open
long,2012-04-30 16:00,139.87,2012-05-01 09:30,139.78999999999999,-0.0005719596768428703,-0.00077195967684287028,next_open
long,2012-05-01 16:00,140.74000000000001,2012-05-02 09:30,139.91999999999999,-0.0058263464544551224,-0.0060263464544551221,next_open
long,2012-05-02 16:00,140.33000000000001,2012-05-03 09:30,140.34,7.1260600014166897e-05,-0.00012873939998583311,next_open
long,2012-05-03 16:00,139.25,2012-05-04 09:30,138.52000000000001,-0.0052423698384200801,-0.0054423698384200797,next_open
long,2012-05-04 16:00,137,2012-05-07 09:30,136.50999999999999,-0.0035766423357664889,-0.003776642335766489,next_open
long,2012-05-07 16:00,137.09999999999999,2012-05-08 09:30,136.28,-0.005981035740335483,-0.0061810357403354827,next_open
long,2012-05-08 16:00,136.55000000000001,2012-05-09 09:30,135.09999999999999,-0.010618820944709007,-0.010818820944709007,next_open
long,2012-05-09 16:00,135.74000000000001,2012-05-10 09:30,136.68000000000001,0.006925003683512676,0.0067250036835126764,next_open
long,2012-05-10 16:00,136.02000000000001,2012-05-11 09:30,135.16999999999999,-0.0062490810174975486,-0.0064490810174975483,next_open
long,2012-05-11 16:00,135.61000000000001,2012-05-14 09:30,134.31,-0.0095863136936804594,-0.0097863136936804599,next_open
long,2012-05-14 16:00,134.11000000000001,2012-05-15 09:30,134.02000000000001,-0.00067109089553352153,-0.00087109089553352151,next_open
long,2012-05-15 16:00,133.34,2012-05-16 09:30,133.94,0.0044997750112494295,0.0042997750112494298,next_open
long,2012-05-16 16:00,132.83000000000001,2012-05-17 09:30,132.86000000000001,0.00022585259354057641,2.5852593540576398e-05,next_open
long,2012-05-17 16:00,130.86000000000001,2012-05-18 09:30,131.37,0.003897294818890451,0.0036972948188904509,next_open
long,2012-05-18 16:00,129.74000000000001,2012-05-21 09:30,130.16,0.0032372437182055513,0.0030372437182055513,next_open
long,2012-05-21 16:00,131.97,2012-05-22 09:30,132.31,0.002576343108282142,0.0023763431082821419,next_open
long,2012-05-22 16:00,132.19999999999999,2012-05-23 09:30,131.25,-0.0071860816944023798,-0.0073860816944023794,next_open
long,2012-05-23 16:00,132.27000000000001,2012-05-24 09:30,132.63,0.0027217056021773267,0.0025217056021773266,next_open
long,2012-05-24 16:00,132.53,2012-05-25 09:30,132.47999999999999,-0.00037727307024837398,-0.00057727307024837396,next_open
long,2012-05-25 16:00,132.09999999999999,2012-05-29 09:30,133.16,0.0080242240726722258,0.0078242240726722253,next_open
long,2012-05-29 16:00,133.69999999999999,2012-05-30 09:30,132.56,-0.0085265519820492131,-0.0087265519820492136,next_open
long,2012-05-30 16:00,131.75999999999999,2012-05-31 09:30,131.71000000000001,-0.00037947783849412442,-0.0005794778384941244,next_open
long,2012-05-31 16:00,131.47,2012-06-01 09:30,129.41,-0.015668973910397788,-0.015868973910397786,next_open
long,2012-06-01 16:00,128.16,2012-06-04 09:30,128.38999999999999,0.0017946317103618714,0.0015946317103618713,next_open
long,2012-06-04 16:00,128.09999999999999,2012-06-05 09:30,127.84999999999999,-0.0019516003122560521,-0.0021516003122560522,next_open
long,2012-06-05 16:00,129.06999999999999,2012-06-06 09:30,129.97,0.0069729604090804642,0.0067729604090804646,next_open
long,2012-06-06 16:00,131.97,2012-06-07 09:30,133.47,0.011366219595362548,0.011166219595362547,next_open
long,2012-06-07 16:00,132.05000000000001,2012-06-08 09:30,131.71000000000001,-0.0025747822794396358,-0.0027747822794396359,next_open
long,2012-06-08 16:00,133.09999999999999,2012-06-11 09:30,134.16999999999999,0.0080390683696467402,0.0078390683696467397,next_open
long,2012-06-11 16:00,131.41999999999999,2012-06-12 09:30,131.78999999999999,0.0028154010044134647,0.0026154010044134647,next_open
long,2012-06-12 16:00,132.91999999999999,2012-06-13 09:30,132.53,-0.0029340956966595888,-0.0031340956966595889,next_open
long,2012-06-13 16:00,132.06999999999999,2012-06-14 09:30,132.34,0.0020443704096313464,0.0018443704096313463,next_open
long,2012-06-14 16:00,133.47,2012-06-15 09:30,133.38,-0.0006743088334457692,-0.00087430883344576918,next_open
long,2012-06-15 16:00,134.13999999999999,2012-06-18 09:30,133.58000000000001,-0.0041747428060233682,-0.0043747428060233679,next_open
long,2012-06-18 16:00,134.40000000000001,2012-06-19 09:30,135.08000000000001,0.0050595238095239026,0.0048595238095239029,next_open
long,2012-06-19 16:00,135.69999999999999,2012-06-20 09:30,135.71000000000001,7.369196757567309e-05,-0.00012630803242432692,next_open
long,2012-06-20 16:00,135.47999999999999,2012-06-21 09:30,135.63999999999999,0.001180986123413108,0.00098098612341310796,next_open
long,2012-06-21 16:00,132.44,2012-06-22 09:30,133.13,0.0052099063726971373,0.0050099063726971376,next_open
long,2012-06-22 16:00,133.46000000000001,2012-06-25 09:30,132.05000000000001,-0.010564963284879325,-0.010764963284879326,next_open
long,2012-06-25 16:00,131.31999999999999,2012-06-26 09:30,131.69999999999999,0.0028936947913493771,0.002693694791349377,next_open
long,2012-06-26 16:00,131.97999999999999,2012-06-27 09:30,132.41999999999999,0.0033338384603727178,0.0031338384603727177,next_open
long,2012-06-27 16:00,133.16999999999999,2012-06-28 09:30,132.28999999999999,-0.0066080949162724556,-0.0068080949162724553,next_open
long,2012-06-28 16:00,132.78999999999999,2012-06-29 09:30,135.19999999999999,0.018148956999774146,0.017948956999774147,next_open
long,2012-06-29 16:00,136.11000000000001,2012-07-02 09:30,136.47999999999999,0.0027183895378735112,0.0025183895378735111,next_open
long,2012-07-02 16:00,136.50999999999999,2012-07-03 09:30,136.47999999999999,-0.0002197641198447009,-0.00041976411984470088,next_open
long,2012-07-03 16:00,137.41,2012-07-05 09:30,136.90000000000001,-0.0037115202678116299,-0.0039115202678116296,next_open
long,2012-07-05 16:00,136.78999999999999,2012-07-06 09:30,135.47,-0.009649828203815991,-0.0098498282038159916,next_open
long,2012-07-06 16:00,135.49000000000001,2012-07-09 09:30,135.38,-0.00081186803454136314,-0.0010118680345413632,next_open
long,2012-07-09 16:00,135.31999999999999,2012-07-10 09:30,136.00999999999999,0.0050990245344368912,0.0048990245344368915,next_open
long,2012-07-10 16:00,134.13999999999999,2012-07-11 09:30,134.21000000000001,0.00052184285075318471,0.00032184285075318472,next_open
long,2012-07-11 16:00,134.16,2012-07-12 09:30,133.38,-0.0058139534883721034,-0.006013953488372103,next_open
long,2012-07-12 16:00,133.50999999999999,2012-07-13 09:30,133.86000000000001,0.0026215264774176461,0.002421526477417646,next_open
long,2012-07-13 16:00,135.75,2012-07-16 09:30,135.44,-0.002283609576427259,-0.0024836095764272591,next_open
long,2012-07-16 16:00,135.43000000000001,2012-07-17 09:30,135.97,0.0039872997120282694,0.0037872997120282693,next_open
long,2012-07-17 16:00,136.36000000000001,2012-07-18 09:30,136.03999999999999,-0.0023467292461133438,-0.0025467292461133439,next_open
long,2012-07-18 16:00,137.37,2012-07-19 09:30,137.65000000000001,0.0020382907476159673,0.0018382907476159672,next_open
long,2012-07-19 16:00,137.72999999999999,2012-07-20 09:30,136.94999999999999,-0.0056632541929863001,-0.0058632541929862997,next_open
long,2012-07-20 16:00,136.47,2012-07-23 09:30,134.47,-0.014655235582912041,-0.014855235582912041,next_open
long,2012-07-23 16:00,135.09,2012-07-24 09:30,135.19,0.00074024724257903962,0.00054024724257903964,next_open
long,2012-07-24 16:00,133.93000000000001,2012-07-25 09:30,134.21000000000001,0.0020906443664601149,0.0018906443664601148,next_open
long,2012-07-25 16:00,133.96000000000001,2012-07-26 09:30,135.88999999999999,0.014407285756942168,0.014207285756942167,next_open
long,2012-07-26 16:00,136.16999999999999,2012-07-27 09:30,136.88999999999999,0.0052875082617316327,0.005087508261731633,next_open
long,2012-07-27 16:00,138.68000000000001,2012-07-30 09:30,138.52000000000001,-0.0011537352177675153,-0.0013537352177675154,next_open
long,2012-07-30 16:00,138.68000000000001,2012-07-31 09:30,138.49000000000001,-0.0013700605710988967,-0.0015700605710988968,next_open
long,2012-07-31 16:00,137.71000000000001,2012-08-01 09:30,138.69999999999999,0.0071890204051991979,0.0069890204051991983,next_open
long,2012-08-01 16:00,137.59,2012-08-02 09:30,136.55000000000001,-0.0075586888582018785,-0.0077586888582018782,next_open
long,2012-08-02 16:00,136.63999999999999,2012-08-03 09:30,138.56,0.014051522248243575,0.013851522248243575,next_open
long,2012-08-03 16:00,139.34999999999999,2012-08-06 09:30,139.72,0.0026551847865088352,0.0024551847865088351,next_open
long,2012-08-06 16:00,139.62,2012-08-07 09:30,140.18000000000001,0.0040108866924508657,0.0038108866924508656,next_open
long,2012-08-07 16:00,140.31999999999999,2012-08-08 09:30,139.84999999999999,-0.0033494868871151162,-0.0035494868871151163,next_open
long,2012-08-08 16:00,140.49000000000001,2012-08-09 09:30,140.28999999999999,-0.0014235888675351305,-0.0016235888675351306,next_open
long,2012-08-09 16:00,140.61000000000001,2012-08-10 09:30,140.03999999999999,-0.0040537657350119272,-0.0042537657350119268,next_open
long,2012-08-10 16:00,140.84,2012-08-13 09:30,140.59999999999999,-0.0017040613462084853,-0.0019040613462084854,next_open
long,2012-08-13 16:00,140.77000000000001,2012-08-14 09:30,141.28999999999999,0.0036939688854158437,0.0034939688854158436,next_open
long,2012-08-14 16:00,140.78999999999999,2012-08-15 09:30,140.63999999999999,-0.0010654165778819502,-0.0012654165778819503,next_open
long,2012-08-15 16:00,140.94999999999999,2012-08-16 09:30,141.15000000000001,0.0014189428875488463,0.0012189428875488463,next_open
long,2012-08-16 16:00,141.99000000000001,2012-08-17 09:30,142.22999999999999,0.0016902598774559685,0.0014902598774559684,next_open
long,2012-08-17 16:00,142.18000000000001,2012-08-20 09:30,141.97999999999999,-0.0014066676044451887,-0.0016066676044451888,next_open
long,2012-08-20 16:00,142.19,2012-08-21 09:30,142.53999999999999,0.0024614951825021603,0.0022614951825021602,next_open
long,2012-08-21 16:00,141.75999999999999,2012-08-22 09:30,141.40000000000001,-0.0025395033860043936,-0.0027395033860043937,next_open
long,2012-08-22 16:00,141.81999999999999,2012-08-23 09:30,141.47,-0.0024679170779861037,-0.0026679170779861038,next_open
long,2012-08-23 16:00,140.66999999999999,2012-08-24 09:30,140.31,-0.0025591810620599897,-0.0027591810620599898,next_open
long,2012-08-24 16:00,141.50999999999999,2012-08-27 09:30,141.88999999999999,0.0026853225920429047,0.0024853225920429046,next_open
long,2012-08-27 16:00,141.53999999999999,2012-08-28 09:30,141.18000000000001,-0.0025434506146670977,-0.0027434506146670977,next_open
long,2012-08-28 16:00,141.40000000000001,2012-08-29 09:30,141.52000000000001,0.00084865629420094457,0.00064865629420094459,next_open
long,2012-08-29 16:00,141.50999999999999,2012-08-30 09:30,140.90000000000001,-0.0043106494240688908,-0.0045106494240688905,next_open
long,2012-08-30 16:00,140.49000000000001,2012-08-31 09:30,141.28999999999999,0.0056943554701400778,0.0054943554701400782,next_open
long,2012-08-31 16:00,141.16,2012-09-04 09:30,141.03999999999999,-0.0008500991782375289,-0.001050099178237529,next_open
long,2012-09-04 16:00,141.03,2012-09-05 09:30,141.09,0.00042544139544786752,0.00022544139544786751,next_open
long,2012-09-05 16:00,140.91,2012-09-06 09:30,141.75999999999999,0.0060322191469732722,0.0058322191469732726,next_open
long,2012-09-06 16:00,143.77000000000001,2012-09-07 09:30,144.00999999999999,0.0016693329623702624,0.0014693329623702623,next_open
long,2012-09-07 16:00,144.33000000000001,2012-09-10 09:30,144.19,-0.00096999930714347649,-0.0011699993071434766,next_open
long,2012-09-10 16:00,143.50999999999999,2012-09-11 09:30,143.59999999999999,0.00062713399763092426,0.00042713399763092427,next_open
long,2012-09-11 16:00,143.91,2012-09-12 09:30,144.38999999999999,0.0033354179695641584,0.0031354179695641583,next_open
long,2012-09-12 16:00,144.38999999999999,2012-09-13 09:30,144.37,-0.00013851374748929945,-0.00033851374748929944,next_open
long,2012-09-13 16:00,146.59,2012-09-14 09:30,146.88,0.0019783068422130068,0.0017783068422130067,next_open
long,2012-09-14 16:00,147.24000000000001,2012-09-17 09:30,146.94,-0.0020374898125510299,-0.00223748981255103,next_open
long,2012-09-17 16:00,146.74000000000001,2012-09-18 09:30,146.49000000000001,-0.0017036936077415854,-0.0019036936077415855,next_open
long,2012-09-18 16:00,146.62,2012-09-19 09:30,146.78999999999999,0.0011594598281270407,0.00095945982812704075,next_open
long,2012-09-19 16:00,146.69999999999999,2012-09-20 09:30,146.03,-0.0045671438309474732,-0.0047671438309474729,next_open
long,2012-09-20 16:00,146.71000000000001,2012-09-21 09:30,146.63999999999999,-0.00047713175652663864,-0.00067713175652663862,next_open
long,2012-09-21 16:00,145.87,2012-09-24 09:30,145.15000000000001,-0.0049359018303969382,-0.0051359018303969379,next_open
long,2012-09-24 16:00,145.65000000000001,2012-09-25 09:30,145.96000000000001,0.0021283899759698688,0.0019283899759698687,next_open
long,2012-09-25 16:00,144.09999999999999,2012-09-26 09:30,144.06,-0.00027758501040942019,-0.00047758501040942017,next_open
long,2012-09-26 16:00,143.30000000000001,2012-09-27 09:30,143.88999999999999,0.0041172365666433119,0.0039172365666433123,next_open
long,2012-09-27 16:00,144.63999999999999,2012-09-28 09:30,144.09,-0.003802544247787476,-0.0040025442477874757,next_open
long,2012-09-28 16:00,143.97,2012-10-01 09:30,144.52000000000001,0.0038202403278462249,0.0036202403278462248,next_open
long,2012-10-01 16:00,144.34999999999999,2012-10-02 09:30,144.91999999999999,0.0039487357118115352,0.0037487357118115351,next_open
long,2012-10-02 16:00,144.5,2012-10-03 09:30,144.88999999999999,0.0026989619377162377,0.0024989619377162376,next_open
long,2012-10-03 16:00,145.09,2012-10-04 09:30,145.63999999999999,0.0037907505686125553,0.0035907505686125552,next_open
long,2012-10-04 16:00,146.13,2012-10-05 09:30,146.91,0.0053377129952780766,0.005137712995278077,next_open
long,2012-10-05 16:00,146.13999999999999,2012-10-08 09:30,145.59999999999999,-0.0036950869029697131,-0.0038950869029697132,next_open
long,2012-10-08 16:00,145.63999999999999,2012-10-09 09:30,145.53,-0.00075528700906335455,-0.00095528700906335454,next_open
long,2012-10-09 16:00,144.19999999999999,2012-10-10 09:30,144.18000000000001,-0.00013869625520102069,-0.00033869625520102067,next_open
long,2012-10-10 16:00,143.28,2012-10-11 09:30,144.28,0.0069793411501954949,0.0067793411501954953,next_open
long,2012-10-11 16:00,143.36000000000001,2012-10-12 09:30,143.46000000000001,0.0006975446428572063,0.00049754464285720632,next_open
long,2012-10-12 16:00,142.88999999999999,2012-10-15 09:30,143.22999999999999,0.0023794527258731435,0.0021794527258731434,next_open
long,2012-10-15 16:00,144.08000000000001,2012-10-16 09:30,144.75999999999999,0.0047196002220986077,0.0045196002220986081,next_open
long,2012-10-16 16:00,145.53999999999999,2012-10-17 09:30,145.63999999999999,0.00068709633090557887,0.00048709633090557888,next_open
long,2012-10-17 16:00,146.19999999999999,2012-10-18 09:30,145.81999999999999,-0.0025991792065662711,-0.0027991792065662712,next_open
long,2012-10-18 16:00,145.81999999999999,2012-10-19 09:30,145.55000000000001,-0.0018515978603756977,-0.0020515978603756978,next_open
long,2012-10-19 16:00,143.38999999999999,2012-10-22 09:30,143.15000000000001,-0.0016737568868120389,-0.001873756886812039,next_open
long,2012-10-22 16:00,143.41,2012-10-23 09:30,141.86000000000001,-0.010808172372916647,-0.011008172372916647,next_open
long,2012-10-23 16:00,141.41999999999999,2012-10-24 09:30,141.93000000000001,0.0036062791684345896,0.0034062791684345895,next_open
long,2012-10-24 16:00,141.02000000000001,2012-10-25 09:30,142.02000000000001,0.0070911927386185791,0.0068911927386185795,next_open
long,2012-10-25 16:00,141.43000000000001,2012-10-26 09:30,141.30000000000001,-0.00091918263451884474,-0.0011191826345188448,next_open
long,2012-10-26 16:00,141.34999999999999,2012-10-31 09:30,141.84999999999999,0.0035373187124159156,0.0033373187124159155,next_open
long,2012-10-31 16:00,141.34999999999999,2012-11-01 09:30,141.65000000000001,0.002122391227449727,0.0019223912274497269,next_open
long,2012-11-01 16:00,142.83000000000001,2012-11-02 09:30,143.68000000000001,0.0059511307148358839,0.0057511307148358842,next_open
long,2012-11-02 16:00,141.56,2012-11-05 09:30,141.34999999999999,-0.0014834699067534096,-0.0016834699067534097,next_open
long,2012-11-05 16:00,141.84999999999999,2012-11-06 09:30,142.28,0.0030313711667253607,0.0028313711667253606,next_open
long,2012-11-06 16:00,142.96000000000001,2012-11-07 09:30,141.66,-0.0090934527140459354,-0.0092934527140459359,next_open
long,2012-11-07 16:00,139.72,2012-11-08 09:30,139.69999999999999,-0.00014314342971666338,-0.00034314342971666337,next_open
long,2012-11-08 16:00,138.03999999999999,2012-11-09 09:30,137.62,-0.0030425963488842633,-0.0032425963488842634,next_open
long,2012-11-09 16:00,138.16,2012-11-12 09:30,138.59,0.0031123335263463225,0.0029123335263463225,next_open
long,2012-11-12 16:00,138.27000000000001,2012-11-13 09:30,137.53999999999999,-0.0052795255659219276,-0.0054795255659219272,next_open
long,2012-11-13 16:00,137.78999999999999,2012-11-14 09:30,138.21000000000001,0.003048116699325254,0.0028481166993252539,next_open
long,2012-11-14 16:00,135.93000000000001,2012-11-15 09:30,135.97999999999999,0.00036783638637527538,0.00016783638637527537,next_open
long,2012-11-15 16:00,135.69999999999999,2012-11-16 09:30,135.90000000000001,0.0014738393515107973,0.0012738393515107972,next_open
long,2012-11-16 16:00,136.37,2012-11-19 09:30,137.90000000000001,0.01121947642443355,0.011019476424433549,next_open
long,2012-11-19 16:00,139.13,2012-11-20 09:30,138.91,-0.0015812549414216948,-0.0017812549414216949,next_open
long,2012-11-20 16:00,139.19,2012-11-21 09:30,139.31,0.0008621309002083688,0.00066213090020836882,next_open
long,2012-11-21 16:00,139.44999999999999,2012-11-23 09:30,140.13,0.0048762997490139348,0.0046762997490139352,next_open
long,2012-11-23 16:00,141.34999999999999,2012-11-26 09:30,140.65000000000001,-0.0049522461973823262,-0.0051522461973823258,next_open
long,2012-11-26 16:00,141.05000000000001,2012-11-27 09:30,140.91,-0.00099255583126556246,-0.0011925558312655626,next_open
long,2012-11-27 16:00,140.33000000000001,2012-11-28 09:30,139.75999999999999,-0.0040618542008125091,-0.0042618542008125088,next_open
long,2012-11-28 16:00,141.46000000000001,2012-11-29 09:30,141.99000000000001,0.0037466421603280509,0.0035466421603280508,next_open
long,2012-11-29 16:00,142.12,2012-11-30 09:30,142.13999999999999,0.00014072614691795771,-5.9273853082042303e-05,next_open
long,2012-11-30 16:00,142.16,2012-12-03 09:30,142.80000000000001,0.0045019696117052366,0.0043019696117052369,next_open
long,2012-12-03 16:00,141.44999999999999,2012-12-04 09:30,141.44,-7.0696359137478737e-05,-0.00027069635913747872,next_open
long,2012-12-04 16:00,141.25,2012-12-05 09:30,141.37,0.00084955752212390045,0.00064955752212390047,next_open
long,2012-12-05 16:00,141.5,2012-12-06 09:30,141.37,-0.00091872791519431729,-0.0011187279151943174,next_open
long,2012-12-06 16:00,141.97999999999999,2012-12-07 09:30,142.53,0.0038737850401466822,0.0036737850401466821,next_open
long,2012-12-07 16:00,142.41999999999999,2012-12-10 09:30,142.21000000000001,-0.001474512006740536,-0.001674512006740536,next_open
long,2012-12-10 16:00,142.47,2012-12-11 09:30,143.06,0.0041412227135537716,0.0039412227135537719,next_open
long,2012-12-11 16:00,143.44,2012-12-12 09:30,144,0.0039040713887339429,0.0037040713887339428,next_open
long,2012-12-12 16:00,143.50999999999999,2012-12-13 09:30,143.41999999999999,-0.00062713399763081323,-0.00082713399763081322,next_open
long,2012-12-13 16:00,142.63,2012-12-14 09:30,142.31999999999999,-0.002173455794713619,-0.0023734557947136191,next_open
long,2012-12-14 16:00,142.11000000000001,2012-12-17 09:30,142.47,0.0025332488917035878,0.0023332488917035877,next_open
long,2012-12-17 16:00,143.77000000000001,2012-12-18 09:30,144,0.0015997774222715755,0.0013997774222715754,next_open
long,2012-12-18 16:00,145.37,2012-12-19 09:30,145.53,0.0011006397468529272,0.00090063974685292722,next_open
long,2012-12-19 16:00,144.28999999999999,2012-12-20 09:30,144.38,0.00062374384919272607,0.00042374384919272609,next_open
long,2012-12-20 16:00,145.12,2012-12-21 09:30,142.16999999999999,-0.020328004410143485,-0.020528004410143484,next_open
long,2012-12-21 16:00,142.78999999999999,2012-12-24 09:30,142.47999999999999,-0.0021710203795783922,-0.0023710203795783923,next_open
long,2012-12-24 16:00,142.34999999999999,2012-12-26 09:30,142.63999999999999,0.0020372321742183619,0.0018372321742183618,next_open
long,2012-12-26 16:00,141.75,2012-12-27 09:30,141.78999999999999,0.00028218694885362439,8.2186948853624377e-05,next_open
long,2012-12-27 16:00,141.56,2012-12-28 09:30,140.63999999999999,-0.0064990110200622286,-0.0066990110200622283,next_open
long,2012-12-28 16:00,140.03,2012-12-31 09:30,139.66,-0.002642290937656222,-0.0028422909376562221,next_open
long,2012-12-31 16:00,142.41,2013-01-02 09:30,145.11000000000001,0.01895934274278499,0.018759342742784992,next_open
long,2013-01-02 16:00,146.06,2013-01-03 09:30,145.99000000000001,-0.00047925510064350529,-0.00067925510064350528,next_open
long,2013-01-03 16:00,145.72999999999999,2013-01-04 09:30,145.97,0.0016468812186920534,0.0014468812186920533,next_open
long,2013-01-04 16:00,146.37,2013-01-07 09:30,145.84999999999999,-0.0035526405684225271,-0.0037526405684225272,next_open
long,2013-01-07 16:00,145.97,2013-01-08 09:30,145.71000000000001,-0.0017811879153249999,-0.001981187915325,next_open
long,2013-01-08 16:00,145.55000000000001,2013-01-09 09:30,145.87,0.002198557196839479,0.0019985571968394789,next_open
long,2013-01-09 16:00,145.91999999999999,2013-01-10 09:30,146.72999999999999,0.0055509868421053099,0.0053509868421053102,next_open
long,2013-01-10 16:00,147.08000000000001,2013-01-11 09:30,147.05000000000001,-0.00020397062822952172,-0.0004039706282295217,next_open
long,2013-01-11 16:00,147.06999999999999,2013-01-14 09:30,146.88999999999999,-0.0012239069830692895,-0.0014239069830692896,next_open
long,2013-01-14 16:00,146.97,2013-01-15 09:30,146.28999999999999,-0.0046267945839287838,-0.0048267945839287835,next_open
long,2013-01-15 16:00,147.06999999999999,2013-01-16 09:30,146.77000000000001,-0.0020398449717820011,-0.0022398449717820012,next_open
long,2013-01-16 16:00,147.05000000000001,2013-01-17 09:30,147.69999999999999,0.0044202652159128775,0.0042202652159128778,next_open
long,2013-01-17 16:00,148,2013-01-18 09:30,147.97,-0.00020270270270272839,-0.00040270270270272837,next_open
long,2013-01-18 16:00,148.33000000000001,2013-01-22 09:30,148.33000000000001,0,-0.00020000000000000001,next_open
long,2013-01-22 16:00,149.13,2013-01-23 09:30,149.13,0,-0.00020000000000000001,next_open
long,2013-01-23 16:00,149.37,2013-01-24 09:30,149.15000000000001,-0.0014728526477874038,-0.0016728526477874039,next_open
long,2013-01-24 16:00,149.41,2013-01-25 09:30,149.88,0.0031457064453517258,0.0029457064453517257,next_open
long,2013-01-25 16:00,150.25,2013-01-28 09:30,150.28999999999999,0.00026622296173028914,6.6222961730289133e-05,next_open
long,2013-01-28 16:00,150.06999999999999,2013-01-29 09:30,149.77000000000001,-0.0019990671020189144,-0.0021990671020189144,next_open
long,2013-01-29 16:00,150.66,2013-01-30 09:30,150.63999999999999,-0.00013274923669193139,-0.00033274923669193138,next_open
long,2013-01-30 16:00,150.06999999999999,2013-01-31 09:30,149.88999999999999,-0.0011994402612114374,-0.0013994402612114375,next_open
long,2013-01-31 16:00,149.69999999999999,2013-02-01 09:30,150.65000000000001,0.0063460253841016723,0.0061460253841016726,next_open
long,2013-02-01 16:00,151.24000000000001,2013-02-04 09:30,150.31999999999999,-0.006083046813012527,-0.0062830468130125267,next_open
long,2013-02-04 16:00,149.53999999999999,2013-02-05 09:30,150.34999999999999,0.0054166109402167262,0.0052166109402167265,next_open
long,2013-02-05 16:00,151.05000000000001,2013-02-06 09:30,150.52000000000001,-0.0035087719298245723,-0.0037087719298245724,next_open
long,2013-02-06 16:00,151.16,2013-02-07 09:30,151.21000000000001,0.00033077533739089837,0.00013077533739089836,next_open
long,2013-02-07 16:00,150.96000000000001,2013-02-08 09:30,151.22,0.0017223105458399335,0.0015223105458399334,next_open
long,2013-02-08 16:00,151.80000000000001,2013-02-11 09:30,151.74000000000001,-0.00039525691699604515,-0.00059525691699604513,next_open
long,2013-02-11 16:00,151.77000000000001,2013-02-12 09:30,151.78,6.5889174408528817e-05,-0.00013411082559147119,next_open
long,2013-02-12 16:00,152.02000000000001,2013-02-13 09:30,152.33000000000001,0.0020392053677147359,0.0018392053677147358,next_open
long,2013-02-13 16:00,152.15000000000001,2013-02-14 09:30,151.69,-0.0030233322379231709,-0.0032233322379231709,next_open
long,2013-02-14 16:00,152.28999999999999,2013-02-15 09:30,152.43000000000001,0.00091929870641549449,0.00071929870641549451,next_open
long,2013-02-15 16:00,152.11000000000001,2013-02-19 09:30,152.37,0.0017092893300900691,0.001509289330090069,next_open
long,2013-02-19 16:00,153.25,2013-02-20 09:30,153.13999999999999,-0.00071778140293643489,-0.00091778140293643487,next_open
long,2013-02-20 16:00,151.34,2013-02-21 09:30,150.96000000000001,-0.0025109026034094706,-0.0027109026034094707,next_open
long,2013-02-21 16:00,150.41999999999999,2013-02-22 09:30,151.15000000000001,0.0048530780481319535,0.0046530780481319539,next_open
long,2013-02-22 16:00,151.88999999999999,2013-02-25 09:30,152.63,0.0048719468036080293,0.0046719468036080297,next_open
long,2013-02-25 16:00,149,2013-02-26 09:30,149.72,0.0048322147651007619,0.0046322147651007622,next_open
long,2013-02-26 16:00,150.02000000000001,2013-02-27 09:30,149.88999999999999,-0.00086655112651656818,-0.0010665511265165683,next_open
long,2013-02-27 16:00,151.91,2013-02-28 09:30,151.90000000000001,-6.5828451056515469e-05,-0.00026582845105651545,next_open
long,2013-02-28 16:00,151.61000000000001,2013-03-01 09:30,151.09,-0.0034298529120770915,-0.0036298529120770916,next_open
long,2013-03-01 16:00,152.11000000000001,2013-03-04 09:30,151.75999999999999,-0.0023009664058906143,-0.0025009664058906144,next_open
long,2013-03-04 16:00,152.91999999999999,2013-03-05 09:30,153.66,0.0048391315720639483,0.0046391315720639486,next_open
long,2013-03-05 16:00,154.28999999999999,2013-03-06 09:30,154.84,0.0035647157949316721,0.003364715794931672,next_open
long,2013-03-06 16:00,154.5,2013-03-07 09:30,154.69999999999999,0.0012944983818770073,0.0010944983818770072,next_open
long,2013-03-07 16:00,154.78,2013-03-08 09:30,155.46000000000001,0.0043933324718956612,0.0041933324718956616,next_open
long,2013-03-08 16:00,155.44,2013-03-11 09:30,155.33000000000001,-0.00070766855378268101,-0.00090766855378268099,next_open
long,2013-03-11 16:00,156.03,2013-03-12 09:30,155.91999999999999,-0.00070499262962264719,-0.00090499262962264718,next_open
long,2013-03-12 16:00,155.68000000000001,2013-03-13 09:30,155.75999999999999,0.00051387461459384554,0.00031387461459384555,next_open
long,2013-03-13 16:00,155.91,2013-03-14 09:30,156.31,0.0025655827079726912,0.0023655827079726911,next_open
long,2013-03-14 16:00,156.72999999999999,2013-03-15 09:30,155.84999999999999,-0.0056147514834428147,-0.0058147514834428144,next_open
long,2013-03-15 16:00,155.83000000000001,2013-03-18 09:30,154.34,-0.0095617018545851584,-0.0097617018545851589,next_open
long,2013-03-18 16:00,154.97,2013-03-19 09:30,155.30000000000001,0.0021294444085953046,0.0019294444085953045,next_open
long,2013-03-19 16:00,154.61000000000001,2013-03-20 09:30,155.52000000000001,0.0058857771166160866,0.0056857771166160869,next_open
long,2013-03-20 16:00,155.69,2013-03-21 09:30,154.75999999999999,-0.0059734086967692113,-0.0061734086967692109,next_open
long,2013-03-21 16:00,154.36000000000001,2013-03-22 09:30,154.84999999999999,0.0031743975123088575,0.0029743975123088574,next_open
long,2013-03-22 16:00,155.59999999999999,2013-03-25 09:30,156.00999999999999,0.0026349614395886345,0.0024349614395886344,next_open
long,2013-03-25 16:00,154.94999999999999,2013-03-26 09:30,155.59,0.0041303646337529365,0.0039303646337529368,next_open
long,2013-03-26 16:00,156.19,2013-03-27 09:30,155.25999999999999,-0.0059542864459952716,-0.0061542864459952712,next_open
long,2013-03-27 16:00,156.19,2013-03-28 09:30,156.09,-0.00064024585440802806,-0.00084024585440802804,next_open
long,2013-03-28 16:00,156.66999999999999,2013-04-01 09:30,156.59,-0.00051062743345875461,-0.00071062743345875459,next_open
long,2013-04-01 16:00,156.05000000000001,2013-04-02 09:30,156.61000000000001,0.0035885933995514208,0.0033885933995514207,next_open
long,2013-04-02 16:00,156.81999999999999,2013-04-03 09:30,156.91,0.00057390638949117445,0.00037390638949117447,next_open
long,2013-04-03 16:00,155.22999999999999,2013-04-04 09:30,155.43000000000001,0.0012884107453456917,0.0010884107453456916,next_open
long,2013-04-04 16:00,155.86000000000001,2013-04-05 09:30,153.94999999999999,-0.012254587450276078,-0.012454587450276078,next_open
long,2013-04-05 16:00,155.16,2013-04-08 09:30,155.27000000000001,0.00070894560453726996,0.00050894560453726998,next_open
long,2013-04-08 16:00,156.21000000000001,2013-04-09 09:30,156.5,0.0018564752576659682,0.0016564752576659681,next_open
long,2013-04-09 16:00,156.75,2013-04-10 09:30,157.16999999999999,0.0026794258373203927,0.0024794258373203927,next_open
long,2013-04-10 16:00,158.66999999999999,2013-04-11 09:30,158.69999999999999,0.00018907165815851279,-1.092834184148722e-05,next_open
long,2013-04-11 16:00,159.19,2013-04-12 09:30,158.68000000000001,-0.0032037188265594541,-0.0034037188265594541,next_open
long,2013-04-12 16:00,158.80000000000001,2013-04-15 09:30,158,-0.0050377833753149082,-0.0052377833753149078,next_open
long,2013-04-15 16:00,155.12,2013-04-16 09:30,156.28999999999999,0.0075425477050024003,0.0073425477050024007,next_open
long,2013-04-16 16:00,157.41,2013-04-17 09:30,156.28999999999999,-0.0071151769264976572,-0.0073151769264976569,next_open
long,2013-04-17 16:00,155.11000000000001,2013-04-18 09:30,155.37,0.0016762297724195463,0.0014762297724195462,next_open
long,2013-04-18 16:00,154.13999999999999,2013-04-19 09:30,154.5,0.0023355391202803943,0.0021355391202803943,next_open
long,2013-04-19 16:00,155.47999999999999,2013-04-22 09:30,155.78,0.0019295086184718535,0.0017295086184718534,next_open
long,2013-04-22 16:00,156.16999999999999,2013-04-23 09:30,156.94999999999999,0.004994557213293227,0.0047945572132932273,next_open
long,2013-04-23 16:00,157.78,2013-04-24 09:30,157.83000000000001,0.00031689694511349842,0.00011689694511349841,next_open
long,2013-04-24 16:00,157.88,2013-04-25 09:30,158.34,0.0029136052698253145,0.0027136052698253144,next_open
long,2013-04-25 16:00,158.52000000000001,2013-04-26 09:30,158.33000000000001,-0.0011985869290941364,-0.0013985869290941365,next_open
long,2013-04-26 16:00,158.24000000000001,2013-04-29 09:30,158.66,0.0026541961577351003,0.0024541961577351002,next_open
long,2013-04-29 16:00,159.30000000000001,2013-04-30 09:30,159.27000000000001,-0.00018832391713752283,-0.00038832391713752282,next_open
long,2013-04-30 16:00,159.68000000000001,2013-05-01 09:30,159.33000000000001,-0.0021918837675349856,-0.0023918837675349857,next_open
long,2013-05-01 16:00,158.28,2013-05-02 09:30,158.68000000000001,0.0025271670457418516,0.0023271670457418515,next_open
long,2013-05-02 16:00,159.75,2013-05-03 09:30,161.13999999999999,0.0087010954616586478,0.0085010954616586473,next_open
long,2013-05-03 16:00,161.37,2013-05-06 09:30,161.49000000000001,0.00074363264547305796,0.00054363264547305798,next_open
long,2013-05-06 16:00,161.78,2013-05-07 09:30,162.13,0.0021634318209913239,0.0019634318209913238,next_open
long,2013-05-07 16:00,162.59999999999999,2013-05-08 09:30,162.41999999999999,-0.0011070110701107971,-0.0013070110701107972,next_open
long,2013-05-08 16:00,163.34,2013-05-09 09:30,163.27000000000001,-0.00042855393657392771,-0.00062855393657392769,next_open
long,2013-05-09 16:00,162.88,2013-05-10 09:30,162.99000000000001,0.00067534381139489064,0.00047534381139489065,next_open
long,2013-05-10 16:00,163.41,2013-05-13 09:30,163.19999999999999,-0.0012851110703140378,-0.0014851110703140379,next_open
long,2013-05-13 16:00,163.53999999999999,2013-05-14 09:30,163.66999999999999,0.00079491255961849916,0.00059491255961849918,next_open
long,2013-05-14 16:00,165.22999999999999,2013-05-15 09:30,164.96000000000001,-0.0016340858197663177,-0.0018340858197663178,next_open
long,2013-05-15 16:00,166.12,2013-05-16 09:30,165.78,-0.0020467132193595639,-0.0022467132193595639,next_open
long,2013-05-16 16:00,165.34,2013-05-17 09:30,165.94999999999999,0.0036893673642190983,0.0034893673642190982,next_open
long,2013-05-17 16:00,166.94,2013-05-20 09:30,166.78,-0.00095842817778846179,-0.0011584281777884619,next_open
long,2013-05-20 16:00,166.93000000000001,2013-05-21 09:30,167.08000000000001,0.00089858024321576302,0.00069858024321576304,next_open
long,2013-05-21 16:00,167.16999999999999,2013-05-22 09:30,167.34,0.0010169288747980954,0.00081692887479809537,next_open
long,2013-05-22 16:00,165.93000000000001,2013-05-23 09:30,164.16,-0.010667148797685821,-0.010867148797685822,next_open
long,2013-05-23 16:00,165.44999999999999,2013-05-24 09:30,164.47,-0.005923239649440859,-0.0061232396494408587,next_open
long,2013-05-24 16:00,165.31,2013-05-28 09:30,167.03999999999999,0.010465186619079248,0.010265186619079247,next_open
long,2013-05-28 16:00,166.30000000000001,2013-05-29 09:30,165.41999999999999,-0.0052916416115454945,-0.0054916416115454942,next_open
long,2013-05-29 16:00,165.22,2013-05-30 09:30,165.34999999999999,0.00078682968163668043,0.00058682968163668045,next_open
long,2013-05-30 16:00,165.83000000000001,2013-05-31 09:30,165.37,-0.0027739251040221902,-0.0029739251040221903,next_open
long,2013-05-31 16:00,163.44999999999999,2013-06-03 09:30,163.83000000000001,0.0023248699908229309,0.0021248699908229308,next_open
long,2013-06-03 16:00,164.34999999999999,2013-06-04 09:30,164.44,0.00054761180407658649,0.00034761180407658651,next_open
long,2013-06-04 16:00,163.56,2013-06-05 09:30,163.09,-0.0028735632183908288,-0.0030735632183908289,next_open
long,2013-06-05 16:00,161.27000000000001,2013-06-06 09:30,161.19999999999999,-0.00043405469089119464,-0.00063405469089119462,next_open
long,2013-06-06 16:00,162.72999999999999,2013-06-07 09:30,163.84999999999999,0.0068825662139742061,0.0066825662139742064,next_open
long,2013-06-07 16:00,164.80000000000001,2013-06-10 09:30,165.31,0.0030946601941745921,0.0028946601941745921,next_open
long,2013-06-10 16:00,164.80000000000001,2013-06-11 09:30,163.30000000000001,-0.0091019417475728392,-0.0093019417475728398,next_open
long,2013-06-11 16:00,163.09999999999999,2013-06-12 09:30,164.22,0.0068669527896996208,0.0066669527896996211,next_open
long,2013-06-12 16:00,161.75,2013-06-13 09:30,161.66,-0.00055641421947449921,-0.00075641421947449919,next_open
long,2013-06-13 16:00,164.21000000000001,2013-06-14 09:30,164.03,-0.0010961573594787666,-0.0012961573594787667,next_open
long,2013-06-14 16:00,163.18000000000001,2013-06-17 09:30,164.28999999999999,0.0068023042039464521,0.0066023042039464524,next_open
long,2013-06-17 16:00,164.44,2013-06-18 09:30,164.53,0.00054731208951586119,0.00034731208951586121,next_open
long,2013-06-18 16:00,165.74000000000001,2013-06-19 09:30,165.59999999999999,-0.00084469651261021017,-0.0010446965126102103,next_open
long,2013-06-19 16:00,163.44999999999999,2013-06-20 09:30,161.86000000000001,-0.0097277454879166614,-0.0099277454879166619,next_open
long,2013-06-20 16:00,159.40000000000001,2013-06-21 09:30,159.63999999999999,0.0015056461731490778,0.0013056461731490777,next_open
long,2013-06-21 16:00,159.06999999999999,2013-06-24 09:30,157.41,-0.010435657257811037,-0.010635657257811038,next_open
long,2013-06-24 16:00,157.06,2013-06-25 09:30,158.47999999999999,0.0090411307780464689,0.0088411307780464684,next_open
long,2013-06-25 16:00,158.58000000000001,2013-06-26 09:30,159.87,0.0081346954218690648,0.0079346954218690643,next_open
long,2013-06-26 16:00,160.13999999999999,2013-06-27 09:30,161.09999999999999,0.0059947545897340859,0.0057947545897340863,next_open
long,2013-06-27 16:00,161.08000000000001,2013-06-28 09:30,160.63,-0.0027936429103552207,-0.0029936429103552208,next_open
long,2013-06-28 16:00,160.41999999999999,2013-07-01 09:30,161.25999999999999,0.0052362548310684875,0.0050362548310684879,next_open
long,2013-07-01 16:00,161.36000000000001,2013-07-02 09:30,161.12,-0.0014873574615766882,-0.0016873574615766883,next_open
long,2013-07-02 16:00,161.21000000000001,2013-07-03 09:30,160.47999999999999,-0.0045282550710254998,-0.0047282550710254995,next_open
long,2013-07-03 16:00,161.28,2013-07-05 09:30,162.47,0.0073784722222220989,0.0071784722222220992,next_open
long,2013-07-05 16:00,163.02000000000001,2013-07-08 09:30,163.86000000000001,0.0051527419948473874,0.0049527419948473877,next_open
long,2013-07-08 16:00,163.94999999999999,2013-07-09 09:30,164.97999999999999,0.0062824031716985917,0.0060824031716985921,next_open
long,2013-07-09 16:00,165.13,2013-07-10 09:30,164.97,-0.00096893356749228055,-0.0011689335674922806,next_open
long,2013-07-10 16:00,165.19,2013-07-11 09:30,167.11000000000001,0.011622979599249517,0.011422979599249516,next_open
long,2013-07-11 16:00,167.44,2013-07-12 09:30,167.38999999999999,-0.00029861442904932645,-0.00049861442904932643,next_open
long,2013-07-12 16:00,167.50999999999999,2013-07-15 09:30,167.97,0.0027461047101666747,0.0025461047101666746,next_open
long,2013-07-15 16:00,168.16,2013-07-16 09:30,168.25999999999999,0.00059467174119887112,0.00039467174119887114,next_open
long,2013-07-16 16:00,167.53,2013-07-17 09:30,168.16,0.0037605205037902767,0.0035605205037902766,next_open
long,2013-07-17 16:00,167.94999999999999,2013-07-18 09:30,168.31,0.0021434950878238546,0.0019434950878238545,next_open
long,2013-07-18 16:00,168.87,2013-07-19 09:30,168.52000000000001,-0.0020726002250250897,-0.0022726002250250898,next_open
long,2013-07-19 16:00,169.16999999999999,2013-07-22 09:30,169.41,0.0014186912573150856,0.0012186912573150855,next_open
long,2013-07-22 16:00,169.5,2013-07-23 09:30,169.80000000000001,0.0017699115044247371,0.001569911504424737,next_open
long,2013-07-23 16:00,169.13999999999999,2013-07-24 09:30,169.78999999999999,0.0038429703204445609,0.0036429703204445608,next_open
long,2013-07-24 16:00,168.52000000000001,2013-07-25 09:30,168.22,-0.001780204130073626,-0.0019802041300736261,next_open
long,2013-07-25 16:00,168.93000000000001,2013-07-26 09:30,168.22,-0.0042029242881667095,-0.0044029242881667091,next_open
long,2013-07-26 16:00,169.11000000000001,2013-07-29 09:30,168.68000000000001,-0.0025427236709834045,-0.0027427236709834046,next_open
long,2013-07-29 16:00,168.59,2013-07-30 09:30,169.09999999999999,0.0030250904561361924,0.0028250904561361923,next_open
long,2013-07-30 16:00,168.59,2013-07-31 09:30,168.94,0.0020760424698973434,0.0018760424698973433,next_open
long,2013-07-31 16:00,168.71000000000001,2013-08-01 09:30,169.99000000000001,0.0075869835812933939,0.0073869835812933942,next_open
long,2013-08-01 16:00,170.66,2013-08-02 09:30,170.28,-0.0022266494784952684,-0.0024266494784952685,next_open
long,2013-08-02 16:00,170.94999999999999,2013-08-05 09:30,170.56999999999999,-0.0022228721848492894,-0.0024228721848492895,next_open
long,2013-08-05 16:00,170.69999999999999,2013-08-06 09:30,170.37,-0.0019332161687170002,-0.0021332161687170003,next_open
long,2013-08-06 16:00,169.72999999999999,2013-08-07 09:30,169.19,-0.0031815235962999733,-0.0033815235962999734,next_open
long,2013-08-07 16:00,169.18000000000001,2013-08-08 09:30,169.97999999999999,0.0047286913346731296,0.00452869133467313,next_open
long,2013-08-08 16:00,169.80000000000001,2013-08-09 09:30,169.58000000000001,-0.0012956419316842993,-0.0014956419316842994,next_open
long,2013-08-09 16:00,169.31,2013-08-12 09:30,168.46000000000001,-0.0050203768235780322,-0.0052203768235780318,next_open
long,2013-08-12 16:00,169.11000000000001,2013-08-13 09:30,169.41,0.0017739932588254348,0.0015739932588254347,next_open
long,2013-08-13 16:00,169.61000000000001,2013-08-14 09:30,169.53,-0.00047167030245864883,-0.00067167030245864881,next_open
long,2013-08-14 16:00,168.74000000000001,2013-08-15 09:30,167.41,-0.0078819485599147532,-0.0080819485599147537,next_open
long,2013-08-15 16:00,166.38,2013-08-16 09:30,166.06,-0.0019233080899145882,-0.0021233080899145883,next_open
long,2013-08-16 16:00,165.83000000000001,2013-08-19 09:30,165.63999999999999,-0.0011457516734005857,-0.0013457516734005858,next_open
long,2013-08-19 16:00,164.77000000000001,2013-08-20 09:30,165.03999999999999,0.0016386478121015458,0.0014386478121015457,next_open
long,2013-08-20 16:00,165.58000000000001,2013-08-21 09:30,165.12,-0.0027781132987075852,-0.0029781132987075853,next_open
long,2013-08-21 16:00,164.56,2013-08-22 09:30,164.90000000000001,0.0020661157024792765,0.0018661157024792764,next_open
long,2013-08-22 16:00,166.06,2013-08-23 09:30,166.55000000000001,0.002950740696133991,0.0027507406961339909,next_open
long,2013-08-23 16:00,166.62,2013-08-26 09:30,166.78999999999999,0.0010202856799903515,0.00082028567999035149,next_open
long,2013-08-26 16:00,166,2013-08-27 09:30,164.36000000000001,-0.0098795180722890397,-0.01007951807228904,next_open
long,2013-08-27 16:00,163.33000000000001,2013-08-28 09:30,163.25999999999999,-0.00042858017510571944,-0.00062858017510571942,next_open
long,2013-08-28 16:00,163.91,2013-08-29 09:30,163.55000000000001,-0.0021963272527605326,-0.0023963272527605327,next_open
long,2013-08-29 16:00,164.16999999999999,2013-08-30 09:30,164.50999999999999,0.0020710239386001472,0.0018710239386001471,next_open
long,2013-08-30 16:00,163.65000000000001,2013-09-03 09:30,165.22999999999999,0.0096547509929727493,0.0094547509929727488,next_open
long,2013-09-03 16:00,164.38999999999999,2013-09-04 09:30,164.43000000000001,0.00024332380315117419,4.332380315117418e-05,next_open
long,2013-09-04 16:00,165.75,2013-09-05 09:30,165.84999999999999,0.00060331825037707176,0.00040331825037707178,next_open
long,2013-09-05 16:00,165.96000000000001,2013-09-06 09:30,166.50999999999999,0.0033140515786935776,0.0031140515786935775,next_open
long,2013-09-06 16:00,166.03999999999999,2013-09-09 09:30,166.44999999999999,0.0024692845097566973,0.0022692845097566972,next_open
long,2013-09-09 16:00,167.63,2013-09-10 09:30,168.63999999999999,0.0060251744914394667,0.005825174491439467,next_open
long,2013-09-10 16:00,168.87,2013-09-11 09:30,168.63999999999999,-0.0013619944335880874,-0.0015619944335880875,next_open
long,2013-09-11 16:00,169.40000000000001,2013-09-12 09:30,169.34,-0.00035419126328217754,-0.00055419126328217752,next_open
long,2013-09-12 16:00,168.94999999999999,2013-09-13 09:30,169.13,0.0010654039656703418,0.00086540396567034181,next_open
long,2013-09-13 16:00,169.33000000000001,2013-09-16 09:30,171.16,0.010807299356286437,0.010607299356286437,next_open
long,2013-09-16 16:00,170.31,2013-09-17 09:30,170.46000000000001,0.00088074687334871449,0.0006807468733487145,next_open
long,2013-09-17 16:00,171.06999999999999,2013-09-18 09:30,171.00999999999999,-0.00035073361781723378,-0.00055073361781723376,next_open
long,2013-09-18 16:00,173.05000000000001,2013-09-19 09:30,173.52000000000001,0.0027159780410286327,0.0025159780410286326,next_open
long,2013-09-19 16:00,172.75999999999999,2013-09-20 09:30,172.33000000000001,-0.002489002083815528,-0.0026890020838155281,next_open
long,2013-09-20 16:00,170.72,2013-09-23 09:30,170.49000000000001,-0.0013472352389877207,-0.0015472352389877208,next_open
long,2013-09-23 16:00,169.93000000000001,2013-09-24 09:30,169.90000000000001,-0.000176543282528141,-0.00037654328252814098,next_open
long,2013-09-24 16:00,169.53,2013-09-25 09:30,169.63999999999999,0.00064885271043468862,0.00044885271043468864,next_open
long,2013-09-25 16:00,169.03999999999999,2013-09-26 09:30,169.31999999999999,0.0016564126833884529,0.0014564126833884528,next_open
long,2013-09-26 16:00,169.69,2013-09-27 09:30,168.84,-0.0050091343037302893,-0.005209134303730289,next_open
long,2013-09-27 16:00,168.91,2013-09-30 09:30,167.47999999999999,-0.0084660470072820404,-0.0086660470072820409,next_open
long,2013-09-30 16:00,168.00999999999999,2013-10-01 09:30,168.13999999999999,0.00077376346646040872,0.00057376346646040874,next_open
long,2013-10-01 16:00,169.34,2013-10-02 09:30,168.34999999999999,-0.0058462265265147861,-0.0060462265265147858,next_open
long,2013-10-02 16:00,169.18000000000001,2013-10-03 09:30,168.78999999999999,-0.0023052370256532173,-0.0025052370256532174,next_open
long,2013-10-03 16:00,167.62,2013-10-04 09:30,167.75,0.00077556377520582309,0.00057556377520582311,next_open
long,2013-10-04 16:00,168.88999999999999,2013-10-07 09:30,167.41999999999999,-0.0087038901059861562,-0.0089038901059861567,next_open
long,2013-10-07 16:00,167.43000000000001,2013-10-08 09:30,167.40000000000001,-0.00017917935853795086,-0.00037917935853795084,next_open
long,2013-10-08 16:00,165.47999999999999,2013-10-09 09:30,165.80000000000001,0.0019337684312303871,0.001733768431230387,next_open
long,2013-10-09 16:00,165.59999999999999,2013-10-10 09:30,167.28999999999999,0.010205314009661848,0.010005314009661847,next_open
long,2013-10-10 16:00,169.16999999999999,2013-10-11 09:30,168.91,-0.0015369155287580094,-0.0017369155287580095,next_open
long,2013-10-11 16:00,170.25999999999999,2013-10-14 09:30,169.21000000000001,-0.0061670386467753691,-0.0063670386467753687,next_open
long,2013-10-14 16:00,170.94,2013-10-15 09:30,170.50999999999999,-0.0025155025155025879,-0.0027155025155025879,next_open
long,2013-10-15 16:00,169.69999999999999,2013-10-16 09:30,170.72,0.0060106069534473505,0.0058106069534473509,next_open
long,2013-10-16 16:00,172.06999999999999,2013-10-17 09:30,171.37,-0.004068111814958919,-0.0042681118149589187,next_open
long,2013-10-17 16:00,173.22,2013-10-18 09:30,173.86000000000001,0.003694723473040229,0.0034947234730402289,next_open
long,2013-10-18 16:00,174.38999999999999,2013-10-21 09:30,174.44999999999999,0.00034405642525370261,0.0001440564252537026,next_open
long,2013-10-21 16:00,174.40000000000001,2013-10-22 09:30,174.91,0.0029243119266053608,0.0027243119266053607,next_open
long,2013-10-22 16:00,175.41,2013-10-23 09:30,174.81,-0.0034205575508807762,-0.0036205575508807763,next_open
long,2013-10-23 16:00,174.56999999999999,2013-10-24 09:30,174.91999999999999,0.0020049263905597137,0.0018049263905597136,next_open
long,2013-10-24 16:00,175.15000000000001,2013-10-25 09:30,175.50999999999999,0.0020553811019126123,0.0018553811019126122,next_open
long,2013-10-25 16:00,175.94999999999999,2013-10-28 09:30,175.88999999999999,-0.00034100596760444635,-0.00054100596760444633,next_open
long,2013-10-28 16:00,176.22999999999999,2013-10-29 09:30,176.63,0.002269761107643431,0.0020697611076434309,next_open
long,2013-10-29 16:00,177.16999999999999,2013-10-30 09:30,177.38,0.0011853022520742496,0.00098530225207424946,next_open
long,2013-10-30 16:00,176.28999999999999,2013-10-31 09:30,176.15000000000001,-0.00079414600941618563,-0.00099414600941618572,next_open
long,2013-10-31 16:00,175.78999999999999,2013-11-01 09:30,176.02000000000001,0.0013083793162296242,0.0011083793162296241,next_open
long,2013-11-01 16:00,176.21000000000001,2013-11-04 09:30,176.69,0.0027240224731852614,0.0025240224731852613,next_open
long,2013-11-04 16:00,176.83000000000001,2013-11-05 09:30,176.13999999999999,-0.0039020528190919501,-0.0041020528190919498,next_open
long,2013-11-05 16:00,176.27000000000001,2013-11-06 09:30,177.03,0.0043115674817042482,0.0041115674817042485,next_open
long,2013-11-06 16:00,177.16999999999999,2013-11-07 09:30,177.5,0.0018626178246883285,0.0016626178246883284,next_open
long,2013-11-07 16:00,174.93000000000001,2013-11-08 09:30,174.87,-0.00034299434059337219,-0.00054299434059337218,next_open
long,2013-11-08 16:00,177.28999999999999,2013-11-11 09:30,177.05000000000001,-0.0013537142534828517,-0.0015537142534828518,next_open
long,2013-11-11 16:00,177.31999999999999,2013-11-12 09:30,176.94,-0.0021430182720505453,-0.0023430182720505454,next_open
long,2013-11-12 16:00,176.96000000000001,2013-11-13 09:30,176.09,-0.0049163652802893809,-0.0051163652802893806,next_open
long,2013-11-13 16:00,178.38,2013-11-14 09:30,178.53999999999999,0.00089696154277385531,0.00069696154277385533,next_open
long,2013-11-14 16:00,179.27000000000001,2013-11-15 09:30,179.56,0.0016176716684330739,0.0014176716684330738,next_open
long,2013-11-15 16:00,180.05000000000001,2013-11-18 09:30,180.34999999999999,0.0016662038322687867,0.0014662038322687866,next_open
long,2013-11-18 16:00,179.41999999999999,2013-11-19 09:30,179.33000000000001,-0.0005016163192508305,-0.00070161631925083048,next_open
long,2013-11-19 16:00,179.03,2013-11-20 09:30,179.38999999999999,0.0020108361727084745,0.0018108361727084744,next_open
long,2013-11-20 16:00,178.47,2013-11-21 09:30,178.97,0.0028015913038605955,0.0026015913038605954,next_open
long,2013-11-21 16:00,179.91,2013-11-22 09:30,179.97999999999999,0.00038908343060417572,0.00018908343060417571,next_open
long,2013-11-22 16:00,180.81,2013-11-25 09:30,181.13,0.0017698136165034128,0.0015698136165034128,next_open
long,2013-11-25 16:00,180.63,2013-11-26 09:30,180.72,0.00049825610363729567,0.00029825610363729568,next_open
long,2013-11-26 16:00,180.68000000000001,2013-11-27 09:30,180.87,0.0010515829090103068,0.00085158290901030684,next_open
long,2013-11-27 16:00,181.12,2013-11-29 09:30,181.31999999999999,0.0011042402826855202,0.00090424028268552023,next_open
long,2013-11-29 16:00,181,2013-12-02 09:30,181.09,0.00049723756906083771,0.00029723756906083773,next_open
long,2013-12-02 16:00,180.53,2013-12-03 09:30,179.94,-0.0032681548773056956,-0.0034681548773056957,next_open
long,2013-12-03 16:00,179.75,2013-12-04 09:30,179.09999999999999,-0.003616133518776099,-0.0038161335187760991,next_open
long,2013-12-04 16:00,179.72999999999999,2013-12-05 09:30,179.41,-0.0017804484504534424,-0.0019804484504534424,next_open
long,2013-12-05 16:00,178.94,2013-12-06 09:30,180.66999999999999,0.0096680451548003532,0.0094680451548003527,next_open
long,2013-12-06 16:00,180.94,2013-12-09 09:30,181.47,0.0029291477837958269,0.0027291477837958268,next_open
long,2013-12-09 16:00,181.40000000000001,2013-12-10 09:30,180.97999999999999,-0.0023153252480706543,-0.0025153252480706544,next_open
long,2013-12-10 16:00,180.75,2013-12-11 09:30,180.81,0.00033195020746878967,0.00013195020746878966,next_open
long,2013-12-11 16:00,178.72,2013-12-12 09:30,178.63999999999999,-0.00044762757385863328,-0.00064762757385863326,next_open
long,2013-12-12 16:00,178.13,2013-12-13 09:30,178.5,0.0020771346769212773,0.0018771346769212772,next_open
long,2013-12-13 16:00,178.11000000000001,2013-12-16 09:30,178.94999999999999,0.0047161866262419583,0.0045161866262419586,next_open
long,2013-12-16 16:00,179.22,2013-12-17 09:30,179.36000000000001,0.0007811628166500828,0.00058116281665008282,next_open
long,2013-12-17 16:00,178.65000000000001,2013-12-18 09:30,178.91999999999999,0.0015113350125943725,0.0013113350125943724,next_open
long,2013-12-18 16:00,181.69999999999999,2013-12-19 09:30,181.19,-0.002806824435883315,-0.0030068244358833151,next_open
long,2013-12-19 16:00,181.49000000000001,2013-12-20 09:30,180.66999999999999,-0.0045181552702628913,-0.004718155270262891,next_open
long,2013-12-20 16:00,181.56,2013-12-23 09:30,182.41,0.0046816479400748623,0.0044816479400748626,next_open
long,2013-12-23 16:00,182.53,2013-12-24 09:30,182.53999999999999,5.4785514709942973e-05,-0.00014521448529005704,next_open
long,2013-12-24 16:00,182.93000000000001,2013-12-26 09:30,183.34,0.0022412944842289395,0.0020412944842289394,next_open
long,2013-12-26 16:00,183.86000000000001,2013-12-27 09:30,184.09999999999999,0.0013053410203414106,0.0011053410203414105,next_open
long,2013-12-27 16:00,183.84999999999999,2013-12-30 09:30,183.87,0.00010878433505578933,-9.1215664944210682e-05,next_open
long,2013-12-30 16:00,183.81999999999999,2013-12-31 09:30,184.06999999999999,0.0013600261125013002,0.0011600261125013001,next_open
long,2013-12-31 16:00,184.69,2014-01-02 09:30,183.97999999999999,-0.0038442796036601834,-0.0040442796036601831,next_open
long,2014-01-02 16:00,182.91999999999999,2014-01-03 09:30,183.21000000000001,0.0015853925213209497,0.0013853925213209496,next_open
long,2014-01-03 16:00,182.88999999999999,2014-01-06 09:30,183.47,0.0031713051561048644,0.0029713051561048643,next_open
long,2014-01-06 16:00,182.36000000000001,2014-01-07 09:30,183.09,0.0040030708488703048,0.0038030708488703048,next_open
long,2014-01-07 16:00,183.47999999999999,2014-01-08 09:30,183.44999999999999,-0.00016350555918898113,-0.00036350555918898111,next_open
long,2014-01-08 16:00,183.52000000000001,2014-01-09 09:30,184.09999999999999,0.0031604184829989723,0.0029604184829989722,next_open
long,2014-01-09 16:00,183.63999999999999,2014-01-10 09:30,183.94999999999999,0.0016880853844478683,0.0014880853844478682,next_open
long,2014-01-10 16:00,184.13999999999999,2014-01-13 09:30,183.71000000000001,-0.0023351797545344555,-0.0025351797545344556,next_open
long,2014-01-13 16:00,181.69,2014-01-14 09:30,182.28,0.0032472893389841051,0.003047289338984105,next_open
long,2014-01-14 16:00,183.66999999999999,2014-01-15 09:30,184.09999999999999,0.0023411553329339974,0.0021411553329339973,next_open
long,2014-01-15 16:00,184.66,2014-01-16 09:30,184.28,-0.0020578360229610571,-0.0022578360229610571,next_open
long,2014-01-16 16:00,184.41999999999999,2014-01-17 09:30,184.09999999999999,-0.0017351697212882877,-0.0019351697212882878,next_open
long,2014-01-17 16:00,183.63999999999999,2014-01-21 09:30,184.69999999999999,0.0057721629274667396,0.00557216292746674,next_open
long,2014-01-21 16:00,184.18000000000001,2014-01-22 09:30,184.49000000000001,0.0016831360625475522,0.0014831360625475521,next_open
long,2014-01-22 16:00,184.30000000000001,2014-01-23 09:30,183.36000000000001,-0.0051003798155181412,-0.0053003798155181409,next_open
long,2014-01-23 16:00,182.78999999999999,2014-01-24 09:30,181.59999999999999,-0.0065102029651512572,-0.0067102029651512568,next_open
long,2014-01-24 16:00,178.88999999999999,2014-01-27 09:30,179.06,0.0009503046564929285,0.00075030465649292852,next_open
long,2014-01-27 16:00,178.00999999999999,2014-01-28 09:30,178.13999999999999,0.00073029605078356319,0.00053029605078356321,next_open
long,2014-01-28 16:00,179.06999999999999,2014-01-29 09:30,177.56,-0.0084324565812251562,-0.0086324565812251567,next_open
long,2014-01-29 16:00,177.34999999999999,2014-01-30 09:30,178.86000000000001,0.0085142373837046037,0.0083142373837046032,next_open
long,2014-01-30 16:00,179.22999999999999,2014-01-31 09:30,177.02000000000001,-0.012330525023712458,-0.012530525023712458,next_open
long,2014-01-31 16:00,178.18000000000001,2014-02-03 09:30,177.94999999999999,-0.0012908294982603152,-0.0014908294982603153,next_open
long,2014-02-03 16:00,174.16999999999999,2014-02-04 09:30,174.94999999999999,0.0044783831888384196,0.0042783831888384199,next_open
long,2014-02-04 16:00,175.38999999999999,2014-02-05 09:30,174.78999999999999,-0.003420947602485902,-0.0036209476024859021,next_open
long,2014-02-05 16:00,175.16999999999999,2014-02-06 09:30,175.58000000000001,0.0023405834332363984,0.0021405834332363983,next_open
long,2014-02-06 16:00,177.47999999999999,2014-02-07 09:30,178.31,0.0046765832769890547,0.0044765832769890551,next_open
long,2014-02-07 16:00,179.68000000000001,2014-02-10 09:30,179.69999999999999,0.00011130899376654568,-8.8691006233454327e-05,next_open
long,2014-02-10 16:00,180.00999999999999,2014-02-11 09:30,180.16,0.0008332870396088321,0.00063328703960883212,next_open
long,2014-02-11 16:00,181.97999999999999,2014-02-12 09:30,182.22,0.0013188262446424126,0.0011188262446424125,next_open
long,2014-02-12 16:00,182.06999999999999,2014-02-13 09:30,180.84,-0.0067556434338440496,-0.0069556434338440493,next_open
long,2014-02-13 16:00,183.00999999999999,2014-02-14 09:30,182.84,-0.00092891098847047715,-0.0011289109884704772,next_open
long,2014-02-14 16:00,184.02000000000001,2014-02-18 09:30,184.19,0.00092381262906204853,0.00072381262906204855,next_open
long,2014-02-18 16:00,184.24000000000001,2014-02-19 09:30,183.75999999999999,-0.002605297438124321,-0.0028052974381243211,next_open
long,2014-02-19 16:00,183.02000000000001,2014-02-20 09:30,183.27000000000001,0.0013659709321385272,0.0011659709321385271,next_open
long,2014-02-20 16:00,184.09999999999999,2014-02-21 09:30,184.49000000000001,0.0021184139054861717,0.0019184139054861716,next_open
long,2014-02-21 16:00,183.88999999999999,2014-02-24 09:30,184.28,0.0021208331067485986,0.0019208331067485985,next_open
long,2014-02-24 16:00,184.91,2014-02-25 09:30,185.03,0.00064896436104056043,0.00044896436104056045,next_open
long,2014-02-25 16:00,184.84,2014-02-26 09:30,185.11000000000001,0.0014607227872756035,0.0012607227872756034,next_open
long,2014-02-26 16:00,184.84999999999999,2014-02-27 09:30,184.59,-0.0014065458479848303,-0.0016065458479848304,next_open
long,2014-02-27 16:00,185.81999999999999,2014-02-28 09:30,185.78999999999999,-0.00016144656118821654,-0.00036144656118821652,next_open
long,2014-02-28 16:00,186.28999999999999,2014-03-03 09:30,184.69,-0.0085887594610553064,-0.0087887594610553069,next_open
long,2014-03-03 16:00,184.97999999999999,2014-03-04 09:30,186.75,0.009568602011028382,0.0093686020110283815,next_open
long,2014-03-04 16:00,187.58000000000001,2014-03-05 09:30,187.72,0.00074634822475738716,0.00054634822475738718,next_open
long,2014-03-05 16:00,187.75,2014-03-06 09:30,188.21000000000001,0.0024500665778961483,0.0022500665778961483,next_open
long,2014-03-06 16:00,188.18000000000001,2014-03-07 09:30,188.87,0.0036667020937399819,0.0034667020937399818,next_open
long,2014-03-07 16:00,188.25999999999999,2014-03-10 09:30,187.94,-0.0016997769042812472,-0.0018997769042812473,next_open
long,2014-03-10 16:00,188.16,2014-03-11 09:30,188.44,0.0014880952380953438,0.0012880952380953437,next_open
long,2014-03-11 16:00,187.22999999999999,2014-03-12 09:30,186.31999999999999,-0.0048603322117182213,-0.0050603322117182209,next_open
long,2014-03-12 16:00,187.28,2014-03-13 09:30,187.84,0.0029901751388294873,0.0027901751388294872,next_open
long,2014-03-13 16:00,185.18000000000001,2014-03-14 09:30,184.80000000000001,-0.0020520574576088357,-0.0022520574576088358,next_open
long,2014-03-14 16:00,184.66,2014-03-17 09:30,185.59,0.0050362828982997154,0.0048362828982997158,next_open
long,2014-03-17 16:00,186.33000000000001,2014-03-18 09:30,186.71000000000001,0.0020393924757151627,0.0018393924757151626,next_open
long,2014-03-18 16:00,187.66,2014-03-19 09:30,187.69999999999999,0.00021315144410105624,1.3151444101056233e-05,next_open
long,2014-03-19 16:00,186.66,2014-03-20 09:30,186.25,-0.0021965070181078072,-0.0023965070181078073,next_open
long,2014-03-20 16:00,187.75,2014-03-21 09:30,187.72,-0.00015978695073237681,-0.00035978695073237679,next_open
long,2014-03-21 16:00,186.19999999999999,2014-03-24 09:30,186.81999999999999,0.0033297529538132142,0.0031297529538132141,next_open
long,2014-03-24 16:00,185.43000000000001,2014-03-25 09:30,186.37,0.0050692983875315623,0.0048692983875315626,next_open
long,2014-03-25 16:00,186.31,2014-03-26 09:30,187.03,0.0038645268638290986,0.0036645268638290985,next_open
long,2014-03-26 16:00,184.97,2014-03-27 09:30,184.77000000000001,-0.0010812564199599306,-0.0012812564199599307,next_open
long,2014-03-27 16:00,184.58000000000001,2014-03-28 09:30,185.11000000000001,0.0028713836818723415,0.0026713836818723414,next_open
long,2014-03-28 16:00,185.49000000000001,2014-03-31 09:30,186.65000000000001,0.0062537063992667008,0.0060537063992667011,next_open
long,2014-03-31 16:00,187.00999999999999,2014-04-01 09:30,187.62,0.0032618576546710187,0.0030618576546710186,next_open
long,2014-04-01 16:00,188.25,2014-04-02 09:30,188.5,0.0013280212483399723,0.0011280212483399722,next_open
long,2014-04-02 16:00,188.88,2014-04-03 09:30,189.16999999999999,0.0015353663701820341,0.0013353663701820341,next_open
long,2014-04-03 16:00,188.63,2014-04-04 09:30,189.63999999999999,0.005354397497746799,0.0051543974977467993,next_open
long,2014-04-04 16:00,186.40000000000001,2014-04-07 09:30,185.90000000000001,-0.0026824034334763658,-0.0028824034334763659,next_open
long,2014-04-07 16:00,184.34,2014-04-08 09:30,184.21000000000001,-0.00070521861777150807,-0.00090521861777150805,next_open
long,2014-04-08 16:00,185.09999999999999,2014-04-09 09:30,185.59999999999999,0.0027012425715828847,0.0025012425715828846,next_open
long,2014-04-09 16:00,187.09,2014-04-10 09:30,187.09,0,-0.00020000000000000001,next_open
long,2014-04-10 16:00,183.15000000000001,2014-04-11 09:30,182.16999999999999,-0.0053508053508054543,-0.0055508053508054539,next_open
long,2014-04-11 16:00,181.50999999999999,2014-04-14 09:30,182.93000000000001,0.0078232604264227845,0.0076232604264227849,next_open
long,2014-04-14 16:00,182.94,2014-04-15 09:30,183.31999999999999,0.0020771837761013323,0.0018771837761013322,next_open
long,2014-04-15 16:00,184.19999999999999,2014-04-16 09:30,185.47,0.0068946796959827861,0.0066946796959827864,next_open
long,2014-04-16 16:00,186.13,2014-04-17 09:30,185.88,-0.0013431472626659335,-0.0015431472626659336,next_open
long,2014-04-17 16:00,186.38999999999999,2014-04-21 09:30,186.44,0.00026825473469616057,6.8254734696160559e-05,next_open
long,2014-04-21 16:00,187.03999999999999,2014-04-22 09:30,187.22999999999999,0.0010158254918732901,0.00081582549187329009,next_open
long,2014-04-22 16:00,187.88999999999999,2014-04-23 09:30,187.81,-0.00042578104209900491,-0.0006257810420990049,next_open
long,2014-04-23 16:00,187.44999999999999,2014-04-24 09:30,188.37,0.0049079754601228931,0.0047079754601228934,next_open
long,2014-04-24 16:00,187.83000000000001,2014-04-25 09:30,187.21000000000001,-0.0033008571580684931,-0.0035008571580684932,next_open
long,2014-04-25 16:00,186.28999999999999,2014-04-28 09:30,187.05000000000001,0.0040796607440014565,0.0038796607440014564,next_open
long,2014-04-28 16:00,186.88,2014-04-29 09:30,187.47999999999999,0.0032106164383560731,0.003010616438356073,next_open
long,2014-04-29 16:00,187.75,2014-04-30 09:30,187.44,-0.0016511318242343753,-0.0018511318242343754,next_open
long,2014-04-30 16:00,188.31,2014-05-01 09:30,188.22,-0.00047793531942008638,-0.00067793531942008636,next_open
long,2014-05-01 16:00,188.33000000000001,2014-05-02 09:30,188.31,-0.00010619656985089154,-0.00030619656985089152,next_open
long,2014-05-02 16:00,188.06,2014-05-05 09:30,187.13999999999999,-0.0048920557268957721,-0.0050920557268957717,next_open
long,2014-05-05 16:00,188.41999999999999,2014-05-06 09:30,188,-0.0022290627321939205,-0.0024290627321939206,next_open
long,2014-05-06 16:00,186.78,2014-05-07 09:30,187.43000000000001,0.0034800299817967506,0.0032800299817967505,next_open
long,2014-05-07 16:00,187.88,2014-05-08 09:30,187.66999999999999,-0.0011177347242921076,-0.0013177347242921077,next_open
long,2014-05-08 16:00,187.68000000000001,2014-05-09 09:30,187.69,5.3282182438163517e-05,-0.00014671781756183649,next_open
long,2014-05-09 16:00,187.96000000000001,2014-05-12 09:30,188.75999999999999,0.004256224728665492,0.0040562247286654923,next_open
long,2014-05-12 16:00,189.78999999999999,2014-05-13 09:30,190.03,0.0012645555614099191,0.001064555561409919,next_open
long,2014-05-13 16:00,189.96000000000001,2014-05-14 09:30,189.78999999999999,-0.0008949252474206304,-0.0010949252474206305,next_open
long,2014-05-14 16:00,189.06,2014-05-15 09:30,188.66999999999999,-0.0020628371945414781,-0.0022628371945414782,next_open
long,2014-05-15 16:00,187.40000000000001,2014-05-16 09:30,187.50999999999999,0.0005869797225186435,0.00038697972251864352,next_open
long,2014-05-16 16:00,188.05000000000001,2014-05-19 09:30,187.69,-0.001914384472214925,-0.0021143844722149251,next_open
long,2014-05-19 16:00,188.74000000000001,2014-05-20 09:30,188.65000000000001,-0.00047684645544132653,-0.00067684645544132652,next_open
long,2014-05-20 16:00,187.55000000000001,2014-05-21 09:30,188.09999999999999,0.0029325513196480912,0.0027325513196480911,next_open
long,2014-05-21 16:00,189.13,2014-05-22 09:30,189.18000000000001,0.00026436842383548154,6.4368423835481527e-05,next_open
long,2014-05-22 16:00,189.59,2014-05-23 09:30,189.75,0.00084392636742447458,0.00064392636742447459,next_open
long,2014-05-23 16:00,190.34999999999999,2014-05-27 09:30,191.05000000000001,0.0036774363015499301,0.00347743630154993,next_open
long,2014-05-27 16:00,191.52000000000001,2014-05-28 09:30,191.52000000000001,0,-0.00020000000000000001,next_open
long,2014-05-28 16:00,191.38,2014-05-29 09:30,191.81999999999999,0.0022990908140871902,0.0020990908140871901,next_open
long,2014-05-29 16:00,192.37,2014-05-30 09:30,192.19,-0.00093569683422578542,-0.0011356968342257855,next_open
long,2014-05-30 16:00,192.68000000000001,2014-06-02 09:30,192.94999999999999,0.0014012871081585665,0.0012012871081585664,next_open
long,2014-06-02 16:00,192.90000000000001,2014-06-03 09:30,192.40000000000001,-0.0025920165889061764,-0.0027920165889061765,next_open
long,2014-06-03 16:00,192.80000000000001,2014-06-04 09:30,192.47,-0.0017116182572615157,-0.0019116182572615158,next_open
long,2014-06-04 16:00,193.19,2014-06-05 09:30,193.41,0.0011387752989284738,0.00093877529892847386,next_open
long,2014-06-05 16:00,194.44999999999999,2014-06-06 09:30,194.87,0.0021599382874775142,0.0019599382874775141,next_open
long,2014-06-06 16:00,195.38,2014-06-09 09:30,195.34999999999999,-0.00015354693417957144,-0.00035354693417957142,next_open
long,2014-06-09 16:00,195.58000000000001,2014-06-10 09:30,195.33000000000001,-0.0012782493097454051,-0.0014782493097454052,next_open
long,2014-06-10 16:00,195.59999999999999,2014-06-11 09:30,194.90000000000001,-0.0035787321063394106,-0.0037787321063394107,next_open
long,2014-06-11 16:00,194.91999999999999,2014-06-12 09:30,194.65000000000001,-0.0013851836650933258,-0.0015851836650933259,next_open
long,2014-06-12 16:00,193.53999999999999,2014-06-13 09:30,193.90000000000001,0.001860080603492964,0.0016600806034929639,next_open
long,2014-06-13 16:00,194.13,2014-06-16 09:30,193.88999999999999,-0.0012362849636842199,-0.00143628496368422,next_open
long,2014-06-16 16:00,194.28999999999999,2014-06-17 09:30,194.02000000000001,-0.0013896752277522406,-0.0015896752277522407,next_open
long,2014-06-17 16:00,194.83000000000001,2014-06-18 09:30,194.83000000000001,0,-0.00020000000000000001,next_open
long,2014-06-18 16:00,196.25999999999999,2014-06-19 09:30,196.43000000000001,0.0008661979007440479,0.00066619790074404792,next_open
long,2014-06-19 16:00,196.47999999999999,2014-06-20 09:30,196.03,-0.0022903094462539686,-0.0024903094462539687,next_open
long,2014-06-20 16:00,195.94,2014-06-23 09:30,195.97,0.00015310809431468009,-4.6891905685319922e-05,next_open
long,2014-06-23 16:00,195.88,2014-06-24 09:30,195.53,-0.0017868082499489235,-0.0019868082499489236,next_open
long,2014-06-24 16:00,194.69999999999999,2014-06-25 09:30,194.30000000000001,-0.0020544427324087344,-0.0022544427324087345,next_open
long,2014-06-25 16:00,195.58000000000001,2014-06-26 09:30,195.61000000000001,0.00015338991716951078,-4.6610082830489229e-05,next_open
long,2014-06-26 16:00,195.44,2014-06-27 09:30,194.97999999999999,-0.0023536635284486795,-0.0025536635284486796,next_open
long,2014-06-27 16:00,195.81999999999999,2014-06-30 09:30,195.69999999999999,-0.0006128076805229643,-0.00081280768052296429,next_open
long,2014-06-30 16:00,195.72,2014-07-01 09:30,196.19,0.0024013897404455697,0.0022013897404455697,next_open
long,2014-07-01 16:00,197.03,2014-07-02 09:30,197.05000000000001,0.00010150738466219167,-9.8492615337808341e-05,next_open
long,2014-07-02 16:00,197.22999999999999,2014-07-03 09:30,197.78999999999999,0.0028393246463520594,0.0026393246463520593,next_open
long,2014-07-03 16:00,198.19999999999999,2014-07-07 09:30,197.81999999999999,-0.0019172552976790547,-0.0021172552976790548,next_open
long,2014-07-07 16:00,197.50999999999999,2014-07-08 09:30,197.15000000000001,-0.0018226925218975953,-0.0020226925218975954,next_open
long,2014-07-08 16:00,196.24000000000001,2014-07-09 09:30,196.72999999999999,0.0024969425193639427,0.0022969425193639426,next_open
long,2014-07-09 16:00,197.12,2014-07-10 09:30,195.22,-0.0096387987012986898,-0.0098387987012986903,next_open
long,2014-07-10 16:00,196.34,2014-07-11 09:30,196.22,-0.00061118467963738876,-0.00081118467963738874,next_open
long,2014-07-11 16:00,196.61000000000001,2014-07-14 09:30,197.61000000000001,0.0050862112812166682,0.0048862112812166686,next_open
long,2014-07-14 16:00,197.59999999999999,2014-07-15 09:30,197.72,0.00060728744939275714,0.00040728744939275716,next_open
long,2014-07-15 16:00,197.22999999999999,2014-07-16 09:30,198.11000000000001,0.0044617958728390139,0.0042617958728390143,next_open
long,2014-07-16 16:00,197.96000000000001,2014-07-17 09:30,197.34999999999999,-0.003081430592038914,-0.0032814305920389141,next_open
long,2014-07-17 16:00,195.71000000000001,2014-07-18 09:30,196.34999999999999,0.0032701446017064928,0.0030701446017064927,next_open
long,2014-07-18 16:00,197.71000000000001,2014-07-21 09:30,197.09,-0.0031359061251328146,-0.0033359061251328147,next_open
long,2014-07-21 16:00,197.34,2014-07-22 09:30,198.00999999999999,0.0033951555690685531,0.003195155569068553,next_open
long,2014-07-22 16:00,198.19999999999999,2014-07-23 09:30,198.5,0.0015136226034309086,0.0013136226034309085,next_open
long,2014-07-23 16:00,198.63999999999999,2014-07-24 09:30,198.83000000000001,0.00095650422875559471,0.00075650422875559473,next_open
long,2014-07-24 16:00,198.65000000000001,2014-07-25 09:30,198.09,-0.002819028441983451,-0.0030190284419834511,next_open
long,2014-07-25 16:00,197.72,2014-07-28 09:30,197.75999999999999,0.00020230629172557357,2.3062917255735631e-06,next_open
long,2014-07-28 16:00,197.80000000000001,2014-07-29 09:30,198.16999999999999,0.0018705763397370845,0.0016705763397370844,next_open
long,2014-07-29 16:00,196.94999999999999,2014-07-30 09:30,197.65000000000001,0.003554201574003546,0.0033542015740035459,next_open
long,2014-07-30 16:00,196.97999999999999,2014-07-31 09:30,195.61000000000001,-0.0069550208142957759,-0.0071550208142957756,next_open
long,2014-07-31 16:00,193.09,2014-08-01 09:30,192.56,-0.002744834015226072,-0.002944834015226072,next_open
long,2014-08-01 16:00,192.5,2014-08-04 09:30,192.87,0.0019220779220778805,0.0017220779220778804,next_open
long,2014-08-04 16:00,193.88999999999999,2014-08-05 09:30,193.09999999999999,-0.0040744752179070476,-0.0042744752179070472,next_open
long,2014-08-05 16:00,192.00999999999999,2014-08-06 09:30,191.11000000000001,-0.0046872558720898461,-0.0048872558720898457,next_open
long,2014-08-06 16:00,192.06999999999999,2014-08-07 09:30,192.94,0.0045295985838496033,0.0043295985838496037,next_open
long,2014-08-07 16:00,191.03,2014-08-08 09:30,191.46000000000001,0.0022509553473277766,0.0020509553473277765,next_open
long,2014-08-08 16:00,193.24000000000001,2014-08-11 09:30,193.97,0.0037776857793416774,0.0035776857793416773,next_open
long,2014-08-11 16:00,193.80000000000001,2014-08-12 09:30,193.61000000000001,-0.00098039215686274161,-0.0011803921568627417,next_open
long,2014-08-12 16:00,193.53,2014-08-13 09:30,194.28999999999999,0.0039270397354413955,0.0037270397354413954,next_open
long,2014-08-13 16:00,194.84,2014-08-14 09:30,195.16,0.001642373229316263,0.0014423732293162629,next_open
long,2014-08-14 16:00,195.75999999999999,2014-08-15 09:30,196.47,0.0036268900694729211,0.0034268900694729211,next_open
long,2014-08-15 16:00,195.72,2014-08-18 09:30,196.80000000000001,0.0055180870631514889,0.0053180870631514892,next_open
long,2014-08-18 16:00,197.36000000000001,2014-08-19 09:30,197.84,0.0024321037697607739,0.0022321037697607738,next_open
long,2014-08-19 16:00,198.38999999999999,2014-08-20 09:30,198.12,-0.0013609556933312783,-0.0015609556933312784,next_open
long,2014-08-20 16:00,198.91999999999999,2014-08-21 09:30,199.09,0.00085461492057126165,0.00065461492057126167,next_open
long,2014-08-21 16:00,199.5,2014-08-22 09:30,199.34,-0.00080200501253135936,-0.0010020050125313595,next_open
long,2014-08-22 16:00,199.19,2014-08-25 09:30,200.13999999999999,0.0047693157287012067,0.004569315728701207,next_open
long,2014-08-25 16:00,200.19999999999999,2014-08-26 09:30,200.33000000000001,0.00064935064935078834,0.00044935064935078836,next_open
long,2014-08-26 16:00,200.33000000000001,2014-08-27 09:30,200.43000000000001,0.00049917635900764701,0.00029917635900764703,next_open
long,2014-08-27 16:00,200.25,2014-08-28 09:30,199.59,-0.0032958801498127466,-0.0034958801498127467,next_open
long,2014-08-28 16:00,200.13999999999999,2014-08-29 09:30,200.44999999999999,0.0015489157589687608,0.0013489157589687607,next_open
long,2014-08-29 16:00,200.71000000000001,2014-09-02 09:30,200.97,0.0012954013252952645,0.0010954013252952644,next_open
long,2014-09-02 16:00,200.61000000000001,2014-09-03 09:30,201.38,0.0038382932057223762,0.0036382932057223761,next_open
long,2014-09-03 16:00,200.5,2014-09-04 09:30,200.84,0.0016957605985037372,0.0014957605985037371,next_open
long,2014-09-04 16:00,200.21000000000001,2014-09-05 09:30,200.16999999999999,-0.00019979022026883619,-0.00039979022026883618,next_open
long,2014-09-05 16:00,201.11000000000001,2014-09-08 09:30,200.91999999999999,-0.00094475660086534852,-0.0011447566008653486,next_open
long,2014-09-08 16:00,200.59,2014-09-09 09:30,200.41,-0.0008973528092128813,-0.0010973528092128814,next_open
long,2014-09-09 16:00,199.31999999999999,2014-09-10 09:30,199.44,0.00060204695966281641,0.00040204695966281642,next_open
long,2014-09-10 16:00,200.06999999999999,2014-09-11 09:30,199.27000000000001,-0.0039986004898284744,-0.004198600489828474,next_open
long,2014-09-11 16:00,200.30000000000001,2014-09-12 09:30,200.09999999999999,-0.00099850224663011744,-0.0011985022466301175,next_open
long,2014-09-12 16:00,199.13,2014-09-15 09:30,199.16,0.00015065535077596337,-4.9344649224036639e-05,next_open
long,2014-09-15 16:00,198.97999999999999,2014-09-16 09:30,198.61000000000001,-0.0018594833651621734,-0.0020594833651621735,next_open
long,2014-09-16 16:00,200.47999999999999,2014-09-17 09:30,200.77000000000001,0.0014465283320033162,0.0012465283320033161,next_open
long,2014-09-17 16:00,200.75,2014-09-18 09:30,201.36000000000001,0.0030386052303861266,0.0028386052303861265,next_open
long,2014-09-18 16:00,201.81999999999999,2014-09-19 09:30,201.52000000000001,-0.0014864730948368488,-0.0016864730948368488,next_open
long,2014-09-19 16:00,200.69999999999999,2014-09-22 09:30,200.34999999999999,-0.0017438963627304238,-0.0019438963627304239,next_open
long,2014-09-22 16:00,199.15000000000001,2014-09-23 09:30,198.43000000000001,-0.0036153653025358112,-0.0038153653025358113,next_open
long,2014-09-23 16:00,198.00999999999999,2014-09-24 09:30,198.03999999999999,0.00015150749962122845,-4.8492500378771562e-05,next_open
long,2014-09-24 16:00,199.56,2014-09-25 09:30,199.03999999999999,-0.0026057326117459034,-0.0028057326117459035,next_open
long,2014-09-25 16:00,196.34,2014-09-26 09:30,196.69999999999999,0.0018335540389120553,0.0016335540389120552,next_open
long,2014-09-26 16:00,197.90000000000001,2014-09-29 09:30,196.19999999999999,-0.0085901970692269236,-0.0087901970692269241,next_open
long,2014-09-29 16:00,197.53999999999999,2014-09-30 09:30,197.69,0.00075933988053056289,0.00055933988053056291,next_open
long,2014-09-30 16:00,197.02000000000001,2014-10-01 09:30,196.69999999999999,-0.0016242005887727728,-0.0018242005887727729,next_open
long,2014-10-01 16:00,194.34999999999999,2014-10-02 09:30,194.18000000000001,-0.00087471057370713812,-0.0010747105737071382,next_open
long,2014-10-02 16:00,194.38,2014-10-03 09:30,195.68000000000001,0.00668793085708419,0.0064879308570841903,next_open
long,2014-10-03 16:00,196.52000000000001,2014-10-06 09:30,197.34,0.0041726032973743443,0.0039726032973743447,next_open
long,2014-10-06 16:00,196.28999999999999,2014-10-07 09:30,195.28,-0.0051454480615416021,-0.0053454480615416017,next_open
long,2014-10-07 16:00,193.25999999999999,2014-10-08 09:30,193.37,0.00056918141363970776,0.00036918141363970777,next_open
long,2014-10-08 16:00,196.63999999999999,2014-10-09 09:30,196.33000000000001,-0.0015764849471113784,-0.0017764849471113785,next_open
long,2014-10-09 16:00,192.74000000000001,2014-10-10 09:30,192.69,-0.00025941683096408763,-0.00045941683096408761,next_open
long,2014-10-10 16:00,190.53999999999999,2014-10-13 09:30,190.46000000000001,-0.00041985934711863404,-0.00061985934711863402,next_open
long,2014-10-13 16:00,187.41,2014-10-14 09:30,188.41999999999999,0.0053892535083506221,0.0051892535083506225,next_open
long,2014-10-14 16:00,187.69999999999999,2014-10-15 09:30,185.16,-0.013532232285561996,-0.013732232285561996,next_open
long,2014-10-15 16:00,186.43000000000001,2014-10-16 09:30,183.06,-0.018076489835326948,-0.018276489835326946,next_open
long,2014-10-16 16:00,186.27000000000001,2014-10-17 09:30,188.41999999999999,0.011542384710366616,0.011342384710366615,next_open
long,2014-10-17 16:00,188.47,2014-10-20 09:30,188.13,-0.0018040006367061601,-0.0020040006367061602,next_open
long,2014-10-20 16:00,190.30000000000001,2014-10-21 09:30,191.68000000000001,0.0072517078297424931,0.0070517078297424934,next_open
long,2014-10-21 16:00,194.06999999999999,2014-10-22 09:30,194.41,0.0017519451744216763,0.0015519451744216762,next_open
long,2014-10-22 16:00,192.69,2014-10-23 09:30,194.62,0.01001608801702214,0.0098160880170221395,next_open
long,2014-10-23 16:00,194.93000000000001,2014-10-24 09:30,195.25,0.0016416149386959678,0.0014416149386959677,next_open
long,2014-10-24 16:00,196.43000000000001,2014-10-27 09:30,195.72999999999999,-0.0035636104464695784,-0.0037636104464695785,next_open
long,2014-10-27 16:00,196.16,2014-10-28 09:30,196.81999999999999,0.0033646003262641777,0.0031646003262641776,next_open
long,2014-10-28 16:00,198.41,2014-10-29 09:30,198.55000000000001,0.0007056095962905129,0.00050560959629051291,next_open
long,2014-10-29 16:00,198.11000000000001,2014-10-30 09:30,197.58000000000001,-0.0026752814093180532,-0.0028752814093180533,next_open
long,2014-10-30 16:00,199.38,2014-10-31 09:30,201.78,0.012037315678603777,0.011837315678603777,next_open
long,2014-10-31 16:00,201.66,2014-11-03 09:30,201.91999999999999,0.0012892988197956701,0.00108929881979567,next_open
long,2014-11-03 16:00,201.77000000000001,2014-11-04 09:30,201.22999999999999,-0.0026763146156515427,-0.0028763146156515428,next_open
long,2014-11-04 16:00,201.06999999999999,2014-11-05 09:30,202.53999999999999,0.0073108867558562274,0.0071108867558562277,next_open
long,2014-11-05 16:00,202.34,2014-11-06 09:30,202.38999999999999,0.00024710882672729362,4.7108826727293608e-05,next_open
long,2014-11-06 16:00,203.15000000000001,2014-11-07 09:30,203.16999999999999,9.8449421609636545e-05,-0.00010155057839036346,next_open
long,2014-11-07 16:00,203.34,2014-11-10 09:30,203.38,0.00019671486180783404,-3.2851381921659691e-06,next_open
long,2014-11-10 16:00,203.97999999999999,2014-11-11 09:30,204.06,0.00039219531326617485,0.00019219531326617484,next_open
long,2014-11-11 16:00,204.18000000000001,2014-11-12 09:30,203.34999999999999,-0.0040650406504065817,-0.0042650406504065813,next_open
long,2014-11-12 16:00,203.96000000000001,2014-11-13 09:30,204.16,0.0009805844283192755,0.00078058442831927552,next_open
long,2014-11-13 16:00,204.19,2014-11-14 09:30,204.09999999999999,-0.00044076595327879886,-0.00064076595327879884,next_open
long,2014-11-14 16:00,204.24000000000001,2014-11-17 09:30,203.84999999999999,-0.0019095182138660904,-0.0021095182138660905,next_open
long,2014-11-17 16:00,204.37,2014-11-18 09:30,204.44,0.00034251602485690924,0.00014251602485690923,next_open
long,2014-11-18 16:00,205.55000000000001,2014-11-19 09:30,205.31,-0.0011675991243007555,-0.0013675991243007556,next_open
long,2014-11-19 16:00,205.22,2014-11-20 09:30,204.25999999999999,-0.004677906636780027,-0.0048779066367800267,next_open
long,2014-11-20 16:00,205.58000000000001,2014-11-21 09:30,207.63999999999999,0.010020430002918523,0.0098204300029185228,next_open
long,2014-11-21 16:00,206.68000000000001,2014-11-24 09:30,207.16999999999999,0.0023708147861427609,0.0021708147861427608,next_open
long,2014-11-24 16:00,207.25999999999999,2014-11-25 09:30,207.53999999999999,0.0013509601466756838,0.0011509601466756837,next_open
long,2014-11-25 16:00,207.11000000000001,2014-11-26 09:30,207.28999999999999,0.00086910337501810986,0.00066910337501810988,next_open
long,2014-11-26 16:00,207.63999999999999,2014-11-28 09:30,207.49000000000001,-0.00072240416104785155,-0.00092240416104785153,next_open
long,2014-11-28 16:00,207.19999999999999,2014-12-01 09:30,206.40000000000001,-0.0038610038610037423,-0.0040610038610037419,next_open
long,2014-12-01 16:00,205.75999999999999,2014-12-02 09:30,205.81,0.00024300155520995403,4.3001555209954025e-05,next_open
long,2014-12-02 16:00,207.09,2014-12-03 09:30,207.30000000000001,0.0010140518615096017,0.00081405186150960171,next_open
long,2014-12-03 16:00,207.88999999999999,2014-12-04 09:30,207.53999999999999,-0.0016835826639087781,-0.0018835826639087782,next_open
long,2014-12-04 16:00,207.66,2014-12-05 09:30,207.87,0.0010112684195320298,0.00081126841953202986,next_open
long,2014-12-05 16:00,208,2014-12-08 09:30,207.52000000000001,-0.0023076923076922329,-0.002507692307692233,next_open
long,2014-12-08 16:00,206.61000000000001,2014-12-09 09:30,204.37,-0.01084168239678629,-0.01104168239678629,next_open
long,2014-12-09 16:00,206.47,2014-12-10 09:30,205.91,-0.0027122584394827509,-0.002912258439482751,next_open
long,2014-12-10 16:00,203.16,2014-12-11 09:30,203.88,0.0035440047253396667,0.0033440047253396666,next_open
long,2014-12-11 16:00,204.19,2014-12-12 09:30,202.63999999999999,-0.0075909691953572889,-0.0077909691953572885,next_open
long,2014-12-12 16:00,200.88999999999999,2014-12-15 09:30,201.97999999999999,0.0054258549454926364,0.0052258549454926367,next_open
long,2014-12-15 16:00,199.50999999999999,2014-12-16 09:30,198.58000000000001,-0.0046614204801763703,-0.00486142048017637,next_open
long,2014-12-16 16:00,197.91,2014-12-17 09:30,198.44,0.0026779849426508129,0.0024779849426508128,next_open
long,2014-12-17 16:00,201.78999999999999,2014-12-18 09:30,204.74000000000001,0.01461915853114637,0.01441915853114637,next_open
long,2014-12-18 16:00,206.78,2014-12-19 09:30,206.43000000000001,-0.0016926201760324444,-0.0018926201760324445,next_open
long,2014-12-19 16:00,206.52000000000001,2014-12-22 09:30,206.75,0.0011136935889985988,0.00091369358899859884,next_open
long,2014-12-22 16:00,207.47,2014-12-23 09:30,208.16999999999999,0.003373981780498303,0.0031739817804983029,next_open
long,2014-12-23 16:00,207.75,2014-12-24 09:30,208.02000000000001,0.001299638989169738,0.0010996389891697379,next_open
long,2014-12-24 16:00,207.77000000000001,2014-12-26 09:30,208.31,0.0025990277710929988,0.0023990277710929987,next_open
long,2014-12-26 16:00,208.44,2014-12-29 09:30,208.22,-0.0010554596046824516,-0.0012554596046824517,next_open
long,2014-12-29 16:00,208.72,2014-12-30 09:30,208.13999999999999,-0.0027788424683787838,-0.0029788424683787839,next_open
long,2014-12-30 16:00,207.59999999999999,2014-12-31 09:30,207.99000000000001,0.0018786127167631506,0.0016786127167631505,next_open
long,2014-12-31 16:00,205.53999999999999,2015-01-02 09:30,206.38,0.0040867957575168035,0.0038867957575168034,next_open
long,2015-01-02 16:00,205.43000000000001,2015-01-05 09:30,204.16999999999999,-0.0061334761232537671,-0.0063334761232537668,next_open
long,2015-01-05 16:00,201.72,2015-01-06 09:30,202.09,0.0018342256593297801,0.00163422565932978,next_open
long,2015-01-06 16:00,199.81999999999999,2015-01-07 09:30,201.41999999999999,0.0080072064858371927,0.0078072064858371931,next_open
long,2015-01-07 16:00,202.31,2015-01-08 09:30,204.00999999999999,0.0084029459740002643,0.0082029459740002638,next_open
long,2015-01-08 16:00,205.90000000000001,2015-01-09 09:30,206.40000000000001,0.0024283632831472168,0.0022283632831472167,next_open
long,2015-01-09 16:00,204.25,2015-01-12 09:30,204.41,0.00078335373317006685,0.00058335373317006686,next_open
long,2015-01-12 16:00,202.65000000000001,2015-01-13 09:30,204.12,0.0072538860103625868,0.0070538860103625872,next_open
long,2015-01-13 16:00,202.08000000000001,2015-01-14 09:30,199.65000000000001,-0.012024940617577196,-0.012224940617577196,next_open
long,2015-01-14 16:00,200.86000000000001,2015-01-15 09:30,201.63,0.0038335158817086601,0.00363351588170866,next_open
long,2015-01-15 16:00,199.02000000000001,2015-01-16 09:30,198.77000000000001,-0.0012561551602854326,-0.0014561551602854327,next_open
long,2015-01-16 16:00,201.63,2015-01-20 09:30,202.40000000000001,0.003818876159301654,0.0036188761593016539,next_open
long,2015-01-20 16:00,202.06,2015-01-21 09:30,201.5,-0.0027714540235573848,-0.0029714540235573849,next_open
long,2015-01-21 16:00,203.08000000000001,2015-01-22 09:30,203.99000000000001,0.0044809927122315685,0.0042809927122315688,next_open
long,2015-01-22 16:00,206.09999999999999,2015-01-23 09:30,205.78999999999999,-0.0015041242115477749,-0.001704124211547775,next_open
long,2015-01-23 16:00,204.97,2015-01-26 09:30,204.71000000000001,-0.0012684783138995348,-0.0014684783138995349,next_open
long,2015-01-26 16:00,205.44999999999999,2015-01-27 09:30,202.97,-0.012071063519104364,-0.012271063519104364,next_open
long,2015-01-27 16:00,202.74000000000001,2015-01-28 09:30,204.16999999999999,0.0070533688467988576,0.0068533688467988579,next_open
long,2015-01-28 16:00,200.13999999999999,2015-01-29 09:30,200.38,0.0011991605875887323,0.00099916058758873225,next_open
long,2015-01-29 16:00,201.99000000000001,2015-01-30 09:30,200.56999999999999,-0.0070300509926234378,-0.0072300509926234375,next_open
long,2015-01-30 16:00,199.44999999999999,2015-02-02 09:30,200.15000000000001,0.0035096515417398777,0.0033096515417398776,next_open
long,2015-02-02 16:00,201.91999999999999,2015-02-03 09:30,203,0.0053486529318542697,0.0051486529318542701,next_open
long,2015-02-03 16:00,204.84,2015-02-04 09:30,203.83000000000001,-0.0049306776020308085,-0.0051306776020308082,next_open
long,2015-02-04 16:00,204.06,2015-02-05 09:30,204.86000000000001,0.0039204155640497618,0.0037204155640497617,next_open
long,2015-02-05 16:00,206.12,2015-02-06 09:30,206.56,0.0021346788278673312,0.0019346788278673311,next_open
long,2015-02-06 16:00,205.55000000000001,2015-02-09 09:30,204.77000000000001,-0.0037946971539771779,-0.0039946971539771775,next_open
long,2015-02-09 16:00,204.63,2015-02-10 09:30,205.88,0.0061085862288032811,0.0059085862288032814,next_open
long,2015-02-10 16:00,206.81,2015-02-11 09:30,206.61000000000001,-0.00096707122479566809,-0.0011670712247956682,next_open
long,2015-02-11 16:00,206.93000000000001,2015-02-12 09:30,207.88999999999999,0.0046392499879184257,0.004439249987918426,next_open
long,2015-02-12 16:00,208.91999999999999,2015-02-13 09:30,209.06999999999999,0.00071797817346364035,0.00051797817346364036,next_open
long,2015-02-13 16:00,209.78,2015-02-17 09:30,209.40000000000001,-0.0018114214891791214,-0.0020114214891791215,next_open
long,2015-02-17 16:00,210.11000000000001,2015-02-18 09:30,209.66,-0.0021417352815192858,-0.0023417352815192859,next_open
long,2015-02-18 16:00,210.13,2015-02-19 09:30,209.41,-0.0034264502926759643,-0.0036264502926759644,next_open
long,2015-02-19 16:00,209.97999999999999,2015-02-20 09:30,209.47999999999999,-0.0023811791599199772,-0.0025811791599199773,next_open
long,2015-02-20 16:00,211.24000000000001,2015-02-23 09:30,210.94,-0.0014201855709146116,-0.0016201855709146117,next_open
long,2015-02-23 16:00,211.21000000000001,2015-02-24 09:30,211.12,-0.00042611618768051418,-0.00062611618768051416,next_open
long,2015-02-24 16:00,211.81,2015-02-25 09:30,211.66,-0.00070818186110199743,-0.00090818186110199742,next_open
long,2015-02-25 16:00,211.63,2015-02-26 09:30,211.52000000000001,-0.00051977507914746646,-0.00071977507914746644,next_open
long,2015-02-26 16:00,211.38,2015-02-27 09:30,211.25999999999999,-0.00056769798467215526,-0.00076769798467215525,next_open
long,2015-02-27 16:00,210.66,2015-03-02 09:30,210.78,0.00056963827969247482,0.00036963827969247484,next_open
long,2015-03-02 16:00,211.99000000000001,2015-03-03 09:30,211.47,-0.0024529458936742854,-0.0026529458936742855,next_open
long,2015-03-03 16:00,211.12,2015-03-04 09:30,210.40000000000001,-0.0034103827207275783,-0.0036103827207275784,next_open
long,2015-03-04 16:00,210.22999999999999,2015-03-05 09:30,210.61000000000001,0.0018075441183467156,0.0016075441183467155,next_open
long,2015-03-05 16:00,210.46000000000001,2015-03-06 09:30,209.41999999999999,-0.0049415565903260239,-0.0051415565903260236,next_open
long,2015-03-06 16:00,207.5,2015-03-09 09:30,207.72999999999999,0.0011084337349396289,0.00090843373493962895,next_open
long,2015-03-09 16:00,208.36000000000001,2015-03-10 09:30,206.69999999999999,-0.0079669802265310841,-0.0081669802265310846,next_open
long,2015-03-10 16:00,204.97999999999999,2015-03-11 09:30,205.28999999999999,0.0015123426675773821,0.001312342667577382,next_open
long,2015-03-11 16:00,204.5,2015-03-12 09:30,205.25999999999999,0.00371638141809294,0.0035163814180929399,next_open
long,2015-03-12 16:00,207.09999999999999,2015-03-13 09:30,206.77000000000001,-0.0015934331240945454,-0.0017934331240945455,next_open
long,2015-03-13 16:00,205.83000000000001,2015-03-16 09:30,206.71000000000001,0.0042753728805324798,0.0040753728805324801,next_open
long,2015-03-16 16:00,208.58000000000001,2015-03-17 09:30,207.74000000000001,-0.0040272317575990035,-0.0042272317575990032,next_open
long,2015-03-17 16:00,207.96000000000001,2015-03-18 09:30,207.38999999999999,-0.0027409117137912054,-0.0029409117137912054,next_open
long,2015-03-18 16:00,210.46000000000001,2015-03-19 09:30,209.96000000000001,-0.0023757483607336205,-0.0025757483607336206,next_open
long,2015-03-19 16:00,209.5,2015-03-20 09:30,209.71000000000001,0.0010023866348449761,0.00080238663484497616,next_open
long,2015-03-20 16:00,210.41,2015-03-23 09:30,210.41999999999999,4.7526258257546417e-05,-0.00015247374174245359,next_open
long,2015-03-23 16:00,210,2015-03-24 09:30,209.84999999999999,-0.00071428571428577836,-0.00091428571428577834,next_open
long,2015-03-24 16:00,208.81999999999999,2015-03-25 09:30,209.06999999999999,0.0011972033330140963,0.00099720333301409622,next_open
long,2015-03-25 16:00,205.75999999999999,2015-03-26 09:30,204.96000000000001,-0.0038880248833591535,-0.0040880248833591532,next_open
long,2015-03-26 16:00,205.27000000000001,2015-03-27 09:30,205.13,-0.0006820285477664445,-0.00088202854776644449,next_open
long,2015-03-27 16:00,205.74000000000001,2015-03-30 09:30,206.97999999999999,0.0060270243997277984,0.0058270243997277987,next_open
long,2015-03-30 16:00,208.25,2015-03-31 09:30,207.25999999999999,-0.004753901560624274,-0.0049539015606242737,next_open
long,2015-03-31 16:00,206.43000000000001,2015-04-01 09:30,206.38999999999999,-0.00019377028532685525,-0.00039377028532685523,next_open
long,2015-04-01 16:00,205.69999999999999,2015-04-02 09:30,205.62,-0.00038891589693723638,-0.00058891589693723637,next_open
long,2015-04-02 16:00,206.44,2015-04-06 09:30,205.37,-0.0051831040496027603,-0.0053831040496027599,next_open
long,2015-04-06 16:00,207.83000000000001,2015-04-07 09:30,207.86000000000001,0.00014434874657176522,-5.5651253428234791e-05,next_open
long,2015-04-07 16:00,207.28,2015-04-08 09:30,207.55000000000001,0.0013025858741799734,0.0011025858741799733,next_open
long,2015-04-08 16:00,207.97999999999999,2015-04-09 09:30,207.78,-0.00096163092605050515,-0.0011616309260505052,next_open
long,2015-04-09 16:00,208.90000000000001,2015-04-10 09:30,209.19999999999999,0.0014360938247963695,0.0012360938247963694,next_open
long,2015-04-10 16:00,210.03999999999999,2015-04-13 09:30,209.87,-0.00080936964387734456,-0.0010093696438773446,next_open
long,2015-04-13 16:00,209.09,2015-04-14 09:30,208.84999999999999,-0.0011478310775264733,-0.0013478310775264734,next_open
long,2015-04-14 16:00,209.49000000000001,2015-04-15 09:30,210.05000000000001,0.0026731586233232907,0.0024731586233232906,next_open
long,2015-04-15 16:00,210.43000000000001,2015-04-16 09:30,210.03,-0.0019008696478639564,-0.0021008696478639565,next_open
long,2015-04-16 16:00,210.37,2015-04-17 09:30,208.94,-0.0067975471787802277,-0.0069975471787802274,next_open
long,2015-04-17 16:00,207.94999999999999,2015-04-20 09:30,209.06,0.0053378215917287974,0.0051378215917287978,next_open
long,2015-04-20 16:00,209.84999999999999,2015-04-21 09:30,210.66999999999999,0.003907553014057541,0.0037075530140575409,next_open
long,2015-04-21 16:00,209.59999999999999,2015-04-22 09:30,210.00999999999999,0.0019561068702289575,0.0017561068702289574,next_open
long,2015-04-22 16:00,210.63,2015-04-23 09:30,210.15000000000001,-0.0022788776527559174,-0.0024788776527559175,next_open
long,2015-04-23 16:00,211.16,2015-04-24 09:30,211.66,0.0023678727031635205,0.0021678727031635204,next_open
long,2015-04-24 16:00,211.65000000000001,2015-04-27 09:30,212.33000000000001,0.0032128514056224411,0.003012851405622441,next_open
long,2015-04-27 16:00,210.77000000000001,2015-04-28 09:30,210.74000000000001,-0.00014233524695161925,-0.00034233524695161924,next_open
long,2015-04-28 16:00,211.44,2015-04-29 09:30,210.37,-0.005060537268255727,-0.0052605372682557267,next_open
long,2015-04-29 16:00,210.56999999999999,2015-04-30 09:30,209.88,-0.0032768200598375374,-0.0034768200598375375,next_open
long,2015-04-30 16:00,208.46000000000001,2015-05-01 09:30,209.40000000000001,0.0045092583709105405,0.0043092583709105408,next_open
long,2015-05-01 16:00,210.72,2015-05-04 09:30,211.22999999999999,0.0024202733485192418,0.0022202733485192417,next_open
long,2015-05-04 16:00,211.31999999999999,2015-05-05 09:30,211.03,-0.0013723263297368282,-0.0015723263297368283,next_open
long,2015-05-05 16:00,208.90000000000001,2015-05-06 09:30,209.56,0.0031594064145523681,0.0029594064145523681,next_open
long,2015-05-06 16:00,208.03999999999999,2015-05-07 09:30,207.91999999999999,-0.00057681215150939824,-0.00077681215150939822,next_open
long,2015-05-07 16:00,208.87,2015-05-08 09:30,210.88,0.0096232106094700232,0.0094232106094700226,next_open
long,2015-05-08 16:00,211.62,2015-05-11 09:30,211.56999999999999,-0.0002362725640299157,-0.00043627256402991568,next_open
long,2015-05-11 16:00,210.61000000000001,2015-05-12 09:30,209.61000000000001,-0.0047481126252314487,-0.0049481126252314484,next_open
long,2015-05-12 16:00,209.97999999999999,2015-05-13 09:30,210.47,0.0023335555767216576,0.0021335555767216575,next_open
long,2015-05-13 16:00,210.02000000000001,2015-05-14 09:30,211.24000000000001,0.0058089705742310205,0.0056089705742310208,next_open
long,2015-05-14 16:00,212.21000000000001,2015-05-15 09:30,212.44999999999999,0.0011309551859006728,0.00093095518590067281,next_open
long,2015-05-15 16:00,212.44,2015-05-18 09:30,212.24000000000001,-0.00094144228958759069,-0.0011414422895875908,next_open
long,2015-05-18 16:00,213.09999999999999,2015-05-19 09:30,213.19,0.00042233693101834113,0.00022233693101834112,next_open
long,2015-05-19 16:00,213.03,2015-05-20 09:30,213.15000000000001,0.000563300943529077,0.00036330094352907702,next_open
long,2015-05-20 16:00,212.88,2015-05-21 09:30,212.69999999999999,-0.00084554678692227991,-0.00104554678692228,next_open
long,2015-05-21 16:00,213.5,2015-05-22 09:30,213.03999999999999,-0.0021545667447306904,-0.0023545667447306905,next_open
long,2015-05-22 16:00,212.99000000000001,2015-05-26 09:30,212.40000000000001,-0.0027700831024930483,-0.0029700831024930484,next_open
long,2015-05-26 16:00,210.69999999999999,2015-05-27 09:30,211.25,0.0026103464641671348,0.0024103464641671347,next_open
long,2015-05-27 16:00,212.69999999999999,2015-05-28 09:30,212.33000000000001,-0.0017395392571696311,-0.0019395392571696312,next_open
long,2015-05-28 16:00,212.46000000000001,2015-05-29 09:30,212.38,-0.00037654146662902122,-0.0005765414666290212,next_open
long,2015-05-29 16:00,211.13999999999999,2015-06-01 09:30,211.94,0.0037889551956049594,0.0035889551956049593,next_open
long,2015-06-01 16:00,211.56999999999999,2015-06-02 09:30,211.02000000000001,-0.002599612421420705,-0.0027996124214207051,next_open
long,2015-06-02 16:00,211.36000000000001,2015-06-03 09:30,212,0.0030280090840271168,0.0028280090840271167,next_open
long,2015-06-03 16:00,211.91999999999999,2015-06-04 09:30,211.06999999999999,-0.0040109475273687467,-0.0042109475273687464,next_open
long,2015-06-04 16:00,210.13,2015-06-05 09:30,209.94999999999999,-0.0008566125731690466,-0.0010566125731690467,next_open
long,2015-06-05 16:00,209.77000000000001,2015-06-08 09:30,209.65000000000001,-0.00057205510797542214,-0.00077205510797542212,next_open
long,2015-06-08 16:00,208.47999999999999,2015-06-09 09:30,208.44999999999999,-0.00014389869531850064,-0.00034389869531850062,next_open
long,2015-06-09 16:00,208.44999999999999,2015-06-10 09:30,209.37,0.0044135284240824912,0.0042135284240824916,next_open
long,2015-06-10 16:00,210.94999999999999,2015-06-11 09:30,211.47999999999999,0.0025124437070396244,0.0023124437070396243,next_open
long,2015-06-11 16:00,211.63,2015-06-12 09:30,210.63999999999999,-0.0046779757123281973,-0.004877975712328197,next_open
long,2015-06-12 16:00,210.00999999999999,2015-06-15 09:30,208.63999999999999,-0.0065234988810056738,-0.0067234988810056734,next_open
long,2015-06-15 16:00,209.11000000000001,2015-06-16 09:30,208.93000000000001,-0.00086079097125912885,-0.0010607909712591289,next_open
long,2015-06-16 16:00,210.25,2015-06-17 09:30,210.59,0.0016171224732461909,0.0014171224732461908,next_open
long,2015-06-17 16:00,210.59,2015-06-18 09:30,211.31,0.0034189657628567183,0.0032189657628567182,next_open
long,2015-06-18 16:00,212.78,2015-06-19 09:30,211.46000000000001,-0.0062035905630227761,-0.0064035905630227758,next_open
long,2015-06-19 16:00,210.81,2015-06-22 09:30,211.91,0.0052179687870594904,0.0050179687870594908,next_open
long,2015-06-22 16:00,211.88999999999999,2015-06-23 09:30,212.13999999999999,0.0011798574732171385,0.00097985747321713843,next_open
long,2015-06-23 16:00,212.03999999999999,2015-06-24 09:30,211.72,-0.0015091492171288579,-0.0017091492171288579,next_open
long,2015-06-24 16:00,210.5,2015-06-25 09:30,211.11000000000001,0.0028978622327791026,0.0026978622327791025,next_open
long,2015-06-25 16:00,209.86000000000001,2015-06-26 09:30,210.28999999999999,0.0020489850376439467,0.0018489850376439466,next_open
long,2015-06-26 16:00,209.81999999999999,2015-06-29 09:30,208.05000000000001,-0.0084358021160994001,-0.0086358021160994006,next_open
long,2015-06-29 16:00,205.41999999999999,2015-06-30 09:30,207.25999999999999,0.008957258300068105,0.0087572583000681044,next_open
long,2015-06-30 16:00,205.84999999999999,2015-07-01 09:30,207.72999999999999,0.009132863735729968,0.0089328637357299675,next_open
long,2015-07-01 16:00,207.5,2015-07-02 09:30,208.06999999999999,0.0027469879518071671,0.0025469879518071671,next_open
long,2015-07-02 16:00,207.31,2015-07-06 09:30,205.77000000000001,-0.0074284887366744545,-0.0076284887366744542,next_open
long,2015-07-06 16:00,206.72,2015-07-07 09:30,206.96000000000001,0.0011609907120744278,0.00096099071207442785,next_open
long,2015-07-07 16:00,208.02000000000001,2015-07-08 09:30,206.75999999999999,-0.0060571098932795664,-0.006257109893279566,next_open
long,2015-07-08 16:00,204.53,2015-07-09 09:30,207.03999999999999,0.012272038331784918,0.012072038331784917,next_open
long,2015-07-09 16:00,204.90000000000001,2015-07-10 09:30,207.28999999999999,0.011664226451927773,0.011464226451927772,next_open
long,2015-07-10 16:00,207.47999999999999,2015-07-13 09:30,208.99000000000001,0.007277809909388866,0.0070778099093888663,next_open
long,2015-07-13 16:00,209.77000000000001,2015-07-14 09:30,209.72,-0.00023835629498980548,-0.00043835629498980547,next_open
long,2015-07-14 16:00,210.68000000000001,2015-07-15 09:30,210.72999999999999,0.00023732675147125626,3.7326751471256249e-05,next_open
long,2015-07-15 16:00,210.61000000000001,2015-07-16 09:30,211.87,0.0059826219077916409,0.0057826219077916413,next_open
long,2015-07-16 16:00,212.30000000000001,2015-07-17 09:30,212.28999999999999,-4.7103155911498718e-05,-0.0002471031559114987,next_open
long,2015-07-17 16:00,212.47999999999999,2015-07-20 09:30,212.75,0.001270707831325435,0.0010707078313254349,next_open
long,2015-07-20 16:00,212.59,2015-07-21 09:30,212.43000000000001,-0.00075262241874030078,-0.00095262241874030076,next_open
long,2015-07-21 16:00,211.75,2015-07-22 09:30,210.93000000000001,-0.0038724911452183708,-0.0040724911452183704,next_open
long,2015-07-22 16:00,211.37,2015-07-23 09:30,211.53,0.00075696645692380216,0.00055696645692380217,next_open
long,2015-07-23 16:00,210.18000000000001,2015-07-24 09:30,210.30000000000001,0.0005709391949757503,0.00037093919497575031,next_open
long,2015-07-24 16:00,208,2015-07-27 09:30,206.94,-0.0050961538461538058,-0.0052961538461538055,next_open
long,2015-07-27 16:00,206.78999999999999,2015-07-28 09:30,207.78999999999999,0.0048358237825814054,0.0046358237825814058,next_open
long,2015-07-28 16:00,209.33000000000001,2015-07-29 09:30,209.47999999999999,0.00071657191993490521,0.00051657191993490523,next_open
long,2015-07-29 16:00,210.77000000000001,2015-07-30 09:30,210.16,-0.0028941500213504057,-0.0030941500213504058,next_open
long,2015-07-30 16:00,210.81999999999999,2015-07-31 09:30,211.41999999999999,0.0028460297884451702,0.0026460297884451701,next_open
long,2015-07-31 16:00,210.5,2015-08-03 09:30,210.46000000000001,-0.0001900237529690596,-0.00039002375296905958,next_open
long,2015-08-03 16:00,209.78999999999999,2015-08-04 09:30,209.69999999999999,-0.00042900042900040347,-0.00062900042900040345,next_open
long,2015-08-04 16:00,209.38,2015-08-05 09:30,210.44999999999999,0.0051103257235647348,0.0049103257235647351,next_open
long,2015-08-05 16:00,210.06999999999999,2015-08-06 09:30,210.28999999999999,0.0010472699576331568,0.0008472699576331568,next_open
long,2015-08-06 16:00,208.34999999999999,2015-08-07 09:30,208.16,-0.00091192704583631379,-0.0011119270458363139,next_open
long,2015-08-07 16:00,207.94999999999999,2015-08-10 09:30,209.28,0.0063957682135129534,0.0061957682135129538,next_open
long,2015-08-10 16:00,210.56999999999999,2015-08-11 09:30,208.97,-0.0075984233271595425,-0.0077984233271595422,next_open
long,2015-08-11 16:00,208.66999999999999,2015-08-12 09:30,207.11000000000001,-0.0074759189150331862,-0.0076759189150331858,next_open
long,2015-08-12 16:00,208.91999999999999,2015-08-13 09:30,208.72999999999999,-0.00090943901972040386,-0.001109439019720404,next_open
long,2015-08-13 16:00,208.66,2015-08-14 09:30,208.43000000000001,-0.001102271638071417,-0.0013022716380714171,next_open
long,2015-08-14 16:00,209.41999999999999,2015-08-17 09:30,208.71000000000001,-0.0033903161111640268,-0.0035903161111640268,next_open
long,2015-08-17 16:00,210.59,2015-08-18 09:30,210.25999999999999,-0.0015670259746427551,-0.0017670259746427552,next_open
long,2015-08-18 16:00,209.97999999999999,2015-08-19 09:30,209.09,-0.0042384989046575505,-0.0044384989046575502,next_open
long,2015-08-19 16:00,208.31999999999999,2015-08-20 09:30,206.50999999999999,-0.0086885560675883378,-0.0088885560675883383,next_open
long,2015-08-20 16:00,203.97,2015-08-21 09:30,201.72999999999999,-0.010982007157915419,-0.011182007157915419,next_open
long,2015-08-21 16:00,197.63,2015-08-24 09:30,187.49000000000001,-0.051307999797601478,-0.051507999797601477,next_open
long,2015-08-24 16:00,189.55000000000001,2015-08-25 09:30,195.43000000000001,0.031020838828805131,0.030820838828805132,next_open
long,2015-08-25 16:00,187.27000000000001,2015-08-26 09:30,192.08000000000001,0.025684840070486548,0.025484840070486549,next_open
long,2015-08-26 16:00,194.46000000000001,2015-08-27 09:30,197.02000000000001,0.013164661112825327,0.012964661112825326,next_open
long,2015-08-27 16:00,199.27000000000001,2015-08-28 09:30,198.5,-0.0038641039795253018,-0.0040641039795253015,next_open
long,2015-08-28 16:00,199.28,2015-08-31 09:30,198.11000000000001,-0.0058711360899236231,-0.0060711360899236228,next_open
long,2015-08-31 16:00,197.66999999999999,2015-09-01 09:30,193.12,-0.023018161582435304,-0.023218161582435302,next_open
long,2015-09-01 16:00,191.77000000000001,2015-09-02 09:30,194.62,0.014861552901913822,0.014661552901913821,next_open
long,2015-09-02 16:00,195.41,2015-09-03 09:30,196.25999999999999,0.0043498285655800828,0.0041498285655800831,next_open
long,2015-09-03 16:00,195.55000000000001,2015-09-04 09:30,192.84999999999999,-0.013807210432114636,-0.014007210432114637,next_open
long,2015-09-04 16:00,192.59,2015-09-08 09:30,195.94,0.01739446492548935,0.017194464925489351,next_open
long,2015-09-08 16:00,197.43000000000001,2015-09-09 09:30,199.31999999999999,0.0095730132198752482,0.0093730132198752477,next_open
long,2015-09-09 16:00,194.78999999999999,2015-09-10 09:30,194.56,-0.0011807587658503316,-0.0013807587658503317,next_open
long,2015-09-10 16:00,195.84999999999999,2015-09-11 09:30,195.38,-0.0023997957620628396,-0.0025997957620628397,next_open
long,2015-09-11 16:00,196.74000000000001,2015-09-14 09:30,196.94999999999999,0.0010673985971332289,0.00086739859713322895,next_open
long,2015-09-14 16:00,196.00999999999999,2015-09-15 09:30,196.61000000000001,0.003061068312841364,0.002861068312841364,next_open
long,2015-09-15 16:00,198.46000000000001,2015-09-16 09:30,198.81999999999999,0.0018139675501360752,0.0016139675501360752,next_open
long,2015-09-16 16:00,200.18000000000001,2015-09-17 09:30,200.02000000000001,-0.00079928064741729976,-0.00099928064741729985,next_open
long,2015-09-17 16:00,199.72999999999999,2015-09-18 09:30,195.71000000000001,-0.020127171681770251,-0.020327171681770249,next_open
long,2015-09-18 16:00,195.44999999999999,2015-09-21 09:30,196.44,0.0050652340752110891,0.0048652340752110895,next_open
long,2015-09-21 16:00,196.46000000000001,2015-09-22 09:30,193.88,-0.013132444263463383,-0.013332444263463384,next_open
long,2015-09-22 16:00,193.91,2015-09-23 09:30,194.11000000000001,0.0010314063225207448,0.00083140632252074484,next_open
long,2015-09-23 16:00,193.59999999999999,2015-09-24 09:30,192.15000000000001,-0.0074896694214875437,-0.0076896694214875433,next_open
long,2015-09-24 16:00,192.90000000000001,2015-09-25 09:30,194.63999999999999,0.0090202177293934316,0.0088202177293934311,next_open
long,2015-09-25 16:00,192.84999999999999,2015-09-28 09:30,191.78,-0.0055483536427274327,-0.0057483536427274324,next_open
long,2015-09-28 16:00,188.00999999999999,2015-09-29 09:30,188.27000000000001,0.0013829051646190305,0.0011829051646190304,next_open
long,2015-09-29 16:00,188.12,2015-09-30 09:30,190.37,0.011960450776100418,0.011760450776100417,next_open
long,2015-09-30 16:00,191.63,2015-10-01 09:30,192.08000000000001,0.0023482753222356934,0.0021482753222356933,next_open
long,2015-10-01 16:00,192.13,2015-10-02 09:30,189.77000000000001,-0.012283349815229161,-0.012483349815229161,next_open
long,2015-10-02 16:00,195,2015-10-05 09:30,196.46000000000001,0.0074871794871795849,0.0072871794871795853,next_open
long,2015-10-05 16:00,198.47,2015-10-06 09:30,198.31,-0.00080616717891868195,-0.001006167178918682,next_open
long,2015-10-06 16:00,197.78999999999999,2015-10-07 09:30,198.90000000000001,0.0056120127407857101,0.0054120127407857105,next_open
long,2015-10-07 16:00,199.41,2015-10-08 09:30,198.94999999999999,-0.0023068050749711633,-0.0025068050749711634,next_open
long,2015-10-08 16:00,201.21000000000001,2015-10-09 09:30,201.38,0.00084488842502850048,0.0006448884250285005,next_open
long,2015-10-09 16:00,201.33000000000001,2015-10-12 09:30,201.41999999999999,0.00044702726866319153,0.00024702726866319155,next_open
long,2015-10-12 16:00,201.52000000000001,2015-10-13 09:30,200.65000000000001,-0.0043171893608574541,-0.0045171893608574537,next_open
long,2015-10-13 16:00,200.25,2015-10-14 09:30,200.18000000000001,-0.00034956304619226941,-0.00054956304619226939,next_open
long,2015-10-14 16:00,199.28999999999999,2015-10-15 09:30,200.08000000000001,0.0039640724572231889,0.0037640724572231888,next_open
long,2015-10-15 16:00,202.34999999999999,2015-10-16 09:30,202.83000000000001,0.0023721275018533383,0.0021721275018533382,next_open
long,2015-10-16 16:00,203.27000000000001,2015-10-19 09:30,202.5,-0.0037880651350421513,-0.0039880651350421509,next_open
long,2015-10-19 16:00,203.37,2015-10-20 09:30,202.84999999999999,-0.0025569159659734053,-0.0027569159659734054,next_open
long,2015-10-20 16:00,203.09,2015-10-21 09:30,203.61000000000001,0.0025604411837116814,0.0023604411837116813,next_open
long,2015-10-21 16:00,201.84999999999999,2015-10-22 09:30,202.97999999999999,0.0055982164973991111,0.0053982164973991114,next_open
long,2015-10-22 16:00,205.25999999999999,2015-10-23 09:30,207.25,0.0096950209490402894,0.0094950209490402889,next_open
long,2015-10-23 16:00,207.50999999999999,2015-10-26 09:30,207.30000000000001,-0.0010119994217144823,-0.0012119994217144824,next_open
long,2015-10-26 16:00,207,2015-10-27 09:30,206.19999999999999,-0.0038647342995169476,-0.0040647342995169472,next_open
long,2015-10-27 16:00,206.59999999999999,2015-10-28 09:30,207,0.0019361084220717029,0.0017361084220717028,next_open
long,2015-10-28 16:00,208.94999999999999,2015-10-29 09:30,208.34999999999999,-0.0028715003589375732,-0.0030715003589375733,next_open
long,2015-10-29 16:00,208.83000000000001,2015-10-30 09:30,209.06,0.0011013743236125695,0.0009013743236125695,next_open
long,2015-10-30 16:00,207.93000000000001,2015-11-02 09:30,208.31999999999999,0.0018756312220458149,0.0016756312220458148,next_open
long,2015-11-02 16:00,210.38999999999999,2015-11-03 09:30,209.97,-0.0019962925994581049,-0.002196292599458105,next_open
long,2015-11-03 16:00,211,2015-11-04 09:30,211.34999999999999,0.0016587677725117267,0.0014587677725117266,next_open
long,2015-11-04 16:00,210.36000000000001,2015-11-05 09:30,210.43000000000001,0.00033276288267725107,0.00013276288267725106,next_open
long,2015-11-05 16:00,210.15000000000001,2015-11-06 09:30,209.74000000000001,-0.0019509873899595798,-0.0021509873899595799,next_open
long,2015-11-06 16:00,210.03999999999999,2015-11-09 09:30,209.31,-0.003475528470767375,-0.0036755284707673751,next_open
long,2015-11-09 16:00,208.08000000000001,2015-11-10 09:30,207.50999999999999,-0.0027393310265283466,-0.0029393310265283467,next_open
long,2015-11-10 16:00,208.56,2015-11-11 09:30,208.88,0.0015343306482547003,0.0013343306482547002,next_open
long,2015-11-11 16:00,207.74000000000001,2015-11-12 09:30,206.5,-0.0059689997111774806,-0.0061689997111774803,next_open
long,2015-11-12 16:00,204.84,2015-11-13 09:30,204.34999999999999,-0.0023921109158367981,-0.0025921109158367982,next_open
long,2015-11-13 16:00,202.53999999999999,2015-11-16 09:30,202.31999999999999,-0.0010862051940357942,-0.0012862051940357943,next_open
long,2015-11-16 16:00,205.62,2015-11-17 09:30,205.99000000000001,0.0017994358525434961,0.001599435852543496,next_open
long,2015-11-17 16:00,205.47,2015-11-18 09:30,206.03999999999999,0.0027741276098700585,0.0025741276098700584,next_open
long,2015-11-18 16:00,208.72999999999999,2015-11-19 09:30,208.59,-0.00067072294351544492,-0.00087072294351544491,next_open
long,2015-11-19 16:00,208.55000000000001,2015-11-20 09:30,209.44999999999999,0.00431551186765744,0.0041155118676574403,next_open
long,2015-11-20 16:00,209.31,2015-11-23 09:30,209.38,0.00033443218193096591,0.0001344321819309659,next_open
long,2015-11-23 16:00,209.06999999999999,2015-11-24 09:30,207.87,-0.0057397044052230894,-0.0059397044052230891,next_open
long,2015-11-24 16:00,209.34999999999999,2015-11-25 09:30,209.5,0.00071650346310003776,0.00051650346310003778,next_open
long,2015-11-25 16:00,209.31999999999999,2015-11-27 09:30,209.43000000000001,0.0005255111790560818,0.00032551117905608182,next_open
long,2015-11-27 16:00,209.56,2015-11-30 09:30,209.75,0.00090666157663665814,0.00070666157663665816,next_open
long,2015-11-30 16:00,208.69,2015-12-01 09:30,209.44,0.0035938473333652077,0.0033938473333652076,next_open
long,2015-12-01 16:00,210.68000000000001,2015-12-02 09:30,210.62,-0.00028479210176568515,-0.00048479210176568513,next_open
long,2015-12-02 16:00,208.53,2015-12-03 09:30,208.83000000000001,0.0014386419220255853,0.0012386419220255852,next_open
long,2015-12-03 16:00,205.61000000000001,2015-12-04 09:30,206.08000000000001,0.0022858810369146276,0.0020858810369146275,next_open
long,2015-12-04 16:00,209.62,2015-12-07 09:30,209.22999999999999,-0.0018605094933690225,-0.0020605094933690226,next_open
long,2015-12-07 16:00,208.34999999999999,2015-12-08 09:30,206.49000000000001,-0.0089272858171345337,-0.0091272858171345343,next_open
long,2015-12-08 16:00,206.94999999999999,2015-12-09 09:30,206.19,-0.003672384633969461,-0.0038723846339694611,next_open
long,2015-12-09 16:00,205.34,2015-12-10 09:30,205.41999999999999,0.00038959774033298089,0.00018959774033298088,next_open
long,2015-12-10 16:00,205.87,2015-12-11 09:30,203.34999999999999,-0.012240734444066703,-0.012440734444066704,next_open
long,2015-12-11 16:00,201.88,2015-12-14 09:30,202.06999999999999,0.00094115316029319551,0.00074115316029319553,next_open
long,2015-12-14 16:00,202.90000000000001,2015-12-15 09:30,204.69999999999999,0.0088713652045342428,0.0086713652045342423,next_open
long,2015-12-15 16:00,205.03,2015-12-16 09:30,206.37,0.0065356289323514893,0.0063356289323514897,next_open
long,2015-12-16 16:00,208.03,2015-12-17 09:30,208.40000000000001,0.0017785896264961298,0.0015785896264961297,next_open
long,2015-12-17 16:00,204.86000000000001,2015-12-18 09:30,202.77000000000001,-0.01020208923167043,-0.010402089231670431,next_open
long,2015-12-18 16:00,200.02000000000001,2015-12-21 09:30,201.41,0.0069493050694928726,0.006749305069492873,next_open
long,2015-12-21 16:00,201.66999999999999,2015-12-22 09:30,202.72,0.0052065255119750908,0.0050065255119750912,next_open
long,2015-12-22 16:00,203.5,2015-12-23 09:30,204.69,0.0058476658476658283,0.0056476658476658287,next_open
long,2015-12-23 16:00,206.02000000000001,2015-12-24 09:30,205.72,-0.0014561693039510937,-0.0016561693039510938,next_open
long,2015-12-24 16:00,205.68000000000001,2015-12-28 09:30,204.86000000000001,-0.0039867755737067467,-0.0041867755737067464,next_open
long,2015-12-28 16:00,205.21000000000001,2015-12-29 09:30,206.50999999999999,0.0063349739291456153,0.0061349739291456156,next_open
long,2015-12-29 16:00,207.40000000000001,2015-12-30 09:30,207.11000000000001,-0.0013982642237222453,-0.0015982642237222454,next_open
long,2015-12-30 16:00,205.93000000000001,2015-12-31 09:30,205.13,-0.0038848152284757242,-0.0040848152284757239,next_open
long,2015-12-31 16:00,203.87,2016-01-04 09:30,200.49000000000001,-0.016579192622749761,-0.01677919262274976,next_open
long,2016-01-04 16:00,201.02000000000001,2016-01-05 09:30,201.40000000000001,0.001890359168241984,0.0016903591682419839,next_open
long,2016-01-05 16:00,201.36000000000001,2016-01-06 09:30,198.34,-0.01499801350814467,-0.01519801350814467,next_open
long,2016-01-06 16:00,198.81999999999999,2016-01-07 09:30,195.33000000000001,-0.017553566039633761,-0.01775356603963376,next_open
long,2016-01-07 16:00,194.05000000000001,2016-01-08 09:30,195.19,0.0058747745426435127,0.0056747745426435131,next_open
long,2016-01-08 16:00,191.91999999999999,2016-01-11 09:30,193.00999999999999,0.0056794497707377545,0.0054794497707377548,next_open
long,2016-01-11 16:00,192.11000000000001,2016-01-12 09:30,193.81999999999999,0.0089011503825930927,0.0087011503825930921,next_open
long,2016-01-12 16:00,193.66,2016-01-13 09:30,194.44999999999999,0.0040793142621087242,0.0038793142621087241,next_open
long,2016-01-13 16:00,188.83000000000001,2016-01-14 09:30,189.55000000000001,0.0038129534501933904,0.0036129534501933903,next_open
long,2016-01-14 16:00,191.93000000000001,2016-01-15 09:30,186.77000000000001,-0.026884801750638232,-0.027084801750638231,next_open
long,2016-01-15 16:00,187.81,2016-01-19 09:30,189.96000000000001,0.011447739736968332,0.011247739736968332,next_open
long,2016-01-19 16:00,188.06,2016-01-20 09:30,185.03,-0.01611187918749335,-0.016311879187493349,next_open
long,2016-01-20 16:00,185.65000000000001,2016-01-21 09:30,186.21000000000001,0.0030164287638028142,0.0028164287638028141,next_open
long,2016-01-21 16:00,186.69,2016-01-22 09:30,189.78,0.016551502490760095,0.016351502490760096,next_open
long,2016-01-22 16:00,190.52000000000001,2016-01-25 09:30,189.91999999999999,-0.0031492756665968402,-0.0033492756665968403,next_open
long,2016-01-25 16:00,187.63999999999999,2016-01-26 09:30,188.41999999999999,0.0041568961841824681,0.0039568961841824684,next_open
long,2016-01-26 16:00,190.19999999999999,2016-01-27 09:30,189.58000000000001,-0.0032597266035750971,-0.0034597266035750972,next_open
long,2016-01-27 16:00,188.13,2016-01-28 09:30,189.96000000000001,0.0097273162175093297,0.0095273162175093292,next_open
long,2016-01-28 16:00,189.11000000000001,2016-01-29 09:30,190.02000000000001,0.0048120141716461173,0.0046120141716461177,next_open
long,2016-01-29 16:00,193.72,2016-02-01 09:30,192.53,-0.0061428866405121019,-0.0063428866405121015,next_open
long,2016-02-01 16:00,193.65000000000001,2016-02-02 09:30,191.96000000000001,-0.008727084947069419,-0.0089270849470694195,next_open
long,2016-02-02 16:00,190.16,2016-02-03 09:30,191.41,0.0065734118636937566,0.006373411863693757,next_open
long,2016-02-03 16:00,191.30000000000001,2016-02-04 09:30,190.71000000000001,-0.0030841610036591582,-0.0032841610036591583,next_open
long,2016-02-04 16:00,191.59999999999999,2016-02-05 09:30,190.99000000000001,-0.0031837160751565508,-0.0033837160751565508,next_open
long,2016-02-05 16:00,187.94999999999999,2016-02-08 09:30,185.77000000000001,-0.011598829475924388,-0.011798829475924389,next_open
long,2016-02-08 16:00,185.41999999999999,2016-02-09 09:30,183.36000000000001,-0.01110991263078398,-0.011309912630783981,next_open
long,2016-02-09 16:00,185.43000000000001,2016-02-10 09:30,186.41,0.0052850132125330518,0.0050850132125330521,next_open
long,2016-02-10 16:00,185.27000000000001,2016-02-11 09:30,182.34,-0.015814756841366684,-0.016014756841366683,next_open
long,2016-02-11 16:00,182.86000000000001,2016-02-12 09:30,184.96000000000001,0.011484195559444244,0.011284195559444243,next_open
long,2016-02-12 16:00,186.63,2016-02-16 09:30,188.77000000000001,0.011466538069978105,0.011266538069978104,next_open
long,2016-02-16 16:00,189.78,2016-02-17 09:30,191.16,0.0072715776161871304,0.0070715776161871307,next_open
long,2016-02-17 16:00,192.88,2016-02-18 09:30,193.19999999999999,0.0016590626296142386,0.0014590626296142385,next_open
long,2016-02-18 16:00,192.09,2016-02-19 09:30,191.16999999999999,-0.0047894216252799549,-0.0049894216252799545,next_open
long,2016-02-19 16:00,192,2016-02-22 09:30,193.87,0.009739583333333357,0.0095395833333333565,next_open
long,2016-02-22 16:00,194.78,2016-02-23 09:30,194,-0.0040045179176506629,-0.0042045179176506626,next_open
long,2016-02-23 16:00,192.31999999999999,2016-02-24 09:30,190.63,-0.0087874376039933644,-0.0089874376039933649,next_open
long,2016-02-24 16:00,193.19999999999999,2016-02-25 09:30,193.72999999999999,0.002743271221532062,0.002543271221532062,next_open
long,2016-02-25 16:00,195.53999999999999,2016-02-26 09:30,196.56999999999999,0.0052674644574000062,0.0050674644574000066,next_open
long,2016-02-26 16:00,195.09,2016-02-29 09:30,195.11000000000001,0.00010251678712402956,-9.7483212875970447e-05,next_open
long,2016-02-29 16:00,193.56,2016-03-01 09:30,195.00999999999999,0.0074912171936349914,0.0072912171936349917,next_open
long,2016-03-01 16:00,198.11000000000001,2016-03-02 09:30,197.74000000000001,-0.0018676492857503391,-0.0020676492857503392,next_open
long,2016-03-02 16:00,199,2016-03-03 09:30,198.78999999999999,-0.0010552763819096089,-0.001255276381909609,next_open
long,2016-03-03 16:00,199.78,2016-03-04 09:30,200.00999999999999,0.001151266393032202,0.00095126639303220204,next_open
long,2016-03-04 16:00,200.43000000000001,2016-03-07 09:30,199.34,-0.0054383076385771112,-0.0056383076385771108,next_open
long,2016-03-07 16:00,200.59,2016-03-08 09:30,199.31999999999999,-0.0063313225983349097,-0.0065313225983349094,next_open
long,2016-03-08 16:00,198.40000000000001,2016-03-09 09:30,199.36000000000001,0.0048387096774193949,0.0046387096774193953,next_open
long,2016-03-09 16:00,199.38,2016-03-10 09:30,199.96000000000001,0.0029090179556625628,0.0027090179556625627,next_open
long,2016-03-10 16:00,199.53999999999999,2016-03-11 09:30,201.25999999999999,0.0086198255988774175,0.008419825598877417,next_open
long,2016-03-11 16:00,202.75999999999999,2016-03-14 09:30,202.16,-0.0029591635431051033,-0.0031591635431051034,next_open
long,2016-03-14 16:00,202.5,2016-03-15 09:30,201.36000000000001,-0.0056296296296295401,-0.0058296296296295397,next_open
long,2016-03-15 16:00,202.16999999999999,2016-03-16 09:30,201.59999999999999,-0.0028194094079240228,-0.0030194094079240229,next_open
long,2016-03-16 16:00,203.34,2016-03-17 09:30,203.24000000000001,-0.00049178715451947408,-0.00069178715451947406,next_open
long,2016-03-17 16:00,204.63,2016-03-18 09:30,204.16999999999999,-0.0022479597321996003,-0.0024479597321996004,next_open
long,2016-03-18 16:00,204.38,2016-03-21 09:30,204.06999999999999,-0.0015167824640376359,-0.001716782464037636,next_open
long,2016-03-21 16:00,204.66999999999999,2016-03-22 09:30,203.75999999999999,-0.0044461816582791469,-0.0046461816582791466,next_open
long,2016-03-22 16:00,204.56,2016-03-23 09:30,204.11000000000001,-0.0021998435666796823,-0.0023998435666796824,next_open
long,2016-03-23 16:00,203.21000000000001,2016-03-24 09:30,202,-0.0059544313764087198,-0.0061544313764087194,next_open
long,2016-03-24 16:00,203.12,2016-03-28 09:30,203.61000000000001,0.0024123670736511116,0.0022123670736511115,next_open
long,2016-03-28 16:00,203.24000000000001,2016-03-29 09:30,202.75999999999999,-0.0023617398149970992,-0.0025617398149970993,next_open
long,2016-03-29 16:00,205.12,2016-03-30 09:30,206.30000000000001,0.005752730109204407,0.0055527301092044073,next_open
long,2016-03-30 16:00,206.02000000000001,2016-03-31 09:30,205.91,-0.00053392874478208618,-0.00073392874478208617,next_open
long,2016-03-31 16:00,205.52000000000001,2016-04-01 09:30,204.34999999999999,-0.0056928766056831837,-0.0058928766056831833,next_open
long,2016-04-01 16:00,206.91999999999999,2016-04-04 09:30,206.83000000000001,-0.00043495070558663418,-0.00063495070558663416,next_open
long,2016-04-04 16:00,206.25,2016-04-05 09:30,204.66999999999999,-0.0076606060606061455,-0.007860606060606146,next_open
long,2016-04-05 16:00,204.19,2016-04-06 09:30,204.28999999999999,0.00048973994808743093,0.00028973994808743095,next_open
long,2016-04-06 16:00,206.41999999999999,2016-04-07 09:30,205.13999999999999,-0.0062009495203952936,-0.0064009495203952932,next_open
long,2016-04-07 16:00,203.94999999999999,2016-04-08 09:30,205.34,0.0068153959303751677,0.006615395930375168,next_open
long,2016-04-08 16:00,204.5,2016-04-11 09:30,205.25,0.0036674816625916762,0.0034674816625916761,next_open
long,2016-04-11 16:00,204.02000000000001,2016-04-12 09:30,204.22,0.00098029604940697013,0.00078029604940697014,next_open
long,2016-04-12 16:00,205.91999999999999,2016-04-13 09:30,207,0.0052447552447552059,0.0050447552447552063,next_open
long,2016-04-13 16:00,208,2016-04-14 09:30,208.06999999999999,0.00033653846153836042,0.00013653846153836041,next_open
long,2016-04-14 16:00,208.00999999999999,2016-04-15 09:30,208.00999999999999,0,-0.00020000000000000001,next_open
long,2016-04-15 16:00,207.78,2016-04-18 09:30,207.13999999999999,-0.0030801809606315622,-0.0032801809606315623,next_open
long,2016-04-18 16:00,209.24000000000001,2016-04-19 09:30,209.74000000000001,0.0023896004588033204,0.0021896004588033203,next_open
long,2016-04-19 16:00,209.90000000000001,2016-04-20 09:30,209.94999999999999,0.00023820867079549224,3.8208670795492229e-05,next_open
long,2016-04-20 16:00,210.09999999999999,2016-04-21 09:30,210.12,9.5192765349860764e-05,-0.00010480723465013925,next_open
long,2016-04-21 16:00,208.97,2016-04-22 09:30,208.55000000000001,-0.0020098578743359408,-0.0022098578743359409,next_open
long,2016-04-22 16:00,208.97,2016-04-25 09:30,208.25999999999999,-0.0033976168828061537,-0.0035976168828061538,next_open
long,2016-04-25 16:00,208.61000000000001,2016-04-26 09:30,209.03999999999999,0.0020612626432097159,0.0018612626432097158,next_open
long,2016-04-26 16:00,208.91999999999999,2016-04-27 09:30,208.47,-0.0021539345203904769,-0.002353934520390477,next_open
long,2016-04-27 16:00,209.34999999999999,2016-04-28 09:30,208.46000000000001,-0.0042512538810604017,-0.0044512538810604014,next_open
long,2016-04-28 16:00,207.44999999999999,2016-04-29 09:30,206.72,-0.0035189202217401627,-0.0037189202217401628,next_open
long,2016-04-29 16:00,206.33000000000001,2016-05-02 09:30,206.91999999999999,0.0028594969224058353,0.0026594969224058352,next_open
long,2016-05-02 16:00,207.97,2016-05-03 09:30,206.52000000000001,-0.0069721594460738778,-0.0071721594460738775,next_open
long,2016-05-03 16:00,206.16,2016-05-04 09:30,204.99000000000001,-0.0056752037252618681,-0.0058752037252618678,next_open
long,2016-05-04 16:00,205.00999999999999,2016-05-05 09:30,205.56,0.0026827959611726016,0.0024827959611726015,next_open
long,2016-05-05 16:00,204.97,2016-05-06 09:30,204.06,-0.0044396740986485383,-0.004639674098648538,next_open
long,2016-05-06 16:00,205.72,2016-05-09 09:30,205.56999999999999,-0.00072914641259969049,-0.00092914641259969047,next_open
long,2016-05-09 16:00,205.88999999999999,2016-05-10 09:30,206.72,0.0040312788382146358,0.0038312788382146357,next_open
long,2016-05-10 16:00,208.44999999999999,2016-05-11 09:30,207.91,-0.0025905492923962159,-0.002790549292396216,next_open
long,2016-05-11 16:00,206.5,2016-05-12 09:30,207.28999999999999,0.0038256658595641202,0.0036256658595641201,next_open
long,2016-05-12 16:00,206.56,2016-05-13 09:30,206.21000000000001,-0.0016944229279628464,-0.0018944229279628465,next_open
long,2016-05-13 16:00,204.75999999999999,2016-05-16 09:30,204.96000000000001,0.00097675327212365382,0.00077675327212365383,next_open
long,2016-05-16 16:00,206.78,2016-05-17 09:30,206.46000000000001,-0.0015475384466582254,-0.0017475384466582255,next_open
long,2016-05-17 16:00,204.84999999999999,2016-05-18 09:30,204.44,-0.0020014644862094144,-0.0022014644862094145,next_open
long,2016-05-18 16:00,204.91,2016-05-19 09:30,204.06,-0.0041481626079742373,-0.004348162607974237,next_open
long,2016-05-19 16:00,204.19999999999999,2016-05-20 09:30,204.91999999999999,0.0035259549461312822,0.0033259549461312822,next_open
long,2016-05-20 16:00,205.49000000000001,2016-05-23 09:30,205.50999999999999,9.7328337145263788e-05,-0.00010267166285473622,next_open
long,2016-05-23 16:00,205.21000000000001,2016-05-24 09:30,206.16999999999999,0.0046781345938307073,0.0044781345938307076,next_open
long,2016-05-24 16:00,207.87,2016-05-25 09:30,208.66999999999999,0.003848559195650969,0.003648559195650969,next_open
long,2016-05-25 16:00,209.28,2016-05-26 09:30,209.44,0.00076452599388376896,0.00056452599388376898,next_open
long,2016-05-26 16:00,209.34,2016-05-27 09:30,209.53,0.00090761440718445385,0.00070761440718445387,next_open
long,2016-05-27 16:00,210.24000000000001,2016-05-31 09:30,210.56,0.0015220700152207556,0.0013220700152207555,next_open
long,2016-05-31 16:00,209.84,2016-06-01 09:30,209.12,-0.0034311856652687878,-0.0036311856652687879,next_open
long,2016-06-01 16:00,210.27000000000001,2016-06-02 09:30,209.80000000000001,-0.0022352213820325817,-0.0024352213820325818,next_open
long,2016-06-02 16:00,210.91,2016-06-03 09:30,210.25,-0.0031292968564790025,-0.0033292968564790026,next_open
long,2016-06-03 16:00,210.28,2016-06-06 09:30,210.69999999999999,0.001997336884154377,0.001797336884154377,next_open
long,2016-06-06 16:00,211.34999999999999,2016-06-07 09:30,211.53,0.00085166784953871755,0.00065166784953871756,next_open
long,2016-06-07 16:00,211.68000000000001,2016-06-08 09:30,211.84,0.00075585789871501774,0.00055585789871501776,next_open
long,2016-06-08 16:00,212.37,2016-06-09 09:30,211.50999999999999,-0.0040495361868437829,-0.0042495361868437826,next_open
long,2016-06-09 16:00,212.08000000000001,2016-06-10 09:30,210.46000000000001,-0.0076386269332328061,-0.0078386269332328066,next_open
long,2016-06-10 16:00,210.06999999999999,2016-06-13 09:30,209.36000000000001,-0.003379825772361511,-0.0035798257723615111,next_open
long,2016-06-13 16:00,208.44999999999999,2016-06-14 09:30,208,-0.0021587910769967911,-0.0023587910769967912,next_open
long,2016-06-14 16:00,208.03999999999999,2016-06-15 09:30,208.53999999999999,0.0024033839646222521,0.002203383964622252,next_open
long,2016-06-15 16:00,207.75,2016-06-16 09:30,206.72999999999999,-0.0049097472924187757,-0.0051097472924187754,next_open
long,2016-06-16 16:00,208.37,2016-06-17 09:30,207.16999999999999,-0.0057589864183904549,-0.0059589864183904545,next_open
long,2016-06-17 16:00,206.52000000000001,2016-06-20 09:30,208.81999999999999,0.011136935889986432,0.010936935889986432,next_open
long,2016-06-20 16:00,207.84999999999999,2016-06-21 09:30,208.30000000000001,0.0021650228530190052,0.0019650228530190051,next_open
long,2016-06-21 16:00,208.44,2016-06-22 09:30,208.65000000000001,0.001007484168106032,0.00080748416810603205,next_open
long,2016-06-22 16:00,208.09999999999999,2016-06-23 09:30,209.81,0.008217203267659734,0.0080172032676597334,next_open
long,2016-06-23 16:00,210.81,2016-06-24 09:30,203.63,-0.03405910535553347,-0.034259105355533469,next_open
long,2016-06-24 16:00,203.13,2016-06-27 09:30,201.59,-0.007581351843646833,-0.0077813518436468327,next_open
long,2016-06-27 16:00,199.59999999999999,2016-06-28 09:30,201.47999999999999,0.0094188376753507885,0.009218837675350788,next_open
long,2016-06-28 16:00,203.19999999999999,2016-06-29 09:30,204.84,0.0080708661417323579,0.0078708661417323574,next_open
long,2016-06-29 16:00,206.66,2016-06-30 09:30,207.21000000000001,0.0026613761734251007,0.0024613761734251006,next_open
long,2016-06-30 16:00,209.47999999999999,2016-07-01 09:30,209.36000000000001,-0.00057284704983762147,-0.00077284704983762145,next_open
long,2016-07-01 16:00,209.91999999999999,2016-07-05 09:30,208.94999999999999,-0.0046208079268292845,-0.0048208079268292842,next_open
long,2016-07-05 16:00,208.41,2016-07-06 09:30,207.83000000000001,-0.0027829758648816316,-0.0029829758648816317,next_open
long,2016-07-06 16:00,209.66,2016-07-07 09:30,209.87,0.0010016216731851824,0.00080162167318518238,next_open
long,2016-07-07 16:00,209.53,2016-07-08 09:30,211.05000000000001,0.007254331122034996,0.0070543311220349963,next_open
long,2016-07-08 16:00,212.65000000000001,2016-07-11 09:30,213.19,0.0025393839642604554,0.0023393839642604553,next_open
long,2016-07-11 16:00,213.40000000000001,2016-07-12 09:30,214.53,0.0052952202436737927,0.0050952202436737931,next_open
long,2016-07-12 16:00,214.94999999999999,2016-07-13 09:30,215.44,0.0022795999069551431,0.002079599906955143,next_open
long,2016-07-13 16:00,214.91999999999999,2016-07-14 09:30,216.40000000000001,0.0068862832681928499,0.0066862832681928502,next_open
long,2016-07-14 16:00,216.12,2016-07-15 09:30,216.78,0.0030538589672404193,0.0028538589672404192,next_open
long,2016-07-15 16:00,215.83000000000001,2016-07-18 09:30,215.97,0.00064865866654306714,0.00044865866654306716,next_open
long,2016-07-18 16:00,216.41,2016-07-19 09:30,215.91999999999999,-0.0022642206922046659,-0.002464220692204666,next_open
long,2016-07-19 16:00,216.19,2016-07-20 09:30,216.75,0.0025903140755816345,0.0023903140755816344,next_open
long,2016-07-20 16:00,217.09,2016-07-21 09:30,216.96000000000001,-0.00059882997834992402,-0.000798829978349924,next_open
long,2016-07-21 16:00,216.27000000000001,2016-07-22 09:30,216.41,0.00064733897443014499,0.000447338974430145,next_open
long,2016-07-22 16:00,217.24000000000001,2016-07-25 09:30,217,-0.0011047689191677756,-0.0013047689191677757,next_open
long,2016-07-25 16:00,216.65000000000001,2016-07-26 09:30,216.53,-0.00055388876067397064,-0.00075388876067397062,next_open
long,2016-07-26 16:00,216.75,2016-07-27 09:30,217.19,0.0020299884659746859,0.0018299884659746858,next_open
long,2016-07-27 16:00,216.52000000000001,2016-07-28 09:30,216.28999999999999,-0.0010622575281730162,-0.0012622575281730163,next_open
long,2016-07-28 16:00,216.77000000000001,2016-07-29 09:30,216.46000000000001,-0.0014300871891866906,-0.0016300871891866907,next_open
long,2016-07-29 16:00,217.12,2016-08-01 09:30,217.19,0.00032240235814295914,0.00012240235814295913,next_open
long,2016-08-01 16:00,216.94,2016-08-02 09:30,216.65000000000001,-0.0013367751452013632,-0.0015367751452013633,next_open
long,2016-08-02 16:00,215.55000000000001,2016-08-03 09:30,215.47999999999999,-0.0003247506379031595,-0.00052475063790315948,next_open
long,2016-08-03 16:00,216.18000000000001,2016-08-04 09:30,216.31,0.00060135072624656338,0.0004013507262465634,next_open
long,2016-08-04 16:00,216.41,2016-08-05 09:30,217.21000000000001,0.0036966868444157086,0.0034966868444157085,next_open
long,2016-08-05 16:00,218.18000000000001,2016-08-08 09:30,218.40000000000001,0.0010083417361810287,0.00080834173618102875,next_open
long,2016-08-08 16:00,218.05000000000001,2016-08-09 09:30,218.13,0.000366888328364956,0.00016688832836495599,next_open
long,2016-08-09 16:00,218.18000000000001,2016-08-10 09:30,218.31,0.00059583829865239579,0.00039583829865239581,next_open
long,2016-08-10 16:00,217.63999999999999,2016-08-11 09:30,218.25999999999999,0.0028487410402500135,0.0026487410402500134,next_open
long,2016-08-11 16:00,218.65000000000001,2016-08-12 09:30,218.28999999999999,-0.0016464669563229783,-0.0018464669563229784,next_open
long,2016-08-12 16:00,218.46000000000001,2016-08-15 09:30,218.88999999999999,0.0019683237205894155,0.0017683237205894154,next_open
long,2016-08-15 16:00,219.09,2016-08-16 09:30,218.59999999999999,-0.0022365238030033208,-0.0024365238030033209,next_open
long,2016-08-16 16:00,217.96000000000001,2016-08-17 09:30,218,0.00018351991191045691,-1.6480088089543097e-05,next_open
long,2016-08-17 16:00,218.37,2016-08-18 09:30,218.34,-0.0001373815084489971,-0.00033738150844899709,next_open
long,2016-08-18 16:00,218.86000000000001,2016-08-19 09:30,218.31,-0.0025130220232112421,-0.0027130220232112422,next_open
long,2016-08-19 16:00,218.53999999999999,2016-08-22 09:30,218.25999999999999,-0.0012812299807815064,-0.0014812299807815065,next_open
long,2016-08-22 16:00,218.53,2016-08-23 09:30,219.25,0.0032947421406672728,0.0030947421406672727,next_open
long,2016-08-23 16:00,218.97,2016-08-24 09:30,218.80000000000001,-0.00077636205872944064,-0.00097636205872944062,next_open
long,2016-08-24 16:00,217.84999999999999,2016-08-25 09:30,217.40000000000001,-0.0020656414964425052,-0.0022656414964425053,next_open
long,2016-08-25 16:00,217.69999999999999,2016-08-26 09:30,217.91999999999999,0.0010105649977032449,0.00081056499770324494,next_open
long,2016-08-26 16:00,217.28999999999999,2016-08-29 09:30,217.44,0.00069032168990745824,0.00049032168990745825,next_open
long,2016-08-29 16:00,218.36000000000001,2016-08-30 09:30,218.25999999999999,-0.00045795933321135518,-0.00065795933321135516,next_open
long,2016-08-30 16:00,218,2016-08-31 09:30,217.61000000000001,-0.0017889908256880638,-0.0019889908256880639,next_open
long,2016-08-31 16:00,217.38,2016-09-01 09:30,217.37,-4.6002392124377955e-05,-0.00024600239212437794,next_open
long,2016-09-01 16:00,217.38999999999999,2016-09-02 09:30,218.38999999999999,0.0046000276001656459,0.0044000276001656463,next_open
long,2016-09-02 16:00,218.37,2016-09-06 09:30,218.69999999999999,0.001511196592938413,0.0013111965929384129,next_open
long,2016-09-06 16:00,219.03,2016-09-07 09:30,218.84,-0.00086746107839108522,-0.0010674610783910853,next_open
long,2016-09-07 16:00,219.00999999999999,2016-09-08 09:30,218.62,-0.0017807406054517472,-0.0019807406054517473,next_open
long,2016-09-08 16:00,218.50999999999999,2016-09-09 09:30,216.97,-0.0070477323692279548,-0.0072477323692279544,next_open
long,2016-09-09 16:00,213.28,2016-09-12 09:30,212.38999999999999,-0.0041729182295574541,-0.0043729182295574537,next_open
long,2016-09-12 16:00,216.34,2016-09-13 09:30,214.84,-0.006933530553758005,-0.0071335305537580046,next_open
long,2016-09-13 16:00,213.22999999999999,2016-09-14 09:30,213.28999999999999,0.00028138629648744029,8.1386296487440281e-05,next_open
long,2016-09-14 16:00,213.15000000000001,2016-09-15 09:30,212.96000000000001,-0.00089139103917423856,-0.0010913910391742387,next_open
long,2016-09-15 16:00,215.28,2016-09-16 09:30,213.47999999999999,-0.0083612040133780319,-0.0085612040133780324,next_open
long,2016-09-16 16:00,213.37,2016-09-19 09:30,214.13,0.0035618878005343468,0.0033618878005343467,next_open
long,2016-09-19 16:00,213.41,2016-09-20 09:30,214.41,0.0046858160348624001,0.0044858160348624004,next_open
long,2016-09-20 16:00,213.41999999999999,2016-09-21 09:30,214.24000000000001,0.0038421891106739103,0.0036421891106739102,next_open
long,2016-09-21 16:00,215.81999999999999,2016-09-22 09:30,217,0.0054675192289872498,0.0052675192289872502,next_open
long,2016-09-22 16:00,217.18000000000001,2016-09-23 09:30,216.72,-0.0021180587531081096,-0.0023180587531081097,next_open
long,2016-09-23 16:00,215.99000000000001,2016-09-26 09:30,215.02000000000001,-0.0044909486550303024,-0.004690948655030302,next_open
long,2016-09-26 16:00,214.24000000000001,2016-09-27 09:30,214.05000000000001,-0.00088685586258396842,-0.0010868558625839685,next_open
long,2016-09-27 16:00,215.56999999999999,2016-09-28 09:30,215.83000000000001,0.0012061047455582674,0.0010061047455582673,next_open
long,2016-09-28 16:00,216.63999999999999,2016-09-29 09:30,216.40000000000001,-0.0011078286558344752,-0.0013078286558344753,next_open
long,2016-09-29 16:00,214.68000000000001,2016-09-30 09:30,215.65000000000001,0.004518352897335598,0.0043183528973355983,next_open
long,2016-09-30 16:00,216.30000000000001,2016-10-03 09:30,215.81999999999999,-0.0022191400832178854,-0.0024191400832178855,next_open
long,2016-10-03 16:00,215.78,2016-10-04 09:30,215.91,0.00060246547409392726,0.00040246547409392727,next_open
long,2016-10-04 16:00,214.68000000000001,2016-10-05 09:30,215.41,0.0034004099124278486,0.0032004099124278485,next_open
long,2016-10-05 16:00,215.63,2016-10-06 09:30,215.37,-0.0012057691415851002,-0.0014057691415851003,next_open
long,2016-10-06 16:00,215.78,2016-10-07 09:30,216.09999999999999,0.0014829919362313593,0.0012829919362313592,next_open
long,2016-10-07 16:00,215.03999999999999,2016-10-10 09:30,216.16,0.0052083333333332593,0.0050083333333332597,next_open
long,2016-10-10 16:00,216.16,2016-10-11 09:30,215.66,-0.0023131014063656474,-0.0025131014063656475,next_open
long,2016-10-11 16:00,213.43000000000001,2016-10-12 09:30,213.59,0.00074966031017198453,0.00054966031017198455,next_open
long,2016-10-12 16:00,213.71000000000001,2016-10-13 09:30,212.16,-0.0072528192410276082,-0.0074528192410276079,next_open
long,2016-10-13 16:00,213.00999999999999,2016-10-14 09:30,214.15000000000001,0.0053518614149570265,0.0051518614149570268,next_open
long,2016-10-14 16:00,213.12,2016-10-17 09:30,213.09,-0.00014076576576571576,-0.00034076576576571574,next_open
long,2016-10-17 16:00,212.38,2016-10-18 09:30,214.24000000000001,0.0087578868066673365,0.008557886806667336,next_open
long,2016-10-18 16:00,213.71000000000001,2016-10-19 09:30,214.02000000000001,0.0014505638482056327,0.0012505638482056326,next_open
long,2016-10-19 16:00,214.28,2016-10-20 09:30,213.87,-0.0019133843569161257,-0.0021133843569161258,next_open
long,2016-10-20 16:00,213.88,2016-10-21 09:30,212.96000000000001,-0.0043014774639984488,-0.0045014774639984484,next_open
long,2016-10-21 16:00,213.97999999999999,2016-10-24 09:30,215,0.0047668006355734427,0.004566800635573443,next_open
long,2016-10-24 16:00,214.88999999999999,2016-10-25 09:30,214.68000000000001,-0.00097724417143640885,-0.0011772441714364089,next_open
long,2016-10-25 16:00,214.16999999999999,2016-10-26 09:30,213.21000000000001,-0.0044824205070737033,-0.004682420507073703,next_open
long,2016-10-26 16:00,213.74000000000001,2016-10-27 09:30,214.58000000000001,0.0039300084214466402,0.0037300084214466401,next_open
long,2016-10-27 16:00,213.16999999999999,2016-10-28 09:30,213.13999999999999,-0.00014073274851056361,-0.00034073274851056359,next_open
long,2016-10-28 16:00,212.53999999999999,2016-10-31 09:30,212.93000000000001,0.0018349487155360222,0.0016349487155360221,next_open
long,2016-10-31 16:00,212.55000000000001,2016-11-01 09:30,212.93000000000001,0.0017878146318512922,0.0015878146318512921,next_open
long,2016-11-01 16:00,211.00999999999999,2016-11-02 09:30,210.65000000000001,-0.0017060802805552999,-0.0019060802805553,next_open
long,2016-11-02 16:00,209.74000000000001,2016-11-03 09:30,209.99000000000001,0.0011919519404977041,0.00099195194049770405,next_open
long,2016-11-03 16:00,208.78,2016-11-04 09:30,208.91,0.00062266500622665255,0.00042266500622665257,next_open
long,2016-11-04 16:00,208.55000000000001,2016-11-07 09:30,211.44999999999999,0.013905538240229998,0.013705538240229997,next_open
long,2016-11-07 16:00,213.15000000000001,2016-11-08 09:30,212.69,-0.0021581046211588406,-0.0023581046211588407,next_open
long,2016-11-08 16:00,214.11000000000001,2016-11-09 09:30,212.37,-0.0081266638643687772,-0.0083266638643687777,next_open
long,2016-11-09 16:00,216.38,2016-11-10 09:30,217.30000000000001,0.0042517792771976648,0.0040517792771976651,next_open
long,2016-11-10 16:00,216.91999999999999,2016-11-11 09:30,216.08000000000001,-0.0038723953531254462,-0.0040723953531254459,next_open
long,2016-11-11 16:00,216.41999999999999,2016-11-14 09:30,217.03,0.0028185934756492781,0.002618593475649278,next_open
long,2016-11-14 16:00,216.59,2016-11-15 09:30,217.03999999999999,0.0020776582483030825,0.0018776582483030825,next_open
long,2016-11-15 16:00,218.28,2016-11-16 09:30,217.56,-0.0032985156679493643,-0.0034985156679493644,next_open
long,2016-11-16 16:00,217.87,2016-11-17 09:30,218.05000000000001,0.00082618074998852542,0.00062618074998852544,next_open
long,2016-11-17 16:00,218.99000000000001,2016-11-18 09:30,219.06999999999999,0.00036531348463397784,0.00016531348463397783,next_open
long,2016-11-18 16:00,218.5,2016-11-21 09:30,219.16999999999999,0.0030663615560639901,0.00286636155606399,next_open
long,2016-11-21 16:00,220.15000000000001,2016-11-22 09:30,220.50999999999999,0.0016352486940720556,0.0014352486940720556,next_open
long,2016-11-22 16:00,220.58000000000001,2016-11-23 09:30,219.97999999999999,-0.0027201015504579873,-0.0029201015504579874,next_open
long,2016-11-23 16:00,220.69999999999999,2016-11-25 09:30,221.09999999999999,0.0018124150430449681,0.0016124150430449681,next_open
long,2016-11-25 16:00,221.52000000000001,2016-11-28 09:30,221.16,-0.0016251354279523955,-0.0018251354279523956,next_open
long,2016-11-28 16:00,220.47999999999999,2016-11-29 09:30,220.52000000000001,0.00018142235123375094,-1.8577648766249065e-05,next_open
long,2016-11-29 16:00,220.91,2016-11-30 09:30,221.63,0.0032592458467248786,0.0030592458467248785,next_open
long,2016-11-30 16:00,220.38,2016-12-01 09:30,220.72999999999999,0.0015881658952718869,0.0013881658952718868,next_open
long,2016-12-01 16:00,219.56999999999999,2016-12-02 09:30,219.66999999999999,0.00045543562417460492,0.00025543562417460494,next_open
long,2016-12-02 16:00,219.68000000000001,2016-12-05 09:30,220.65000000000001,0.0044155134741441504,0.0042155134741441508,next_open
long,2016-12-05 16:00,221,2016-12-06 09:30,221.22,0.00099547511312225723,0.00079547511312225724,next_open
long,2016-12-06 16:00,221.69999999999999,2016-12-07 09:30,221.52000000000001,-0.00081190798376173934,-0.0010119079837617394,next_open
long,2016-12-07 16:00,224.59999999999999,2016-12-08 09:30,224.56999999999999,-0.00013357079252007686,-0.00033357079252007685,next_open
long,2016-12-08 16:00,225.15000000000001,2016-12-09 09:30,225.41,0.0011547856984233107,0.00095478569842331071,next_open
long,2016-12-09 16:00,226.50999999999999,2016-12-12 09:30,226.40000000000001,-0.00048562977351984671,-0.00068562977351984669,next_open
long,2016-12-12 16:00,226.25,2016-12-13 09:30,227.02000000000001,0.0034033149171270871,0.003203314917127087,next_open
long,2016-12-13 16:00,227.75999999999999,2016-12-14 09:30,227.41,-0.001536705303828545,-0.0017367053038285451,next_open
long,2016-12-14 16:00,225.88,2016-12-15 09:30,226.16,0.0012395962457942833,0.0010395962457942832,next_open
long,2016-12-15 16:00,226.81,2016-12-16 09:30,226.00999999999999,-0.0035271813412107722,-0.0037271813412107723,next_open
long,2016-12-16 16:00,225.03999999999999,2016-12-19 09:30,225.25,0.00093316743690019521,0.00073316743690019523,next_open
long,2016-12-19 16:00,225.53,2016-12-20 09:30,226.15000000000001,0.0027490799450184955,0.0025490799450184954,next_open
long,2016-12-20 16:00,226.40000000000001,2016-12-21 09:30,226.25,-0.00066254416961131213,-0.00086254416961131211,next_open
long,2016-12-21 16:00,225.77000000000001,2016-12-22 09:30,225.59999999999999,-0.0007529786951322448,-0.00095297869513224478,next_open
long,2016-12-22 16:00,225.38,2016-12-23 09:30,225.43000000000001,0.00022184754636622728,2.1847546366227268e-05,next_open
long,2016-12-23 16:00,225.71000000000001,2016-12-27 09:30,226.02000000000001,0.0013734437995658322,0.0011734437995658321,next_open
long,2016-12-27 16:00,226.27000000000001,2016-12-28 09:30,226.56999999999999,0.0013258496486496796,0.0011258496486496795,next_open
long,2016-12-28 16:00,224.40000000000001,2016-12-29 09:30,224.47999999999999,0.00035650623885907784,0.00015650623885907783,next_open
long,2016-12-29 16:00,224.34999999999999,2016-12-30 09:30,224.72999999999999,0.0016937820369957723,0.0014937820369957723,next_open
long,2016-12-30 16:00,223.53,2017-01-03 09:30,225.03999999999999,0.0067552453809331947,0.0065552453809331951,next_open
long,2017-01-03 16:00,225.24000000000001,2017-01-04 09:30,225.62,0.0016870893269400611,0.001487089326940061,next_open
long,2017-01-04 16:00,226.58000000000001,2017-01-05 09:30,226.27000000000001,-0.0013681701827169546,-0.0015681701827169547,next_open
long,2017-01-05 16:00,226.40000000000001,2017-01-06 09:30,226.53,0.00057420494699633728,0.0003742049469963373,next_open
long,2017-01-06 16:00,227.21000000000001,2017-01-09 09:30,226.91,-0.0013203644205801446,-0.0015203644205801447,next_open
long,2017-01-09 16:00,226.46000000000001,2017-01-10 09:30,226.47999999999999,8.8315817362794036e-05,-0.00011168418263720597,next_open
long,2017-01-10 16:00,226.46000000000001,2017-01-11 09:30,226.36000000000001,-0.00044157908681441427,-0.00064157908681441425,next_open
long,2017-01-11 16:00,227.09999999999999,2017-01-12 09:30,226.5,-0.0026420079260237594,-0.0028420079260237595,next_open
long,2017-01-12 16:00,226.53,2017-01-13 09:30,226.72999999999999,0.00088288526905921927,0.00068288526905921929,next_open
long,2017-01-13 16:00,227.05000000000001,2017-01-17 09:30,226.31,-0.0032591940101299732,-0.0034591940101299733,next_open
long,2017-01-17 16:00,226.25,2017-01-18 09:30,226.53999999999999,0.0012817679558010386,0.0010817679558010385,next_open
long,2017-01-18 16:00,226.75,2017-01-19 09:30,226.84,0.00039691289966925503,0.00019691289966925502,next_open
long,2017-01-19 16:00,225.91,2017-01-20 09:30,226.69999999999999,0.003496967819042851,0.0032969678190428509,next_open
long,2017-01-20 16:00,226.74000000000001,2017-01-23 09:30,226.34999999999999,-0.0017200317544324717,-0.0019200317544324718,next_open
long,2017-01-23 16:00,226.15000000000001,2017-01-24 09:30,226.40000000000001,0.0011054609772274127,0.00090546097722741267,next_open
long,2017-01-24 16:00,227.59999999999999,2017-01-25 09:30,228.69999999999999,0.004833040421792667,0.0046330404217926674,next_open
long,2017-01-25 16:00,229.56999999999999,2017-01-26 09:30,229.40000000000001,-0.00074051487563697727,-0.00094051487563697725,next_open
long,2017-01-26 16:00,229.33000000000001,2017-01-27 09:30,229.41999999999999,0.00039244756464462682,0.00019244756464462681,next_open
long,2017-01-27 16:00,228.97,2017-01-30 09:30,228.16999999999999,-0.0034939074987989649,-0.003693907498798965,next_open
long,2017-01-30 16:00,227.55000000000001,2017-01-31 09:30,226.97999999999999,-0.0025049439683586527,-0.0027049439683586528,next_open
long,2017-01-31 16:00,227.53,2017-02-01 09:30,228.25999999999999,0.0032083681272798703,0.0030083681272798702,next_open
long,2017-02-01 16:00,227.62,2017-02-02 09:30,227.19999999999999,-0.0018451805640981034,-0.0020451805640981035,next_open
long,2017-02-02 16:00,227.77000000000001,2017-02-03 09:30,228.81999999999999,0.0046099135092416699,0.0044099135092416702,next_open
long,2017-02-03 16:00,229.34,2017-02-06 09:30,228.87,-0.0020493590302607112,-0.0022493590302607113,next_open
long,2017-02-06 16:00,228.93000000000001,2017-02-07 09:30,229.38,0.0019656663608962344,0.0017656663608962343,next_open
long,2017-02-07 16:00,228.94,2017-02-08 09:30,228.61000000000001,-0.0014414257010569864,-0.0016414257010569865,next_open
long,2017-02-08 16:00,229.24000000000001,2017-02-09 09:30,229.56,0.0013959169429418328,0.0011959169429418327,next_open
long,2017-02-09 16:00,230.59999999999999,2017-02-10 09:30,231,0.0017346053772766545,0.0015346053772766544,next_open
long,2017-02-10 16:00,231.50999999999999,2017-02-13 09:30,232.08000000000001,0.0024620966696904389,0.0022620966696904389,next_open
long,2017-02-13 16:00,232.77000000000001,2017-02-14 09:30,232.56,-0.0009021781157365627,-0.0011021781157365628,next_open
long,2017-02-14 16:00,233.69999999999999,2017-02-15 09:30,233.44999999999999,-0.0010697475395806677,-0.0012697475395806678,next_open
long,2017-02-15 16:00,234.91999999999999,2017-02-16 09:30,234.96000000000001,0.00017027073046160801,-2.9729269538391999e-05,next_open
long,2017-02-16 16:00,234.72,2017-02-17 09:30,233.94999999999999,-0.0032805044308111819,-0.003480504430811182,next_open
long,2017-02-17 16:00,235.09,2017-02-21 09:30,235.52000000000001,0.0018290867327406257,0.0016290867327406256,next_open
long,2017-02-21 16:00,236.49000000000001,2017-02-22 09:30,236.02000000000001,-0.0019873990443570744,-0.0021873990443570745,next_open
long,2017-02-22 16:00,236.28,2017-02-23 09:30,236.88,0.0025393600812595452,0.0023393600812595451,next_open
long,2017-02-23 16:00,236.44,2017-02-24 09:30,235.46000000000001,-0.004144814752157,-0.0043448147521569997,next_open
long,2017-02-24 16:00,236.74000000000001,2017-02-27 09:30,236.63999999999999,-0.00042240432542040018,-0.00062240432542040017,next_open
long,2017-02-27 16:00,237.11000000000001,2017-02-28 09:30,236.66999999999999,-0.0018556787988698309,-0.002055678798869831,next_open
long,2017-02-28 16:00,236.47,2017-03-01 09:30,238.38999999999999,0.0081194231826446917,0.0079194231826446911,next_open
long,2017-03-01 16:00,239.78,2017-03-02 09:30,239.56,-0.00091750771540577425,-0.0011175077154057743,next_open
long,2017-03-02 16:00,238.27000000000001,2017-03-03 09:30,238.16999999999999,-0.00041969194611168881,-0.00061969194611168879,next_open
long,2017-03-03 16:00,238.41999999999999,2017-03-06 09:30,237.5,-0.0038587366831641656,-0.0040587366831641653,next_open
long,2017-03-06 16:00,237.71000000000001,2017-03-07 09:30,237.36000000000001,-0.001472382314585019,-0.0016723823145850191,next_open
long,2017-03-07 16:00,237,2017-03-08 09:30,237.34,0.0014345991561182103,0.0012345991561182102,next_open
long,2017-03-08 16:00,236.56,2017-03-09 09:30,236.69999999999999,0.00059181602975977299,0.00039181602975977301,next_open
long,2017-03-09 16:00,236.86000000000001,2017-03-10 09:30,237.97,0.0046863125897154134,0.0044863125897154138,next_open
long,2017-03-10 16:00,237.69,2017-03-13 09:30,237.62,-0.00029450124111229936,-0.00049450124111229934,next_open
long,2017-03-13 16:00,237.81,2017-03-14 09:30,237.18000000000001,-0.0026491737101046464,-0.0028491737101046465,next_open
long,2017-03-14 16:00,236.90000000000001,2017-03-15 09:30,237.56,0.0027859856479526268,0.0025859856479526267,next_open
long,2017-03-15 16:00,238.94999999999999,2017-03-16 09:30,239.11000000000001,0.00066959614982220472,0.00046959614982220474,next_open
long,2017-03-16 16:00,238.47999999999999,2017-03-17 09:30,237.75,-0.0030610533378060412,-0.0032610533378060413,next_open
long,2017-03-17 16:00,237.03,2017-03-20 09:30,237.03,0,-0.00020000000000000001,next_open
long,2017-03-20 16:00,236.77000000000001,2017-03-21 09:30,237.47,0.0029564556320478275,0.0027564556320478274,next_open
long,2017-03-21 16:00,233.72999999999999,2017-03-22 09:30,233.77000000000001,0.00017113763744491806,-2.8862362555081954e-05,next_open
long,2017-03-22 16:00,234.28,2017-03-23 09:30,234,-0.00119515110124635,-0.0013951511012463501,next_open
long,2017-03-23 16:00,234.03,2017-03-24 09:30,234.38,0.001495534760500794,0.0012955347605007939,next_open
long,2017-03-24 16:00,233.86000000000001,2017-03-27 09:30,231.93000000000001,-0.0082528008210041026,-0.0084528008210041031,next_open
long,2017-03-27 16:00,233.62,2017-03-28 09:30,233.27000000000001,-0.0014981594041605373,-0.0016981594041605374,next_open
long,2017-03-28 16:00,235.31999999999999,2017-03-29 09:30,234.99000000000001,-0.0014023457419682916,-0.0016023457419682917,next_open
long,2017-03-29 16:00,235.53999999999999,2017-03-30 09:30,235.47,-0.00029718943703826994,-0.00049718943703826993,next_open
long,2017-03-30 16:00,236.28999999999999,2017-03-31 09:30,235.90000000000001,-0.0016505141986541405,-0.0018505141986541406,next_open
long,2017-03-31 16:00,235.74000000000001,2017-04-03 09:30,235.80000000000001,0.00025451768897943872,5.4517688979438707e-05,next_open
long,2017-04-03 16:00,235.33000000000001,2017-04-04 09:30,235,-0.0014022861513619533,-0.0016022861513619534,next_open
long,2017-04-04 16:00,235.47999999999999,2017-04-05 09:30,236.25999999999999,0.0033123832172583523,0.0031123832172583522,next_open
long,2017-04-05 16:00,234.78,2017-04-06 09:30,234.94,0.00068148905358200729,0.0004814890535820073,next_open
long,2017-04-06 16:00,235.44,2017-04-07 09:30,235.15000000000001,-0.0012317363234793932,-0.0014317363234793933,next_open
long,2017-04-07 16:00,235.19999999999999,2017-04-10 09:30,235.36000000000001,0.0006802721088436936,0.00048027210884369362,next_open
long,2017-04-10 16:00,235.34,2017-04-11 09:30,234.90000000000001,-0.0018696354210928634,-0.0020696354210928635,next_open
long,2017-04-11 16:00,235.06,2017-04-12 09:30,234.74000000000001,-0.0013613545477749733,-0.0015613545477749734,next_open
long,2017-04-12 16:00,234.03,2017-04-13 09:30,233.63999999999999,-0.0016664530188438276,-0.0018664530188438277,next_open
long,2017-04-13 16:00,232.50999999999999,2017-04-17 09:30,233.11000000000001,0.0025805341705733564,0.0023805341705733563,next_open
long,2017-04-17 16:00,234.56999999999999,2017-04-18 09:30,233.72,-0.0036236517883787567,-0.0038236517883787568,next_open
long,2017-04-18 16:00,233.87,2017-04-19 09:30,234.52000000000001,0.0027793218454696955,0.0025793218454696954,next_open
long,2017-04-19 16:00,233.44,2017-04-20 09:30,234.15000000000001,0.0030414667580533905,0.0028414667580533904,next_open
long,2017-04-20 16:00,235.34,2017-04-21 09:30,235.25,-0.00038242542704169935,-0.00058242542704169933,next_open
long,2017-04-21 16:00,234.59,2017-04-24 09:30,237.18000000000001,0.011040538812396195,0.010840538812396194,next_open
long,2017-04-24 16:00,237.16999999999999,2017-04-25 09:30,237.91,0.0031201248049921304,0.0029201248049921303,next_open
long,2017-04-25 16:00,238.55000000000001,2017-04-26 09:30,238.50999999999999,-0.00016767973171250006,-0.00036767973171250004,next_open
long,2017-04-26 16:00,238.40000000000001,2017-04-27 09:30,238.77000000000001,0.0015520134228188542,0.0013520134228188541,next_open
long,2017-04-27 16:00,238.59999999999999,2017-04-28 09:30,238.90000000000001,0.0012573344509640982,0.0010573344509640981,next_open
long,2017-04-28 16:00,238.08000000000001,2017-05-01 09:30,238.68000000000001,0.002520161290322509,0.0023201612903225089,next_open
long,2017-05-01 16:00,238.68000000000001,2017-05-02 09:30,238.84,0.00067035361153000572,0.00047035361153000574,next_open
long,2017-05-02 16:00,238.77000000000001,2017-05-03 09:30,238.28999999999999,-0.0020103028018596536,-0.0022103028018596537,next_open
long,2017-05-03 16:00,238.47999999999999,2017-05-04 09:30,238.83000000000001,0.001467628312646907,0.0012676283126469069,next_open
long,2017-05-04 16:00,238.75999999999999,2017-05-05 09:30,239.19,0.001800971687049735,0.0016009716870497349,next_open
long,2017-05-05 16:00,239.69999999999999,2017-05-08 09:30,239.75,0.00020859407592821455,8.5940759282145411e-06,next_open
long,2017-05-08 16:00,239.66,2017-05-09 09:30,239.96000000000001,0.0012517733455730262,0.0010517733455730261,next_open
long,2017-05-09 16:00,239.44,2017-05-10 09:30,239.38999999999999,-0.00020882058135651693,-0.00040882058135651691,next_open
long,2017-05-10 16:00,239.87,2017-05-11 09:30,239.34999999999999,-0.0021678409138283783,-0.0023678409138283784,next_open
long,2017-05-11 16:00,239.38,2017-05-12 09:30,239.09,-0.0012114629459436532,-0.0014114629459436533,next_open
long,2017-05-12 16:00,238.97999999999999,2017-05-15 09:30,239.47,0.0020503807850029698,0.0018503807850029697,next_open
long,2017-05-15 16:00,240.30000000000001,2017-05-16 09:30,240.63999999999999,0.0014148980441113235,0.0012148980441113234,next_open
long,2017-05-16 16:00,240.08000000000001,2017-05-17 09:30,238.09999999999999,-0.0082472509163612484,-0.0084472509163612489,next_open
long,2017-05-17 16:00,235.81999999999999,2017-05-18 09:30,235.72999999999999,-0.00038164701891274522,-0.0005816470189127452,next_open
long,2017-05-18 16:00,236.77000000000001,2017-05-19 09:30,237.33000000000001,0.0023651645056383952,0.0021651645056383951,next_open
long,2017-05-19 16:00,238.31,2017-05-22 09:30,238.90000000000001,0.0024757668582937598,0.0022757668582937597,next_open
long,2017-05-22 16:00,239.52000000000001,2017-05-23 09:30,239.94999999999999,0.0017952571810286866,0.0015952571810286865,next_open
long,2017-05-23 16:00,240.05000000000001,2017-05-24 09:30,240.31999999999999,0.0011247656738178069,0.00092476567381780692,next_open
long,2017-05-24 16:00,240.61000000000001,2017-05-25 09:30,241.19999999999999,0.0024521009101865499,0.0022521009101865498,next_open
long,2017-05-25 16:00,241.75999999999999,2017-05-26 09:30,241.53999999999999,-0.00090999338186625867,-0.0011099933818662588,next_open
long,2017-05-26 16:00,241.71000000000001,2017-05-30 09:30,241.34,-0.0015307600016548628,-0.0017307600016548629,next_open
long,2017-05-30 16:00,241.5,2017-05-31 09:30,241.84,0.0014078674948241332,0.0012078674948241331,next_open
long,2017-05-31 16:00,241.44,2017-06-01 09:30,241.97,0.002195162359178271,0.0019951623591782709,next_open
long,2017-06-01 16:00,243.36000000000001,2017-06-02 09:30,243.41999999999999,0.00024654832347126288,4.6548323471262866e-05,next_open
long,2017-06-02 16:00,244.16999999999999,2017-06-05 09:30,243.97,-0.00081910144571395449,-0.0010191014457139546,next_open
long,2017-06-05 16:00,243.99000000000001,2017-06-06 09:30,243.34,-0.0026640436083446017,-0.0028640436083446018,next_open
long,2017-06-06 16:00,243.21000000000001,2017-06-07 09:30,243.59999999999999,0.0016035524855062544,0.0014035524855062543,next_open
long,2017-06-07 16:00,243.66,2017-06-08 09:30,243.77000000000001,0.00045144874004776625,0.00025144874004776627,next_open
long,2017-06-08 16:00,243.78,2017-06-09 09:30,244.09,0.0012716383624580274,0.0010716383624580273,next_open
long,2017-06-09 16:00,243.41,2017-06-12 09:30,243.13,-0.0011503225011297857,-0.0013503225011297858,next_open
long,2017-06-12 16:00,243.36000000000001,2017-06-13 09:30,243.97999999999999,0.002547666009204308,0.0023476660092043079,next_open
long,2017-06-13 16:00,244.55000000000001,2017-06-14 09:30,244.86000000000001,0.0012676344305868614,0.0010676344305868613,next_open
long,2017-06-14 16:00,244.24000000000001,2017-06-15 09:30,242.68000000000001,-0.0063871601703242575,-0.0065871601703242572,next_open
long,2017-06-15 16:00,243.77000000000001,2017-06-16 09:30,242.77000000000001,-0.0041022275095377037,-0.0043022275095377033,next_open
long,2017-06-16 16:00,242.63999999999999,2017-06-19 09:30,243.59,0.0039152654137817322,0.0037152654137817321,next_open
long,2017-06-19 16:00,244.66,2017-06-20 09:30,244.25,-0.0016757949807896244,-0.0018757949807896245,next_open
long,2017-06-20 16:00,243.00999999999999,2017-06-21 09:30,243.41999999999999,0.0016871733673511358,0.0014871733673511357,next_open
long,2017-06-21 16:00,242.94999999999999,2017-06-22 09:30,242.96000000000001,4.116073266113851e-05,-0.0001588392673388615,next_open
long,2017-06-22 16:00,242.84,2017-06-23 09:30,242.91,0.00028825564157464179,8.8255641574641776e-05,next_open
long,2017-06-23 16:00,243.13,2017-06-26 09:30,243.90000000000001,0.0031670299839592353,0.0029670299839592352,next_open
long,2017-06-26 16:00,243.28999999999999,2017-06-27 09:30,243.03999999999999,-0.0010275802540178347,-0.0012275802540178348,next_open
long,2017-06-27 16:00,241.33000000000001,2017-06-28 09:30,242.5,0.0048481332615091244,0.0046481332615091247,next_open
long,2017-06-28 16:00,243.49000000000001,2017-06-29 09:30,243.66,0.00069818062343407483,0.00049818062343407485,next_open
long,2017-06-29 16:00,241.34999999999999,2017-06-30 09:30,242.28,0.0038533250466128433,0.0036533250466128432,next_open
long,2017-06-30 16:00,241.80000000000001,2017-07-03 09:30,242.88,0.004466501240694809,0.0042665012406948094,next_open
long,2017-07-03 16:00,242.21000000000001,2017-07-05 09:30,242.63,0.0017340324511787575,0.0015340324511787574,next_open
long,2017-07-05 16:00,242.77000000000001,2017-07-06 09:30,241.88999999999999,-0.0036248300860898253,-0.0038248300860898254,next_open
long,2017-07-06 16:00,240.55000000000001,2017-07-07 09:30,241.21000000000001,0.0027437123259197449,0.0025437123259197448,next_open
long,2017-07-07 16:00,242.11000000000001,2017-07-10 09:30,241.94999999999999,-0.00066085663541370909,-0.00086085663541370908,next_open
long,2017-07-10 16:00,242.37,2017-07-11 09:30,242.16,-0.00086644386681522523,-0.0010664438668152253,next_open
long,2017-07-11 16:00,242.19,2017-07-12 09:30,243.30000000000001,0.004583178496222029,0.0043831784962220293,next_open
long,2017-07-12 16:00,244.00999999999999,2017-07-13 09:30,244.02000000000001,4.0981926970218296e-05,-0.00015901807302978171,next_open
long,2017-07-13 16:00,244.41999999999999,2017-07-14 09:30,244.43000000000001,4.0913182227431122e-05,-0.00015908681777256889,next_open
long,2017-07-14 16:00,245.56,2017-07-17 09:30,245.47,-0.00036650920345338012,-0.0005665092034533801,next_open
long,2017-07-17 16:00,245.53,2017-07-18 09:30,245.06,-0.0019142263674499782,-0.0021142263674499783,next_open
long,2017-07-18 16:00,245.66,2017-07-19 09:30,246.02000000000001,0.0014654400390785582,0.0012654400390785582,next_open
long,2017-07-19 16:00,246.99000000000001,2017-07-20 09:30,247.28,0.0011741366047208768,0.00097413660472087679,next_open
long,2017-07-20 16:00,247.09999999999999,2017-07-21 09:30,246.44,-0.0026709834075272498,-0.0028709834075272499,next_open
long,2017-07-21 16:00,246.88,2017-07-24 09:30,246.78999999999999,-0.00036454957874276772,-0.0005645495787427677,next_open
long,2017-07-24 16:00,246.81999999999999,2017-07-25 09:30,247.68000000000001,0.0034843205574912606,0.0032843205574912605,next_open
long,2017-07-25 16:00,247.41999999999999,2017-07-26 09:30,247.75,0.001333764449114927,0.0011337644491149269,next_open
long,2017-07-26 16:00,247.43000000000001,2017-07-27 09:30,247.96000000000001,0.0021420199652426586,0.0019420199652426585,next_open
long,2017-07-27 16:00,247.19999999999999,2017-07-28 09:30,246.65000000000001,-0.0022249190938510299,-0.00242491909385103,next_open
long,2017-07-28 16:00,246.91,2017-07-31 09:30,247.37,0.0018630270138917382,0.0016630270138917381,next_open
long,2017-07-31 16:00,246.77000000000001,2017-08-01 09:30,247.46000000000001,0.0027961259472382149,0.0025961259472382149,next_open
long,2017-08-01 16:00,247.31999999999999,2017-08-02 09:30,247.47,0.00060650169820486433,0.00040650169820486434,next_open
long,2017-08-02 16:00,247.44,2017-08-03 09:30,247.31,-0.00052537989007439556,-0.00072537989007439554,next_open
long,2017-08-03 16:00,246.96000000000001,2017-08-04 09:30,247.52000000000001,0.0022675736961450532,0.0020675736961450531,next_open
long,2017-08-04 16:00,247.41,2017-08-07 09:30,247.49000000000001,0.00032334990501592387,0.00012334990501592386,next_open
long,2017-08-07 16:00,247.87,2017-08-08 09:30,247.50999999999999,-0.0014523742284262564,-0.0016523742284262565,next_open
long,2017-08-08 16:00,247.25999999999999,2017-08-09 09:30,246.47,-0.0031950173906009072,-0.0033950173906009073,next_open
long,2017-08-09 16:00,247.25,2017-08-10 09:30,246.28999999999999,-0.0038827098078867417,-0.0040827098078867414,next_open
long,2017-08-10 16:00,243.75999999999999,2017-08-11 09:30,244.02000000000001,0.0010666229077782585,0.00086662290777825854,next_open
long,2017-08-11 16:00,244.12,2017-08-14 09:30,245.59,0.0060216287071932495,0.0058216287071932498,next_open
long,2017-08-14 16:00,246.53999999999999,2017-08-15 09:30,246.97999999999999,0.0017847002514805865,0.0015847002514805864,next_open
long,2017-08-15 16:00,246.50999999999999,2017-08-16 09:30,247.11000000000001,0.0024339783375928459,0.0022339783375928458,next_open
long,2017-08-16 16:00,246.94,2017-08-17 09:30,246.24000000000001,-0.0028346966874543966,-0.0030346966874543967,next_open
long,2017-08-17 16:00,243.09,2017-08-18 09:30,242.90000000000001,-0.00078160352132949917,-0.00098160352132949926,next_open
long,2017-08-18 16:00,242.71000000000001,2017-08-21 09:30,242.63999999999999,-0.00028841003666935094,-0.00048841003666935093,next_open
long,2017-08-21 16:00,242.90000000000001,2017-08-22 09:30,243.56999999999999,0.0027583367641004219,0.0025583367641004219,next_open
long,2017-08-22 16:00,245.44,2017-08-23 09:30,244.33000000000001,-0.0045224902216427498,-0.0047224902216427495,next_open
long,2017-08-23 16:00,244.56,2017-08-24 09:30,245,0.0017991494929670004,0.0015991494929670004,next_open
long,2017-08-24 16:00,243.99000000000001,2017-08-25 09:30,244.90000000000001,0.0037296610516823758,0.0035296610516823757,next_open
long,2017-08-25 16:00,244.56,2017-08-28 09:30,245.16999999999999,0.0024942754334313921,0.002294275433431392,next_open
long,2017-08-28 16:00,244.56999999999999,2017-08-29 09:30,243.06,-0.0061741014842375819,-0.0063741014842375815,next_open
long,2017-08-29 16:00,244.84999999999999,2017-08-30 09:30,244.83000000000001,-8.1682662854687393e-05,-0.00028168266285468738,next_open
long,2017-08-30 16:00,246.00999999999999,2017-08-31 09:30,246.72,0.0028860615422137137,0.0026860615422137136,next_open
long,2017-08-31 16:00,247.49000000000001,2017-09-01 09:30,247.91999999999999,0.0017374439371287131,0.0015374439371287131,next_open
long,2017-09-01 16:00,247.84,2017-09-05 09:30,247.25999999999999,-0.0023402194964493583,-0.0025402194964493584,next_open
long,2017-09-05 16:00,246.06,2017-09-06 09:30,246.84,0.0031699585466959945,0.0029699585466959944,next_open
long,2017-09-06 16:00,246.90000000000001,2017-09-07 09:30,247.25,0.0014175779667882082,0.0012175779667882082,next_open
long,2017-09-07 16:00,246.87,2017-09-08 09:30,246.53999999999999,-0.0013367359338923857,-0.0015367359338923857,next_open
long,2017-09-08 16:00,246.58000000000001,2017-09-11 09:30,248.03999999999999,0.0059209992700137715,0.0057209992700137718,next_open
long,2017-09-11 16:00,249.21000000000001,2017-09-12 09:30,249.63,0.0016853256289874885,0.0014853256289874884,next_open
long,2017-09-12 16:00,250.05000000000001,2017-09-13 09:30,249.72,-0.0013197360527894553,-0.0015197360527894554,next_open
long,2017-09-13 16:00,250.16999999999999,2017-09-14 09:30,249.80000000000001,-0.0014789942838868697,-0.0016789942838868698,next_open
long,2017-09-14 16:00,250.09,2017-09-15 09:30,248.69,-0.0055979847254988835,-0.0057979847254988831,next_open
long,2017-09-15 16:00,249.19,2017-09-18 09:30,249.61000000000001,0.0016854608932943549,0.0014854608932943548,next_open
long,2017-09-18 16:00,249.72,2017-09-19 09:30,250,0.0011212558065032407,0.00092125580650324077,next_open
long,2017-09-19 16:00,249.97,2017-09-20 09:30,250.06999999999999,0.00040004800576065591,0.0002000480057606559,next_open
long,2017-09-20 16:00,250.06,2017-09-21 09:30,249.88,-0.00071982724146202326,-0.00091982724146202324,next_open
long,2017-09-21 16:00,249.38999999999999,2017-09-22 09:30,249.05000000000001,-0.0013633265167006803,-0.0015633265167006804,next_open
long,2017-09-22 16:00,249.44,2017-09-25 09:30,249.15000000000001,-0.0011626042334830222,-0.0013626042334830223,next_open
long,2017-09-25 16:00,248.93000000000001,2017-09-26 09:30,249.41999999999999,0.0019684248583937691,0.001768424858393769,next_open
long,2017-09-26 16:00,249.08000000000001,2017-09-27 09:30,249.88,0.0032118194957442281,0.003011819495744228,next_open
long,2017-09-27 16:00,250.05000000000001,2017-09-28 09:30,249.72999999999999,-0.0012797440511898017,-0.0014797440511898018,next_open
long,2017-09-28 16:00,250.34999999999999,2017-09-29 09:30,250.34,-3.9944078290332641e-05,-0.00023994407829033265,next_open
long,2017-09-29 16:00,251.22999999999999,2017-10-02 09:30,251.49000000000001,0.0010349082514031771,0.00083490825140317712,next_open
long,2017-10-02 16:00,252.31999999999999,2017-10-03 09:30,252.46000000000001,0.00055485098287899604,0.00035485098287899605,next_open
long,2017-10-03 16:00,252.86000000000001,2017-10-04 09:30,252.69,-0.00067230878747137623,-0.00087230878747137622,next_open
long,2017-10-04 16:00,253.16,2017-10-05 09:30,253.53999999999999,0.0015010270184863117,0.0013010270184863116,next_open
long,2017-10-05 16:00,254.66,2017-10-06 09:30,254.15000000000001,-0.0020026702269692054,-0.0022026702269692055,next_open
long,2017-10-06 16:00,254.37,2017-10-09 09:30,254.63,0.0010221331131814448,0.00082213311318144486,next_open
long,2017-10-09 16:00,253.94999999999999,2017-10-10 09:30,254.59999999999999,0.0025595589683009567,0.0023595589683009567,next_open
long,2017-10-10 16:00,254.62,2017-10-11 09:30,254.50999999999999,-0.00043201633807243844,-0.00063201633807243843,next_open
long,2017-10-11 16:00,255.02000000000001,2017-10-12 09:30,254.66,-0.0014116539879225343,-0.0016116539879225344,next_open
long,2017-10-12 16:00,254.63999999999999,2017-10-13 09:30,255.13999999999999,0.0019635563933395606,0.0017635563933395605,next_open
long,2017-10-13 16:00,254.94999999999999,2017-10-16 09:30,255.21000000000001,0.0010198078054521886,0.00081980780545218865,next_open
long,2017-10-16 16:00,255.28999999999999,2017-10-17 09:30,255.22999999999999,-0.00023502683222997867,-0.00043502683222997865,next_open
long,2017-10-17 16:00,255.47,2017-10-18 09:30,255.90000000000001,0.0016831721924297494,0.0014831721924297493,next_open
long,2017-10-18 16:00,255.72,2017-10-19 09:30,254.83000000000001,-0.0034803691537618198,-0.0036803691537618199,next_open
long,2017-10-19 16:00,255.78999999999999,2017-10-20 09:30,256.69999999999999,0.0035576058485475848,0.0033576058485475847,next_open
long,2017-10-20 16:00,257.11000000000001,2017-10-23 09:30,257.48000000000002,0.0014390727704096662,0.0012390727704096661,next_open
long,2017-10-23 16:00,256.11000000000001,2017-10-24 09:30,256.60000000000002,0.001913240404513683,0.001713240404513683,next_open
long,2017-10-24 16:00,256.56,2017-10-25 09:30,256.18000000000001,-0.0014811350171499704,-0.0016811350171499705,next_open
long,2017-10-25 16:00,255.28999999999999,2017-10-26 09:30,255.99000000000001,0.0027419797093501952,0.0025419797093501951,next_open
long,2017-10-26 16:00,255.62,2017-10-27 09:30,256.54000000000002,0.0035990924027855531,0.003399092402785553,next_open
long,2017-10-27 16:00,257.70999999999998,2017-10-30 09:30,257.06999999999999,-0.0024834115866670947,-0.0026834115866670948,next_open
long,2017-10-30 16:00,256.75,2017-10-31 09:30,257.18000000000001,0.0016747809152872772,0.0014747809152872771,next_open
long,2017-10-31 16:00,257.14999999999998,2017-11-01 09:30,258.04000000000002,0.0034610149718063976,0.0032610149718063975,next_open
long,2017-11-01 16:00,257.49000000000001,2017-11-02 09:30,257.41000000000003,-0.00031069167734665282,-0.0005106916773466528,next_open
long,2017-11-02 16:00,257.58999999999997,2017-11-03 09:30,257.76999999999998,0.00069878489071784067,0.00049878489071784069,next_open
long,2017-11-03 16:00,258.44999999999999,2017-11-06 09:30,258.30000000000001,-0.00058038305281471469,-0.00078038305281471468,next_open
long,2017-11-06 16:00,258.85000000000002,2017-11-07 09:30,258.97000000000003,0.00046358895112996734,0.00026358895112996736,next_open
long,2017-11-07 16:00,258.67000000000002,2017-11-08 09:30,258.47000000000003,-0.00077318591255259861,-0.00097318591255259859,next_open
long,2017-11-08 16:00,259.11000000000001,2017-11-09 09:30,257.73000000000002,-0.005325923353016071,-0.0055259233530160707,next_open
long,2017-11-09 16:00,258.17000000000002,2017-11-10 09:30,257.73000000000002,-0.001704303365999138,-0.0019043033659991381,next_open
long,2017-11-10 16:00,258.08999999999997,2017-11-13 09:30,257.31,-0.003022201557596027,-0.0032222015575960271,next_open
long,2017-11-13 16:00,258.32999999999998,2017-11-14 09:30,257.41000000000003,-0.0035613362753066369,-0.003761336275306637,next_open
long,2017-11-14 16:00,257.73000000000002,2017-11-15 09:30,256.62,-0.004306832731928778,-0.0045068327319287777,next_open
long,2017-11-15 16:00,256.44,2017-11-16 09:30,257.51999999999998,0.0042115114646701368,0.0040115114646701372,next_open
long,2017-11-16 16:00,258.62,2017-11-17 09:30,258.22000000000003,-0.001546670791122029,-0.0017466707911220291,next_open
long,2017-11-17 16:00,257.86000000000001,2017-11-20 09:30,258.13999999999999,0.001085860544481454,0.00088586054448145399,next_open
long,2017-11-20 16:00,258.30000000000001,2017-11-21 09:30,259.18000000000001,0.0034068912117692918,0.0032068912117692917,next_open
long,2017-11-21 16:00,259.99000000000001,2017-11-22 09:30,260,3.8463017808298972e-05,-0.00016153698219170104,next_open
long,2017-11-22 16:00,259.75999999999999,2017-11-24 09:30,260.31999999999999,0.0021558361564522066,0.0019558361564522065,next_open
long,2017-11-24 16:00,260.36000000000001,2017-11-27 09:30,260.41000000000003,0.00019204178829324015,-7.9582117067598641e-06,next_open
long,2017-11-27 16:00,260.23000000000002,2017-11-28 09:30,260.75999999999999,0.0020366598778003286,0.0018366598778003286,next_open
long,2017-11-28 16:00,262.87,2017-11-29 09:30,263.01999999999998,0.00057062426294351987,0.00037062426294351988,next_open
long,2017-11-29 16:00,262.70999999999998,2017-11-30 09:30,263.75999999999999,0.0039968025579537603,0.0037968025579537602,next_open
long,2017-11-30 16:00,265.00999999999999,2017-12-01 09:30,264.75999999999999,-0.00094336062790079112,-0.0011433606279007912,next_open
long,2017-12-01 16:00,264.45999999999998,2017-12-04 09:30,266.31,0.006995386825985106,0.0067953868259851063,next_open
long,2017-12-04 16:00,264.13999999999999,2017-12-05 09:30,264.43000000000001,0.0010979026273947312,0.00089790262739473123,next_open
long,2017-12-05 16:00,263.19,2017-12-06 09:30,262.87,-0.0012158516660967233,-0.0014158516660967234,next_open
long,2017-12-06 16:00,263.24000000000001,2017-12-07 09:30,263.08999999999997,-0.00056982221546886258,-0.00076982221546886256,next_open
long,2017-12-07 16:00,264.06999999999999,2017-12-08 09:30,264.99000000000001,0.0034839247169311527,0.0032839247169311526,next_open
long,2017-12-08 16:00,265.50999999999999,2017-12-11 09:30,265.57999999999998,0.00026364355391517158,6.3643553915171571e-05,next_open
long,2017-12-11 16:00,266.31,2017-12-12 09:30,266.56999999999999,0.00097630580901952868,0.0007763058090195287,next_open
long,2017-12-12 16:00,266.77999999999997,2017-12-13 09:30,267.06,0.0010495539395758424,0.00084955393957584244,next_open
long,2017-12-13 16:00,266.75,2017-12-14 09:30,267.08999999999997,0.0012746016869726873,0.0010746016869726872,next_open
long,2017-12-14 16:00,265.66000000000003,2017-12-15 09:30,265.44999999999999,-0.00079048407739223947,-0.00099048407739223956,next_open
long,2017-12-15 16:00,266.50999999999999,2017-12-18 09:30,268.10000000000002,0.0059660050279539689,0.0057660050279539693,next_open
long,2017-12-18 16:00,268.19999999999999,2017-12-19 09:30,268.48000000000002,0.0010439970171514101,0.00084399701715141015,next_open
long,2017-12-19 16:00,267.17000000000002,2017-12-20 09:30,268.26999999999998,0.0041172287307704725,0.0039172287307704728,next_open
long,2017-12-20 16:00,267.02999999999997,2017-12-21 09:30,267.74000000000001,0.0026588772797064841,0.002458877279706484,next_open
long,2017-12-21 16:00,267.57999999999998,2017-12-22 09:30,267.60000000000002,7.4744001794080361e-05,-0.00012525599820591965,next_open
long,2017-12-22 16:00,267.50999999999999,2017-12-26 09:30,267.05000000000001,-0.0017195618855369021,-0.0019195618855369022,next_open
long,2017-12-26 16:00,267.19,2017-12-27 09:30,267.38,0.00071110445750210971,0.00051110445750210973,next_open
long,2017-12-27 16:00,267.31999999999999,2017-12-28 09:30,267.88999999999999,0.0021322759239861266,0.0019322759239861266,next_open
long,2017-12-28 16:00,267.87,2017-12-29 09:30,268.52999999999997,0.0024638817336766206,0.0022638817336766205,next_open
long,2017-12-29 16:00,266.86000000000001,2018-01-02 09:30,267.83999999999997,0.0036723375552722981,0.003472337555272298,next_open
long,2018-01-02 16:00,268.76999999999998,2018-01-03 09:30,268.95999999999998,0.00070692413587836178,0.0005069241358783618,next_open
long,2018-01-03 16:00,270.47000000000003,2018-01-04 09:30,271.19999999999999,0.0026990054349833592,0.0024990054349833591,next_open
long,2018-01-04 16:00,271.61000000000001,2018-01-05 09:30,272.50999999999999,0.0033135746106549568,0.0031135746106549568,next_open
long,2018-01-05 16:00,273.42000000000002,2018-01-08 09:30,273.31,-0.00040231146221936243,-0.00060231146221936241,next_open
long,2018-01-08 16:00,273.92000000000002,2018-01-09 09:30,274.39999999999998,0.0017523364485980686,0.0015523364485980685,next_open
long,2018-01-09 16:00,274.54000000000002,2018-01-10 09:30,273.68000000000001,-0.0031325125664748432,-0.0033325125664748433,next_open
long,2018-01-10 16:00,274.12,2018-01-11 09:30,274.75,0.0022982635342185809,0.0020982635342185808,next_open
long,2018-01-11 16:00,276.12,2018-01-12 09:30,276.42000000000002,0.0010864841373317002,0.00088648413733170026,next_open
long,2018-01-12 16:00,277.92000000000002,2018-01-16 09:30,279.35000000000002,0.0051453655728266323,0.0049453655728266327,next_open
long,2018-01-16 16:00,276.97000000000003,2018-01-17 09:30,278.02999999999997,0.0038271292919809241,0.003627129291980924,next_open
long,2018-01-17 16:00,279.61000000000001,2018-01-18 09:30,279.48000000000002,-0.00046493329995345167,-0.00066493329995345166,next_open
long,2018-01-18 16:00,279.13999999999999,2018-01-19 09:30,279.80000000000001,0.002364404958085542,0.0021644049580855419,next_open
long,2018-01-19 16:00,280.41000000000003,2018-01-22 09:30,280.17000000000002,-0.00085588959024285316,-0.0010558895902428533,next_open
long,2018-01-22 16:00,282.69,2018-01-23 09:30,282.74000000000001,0.00017687219215400951,-2.3127807845990499e-05,next_open
long,2018-01-23 16:00,283.29000000000002,2018-01-24 09:30,284.01999999999998,0.002576864696953507,0.0023768646969535069,next_open
long,2018-01-24 16:00,283.18000000000001,2018-01-25 09:30,284.16000000000003,0.0034606963768628596,0.0032606963768628595,next_open
long,2018-01-25 16:00,283.30000000000001,2018-01-26 09:30,284.25,0.0033533356865513841,0.0031533356865513841,next_open
long,2018-01-26 16:00,286.57999999999998,2018-01-29 09:30,285.93000000000001,-0.0022681275734524053,-0.0024681275734524054,next_open
long,2018-01-29 16:00,284.68000000000001,2018-01-30 09:30,282.60000000000002,-0.0073064493466347136,-0.0075064493466347132,next_open
long,2018-01-30 16:00,281.75999999999999,2018-01-31 09:30,282.73000000000002,0.0034426462237366895,0.0032426462237366894,next_open
long,2018-01-31 16:00,281.89999999999998,2018-02-01 09:30,281.06999999999999,-0.0029443064916636619,-0.003144306491663662,next_open
long,2018-02-01 16:00,281.57999999999998,2018-02-02 09:30,280.07999999999998,-0.0053270828894097511,-0.0055270828894097507,next_open
long,2018-02-02 16:00,275.44999999999999,2018-02-05 09:30,273.44999999999999,-0.0072608458885460303,-0.00746084588854603,next_open
long,2018-02-05 16:00,263.93000000000001,2018-02-06 09:30,259.94,-0.015117644830068611,-0.015317644830068611,next_open
long,2018-02-06 16:00,269.13,2018-02-07 09:30,268.5,-0.0023408761565042457,-0.0025408761565042458,next_open
long,2018-02-07 16:00,267.67000000000002,2018-02-08 09:30,268.00999999999999,0.001270220794261423,0.0010702207942614229,next_open
long,2018-02-08 16:00,257.63,2018-02-09 09:30,260.80000000000001,0.01230446764740134,0.01210446764740134,next_open
long,2018-02-09 16:00,261.5,2018-02-12 09:30,263.82999999999998,0.0089101338432122645,0.008710133843212264,next_open
long,2018-02-12 16:00,265.33999999999997,2018-02-13 09:30,263.97000000000003,-0.005163186854601487,-0.0053631868546014866,next_open
long,2018-02-13 16:00,266,2018-02-14 09:30,264.31,-0.0063533834586465554,-0.0065533834586465551,next_open
long,2018-02-14 16:00,269.58999999999997,2018-02-15 09:30,271.56999999999999,0.0073444860714417803,0.0071444860714417807,next_open
long,2018-02-15 16:00,273.02999999999997,2018-02-16 09:30,272.31999999999999,-0.0026004468373438394,-0.0028004468373438395,next_open
long,2018-02-16 16:00,273.11000000000001,2018-02-20 09:30,272.02999999999997,-0.0039544505876754066,-0.0041544505876754062,next_open
long,2018-02-20 16:00,271.39999999999998,2018-02-21 09:30,271.89999999999998,0.0018422991893882745,0.0016422991893882744,next_open
long,2018-02-21 16:00,270.05000000000001,2018-02-22 09:30,271.10000000000002,0.003888168857619112,0.0036881688576191119,next_open
long,2018-02-22 16:00,270.39999999999998,2018-02-23 09:30,271.79000000000002,0.0051405325443789618,0.0049405325443789621,next_open
long,2018-02-23 16:00,274.70999999999998,2018-02-26 09:30,275.93000000000001,0.0044410469222089244,0.0042410469222089247,next_open
long,2018-02-26 16:00,277.89999999999998,2018-02-27 09:30,278.11000000000001,0.00075566750629740831,0.00055566750629740833,next_open
long,2018-02-27 16:00,274.43000000000001,2018-02-28 09:30,275.68000000000001,0.0045548956017928965,0.0043548956017928969,next_open
long,2018-02-28 16:00,271.64999999999998,2018-03-01 09:30,271.41000000000003,-0.00088348978464913852,-0.0010834897846491386,next_open
long,2018-03-01 16:00,267.69999999999999,2018-03-02 09:30,265.80000000000001,-0.007097497198356284,-0.0072974971983562837,next_open
long,2018-03-02 16:00,269.07999999999998,2018-03-05 09:30,267.73000000000002,-0.0050170952876467112,-0.0052170952876467109,next_open
long,2018-03-05 16:00,272.19,2018-03-06 09:30,273.30000000000001,0.0040780337264412214,0.0038780337264412213,next_open
long,2018-03-06 16:00,272.88,2018-03-07 09:30,270.42000000000002,-0.0090149516270887631,-0.0092149516270887636,next_open
long,2018-03-07 16:00,272.77999999999997,2018-03-08 09:30,273.55000000000001,0.0028227875943984682,0.0026227875943984681,next_open
long,2018-03-08 16:00,274.10000000000002,2018-03-09 09:30,275.69999999999999,0.0058372856621669023,0.0056372856621669026,next_open
long,2018-03-09 16:00,278.87,2018-03-12 09:30,279.19999999999999,0.0011833470792841361,0.00098334707928413598,next_open
long,2018-03-12 16:00,278.51999999999998,2018-03-13 09:30,279.83999999999997,0.0047393364928909332,0.0045393364928909335,next_open
long,2018-03-13 16:00,276.72000000000003,2018-03-14 09:30,277.81,0.0039389997108989494,0.0037389997108989493,next_open
long,2018-03-14 16:00,275.30000000000001,2018-03-15 09:30,275.88,0.0021067925899018736,0.0019067925899018735,next_open
long,2018-03-15 16:00,275,2018-03-16 09:30,274.5,-0.0018181818181818299,-0.00201818181818183,next_open
long,2018-03-16 16:00,274.19999999999999,2018-03-19 09:30,273.35000000000002,-0.0030999270605396312,-0.0032999270605396313,next_open
long,2018-03-19 16:00,270.49000000000001,2018-03-20 09:30,270.94,0.0016636474546194435,0.0014636474546194434,next_open
long,2018-03-20 16:00,270.94999999999999,2018-03-21 09:30,270.89999999999998,-0.000184535892231108,-0.00038453589223110798,next_open
long,2018-03-21 16:00,270.43000000000001,2018-03-22 09:30,267.91000000000003,-0.0093184927707724574,-0.0095184927707724579,next_open
long,2018-03-22 16:00,263.67000000000002,2018-03-23 09:30,264.17000000000002,0.0018963097811659502,0.0016963097811659501,next_open
long,2018-03-23 16:00,258.05000000000001,2018-03-26 09:30,262.13,0.015810889362526614,0.015610889362526614,next_open
long,2018-03-26 16:00,265.11000000000001,2018-03-27 09:30,266.17000000000002,0.0039983403115688709,0.0037983403115688708,next_open
long,2018-03-27 16:00,260.60000000000002,2018-03-28 09:30,260.75,0.00057559478127400254,0.00037559478127400256,next_open
long,2018-03-28 16:00,259.82999999999998,2018-03-29 09:30,261.12,0.0049647846668976481,0.0047647846668976484,next_open
long,2018-03-29 16:00,263.14999999999998,2018-04-02 09:30,262.55000000000001,-0.0022800684020519713,-0.0024800684020519713,next_open
long,2018-04-02 16:00,257.47000000000003,2018-04-03 09:30,258.87,0.0054375267021400386,0.005237526702140039,next_open
long,2018-04-03 16:00,260.76999999999998,2018-04-04 09:30,256.75,-0.015415883728956525,-0.015615883728956526,next_open
long,2018-04-04 16:00,263.56,2018-04-05 09:30,265.55000000000001,0.007550462892699894,0.0073504628926998944,next_open
long,2018-04-05 16:00,265.63999999999999,2018-04-06 09:30,263.42000000000002,-0.0083571751242281778,-0.0085571751242281783,next_open
long,2018-04-06 16:00,259.72000000000003,2018-04-09 09:30,261.37,0.0063529955336514288,0.0061529955336514291,next_open
long,2018-04-09 16:00,261,2018-04-10 09:30,264.26999999999998,0.012528735632183929,0.012328735632183929,next_open
long,2018-04-10 16:00,265.14999999999998,2018-04-11 09:30,263.47000000000003,-0.0063360362059209363,-0.006536036205920936,next_open
long,2018-04-11 16:00,263.75999999999999,2018-04-12 09:30,265.25999999999999,0.0056869881710646109,0.0054869881710646112,next_open
long,2018-04-12 16:00,265.93000000000001,2018-04-13 09:30,267.41000000000003,0.0055653743466326233,0.0053653743466326237,next_open
long,2018-04-13 16:00,265.14999999999998,2018-04-16 09:30,267,0.0069771827267586239,0.0067771827267586243,next_open
long,2018-04-16 16:00,267.32999999999998,2018-04-17 09:30,269.32999999999998,0.0074813900422698865,0.0072813900422698868,next_open
long,2018-04-17 16:00,270.19,2018-04-18 09:30,270.69,0.001850549613235053,0.0016505496132350529,next_open
long,2018-04-18 16:00,270.38999999999999,2018-04-19 09:30,269.64999999999998,-0.002736787603091817,-0.0029367876030918171,next_open
long,2018-04-19 16:00,268.88999999999999,2018-04-20 09:30,268.81,-0.00029751943173783602,-0.000497519431737836,next_open
long,2018-04-20 16:00,266.61000000000001,2018-04-23 09:30,267.25999999999999,0.0024380180788416972,0.0022380180788416971,next_open
long,2018-04-23 16:00,266.56999999999999,2018-04-24 09:30,267.73000000000002,0.0043515774468245727,0.004151577446824573,next_open
long,2018-04-24 16:00,262.98000000000002,2018-04-25 09:30,262.91000000000003,-0.00026617993763777825,-0.00046617993763777823,next_open
long,2018-04-25 16:00,263.63,2018-04-26 09:30,264.79000000000002,0.0044001062094602972,0.0042001062094602975,next_open
long,2018-04-26 16:00,266.31,2018-04-27 09:30,267,0.0025909654162441509,0.0023909654162441508,next_open
long,2018-04-27 16:00,266.56,2018-04-30 09:30,267.25999999999999,0.0026260504201680579,0.0024260504201680578,next_open
long,2018-04-30 16:00,264.50999999999999,2018-05-01 09:30,263.87,-0.0024195682582888178,-0.0026195682582888179,next_open
long,2018-05-01 16:00,264.98000000000002,2018-05-02 09:30,264.75999999999999,-0.00083025133972380871,-0.0010302513397238088,next_open
long,2018-05-02 16:00,263.19999999999999,2018-05-03 09:30,262.25999999999999,-0.0035714285714285587,-0.0037714285714285588,next_open
long,2018-05-03 16:00,262.62,2018-05-04 09:30,261.51999999999998,-0.0041885614195416032,-0.0043885614195416029,next_open
long,2018-05-04 16:00,266.01999999999998,2018-05-07 09:30,266.88999999999999,0.0032704307946771483,0.0030704307946771482,next_open
long,2018-05-07 16:00,266.92000000000002,2018-05-08 09:30,266.5,-0.0015735051700884739,-0.001773505170088474,next_open
long,2018-05-08 16:00,266.92000000000002,2018-05-09 09:30,267.68000000000001,0.0028472950696838417,0.0026472950696838416,next_open
long,2018-05-09 16:00,269.5,2018-05-10 09:30,270.33999999999997,0.0031168831168830735,0.0029168831168830734,next_open
long,2018-05-10 16:00,272.01999999999998,2018-05-11 09:30,272.16000000000003,0.00051466803911504044,0.00031466803911504046,next_open
long,2018-05-11 16:00,272.85000000000002,2018-05-14 09:30,273.33999999999997,0.0017958585303279317,0.0015958585303279317,next_open
long,2018-05-14 16:00,272.98000000000002,2018-05-15 09:30,271.58999999999997,-0.0050919481280681245,-0.0052919481280681241,next_open
long,2018-05-15 16:00,271.10000000000002,2018-05-16 09:30,271.13999999999999,0.00014754703061581331,-5.2452969384186697e-05,next_open
long,2018-05-16 16:00,272.24000000000001,2018-05-17 09:30,271.94,-0.0011019688510138792,-0.0013019688510138793,next_open
long,2018-05-17 16:00,272.00999999999999,2018-05-18 09:30,271.62,-0.0014337708172492691,-0.0016337708172492692,next_open
long,2018-05-18 16:00,271.32999999999998,2018-05-21 09:30,273.00999999999999,0.006191722257030241,0.0059917222570302414,next_open
long,2018-05-21 16:00,273.37,2018-05-22 09:30,273.95999999999998,0.0021582470644181395,0.0019582470644181394,next_open
long,2018-05-22 16:00,272.61000000000001,2018-05-23 09:30,271.17000000000002,-0.005282271376692016,-0.0054822713766920156,next_open
long,2018-05-23 16:00,273.36000000000001,2018-05-24 09:30,272.91000000000003,-0.0016461808604038008,-0.0018461808604038009,next_open
long,2018-05-24 16:00,272.80000000000001,2018-05-25 09:30,272.14999999999998,-0.0023826979472142407,-0.0025826979472142408,next_open
long,2018-05-25 16:00,272.14999999999998,2018-05-29 09:30,270.31,-0.0067609774021678559,-0.0069609774021678556,next_open
long,2018-05-29 16:00,269.01999999999998,2018-05-30 09:30,270.5,0.0055014497063416989,0.0053014497063416993,next_open
long,2018-05-30 16:00,272.61000000000001,2018-05-31 09:30,272.14999999999998,-0.0016873922453323198,-0.0018873922453323199,next_open
long,2018-05-31 16:00,270.94,2018-06-01 09:30,272.41000000000003,0.0054255554735367362,0.0052255554735367365,next_open
long,2018-06-01 16:00,273.60000000000002,2018-06-04 09:30,274.52999999999997,0.003399122807017374,0.0031991228070173739,next_open
long,2018-06-04 16:00,274.89999999999998,2018-06-05 09:30,275.05000000000001,0.00054565296471453806,0.00034565296471453808,next_open
long,2018-06-05 16:00,275.10000000000002,2018-06-06 09:30,275.79000000000002,0.0025081788440566299,0.0023081788440566299,next_open
long,2018-06-06 16:00,277.39999999999998,2018-06-07 09:30,277.94999999999999,0.0019826964671953995,0.0017826964671953994,next_open
long,2018-06-07 16:00,277.37,2018-06-08 09:30,276.85000000000002,-0.0018747521361357489,-0.002074752136135749,next_open
long,2018-06-08 16:00,278.19,2018-06-11 09:30,278.44,0.00089866637909352676,0.00069866637909352677,next_open
long,2018-06-11 16:00,278.56,2018-06-12 09:30,279.02999999999997,0.001687248707639144,0.0014872487076391439,next_open
long,2018-06-12 16:00,278.92000000000002,2018-06-13 09:30,279.19,0.0009680195038002104,0.00076801950380021042,next_open
long,2018-06-13 16:00,278.02999999999997,2018-06-14 09:30,279.00999999999999,0.0035247994820704065,0.0033247994820704064,next_open
long,2018-06-14 16:00,278.73000000000002,2018-06-15 09:30,276.60000000000002,-0.0076418038962436929,-0.0078418038962436935,next_open
long,2018-06-15 16:00,277.13,2018-06-18 09:30,275.49000000000001,-0.0059178003103236287,-0.0061178003103236284,next_open
long,2018-06-18 16:00,276.56,2018-06-19 09:30,274,-0.0092565808504483371,-0.0094565808504483376,next_open
long,2018-06-19 16:00,275.5,2018-06-20 09:30,276.26999999999998,0.0027949183303084268,0.0025949183303084268,next_open
long,2018-06-20 16:00,275.97000000000003,2018-06-21 09:30,275.95999999999998,-3.6235822734487222e-05,-0.00023623582273448723,next_open
long,2018-06-21 16:00,274.24000000000001,2018-06-22 09:30,275.66000000000003,0.0051779463243875057,0.004977946324387506,next_open
long,2018-06-22 16:00,274.74000000000001,2018-06-25 09:30,273.44,-0.0047317463783941305,-0.0049317463783941301,next_open
long,2018-06-25 16:00,271,2018-06-26 09:30,271.63999999999999,0.0023616236162360416,0.0021616236162360415,next_open
long,2018-06-26 16:00,271.60000000000002,2018-06-27 09:30,272.25999999999999,0.0024300441826214936,0.0022300441826214935,next_open
long,2018-06-27 16:00,269.35000000000002,2018-06-28 09:30,269.29000000000002,-0.00022275849266750747,-0.00042275849266750745,next_open
long,2018-06-28 16:00,270.88999999999999,2018-06-29 09:30,272.12,0.0045405884307283539,0.0043405884307283543,next_open
long,2018-06-29 16:00,271.27999999999997,2018-07-02 09:30,269.50999999999999,-0.0065246240047183157,-0.0067246240047183154,next_open
long,2018-07-02 16:00,271.86000000000001,2018-07-03 09:30,272.87,0.0037151475023908809,0.0035151475023908808,next_open
long,2018-07-03 16:00,270.89999999999998,2018-07-05 09:30,272.17000000000002,0.00468807678110017,0.0044880767811001704,next_open
long,2018-07-05 16:00,273.11000000000001,2018-07-06 09:30,273.13999999999999,0.00010984584965756383,-9.0154150342436177e-05,next_open
long,2018-07-06 16:00,275.42000000000002,2018-07-09 09:30,276.55000000000001,0.004102824776704761,0.0039028247767047609,next_open
long,2018-07-09 16:00,277.89999999999998,2018-07-10 09:30,278.41000000000003,0.0018351925152935156,0.0016351925152935155,next_open
long,2018-07-10 16:00,278.89999999999998,2018-07-11 09:30,277.14999999999998,-0.0062746504123342151,-0.0064746504123342147,next_open
long,2018-07-11 16:00,276.86000000000001,2018-07-12 09:30,278.27999999999997,0.0051289460377084151,0.0049289460377084154,next_open
long,2018-07-12 16:00,279.37,2018-07-13 09:30,279.17000000000002,-0.00071589648136871631,-0.00091589648136871629,next_open
long,2018-07-13 16:00,279.58999999999997,2018-07-16 09:30,279.63999999999999,0.00017883329160550687,-2.1166708394493137e-05,next_open
long,2018-07-16 16:00,279.33999999999997,2018-07-17 09:30,278.47000000000003,-0.003114484141189755,-0.0033144841411897551,next_open
long,2018-07-17 16:00,280.47000000000003,2018-07-18 09:30,280.56,0.00032088993475221095,0.00012088993475221094,next_open
long,2018-07-18 16:00,281.06,2018-07-19 09:30,280.31,-0.0026684693659716485,-0.0028684693659716486,next_open
long,2018-07-19 16:00,280,2018-07-20 09:30,279.76999999999998,-0.00082142857142863956,-0.0010214285714286397,next_open
long,2018-07-20 16:00,279.68000000000001,2018-07-23 09:30,279.44999999999999,-0.00082236842105265495,-0.001022368421052655,next_open
long,2018-07-23 16:00,280.19999999999999,2018-07-24 09:30,281.79000000000002,0.0056745182012849504,0.0054745182012849508,next_open
long,2018-07-24 16:00,281.61000000000001,2018-07-25 09:30,281.32999999999998,-0.00099428287347758104,-0.0011942828734775811,next_open
long,2018-07-25 16:00,284.00999999999999,2018-07-26 09:30,283.19999999999999,-0.0028520122530897307,-0.0030520122530897308,next_open
long,2018-07-26 16:00,283.33999999999997,2018-07-27 09:30,283.70999999999998,0.0013058516270205711,0.001105851627020571,next_open
long,2018-07-27 16:00,281.42000000000002,2018-07-30 09:30,281.50999999999999,0.0003198066946199507,0.00011980669461995069,next_open
long,2018-07-30 16:00,279.94999999999999,2018-07-31 09:30,280.81,0.0030719771387748285,0.0028719771387748284,next_open
long,2018-07-31 16:00,281.32999999999998,2018-08-01 09:30,281.56,0.00081754523157862025,0.00061754523157862026,next_open
long,2018-08-01 16:00,280.86000000000001,2018-08-02 09:30,279.38999999999999,-0.0052339243751335918,-0.0054339243751335914,next_open
long,2018-08-02 16:00,282.38999999999999,2018-08-03 09:30,282.52999999999997,0.0004957682637487526,0.00029576826374875262,next_open
long,2018-08-03 16:00,283.60000000000002,2018-08-06 09:30,283.63999999999999,0.00014104372355427941,-5.89562764457206e-05,next_open
long,2018-08-06 16:00,284.63999999999999,2018-08-07 09:30,285.38999999999999,0.0026349072512648064,0.0024349072512648063,next_open
long,2018-08-07 16:00,285.57999999999998,2018-08-08 09:30,285.38999999999999,-0.00066531269696756823,-0.00086531269696756821,next_open
long,2018-08-08 16:00,285.45999999999998,2018-08-09 09:30,285.52999999999997,0.00024521824423739957,4.5218244237399565e-05,next_open
long,2018-08-09 16:00,285.06999999999999,2018-08-10 09:30,283.44999999999999,-0.0056828147472550716,-0.0058828147472550713,next_open
long,2018-08-10 16:00,283.16000000000003,2018-08-13 09:30,283.47000000000003,0.0010947873993500945,0.00089478739935009452,next_open
long,2018-08-13 16:00,282.10000000000002,2018-08-14 09:30,282.92000000000002,0.0029067706487060363,0.0027067706487060362,next_open
long,2018-08-14 16:00,283.89999999999998,2018-08-15 09:30,282.38,-0.0053539978865797533,-0.0055539978865797529,next_open
long,2018-08-15 16:00,281.77999999999997,2018-08-16 09:30,283.39999999999998,0.0057491660160409186,0.0055491660160409189,next_open
long,2018-08-16 16:00,284.06,2018-08-17 09:30,283.82999999999998,-0.00080968809406467557,-0.0010096880940646757,next_open
long,2018-08-17 16:00,285.06,2018-08-20 09:30,285.56999999999999,0.0017890970322036459,0.0015890970322036458,next_open
long,2018-08-20 16:00,285.67000000000002,2018-08-21 09:30,286.25,0.002030314698778346,0.0018303146987783459,next_open
long,2018-08-21 16:00,286.33999999999997,2018-08-22 09:30,285.88,-0.0016064818048473484,-0.0018064818048473485,next_open
long,2018-08-22 16:00,286.17000000000002,2018-08-23 09:30,285.97000000000003,-0.00069888527798156463,-0.00089888527798156462,next_open
long,2018-08-23 16:00,285.79000000000002,2018-08-24 09:30,286.44,0.0022743972847194538,0.0020743972847194537,next_open
long,2018-08-24 16:00,287.50999999999999,2018-08-27 09:30,288.86000000000001,0.0046954888525616578,0.0044954888525616582,next_open
long,2018-08-27 16:00,289.77999999999997,2018-08-28 09:30,290.30000000000001,0.0017944647663745705,0.0015944647663745704,next_open
long,2018-08-28 16:00,289.92000000000002,2018-08-29 09:30,290.16000000000003,0.00082781456953640031,0.00062781456953640033,next_open
long,2018-08-29 16:00,291.48000000000002,2018-08-30 09:30,290.94,-0.0018526142445451921,-0.0020526142445451922,next_open
long,2018-08-30 16:00,290.30000000000001,2018-08-31 09:30,289.83999999999997,-0.0015845676885981597,-0.0017845676885981598,next_open
long,2018-08-31 16:00,290.31,2018-09-04 09:30,289.83999999999997,-0.0016189590437808432,-0.0018189590437808433,next_open
long,2018-09-04 16:00,289.81,2018-09-05 09:30,289.41000000000003,-0.0013802146233738988,-0.0015802146233738989,next_open
long,2018-09-05 16:00,289.02999999999997,2018-09-06 09:30,289.14999999999998,0.00041518181503641394,0.00021518181503641393,next_open
long,2018-09-06 16:00,288.16000000000003,2018-09-07 09:30,286.98000000000002,-0.0040949472515269258,-0.0042949472515269255,next_open
long,2018-09-07 16:00,287.60000000000002,2018-09-10 09:30,288.74000000000001,0.0039638386648122026,0.0037638386648122025,next_open
long,2018-09-10 16:00,288.10000000000002,2018-09-11 09:30,287.37,-0.0025338424158278805,-0.0027338424158278806,next_open
long,2018-09-11 16:00,289.05000000000001,2018-09-12 09:30,289.06,3.4596090641825228e-05,-0.00016540390935817478,next_open
long,2018-09-12 16:00,289.12,2018-09-13 09:30,290.31999999999999,0.0041505257332594692,0.0039505257332594695,next_open
long,2018-09-13 16:00,290.82999999999998,2018-09-14 09:30,291.06,0.0007908400096277024,0.00059084000962770242,next_open
long,2018-09-14 16:00,290.88,2018-09-17 09:30,290.81999999999999,-0.00020627062706268795,-0.00040627062706268793,next_open
long,2018-09-17 16:00,289.33999999999997,2018-09-18 09:30,289.57999999999998,0.0008294739752541247,0.00062947397525412471,next_open
long,2018-09-18 16:00,290.91000000000003,2018-09-19 09:30,290.97000000000003,0.00020624935547086665,6.249355470866637e-06,next_open
long,2018-09-19 16:00,291.22000000000003,2018-09-20 09:30,292.63999999999999,0.0048760387336033162,0.0046760387336033165,next_open
long,2018-09-20 16:00,293.57999999999998,2018-09-21 09:30,293.08999999999997,-0.0016690510252742596,-0.0018690510252742597,next_open
long,2018-09-21 16:00,291.99000000000001,2018-09-24 09:30,291.33999999999997,-0.0022261036336862494,-0.0024261036336862495,next_open
long,2018-09-24 16:00,291.01999999999998,2018-09-25 09:30,291.52999999999997,0.0017524568758160441,0.0015524568758160441,next_open
long,2018-09-25 16:00,290.75,2018-09-26 09:30,290.91000000000003,0.00055030094582986244,0.00035030094582986246,next_open
long,2018-09-26 16:00,289.88,2018-09-27 09:30,290.41000000000003,0.0018283427625225279,0.0016283427625225278,next_open
long,2018-09-27 16:00,290.69,2018-09-28 09:30,289.99000000000001,-0.0024080635728782607,-0.0026080635728782608,next_open
long,2018-09-28 16:00,290.72000000000003,2018-10-01 09:30,292.11000000000001,0.0047812328013208116,0.004581232801320812,next_open
long,2018-10-01 16:00,291.73000000000002,2018-10-02 09:30,291.56,-0.0005827306070682603,-0.00078273060706826028,next_open
long,2018-10-02 16:00,291.56,2018-10-03 09:30,292.74000000000001,0.0040471944025244344,0.0038471944025244343,next_open
long,2018-10-03 16:00,291.72000000000003,2018-10-04 09:30,291.18000000000001,-0.0018510900863842883,-0.0020510900863842884,next_open
long,2018-10-04 16:00,289.44,2018-10-05 09:30,289.69,0.00086373687119944975,0.00066373687119944977,next_open
long,2018-10-05 16:00,287.81999999999999,2018-10-08 09:30,287.05000000000001,-0.0026752831630879603,-0.0028752831630879604,next_open
long,2018-10-08 16:00,287.81999999999999,2018-10-09 09:30,287.38999999999999,-0.0014939892988673487,-0.0016939892988673487,next_open
long,2018-10-09 16:00,287.39999999999998,2018-10-10 09:30,286.82999999999998,-0.0019832985386221136,-0.0021832985386221137,next_open
long,2018-10-10 16:00,278.30000000000001,2018-10-11 09:30,277.07999999999998,-0.0043837585339562279,-0.0045837585339562276,next_open
long,2018-10-11 16:00,272.17000000000002,2018-10-12 09:30,276.76999999999998,0.016901201454972758,0.01670120145497276,next_open
long,2018-10-12 16:00,275.94999999999999,2018-10-15 09:30,275.55000000000001,-0.0014495379597752045,-0.0016495379597752046,next_open
long,2018-10-15 16:00,274.39999999999998,2018-10-16 09:30,276.60000000000002,0.008017492711370533,0.0078174927113705325,next_open
long,2018-10-16 16:00,280.39999999999998,2018-10-17 09:30,280.44,0.0001426533523538609,-5.7346647646139114e-05,next_open
long,2018-10-17 16:00,280.44999999999999,2018-10-18 09:30,279.39999999999998,-0.0037439828846497214,-0.0039439828846497211,next_open
long,2018-10-18 16:00,276.39999999999998,2018-10-19 09:30,277.13,0.0026410998552821585,0.0024410998552821584,next_open
long,2018-10-19 16:00,276.25,2018-10-22 09:30,277,0.0027149321266968229,0.0025149321266968228,next_open
long,2018-10-22 16:00,275.00999999999999,2018-10-23 09:30,270.94999999999999,-0.014763099523653733,-0.014963099523653734,next_open
long,2018-10-23 16:00,273.61000000000001,2018-10-24 09:30,273.32999999999998,-0.0010233544095611391,-0.0012233544095611392,next_open
long,2018-10-24 16:00,265.31999999999999,2018-10-25 09:30,267.38,0.0077642092567464793,0.0075642092567464797,next_open
long,2018-10-25 16:00,270.07999999999998,2018-10-26 09:30,265.92000000000002,-0.015402843601895588,-0.015602843601895589,next_open
long,2018-10-26 16:00,265.32999999999998,2018-10-29 09:30,268.80000000000001,0.013078053744393969,0.012878053744393969,next_open
long,2018-10-29 16:00,263.86000000000001,2018-10-30 09:30,263.67000000000002,-0.00072007882968239123,-0.00092007882968239121,next_open
long,2018-10-30 16:00,267.76999999999998,2018-10-31 09:30,270.64999999999998,0.010755499122381051,0.010555499122381051,next_open
long,2018-10-31 16:00,270.63,2018-11-01 09:30,271.60000000000002,0.0035842293906811484,0.0033842293906811483,next_open
long,2018-11-01 16:00,273.50999999999999,2018-11-02 09:30,274.75,0.0045336550765968653,0.0043336550765968656,next_open
long,2018-11-02 16:00,271.88999999999999,2018-11-05 09:30,272.44,0.0020228768987458068,0.0018228768987458067,next_open
long,2018-11-05 16:00,273.38999999999999,2018-11-06 09:30,273.31999999999999,-0.000256044478583628,-0.00045604447858362798,next_open
long,2018-11-06 16:00,275.12,2018-11-07 09:30,277.56,0.0088688572259376652,0.0086688572259376647,next_open
long,2018-11-07 16:00,281.00999999999999,2018-11-08 09:30,280.11000000000001,-0.0032027329988255637,-0.0034027329988255638,next_open
long,2018-11-08 16:00,280.5,2018-11-09 09:30,279.02999999999997,-0.0052406417112300652,-0.0054406417112300648,next_open
long,2018-11-09 16:00,277.75999999999999,2018-11-12 09:30,277.19,-0.0020521313364054716,-0.0022521313364054717,next_open
long,2018-11-12 16:00,272.56999999999999,2018-11-13 09:30,273.08999999999997,0.0019077668121949554,0.0017077668121949553,next_open
long,2018-11-13 16:00,272.06,2018-11-14 09:30,274.16000000000003,0.0077188855399545897,0.00751888553995459,next_open
long,2018-11-14 16:00,270.19999999999999,2018-11-15 09:30,268.77999999999997,-0.005255366395262806,-0.0054553663952628057,next_open
long,2018-11-15 16:00,273.01999999999998,2018-11-16 09:30,271.79000000000002,-0.0045051644568162574,-0.0047051644568162571,next_open
long,2018-11-16 16:00,273.73000000000002,2018-11-19 09:30,273.05000000000001,-0.0024841997588864739,-0.002684199758886474,next_open
long,2018-11-19 16:00,269.10000000000002,2018-11-20 09:30,265.36000000000001,-0.013898179115570453,-0.014098179115570453,next_open
long,2018-11-20 16:00,264.12,2018-11-21 09:30,265.86000000000001,0.0065879145842799858,0.0063879145842799861,next_open
long,2018-11-21 16:00,265.01999999999998,2018-11-23 09:30,263.18000000000001,-0.0069428722360576067,-0.0071428722360576064,next_open
long,2018-11-23 16:00,263.25,2018-11-26 09:30,265.77999999999997,0.0096106362773027421,0.0094106362773027415,next_open
long,2018-11-26 16:00,267.5,2018-11-27 09:30,266.33999999999997,-0.0043364485981309819,-0.0045364485981309816,next_open
long,2018-11-27 16:00,268.39999999999998,2018-11-28 09:30,269.60000000000002,0.0044709388971686526,0.0042709388971686529,next_open
long,2018-11-28 16:00,274.57999999999998,2018-11-29 09:30,273.70999999999998,-0.0031684754898390066,-0.0033684754898390067,next_open
long,2018-11-29 16:00,273.98000000000002,2018-11-30 09:30,273.81,-0.00062048324695240797,-0.00082048324695240796,next_open
long,2018-11-30 16:00,275.64999999999998,2018-12-03 09:30,280.27999999999997,0.016796662434246379,0.01659666243424638,next_open
long,2018-12-03 16:00,279.30000000000001,2018-12-04 09:30,278.37,-0.0033297529538131032,-0.0035297529538131033,next_open
long,2018-12-04 16:00,270.25,2018-12-06 09:30,265.92000000000002,-0.016022201665124802,-0.016222201665124801,next_open
long,2018-12-06 16:00,269.83999999999997,2018-12-07 09:30,269.45999999999998,-0.0014082419211384201,-0.0016082419211384202,next_open
long,2018-12-07 16:00,263.56999999999999,2018-12-10 09:30,263.37,-0.00075881170087643834,-0.00095881170087643833,next_open
long,2018-12-10 16:00,264.06999999999999,2018-12-11 09:30,267.66000000000003,0.01359488014541621,0.01339488014541621,next_open
long,2018-12-11 16:00,264.13,2018-12-12 09:30,267.47000000000003,0.012645288305001445,0.012445288305001445,next_open
long,2018-12-12 16:00,265.45999999999998,2018-12-13 09:30,266.51999999999998,0.0039930686355760248,0.0037930686355760247,next_open
long,2018-12-13 16:00,265.37,2018-12-14 09:30,262.95999999999998,-0.009081659569657563,-0.0092816595696575636,next_open
long,2018-12-14 16:00,260.47000000000003,2018-12-17 09:30,259.39999999999998,-0.0041079586900604204,-0.00430795869006042,next_open
long,2018-12-17 16:00,255.36000000000001,2018-12-18 09:30,257.19999999999999,0.0072055137844611039,0.0070055137844611043,next_open
long,2018-12-18 16:00,255.08000000000001,2018-12-19 09:30,255.16999999999999,0.00035283048455370114,0.00015283048455370113,next_open
long,2018-12-19 16:00,251.25999999999999,2018-12-20 09:30,249.86000000000001,-0.0055719175356203632,-0.0057719175356203628,next_open
long,2018-12-20 16:00,247.16999999999999,2018-12-21 09:30,246.74000000000001,-0.0017396933284783422,-0.0019396933284783423,next_open
long,2018-12-21 16:00,240.69999999999999,2018-12-24 09:30,239.03999999999999,-0.0068965517241379448,-0.0070965517241379445,next_open
long,2018-12-24 16:00,234.34,2018-12-26 09:30,235.97,0.0069557053853375184,0.0067557053853375187,next_open
long,2018-12-26 16:00,246.18000000000001,2018-12-27 09:30,242.56999999999999,-0.014664066942887355,-0.014864066942887355,next_open
long,2018-12-27 16:00,248.06999999999999,2018-12-28 09:30,249.58000000000001,0.0060869915749588444,0.0058869915749588447,next_open
long,2018-12-28 16:00,247.75,2018-12-31 09:30,249.56,0.0073057517658929871,0.0071057517658929875,next_open
long,2018-12-31 16:00,249.91999999999999,2019-01-02 09:30,245.97999999999999,-0.015765044814340601,-0.0159650448143406,next_open
long,2019-01-02 16:00,250.18000000000001,2019-01-03 09:30,248.22999999999999,-0.0077943880406108335,-0.007994388040610834,next_open
long,2019-01-03 16:00,244.21000000000001,2019-01-04 09:30,247.59,0.013840547070144593,0.013640547070144593,next_open
long,2019-01-04 16:00,252.38999999999999,2019-01-07 09:30,252.69,0.0011886366337809928,0.00098863663378099273,next_open
long,2019-01-07 16:00,254.38,2019-01-08 09:30,256.81999999999999,0.0095919490525984141,0.0093919490525984136,next_open
long,2019-01-08 16:00,256.76999999999998,2019-01-09 09:30,257.56,0.003076683413171466,0.0028766834131714659,next_open
long,2019-01-09 16:00,257.97000000000003,2019-01-10 09:30,256.25999999999999,-0.0066286777532272856,-0.0068286777532272852,next_open
long,2019-01-10 16:00,258.88,2019-01-11 09:30,257.68000000000001,-0.0046353522867736974,-0.004835352286773697,next_open
long,2019-01-11 16:00,258.98000000000002,2019-01-14 09:30,256.86000000000001,-0.0081859603058150876,-0.0083859603058150881,next_open
long,2019-01-14 16:00,257.39999999999998,2019-01-15 09:30,257.81999999999999,0.0016317016317017874,0.0014317016317017873,next_open
long,2019-01-15 16:00,260.35000000000002,2019-01-16 09:30,260.82999999999998,0.0018436719800267731,0.001643671980026773,next_open
long,2019-01-16 16:00,260.98000000000002,2019-01-17 09:30,260.00999999999999,-0.0037167599049736655,-0.0039167599049736651,next_open
long,2019-01-17 16:00,262.95999999999998,2019-01-18 09:30,264.98000000000002,0.0076817766960755041,0.0074817766960755044,next_open
long,2019-01-18 16:00,266.45999999999998,2019-01-22 09:30,264.81999999999999,-0.0061547699467086048,-0.0063547699467086044,next_open
long,2019-01-22 16:00,262.86000000000001,2019-01-23 09:30,264.00999999999999,0.0043749524461689226,0.004174952446168923,next_open
long,2019-01-23 16:00,263.41000000000003,2019-01-24 09:30,263.20999999999998,-0.00075927261683328418,-0.00095927261683328416,next_open
long,2019-01-24 16:00,263.55000000000001,2019-01-25 09:30,265.61000000000001,0.0078163536330866368,0.0076163536330866371,next_open
long,2019-01-25 16:00,265.77999999999997,2019-01-28 09:30,263.38999999999999,-0.0089923997290991542,-0.0091923997290991547,next_open
long,2019-01-28 16:00,263.75999999999999,2019-01-29 09:30,263.92000000000002,0.00060661207158041464,0.00040661207158041465,next_open
long,2019-01-29 16:00,263.41000000000003,2019-01-30 09:30,265.10000000000002,0.0064158536122393972,0.0062158536122393976,next_open
long,2019-01-30 16:00,267.57999999999998,2019-01-31 09:30,267.50999999999999,-0.00026160400627850411,-0.00046160400627850409,next_open
long,2019-01-31 16:00,269.93000000000001,2019-02-01 09:30,270.14999999999998,0.0008150261178823115,0.00061502611788231151,next_open
long,2019-02-01 16:00,270.06,2019-02-04 09:30,270.11000000000001,0.00018514404206482205,-1.4855957935177964e-05,next_open
long,2019-02-04 16:00,271.95999999999998,2019-02-05 09:30,272.44,0.0017649654360936129,0.0015649654360936128,next_open
long,2019-02-05 16:00,273.10000000000002,2019-02-06 09:30,272.79000000000002,-0.0011351153423654337,-0.0013351153423654337,next_open
long,2019-02-06 16:00,272.74000000000001,2019-02-07 09:30,270.94,-0.0065996920143727156,-0.0067996920143727152,next_open
long,2019-02-07 16:00,270.13999999999999,2019-02-08 09:30,268.75,-0.0051454801214184664,-0.0053454801214184661,next_open
long,2019-02-08 16:00,270.47000000000003,2019-02-11 09:30,271.19999999999999,0.0026990054349833592,0.0024990054349833591,next_open
long,2019-02-11 16:00,270.62,2019-02-12 09:30,272.42000000000002,0.0066513930973322033,0.0064513930973322036,next_open
long,2019-02-12 16:00,274.10000000000002,2019-02-13 09:30,275.02999999999997,0.0033929222911344148,0.0031929222911344147,next_open
long,2019-02-13 16:00,274.99000000000001,2019-02-14 09:30,273.77999999999997,-0.0044001600058185542,-0.0046001600058185538,next_open
long,2019-02-14 16:00,274.38,2019-02-15 09:30,276.36000000000001,0.0072162694073911737,0.0070162694073911741,next_open
long,2019-02-15 16:00,277.37,2019-02-19 09:30,276.48000000000002,-0.0032087103868478906,-0.0034087103868478907,next_open
long,2019-02-19 16:00,277.85000000000002,2019-02-20 09:30,277.81,-0.00014396256973192578,-0.00034396256973192576,next_open
long,2019-02-20 16:00,278.41000000000003,2019-02-21 09:30,277.69999999999999,-0.0025501957544630249,-0.002750195754463025,next_open
long,2019-02-21 16:00,277.42000000000002,2019-02-22 09:30,278.11000000000001,0.0024872035181313645,0.0022872035181313644,next_open
long,2019-02-22 16:00,279.13999999999999,2019-02-25 09:30,280.73000000000002,0.0056960664899334823,0.0054960664899334826,next_open
long,2019-02-25 16:00,279.51999999999998,2019-02-26 09:30,279.11000000000001,-0.0014668002289638382,-0.0016668002289638383,next_open
long,2019-02-26 16:00,279.31999999999999,2019-02-27 09:30,278.51999999999998,-0.0028640985249892559,-0.003064098524989256,next_open
long,2019-02-27 16:00,279.19999999999999,2019-02-28 09:30,278.95999999999998,-0.00085959885386821533,-0.0010595988538682154,next_open
long,2019-02-28 16:00,278.68000000000001,2019-03-01 09:30,280.44,0.0063154872972583931,0.0061154872972583934,next_open
long,2019-03-01 16:00,280.42000000000002,2019-03-04 09:30,281.60000000000002,0.0042079737536553363,0.0040079737536553367,next_open
long,2019-03-04 16:00,279.39999999999998,2019-03-05 09:30,279.54000000000002,0.00050107372942043149,0.00030107372942043151,next_open
long,2019-03-05 16:00,279.01999999999998,2019-03-06 09:30,279.14999999999998,0.00046591642176196935,0.00026591642176196936,next_open
long,2019-03-06 16:00,277.32999999999998,2019-03-07 09:30,276.82999999999998,-0.0018029062849312938,-0.0020029062849312939,next_open
long,2019-03-07 16:00,275.00999999999999,2019-03-08 09:30,272.94,-0.0075269990182175173,-0.0077269990182175169,next_open
long,2019-03-08 16:00,274.45999999999998,2019-03-11 09:30,275.25999999999999,0.0029148145449247043,0.0027148145449247042,next_open
long,2019-03-11 16:00,278.44,2019-03-12 09:30,279.06,0.0022266915673034848,0.0020266915673034847,next_open
long,2019-03-12 16:00,279.49000000000001,2019-03-13 09:30,280.48000000000002,0.0035421660882322126,0.0033421660882322125,next_open
long,2019-03-13 16:00,281.33999999999997,2019-03-14 09:30,281.37,0.00010663254425269386,-9.3367455747306148e-05,next_open
long,2019-03-14 16:00,281.16000000000003,2019-03-15 09:30,280.54000000000002,-0.0022051500924740175,-0.0024051500924740176,next_open
long,2019-03-15 16:00,281.31,2019-03-18 09:30,281.55000000000001,0.00085315132771679458,0.0006531513277167946,next_open
long,2019-03-18 16:00,282.32999999999998,2019-03-19 09:30,283.50999999999999,0.004179506251549725,0.0039795062515497253,next_open
long,2019-03-19 16:00,282.39999999999998,2019-03-20 09:30,282.16000000000003,-0.00084985835694029177,-0.0010498583569402919,next_open
long,2019-03-20 16:00,281.55000000000001,2019-03-21 09:30,280.63999999999999,-0.00323210797371698,-0.0034321079737169801,next_open
long,2019-03-21 16:00,284.73000000000002,2019-03-22 09:30,283.22000000000003,-0.0053032697643381477,-0.0055032697643381473,next_open
long,2019-03-22 16:00,279.25,2019-03-25 09:30,278.87,-0.0013607878245299743,-0.0015607878245299744,next_open
long,2019-03-25 16:00,279.04000000000002,2019-03-26 09:30,280.99000000000001,0.0069882454128440408,0.0067882454128440411,next_open
long,2019-03-26 16:00,281.12,2019-03-27 09:30,281.11000000000001,-3.5571997723304882e-05,-0.00023557199772330489,next_open
long,2019-03-27 16:00,279.64999999999998,2019-03-28 09:30,280.35000000000002,0.0025031289111390187,0.0023031289111390186,next_open
long,2019-03-28 16:00,280.70999999999998,2019-03-29 09:30,282.38999999999999,0.0059848241957893844,0.0057848241957893847,next_open
long,2019-03-29 16:00,282.48000000000002,2019-04-01 09:30,284.69999999999999,0.0078589634664401053,0.0076589634664401057,next_open
long,2019-04-01 16:00,285.82999999999998,2019-04-02 09:30,286.04000000000002,0.00073470244550977171,0.00053470244550977172,next_open
long,2019-04-02 16:00,285.97000000000003,2019-04-03 09:30,287.31999999999999,0.0047207749064586135,0.0045207749064586139,next_open
long,2019-04-03 16:00,286.42000000000002,2019-04-04 09:30,286.77999999999997,0.0012568954681935196,0.0010568954681935195,next_open
long,2019-04-04 16:00,287.18000000000001,2019-04-05 09:30,287.92000000000002,0.0025767811128909468,0.0023767811128909467,next_open
long,2019-04-05 16:00,288.56999999999999,2019-04-08 09:30,288.10000000000002,-0.001628720934261918,-0.0018287209342619181,next_open
long,2019-04-08 16:00,288.79000000000002,2019-04-09 09:30,287.72000000000003,-0.0037051144430209071,-0.0039051144430209072,next_open
long,2019-04-09 16:00,287.31,2019-04-10 09:30,287.76999999999998,0.0016010580905641003,0.0014010580905641002,next_open
long,2019-04-10 16:00,288.29000000000002,2019-04-11 09:30,288.82999999999998,0.00187311387838629,0.0016731138783862899,next_open
long,2019-04-11 16:00,288.20999999999998,2019-04-12 09:30,290,0.0062107491065543918,0.0060107491065543922,next_open
long,2019-04-12 16:00,290.16000000000003,2019-04-15 09:30,290.24000000000001,0.00027570995312919955,7.5709953129199538e-05,next_open
long,2019-04-15 16:00,289.97000000000003,2019-04-16 09:30,290.94999999999999,0.0033796599648239223,0.0031796599648239222,next_open
long,2019-04-16 16:00,290.16000000000003,2019-04-17 09:30,291.39999999999998,0.0042735042735040363,0.0040735042735040366,next_open
long,2019-04-17 16:00,289.44999999999999,2019-04-18 09:30,290.10000000000002,0.0022456382794957541,0.002045638279495754,next_open
long,2019-04-18 16:00,290.01999999999998,2019-04-22 09:30,289.17000000000002,-0.0029308323563891348,-0.0031308323563891348,next_open
long,2019-04-22 16:00,290.26999999999998,2019-04-23 09:30,290.68000000000001,0.0014124780376891799,0.0012124780376891798,next_open
long,2019-04-23 16:00,292.88,2019-04-24 09:30,292.79000000000002,-0.00030729308931976007,-0.00050729308931976005,next_open
long,2019-04-24 16:00,292.23000000000002,2019-04-25 09:30,292.12,-0.00037641583684089319,-0.00057641583684089317,next_open
long,2019-04-25 16:00,292.05000000000001,2019-04-26 09:30,292.10000000000002,0.00017120356103417222,-2.8796438965827785e-05,next_open
long,2019-04-26 16:00,293.41000000000003,2019-04-29 09:30,293.50999999999999,0.00034082001295110409,0.00014082001295110408,next_open
long,2019-04-29 16:00,293.87,2019-04-30 09:30,293.49000000000001,-0.0012930887807534042,-0.0014930887807534043,next_open
long,2019-04-30 16:00,294.01999999999998,2019-05-01 09:30,294.72000000000003,0.0023807904224204535,0.0021807904224204534,next_open
long,2019-05-01 16:00,291.81,2019-05-02 09:30,291.68000000000001,-0.00044549535656757122,-0.0006454953565675712,next_open
long,2019-05-02 16:00,291.18000000000001,2019-05-03 09:30,292.81999999999999,0.0056322549625660301,0.0054322549625660304,next_open
long,2019-05-03 16:00,294.02999999999997,2019-05-06 09:30,289.25,-0.016256844539672688,-0.016456844539672687,next_open
long,2019-05-06 16:00,292.81999999999999,2019-05-07 09:30,290.14999999999998,-0.0091182296291237863,-0.0093182296291237868,next_open
long,2019-05-07 16:00,287.93000000000001,2019-05-08 09:30,287.52999999999997,-0.0013892265481194599,-0.00158922654811946,next_open
long,2019-05-08 16:00,287.52999999999997,2019-05-09 09:30,285.23000000000002,-0.0079991653044898525,-0.008199165304489853,next_open
long,2019-05-09 16:00,286.66000000000003,2019-05-10 09:30,285.62,-0.0036279913486361171,-0.0038279913486361171,next_open
long,2019-05-10 16:00,288.10000000000002,2019-05-13 09:30,282.42000000000002,-0.019715376605345392,-0.01991537660534539,next_open
long,2019-05-13 16:00,280.86000000000001,2019-05-14 09:30,281.99000000000001,0.0040233568325855895,0.0038233568325855894,next_open
long,2019-05-14 16:00,283.39999999999998,2019-05-15 09:30,281.58999999999997,-0.0063867325335215108,-0.0065867325335215105,next_open
long,2019-05-15 16:00,285.06,2019-05-16 09:30,285.83999999999997,0.0027362660492527002,0.0025362660492527001,next_open
long,2019-05-16 16:00,287.69999999999999,2019-05-17 09:30,285.13999999999999,-0.0088981578032673037,-0.0090981578032673042,next_open
long,2019-05-17 16:00,285.83999999999997,2019-05-20 09:30,284.06,-0.0062272600055974792,-0.0064272600055974788,next_open
long,2019-05-20 16:00,283.94999999999999,2019-05-21 09:30,285.82999999999998,0.0066208839584434021,0.0064208839584434024,next_open
long,2019-05-21 16:00,286.50999999999999,2019-05-22 09:30,285.44999999999999,-0.0036996963456773502,-0.0038996963456773503,next_open
long,2019-05-22 16:00,285.63,2019-05-23 09:30,283.16000000000003,-0.008647551027552991,-0.0088475510275529915,next_open
long,2019-05-23 16:00,282.13999999999999,2019-05-24 09:30,283.74000000000001,0.0056709435032253896,0.00547094350322539,next_open
long,2019-05-24 16:00,282.77999999999997,2019-05-28 09:30,283.08999999999997,0.0010962585755711629,0.00089625857557116293,next_open
long,2019-05-28 16:00,280.14999999999998,2019-05-29 09:30,278.91000000000003,-0.0044262002498659525,-0.0046262002498659522,next_open
long,2019-05-29 16:00,278.26999999999998,2019-05-30 09:30,279.11000000000001,0.0030186509505158998,0.0028186509505158997,next_open
long,2019-05-30 16:00,279.02999999999997,2019-05-31 09:30,276.19999999999999,-0.01014227860803496,-0.010342278608034961,next_open
long,2019-05-31 16:00,275.26999999999998,2019-06-03 09:30,275.31,0.00014531187561317438,-5.468812438682563e-05,next_open
long,2019-06-03 16:00,274.56999999999999,2019-06-04 09:30,277.12,0.009287249153221433,0.0090872491532214324,next_open
long,2019-06-04 16:00,280.52999999999997,2019-06-05 09:30,282.32999999999998,0.0064164260506898163,0.0062164260506898167,next_open
long,2019-06-05 16:00,282.95999999999998,2019-06-06 09:30,283.29000000000002,0.0011662425784564334,0.00096624257845643344,next_open
long,2019-06-06 16:00,284.80000000000001,2019-06-07 09:30,285.93000000000001,0.0039676966292134797,0.0037676966292134796,next_open
long,2019-06-07 16:00,287.64999999999998,2019-06-10 09:30,289.37,0.0059794889622806213,0.0057794889622806217,next_open
long,2019-06-10 16:00,288.97000000000003,2019-06-11 09:30,290.99000000000001,0.0069903450185140326,0.0067903450185140329,next_open
long,2019-06-11 16:00,288.89999999999998,2019-06-12 09:30,288.63999999999999,-0.00089996538594661057,-0.0010999653859466107,next_open
long,2019-06-12 16:00,288.38999999999999,2019-06-13 09:30,289.39999999999998,0.0035022018793993137,0.0033022018793993136,next_open
long,2019-06-13 16:00,289.57999999999998,2019-06-14 09:30,289.25999999999999,-0.0011050486912079771,-0.0013050486912079772,next_open
long,2019-06-14 16:00,289.25999999999999,2019-06-17 09:30,289.51999999999998,0.00089884532946138407,0.00069884532946138409,next_open
long,2019-06-17 16:00,289.37,2019-06-18 09:30,291.38999999999999,0.0069806821716140721,0.0067806821716140725,next_open
long,2019-06-18 16:00,292.39999999999998,2019-06-19 09:30,292.55000000000001,0.00051299589603304163,0.00031299589603304165,next_open
long,2019-06-19 16:00,293.06,2019-06-20 09:30,296.04000000000002,0.010168566163925474,0.0099685661639254738,next_open
long,2019-06-20 16:00,295.86000000000001,2019-06-21 09:30,294.13,-0.0058473602379504053,-0.0060473602379504049,next_open
long,2019-06-21 16:00,294,2019-06-24 09:30,294.23000000000002,0.0007823129251700589,0.00058231292517005892,next_open
long,2019-06-24 16:00,293.63999999999999,2019-06-25 09:30,293.69999999999999,0.0002043318348998735,4.3318348998734894e-06,next_open
long,2019-06-25 16:00,290.75999999999999,2019-06-26 09:30,291.75,0.0034048699958728612,0.0032048699958728611,next_open
long,2019-06-26 16:00,290.47000000000003,2019-06-27 09:30,291.31,0.0028918649085962755,0.0026918649085962754,next_open
long,2019-06-27 16:00,291.5,2019-06-28 09:30,292.57999999999998,0.0037049742710120181,0.0035049742710120181,next_open
long,2019-06-28 16:00,293,2019-07-01 09:30,296.68000000000001,0.012559726962457329,0.012359726962457329,next_open
long,2019-07-01 16:00,295.66000000000003,2019-07-02 09:30,295.43000000000001,-0.00077792058445513845,-0.00097792058445513854,next_open
long,2019-07-02 16:00,296.43000000000001,2019-07-03 09:30,297.18000000000001,0.0025301082886346471,0.002330108288634647,next_open
long,2019-07-03 13:00,298.80000000000001,2019-07-05 09:30,297.44,-0.0045515394912986062,-0.0047515394912986059,next_open
long,2019-07-05 16:00,298.45999999999998,2019-07-08 09:30,297.00999999999999,-0.004858272465322,-0.0050582724653219996,next_open
long,2019-07-08 16:00,296.81999999999999,2019-07-09 09:30,295.54000000000002,-0.0043123778721109174,-0.004512377872110917,next_open
long,2019-07-09 16:00,297.19,2019-07-10 09:30,298.37,0.0039705239072647114,0.0037705239072647113,next_open
long,2019-07-10 16:00,298.61000000000001,2019-07-11 09:30,299.31999999999999,0.0023776832657982361,0.002177683265798236,next_open
long,2019-07-11 16:00,299.31,2019-07-12 09:30,299.85000000000002,0.001804149543951139,0.0016041495439511389,next_open
long,2019-07-12 16:00,300.64999999999998,2019-07-15 09:30,301.13,0.0015965408282057059,0.0013965408282057058,next_open
long,2019-07-15 16:00,300.75,2019-07-16 09:30,300.64999999999998,-0.00033250207813806387,-0.00053250207813806385,next_open
long,2019-07-16 16:00,299.70999999999998,2019-07-17 09:30,299.75,0.00013346234693534242,-6.6537653064657585e-05,next_open
long,2019-07-17 16:00,297.74000000000001,2019-07-18 09:30,297.19,-0.0018472492778934813,-0.0020472492778934813,next_open
long,2019-07-18 16:00,298.82999999999998,2019-07-19 09:30,300.04000000000002,0.0040491249205234503,0.0038491249205234502,next_open
long,2019-07-19 16:00,297.17000000000002,2019-07-22 09:30,297.61000000000001,0.0014806339805497615,0.0012806339805497614,next_open
long,2019-07-22 16:00,297.89999999999998,2019-07-23 09:30,299.13999999999999,0.0041624706277274548,0.0039624706277274551,next_open
long,2019-07-23 16:00,300.02999999999997,2019-07-24 09:30,299.19,-0.0027997200279971102,-0.0029997200279971103,next_open
long,2019-07-24 16:00,301.44,2019-07-25 09:30,300.94,-0.0016587048832271689,-0.001858704883227169,next_open
long,2019-07-25 16:00,300,2019-07-26 09:30,300.75999999999999,0.0025333333333332764,0.0023333333333332763,next_open
long,2019-07-26 16:00,302.00999999999999,2019-07-29 09:30,301.88,-0.00043044932287006343,-0.00063044932287006342,next_open
long,2019-07-29 16:00,301.45999999999998,2019-07-30 09:30,299.91000000000003,-0.0051416439992036933,-0.005341643999203693,next_open
long,2019-07-30 16:00,300.72000000000003,2019-07-31 09:30,300.99000000000001,0.00089784517158819632,0.00069784517158819634,next_open
long,2019-07-31 16:00,297.43000000000001,2019-08-01 09:30,297.60000000000002,0.00057156305685368558,0.0003715630568536856,next_open
long,2019-08-01 16:00,294.83999999999997,2019-08-02 09:30,293.85000000000002,-0.0033577533577532348,-0.0035577533577532349,next_open
long,2019-08-02 16:00,292.62,2019-08-05 09:30,288.08999999999997,-0.015480828378101386,-0.015680828378101384,next_open
long,2019-08-05 16:00,283.81999999999999,2019-08-06 09:30,285.91000000000003,0.0073638221407936744,0.0071638221407936747,next_open
long,2019-08-06 16:00,287.80000000000001,2019-08-07 09:30,284.39999999999998,-0.011813759555246772,-0.012013759555246773,next_open
long,2019-08-07 16:00,287.97000000000003,2019-08-08 09:30,289.62,0.0057297635170330263,0.0055297635170330267,next_open
long,2019-08-08 16:00,293.62,2019-08-09 09:30,292.57999999999998,-0.003541993052244452,-0.0037419930522444521,next_open
long,2019-08-09 16:00,291.62,2019-08-12 09:30,289.95999999999998,-0.0056923393457239957,-0.0058923393457239953,next_open
long,2019-08-12 16:00,288.06999999999999,2019-08-13 09:30,287.74000000000001,-0.001145554899850687,-0.0013455548998506871,next_open
long,2019-08-13 16:00,292.55000000000001,2019-08-14 09:30,288.74000000000001,-0.013023414800888755,-0.013223414800888756,next_open
long,2019-08-14 16:00,283.89999999999998,2019-08-15 09:30,284.88,0.0034519196900317795,0.0032519196900317794,next_open
long,2019-08-15 16:00,284.64999999999998,2019-08-16 09:30,286.48000000000002,0.0064289478306693848,0.0062289478306693851,next_open
long,2019-08-16 16:00,288.85000000000002,2019-08-19 09:30,292.19,0.011563095032023352,0.011363095032023351,next_open
long,2019-08-19 16:00,292.32999999999998,2019-08-20 09:30,291.76999999999998,-0.0019156432798549394,-0.0021156432798549395,next_open
long,2019-08-20 16:00,290.08999999999997,2019-08-21 09:30,292.48000000000002,0.0082388224344169814,0.0080388224344169808,next_open
long,2019-08-21 16:00,292.44999999999999,2019-08-22 09:30,293.23000000000002,0.0026671225850574132,0.0024671225850574131,next_open
long,2019-08-22 16:00,292.36000000000001,2019-08-23 09:30,290.92000000000002,-0.0049254343959501679,-0.0051254343959501675,next_open
long,2019-08-23 16:00,284.85000000000002,2019-08-26 09:30,287.26999999999998,0.0084956994909599626,0.008295699490959962,next_open
long,2019-08-26 16:00,288,2019-08-27 09:30,289.54000000000002,0.005347222222222392,0.0051472222222223923,next_open
long,2019-08-27 16:00,286.87,2019-08-28 09:30,286.13999999999999,-0.0025447066615540415,-0.0027447066615540416,next_open
long,2019-08-28 16:00,288.88999999999999,2019-08-29 09:30,291.72000000000003,0.0097961161687840637,0.0095961161687840631,next_open
long,2019-08-29 16:00,292.57999999999998,2019-08-30 09:30,294.22000000000003,0.0056053045320938466,0.0054053045320938469,next_open
long,2019-08-30 16:00,292.44999999999999,2019-09-03 09:30,290.56999999999999,-0.0064284493075739135,-0.0066284493075739132,next_open
long,2019-09-03 16:00,290.74000000000001,2019-09-04 09:30,293.13999999999999,0.0082547981013962879,0.0080547981013962874,next_open
long,2019-09-04 16:00,294.04000000000002,2019-09-05 09:30,296.79000000000002,0.0093524690518296261,0.0091524690518296255,next_open
long,2019-09-05 16:00,297.81999999999999,2019-09-06 09:30,298.17000000000002,0.0011752065005707912,0.00097520650057079125,next_open
long,2019-09-06 16:00,298.05000000000001,2019-09-09 09:30,299.13999999999999,0.0036571045126656543,0.0034571045126656542,next_open
long,2019-09-09 16:00,298.19999999999999,2019-09-10 09:30,297.36000000000001,-0.0028169014084505895,-0.0030169014084505895,next_open
long,2019-09-10 16:00,298.13,2019-09-11 09:30,298.47000000000003,0.0011404420890217537,0.00094044208902175372,next_open
long,2019-09-11 16:00,300.25,2019-09-12 09:30,301.25,0.0033305578684430515,0.0031305578684430514,next_open
long,2019-09-12 16:00,301.29000000000002,2019-09-13 09:30,301.77999999999997,0.0016263400710276876,0.0014263400710276875,next_open
long,2019-09-13 16:00,301.08999999999997,2019-09-16 09:30,299.83999999999997,-0.004151582583280744,-0.0043515825832807437,next_open
long,2019-09-16 16:00,300.16000000000003,2019-09-17 09:30,299.94,-0.00073294243070376464,-0.00093294243070376462,next_open
long,2019-09-17 16:00,300.92000000000002,2019-09-18 09:30,300.49000000000001,-0.0014289512162701801,-0.0016289512162701802,next_open
long,2019-09-18 16:00,301.10000000000002,2019-09-19 09:30,301.52999999999997,0.001428096977748039,0.0012280969777480389,next_open
long,2019-09-19 16:00,301.07999999999998,2019-09-20 09:30,300.36000000000001,-0.0023913909924271337,-0.0025913909924271338,next_open
long,2019-09-20 16:00,298.27999999999997,2019-09-23 09:30,297.55000000000001,-0.0024473648920476654,-0.0026473648920476655,next_open
long,2019-09-23 16:00,298.20999999999998,2019-09-24 09:30,299.41000000000003,0.0040240099258912476,0.0038240099258912475,next_open
long,2019-09-24 16:00,295.87,2019-09-25 09:30,295.95999999999998,0.00030418764998141334,0.00010418764998141333,next_open
long,2019-09-25 16:00,297.62,2019-09-26 09:30,297.63,3.3599892480307147e-05,-0.00016640010751969286,next_open
long,2019-09-26 16:00,297,2019-09-27 09:30,297.82999999999998,0.0027946127946127941,0.002594612794612794,next_open
long,2019-09-27 16:00,295.39999999999998,2019-09-30 09:30,295.97000000000003,0.0019295870006772464,0.0017295870006772463,next_open
long,2019-09-30 16:00,296.76999999999998,2019-10-01 09:30,297.74000000000001,0.0032685244465411323,0.0030685244465411322,next_open
long,2019-10-01 16:00,293.24000000000001,2019-10-02 09:30,291.5,-0.005933706179238829,-0.0061337061792388287,next_open
long,2019-10-02 16:00,288.06,2019-10-03 09:30,287.81,-0.00086787474831628852,-0.0010678747483162886,next_open
long,2019-10-03 16:00,290.42000000000002,2019-10-04 09:30,291.13999999999999,0.0024791681013702771,0.002279168101370277,next_open
long,2019-10-04 16:00,294.35000000000002,2019-10-07 09:30,293.47000000000003,-0.0029896381858331988,-0.0031896381858331989,next_open
long,2019-10-07 16:00,293.07999999999998,2019-10-08 09:30,291.11000000000001,-0.0067217142077247161,-0.0069217142077247157,next_open
long,2019-10-08 16:00,288.52999999999997,2019-10-09 09:30,291.19999999999999,0.0092538037639067205,0.00905380376390672,next_open
long,2019-10-09 16:00,291.26999999999998,2019-10-10 09:30,291.18000000000001,-0.00030899165722519939,-0.00050899165722519937,next_open
long,2019-10-10 16:00,293.24000000000001,2019-10-11 09:30,296.26999999999998,0.010332833174191647,0.010132833174191646,next_open
long,2019-10-11 16:00,296.27999999999997,2019-10-14 09:30,295.93000000000001,-0.0011813149723233218,-0.0013813149723233219,next_open
long,2019-10-14 16:00,295.94999999999999,2019-10-15 09:30,297.10000000000002,0.0038857915188377223,0.0036857915188377222,next_open
long,2019-10-15 16:00,298.88,2019-10-16 09:30,298.37,-0.0017063704496788068,-0.0019063704496788069,next_open
long,2019-10-16 16:00,298.39999999999998,2019-10-17 09:30,299.68000000000001,0.0042895442359249802,0.0040895442359249806,next_open
long,2019-10-17 16:00,299.27999999999997,2019-10-18 09:30,298.69,-0.0019713980219191463,-0.0021713980219191464,next_open
long,2019-10-18 16:00,297.97000000000003,2019-10-21 09:30,299.42000000000002,0.0048662617041983491,0.0046662617041983495,next_open
long,2019-10-21 16:00,299.99000000000001,2019-10-22 09:30,300.57999999999998,0.0019667322244074636,0.0017667322244074636,next_open
long,2019-10-22 16:00,299.00999999999999,2019-10-23 09:30,298.73000000000002,-0.00093642353098544184,-0.0011364235309854419,next_open
long,2019-10-23 16:00,299.88,2019-10-24 09:30,300.91000000000003,0.0034347072162199677,0.0032347072162199676,next_open
long,2019-10-24 16:00,300.37,2019-10-25 09:30,299.74000000000001,-0.0020974131903984672,-0.0022974131903984673,next_open
long,2019-10-25 16:00,301.60000000000002,2019-10-28 09:30,302.94,0.0044429708222810671,0.0042429708222810674,next_open
long,2019-10-28 16:00,303.30000000000001,2019-10-29 09:30,303,-0.00098911968348169843,-0.0011891196834816985,next_open
long,2019-10-29 16:00,303.20999999999998,2019-10-30 09:30,303.43000000000001,0.00072556973714599238,0.00052556973714599239,next_open
long,2019-10-30 16:00,304.13999999999999,2019-10-31 09:30,304.13,-3.2879594923374e-05,-0.00023287959492337401,next_open
long,2019-10-31 16:00,303.32999999999998,2019-11-01 09:30,304.92000000000002,0.0052418158441303042,0.0050418158441303046,next_open
long,2019-11-01 16:00,306.13999999999999,2019-11-04 09:30,307.85000000000002,0.0055856797543609726,0.005385679754360973,next_open
long,2019-11-04 16:00,307.37,2019-11-05 09:30,307.58999999999997,0.00071574974786070555,0.00051574974786070557,next_open
long,2019-11-05 16:00,307.02999999999997,2019-11-06 09:30,307.02999999999997,0,-0.00020000000000000001,next_open
long,2019-11-06 16:00,307.10000000000002,2019-11-07 09:30,308.56999999999999,0.0047867144252684568,0.0045867144252684572,next_open
long,2019-11-07 16:00,308.18000000000001,2019-11-08 09:30,307.80000000000001,-0.0012330456226880004,-0.0014330456226880005,next_open
long,2019-11-08 16:00,308.94,2019-11-11 09:30,307.42000000000002,-0.0049200492004919383,-0.0051200492004919379,next_open
long,2019-11-11 16:00,308.35000000000002,2019-11-12 09:30,308.75,0.0012972271769093879,0.0010972271769093878,next_open
long,2019-11-12 16:00,309,2019-11-13 09:30,307.91000000000003,-0.0035275080906147505,-0.0037275080906147505,next_open
long,2019-11-13 16:00,309.10000000000002,2019-11-14 09:30,308.79000000000002,-0.0010029116790682968,-0.0012029116790682969,next_open
long,2019-11-14 16:00,309.55000000000001,2019-11-15 09:30,311.01999999999998,0.0047488289452430887,0.0045488289452430891,next_open
long,2019-11-15 16:00,311.79000000000002,2019-11-18 09:30,311.52999999999997,-0.00083389460855076702,-0.0010338946085507671,next_open
long,2019-11-18 16:00,312.01999999999998,2019-11-19 09:30,312.68000000000001,0.0021152490224987108,0.0019152490224987107,next_open
long,2019-11-19 16:00,311.93000000000001,2019-11-20 09:30,311.27999999999997,-0.0020838008527555019,-0.002283800852755502,next_open
long,2019-11-20 16:00,310.76999999999998,2019-11-21 09:30,310.88999999999999,0.00038613765807515854,0.00018613765807515853,next_open
long,2019-11-21 16:00,310.26999999999998,2019-11-22 09:30,311.08999999999997,0.0026428594449994236,0.0024428594449994235,next_open
long,2019-11-22 16:00,310.95999999999998,2019-11-25 09:30,311.98000000000002,0.0032801646514022398,0.0030801646514022397,next_open
long,2019-11-25 16:00,313.37,2019-11-26 09:30,313.41000000000003,0.00012764463732972686,-7.2355362670273147e-05,next_open
long,2019-11-26 16:00,314.07999999999998,2019-11-27 09:30,314.61000000000001,0.0016874681609782005,0.0014874681609782004,next_open
long,2019-11-27 16:00,315.48000000000002,2019-11-29 09:30,314.86000000000001,-0.0019652592874350727,-0.0021652592874350728,next_open
long,2019-11-29 13:00,314.31,2019-12-02 09:30,314.58999999999997,0.00089084025325303351,0.00069084025325303353,next_open
long,2019-12-02 16:00,311.63999999999999,2019-12-03 09:30,308.76999999999998,-0.0092093441150045141,-0.0094093441150045146,next_open
long,2019-12-03 16:00,309.55000000000001,2019-12-04 09:30,310.69999999999999,0.003715070263285325,0.0035150702632853249,next_open
long,2019-12-04 16:00,311.45999999999998,2019-12-05 09:30,312.23000000000002,0.002472227573364183,0.0022722275733641829,next_open
long,2019-12-05 16:00,312.01999999999998,2019-12-06 09:30,314.12,0.0067303377988592317,0.006530337798859232,next_open
long,2019-12-06 16:00,314.87,2019-12-09 09:30,314.44,-0.0013656429637628476,-0.0015656429637628476,next_open
long,2019-12-09 16:00,313.88,2019-12-10 09:30,313.81999999999999,-0.000191155855741032,-0.00039115585574103198,next_open
long,2019-12-10 16:00,313.52999999999997,2019-12-11 09:30,314.02999999999997,0.0015947437246834895,0.0013947437246834894,next_open
long,2019-12-11 16:00,314.42000000000002,2019-12-12 09:30,314.43000000000001,3.1804592583117852e-05,-0.00016819540741688216,next_open
long,2019-12-12 16:00,317.13,2019-12-13 09:30,316.87,-0.0008198530571058571,-0.0010198530571058572,next_open
long,2019-12-13 16:00,317.31999999999999,2019-12-16 09:30,319.22000000000003,0.0059876465397707967,0.0057876465397707971,next_open
long,2019-12-16 16:00,319.5,2019-12-17 09:30,319.92000000000002,0.0013145539906103121,0.001114553990610312,next_open
long,2019-12-17 16:00,319.56999999999999,2019-12-18 09:30,320,0.0013455580936885259,0.0011455580936885258,next_open
long,2019-12-18 16:00,319.58999999999997,2019-12-19 09:30,319.80000000000001,0.00065709189899565423,0.00045709189899565425,next_open
long,2019-12-19 16:00,320.89999999999998,2019-12-20 09:30,320.45999999999998,-0.0013711436584605829,-0.001571143658460583,next_open
long,2019-12-20 16:00,320.73000000000002,2019-12-23 09:30,321.58999999999997,0.0026813830948149153,0.0024813830948149152,next_open
long,2019-12-23 16:00,321.22000000000003,2019-12-24 09:30,321.47000000000003,0.0007782827968370043,0.00057828279683700432,next_open
long,2019-12-24 13:00,321.23000000000002,2019-12-26 09:30,321.64999999999998,0.0013074743952929957,0.0011074743952929956,next_open
long,2019-12-26 16:00,322.94,2019-12-27 09:30,323.74000000000001,0.002477240354245458,0.0022772403542454579,next_open
long,2019-12-27 16:00,322.86000000000001,2019-12-30 09:30,322.94999999999999,0.00027875859505654965,7.8758595056549642e-05,next_open
long,2019-12-30 16:00,321.07999999999998,2019-12-31 09:30,320.52999999999997,-0.0017129687305345032,-0.0019129687305345032,next_open
long,2019-12-31 16:00,321.86000000000001,2020-01-02 09:30,323.54000000000002,0.0052196607220531543,0.0050196607220531547,next_open
long,2020-01-02 16:00,324.87,2020-01-03 09:30,321.16000000000003,-0.011419952596423144,-0.011619952596423145,next_open
long,2020-01-03 16:00,322.41000000000003,2020-01-06 09:30,320.49000000000001,-0.0059551502744952245,-0.0061551502744952242,next_open
long,2020-01-06 16:00,323.63999999999999,2020-01-07 09:30,323.01999999999998,-0.0019157088122605526,-0.0021157088122605527,next_open
long,2020-01-07 16:00,322.73000000000002,2020-01-08 09:30,323.24000000000001,0.0015802683357604153,0.0013802683357604152,next_open
long,2020-01-08 16:00,324.44999999999999,2020-01-09 09:30,326.16000000000003,0.005270457697642339,0.0050704576976423393,next_open
long,2020-01-09 16:00,326.64999999999998,2020-01-10 09:30,327.29000000000002,0.0019592836369204392,0.0017592836369204391,next_open
long,2020-01-10 16:00,325.70999999999998,2020-01-13 09:30,326.38999999999999,0.002087746768597798,0.0018877467685977979,next_open
long,2020-01-13 16:00,327.94999999999999,2020-01-14 09:30,327.47000000000003,-0.0014636377496568542,-0.0016636377496568543,next_open
long,2020-01-14 16:00,327.44999999999999,2020-01-15 09:30,327.35000000000002,-0.00030539013589847563,-0.00050539013589847562,next_open
long,2020-01-15 16:00,328.19,2020-01-16 09:30,329.69999999999999,0.0046009933270361181,0.0044009933270361184,next_open
long,2020-01-16 16:00,330.92000000000002,2020-01-17 09:30,331.69999999999999,0.0023570651516982011,0.002157065151698201,next_open
long,2020-01-17 16:00,331.94999999999999,2020-01-21 09:30,330.89999999999998,-0.0031631269769544224,-0.0033631269769544224,next_open
long,2020-01-21 16:00,331.30000000000001,2020-01-22 09:30,332.24000000000001,0.0028373075762149202,0.0026373075762149202,next_open
long,2020-01-22 16:00,331.33999999999997,2020-01-23 09:30,330.63,-0.0021428140278867414,-0.0023428140278867414,next_open
long,2020-01-23 16:00,331.72000000000003,2020-01-24 09:30,332.44,0.0021705052453875329,0.0019705052453875328,next_open
long,2020-01-24 16:00,328.76999999999998,2020-01-27 09:30,323.02999999999997,-0.017459013900295028,-0.017659013900295027,next_open
long,2020-01-27 16:00,323.5,2020-01-28 09:30,325.06,0.0048222565687789931,0.0046222565687789935,next_open
long,2020-01-28 16:00,326.88999999999999,2020-01-29 09:30,328.38,0.0045581082321271005,0.0043581082321271008,next_open
long,2020-01-29 16:00,326.62,2020-01-30 09:30,324.36000000000001,-0.0069193558263425103,-0.00711935582634251,next_open
long,2020-01-30 16:00,327.68000000000001,2020-01-31 09:30,327,-0.0020751953125,-0.0022751953125000001,next_open
long,2020-01-31 16:00,321.73000000000002,2020-02-03 09:30,323.35000000000002,0.0050352780281601728,0.0048352780281601731,next_open
long,2020-02-03 16:00,324.12,2020-02-04 09:30,328.06999999999999,0.012186844378625272,0.011986844378625272,next_open
long,2020-02-04 16:00,329.06,2020-02-05 09:30,332.26999999999998,0.0097550598675013589,0.0095550598675013584,next_open
long,2020-02-05 16:00,332.86000000000001,2020-02-06 09:30,333.91000000000003,0.0031544793606921306,0.0029544793606921305,next_open
long,2020-02-06 16:00,333.98000000000002,2020-02-07 09:30,332.81999999999999,-0.0034732618719685027,-0.0036732618719685028,next_open
long,2020-02-07 16:00,332.19999999999999,2020-02-10 09:30,331.23000000000002,-0.0029199277543647817,-0.0031199277543647818,next_open
long,2020-02-10 16:00,334.68000000000001,2020-02-11 09:30,336.16000000000003,0.0044221345763117981,0.0042221345763117984,next_open
long,2020-02-11 16:00,335.25999999999999,2020-02-12 09:30,336.82999999999998,0.0046829326492872081,0.0044829326492872084,next_open
long,2020-02-12 16:00,337.42000000000002,2020-02-13 09:30,335.86000000000001,-0.0046233181198506168,-0.0048233181198506165,next_open
long,2020-02-13 16:00,337.06,2020-02-14 09:30,337.50999999999999,0.0013350738740876,0.0011350738740875999,next_open
long,2020-02-14 16:00,337.60000000000002,2020-02-18 09:30,336.50999999999999,-0.0032286729857821106,-0.0034286729857821107,next_open
long,2020-02-18 16:00,336.73000000000002,2020-02-19 09:30,337.79000000000002,0.0031479226680128924,0.0029479226680128924,next_open
long,2020-02-19 16:00,338.33999999999997,2020-02-20 09:30,337.74000000000001,-0.001773364071643857,-0.0019733640716438571,next_open
long,2020-02-20 16:00,336.94999999999999,2020-02-21 09:30,335.47000000000003,-0.0043923430776078298,-0.0045923430776078295,next_open
long,2020-02-21 16:00,333.48000000000002,2020-02-24 09:30,323.13999999999999,-0.031006357202830848,-0.031206357202830846,next_open
long,2020-02-24 16:00,322.42000000000002,2020-02-25 09:30,324.01999999999998,0.0049624713107125906,0.004762471310712591,next_open
long,2020-02-25 16:00,312.64999999999998,2020-02-26 09:30,314.18000000000001,0.0048936510474972827,0.0046936510474972831,next_open
long,2020-02-26 16:00,311.5,2020-02-27 09:30,305.45999999999998,-0.019390048154093176,-0.019590048154093175,next_open
long,2020-02-27 16:00,297.50999999999999,2020-02-28 09:30,293.44999999999999,-0.01364660011428187,-0.013846600114281871,next_open
long,2020-02-28 16:00,296.25999999999999,2020-03-02 09:30,298.20999999999998,0.0065820563018970102,0.0063820563018970105,next_open
long,2020-03-02 16:00,309.08999999999997,2020-03-03 09:30,309.5,0.0013264744896308578,0.0011264744896308577,next_open
long,2020-03-03 16:00,300.24000000000001,2020-03-04 09:30,306.12,0.019584332533972848,0.019384332533972849,next_open
long,2020-03-04 16:00,312.86000000000001,2020-03-05 09:30,304.98000000000002,-0.025186984593748019,-0.025386984593748017,next_open
long,2020-03-05 16:00,302.45999999999998,2020-03-06 09:30,293.14999999999998,-0.030780929709713689,-0.030980929709713688,next_open
long,2020-03-06 16:00,297.45999999999998,2020-03-09 09:30,275.30000000000001,-0.074497411416660997,-0.074697411416661003,next_open
long,2020-03-09 16:00,274.23000000000002,2020-03-10 09:30,284.63999999999999,0.03796083579477072,0.037760835794770721,next_open
long,2020-03-10 16:00,288.42000000000002,2020-03-11 09:30,280.69999999999999,-0.026766521045697322,-0.026966521045697321,next_open
long,2020-03-11 16:00,274.36000000000001,2020-03-12 09:30,256,-0.066919376002332775,-0.067119376002332781,next_open
long,2020-03-12 16:00,248.11000000000001,2020-03-13 09:30,263.08999999999997,0.060376445931239919,0.060176445931239921,next_open
long,2020-03-13 16:00,269.31999999999999,2020-03-16 09:30,241.18000000000001,-0.10448537056289908,-0.10468537056289909,next_open
long,2020-03-16 16:00,239.84999999999999,2020-03-17 09:30,245.03999999999999,0.021638524077548515,0.021438524077548517,next_open
long,2020-03-17 16:00,252.80000000000001,2020-03-18 09:30,236.25,-0.065466772151898778,-0.065666772151898783,next_open
long,2020-03-18 16:00,240,2020-03-19 09:30,237.75999999999999,-0.0093333333333334156,-0.0095333333333334162,next_open
long,2020-03-19 16:00,240.50999999999999,2020-03-20 09:30,242.53,0.0083988191759178932,0.0081988191759178927,next_open
long,2020-03-20 16:00,228.80000000000001,2020-03-23 09:30,228.78,-8.7412587412627474e-05,-0.00028741258741262746,next_open
long,2020-03-23 16:00,222.94999999999999,2020-03-24 09:30,234.41999999999999,0.05144651267100242,0.051246512671002421,next_open
long,2020-03-24 16:00,243.15000000000001,2020-03-25 09:30,244.87,0.0070738227431625944,0.0068738227431625947,next_open
long,2020-03-25 16:00,246.78999999999999,2020-03-26 09:30,249.05000000000001,0.0091575833704768961,0.0089575833704768956,next_open
long,2020-03-26 16:00,261.19999999999999,2020-03-27 09:30,253.27000000000001,-0.030359877488514431,-0.030559877488514429,next_open
long,2020-03-27 16:00,253.41999999999999,2020-03-30 09:30,255.69999999999999,0.0089969221055954396,0.0087969221055954391,next_open
long,2020-03-30 16:00,261.64999999999998,2020-03-31 09:30,260.56,-0.0041658704376074107,-0.0043658704376074104,next_open
long,2020-03-31 16:00,257.75,2020-04-01 09:30,247.97999999999999,-0.037904946653734228,-0.038104946653734227,next_open
long,2020-04-01 16:00,246.15000000000001,2020-04-02 09:30,245.19,-0.0039000609384521878,-0.0041000609384521875,next_open
long,2020-04-02 16:00,251.83000000000001,2020-04-03 09:30,250.75999999999999,-0.004248898066155804,-0.0044488980661558037,next_open
long,2020-04-03 16:00,248.19,2020-04-06 09:30,257.83999999999997,0.038881502075023056,0.038681502075023057,next_open
long,2020-04-06 16:00,264.86000000000001,2020-04-07 09:30,274.20999999999998,0.03530166880616159,0.035101668806161591,next_open
long,2020-04-07 16:00,265.13,2020-04-08 09:30,267.95999999999998,0.010674008976728322,0.010474008976728321,next_open
long,2020-04-08 16:00,274.02999999999997,2020-04-09 09:30,277.57999999999998,0.0129547859723389,0.0127547859723389,next_open
long,2020-04-09 16:00,278.19999999999999,2020-04-13 09:30,277.13999999999999,-0.0038102084831056482,-0.0040102084831056478,next_open
long,2020-04-13 16:00,275.66000000000003,2020-04-14 09:30,280.98000000000002,0.019299136617572321,0.019099136617572322,next_open
long,2020-04-14 16:00,283.79000000000002,2020-04-15 09:30,277.56999999999999,-0.021917615137954205,-0.022117615137954204,next_open
long,2020-04-15 16:00,277.75999999999999,2020-04-16 09:30,279.14999999999998,0.0050043202764975536,0.004804320276497554,next_open
long,2020-04-16 16:00,279.10000000000002,2020-04-17 09:30,285.38,0.022500895736295101,0.022300895736295102,next_open
long,2020-04-17 16:00,286.63999999999999,2020-04-20 09:30,282.61000000000001,-0.014059447390454838,-0.014259447390454838,next_open
long,2020-04-20 16:00,281.58999999999997,2020-04-21 09:30,276.73000000000002,-0.01725913562271375,-0.017459135622713749,next_open
long,2020-04-21 16:00,273.04000000000002,2020-04-22 09:30,278.35000000000002,0.019447699970700283,0.019247699970700284,next_open
long,2020-04-22 16:00,279.10000000000002,2020-04-23 09:30,280.49000000000001,0.004980293801504887,0.0047802938015048873,next_open
long,2020-04-23 16:00,279.07999999999998,2020-04-24 09:30,280.73000000000002,0.0059122832162821215,0.0057122832162821218,next_open
long,2020-04-24 16:00,282.97000000000003,2020-04-27 09:30,285.12,0.0075979785843021119,0.0073979785843021123,next_open
long,2020-04-27 16:00,287.05000000000001,2020-04-28 09:30,291.01999999999998,0.013830343145793345,0.013630343145793344,next_open
long,2020-04-28 16:00,285.73000000000002,2020-04-29 09:30,291.52999999999997,0.020298883561403969,0.02009888356140397,next_open
long,2020-04-29 16:00,293.20999999999998,2020-04-30 09:30,291.70999999999998,-0.0051157873196685522,-0.0053157873196685518,next_open
long,2020-04-30 16:00,290.48000000000002,2020-05-01 09:30,285.31,-0.017798127237675598,-0.017998127237675597,next_open
long,2020-05-01 16:00,282.79000000000002,2020-05-04 09:30,280.74000000000001,-0.0072491955161073651,-0.0074491955161073648,next_open
long,2020-05-04 16:00,283.56999999999999,2020-05-05 09:30,286.63999999999999,0.010826251013859034,0.010626251013859033,next_open
long,2020-05-05 16:00,286.19,2020-05-06 09:30,287.00999999999999,0.0028652293930604422,0.0026652293930604421,next_open
long,2020-05-06 16:00,284.25,2020-05-07 09:30,287.75,0.012313104661389573,0.012113104661389573,next_open
long,2020-05-07 16:00,287.68000000000001,2020-05-08 09:30,291.08999999999997,0.011853448275861878,0.011653448275861877,next_open
long,2020-05-08 16:00,292.44,2020-05-11 09:30,290.33999999999997,-0.0071809601969635706,-0.0073809601969635702,next_open
long,2020-05-11 16:00,292.5,2020-05-12 09:30,293.79000000000002,0.0044102564102563857,0.004210256410256386,next_open
long,2020-05-12 16:00,286.67000000000002,2020-05-13 09:30,286.06,-0.0021278822339275694,-0.0023278822339275695,next_open
long,2020-05-13 16:00,281.60000000000002,2020-05-14 09:30,278.94999999999999,-0.0094105113636364646,-0.0096105113636364651,next_open
long,2020-05-14 16:00,284.97000000000003,2020-05-15 09:30,282.37,-0.0091237674141138037,-0.0093237674141138042,next_open
long,2020-05-15 16:00,286.27999999999997,2020-05-18 09:30,293.05000000000001,0.023648176610311822,0.023448176610311823,next_open
long,2020-05-18 16:00,295,2020-05-19 09:30,294.35000000000002,-0.0022033898305083843,-0.0024033898305083844,next_open
long,2020-05-19 16:00,291.97000000000003,2020-05-20 09:30,295.81999999999999,0.013186286262287128,0.012986286262287127,next_open
long,2020-05-20 16:00,296.93000000000001,2020-05-21 09:30,296.79000000000002,-0.00047149159734616308,-0.00067149159734616307,next_open
long,2020-05-21 16:00,294.88,2020-05-22 09:30,294.56999999999999,-0.0010512750949538407,-0.0012512750949538408,next_open
long,2020-05-22 16:00,295.44,2020-05-26 09:30,301.93000000000001,0.021967235310045963,0.021767235310045964,next_open
long,2020-05-26 16:00,299.07999999999998,2020-05-27 09:30,302.12,0.010164504480406622,0.0099645044804066215,next_open
long,2020-05-27 16:00,303.52999999999997,2020-05-28 09:30,304.64999999999998,0.0036899153296214848,0.0034899153296214847,next_open
long,2020-05-28 16:00,302.97000000000003,2020-05-29 09:30,302.45999999999998,-0.0016833349836619105,-0.0018833349836619106,next_open
long,2020-05-29 16:00,304.31999999999999,2020-06-01 09:30,303.62,-0.0023002103049420963,-0.0025002103049420964,next_open
long,2020-06-01 16:00,305.55000000000001,2020-06-02 09:30,306.55000000000001,0.0032727867779414055,0.0030727867779414054,next_open
long,2020-06-02 16:00,308.07999999999998,2020-06-03 09:30,310.24000000000001,0.0070111659309270991,0.0068111659309270994,next_open
long,2020-06-03 16:00,312.18000000000001,2020-06-04 09:30,311.11000000000001,-0.0034275097700044999,-0.0036275097700044999,next_open
long,2020-06-04 16:00,311.36000000000001,2020-06-05 09:30,317.23000000000002,0.018852774922918814,0.018652774922918815,next_open
long,2020-06-05 16:00,319.33999999999997,2020-06-08 09:30,320.30000000000001,0.0030062002880943961,0.002806200288094396,next_open
long,2020-06-08 16:00,323.19999999999999,2020-06-09 09:30,320.30000000000001,-0.008972772277227703,-0.0091727722772277035,next_open
long,2020-06-09 16:00,320.79000000000002,2020-06-10 09:30,321.42000000000002,0.0019639016178807367,0.0017639016178807366,next_open
long,2020-06-10 16:00,319,2020-06-11 09:30,311.45999999999998,-0.023636363636363678,-0.023836363636363676,next_open
long,2020-06-11 16:00,300.61000000000001,2020-06-12 09:30,308.24000000000001,0.025381723828215907,0.025181723828215909,next_open
long,2020-06-12 16:00,304.20999999999998,2020-06-15 09:30,298.01999999999998,-0.020347786068834028,-0.020547786068834027,next_open
long,2020-06-15 16:00,307.05000000000001,2020-06-16 09:30,315.48000000000002,0.027454811919882749,0.02725481191988275,next_open
long,2020-06-16 16:00,312.95999999999998,2020-06-17 09:30,314.06999999999999,0.0035467791411043503,0.0033467791411043502,next_open
long,2020-06-17 16:00,311.66000000000003,2020-06-18 09:30,310.00999999999999,-0.0052942308926394732,-0.0054942308926394729,next_open
long,2020-06-18 16:00,311.77999999999997,2020-06-19 09:30,314.17000000000002,0.0076656616845212078,0.0074656616845212081,next_open
long,2020-06-19 16:00,308.63999999999999,2020-06-22 09:30,307.99000000000001,-0.0021060134784861573,-0.0023060134784861574,next_open
long,2020-06-22 16:00,310.62,2020-06-23 09:30,313.49000000000001,0.0092395853454381172,0.0090395853454381166,next_open
long,2020-06-23 16:00,312.05000000000001,2020-06-24 09:30,309.83999999999997,-0.0070821983656466081,-0.0072821983656466078,next_open
long,2020-06-24 16:00,304.08999999999997,2020-06-25 09:30,303.47000000000003,-0.002038870071360277,-0.0022388700713602771,next_open
long,2020-06-25 16:00,307.35000000000002,2020-06-26 09:30,306.16000000000003,-0.0038718073857165747,-0.0040718073857165743,next_open
long,2020-06-26 16:00,300.05000000000001,2020-06-29 09:30,301.41000000000003,0.0045325779036826663,0.0043325779036826667,next_open
long,2020-06-29 16:00,304.45999999999998,2020-06-30 09:30,303.99000000000001,-0.0015437167443997923,-0.0017437167443997924,next_open
long,2020-06-30 16:00,308.36000000000001,2020-07-01 09:30,309.56999999999999,0.0039239849526526704,0.0037239849526526704,next_open
long,2020-07-01 16:00,310.51999999999998,2020-07-02 09:30,314.24000000000001,0.011979904676027386,0.011779904676027386,next_open
long,2020-07-02 16:00,312.23000000000002,2020-07-06 09:30,316.37,0.013259456170130912,0.013059456170130912,next_open
long,2020-07-06 16:00,317.05000000000001,2020-07-07 09:30,315.38,-0.0052673079955843916,-0.0054673079955843912,next_open
long,2020-07-07 16:00,313.77999999999997,2020-07-08 09:30,314.61000000000001,0.0026451654025114735,0.0024451654025114734,next_open
long,2020-07-08 16:00,316.18000000000001,2020-07-09 09:30,316.83999999999997,0.0020874185590484817,0.0018874185590484816,next_open
long,2020-07-09 16:00,314.38,2020-07-10 09:30,314.31,-0.00022266047458485705,-0.00042266047458485703,next_open
long,2020-07-10 16:00,317.58999999999997,2020-07-13 09:30,320.13,0.0079977329260998431,0.0077977329260998434,next_open
long,2020-07-13 16:00,314.83999999999997,2020-07-14 09:30,313.30000000000001,-0.0048913733960105343,-0.005091373396010534,next_open
long,2020-07-14 16:00,318.92000000000002,2020-07-15 09:30,322.41000000000003,0.010943183243446564,0.010743183243446563,next_open
long,2020-07-15 16:00,321.85000000000002,2020-07-16 09:30,319.79000000000002,-0.0064004971259903343,-0.0066004971259903339,next_open
long,2020-07-16 16:00,320.79000000000002,2020-07-17 09:30,321.88,0.0033978615293492886,0.0031978615293492886,next_open
long,2020-07-17 16:00,321.72000000000003,2020-07-20 09:30,321.43000000000001,-0.0009014049484024067,-0.0011014049484024068,next_open
long,2020-07-20 16:00,324.31999999999999,2020-07-21 09:30,326.44999999999999,0.0065675875678341544,0.0063675875678341548,next_open
long,2020-07-21 16:00,325.00999999999999,2020-07-22 09:30,324.62,-0.0011999630780591408,-0.0013999630780591409,next_open
long,2020-07-22 16:00,326.86000000000001,2020-07-23 09:30,326.47000000000003,-0.0011931713883619466,-0.0013931713883619467,next_open
long,2020-07-23 16:00,322.95999999999998,2020-07-24 09:30,320.94999999999999,-0.0062236809512014046,-0.0064236809512014043,next_open
long,2020-07-24 16:00,320.88,2020-07-27 09:30,321.63,0.0023373223635003715,0.0021373223635003714,next_open
long,2020-07-27 16:00,323.22000000000003,2020-07-28 09:30,322.43000000000001,-0.0024441556834354783,-0.0026441556834354784,next_open
long,2020-07-28 16:00,321.17000000000002,2020-07-29 09:30,322.12,0.0029579350499735479,0.0027579350499735479,next_open
long,2020-07-29 16:00,325.12,2020-07-30 09:30,321.89999999999998,-0.0099040354330709457,-0.010104035433070946,next_open
long,2020-07-30 16:00,323.95999999999998,2020-07-31 09:30,325.86000000000001,0.0058649215952588651,0.0056649215952588655,next_open
long,2020-07-31 16:00,326.51999999999998,2020-08-03 09:30,328.31999999999999,0.0055126791620727644,0.0053126791620727648,next_open
long,2020-08-03 16:00,328.79000000000002,2020-08-04 09:30,327.86000000000001,-0.0028285531798412089,-0.003028553179841209,next_open
long,2020-08-04 16:00,330.06,2020-08-05 09:30,331.47000000000003,0.0042719505544446257,0.004071950554444626,next_open
long,2020-08-05 16:00,332.11000000000001,2020-08-06 09:30,331.48000000000002,-0.0018969618499894425,-0.0020969618499894426,next_open
long,2020-08-06 16:00,334.32999999999998,2020-08-07 09:30,333.27999999999997,-0.0031406095773637288,-0.0033406095773637289,next_open
long,2020-08-07 16:00,334.56999999999999,2020-08-10 09:30,335.06,0.001464566458439176,0.0012645664584391759,next_open
long,2020-08-10 16:00,335.56999999999999,2020-08-11 09:30,336.85000000000002,0.003814405340167637,0.0036144053401676369,next_open
long,2020-08-11 16:00,332.80000000000001,2020-08-12 09:30,335.44,0.007932692307692335,0.0077326923076923354,next_open
long,2020-08-12 16:00,337.44,2020-08-13 09:30,336.61000000000001,-0.002459696538643863,-0.002659696538643863,next_open
long,2020-08-13 16:00,336.82999999999998,2020-08-14 09:30,336.41000000000003,-0.0012469198111806357,-0.0014469198111806358,next_open
long,2020-08-14 16:00,336.83999999999997,2020-08-17 09:30,337.94,0.0032656454102839572,0.0030656454102839571,next_open
long,2020-08-17 16:00,337.91000000000003,2020-08-18 09:30,338.33999999999997,0.0012725281879788497,0.0010725281879788496,next_open
long,2020-08-18 16:00,338.63999999999999,2020-08-19 09:30,339.05000000000001,0.0012107252539570457,0.0010107252539570456,next_open
long,2020-08-19 16:00,337.23000000000002,2020-08-20 09:30,335.36000000000001,-0.0055451768822465386,-0.0057451768822465383,next_open
long,2020-08-20 16:00,338.27999999999997,2020-08-21 09:30,337.55000000000001,-0.0021579756414803475,-0.0023579756414803476,next_open
long,2020-08-21 16:00,339.48000000000002,2020-08-24 09:30,342.12,0.0077765995051255477,0.007576599505125548,next_open
long,2020-08-24 16:00,342.92000000000002,2020-08-25 09:30,343.52999999999997,0.0017788405458998291,0.001578840545899829,next_open
long,2020-08-25 16:00,344.12,2020-08-26 09:30,344.75999999999999,0.0018598163431360337,0.0016598163431360336,next_open
long,2020-08-26 16:00,347.56999999999999,2020-08-27 09:30,348.50999999999999,0.0027044911816325179,0.0025044911816325178,next_open
long,2020-08-27 16:00,348.32999999999998,2020-08-28 09:30,349.44,0.0031866333649126499,0.0029866333649126498,next_open
long,2020-08-28 16:00,350.57999999999998,2020-08-31 09:30,350.35000000000002,-0.00065605567916016128,-0.00085605567916016126,next_open
long,2020-08-31 16:00,349.31,2020-09-01 09:30,350.20999999999998,0.0025765079728607976,0.0023765079728607975,next_open
long,2020-09-01 16:00,352.60000000000002,2020-09-02 09:30,354.67000000000002,0.0058706749858195018,0.0056706749858195021,next_open
long,2020-09-02 16:00,357.69999999999999,2020-09-03 09:30,355.87,-0.0051160190103438641,-0.0053160190103438637,next_open
long,2020-09-03 16:00,345.38999999999999,2020-09-04 09:30,346.13,0.0021425055734098919,0.0019425055734098918,next_open
long,2020-09-04 16:00,342.56999999999999,2020-09-08 09:30,336.70999999999998,-0.017105992935750436,-0.017305992935750435,next_open
long,2020-09-08 16:00,333.20999999999998,2020-09-09 09:30,337.55000000000001,0.013024819183097947,0.012824819183097946,next_open
long,2020-09-09 16:00,339.79000000000002,2020-09-10 09:30,341.81999999999999,0.005974278230671759,0.0057742782306717593,next_open
long,2020-09-10 16:00,333.88999999999999,2020-09-11 09:30,335.81999999999999,0.0057803468208093012,0.0055803468208093015,next_open
long,2020-09-11 16:00,334.06,2020-09-14 09:30,337.49000000000001,0.010267616595821094,0.010067616595821094,next_open
long,2020-09-14 16:00,338.45999999999998,2020-09-15 09:30,341.12,0.0078591266323939646,0.0076591266323939649,next_open
long,2020-09-15 16:00,340.17000000000002,2020-09-16 09:30,341.50999999999999,0.0039392068671546543,0.0037392068671546542,next_open
long,2020-09-16 16:00,338.81999999999999,2020-09-17 09:30,333.56,-0.015524467268756226,-0.015724467268756225,next_open
long,2020-09-17 16:00,335.83999999999997,2020-09-18 09:30,335.37,-0.0013994759409241553,-0.0015994759409241554,next_open
long,2020-09-18 16:00,330.64999999999998,2020-09-21 09:30,325.69999999999999,-0.014970512626644505,-0.015170512626644506,next_open
long,2020-09-21 16:00,326.97000000000003,2020-09-22 09:30,328.56999999999999,0.0048934152980395496,0.0046934152980395499,next_open
long,2020-09-22 16:00,330.30000000000001,2020-09-23 09:30,330.89999999999998,0.0018165304268844551,0.001616530426884455,next_open
long,2020-09-23 16:00,322.63999999999999,2020-09-24 09:30,321.22000000000003,-0.0044011901810065979,-0.0046011901810065975,next_open
long,2020-09-24 16:00,323.5,2020-09-25 09:30,322.57999999999998,-0.0028438948995364033,-0.0030438948995364034,next_open
long,2020-09-25 16:00,328.73000000000002,2020-09-28 09:30,333.22000000000003,0.013658625619809683,0.013458625619809683,next_open
long,2020-09-28 16:00,334.19,2020-09-29 09:30,333.97000000000003,-0.00065830814805944993,-0.00085830814805944991,next_open
long,2020-09-29 16:00,332.37,2020-09-30 09:30,333.08999999999997,0.0021662604928240903,0.0019662604928240902,next_open
long,2020-09-30 16:00,334.88999999999999,2020-10-01 09:30,337.69,0.0083609543432172639,0.0081609543432172634,next_open
long,2020-10-01 16:00,337.04000000000002,2020-10-02 09:30,331.69999999999999,-0.015843816757655005,-0.016043816757655004,next_open
long,2020-10-02 16:00,333.83999999999997,2020-10-05 09:30,336.06,0.0066498921639108755,0.0064498921639108758,next_open
long,2020-10-05 16:00,339.75999999999999,2020-10-06 09:30,339.91000000000003,0.00044148810925359605,0.00024148810925359604,next_open
long,2020-10-06 16:00,334.93000000000001,2020-10-07 09:30,338.12,0.0095243782282865563,0.0093243782282865558,next_open
long,2020-10-07 16:00,340.75999999999999,2020-10-08 09:30,342.85000000000002,0.0061333489846226996,0.0059333489846227,next_open
long,2020-10-08 16:00,343.77999999999997,2020-10-09 09:30,345.56,0.0051777299435686874,0.0049777299435686878,next_open
long,2020-10-09 16:00,346.85000000000002,2020-10-12 09:30,349.58999999999997,0.0078996684445724608,0.0076996684445724611,next_open
long,2020-10-12 16:00,352.43000000000001,2020-10-13 09:30,352.27999999999997,-0.00042561643446936692,-0.0006256164344693669,next_open
long,2020-10-13 16:00,350.13,2020-10-14 09:30,350.75,0.0017707708565390945,0.0015707708565390944,next_open
long,2020-10-14 16:00,347.93000000000001,2020-10-15 09:30,343.70999999999998,-0.012128876498146202,-0.012328876498146202,next_open
long,2020-10-15 16:00,347.5,2020-10-16 09:30,348.95999999999998,0.0042014388489208798,0.0040014388489208802,next_open
long,2020-10-16 16:00,347.29000000000002,2020-10-19 09:30,348.64999999999998,0.0039160355898526511,0.003716035589852651,next_open
long,2020-10-19 16:00,342.00999999999999,2020-10-20 09:30,343.45999999999998,0.0042396421157275821,0.0040396421157275824,next_open
long,2020-10-20 16:00,343.38,2020-10-21 09:30,343.32999999999998,-0.00014561127613721414,-0.00034561127613721412,next_open
long,2020-10-21 16:00,342.73000000000002,2020-10-22 09:30,342.95999999999998,0.00067108219297984384,0.00047108219297984386,next_open
long,2020-10-22 16:00,344.61000000000001,2020-10-23 09:30,345.93000000000001,0.0038304169931226983,0.0036304169931226983,next_open
long,2020-10-23 16:00,345.77999999999997,2020-10-26 09:30,342.13,-0.010555844756781729,-0.01075584475678173,next_open
long,2020-10-26 16:00,339.38999999999999,2020-10-27 09:30,339.75999999999999,0.0010901912254339674,0.00089019122543396742,next_open
long,2020-10-27 16:00,338.22000000000003,2020-10-28 09:30,332.10000000000002,-0.018094731240021256,-0.018294731240021254,next_open
long,2020-10-28 16:00,326.66000000000003,2020-10-29 09:30,326.91000000000003,0.00076532174125998331,0.00056532174125998333,next_open
long,2020-10-29 16:00,329.98000000000002,2020-10-30 09:30,328.27999999999997,-0.0051518273834779693,-0.005351827383477969,next_open
long,2020-10-30 16:00,326.54000000000002,2020-11-02 09:30,330.19999999999999,0.011208427757701811,0.01100842775770181,next_open
long,2020-11-02 16:00,330.19999999999999,2020-11-03 09:30,333.69,0.010569351907934621,0.01036935190793462,next_open
long,2020-11-03 16:00,336.02999999999997,2020-11-04 09:30,340.86000000000001,0.014373716632443578,0.014173716632443578,next_open
long,2020-11-04 16:00,343.54000000000002,2020-11-05 09:30,349.24000000000001,0.016591954357571215,0.016391954357571216,next_open
long,2020-11-05 16:00,350.24000000000001,2020-11-06 09:30,349.93000000000001,-0.00088510735495661574,-0.0010851073549566158,next_open
long,2020-11-06 16:00,350.16000000000003,2020-11-09 09:30,363.97000000000003,0.039439113548092264,0.039239113548092265,next_open
long,2020-11-09 16:00,354.56,2020-11-10 09:30,353.49000000000001,-0.0030178249097472243,-0.0032178249097472244,next_open
long,2020-11-10 16:00,354.04000000000002,2020-11-11 09:30,356.39999999999998,0.0066659134561064537,0.006465913456106454,next_open
long,2020-11-11 16:00,356.67000000000002,2020-11-12 09:30,355.57999999999998,-0.0030560462051757442,-0.0032560462051757443,next_open
long,2020-11-12 16:00,353.20999999999998,2020-11-13 09:30,355.26999999999998,0.005832224455706303,0.0056322244557063033,next_open
long,2020-11-13 16:00,358.10000000000002,2020-11-16 09:30,360.98000000000002,0.008042446244065804,0.0078424462440658035,next_open
long,2020-11-16 16:00,362.56999999999999,2020-11-17 09:30,359.97000000000003,-0.0071710290426675316,-0.0073710290426675313,next_open
long,2020-11-17 16:00,360.62,2020-11-18 09:30,360.91000000000003,0.00080417059508630651,0.00060417059508630652,next_open
long,2020-11-18 16:00,356.27999999999997,2020-11-19 09:30,355.60000000000002,-0.0019086112046703407,-0.0021086112046703408,next_open
long,2020-11-19 16:00,357.77999999999997,2020-11-20 09:30,357.5,-0.00078260383475869943,-0.00098260383475869953,next_open
long,2020-11-20 16:00,355.32999999999998,2020-11-23 09:30,357.27999999999997,0.0054878563588776075,0.0052878563588776078,next_open
long,2020-11-23 16:00,357.45999999999998,2020-11-24 09:30,360.20999999999998,0.0076931684664018896,0.0074931684664018899,next_open
long,2020-11-24 16:00,363.22000000000003,2020-11-25 09:30,363.13,-0.00024778371235067986,-0.00044778371235067985,next_open
long,2020-11-25 16:00,362.66000000000003,2020-11-27 09:30,363.83999999999997,0.0032537362819167193,0.0030537362819167192,next_open
long,2020-11-27 13:00,363.67000000000002,2020-11-30 09:30,362.82999999999998,-0.0023097863447631983,-0.0025097863447631984,next_open
long,2020-11-30 16:00,362.06,2020-12-01 09:30,365.56999999999999,0.0096945257692095943,0.0094945257692095938,next_open
long,2020-12-01 16:00,366.01999999999998,2020-12-02 09:30,364.81999999999999,-0.0032785093710725466,-0.0034785093710725467,next_open
long,2020-12-02 16:00,366.79000000000002,2020-12-03 09:30,366.68000000000001,-0.00029989912483985304,-0.00049989912483985302,next_open
long,2020-12-03 16:00,366.69,2020-12-04 09:30,367.31999999999999,0.001718072486296407,0.0015180724862964069,next_open
long,2020-12-04 16:00,369.85000000000002,2020-12-07 09:30,369.01999999999998,-0.0022441530350143513,-0.0024441530350143514,next_open
long,2020-12-07 16:00,369.08999999999997,2020-12-08 09:30,367.72000000000003,-0.0037118318025411989,-0.0039118318025411986,next_open
long,2020-12-08 16:00,370.17000000000002,2020-12-09 09:30,370.88,0.0019180376583731729,0.0017180376583731728,next_open
long,2020-12-09 16:00,366.85000000000002,2020-12-10 09:30,365.37,-0.0040343464631321657,-0.0042343464631321654,next_open
long,2020-12-10 16:00,366.73000000000002,2020-12-11 09:30,364.89999999999998,-0.0049900471736701313,-0.0051900471736701309,next_open
long,2020-12-11 16:00,366.30000000000001,2020-12-14 09:30,368.63999999999999,0.0063882063882063633,0.0061882063882063637,next_open
long,2020-12-14 16:00,364.66000000000003,2020-12-15 09:30,367.39999999999998,0.0075138485164261137,0.0073138485164261141,next_open
long,2020-12-15 16:00,369.58999999999997,2020-12-16 09:30,369.81999999999999,0.00062231120971900644,0.00042231120971900646,next_open
long,2020-12-16 16:00,370.17000000000002,2020-12-17 09:30,371.94,0.0047815868384795124,0.0045815868384795127,next_open
long,2020-12-17 16:00,372.24000000000001,2020-12-18 09:30,370.97000000000003,-0.0034117773479475089,-0.003611777347947509,next_open
long,2020-12-18 16:00,369.18000000000001,2020-12-21 09:30,364.97000000000003,-0.011403651335391896,-0.011603651335391896,next_open
long,2020-12-21 16:00,367.86000000000001,2020-12-22 09:30,368.20999999999998,0.00095144892078491416,0.00075144892078491418,next_open
long,2020-12-22 16:00,367.24000000000001,2020-12-23 09:30,368.27999999999997,0.0028319355190065121,0.002631935519006512,next_open
long,2020-12-23 16:00,367.56999999999999,2020-12-24 09:30,368.07999999999998,0.001387490818075543,0.0011874908180755429,next_open
long,2020-12-24 13:00,369,2020-12-28 09:30,371.74000000000001,0.0074254742547426034,0.0072254742547426037,next_open
long,2020-12-28 16:00,372.17000000000002,2020-12-29 09:30,373.81,0.0044065883870274547,0.004206588387027455,next_open
long,2020-12-29 16:00,371.45999999999998,2020-12-30 09:30,372.33999999999997,0.0023690303128196533,0.0021690303128196532,next_open
long,2020-12-30 16:00,371.99000000000001,2020-12-31 09:30,371.77999999999997,-0.00056453130460509815,-0.00076453130460509813,next_open
long,2020-12-31 16:00,373.88,2021-01-04 09:30,375.31,0.0038247566063978056,0.0036247566063978055,next_open
long,2021-01-04 16:00,368.79000000000002,2021-01-05 09:30,368.10000000000002,-0.0018709834865370256,-0.0020709834865370257,next_open
long,2021-01-05 16:00,371.32999999999998,2021-01-06 09:30,369.70999999999998,-0.0043626962540058711,-0.0045626962540058708,next_open
long,2021-01-06 16:00,373.55000000000001,2021-01-07 09:30,376.10000000000002,0.0068263953955294276,0.006626395395529428,next_open
long,2021-01-07 16:00,379.10000000000002,2021-01-08 09:30,380.58999999999997,0.0039303613822210259,0.0037303613822210258,next_open
long,2021-01-08 16:00,381.25999999999999,2021-01-11 09:30,377.85000000000002,-0.0089440276976340272,-0.0091440276976340277,next_open
long,2021-01-11 16:00,378.69,2021-01-12 09:30,378.88999999999999,0.00052813647046390244,0.00032813647046390246,next_open
long,2021-01-12 16:00,378.76999999999998,2021-01-13 09:30,378.69,-0.00021120996911050405,-0.00041120996911050403,next_open
long,2021-01-13 16:00,379.79000000000002,2021-01-14 09:30,380.58999999999997,0.0021064272361039915,0.0019064272361039914,next_open
long,2021-01-14 16:00,378.45999999999998,2021-01-15 09:30,376.72000000000003,-0.0045975796649578848,-0.0047975796649578845,next_open
long,2021-01-15 16:00,375.69999999999999,2021-01-19 09:30,378.33999999999997,0.0070268831514506136,0.0068268831514506139,next_open
long,2021-01-19 16:00,378.64999999999998,2021-01-20 09:30,381.11000000000001,0.0064967648223954733,0.0062967648223954736,next_open
long,2021-01-20 16:00,383.88999999999999,2021-01-21 09:30,384.49000000000001,0.0015629477193987995,0.0013629477193987994,next_open
long,2021-01-21 16:00,384.24000000000001,2021-01-22 09:30,382.25,-0.005179054757443291,-0.0053790547574432907,next_open
long,2021-01-22 16:00,382.88,2021-01-25 09:30,383.67000000000002,0.0020633096531550432,0.0018633096531550431,next_open
long,2021-01-25 16:00,384.38999999999999,2021-01-26 09:30,385.41000000000003,0.0026535549832202854,0.0024535549832202853,next_open
long,2021-01-26 16:00,383.79000000000002,2021-01-27 09:30,380.22000000000003,-0.0093019620104745071,-0.0095019620104745076,next_open
long,2021-01-27 16:00,374.41000000000003,2021-01-28 09:30,376.36000000000001,0.0052081942255814972,0.0050081942255814976,next_open
long,2021-01-28 16:00,377.63,2021-01-29 09:30,375.63,-0.0052961893917325975,-0.0054961893917325972,next_open
long,2021-01-29 16:00,370.06999999999999,2021-02-01 09:30,373.72000000000003,0.0098629988921015155,0.009662998892101515,next_open
long,2021-02-01 16:00,376.23000000000002,2021-02-02 09:30,379.64999999999998,0.009090184195837514,0.0088901841958375135,next_open
long,2021-02-02 16:00,381.55000000000001,2021-02-03 09:30,382.43000000000001,0.0023063818634516675,0.0021063818634516674,next_open
long,2021-02-03 16:00,381.85000000000002,2021-02-04 09:30,382.95999999999998,0.0029069006154247568,0.0027069006154247567,next_open
long,2021-02-04 16:00,386.19,2021-02-05 09:30,388.19999999999999,0.0052046919909889411,0.0050046919909889414,next_open
long,2021-02-05 16:00,387.70999999999998,2021-02-08 09:30,389.26999999999998,0.004023625905960726,0.0038236259059607259,next_open
long,2021-02-08 16:00,390.50999999999999,2021-02-09 09:30,389.61000000000001,-0.0023046784973496104,-0.0025046784973496105,next_open
long,2021-02-09 16:00,390.25,2021-02-10 09:30,392.12,0.0047918001281230804,0.0045918001281230808,next_open
long,2021-02-10 16:00,390.07999999999998,2021-02-11 09:30,391.24000000000001,0.0029737489745693679,0.0027737489745693678,next_open
long,2021-02-11 16:00,390.70999999999998,2021-02-12 09:30,389.85000000000002,-0.0022011210360624034,-0.0024011210360624035,next_open
long,2021-02-12 16:00,392.63999999999999,2021-02-16 09:30,393.95999999999998,0.0033618581907091105,0.0031618581907091104,next_open
long,2021-02-16 16:00,392.30000000000001,2021-02-17 09:30,390.42000000000002,-0.0047922508284475862,-0.0049922508284475859,next_open
long,2021-02-17 16:00,392.38999999999999,2021-02-18 09:30,389.58999999999997,-0.007135757791992714,-0.0073357577919927136,next_open
long,2021-02-18 16:00,390.72000000000003,2021-02-19 09:30,392.06999999999999,0.0034551597051595273,0.0032551597051595272,next_open
long,2021-02-19 16:00,390.02999999999997,2021-02-22 09:30,387.06,-0.007614798861625971,-0.0078147988616259715,next_open
long,2021-02-22 16:00,387.02999999999997,2021-02-23 09:30,384.66000000000003,-0.0061235563134639515,-0.0063235563134639511,next_open
long,2021-02-23 16:00,387.5,2021-02-24 09:30,386.32999999999998,-0.0030193548387097424,-0.0032193548387097425,next_open
long,2021-02-24 16:00,391.76999999999998,2021-02-25 09:30,390.41000000000003,-0.0034714245603286731,-0.0036714245603286732,next_open
long,2021-02-25 16:00,382.32999999999998,2021-02-26 09:30,384.35000000000002,0.0052833939267127317,0.005083393926712732,next_open
long,2021-02-26 16:00,380.36000000000001,2021-03-01 09:30,385.58999999999997,0.013750131454411507,0.013550131454411507,next_open
long,2021-03-01 16:00,389.57999999999998,2021-03-02 09:30,389.81999999999999,0.00061604805174808597,0.00041604805174808598,next_open
long,2021-03-02 16:00,386.54000000000002,2021-03-03 09:30,385.79000000000002,-0.001940290784912313,-0.0021402907849123131,next_open
long,2021-03-03 16:00,381.42000000000002,2021-03-04 09:30,381.22000000000003,-0.00052435635257719326,-0.00072435635257719325,next_open
long,2021-03-04 16:00,376.69999999999999,2021-03-05 09:30,380.45999999999998,0.009981417573666107,0.0097814175736661065,next_open
long,2021-03-05 16:00,383.63,2021-03-08 09:30,384.66000000000003,0.0026848786591247009,0.0024848786591247008,next_open
long,2021-03-08 16:00,381.72000000000003,2021-03-09 09:30,385.85000000000002,0.010819448810646559,0.010619448810646559,next_open
long,2021-03-09 16:00,387.17000000000002,2021-03-10 09:30,389.69,0.0065087687579099551,0.0063087687579099555,next_open
long,2021-03-10 16:00,389.57999999999998,2021-03-11 09:30,392.23000000000002,0.0068021972380514217,0.0066021972380514221,next_open
long,2021-03-11 16:00,393.52999999999997,2021-03-12 09:30,392.06999999999999,-0.0037100094020785512,-0.0039100094020785509,next_open
long,2021-03-12 16:00,394.06,2021-03-15 09:30,394.32999999999998,0.00068517484647001581,0.00048517484647001583,next_open
long,2021-03-15 16:00,396.41000000000003,2021-03-16 09:30,397.06999999999999,0.0016649428621879903,0.0014649428621879902,next_open
long,2021-03-16 16:00,395.91000000000003,2021-03-17 09:30,394.52999999999997,-0.0034856406759112835,-0.0036856406759112836,next_open
long,2021-03-17 16:00,397.25999999999999,2021-03-18 09:30,394.48000000000002,-0.0069979358606453435,-0.0071979358606453431,next_open
long,2021-03-18 16:00,391.48000000000002,2021-03-19 09:30,389.88,-0.0040870542556452616,-0.0042870542556452612,next_open
long,2021-03-19 16:00,389.48000000000002,2021-03-22 09:30,390.02999999999997,0.0014121392626065266,0.0012121392626065265,next_open
long,2021-03-22 16:00,392.58999999999997,2021-03-23 09:30,391.91000000000003,-0.0017320869100078129,-0.001932086910007813,next_open
long,2021-03-23 16:00,389.5,2021-03-24 09:30,391,0.0038510911424902705,0.0036510911424902704,next_open
long,2021-03-24 16:00,387.51999999999998,2021-03-25 09:30,385.98000000000002,-0.0039739884393062974,-0.0041739884393062971,next_open
long,2021-03-25 16:00,389.69999999999999,2021-03-26 09:30,390.93000000000001,0.0031562740569668346,0.0029562740569668345,next_open
long,2021-03-26 16:00,395.98000000000002,2021-03-29 09:30,394.39999999999998,-0.0039901005101268261,-0.0041901005101268258,next_open
long,2021-03-29 16:00,395.77999999999997,2021-03-30 09:30,394.42000000000002,-0.0034362524634896641,-0.0036362524634896642,next_open
long,2021-03-30 16:00,394.73000000000002,2021-03-31 09:30,395.33999999999997,0.0015453601195754008,0.0013453601195754007,next_open
long,2021-03-31 16:00,396.32999999999998,2021-04-01 09:30,398.39999999999998,0.0052229202936946439,0.0050229202936946443,next_open
long,2021-04-01 16:00,400.61000000000001,2021-04-05 09:30,403.45999999999998,0.0071141509198471287,0.006914150919847129,next_open
long,2021-04-05 16:00,406.36000000000001,2021-04-06 09:30,405.75999999999999,-0.0014765232798504835,-0.0016765232798504836,next_open
long,2021-04-06 16:00,406.12,2021-04-07 09:30,405.94,-0.00044321875307795633,-0.00064321875307795631,next_open
long,2021-04-07 16:00,406.58999999999997,2021-04-08 09:30,407.93000000000001,0.0032957032883249582,0.0030957032883249581,next_open
long,2021-04-08 16:00,408.51999999999998,2021-04-09 09:30,408.38999999999999,-0.00031822187408203639,-0.00051822187408203638,next_open
long,2021-04-09 16:00,411.49000000000001,2021-04-12 09:30,410.85000000000002,-0.0015553233371405906,-0.0017553233371405907,next_open
long,2021-04-12 16:00,411.63999999999999,2021-04-13 09:30,411.52999999999997,-0.00026722378777577216,-0.00046722378777577214,next_open
long,2021-04-13 16:00,412.86000000000001,2021-04-14 09:30,412.82999999999998,-7.2663856997556842e-05,-0.00027266385699755682,next_open
long,2021-04-14 16:00,411.44999999999999,2021-04-15 09:30,413.74000000000001,0.0055656823429335311,0.0053656823429335315,next_open
long,2021-04-15 16:00,415.87,2021-04-16 09:30,417.25,0.0033183446750186807,0.0031183446750186806,next_open
long,2021-04-16 16:00,417.25999999999999,2021-04-19 09:30,416.25999999999999,-0.0023965872597421223,-0.0025965872597421224,next_open
long,2021-04-19 16:00,415.20999999999998,2021-04-20 09:30,413.91000000000003,-0.0031309457864694412,-0.0033309457864694413,next_open
long,2021-04-20 16:00,412.17000000000002,2021-04-21 09:30,411.50999999999999,-0.0016012810248199338,-0.0018012810248199339,next_open
long,2021-04-21 16:00,416.06999999999999,2021-04-22 09:30,415.88999999999999,-0.00043261951113993113,-0.00063261951113993112,next_open
long,2021-04-22 16:00,412.26999999999998,2021-04-23 09:30,412.87,0.0014553569262862887,0.0012553569262862886,next_open
long,2021-04-23 16:00,416.74000000000001,2021-04-26 09:30,417.44,0.0016797043720304661,0.001479704372030466,next_open
long,2021-04-26 16:00,417.61000000000001,2021-04-27 09:30,417.93000000000001,0.00076626517564237773,0.00056626517564237774,next_open
long,2021-04-27 16:00,417.51999999999998,2021-04-28 09:30,417.81,0.00069457750526935591,0.00049457750526935593,next_open
long,2021-04-28 16:00,417.39999999999998,2021-04-29 09:30,420.31999999999999,0.0069956875898418147,0.0067956875898418151,next_open
long,2021-04-29 16:00,420.06,2021-04-30 09:30,417.63,-0.0057848878731610043,-0.0059848878731610039,next_open
long,2021-04-30 16:00,417.30000000000001,2021-05-03 09:30,419.43000000000001,0.0051042415528397278,0.0049042415528397281,next_open
long,2021-05-03 16:00,418.19999999999999,2021-05-04 09:30,416.06999999999999,-0.005093256814921121,-0.0052932568149211207,next_open
long,2021-05-04 16:00,415.62,2021-05-05 09:30,417.38,0.0042346374091717376,0.0040346374091717379,next_open
long,2021-05-05 16:00,415.75,2021-05-06 09:30,415.82999999999998,0.00019242333132885037,-7.576668671149643e-06,next_open
long,2021-05-06 16:00,419.06999999999999,2021-05-07 09:30,419.88999999999999,0.001956713675519639,0.0017567136755196389,next_open
long,2021-05-07 16:00,422.12,2021-05-10 09:30,422.5,0.00090021794750305695,0.00070021794750305697,next_open
long,2021-05-10 16:00,417.94,2021-05-11 09:30,413.10000000000002,-0.011580609656888452,-0.011780609656888453,next_open
long,2021-05-11 16:00,414.20999999999998,2021-05-12 09:30,411.23000000000002,-0.0071944182902391463,-0.0073944182902391459,next_open
long,2021-05-12 16:00,405.41000000000003,2021-05-13 09:30,407.06999999999999,0.0040946202609704052,0.0038946202609704051,next_open
long,2021-05-13 16:00,410.27999999999997,2021-05-14 09:30,413.20999999999998,0.0071414643657989885,0.0069414643657989888,next_open
long,2021-05-14 16:00,416.57999999999998,2021-05-17 09:30,415.38999999999999,-0.0028565941715876786,-0.0030565941715876787,next_open
long,2021-05-17 16:00,415.51999999999998,2021-05-18 09:30,415.80000000000001,0.0006738544474393926,0.00047385444743939262,next_open
long,2021-05-18 16:00,411.94,2021-05-19 09:30,406.92000000000002,-0.012186240714667118,-0.012386240714667119,next_open
long,2021-05-19 16:00,410.86000000000001,2021-05-20 09:30,411.80000000000001,0.0022878839507374238,0.0020878839507374237,next_open
long,2021-05-20 16:00,415.27999999999997,2021-05-21 09:30,416.87,0.0038287420535543237,0.0036287420535543236,next_open
long,2021-05-21 16:00,414.94,2021-05-24 09:30,417.33999999999997,0.0057839687665686146,0.0055839687665686149,next_open
long,2021-05-24 16:00,419.17000000000002,2021-05-25 09:30,420.32999999999998,0.0027673736192952436,0.0025673736192952435,next_open
long,2021-05-25 16:00,418.24000000000001,2021-05-26 09:30,418.87,0.0015063121652638678,0.0013063121652638677,next_open
long,2021-05-26 16:00,419.06999999999999,2021-05-27 09:30,420.17000000000002,0.002624859808623814,0.0024248598086238139,next_open
long,2021-05-27 16:00,419.29000000000002,2021-05-28 09:30,420.97000000000003,0.0040067733549571383,0.0038067733549571382,next_open
long,2021-05-28 16:00,420.04000000000002,2021-06-01 09:30,422.56999999999999,0.0060232358822969179,0.0058232358822969182,next_open
long,2021-06-01 16:00,419.67000000000002,2021-06-02 09:30,420.37,0.0016679772201968479,0.0014679772201968478,next_open
long,2021-06-02 16:00,420.32999999999998,2021-06-03 09:30,417.85000000000002,-0.0059001260914043341,-0.0061001260914043337,next_open
long,2021-06-03 16:00,418.76999999999998,2021-06-04 09:30,420.75,0.0047281323877068626,0.004528132387706863,next_open
long,2021-06-04 16:00,422.60000000000002,2021-06-07 09:30,422.58999999999997,-2.3663038334231778e-05,-0.00022366303833423179,next_open
long,2021-06-07 16:00,422.19,2021-06-08 09:30,423.11000000000001,0.0021791136692010937,0.0019791136692010936,next_open
long,2021-06-08 16:00,422.27999999999997,2021-06-09 09:30,423.18000000000001,0.0021312872975278729,0.0019312872975278728,next_open
long,2021-06-09 16:00,421.64999999999998,2021-06-10 09:30,422.95999999999998,0.0031068421676745395,0.0029068421676745394,next_open
long,2021-06-10 16:00,423.61000000000001,2021-06-11 09:30,424.19999999999999,0.0013927905384669703,0.0011927905384669702,next_open
long,2021-06-11 16:00,424.31,2021-06-14 09:30,424.43000000000001,0.00028281209493052906,8.2812094930529047e-05,next_open
long,2021-06-14 16:00,425.25999999999999,2021-06-15 09:30,425.42000000000002,0.00037624041762684968,0.00017624041762684967,next_open
long,2021-06-15 16:00,424.48000000000002,2021-06-16 09:30,424.63,0.00035337353938924565,0.00015337353938924564,next_open
long,2021-06-16 16:00,422.11000000000001,2021-06-17 09:30,421.67000000000002,-0.0010423823174053881,-0.0012423823174053882,next_open
long,2021-06-17 16:00,421.97000000000003,2021-06-18 09:30,417.08999999999997,-0.011564803185060701,-0.011764803185060702,next_open
long,2021-06-18 16:00,414.92000000000002,2021-06-21 09:30,416.80000000000001,0.0045309939265401056,0.0043309939265401059,next_open
long,2021-06-21 16:00,420.86000000000001,2021-06-22 09:30,420.85000000000002,-2.3760870598299455e-05,-0.00022376087059829946,next_open
long,2021-06-22 16:00,423.11000000000001,2021-06-23 09:30,423.19,0.00018907612677554475,-1.0923873224455259e-05,next_open
long,2021-06-23 16:00,422.60000000000002,2021-06-24 09:30,424.88999999999999,0.0054188357785138752,0.0052188357785138756,next_open
long,2021-06-24 16:00,425.10000000000002,2021-06-25 09:30,425.89999999999998,0.0018819101387907988,0.0016819101387907987,next_open
long,2021-06-25 16:00,426.61000000000001,2021-06-28 09:30,427.17000000000002,0.0013126743395608376,0.0011126743395608375,next_open
long,2021-06-28 16:00,427.47000000000003,2021-06-29 09:30,427.88,0.00095913163496841314,0.00075913163496841316,next_open
long,2021-06-29 16:00,427.69999999999999,2021-06-30 09:30,427.20999999999998,-0.0011456628477904962,-0.0013456628477904963,next_open
long,2021-06-30 16:00,428.06,2021-07-01 09:30,428.87,0.001892258094659649,0.0016922580946596489,next_open
long,2021-07-01 16:00,430.43000000000001,2021-07-02 09:30,431.67000000000002,0.0028808400901423337,0.0026808400901423336,next_open
long,2021-07-02 16:00,433.72000000000003,2021-07-06 09:30,433.77999999999997,0.00013833809831220734,-6.1661901687792674e-05,next_open
long,2021-07-06 16:00,432.93000000000001,2021-07-07 09:30,433.66000000000003,0.0016861848335758545,0.0014861848335758544,next_open
long,2021-07-07 16:00,434.45999999999998,2021-07-08 09:30,428.77999999999997,-0.013073700685908962,-0.013273700685908963,next_open
long,2021-07-08 16:00,430.92000000000002,2021-07-09 09:30,432.52999999999997,0.0037361923326835189,0.0035361923326835188,next_open
long,2021-07-09 16:00,435.51999999999998,2021-07-12 09:30,435.43000000000001,-0.00020664952240989631,-0.0004066495224098963,next_open
long,2021-07-12 16:00,437.07999999999998,2021-07-13 09:30,436.24000000000001,-0.0019218449711723151,-0.0021218449711723152,next_open
long,2021-07-13 16:00,435.58999999999997,2021-07-14 09:30,437.39999999999998,0.0041552836382836578,0.0039552836382836581,next_open
long,2021-07-14 16:00,436.24000000000001,2021-07-15 09:30,434.81,-0.003278012103429373,-0.0034780121034293731,next_open
long,2021-07-15 16:00,434.75,2021-07-16 09:30,436.00999999999999,0.002898217366302358,0.002698217366302358,next_open
long,2021-07-16 16:00,431.33999999999997,2021-07-19 09:30,426.19,-0.011939537255992949,-0.01213953725599295,next_open
long,2021-07-19 16:00,424.97000000000003,2021-07-20 09:30,425.68000000000001,0.001670706167494096,0.0014707061674940959,next_open
long,2021-07-20 16:00,431.06,2021-07-21 09:30,432.33999999999997,0.0029694242100866131,0.002769424210086613,next_open
long,2021-07-21 16:00,434.55000000000001,2021-07-22 09:30,434.74000000000001,0.00043723392014727303,0.00023723392014727302,next_open
long,2021-07-22 16:00,435.45999999999998,2021-07-23 09:30,437.51999999999998,0.0047306296789602076,0.0045306296789602079,next_open
long,2021-07-23 16:00,439.94,2021-07-26 09:30,439.31,-0.0014320134563804432,-0.0016320134563804433,next_open
long,2021-07-26 16:00,441.01999999999998,2021-07-27 09:30,439.91000000000003,-0.0025168926579292039,-0.002716892657929204,next_open
long,2021-07-27 16:00,439.00999999999999,2021-07-28 09:30,439.68000000000001,0.0015261611352817006,0.0013261611352817005,next_open
long,2021-07-28 16:00,438.82999999999998,2021-07-29 09:30,439.815,0.0022446049723128247,0.0020446049723128247,next_open
long,2021-07-29 16:00,440.64999999999998,2021-07-30 09:30,437.91000000000003,-0.0062180869170542774,-0.0064180869170542771,next_open
long,2021-07-30 16:00,438.50999999999999,2021-08-02 09:30,440.33999999999997,0.0041732229595676795,0.0039732229595676799,next_open
long,2021-08-02 16:00,437.58999999999997,2021-08-03 09:30,438.44,0.0019424575515893938,0.0017424575515893937,next_open
long,2021-08-03 16:00,441.14999999999998,2021-08-04 09:30,439.77999999999997,-0.0031055196645132233,-0.0033055196645132233,next_open
long,2021-08-04 16:00,438.98000000000002,2021-08-05 09:30,440.22000000000003,0.0028247300560391153,0.0026247300560391152,next_open
long,2021-08-05 16:00,441.75999999999999,2021-08-06 09:30,442.10000000000002,0.00076964867801532222,0.00056964867801532224,next_open
long,2021-08-06 16:00,442.49000000000001,2021-08-09 09:30,442.45999999999998,-6.779814233093262e-05,-0.0002677981423309326,next_open
long,2021-08-09 16:00,442.13,2021-08-10 09:30,442.61000000000001,0.0010856535408139134,0.00088565354081391343,next_open
long,2021-08-10 16:00,442.68000000000001,2021-08-11 09:30,443.81999999999999,0.0025752236378422388,0.0023752236378422388,next_open
long,2021-08-11 16:00,443.77999999999997,2021-08-12 09:30,443.62,-0.00036053900581356491,-0.00056053900581356489,next_open
long,2021-08-12 16:00,445.11000000000001,2021-08-13 09:30,445.58999999999997,0.0010783851182851745,0.00087838511828517449,next_open
long,2021-08-13 16:00,445.92000000000002,2021-08-16 09:30,444.52999999999997,-0.0031171510584859785,-0.0033171510584859786,next_open
long,2021-08-16 16:00,446.97000000000003,2021-08-17 09:30,444.24000000000001,-0.0061077924692932717,-0.0063077924692932713,next_open
long,2021-08-17 16:00,444.04000000000002,2021-08-18 09:30,442.95999999999998,-0.0024322133141159163,-0.0026322133141159164,next_open
long,2021-08-18 16:00,439.18000000000001,2021-08-19 09:30,436.26999999999998,-0.0066259847898356705,-0.0068259847898356702,next_open
long,2021-08-19 16:00,439.86000000000001,2021-08-20 09:30,440.23000000000002,0.00084117673805295112,0.00064117673805295114,next_open
long,2021-08-20 16:00,443.36000000000001,2021-08-23 09:30,445.16000000000003,0.004059906171057337,0.0038599061710573369,next_open
long,2021-08-23 16:00,447.25999999999999,2021-08-24 09:30,447.97000000000003,0.0015874435451415092,0.0013874435451415091,next_open
long,2021-08-24 16:00,447.97000000000003,2021-08-25 09:30,448.17000000000002,0.0004464584682009054,0.00024645846820090542,next_open
long,2021-08-25 16:00,448.91000000000003,2021-08-26 09:30,448.61000000000001,-0.00066828540241925527,-0.00086828540241925525,next_open
long,2021-08-26 16:00,446.25999999999999,2021-08-27 09:30,447.12,0.0019271276834131879,0.0017271276834131878,next_open
long,2021-08-27 16:00,450.25,2021-08-30 09:30,450.97000000000003,0.001599111604664083,0.0013991116046640829,next_open
long,2021-08-30 16:00,452.23000000000002,2021-08-31 09:30,452.13,-0.00022112641797322752,-0.0004211264179732275,next_open
long,2021-08-31 16:00,451.56,2021-09-01 09:30,452.56,0.0022145451324298016,0.0020145451324298015,next_open
long,2021-09-01 16:00,451.80000000000001,2021-09-02 09:30,453.31999999999999,0.0033643204957944928,0.0031643204957944927,next_open
long,2021-09-02 16:00,453.19,2021-09-03 09:30,451.98000000000002,-0.0026699618261656344,-0.0028699618261656345,next_open
long,2021-09-03 16:00,453.07999999999998,2021-09-07 09:30,452.70999999999998,-0.00081663282422528294,-0.001016632824225283,next_open
long,2021-09-07 16:00,451.45999999999998,2021-09-08 09:30,450.88999999999999,-0.0012625703273823063,-0.0014625703273823064,next_open
long,2021-09-08 16:00,450.91000000000003,2021-09-09 09:30,450.69999999999999,-0.00046572486749030251,-0.00066572486749030249,next_open
long,2021-09-09 16:00,448.98000000000002,2021-09-10 09:30,451.04000000000002,0.0045881776471112801,0.0043881776471112804,next_open
long,2021-09-10 16:00,445.44,2021-09-13 09:30,448.63999999999999,0.0071839080459770166,0.0069839080459770169,next_open
long,2021-09-13 16:00,446.57999999999998,2021-09-14 09:30,448.12,0.003448430292444904,0.0032484302924449039,next_open
long,2021-09-14 16:00,444.17000000000002,2021-09-15 09:30,444.62,0.0010131256050611714,0.00081312560506117146,next_open
long,2021-09-15 16:00,447.88,2021-09-16 09:30,447.31999999999999,-0.0012503349111369078,-0.0014503349111369078,next_open
long,2021-09-16 16:00,447.17000000000002,2021-09-17 09:30,444.92000000000002,-0.005031643446563927,-0.0052316434465639267,next_open
long,2021-09-17 16:00,441.39999999999998,2021-09-20 09:30,434.88,-0.014771182600815558,-0.014971182600815558,next_open
long,2021-09-20 16:00,434.04000000000002,2021-09-21 09:30,436.52999999999997,0.0057367984517555648,0.0055367984517555651,next_open
long,2021-09-21 16:00,433.63,2021-09-22 09:30,436.05000000000001,0.0055807946867145741,0.0053807946867145745,next_open
long,2021-09-22 16:00,437.86000000000001,2021-09-23 09:30,439.85000000000002,0.0045448316813594403,0.0043448316813594406,next_open
long,2021-09-23 16:00,443.18000000000001,2021-09-24 09:30,441.44,-0.0039261699535177996,-0.0041261699535177993,next_open
long,2021-09-24 16:00,443.91000000000003,2021-09-27 09:30,442.81,-0.0024779797706743212,-0.0026779797706743213,next_open
long,2021-09-27 16:00,442.63999999999999,2021-09-28 09:30,439.69,-0.0066645581059099346,-0.0068645581059099342,next_open
long,2021-09-28 16:00,433.72000000000003,2021-09-29 09:30,435.19,0.003389283408650634,0.003189283408650634,next_open
long,2021-09-29 16:00,434.44999999999999,2021-09-30 09:30,436.01999999999998,0.0036137645298652821,0.003413764529865282,next_open
long,2021-09-30 16:00,429.13999999999999,2021-10-01 09:30,430.98000000000002,0.0042876450575570768,0.0040876450575570772,next_open
long,2021-10-01 16:00,434.24000000000001,2021-10-04 09:30,433,-0.0028555637435520032,-0.0030555637435520032,next_open
long,2021-10-04 16:00,428.63999999999999,2021-10-05 09:30,430.24000000000001,0.0037327360955581312,0.0035327360955581311,next_open
long,2021-10-05 16:00,433.10000000000002,2021-10-06 09:30,429.26999999999998,-0.0088432232740707217,-0.0090432232740707223,next_open
long,2021-10-06 16:00,434.89999999999998,2021-10-07 09:30,438.38999999999999,0.0080248332950103585,0.0078248332950103579,next_open
long,2021-10-07 16:00,438.66000000000003,2021-10-08 09:30,439.48000000000002,0.001869329321114277,0.0016693293211142769,next_open
long,2021-10-08 16:00,437.86000000000001,2021-10-11 09:30,437.16000000000003,-0.0015986845110308456,-0.0017986845110308457,next_open
long,2021-10-11 16:00,434.69,2021-10-12 09:30,435.67000000000002,0.0022544802042836487,0.0020544802042836486,next_open
long,2021-10-12 16:00,433.62,2021-10-13 09:30,434.70999999999998,0.0025137216918038607,0.0023137216918038606,next_open
long,2021-10-13 16:00,435.18000000000001,2021-10-14 09:30,439.07999999999998,0.0089618089066592077,0.0087618089066592072,next_open
long,2021-10-14 16:00,442.5,2021-10-15 09:30,444.75,0.0050847457627118953,0.0048847457627118956,next_open
long,2021-10-15 16:00,445.87,2021-10-18 09:30,443.97000000000003,-0.0042613317783209981,-0.0044613317783209977,next_open
long,2021-10-18 16:00,447.19,2021-10-19 09:30,448.92000000000002,0.0038686017129185846,0.0036686017129185845,next_open
long,2021-10-19 16:00,450.63999999999999,2021-10-20 09:30,451.13,0.0010873424462987114,0.00088734244629871137,next_open
long,2021-10-20 16:00,452.41000000000003,2021-10-21 09:30,451.76999999999998,-0.0014146460069407452,-0.0016146460069407453,next_open
long,2021-10-21 16:00,453.58999999999997,2021-10-22 09:30,453.13,-0.0010141317048435461,-0.0012141317048435462,next_open
long,2021-10-22 16:00,453.12,2021-10-25 09:30,454.27999999999997,0.0025600282485875869,0.0023600282485875868,next_open
long,2021-10-25 16:00,455.55000000000001,2021-10-26 09:30,457.19999999999999,0.0036219953901877044,0.0034219953901877044,next_open
long,2021-10-26 16:00,455.95999999999998,2021-10-27 09:30,456.44999999999999,0.0010746556715501843,0.00087465567155018428,next_open
long,2021-10-27 16:00,453.94,2021-10-28 09:30,455.45999999999998,0.0033484601489182086,0.0031484601489182086,next_open
long,2021-10-28 16:00,458.31999999999999,2021-10-29 09:30,455.87,-0.0053456100541106055,-0.0055456100541106052,next_open
long,2021-10-29 16:00,459.25,2021-11-01 09:30,460.30000000000001,0.0022863364180729651,0.002086336418072965,next_open
long,2021-11-01 16:00,460.04000000000002,2021-11-02 09:30,460.22000000000003,0.00039127032431962583,0.00019127032431962582,next_open
long,2021-11-02 16:00,461.89999999999998,2021-11-03 09:30,461.30000000000001,-0.0012989824637367198,-0.0014989824637367199,next_open
long,2021-11-03 16:00,464.72000000000003,2021-11-04 09:30,465.36000000000001,0.0013771733516956264,0.0011771733516956263,next_open
long,2021-11-04 16:00,466.91000000000003,2021-11-05 09:30,469.27999999999997,0.0050759246964082738,0.0048759246964082742,next_open
long,2021-11-05 16:00,468.52999999999997,2021-11-08 09:30,469.69999999999999,0.0024971720060615876,0.0022971720060615875,next_open
long,2021-11-08 16:00,468.93000000000001,2021-11-09 09:30,469.31999999999999,0.00083168063463623376,0.00063168063463623378,next_open
long,2021-11-09 16:00,467.38,2021-11-10 09:30,465.57999999999998,-0.0038512559373529154,-0.004051255937352915,next_open
long,2021-11-10 16:00,463.62,2021-11-11 09:30,465.20999999999998,0.0034295328070401698,0.0032295328070401697,next_open
long,2021-11-11 16:00,463.76999999999998,2021-11-12 09:30,465.12,0.0029109256743644618,0.0027109256743644617,next_open
long,2021-11-12 16:00,467.26999999999998,2021-11-15 09:30,468.63999999999999,0.0029319237271812071,0.002731923727181207,next_open
long,2021-11-15 16:00,467.43000000000001,2021-11-16 09:30,467.14999999999998,-0.00059902017414381614,-0.00079902017414381612,next_open
long,2021-11-16 16:00,469.27999999999997,2021-11-17 09:30,469,-0.0005966587112171684,-0.00079665871121716839,next_open
long,2021-11-17 16:00,468.13999999999999,2021-11-18 09:30,469.24000000000001,0.0023497244414065754,0.0021497244414065753,next_open
long,2021-11-18 16:00,469.73000000000002,2021-11-19 09:30,469.61000000000001,-0.00025546590594593965,-0.00045546590594593964,next_open
long,2021-11-19 16:00,468.88999999999999,2021-11-22 09:30,470.88999999999999,0.0042653927360360999,0.0040653927360361003,next_open
long,2021-11-22 16:00,467.56999999999999,2021-11-23 09:30,467.22000000000003,-0.00074855101909865329,-0.00094855101909865327,next_open
long,2021-11-23 16:00,468.19,2021-11-24 09:30,466.06,-0.0045494350584164289,-0.0047494350584164286,next_open
long,2021-11-24 16:00,469.44,2021-11-26 09:30,462.33999999999997,-0.015124403544648946,-0.015324403544648946,next_open
long,2021-11-26 13:00,458.97000000000003,2021-11-29 09:30,464.06999999999999,0.011111837374991662,0.010911837374991662,next_open
long,2021-11-29 16:00,464.60000000000002,2021-11-30 09:30,462,-0.0055962117950926205,-0.0057962117950926201,next_open
long,2021-11-30 16:00,455.56,2021-12-01 09:30,461.63999999999999,0.013346211256475504,0.013146211256475504,next_open
long,2021-12-01 16:00,450.5,2021-12-02 09:30,450.73000000000002,0.0005105438401775686,0.00031054384017756862,next_open
long,2021-12-02 16:00,457.39999999999998,2021-12-03 09:30,459.17000000000002,0.0038696982947092895,0.0036696982947092894,next_open
long,2021-12-03 16:00,453.42000000000002,2021-12-06 09:30,456.13,0.0059767985532177548,0.0057767985532177551,next_open
long,2021-12-06 16:00,458.79000000000002,2021-12-07 09:30,464.41000000000003,0.012249613112753188,0.012049613112753188,next_open
long,2021-12-07 16:00,468.27999999999997,2021-12-08 09:30,468.69999999999999,0.00089689929102254595,0.00069689929102254597,next_open
long,2021-12-08 16:00,469.51999999999998,2021-12-09 09:30,468.14999999999998,-0.0029178735730107652,-0.0031178735730107653,next_open
long,2021-12-09 16:00,466.35000000000002,2021-12-10 09:30,469.23000000000002,0.006175619170151192,0.0059756191701511923,next_open
long,2021-12-10 16:00,470.74000000000001,2021-12-13 09:30,470.19,-0.0011683731996431357,-0.0013683731996431358,next_open
long,2021-12-13 16:00,466.56999999999999,2021-12-14 09:30,463.08999999999997,-0.0074586878710590776,-0.0076586878710590773,next_open
long,2021-12-14 16:00,463.36000000000001,2021-12-15 09:30,463.42000000000002,0.00012948895027631302,-7.051104972368699e-05,next_open
long,2021-12-15 16:00,470.60000000000002,2021-12-16 09:30,472.56999999999999,0.004186145346366299,0.0039861453463662993,next_open
long,2021-12-16 16:00,466.44999999999999,2021-12-17 09:30,461.55000000000001,-0.010504877264444157,-0.010704877264444157,next_open
long,2021-12-17 16:00,459.87,2021-12-20 09:30,454.48000000000002,-0.011720703677126076,-0.011920703677126077,next_open
long,2021-12-20 16:00,454.98000000000002,2021-12-21 09:30,458.61000000000001,0.0079783726757221007,0.0077783726757221011,next_open
long,2021-12-21 16:00,463.06,2021-12-22 09:30,462.79000000000002,-0.00058307778689581369,-0.00078307778689581367,next_open
long,2021-12-22 16:00,467.69,2021-12-23 09:30,468.75,0.0022664585516047886,0.0020664585516047885,next_open
long,2021-12-23 16:00,470.60000000000002,2021-12-27 09:30,472.06,0.0031024224394389233,0.0029024224394389232,next_open
long,2021-12-27 16:00,477.25999999999999,2021-12-28 09:30,477.72000000000003,0.00096383522608234351,0.00076383522608234353,next_open
long,2021-12-28 16:00,476.87,2021-12-29 09:30,476.98000000000002,0.0002306708327217688,3.0670832721768794e-05,next_open
long,2021-12-29 16:00,477.48000000000002,2021-12-30 09:30,477.93000000000001,0.00094244785121877506,0.00074244785121877507,next_open
long,2021-12-30 16:00,476.16000000000003,2021-12-31 09:30,475.63999999999999,-0.0010920698924732353,-0.0012920698924732354,next_open
long,2021-12-31 16:00,474.95999999999998,2022-01-03 09:30,476.30000000000001,0.0028212902139128637,0.0026212902139128636,next_open
long,2022-01-03 16:00,477.70999999999998,2022-01-04 09:30,479.22000000000003,0.0031609135249419662,0.0029609135249419661,next_open
long,2022-01-04 16:00,477.55000000000001,2022-01-05 09:30,477.16000000000003,-0.0008166684116845957,-0.0010166684116845958,next_open
long,2022-01-05 16:00,468.38,2022-01-06 09:30,467.88999999999999,-0.001046159101584232,-0.0012461591015842321,next_open
long,2022-01-06 16:00,467.94,2022-01-07 09:30,467.94999999999999,2.137026114468199e-05,-0.00017862973885531802,next_open
long,2022-01-07 16:00,466.08999999999997,2022-01-10 09:30,462.69999999999999,-0.007273273402132574,-0.0074732734021325737,next_open
long,2022-01-10 16:00,465.50999999999999,2022-01-11 09:30,465.23000000000002,-0.00060149083800553615,-0.00080149083800553614,next_open
long,2022-01-11 16:00,469.75,2022-01-12 09:30,471.58999999999997,0.003916977115486997,0.0037169771154869969,next_open
long,2022-01-12 16:00,471.01999999999998,2022-01-13 09:30,472.19,0.0024839709566473189,0.0022839709566473188,next_open
long,2022-01-13 16:00,464.52999999999997,2022-01-14 09:30,461.19,-0.0071900630745053151,-0.0073900630745053148,next_open
long,2022-01-14 16:00,464.72000000000003,2022-01-18 09:30,459.74000000000001,-0.010716130142881752,-0.010916130142881753,next_open
long,2022-01-18 16:00,456.49000000000001,2022-01-19 09:30,458.13,0.0035926307257552192,0.0033926307257552192,next_open
long,2022-01-19 16:00,451.75,2022-01-20 09:30,453.75,0.0044272274488101893,0.0042272274488101896,next_open
long,2022-01-20 16:00,446.75,2022-01-21 09:30,445.56,-0.0026636821488528195,-0.0028636821488528196,next_open
long,2022-01-21 16:00,437.98000000000002,2022-01-24 09:30,432.02999999999997,-0.013585095209826981,-0.013785095209826981,next_open
long,2022-01-24 16:00,439.83999999999997,2022-01-25 09:30,433.06,-0.015414696253182925,-0.015614696253182925,next_open
long,2022-01-25 16:00,434.47000000000003,2022-01-26 09:30,440.72000000000003,0.014385343061661393,0.014185343061661393,next_open
long,2022-01-26 16:00,433.38,2022-01-27 09:30,438.25999999999999,0.011260325811066396,0.011060325811066396,next_open
long,2022-01-27 16:00,431.24000000000001,2022-01-28 09:30,432.68000000000001,0.0033392078656895308,0.0031392078656895307,next_open
long,2022-01-28 16:00,441.94999999999999,2022-01-31 09:30,441.24000000000001,-0.0016065165742730203,-0.0018065165742730204,next_open
long,2022-01-31 16:00,449.91000000000003,2022-02-01 09:30,450.68000000000001,0.0017114534017914629,0.0015114534017914628,next_open
long,2022-02-01 16:00,452.94999999999999,2022-02-02 09:30,455.5,0.0056297604592119299,0.0054297604592119303,next_open
long,2022-02-02 16:00,457.35000000000002,2022-02-03 09:30,450.94999999999999,-0.013993659123209823,-0.014193659123209823,next_open
long,2022-02-03 16:00,446.60000000000002,2022-02-04 09:30,446.35000000000002,-0.00055978504254361461,-0.00075978504254361459,next_open
long,2022-02-04 16:00,448.69999999999999,2022-02-07 09:30,449.50999999999999,0.0018052150657454913,0.0016052150657454912,next_open
long,2022-02-07 16:00,447.25999999999999,2022-02-08 09:30,446.73000000000002,-0.0011849930689084021,-0.0013849930689084021,next_open
long,2022-02-08 16:00,450.94,2022-02-09 09:30,455.22000000000003,0.0094912848716015574,0.0092912848716015569,next_open
long,2022-02-09 16:00,457.54000000000002,2022-02-10 09:30,451.33999999999997,-0.013550727805219265,-0.013750727805219265,next_open
long,2022-02-10 16:00,449.31999999999999,2022-02-11 09:30,449.41000000000003,0.00020030267960491344,3.0267960491342657e-07,next_open
long,2022-02-11 16:00,440.45999999999998,2022-02-14 09:30,439.92000000000002,-0.00122599100939913,-0.0014259910093991301,next_open
long,2022-02-14 16:00,439.01999999999998,2022-02-15 09:30,443.73000000000002,0.010728440617739698,0.010528440617739698,next_open
long,2022-02-15 16:00,446.10000000000002,2022-02-16 09:30,443.93000000000001,-0.0048643801838152978,-0.0050643801838152975,next_open
long,2022-02-16 16:00,446.60000000000002,2022-02-17 09:30,443.22000000000003,-0.0075682937751903046,-0.0077682937751903042,next_open
long,2022-02-17 16:00,437.06,2022-02-18 09:30,437.32999999999998,0.00061776415137515528,0.0004177641513751553,next_open
long,2022-02-18 16:00,434.23000000000002,2022-02-22 09:30,431.88999999999999,-0.0053888492273680422,-0.0055888492273680418,next_open
long,2022-02-22 16:00,429.56999999999999,2022-02-23 09:30,432.66000000000003,0.0071932397513794211,0.0069932397513794214,next_open
long,2022-02-23 16:00,421.94999999999999,2022-02-24 09:30,411.01999999999998,-0.02590354307382392,-0.026103543073823919,next_open
long,2022-02-24 16:00,428.30000000000001,2022-02-25 09:30,429.61000000000001,0.0030586037823954193,0.0028586037823954192,next_open
long,2022-02-25 16:00,437.75,2022-02-28 09:30,432.02999999999997,-0.013066818960594029,-0.013266818960594029,next_open
long,2022-02-28 16:00,436.63,2022-03-01 09:30,435.04000000000002,-0.0036415271511347491,-0.0038415271511347492,next_open
long,2022-03-01 16:00,429.98000000000002,2022-03-02 09:30,432.37,0.0055583980650262266,0.0053583980650262269,next_open
long,2022-03-02 16:00,437.88999999999999,2022-03-03 09:30,440.47000000000003,0.0058918906574711993,0.0056918906574711997,next_open
long,2022-03-03 16:00,435.70999999999998,2022-03-04 09:30,431.75,-0.0090886139863670667,-0.0092886139863670673,next_open
long,2022-03-04 16:00,432.17000000000002,2022-03-07 09:30,431.55000000000001,-0.0014346206353981206,-0.0016346206353981207,next_open
long,2022-03-07 16:00,419.43000000000001,2022-03-08 09:30,419.62,0.00045299573230339618,0.0002529957323033962,next_open
long,2022-03-08 16:00,416.25,2022-03-09 09:30,425.13999999999999,0.021357357357357332,0.021157357357357333,next_open
long,2022-03-09 16:00,427.41000000000003,2022-03-10 09:30,422.51999999999998,-0.011441005123885795,-0.011641005123885795,next_open
long,2022-03-10 16:00,425.48000000000002,2022-03-11 09:30,428.12,0.0062047569803516112,0.0060047569803516115,next_open
long,2022-03-11 16:00,420.06999999999999,2022-03-14 09:30,420.88999999999999,0.0019520556097794017,0.0017520556097794016,next_open
long,2022-03-14 16:00,417,2022-03-15 09:30,419.76999999999998,0.0066426858513188858,0.0064426858513188861,next_open
long,2022-03-15 16:00,426.17000000000002,2022-03-16 09:30,429.88999999999999,0.0087289109979584723,0.0085289109979584717,next_open
long,2022-03-16 16:00,435.62,2022-03-17 09:30,433.58999999999997,-0.0046600247922501392,-0.0048600247922501389,next_open
long,2022-03-17 16:00,441.06999999999999,2022-03-18 09:30,438,-0.0069603464302717688,-0.0071603464302717685,next_open
long,2022-03-18 16:00,444.51999999999998,2022-03-21 09:30,444.33999999999997,-0.000404931161702482,-0.00060493116170248198,next_open
long,2022-03-21 16:00,444.38999999999999,2022-03-22 09:30,445.86000000000001,0.0033079052183893065,0.0031079052183893064,next_open
long,2022-03-22 16:00,449.58999999999997,2022-03-23 09:30,446.91000000000003,-0.0059609866767498243,-0.006160986676749824,next_open
long,2022-03-23 16:00,443.80000000000001,2022-03-24 09:30,445.94,0.0048219918882379531,0.0046219918882379534,next_open
long,2022-03-24 16:00,450.49000000000001,2022-03-25 09:30,451.16000000000003,0.0014872694177452406,0.0012872694177452405,next_open
long,2022-03-25 16:00,452.69,2022-03-28 09:30,452.06,-0.0013916808411937875,-0.0015916808411937876,next_open
long,2022-03-28 16:00,455.91000000000003,2022-03-29 09:30,460.01999999999998,0.0090149371586496496,0.0088149371586496491,next_open
long,2022-03-29 16:00,461.55000000000001,2022-03-30 09:30,460.33999999999997,-0.0026216011266385619,-0.002821601126638562,next_open
long,2022-03-30 16:00,458.69999999999999,2022-03-31 09:30,457.88999999999999,-0.0017658600392412849,-0.001965860039241285,next_open
long,2022-03-31 16:00,451.63999999999999,2022-04-01 09:30,453.31,0.0036976352847399863,0.0034976352847399862,next_open
long,2022-04-01 16:00,452.92000000000002,2022-04-04 09:30,453.13,0.0004636580411552238,0.00026365804115522382,next_open
long,2022-04-04 16:00,456.80000000000001,2022-04-05 09:30,455.22000000000003,-0.0034588441330998254,-0.0036588441330998255,next_open
long,2022-04-05 16:00,451.02999999999997,2022-04-06 09:30,446.88999999999999,-0.0091789903110657267,-0.0093789903110657272,next_open
long,2022-04-06 16:00,446.51999999999998,2022-04-07 09:30,445.58999999999997,-0.0020827734479978988,-0.0022827734479978989,next_open
long,2022-04-07 16:00,448.76999999999998,2022-04-08 09:30,447.97000000000003,-0.0017826503554158046,-0.0019826503554158047,next_open
long,2022-04-08 16:00,447.56999999999999,2022-04-11 09:30,444.11000000000001,-0.0077306343141854139,-0.0079306343141854144,next_open
long,2022-04-11 16:00,439.92000000000002,2022-04-12 09:30,443.07999999999998,0.0071831242044007038,0.0069831242044007041,next_open
long,2022-04-12 16:00,438.29000000000002,2022-04-13 09:30,438.02999999999997,-0.00059321453831950866,-0.00079321453831950864,next_open
long,2022-04-13 16:00,443.31,2022-04-14 09:30,443.55000000000001,0.00054138187724173115,0.00034138187724173116,next_open
long,2022-04-14 16:00,437.79000000000002,2022-04-18 09:30,436.81,-0.0022385161835584144,-0.0024385161835584145,next_open
long,2022-04-18 16:00,437.97000000000003,2022-04-19 09:30,437.86000000000001,-0.00025115875516590336,-0.00045115875516590334,next_open
long,2022-04-19 16:00,445.04000000000002,2022-04-20 09:30,446.92000000000002,0.0042243393852237077,0.004024339385223708,next_open
long,2022-04-20 16:00,444.70999999999998,2022-04-21 09:30,448.54000000000002,0.0086123541184144337,0.0084123541184144331,next_open
long,2022-04-21 16:00,438.06,2022-04-22 09:30,436.91000000000003,-0.0026252111582887316,-0.0028252111582887317,next_open
long,2022-04-22 16:00,426.04000000000002,2022-04-25 09:30,423.67000000000002,-0.0055628579476105777,-0.0057628579476105774,next_open
long,2022-04-25 16:00,428.50999999999999,2022-04-26 09:30,425.82999999999998,-0.0062542297729341056,-0.0064542297729341053,next_open
long,2022-04-26 16:00,416.10000000000002,2022-04-27 09:30,417.24000000000001,0.002739726027397138,0.0025397260273971379,next_open
long,2022-04-27 16:00,417.26999999999998,2022-04-28 09:30,422.29000000000002,0.012030579720564649,0.011830579720564649,next_open
long,2022-04-28 16:00,427.81,2022-04-29 09:30,423.58999999999997,-0.0098641920478718115,-0.010064192047871812,next_open
long,2022-04-29 16:00,412,2022-05-02 09:30,412.06999999999999,0.00016990291262142243,-3.0097087378577579e-05,next_open
long,2022-05-02 16:00,414.48000000000002,2022-05-03 09:30,415.00999999999999,0.0012787106736149578,0.0010787106736149577,next_open
long,2022-05-03 16:00,416.38,2022-05-04 09:30,417.07999999999998,0.0016811566357652907,0.0014811566357652906,next_open
long,2022-05-04 16:00,429.06,2022-05-05 09:30,424.55000000000001,-0.010511350393884289,-0.010711350393884289,next_open
long,2022-05-05 16:00,413.81,2022-05-06 09:30,411.10000000000002,-0.0065488992532803936,-0.0067488992532803932,next_open
long,2022-05-06 16:00,411.33999999999997,2022-05-09 09:30,405.10000000000002,-0.01516993241600606,-0.015369932416006061,next_open
long,2022-05-09 16:00,398.17000000000002,2022-05-10 09:30,404.49000000000001,0.015872617223798846,0.015672617223798847,next_open
long,2022-05-10 16:00,399.08999999999997,2022-05-11 09:30,398.06999999999999,-0.0025558144779372904,-0.0027558144779372905,next_open
long,2022-05-11 16:00,392.75,2022-05-12 09:30,389.37,-0.0086059834500318289,-0.0088059834500318294,next_open
long,2022-05-12 16:00,392.33999999999997,2022-05-13 09:30,396.70999999999998,0.011138298414640424,0.010938298414640424,next_open
long,2022-05-13 16:00,401.72000000000003,2022-05-16 09:30,399.98000000000002,-0.0043313750871253331,-0.0045313750871253328,next_open
long,2022-05-16 16:00,400.08999999999997,2022-05-17 09:30,406.52999999999997,0.01609637831487909,0.015896378314879091,next_open
long,2022-05-17 16:00,408.31999999999999,2022-05-18 09:30,403.5,-0.011804467084639447,-0.012004467084639448,next_open
long,2022-05-18 16:00,391.86000000000001,2022-05-19 09:30,388.62,-0.0082682590721175897,-0.0084682590721175902,next_open
long,2022-05-19 16:00,389.45999999999998,2022-05-20 09:30,393.25,0.0097314229959430953,0.0095314229959430948,next_open
long,2022-05-20 16:00,389.63,2022-05-23 09:30,392.82999999999998,0.0082129199496958627,0.0080129199496958622,next_open
long,2022-05-23 16:00,396.92000000000002,2022-05-24 09:30,392.56,-0.010984581275823913,-0.011184581275823913,next_open
long,2022-05-24 16:00,393.88999999999999,2022-05-25 09:30,392.31,-0.0040112721825890096,-0.0042112721825890093,next_open
long,2022-05-25 16:00,397.37,2022-05-26 09:30,398.67000000000002,0.0032715101794298374,0.0030715101794298373,next_open
long,2022-05-26 16:00,405.31,2022-05-27 09:30,407.91000000000003,0.0064148429597099543,0.0062148429597099547,next_open
long,2022-05-27 16:00,415.25999999999999,2022-05-31 09:30,413.55000000000001,-0.0041179020372777986,-0.0043179020372777982,next_open
long,2022-05-31 16:00,412.93000000000001,2022-06-01 09:30,415.17000000000002,0.0054246482454654021,0.0052246482454654025,next_open
long,2022-06-01 16:00,409.58999999999997,2022-06-02 09:30,409.42000000000002,-0.00041504919553692066,-0.00061504919553692064,next_open
long,2022-06-02 16:00,417.38999999999999,2022-06-03 09:30,412.39999999999998,-0.011955245693476169,-0.012155245693476169,next_open
long,2022-06-03 16:00,410.54000000000002,2022-06-06 09:30,414.77999999999997,0.010327860866176097,0.010127860866176097,next_open
long,2022-06-06 16:00,411.79000000000002,2022-06-07 09:30,408.10000000000002,-0.0089608781174870256,-0.0091608781174870261,next_open
long,2022-06-07 16:00,415.74000000000001,2022-06-08 09:30,413.93000000000001,-0.0043536825900803988,-0.0045536825900803985,next_open
long,2022-06-08 16:00,411.22000000000003,2022-06-09 09:30,409.33999999999997,-0.0045717620738292553,-0.0047717620738292549,next_open
long,2022-06-09 16:00,401.44,2022-06-10 09:30,394.88,-0.016341171781586339,-0.016541171781586338,next_open
long,2022-06-10 16:00,389.80000000000001,2022-06-13 09:30,379.85000000000002,-0.025525910723447898,-0.025725910723447896,next_open
long,2022-06-13 16:00,375,2022-06-14 09:30,376.85000000000002,0.0049333333333334561,0.0047333333333334565,next_open
long,2022-06-14 16:00,373.87,2022-06-15 09:30,377.36000000000001,0.009334795517158323,0.0091347955171583225,next_open
long,2022-06-15 16:00,379.19999999999999,2022-06-16 09:30,370.50999999999999,-0.022916666666666696,-0.023116666666666695,next_open
long,2022-06-16 16:00,366.64999999999998,2022-06-17 09:30,365.50999999999999,-0.003109232237828996,-0.0033092322378289961,next_open
long,2022-06-17 16:00,365.86000000000001,2022-06-21 09:30,371.88999999999999,0.016481714316951779,0.01628171431695178,next_open
long,2022-06-21 16:00,375.06999999999999,2022-06-22 09:30,370.62,-0.011864451968965795,-0.012064451968965795,next_open
long,2022-06-22 16:00,374.38999999999999,2022-06-23 09:30,376.63999999999999,0.0060097759021340291,0.0058097759021340295,next_open
long,2022-06-23 16:00,378.06,2022-06-24 09:30,381.39999999999998,0.0088345765222450634,0.0086345765222450629,next_open
long,2022-06-24 16:00,390.07999999999998,2022-06-27 09:30,391.05000000000001,0.0024866694011485002,0.0022866694011485001,next_open
long,2022-06-27 16:00,388.58999999999997,2022-06-28 09:30,390.23000000000002,0.0042203865256440487,0.004020386525644049,next_open
long,2022-06-28 16:00,380.64999999999998,2022-06-29 09:30,381.23000000000002,0.0015237094443716348,0.0013237094443716347,next_open
long,2022-06-29 16:00,380.33999999999997,2022-06-30 09:30,376.24000000000001,-0.01077982857443327,-0.010979828574433271,next_open
long,2022-06-30 16:00,377.25,2022-07-01 09:30,376.56,-0.0018290258449303876,-0.0020290258449303876,next_open
long,2022-07-01 16:00,381.24000000000001,2022-07-05 09:30,375.88,-0.014059385164201021,-0.014259385164201022,next_open
long,2022-07-05 16:00,381.95999999999998,2022-07-06 09:30,382.11000000000001,0.00039271127866791211,0.0001927112786679121,next_open
long,2022-07-06 16:00,383.25,2022-07-07 09:30,385.12,0.0048793215916502763,0.0046793215916502767,next_open
long,2022-07-07 16:00,388.99000000000001,2022-07-08 09:30,387.26999999999998,-0.0044217074989074678,-0.0046217074989074675,next_open
long,2022-07-08 16:00,388.67000000000002,2022-07-11 09:30,385.85000000000002,-0.0072555123884014971,-0.0074555123884014968,next_open
long,2022-07-11 16:00,384.23000000000002,2022-07-12 09:30,383.64999999999998,-0.0015095125315567337,-0.0017095125315567338,next_open
long,2022-07-12 16:00,380.82999999999998,2022-07-13 09:30,375.10000000000002,-0.015046083554341783,-0.015246083554341783,next_open
long,2022-07-13 16:00,378.82999999999998,2022-07-14 09:30,373.61000000000001,-0.013779267745426593,-0.013979267745426594,next_open
long,2022-07-14 16:00,377.91000000000003,2022-07-15 09:30,382.55000000000001,0.012278055621708805,0.012078055621708805,next_open
long,2022-07-15 16:00,385.13,2022-07-18 09:30,388.38,0.0084387090073481108,0.0082387090073481103,next_open
long,2022-07-18 16:00,381.94999999999999,2022-07-19 09:30,386.07999999999998,0.010812933630056198,0.010612933630056198,next_open
long,2022-07-19 16:00,392.26999999999998,2022-07-20 09:30,392.47000000000003,0.00050985290743632561,0.00030985290743632563,next_open
long,2022-07-20 16:00,394.76999999999998,2022-07-21 09:30,394.16000000000003,-0.0015452035362362171,-0.0017452035362362172,next_open
long,2022-07-21 16:00,398.79000000000002,2022-07-22 09:30,398.92000000000002,0.00032598610797651695,0.00012598610797651694,next_open
long,2022-07-22 16:00,395.08999999999997,2022-07-25 09:30,395.75,0.0016705054544534637,0.0014705054544534636,next_open
long,2022-07-25 16:00,395.56999999999999,2022-07-26 09:30,393.83999999999997,-0.0043734358015016239,-0.0045734358015016236,next_open
long,2022-07-26 16:00,390.88999999999999,2022-07-27 09:30,394.36000000000001,0.0088771777226330784,0.0086771777226330778,next_open
long,2022-07-27 16:00,401.04000000000002,2022-07-28 09:30,401.88999999999999,0.0021194893277478588,0.0019194893277478587,next_open
long,2022-07-28 16:00,406.06999999999999,2022-07-29 09:30,407.57999999999998,0.00371857068978243,0.0035185706897824299,next_open
long,2022-07-29 16:00,411.99000000000001,2022-08-01 09:30,409.14999999999998,-0.0068933711983301116,-0.0070933711983301112,next_open
long,2022-08-01 16:00,410.76999999999998,2022-08-02 09:30,409.12,-0.0040168464103998991,-0.0042168464103998987,next_open
long,2022-08-02 16:00,408.06,2022-08-03 09:30,410.30000000000001,0.0054893888153704218,0.0052893888153704221,next_open
long,2022-08-03 16:00,414.44999999999999,2022-08-04 09:30,414.37,-0.00019302690312461568,-0.00039302690312461566,next_open
long,2022-08-04 16:00,414.17000000000002,2022-08-05 09:30,409.66000000000003,-0.010889248376270588,-0.011089248376270589,next_open
long,2022-08-05 16:00,413.47000000000003,2022-08-08 09:30,415.25,0.0043050281761674025,0.0041050281761674029,next_open
long,2022-08-08 16:00,412.99000000000001,2022-08-09 09:30,412.22000000000003,-0.0018644519237753787,-0.0020644519237753788,next_open
long,2022-08-09 16:00,411.35000000000002,2022-08-10 09:30,418.77999999999997,0.018062477209189076,0.017862477209189077,next_open
long,2022-08-10 16:00,419.99000000000001,2022-08-11 09:30,422.99000000000001,0.0071430272149337615,0.0069430272149337618,next_open
long,2022-08-11 16:00,419.99000000000001,2022-08-12 09:30,422.02999999999997,0.0048572585061548157,0.004657258506154816,next_open
long,2022-08-12 16:00,427.10000000000002,2022-08-15 09:30,424.76999999999998,-0.005455396862561579,-0.0056553968625615786,next_open
long,2022-08-15 16:00,428.86000000000001,2022-08-16 09:30,427.73000000000002,-0.0026348925057128048,-0.0028348925057128048,next_open
long,2022-08-16 16:00,429.69999999999999,2022-08-17 09:30,425.91000000000003,-0.0088201070514311031,-0.0090201070514311036,next_open
long,2022-08-17 16:00,426.64999999999998,2022-08-18 09:30,426.86000000000001,0.0004922067268253727,0.00029220672682537272,next_open
long,2022-08-18 16:00,427.88999999999999,2022-08-19 09:30,424.98000000000002,-0.0068008132931359766,-0.0070008132931359763,next_open
long,2022-08-19 16:00,422.13999999999999,2022-08-22 09:30,417.05000000000001,-0.01205761121902682,-0.012257611219026821,next_open
long,2022-08-22 16:00,413.35000000000002,2022-08-23 09:30,412.89999999999998,-0.0010886657796057575,-0.0012886657796057576,next_open
long,2022-08-23 16:00,412.35000000000002,2022-08-24 09:30,412.11000000000001,-0.00058202982902877398,-0.00078202982902877396,next_open
long,2022-08-24 16:00,413.67000000000002,2022-08-25 09:30,415.24000000000001,0.003795295767157425,0.0035952957671574249,next_open
long,2022-08-25 16:00,419.50999999999999,2022-08-26 09:30,419.38999999999999,-0.00028604800839071576,-0.00048604800839071574,next_open
long,2022-08-26 16:00,405.31,2022-08-29 09:30,402.19999999999999,-0.007673139078729907,-0.0078731390787299075,next_open
long,2022-08-29 16:00,402.63,2022-08-30 09:30,403.85000000000002,0.0030300772421330002,0.0028300772421330001,next_open
long,2022-08-30 16:00,398.20999999999998,2022-08-31 09:30,399.93000000000001,0.004319328997262728,0.0041193289972627284,next_open
long,2022-08-31 16:00,395.18000000000001,2022-09-01 09:30,392.88999999999999,-0.0057948276734652859,-0.0059948276734652856,next_open
long,2022-09-01 16:00,396.42000000000002,2022-09-02 09:30,400.27999999999997,0.0097371474698551008,0.0095371474698551003,next_open
long,2022-09-02 16:00,392.24000000000001,2022-09-06 09:30,393.13,0.0022690189679788197,0.0020690189679788197,next_open
long,2022-09-06 16:00,390.75999999999999,2022-09-07 09:30,390.43000000000001,-0.00084450813798742086,-0.001044508137987421,next_open
long,2022-09-07 16:00,397.77999999999997,2022-09-08 09:30,395.38999999999999,-0.0060083463220875766,-0.0062083463220875762,next_open
long,2022-09-08 16:00,400.38,2022-09-09 09:30,402.74000000000001,0.0058944003196963468,0.0056944003196963472,next_open
long,2022-09-09 16:00,406.60000000000002,2022-09-12 09:30,408.77999999999997,0.0053615346778159712,0.0051615346778159715,next_open
long,2022-09-12 16:00,410.97000000000003,2022-09-13 09:30,401.82999999999998,-0.022240066184879725,-0.022440066184879724,next_open
long,2022-09-13 16:00,393.10000000000002,2022-09-14 09:30,394.47000000000003,0.0034851182905113465,0.0032851182905113464,next_open
long,2022-09-14 16:00,394.60000000000002,2022-09-15 09:30,392.95999999999998,-0.0041561074505829243,-0.004356107450582924,next_open
long,2022-09-15 16:00,390.12,2022-09-16 09:30,384.13999999999999,-0.01532861683584541,-0.015528616835845411,next_open
long,2022-09-16 16:00,385.56,2022-09-19 09:30,382.25999999999999,-0.0085589791472144849,-0.0087589791472144855,next_open
long,2022-09-19 16:00,388.55000000000001,2022-09-20 09:30,385.06,-0.0089821129841719527,-0.0091821129841719532,next_open
long,2022-09-20 16:00,384.08999999999997,2022-09-21 09:30,386.11000000000001,0.0052591840454061511,0.0050591840454061515,next_open
long,2022-09-21 16:00,377.38999999999999,2022-09-22 09:30,376.57999999999998,-0.0021463207822146613,-0.0023463207822146614,next_open
long,2022-09-22 16:00,374.22000000000003,2022-09-23 09:30,370.57999999999998,-0.0097268986157875714,-0.0099268986157875719,next_open
long,2022-09-23 16:00,367.94999999999999,2022-09-26 09:30,366.41000000000003,-0.0041853512705529727,-0.0043853512705529724,next_open
long,2022-09-26 16:00,364.31,2022-09-27 09:30,368.01999999999998,0.010183634816502307,0.0099836348165023066,next_open
long,2022-09-27 16:00,363.38,2022-09-28 09:30,364.38,0.0027519401177831249,0.0025519401177831248,next_open
long,2022-09-28 16:00,370.52999999999997,2022-09-29 09:30,366.81,-0.010039672900979624,-0.010239672900979624,next_open
long,2022-09-29 16:00,362.79000000000002,2022-09-30 09:30,361.80000000000001,-0.0027288514016373666,-0.0029288514016373667,next_open
long,2022-09-30 16:00,357.18000000000001,2022-10-03 09:30,361.07999999999998,0.010918864438098419,0.010718864438098418,next_open
long,2022-10-03 16:00,366.61000000000001,2022-10-04 09:30,372.39999999999998,0.015793349881345176,0.015593349881345175,next_open
long,2022-10-04 16:00,377.97000000000003,2022-10-05 09:30,373.38999999999999,-0.012117363811942838,-0.012317363811942839,next_open
long,2022-10-05 16:00,377.08999999999997,2022-10-06 09:30,375.62,-0.0038982736216817138,-0.0040982736216817134,next_open
long,2022-10-06 16:00,373.19999999999999,2022-10-07 09:30,368.97000000000003,-0.011334405144694415,-0.011534405144694415,next_open
long,2022-10-07 16:00,362.79000000000002,2022-10-10 09:30,363.95999999999998,0.003225006201934999,0.0030250062019349989,next_open
long,2022-10-10 16:00,360.01999999999998,2022-10-11 09:30,358.23000000000002,-0.004971946002999772,-0.0051719460029997716,next_open
long,2022-10-11 16:00,357.74000000000001,2022-10-12 09:30,358.17000000000002,0.0012019902722648634,0.0010019902722648633,next_open
long,2022-10-12 16:00,356.56,2022-10-13 09:30,349.19999999999999,-0.020641687233565187,-0.020841687233565186,next_open
long,2022-10-13 16:00,365.97000000000003,2022-10-14 09:30,368.55000000000001,0.0070497581768997897,0.00684975817689979,next_open
long,2022-10-14 16:00,357.63,2022-10-17 09:30,364.00999999999999,0.017839666694628553,0.017639666694628554,next_open
long,2022-10-17 16:00,366.81999999999999,2022-10-18 09:30,375.13,0.022654162804645273,0.022454162804645274,next_open
long,2022-10-18 16:00,371.13,2022-10-19 09:30,368.99000000000001,-0.0057661735779914736,-0.0059661735779914732,next_open
long,2022-10-19 16:00,368.5,2022-10-20 09:30,368.02999999999997,-0.0012754409769335506,-0.0014754409769335507,next_open
long,2022-10-20 16:00,365.41000000000003,2022-10-21 09:30,365.12,-0.00079362907419067152,-0.00099362907419067161,next_open
long,2022-10-21 16:00,374.29000000000002,2022-10-24 09:30,375.88999999999999,0.0042747602126691486,0.004074760212669149,next_open
long,2022-10-24 16:00,378.87,2022-10-25 09:30,378.79000000000002,-0.00021115422176465337,-0.00041115422176465335,next_open
long,2022-10-25 16:00,384.92000000000002,2022-10-26 09:30,381.62,-0.0085732100176660886,-0.0087732100176660891,next_open
long,2022-10-26 16:00,382.01999999999998,2022-10-27 09:30,383.06999999999999,0.0027485471964818764,0.0025485471964818763,next_open
long,2022-10-27 16:00,379.98000000000002,2022-10-28 09:30,379.87,-0.00028948892046953834,-0.00048948892046953832,next_open
long,2022-10-28 16:00,389.01999999999998,2022-10-31 09:30,386.44,-0.0066320497660787847,-0.0068320497660787844,next_open
long,2022-10-31 16:00,386.20999999999998,2022-11-01 09:30,390.13999999999999,0.010175811087232312,0.009975811087232311,next_open
long,2022-11-01 16:00,384.51999999999998,2022-11-02 09:30,383.89999999999998,-0.0016123998751690349,-0.001812399875169035,next_open
long,2022-11-02 16:00,374.87,2022-11-03 09:30,371.46499999999997,-0.0090831488249260017,-0.0092831488249260023,next_open
long,2022-11-03 16:00,371.00999999999999,2022-11-04 09:30,377,0.01614511738228086,0.015945117382280861,next_open
long,2022-11-04 16:00,376.35000000000002,2022-11-07 09:30,377.70999999999998,0.0036136574996676885,0.0034136574996676884,next_open
long,2022-11-07 16:00,379.94999999999999,2022-11-08 09:30,381.11000000000001,0.0030530332938545346,0.0028530332938545345,next_open
long,2022-11-08 16:00,382,2022-11-09 09:30,379.93000000000001,-0.0054188481675392364,-0.005618848167539236,next_open
long,2022-11-09 16:00,374.13,2022-11-10 09:30,388.05000000000001,0.037206318659289694,0.037006318659289696,next_open
long,2022-11-10 16:00,394.69,2022-11-11 09:30,395.58999999999997,0.0022802705921101118,0.0020802705921101118,next_open
long,2022-11-11 16:00,398.50999999999999,2022-11-14 09:30,396.66000000000003,-0.0046422925397103798,-0.0048422925397103795,next_open
long,2022-11-14 16:00,395.12,2022-11-15 09:30,401.14999999999998,0.01526118647499497,0.015061186474994969,next_open
long,2022-11-15 16:00,398.49000000000001,2022-11-16 09:30,396.77999999999997,-0.0042911992772718399,-0.0044911992772718396,next_open
long,2022-11-16 16:00,395.44999999999999,2022-11-17 09:30,390.45999999999998,-0.012618535845239642,-0.012818535845239643,next_open
long,2022-11-17 16:00,394.24000000000001,2022-11-18 09:30,397.74000000000001,0.0088778409090908283,0.0086778409090908278,next_open
long,2022-11-18 16:00,396.02999999999997,2022-11-21 09:30,394.63999999999999,-0.0035098351135014472,-0.0037098351135014473,next_open
long,2022-11-21 16:00,394.58999999999997,2022-11-22 09:30,396.63,0.0051699232114346128,0.0049699232114346131,next_open
long,2022-11-22 16:00,399.89999999999998,2022-11-23 09:30,399.55000000000001,-0.00087521880470109448,-0.0010752188047010946,next_open
long,2022-11-23 16:00,402.42000000000002,2022-11-25 09:30,401.82999999999998,-0.0014661299140202866,-0.0016661299140202867,next_open
long,2022-11-25 13:00,402.32999999999998,2022-11-28 09:30,399.08999999999997,-0.0080530907464022583,-0.0082530907464022588,next_open
long,2022-11-28 16:00,395.91000000000003,2022-11-29 09:30,396.05000000000001,0.00035361572074465997,0.00015361572074465996,next_open
long,2022-11-29 16:00,395.23000000000002,2022-11-30 09:30,395.49000000000001,0.00065784479923070016,0.00045784479923070018,next_open
long,2022-11-30 16:00,407.68000000000001,2022-12-01 09:30,408.76999999999998,0.0026736656200940789,0.0024736656200940788,next_open
long,2022-12-01 16:00,407.38,2022-12-02 09:30,402.25,-0.012592665324758223,-0.012792665324758224,next_open
long,2022-12-02 16:00,406.91000000000003,2022-12-05 09:30,403.94999999999999,-0.0072743358482220133,-0.0074743358482220129,next_open
long,2022-12-05 16:00,399.58999999999997,2022-12-06 09:30,399.42000000000002,-0.00042543607197365052,-0.0006254360719736505,next_open
long,2022-12-06 16:00,393.82999999999998,2022-12-07 09:30,392.94,-0.0022598583145011508,-0.0024598583145011509,next_open
long,2022-12-07 16:00,393.16000000000003,2022-12-08 09:30,395.13999999999999,0.0050361176111506367,0.0048361176111506371,next_open
long,2022-12-08 16:00,396.24000000000001,2022-12-09 09:30,394.94,-0.0032808398950131545,-0.0034808398950131546,next_open
long,2022-12-09 16:00,393.27999999999997,2022-12-12 09:30,394.11000000000001,0.0021104556550042286,0.0019104556550042285,next_open
long,2022-12-12 16:00,398.94999999999999,2022-12-13 09:30,410.22000000000003,0.028249154029327039,0.028049154029327041,next_open
long,2022-12-13 16:00,401.97000000000003,2022-12-14 09:30,401.61000000000001,-0.00089558922307642064,-0.0010955892230764207,next_open
long,2022-12-14 16:00,399.39999999999998,2022-12-15 09:30,394.30000000000001,-0.012769153730595839,-0.01296915373059584,next_open
long,2022-12-15 16:00,389.63,2022-12-16 09:30,385.18000000000001,-0.011421091805045802,-0.011621091805045803,next_open
long,2022-12-16 16:00,383.26999999999998,2022-12-19 09:30,383.47000000000003,0.00052182534505718081,0.00032182534505718083,next_open
long,2022-12-19 16:00,380.01999999999998,2022-12-20 09:30,379.23000000000002,-0.0020788379558969172,-0.0022788379558969173,next_open
long,2022-12-20 16:00,380.54000000000002,2022-12-21 09:30,383.25,0.0071214589793451299,0.0069214589793451303,next_open
long,2022-12-21 16:00,386.23000000000002,2022-12-22 09:30,383.05000000000001,-0.0082334360355228453,-0.0084334360355228458,next_open
long,2022-12-22 16:00,380.72000000000003,2022-12-23 09:30,379.64999999999998,-0.0028104643832739251,-0.0030104643832739252,next_open
long,2022-12-23 16:00,382.91000000000003,2022-12-27 09:30,382.79000000000002,-0.00031338956935056395,-0.00051338956935056393,next_open
long,2022-12-27 16:00,381.39999999999998,2022-12-28 09:30,381.32999999999998,-0.00018353434714213357,-0.00038353434714213355,next_open
long,2022-12-28 16:00,376.66000000000003,2022-12-29 09:30,379.63,0.0078850953114213418,0.0076850953114213421,next_open
long,2022-12-29 16:00,383.44,2022-12-30 09:30,380.63999999999999,-0.0073023158773211083,-0.007502315877321108,next_open
long,2022-12-30 16:00,382.43000000000001,2023-01-03 09:30,384.37,0.0050728237847448288,0.0048728237847448291,next_open
long,2023-01-03 16:00,380.81999999999999,2023-01-04 09:30,383.18000000000001,0.0061971535108451548,0.0059971535108451551,next_open
long,2023-01-04 16:00,383.75999999999999,2023-01-05 09:30,381.72000000000003,-0.0053158223889929745,-0.0055158223889929742,next_open
long,2023-01-05 16:00,379.38,2023-01-06 09:30,382.61000000000001,0.0085138910854551941,0.0083138910854551936,next_open
long,2023-01-06 16:00,388.07999999999998,2023-01-09 09:30,390.37,0.0059008451865594225,0.0057008451865594228,next_open
long,2023-01-09 16:00,387.86000000000001,2023-01-10 09:30,387.25,-0.0015727324292270639,-0.001772732429227064,next_open
long,2023-01-10 16:00,390.57999999999998,2023-01-11 09:30,392.23000000000002,0.0042244866608633913,0.0040244866608633917,next_open
long,2023-01-11 16:00,395.51999999999998,2023-01-12 09:30,396.67000000000002,0.0029075647249192649,0.0027075647249192648,next_open
long,2023-01-12 16:00,396.95999999999998,2023-01-13 09:30,393.62,-0.0084139459895202773,-0.0086139459895202778,next_open
long,2023-01-13 16:00,398.5,2023-01-17 09:30,398.48000000000002,-5.0188205771628525e-05,-0.00025018820577162851,next_open
long,2023-01-17 16:00,397.76999999999998,2023-01-18 09:30,399.00999999999999,0.003117379390099817,0.0029173793900998169,next_open
long,2023-01-18 16:00,391.49000000000001,2023-01-19 09:30,389.36000000000001,-0.0054407519987739184,-0.005640751998773918,next_open
long,2023-01-19 16:00,388.63999999999999,2023-01-20 09:30,390.10000000000002,0.003756689995883189,0.0035566899958831889,next_open
long,2023-01-20 16:00,395.88,2023-01-23 09:30,396.72000000000003,0.002121855107608539,0.0019218551076085389,next_open
long,2023-01-23 16:00,400.63,2023-01-24 09:30,398.88,-0.004368120210668236,-0.0045681202106682356,next_open
long,2023-01-24 16:00,400.19999999999999,2023-01-25 09:30,395.94999999999999,-0.01061969015492259,-0.01081969015492259,next_open
long,2023-01-25 16:00,400.35000000000002,2023-01-26 09:30,403.13,0.0069439240664417312,0.0067439240664417316,next_open
long,2023-01-26 16:00,404.75,2023-01-27 09:30,403.64999999999998,-0.0027177269919703706,-0.0029177269919703707,next_open
long,2023-01-27 16:00,405.68000000000001,2023-01-30 09:30,402.80000000000001,-0.0070991914809701573,-0.0072991914809701569,next_open
long,2023-01-30 16:00,400.58999999999997,2023-01-31 09:30,401.13,0.0013480116827679911,0.001148011682767991,next_open
long,2023-01-31 16:00,406.48000000000002,2023-02-01 09:30,405.20999999999998,-0.0031243849635899101,-0.0033243849635899102,next_open
long,2023-02-01 16:00,410.80000000000001,2023-02-02 09:30,414.86000000000001,0.0098831548198636821,0.0096831548198636815,next_open
long,2023-02-02 16:00,416.77999999999997,2023-02-03 09:30,411.58999999999997,-0.012452612889294112,-0.012652612889294113,next_open
long,2023-02-03 16:00,412.35000000000002,2023-02-06 09:30,409.79000000000002,-0.0062083181763065154,-0.006408318176306515,next_open
long,2023-02-06 16:00,409.82999999999998,2023-02-07 09:30,408.87,-0.0023424346680330776,-0.0025424346680330777,next_open
long,2023-02-07 16:00,415.19,2023-02-08 09:30,413.13,-0.0049615838531756884,-0.0051615838531756881,next_open
long,2023-02-08 16:00,410.64999999999998,2023-02-09 09:30,414.41000000000003,0.0091562157555096224,0.0089562157555096219,next_open
long,2023-02-09 16:00,407.08999999999997,2023-02-10 09:30,405.86000000000001,-0.0030214448893364221,-0.0032214448893364222,next_open
long,2023-02-10 16:00,408.04000000000002,2023-02-13 09:30,408.72000000000003,0.0016665032839917604,0.0014665032839917603,next_open
long,2023-02-13 16:00,412.82999999999998,2023-02-14 09:30,411.24000000000001,-0.0038514642831188883,-0.004051464283118888,next_open
long,2023-02-14 16:00,412.63999999999999,2023-02-15 09:30,410.35000000000002,-0.005549631640170527,-0.0057496316401705267,next_open
long,2023-02-15 16:00,413.98000000000002,2023-02-16 09:30,408.79000000000002,-0.012536837528382971,-0.012736837528382972,next_open
long,2023-02-16 16:00,408.27999999999997,2023-02-17 09:30,406.06,-0.005437444890761145,-0.0056374448907611447,next_open
long,2023-02-17 16:00,407.25999999999999,2023-02-21 09:30,403.06,-0.010312822275696076,-0.010512822275696077,next_open
long,2023-02-21 16:00,399.08999999999997,2023-02-22 09:30,399.51999999999998,0.0010774512014832816,0.00087745120148328157,next_open
long,2023-02-22 16:00,398.54000000000002,2023-02-23 09:30,401.56,0.0075776584533546743,0.0073776584533546746,next_open
long,2023-02-23 16:00,400.66000000000003,2023-02-24 09:30,395.42000000000002,-0.013078420606000174,-0.013278420606000175,next_open
long,2023-02-24 16:00,396.38,2023-02-27 09:30,399.87,0.0088046823754983627,0.0086046823754983622,next_open
long,2023-02-27 16:00,397.73000000000002,2023-02-28 09:30,397.23000000000002,-0.0012571342367938554,-0.0014571342367938555,next_open
long,2023-02-28 16:00,396.25999999999999,2023-03-01 09:30,395.41000000000003,-0.0021450562761822223,-0.0023450562761822224,next_open
long,2023-03-01 16:00,394.74000000000001,2023-03-02 09:30,392.68000000000001,-0.005218624917667336,-0.0054186249176673357,next_open
long,2023-03-02 16:00,397.81,2023-03-03 09:30,399.70999999999998,0.0047761494180638131,0.0045761494180638134,next_open
long,2023-03-03 16:00,404.19,2023-03-06 09:30,405.05000000000001,0.0021277122145526572,0.0019277122145526572,next_open
long,2023-03-06 16:00,404.47000000000003,2023-03-07 09:30,404.42000000000002,-0.00012361856256337678,-0.00032361856256337676,next_open
long,2023-03-07 16:00,398.26999999999998,2023-03-08 09:30,398.38999999999999,0.00030130313606346881,0.0001013031360634688,next_open
long,2023-03-08 16:00,398.92000000000002,2023-03-09 09:30,399.74000000000001,0.0020555499849592707,0.0018555499849592706,next_open
long,2023-03-09 16:00,391.56,2023-03-10 09:30,390.99000000000001,-0.0014557155991419268,-0.0016557155991419269,next_open
long,2023-03-10 16:00,385.91000000000003,2023-03-13 09:30,381.81,-0.010624238812158349,-0.010824238812158349,next_open
long,2023-03-13 16:00,385.36000000000001,2023-03-14 09:30,390.5,0.013338177288768849,0.013138177288768848,next_open
long,2023-03-14 16:00,391.73000000000002,2023-03-15 09:30,385.88999999999999,-0.014908227605748947,-0.015108227605748948,next_open
long,2023-03-15 16:00,389.27999999999997,2023-03-16 09:30,386.81999999999999,-0.0063193588162760994,-0.0065193588162760991,next_open
long,2023-03-16 16:00,396.11000000000001,2023-03-17 09:30,393.22000000000003,-0.0072959531443285153,-0.0074959531443285149,next_open
long,2023-03-17 16:00,389.99000000000001,2023-03-20 09:30,390.80000000000001,0.0020769763327264101,0.00187697633272641,next_open
long,2023-03-20 16:00,393.74000000000001,2023-03-21 09:30,397.24000000000001,0.0088891146441814062,0.0086891146441814057,next_open
long,2023-03-21 16:00,398.91000000000003,2023-03-22 09:30,398.73000000000002,-0.00045122960066179552,-0.0006512296006617955,next_open
long,2023-03-22 16:00,392.11000000000001,2023-03-23 09:30,395.08999999999997,0.0075999081890285591,0.0073999081890285595,next_open
long,2023-03-23 16:00,393.17000000000002,2023-03-24 09:30,391.83999999999997,-0.0033827606378921127,-0.0035827606378921128,next_open
long,2023-03-24 16:00,395.75,2023-03-27 09:30,398.12,0.0059886291850916873,0.0057886291850916876,next_open
long,2023-03-27 16:00,396.49000000000001,2023-03-28 09:30,395.76999999999998,-0.0018159348281168164,-0.0020159348281168165,next_open
long,2023-03-28 16:00,395.60000000000002,2023-03-29 09:30,399.92000000000002,0.010920121334681454,0.010720121334681454,next_open
long,2023-03-29 16:00,401.35000000000002,2023-03-30 09:30,404.08999999999997,0.0068269590133298585,0.0066269590133298589,next_open
long,2023-03-30 16:00,403.69999999999999,2023-03-31 09:30,404.66000000000003,0.0023780034679217188,0.0021780034679217187,next_open
long,2023-03-31 16:00,409.38999999999999,2023-04-03 09:30,408.85000000000002,-0.0013190356383887547,-0.0015190356383887548,next_open
long,2023-04-03 16:00,410.94999999999999,2023-04-04 09:30,411.62,0.001630368657987713,0.0014303686579877129,next_open
long,2023-04-04 16:00,408.67000000000002,2023-04-05 09:30,407.91000000000003,-0.0018596911933833615,-0.0020596911933833616,next_open
long,2023-04-05 16:00,407.60000000000002,2023-04-06 09:30,406.76999999999998,-0.0020363101079490242,-0.0022363101079490243,next_open
long,2023-04-06 16:00,409.19,2023-04-10 09:30,406.61000000000001,-0.0063051394217844559,-0.0065051394217844555,next_open
long,2023-04-10 16:00,409.61000000000001,2023-04-11 09:30,410.25999999999999,0.0015868753204266728,0.0013868753204266727,next_open
long,2023-04-11 16:00,409.72000000000003,2023-04-12 09:30,411.87,0.0052474860880600271,0.0050474860880600275,next_open
long,2023-04-12 16:00,408.05000000000001,2023-04-13 09:30,409.18000000000001,0.0027692684720008742,0.0025692684720008741,next_open
long,2023-04-13 16:00,413.47000000000003,2023-04-14 09:30,412.81,-0.0015962464023993039,-0.001796246402399304,next_open
long,2023-04-14 16:00,412.45999999999998,2023-04-17 09:30,412.37,-0.000218202977258386,-0.00041820297725838598,next_open
long,2023-04-17 16:00,413.94,2023-04-18 09:30,415.57999999999998,0.0039619268493018556,0.0037619268493018555,next_open
long,2023-04-18 16:00,414.20999999999998,2023-04-19 09:30,412.22000000000003,-0.0048043263079112775,-0.0050043263079112771,next_open
long,2023-04-19 16:00,414.13999999999999,2023-04-20 09:30,411.20999999999998,-0.0070749022069831469,-0.0072749022069831465,next_open
long,2023-04-20 16:00,411.88,2023-04-21 09:30,412.19,0.00075264640186456511,0.00055264640186456512,next_open
long,2023-04-21 16:00,412.19999999999999,2023-04-24 09:30,411.99000000000001,-0.00050946142649199722,-0.0007094614264919972,next_open
long,2023-04-24 16:00,412.63,2023-04-25 09:30,410.57999999999998,-0.0049681312556043578,-0.0051681312556043574,next_open
long,2023-04-25 16:00,406.07999999999998,2023-04-26 09:30,406.72000000000003,0.0015760441292356209,0.0013760441292356208,next_open
long,2023-04-26 16:00,404.36000000000001,2023-04-27 09:30,407,0.0065288356909685152,0.0063288356909685156,next_open
long,2023-04-27 16:00,412.41000000000003,2023-04-28 09:30,411.49000000000001,-0.0022307897480662309,-0.002430789748066231,next_open
long,2023-04-28 16:00,415.93000000000001,2023-05-01 09:30,415.47000000000003,-0.0011059553290216906,-0.0013059553290216907,next_open
long,2023-05-01 16:00,415.50999999999999,2023-05-02 09:30,414.76999999999998,-0.0017809439002671734,-0.0019809439002671735,next_open
long,2023-05-02 16:00,410.83999999999997,2023-05-03 09:30,411.36000000000001,0.0012656995424009665,0.0010656995424009664,next_open
long,2023-05-03 16:00,408.01999999999998,2023-05-04 09:30,406.93000000000001,-0.0026714376746237445,-0.0028714376746237446,next_open
long,2023-05-04 16:00,405.13,2023-05-05 09:30,408.91000000000003,0.0093303384098932796,0.009130338409893279,next_open
long,2023-05-05 16:00,412.63,2023-05-08 09:30,412.97000000000003,0.00082398274483197476,0.00062398274483197477,next_open
long,2023-05-08 16:00,412.74000000000001,2023-05-09 09:30,411.13,-0.0039007607694917512,-0.0041007607694917509,next_open
long,2023-05-09 16:00,410.93000000000001,2023-05-10 09:30,413.88,0.0071788382449564647,0.0069788382449564651,next_open
long,2023-05-10 16:00,412.85000000000002,2023-05-11 09:30,411.94999999999999,-0.0021799685115659884,-0.0023799685115659885,next_open
long,2023-05-11 16:00,412.13,2023-05-12 09:30,413.42000000000002,0.0031300803144638234,0.0029300803144638233,next_open
long,2023-05-12 16:00,411.58999999999997,2023-05-15 09:30,412.22000000000003,0.0015306494326881026,0.0013306494326881025,next_open
long,2023-05-15 16:00,413.00999999999999,2023-05-16 09:30,411.86000000000001,-0.0027844362121981492,-0.0029844362121981493,next_open
long,2023-05-16 16:00,410.25,2023-05-17 09:30,412.35000000000002,0.0051188299817184202,0.0049188299817184205,next_open
long,2023-05-17 16:00,415.23000000000002,2023-05-18 09:30,414.89999999999998,-0.00079474026443182577,-0.00099474026443182586,next_open
long,2023-05-18 16:00,419.23000000000002,2023-05-19 09:30,420.17000000000002,0.0022422059490017077,0.0020422059490017076,next_open
long,2023-05-19 16:00,418.62,2023-05-22 09:30,418.63999999999999,4.7776025990042825e-05,-0.00015222397400995718,next_open
long,2023-05-22 16:00,418.79000000000002,2023-05-23 09:30,417.07999999999998,-0.0040831920532964361,-0.0042831920532964357,next_open
long,2023-05-23 16:00,414.08999999999997,2023-05-24 09:30,412.42000000000002,-0.0040329396990991251,-0.0042329396990991247,next_open
long,2023-05-24 16:00,411.08999999999997,2023-05-25 09:30,414.74000000000001,0.0088788343185191021,0.0086788343185191016,next_open
long,2023-05-25 16:00,414.64999999999998,2023-05-26 09:30,415.32999999999998,0.001639937296515237,0.0014399372965152369,next_open
long,2023-05-26 16:00,420.01999999999998,2023-05-30 09:30,422.02999999999997,0.0047854864054093227,0.004585486405409323,next_open
long,2023-05-30 16:00,420.18000000000001,2023-05-31 09:30,418.27999999999997,-0.004521871578847203,-0.0047218715788472027,next_open
long,2023-05-31 16:00,417.85000000000002,2023-06-01 09:30,418.08999999999997,0.00057436879262873219,0.00037436879262873221,next_open
long,2023-06-01 16:00,421.81999999999999,2023-06-02 09:30,424.5,0.0063534208904272305,0.0061534208904272308,next_open
long,2023-06-02 16:00,427.92000000000002,2023-06-05 09:30,428.27999999999997,0.00084127874369022138,0.00064127874369022139,next_open
long,2023-06-05 16:00,427.10000000000002,2023-06-06 09:30,426.67000000000002,-0.0010067899789276691,-0.0012067899789276692,next_open
long,2023-06-06 16:00,428.02999999999997,2023-06-07 09:30,428.44,0.00095787678433767454,0.00075787678433767455,next_open
long,2023-06-07 16:00,426.55000000000001,2023-06-08 09:30,426.62,0.00016410737310978973,-3.5892626890210276e-05,next_open
long,2023-06-08 16:00,429.13,2023-06-09 09:30,429.95999999999998,0.0019341458299348968,0.0017341458299348967,next_open
long,2023-06-09 16:00,429.89999999999998,2023-06-12 09:30,430.92000000000002,0.0023726448011165413,0.0021726448011165412,next_open
long,2023-06-12 16:00,433.80000000000001,2023-06-13 09:30,435.31999999999999,0.0035039188566159396,0.0033039188566159395,next_open
long,2023-06-13 16:00,436.66000000000003,2023-06-14 09:30,437.00999999999999,0.00080153895479306847,0.00060153895479306849,next_open
long,2023-06-14 16:00,437.18000000000001,2023-06-15 09:30,436.32999999999998,-0.0019442792442472268,-0.0021442792442472268,next_open
long,2023-06-15 16:00,442.60000000000002,2023-06-16 09:30,443.01999999999998,0.00094893809308627119,0.00074893809308627121,next_open
long,2023-06-16 16:00,439.45999999999998,2023-06-20 09:30,437.44999999999999,-0.0045737951121831433,-0.0047737951121831429,next_open
long,2023-06-20 16:00,437.18000000000001,2023-06-21 09:30,436.16000000000003,-0.0023331350930966277,-0.0025331350930966278,next_open
long,2023-06-21 16:00,434.94,2023-06-22 09:30,433.94999999999999,-0.0022761760242792084,-0.0024761760242792085,next_open
long,2023-06-22 16:00,436.50999999999999,2023-06-23 09:30,432.93000000000001,-0.0082014157751253425,-0.008401415775125343,next_open
long,2023-06-23 16:00,433.20999999999998,2023-06-26 09:30,432.62,-0.0013619260866554184,-0.0015619260866554185,next_open
long,2023-06-26 16:00,431.44,2023-06-27 09:30,432.35000000000002,0.0021092156499165071,0.001909215649916507,next_open
long,2023-06-27 16:00,436.17000000000002,2023-06-28 09:30,435.05000000000001,-0.002567806130637118,-0.0027678061306371181,next_open
long,2023-06-28 16:00,436.38999999999999,2023-06-29 09:30,435.95999999999998,-0.00098535713467318153,-0.0011853571346731816,next_open
long,2023-06-29 16:00,438.11000000000001,2023-06-30 09:30,441.44,0.0076008308415693726,0.007400830841569373,next_open
long,2023-06-30 16:00,443.27999999999997,2023-07-03 09:30,442.92000000000002,-0.00081212777476979969,-0.0010121277747697998,next_open
long,2023-07-03 13:00,443.79000000000002,2023-07-05 09:30,441.91000000000003,-0.0042362378602491813,-0.0044362378602491809,next_open
long,2023-07-05 16:00,443.13,2023-07-06 09:30,439.42000000000002,-0.0083722609617944421,-0.0085722609617944426,next_open
long,2023-07-06 16:00,439.66000000000003,2023-07-07 09:30,438.63,-0.0023427193740618302,-0.0025427193740618303,next_open
long,2023-07-07 16:00,438.55000000000001,2023-07-10 09:30,438.18000000000001,-0.00084368943107970829,-0.0010436894310797084,next_open
long,2023-07-10 16:00,439.66000000000003,2023-07-11 09:30,440.44999999999999,0.0017968430150570036,0.0015968430150570035,next_open
long,2023-07-11 16:00,442.45999999999998,2023-07-12 09:30,446.38999999999999,0.0088821588392171691,0.0086821588392171686,next_open
long,2023-07-12 16:00,446.01999999999998,2023-07-13 09:30,447.89999999999998,0.0042150576207344859,0.0040150576207344862,next_open
long,2023-07-13 16:00,449.56,2023-07-14 09:30,450.48000000000002,0.0020464454132931298,0.0018464454132931297,next_open
long,2023-07-14 16:00,449.27999999999997,2023-07-17 09:30,449.13,-0.00033386752136743691,-0.0005338675213674369,next_open
long,2023-07-17 16:00,450.83999999999997,2023-07-18 09:30,450.5,-0.0007541478129713397,-0.00095414781297133969,next_open
long,2023-07-18 16:00,454.19,2023-07-19 09:30,455.00999999999999,0.001805411832052739,0.0016054118320527389,next_open
long,2023-07-19 16:00,455.19999999999999,2023-07-20 09:30,454.17000000000002,-0.0022627416520210053,-0.0024627416520210054,next_open
long,2023-07-20 16:00,452.18000000000001,2023-07-21 09:30,453.95999999999998,0.0039364854703878294,0.0037364854703878293,next_open
long,2023-07-21 16:00,452.18000000000001,2023-07-24 09:30,453.37,0.0026316953425626899,0.0024316953425626898,next_open
long,2023-07-24 16:00,454.19999999999999,2023-07-25 09:30,453.92000000000002,-0.00061646851607211062,-0.0008164685160721106,next_open
long,2023-07-25 16:00,455.44,2023-07-26 09:30,454.47000000000003,-0.0021298085367995601,-0.0023298085367995602,next_open
long,2023-07-26 16:00,455.50999999999999,2023-07-27 09:30,459.01999999999998,0.0077056486136417579,0.0075056486136417582,next_open
long,2023-07-27 16:00,452.49000000000001,2023-07-28 09:30,455.88,0.0074918782735529099,0.0072918782735529103,next_open
long,2023-07-28 16:00,456.92000000000002,2023-07-31 09:30,457.41000000000003,0.001072397793924651,0.00087239779392465097,next_open
long,2023-07-31 16:00,457.79000000000002,2023-08-01 09:30,456.26999999999998,-0.0033202997007362178,-0.0035202997007362179,next_open
long,2023-08-01 16:00,456.48000000000002,2023-08-02 09:30,453.25,-0.007075885033298368,-0.0072758850332983677,next_open
long,2023-08-02 16:00,450.13,2023-08-03 09:30,448.04000000000002,-0.0046431031035477632,-0.0048431031035477629,next_open
long,2023-08-03 16:00,448.83999999999997,2023-08-04 09:30,450.72000000000003,0.004188574993316152,0.0039885749933161524,next_open
long,2023-08-04 16:00,446.81,2023-08-07 09:30,448.70999999999998,0.004252366777824923,0.0040523667778249233,next_open
long,2023-08-07 16:00,450.70999999999998,2023-08-08 09:30,448.07999999999998,-0.0058352377360164631,-0.0060352377360164628,next_open
long,2023-08-08 16:00,448.75,2023-08-09 09:30,449.02999999999997,0.00062395543175486345,0.00042395543175486347,next_open
long,2023-08-09 16:00,445.75,2023-08-10 09:30,448.19,0.0054739203589455609,0.0052739203589455613,next_open
long,2023-08-10 16:00,445.91000000000003,2023-08-11 09:30,443.97000000000003,-0.0043506537193603867,-0.0045506537193603864,next_open
long,2023-08-11 16:00,445.64999999999998,2023-08-14 09:30,444.69999999999999,-0.0021317177156962019,-0.002331717715696202,next_open
long,2023-08-14 16:00,448.11000000000001,2023-08-15 09:30,446.26999999999998,-0.0041061346544375432,-0.0043061346544375429,next_open
long,2023-08-15 16:00,442.88999999999999,2023-08-16 09:30,442.45999999999998,-0.00097089570773778444,-0.0011708957077377845,next_open
long,2023-08-16 16:00,439.63999999999999,2023-08-17 09:30,441.16000000000003,0.0034573742152670395,0.0032573742152670394,next_open
long,2023-08-17 16:00,436.29000000000002,2023-08-18 09:30,433.37,-0.0066927960760044813,-0.006892796076004481,next_open
long,2023-08-18 16:00,436.5,2023-08-21 09:30,437.55000000000001,0.002405498281786933,0.0022054982817869329,next_open
long,2023-08-21 16:00,439.33999999999997,2023-08-22 09:30,441.18000000000001,0.0041881003323167576,0.0039881003323167579,next_open
long,2023-08-22 16:00,438.14999999999998,2023-08-23 09:30,439.25,0.00251055574574921,0.0023105557457492099,next_open
long,2023-08-23 16:00,443.02999999999997,2023-08-24 09:30,444.69,0.0037469245874997004,0.0035469245874997003,next_open
long,2023-08-24 16:00,436.88999999999999,2023-08-25 09:30,438.68000000000001,0.0040971411568129223,0.0038971411568129223,next_open
long,2023-08-25 16:00,439.97000000000003,2023-08-28 09:30,442.24000000000001,0.0051594426892742629,0.0049594426892742632,next_open
long,2023-08-28 16:00,442.75999999999999,2023-08-29 09:30,442.64999999999998,-0.00024844159363990315,-0.00044844159363990313,next_open
long,2023-08-29 16:00,449.16000000000003,2023-08-30 09:30,449.50999999999999,0.00077923234482146775,0.00057923234482146777,next_open
long,2023-08-30 16:00,451.00999999999999,2023-08-31 09:30,451.64999999999998,0.001419037271900736,0.0012190372719007359,next_open
long,2023-08-31 16:00,450.35000000000002,2023-09-01 09:30,453.17000000000002,0.0062617963805928767,0.006061796380592877,next_open
long,2023-09-01 16:00,451.19,2023-09-05 09:30,450.73000000000002,-0.0010195261419800872,-0.0012195261419800873,next_open
long,2023-09-05 16:00,449.24000000000001,2023-09-06 09:30,448.39999999999998,-0.0018698245926453971,-0.0020698245926453972,next_open
long,2023-09-06 16:00,446.22000000000003,2023-09-07 09:30,443.11000000000001,-0.0069696562233876325,-0.0071696562233876321,next_open
long,2023-09-07 16:00,444.85000000000002,2023-09-08 09:30,444.89999999999998,0.00011239743733826302,-8.7602562661736992e-05,next_open
long,2023-09-08 16:00,445.51999999999998,2023-09-11 09:30,448.24000000000001,0.0061052253546418633,0.0059052253546418637,next_open
long,2023-09-11 16:00,448.44999999999999,2023-09-12 09:30,446.94999999999999,-0.0033448544988292639,-0.003544854498829264,next_open
long,2023-09-12 16:00,445.99000000000001,2023-09-13 09:30,446.22000000000003,0.00051570663019351315,0.00031570663019351317,next_open
long,2023-09-13 16:00,446.50999999999999,2023-09-14 09:30,449.06999999999999,0.0057333542361872603,0.0055333542361872606,next_open
long,2023-09-14 16:00,450.36000000000001,2023-09-15 09:30,447.13999999999999,-0.0071498356870060009,-0.0073498356870060006,next_open
long,2023-09-15 16:00,443.37,2023-09-18 09:30,443.05000000000001,-0.00072174481809772484,-0.00092174481809772482,next_open
long,2023-09-18 16:00,443.63,2023-09-19 09:30,442.68000000000001,-0.002141424159772809,-0.0023414241597728091,next_open
long,2023-09-19 16:00,442.70999999999998,2023-09-20 09:30,444.00999999999999,0.0029364595333287724,0.0027364595333287723,next_open
long,2023-09-20 16:00,438.63999999999999,2023-09-21 09:30,435.69999999999999,-0.0067025351085172602,-0.0069025351085172599,next_open
long,2023-09-21 16:00,431.38999999999999,2023-09-22 09:30,432.44999999999999,0.0024571733234428628,0.0022571733234428627,next_open
long,2023-09-22 16:00,430.42000000000002,2023-09-25 09:30,429.17000000000002,-0.0029041401421866508,-0.0031041401421866509,next_open
long,2023-09-25 16:00,432.23000000000002,2023-09-26 09:30,429.08999999999997,-0.0072646507646393355,-0.0074646507646393351,next_open
long,2023-09-26 16:00,425.88,2023-09-27 09:30,427.08999999999997,0.0028411759180988483,0.0026411759180988482,next_open
long,2023-09-27 16:00,426.05000000000001,2023-09-28 09:30,425.48000000000002,-0.0013378711418847722,-0.0015378711418847723,next_open
long,2023-09-28 16:00,428.51999999999998,2023-09-29 09:30,431.67000000000002,0.007350882105852774,0.0071508821058527744,next_open
long,2023-09-29 16:00,427.48000000000002,2023-10-02 09:30,426.62,-0.002011790025264415,-0.0022117900252644151,next_open
long,2023-10-02 16:00,427.31,2023-10-03 09:30,425.06,-0.0052654981161217584,-0.0054654981161217581,next_open
long,2023-10-03 16:00,421.58999999999997,2023-10-04 09:30,422.06999999999999,0.0011385469294813433,0.0009385469294813433,next_open
long,2023-10-04 16:00,424.66000000000003,2023-10-05 09:30,424.36000000000001,-0.00070644751094994795,-0.00090644751094994794,next_open
long,2023-10-05 16:00,424.5,2023-10-06 09:30,421.97000000000003,-0.00595995288574791,-0.0061599528857479097,next_open
long,2023-10-06 16:00,429.54000000000002,2023-10-09 09:30,427.57999999999998,-0.0045630209060856242,-0.0047630209060856238,next_open
long,2023-10-09 16:00,432.29000000000002,2023-10-10 09:30,432.94,0.0015036202549214561,0.001303620254921456,next_open
long,2023-10-10 16:00,434.54000000000002,2023-10-11 09:30,435.63999999999999,0.0025314125281905575,0.0023314125281905574,next_open
long,2023-10-11 16:00,436.31999999999999,2023-10-12 09:30,436.94999999999999,0.0014438943894390377,0.0012438943894390376,next_open
long,2023-10-12 16:00,433.66000000000003,2023-10-13 09:30,435.20999999999998,0.0035742286583959615,0.0033742286583959614,next_open
long,2023-10-13 16:00,431.5,2023-10-16 09:30,433.81999999999999,0.0053765932792584348,0.0051765932792584351,next_open
long,2023-10-16 16:00,436.04000000000002,2023-10-17 09:30,432.81,-0.0074075772864875544,-0.0076075772864875541,next_open
long,2023-10-17 16:00,436.01999999999998,2023-10-18 09:30,434.19,-0.0041970551809549228,-0.0043970551809549225,next_open
long,2023-10-18 16:00,430.20999999999998,2023-10-19 09:30,430.94999999999999,0.0017200901885126019,0.0015200901885126018,next_open
long,2023-10-19 16:00,426.43000000000001,2023-10-20 09:30,425.98000000000002,-0.0010552728466570738,-0.0012552728466570739,next_open
long,2023-10-20 16:00,421.19,2023-10-23 09:30,419.61000000000001,-0.003751276146157223,-0.0039512761461572227,next_open
long,2023-10-23 16:00,420.45999999999998,2023-10-24 09:30,422.64999999999998,0.0052085810778670361,0.0050085810778670364,next_open
long,2023-10-24 16:00,423.63,2023-10-25 09:30,421.88999999999999,-0.0041073578358473695,-0.0043073578358473691,next_open
long,2023-10-25 16:00,417.55000000000001,2023-10-26 09:30,416.44999999999999,-0.002634415040114968,-0.0028344150401149681,next_open
long,2023-10-26 16:00,412.55000000000001,2023-10-27 09:30,414.19,0.003975275724154681,0.0037752757241546809,next_open
long,2023-10-27 16:00,410.68000000000001,2023-10-30 09:30,413.56,0.0070127593259958765,0.0068127593259958768,next_open
long,2023-10-30 16:00,415.58999999999997,2023-10-31 09:30,416.18000000000001,0.0014196684232057333,0.0012196684232057332,next_open
long,2023-10-31 16:00,418.19999999999999,2023-11-01 09:30,419.19999999999999,0.0023912003825921069,0.0021912003825921068,next_open
long,2023-11-01 16:00,422.66000000000003,2023-11-02 09:30,426.57999999999998,0.0092745942365020095,0.009074594236502009,next_open
long,2023-11-02 16:00,430.75999999999999,2023-11-03 09:30,433.13999999999999,0.0055251183953941574,0.0053251183953941577,next_open
long,2023-11-03 16:00,434.69,2023-11-06 09:30,435.47000000000003,0.0017943822034094392,0.0015943822034094391,next_open
long,2023-11-06 16:00,435.69,2023-11-07 09:30,435.69,0,-0.00020000000000000001,next_open
long,2023-11-07 16:00,436.93000000000001,2023-11-08 09:30,437.55000000000001,0.0014189916004851977,0.0012189916004851976,next_open
long,2023-11-08 16:00,437.25,2023-11-09 09:30,438.43000000000001,0.0026986849628358733,0.0024986849628358732,next_open
long,2023-11-09 16:00,433.83999999999997,2023-11-10 09:30,435.98000000000002,0.0049326940807672415,0.0047326940807672418,next_open
long,2023-11-10 16:00,440.61000000000001,2023-11-13 09:30,439.23000000000002,-0.0031320215156260822,-0.0033320215156260823,next_open
long,2023-11-13 16:00,440.19,2023-11-14 09:30,446.31999999999999,0.013925804766123706,0.013725804766123706,next_open
long,2023-11-14 16:00,448.73000000000002,2023-11-15 09:30,450.11000000000001,0.003075345976422339,0.0028753459764223389,next_open
long,2023-11-15 16:00,449.68000000000001,2023-11-16 09:30,449.22000000000003,-0.00102294965308658,-0.0012229496530865801,next_open
long,2023-11-16 16:00,450.23000000000002,2023-11-17 09:30,450.24000000000001,2.2210869999650384e-05,-0.00017778913000034963,next_open
long,2023-11-17 16:00,450.79000000000002,2023-11-20 09:30,450.52999999999997,-0.00057676523436644977,-0.00077676523436644976,next_open
long,2023-11-20 16:00,454.25999999999999,2023-11-21 09:30,453.18000000000001,-0.0023774930656451643,-0.0025774930656451644,next_open
long,2023-11-21 16:00,453.26999999999998,2023-11-22 09:30,454.98000000000002,0.0037725858759680708,0.0035725858759680707,next_open
long,2023-11-22 16:00,455.01999999999998,2023-11-24 09:30,455.06999999999999,0.00010988527976785178,-9.0114720232148225e-05,next_open
long,2023-11-24 13:00,455.30000000000001,2023-11-27 09:30,454.64999999999998,-0.0014276301339776198,-0.0016276301339776199,next_open
long,2023-11-27 16:00,454.48000000000002,2023-11-28 09:30,454.07999999999998,-0.00088012673825033083,-0.0010801267382503309,next_open
long,2023-11-28 16:00,454.93000000000001,2023-11-29 09:30,457.14999999999998,0.0048798716286020394,0.0046798716286020397,next_open
long,2023-11-29 16:00,454.61000000000001,2023-11-30 09:30,455.48000000000002,0.0019137282505883313,0.0017137282505883312,next_open
long,2023-11-30 16:00,456.39999999999998,2023-12-01 09:30,455.76999999999998,-0.0013803680981594457,-0.0015803680981594458,next_open
long,2023-12-01 16:00,459.10000000000002,2023-12-04 09:30,455.60000000000002,-0.0076236114136353228,-0.0078236114136353233,next_open
long,2023-12-04 16:00,456.69,2023-12-05 09:30,455.25999999999999,-0.0031312268716197078,-0.0033312268716197079,next_open
long,2023-12-05 16:00,456.60000000000002,2023-12-06 09:30,458.81,0.004840122645641598,0.0046401226456415983,next_open
long,2023-12-06 16:00,454.75999999999999,2023-12-07 09:30,456.91000000000003,0.0047277684932711672,0.0045277684932711676,next_open
long,2023-12-07 16:00,458.23000000000002,2023-12-08 09:30,457.45999999999998,-0.0016803788490497018,-0.0018803788490497019,next_open
long,2023-12-08 16:00,460.19999999999999,2023-12-11 09:30,459.69,-0.0011082138200781966,-0.0013082138200781967,next_open
long,2023-12-11 16:00,461.99000000000001,2023-12-12 09:30,461.63,-0.00077923764583653909,-0.00097923764583653919,next_open
long,2023-12-12 16:00,464.10000000000002,2023-12-13 09:30,464.49000000000001,0.00084033613445377853,0.00064033613445377854,next_open
long,2023-12-13 16:00,470.5,2023-12-14 09:30,472.5,0.0042507970244420878,0.0040507970244420882,next_open
long,2023-12-14 16:00,472.00999999999999,2023-12-15 09:30,469.49000000000001,-0.0053388699391961891,-0.0055388699391961888,next_open
long,2023-12-15 16:00,469.32999999999998,2023-12-18 09:30,470.98000000000002,0.003515649969104917,0.0033156499691049169,next_open
long,2023-12-18 16:00,471.97000000000003,2023-12-19 09:30,472.52999999999997,0.001186516092124279,0.00098651609212427891,next_open
long,2023-12-19 16:00,474.83999999999997,2023-12-20 09:30,473.95999999999998,-0.0018532558335438987,-0.0020532558335438988,next_open
long,2023-12-20 16:00,468.25999999999999,2023-12-21 09:30,471.32999999999998,0.0065561867338657098,0.0063561867338657102,next_open
long,2023-12-21 16:00,472.69999999999999,2023-12-22 09:30,473.86000000000001,0.0024539877300613355,0.0022539877300613354,next_open
long,2023-12-22 16:00,473.64999999999998,2023-12-26 09:30,474.06999999999999,0.00088673070832889778,0.00068673070832889779,next_open
long,2023-12-26 16:00,475.64999999999998,2023-12-27 09:30,475.44,-0.00044150110375273943,-0.00064150110375273941,next_open
long,2023-12-27 16:00,476.50999999999999,2023-12-28 09:30,476.88,0.00077647898260257975,0.00057647898260257977,next_open
long,2023-12-28 16:00,476.69,2023-12-29 09:30,476.49000000000001,-0.00041955988168407288,-0.00061955988168407286,next_open
long,2023-12-29 16:00,475.31,2024-01-02 09:30,472.16000000000003,-0.0066272537922618113,-0.006827253792261811,next_open
long,2024-01-02 16:00,472.64999999999998,2024-01-03 09:30,470.43000000000001,-0.0046969216121865998,-0.0048969216121865994,next_open
long,2024-01-03 16:00,468.79000000000002,2024-01-04 09:30,468.30000000000001,-0.0010452441391668454,-0.0012452441391668455,next_open
long,2024-01-04 16:00,467.27999999999997,2024-01-05 09:30,467.49000000000001,0.00044940934771453556,0.00024940934771453557,next_open
long,2024-01-05 16:00,467.92000000000002,2024-01-08 09:30,468.43000000000001,0.0010899299025475262,0.00088992990254752621,next_open
long,2024-01-08 16:00,474.60000000000002,2024-01-09 09:30,471.87,-0.0057522123893806176,-0.0059522123893806173,next_open
long,2024-01-09 16:00,473.88,2024-01-10 09:30,474.16000000000003,0.00059086688613163574,0.00039086688613163576,next_open
long,2024-01-10 16:00,476.56,2024-01-11 09:30,477.58999999999997,0.00216132281349668,0.0019613228134966799,next_open
long,2024-01-11 16:00,476.35000000000002,2024-01-12 09:30,477.83999999999997,0.0031279521360343399,0.0029279521360343398,next_open
long,2024-01-12 16:00,476.68000000000001,2024-01-16 09:30,475.25999999999999,-0.0029789376520936717,-0.0031789376520936718,next_open
long,2024-01-16 16:00,474.93000000000001,2024-01-17 09:30,471.81999999999999,-0.0065483334386120529,-0.0067483334386120525,next_open
long,2024-01-17 16:00,472.29000000000002,2024-01-18 09:30,474.00999999999999,0.0036418302314256135,0.0034418302314256134,next_open
long,2024-01-18 16:00,476.49000000000001,2024-01-19 09:30,477.64999999999998,0.0024344687191755199,0.0022344687191755198,next_open
long,2024-01-19 16:00,482.43000000000001,2024-01-22 09:30,484.00999999999999,0.0032750865410524632,0.0030750865410524631,next_open
long,2024-01-22 16:00,483.44999999999999,2024-01-23 09:30,484.00999999999999,0.001158341090081727,0.00095834109008172705,next_open
long,2024-01-23 16:00,484.86000000000001,2024-01-24 09:30,487.81,0.0060842304995256669,0.0058842304995256672,next_open
long,2024-01-24 16:00,485.38999999999999,2024-01-25 09:30,487.57499999999999,0.0045015348482664308,0.0043015348482664311,next_open
long,2024-01-25 16:00,488.02999999999997,2024-01-26 09:30,487.58999999999997,-0.00090158391902139812,-0.0011015839190213982,next_open
long,2024-01-26 16:00,487.41000000000003,2024-01-29 09:30,487.73000000000002,0.00065653146221866798,0.000456531462218668,next_open
long,2024-01-29 16:00,491.26999999999998,2024-01-30 09:30,490.56,-0.0014452337818307015,-0.0016452337818307016,next_open
long,2024-01-30 16:00,490.88999999999999,2024-01-31 09:30,488.62,-0.0046242539061703836,-0.0048242539061703832,next_open
long,2024-01-31 16:00,482.88,2024-02-01 09:30,484.63,0.003624088800530112,0.0034240888005301119,next_open
long,2024-02-01 16:00,489.19999999999999,2024-02-02 09:30,489.64999999999998,0.0009198691741618692,0.00071986917416186921,next_open
long,2024-02-02 16:00,494.35000000000002,2024-02-05 09:30,493.69999999999999,-0.0013148578942046019,-0.001514857894204602,next_open
long,2024-02-05 16:00,492.55000000000001,2024-02-06 09:30,493.51999999999998,0.0019693432138867539,0.0017693432138867538,next_open
long,2024-02-06 16:00,493.98000000000002,2024-02-07 09:30,496.29000000000002,0.004676302684319289,0.0044763026843192893,next_open
long,2024-02-07 16:00,498.10000000000002,2024-02-08 09:30,498.10000000000002,0,-0.00020000000000000001,next_open
long,2024-02-08 16:00,498.31999999999999,2024-02-09 09:30,498.83999999999997,0.0010435061807674284,0.00084350618076742842,next_open
long,2024-02-09 16:00,501.19999999999999,2024-02-12 09:30,501.17000000000002,-5.9856344772457604e-05,-0.00025985634477245759,next_open
long,2024-02-12 16:00,500.98000000000002,2024-02-13 09:30,494.52999999999997,-0.012874765459699122,-0.013074765459699123,next_open
long,2024-02-13 16:00,494.07999999999998,2024-02-14 09:30,496.79000000000002,0.0054849417098445929,0.0052849417098445933,next_open
long,2024-02-14 16:00,498.56999999999999,2024-02-15 09:30,499.29000000000002,0.0014441302124075239,0.0012441302124075238,next_open
long,2024-02-15 16:00,502.00999999999999,2024-02-16 09:30,501.69999999999999,-0.00061751757933103946,-0.00081751757933103944,next_open
long,2024-02-16 16:00,499.50999999999999,2024-02-20 09:30,497.72000000000003,-0.0035835118416046585,-0.0037835118416046586,next_open
long,2024-02-20 16:00,496.75999999999999,2024-02-21 09:30,495.42000000000002,-0.00269747966825018,-0.0028974796682501801,next_open
long,2024-02-21 16:00,497.20999999999998,2024-02-22 09:30,504.00999999999999,0.013676313831177955,0.013476313831177955,next_open
long,2024-02-22 16:00,507.5,2024-02-23 09:30,509.26999999999998,0.0034876847290639112,0.0032876847290639112,next_open
long,2024-02-23 16:00,507.85000000000002,2024-02-26 09:30,508.30000000000001,0.00088608841193260623,0.00068608841193260625,next_open
long,2024-02-26 16:00,505.99000000000001,2024-02-27 09:30,506.69999999999999,0.0014031897863593379,0.0012031897863593378,next_open
long,2024-02-27 16:00,506.93000000000001,2024-02-28 09:30,505.32999999999998,-0.003156254315191509,-0.0033562543151915091,next_open
long,2024-02-28 16:00,506.25999999999999,2024-02-29 09:30,508.06999999999999,0.0035752380199898237,0.0033752380199898236,next_open
long,2024-02-29 16:00,508.07999999999998,2024-03-01 09:30,508.98000000000002,0.0017713745866794195,0.0015713745866794194,next_open
long,2024-03-01 16:00,512.85000000000002,2024-03-04 09:30,512.02999999999997,-0.0015989080627865082,-0.0017989080627865083,next_open
long,2024-03-04 16:00,512.29999999999995,2024-03-05 09:30,510.24000000000001,-0.0040210813976184756,-0.0042210813976184753,next_open
long,2024-03-05 16:00,507.18000000000001,2024-03-06 09:30,510.55000000000001,0.0066445837769628646,0.006444583776962865,next_open
long,2024-03-06 16:00,509.75,2024-03-07 09:30,513.13999999999999,0.0066503187837174682,0.0064503187837174686,next_open
long,2024-03-07 16:00,514.80999999999995,2024-03-08 09:30,515.46000000000004,0.0012626017365631181,0.001062601736563118,next_open
long,2024-03-08 16:00,511.72000000000003,2024-03-11 09:30,510.48000000000002,-0.0024232001876025588,-0.0026232001876025589,next_open
long,2024-03-11 16:00,511.27999999999997,2024-03-12 09:30,513.45000000000005,0.0042442497261776513,0.0040442497261776516,next_open
long,2024-03-12 16:00,516.77999999999997,2024-03-13 09:30,517.11000000000001,0.00063856960408692487,0.00043856960408692489,next_open
long,2024-03-13 16:00,515.97000000000003,2024-03-14 09:30,516.97000000000003,0.0019380971761924215,0.0017380971761924214,next_open
long,2024-03-14 16:00,514.95000000000005,2024-03-15 09:30,510.20999999999998,-0.0092047771628315234,-0.0094047771628315239,next_open
long,2024-03-15 16:00,509.82999999999998,2024-03-18 09:30,514,0.0081791969872311299,0.0079791969872311293,next_open
long,2024-03-18 16:00,512.86000000000001,2024-03-19 09:30,512.14999999999998,-0.0013843934017081505,-0.0015843934017081506,next_open
long,2024-03-19 16:00,515.71000000000004,2024-03-20 09:30,515.76999999999998,0.00011634445715613673,-8.3655542843863283e-05,next_open
long,2024-03-20 16:00,520.48000000000002,2024-03-21 09:30,523.38999999999999,0.0055909929296034111,0.0053909929296034114,next_open
long,2024-03-21 16:00,522.20000000000005,2024-03-22 09:30,522.11000000000001,-0.00017234775947916336,-0.00037234775947916335,next_open
long,2024-03-22 16:00,521.21000000000004,2024-03-25 09:30,519.79999999999995,-0.0027052435678518449,-0.002905243567851845,next_open
long,2024-03-25 16:00,519.76999999999998,2024-03-26 09:30,521.23000000000002,0.0028089347211266436,0.0026089347211266435,next_open
long,2024-03-26 16:00,518.80999999999995,2024-03-27 09:30,521.71000000000004,0.0055897149245389688,0.0053897149245389691,next_open
long,2024-03-27 16:00,523.16999999999996,2024-03-28 09:30,523.21000000000004,7.6456983389761035e-05,-0.00012354301661023897,next_open
long,2024-03-28 16:00,523.07000000000005,2024-04-01 09:30,523.83000000000004,0.0014529604068289625,0.0012529604068289625,next_open
long,2024-04-01 16:00,522.15999999999997,2024-04-02 09:30,518.24000000000001,-0.0075072774628465178,-0.0077072774628465174,next_open
long,2024-04-02 16:00,518.84000000000003,2024-04-03 09:30,517.72000000000003,-0.0021586616297895045,-0.0023586616297895046,next_open
long,2024-04-03 16:00,519.40999999999997,2024-04-04 09:30,523.51999999999998,0.007912824165880572,0.0077128241658805724,next_open
long,2024-04-04 16:00,513.07000000000005,2024-04-05 09:30,514.46000000000004,0.0027091819829652142,0.0025091819829652141,next_open
long,2024-04-05 16:00,518.42999999999995,2024-04-08 09:30,519.14999999999998,0.001388808518025586,0.0011888085180255859,next_open
long,2024-04-08 16:00,518.72000000000003,2024-04-09 09:30,520.5,0.0034315237507711593,0.0032315237507711593,next_open
long,2024-04-09 16:00,519.32000000000005,2024-04-10 09:30,513.48000000000002,-0.01124547485172922,-0.011445474851729221,next_open
long,2024-04-10 16:00,514.12,2024-04-11 09:30,515.67999999999995,0.0030343110557844444,0.0028343110557844443,next_open
long,2024-04-11 16:00,518,2024-04-12 09:30,514.37,-0.0070077220077220392,-0.0072077220077220389,next_open
long,2024-04-12 16:00,510.85000000000002,2024-04-15 09:30,515.13,0.0083781932073994092,0.0081781932073994087,next_open
long,2024-04-15 16:00,504.44999999999999,2024-04-16 09:30,504.94,0.00097135494102484898,0.000771354941024849,next_open
long,2024-04-16 16:00,503.52999999999997,2024-04-17 09:30,506.05000000000001,0.0050046670506227464,0.0048046670506227468,next_open
long,2024-04-17 16:00,500.55000000000001,2024-04-18 09:30,501.98000000000002,0.0028568574567975347,0.0026568574567975346,next_open
long,2024-04-18 16:00,499.51999999999998,2024-04-19 09:30,499.44,-0.00016015374759770218,-0.00036015374759770216,next_open
long,2024-04-19 16:00,495.16000000000003,2024-04-22 09:30,497.82999999999998,0.0053921964617495988,0.0051921964617495991,next_open
long,2024-04-22 16:00,499.72000000000003,2024-04-23 09:30,501.77999999999997,0.0041223084927557441,0.0039223084927557444,next_open
long,2024-04-23 16:00,505.64999999999998,2024-04-24 09:30,506.56,0.0017996637990704833,0.0015996637990704833,next_open
long,2024-04-24 16:00,505.41000000000003,2024-04-25 09:30,499.18000000000001,-0.012326625907678967,-0.012526625907678968,next_open
long,2024-04-25 16:00,503.49000000000001,2024-04-26 09:30,506.35000000000002,0.005680351148980245,0.0054803511489802453,next_open
long,2024-04-26 16:00,508.25999999999999,2024-04-29 09:30,510.08999999999997,0.0036005194191948142,0.0034005194191948141,next_open
long,2024-04-29 16:00,510.06,2024-04-30 09:30,508.56,-0.0029408304905305105,-0.0031408304905305106,next_open
long,2024-04-30 16:00,501.98000000000002,2024-05-01 09:30,501.38,-0.0011952667436949671,-0.0013952667436949672,next_open
long,2024-05-01 16:00,500.35000000000002,2024-05-02 09:30,504.14999999999998,0.0075946837213949348,0.0073946837213949351,next_open
long,2024-05-02 16:00,505.02999999999997,2024-05-03 09:30,511.16000000000003,0.01213789279844768,0.01193789279844768,next_open
long,2024-05-03 16:00,511.29000000000002,2024-05-06 09:30,513.75,0.0048113595024350531,0.0046113595024350534,next_open
long,2024-05-06 16:00,516.57000000000005,2024-05-07 09:30,517.55999999999995,0.0019164876009056808,0.0017164876009056807,next_open
long,2024-05-07 16:00,517.13999999999999,2024-05-08 09:30,515.25999999999999,-0.0036353792009899966,-0.0038353792009899967,next_open
long,2024-05-08 16:00,517.19000000000005,2024-05-09 09:30,517.38,0.00036736982540253038,0.00016736982540253037,next_open
long,2024-05-09 16:00,520.16999999999996,2024-05-10 09:30,521.80999999999995,0.0031528154257260965,0.0029528154257260964,next_open
long,2024-05-10 16:00,520.84000000000003,2024-05-13 09:30,522.55999999999995,0.0033023577298207929,0.0031023577298207928,next_open
long,2024-05-13 16:00,520.90999999999997,2024-05-14 09:30,521.11000000000001,0.00038394348351933338,0.00018394348351933337,next_open
long,2024-05-14 16:00,523.29999999999995,2024-05-15 09:30,525.83000000000004,0.004834702847315242,0.0046347028473152424,next_open
long,2024-05-15 16:00,529.77999999999997,2024-05-16 09:30,529.88,0.00018875759749326093,-1.1242402506739078e-05,next_open
long,2024-05-16 16:00,528.69000000000005,2024-05-17 09:30,528.80999999999995,0.00022697611076405444,2.697611076405443e-05,next_open
long,2024-05-17 16:00,529.45000000000005,2024-05-20 09:30,529.57000000000005,0.00022665029747859222,2.6650297478592212e-05,next_open
long,2024-05-20 16:00,530.05999999999995,2024-05-21 09:30,529.27999999999997,-0.0014715315247330052,-0.0016715315247330053,next_open
long,2024-05-21 16:00,531.36000000000001,2024-05-22 09:30,530.64999999999998,-0.0013361939174948434,-0.0015361939174948435,next_open
long,2024-05-22 16:00,529.83000000000004,2024-05-23 09:30,532.96000000000004,0.0059075552535718945,0.0057075552535718948,next_open
long,2024-05-23 16:00,525.96000000000004,2024-05-24 09:30,527.85000000000002,0.0035934291581107836,0.0033934291581107835,next_open
long,2024-05-24 16:00,529.44000000000005,2024-05-28 09:30,530.26999999999998,0.0015676941674220846,0.0013676941674220845,next_open
long,2024-05-28 16:00,529.80999999999995,2024-05-29 09:30,525.67999999999995,-0.0077952473528245525,-0.007995247352824553,next_open
long,2024-05-29 16:00,526.10000000000002,2024-05-30 09:30,524.51999999999998,-0.0030032313248432585,-0.0032032313248432586,next_open
long,2024-05-30 16:00,522.61000000000001,2024-05-31 09:30,523.59000000000003,0.0018752033064810547,0.0016752033064810546,next_open
long,2024-05-31 16:00,527.37,2024-06-03 09:30,529.01999999999998,0.0031287331475056135,0.0029287331475056134,next_open
long,2024-06-03 16:00,527.79999999999995,2024-06-04 09:30,526.46000000000004,-0.0025388404698748479,-0.002738840469874848,next_open
long,2024-06-04 16:00,528.38999999999999,2024-06-05 09:30,530.76999999999998,0.0045042487556539168,0.0043042487556539171,next_open
long,2024-06-05 16:00,534.66999999999996,2024-06-06 09:30,534.98000000000002,0.00057979688405951357,0.00037979688405951359,next_open
long,2024-06-06 16:00,534.65999999999997,2024-06-07 09:30,533.65999999999997,-0.0018703475105674716,-0.0020703475105674717,next_open
long,2024-06-07 16:00,534.00999999999999,2024-06-10 09:30,533.17999999999995,-0.0015542780097751452,-0.0017542780097751453,next_open
long,2024-06-10 16:00,535.65999999999997,2024-06-11 09:30,534.07000000000005,-0.0029683007878129608,-0.0031683007878129609,next_open
long,2024-06-11 16:00,536.95000000000005,2024-06-12 09:30,541.63,0.0087158953347610257,0.0085158953347610252,next_open
long,2024-06-12 16:00,541.36000000000001,2024-06-13 09:30,543.14999999999998,0.0033064873651542648,0.0031064873651542647,next_open
long,2024-06-13 16:00,542.45000000000005,2024-06-14 09:30,540.88,-0.0028942759701355847,-0.0030942759701355848,next_open
long,2024-06-14 16:00,542.77999999999997,2024-06-17 09:30,542.08000000000004,-0.0012896569512508282,-0.0014896569512508283,next_open
long,2024-06-17 16:00,547.10000000000002,2024-06-18 09:30,547.15999999999997,0.00010966916468646559,-9.0330835313534417e-05,next_open
long,2024-06-18 16:00,548.49000000000001,2024-06-20 09:30,549.44000000000005,0.0017320279312293962,0.0015320279312293962,next_open
long,2024-06-20 16:00,547,2024-06-21 09:30,544.39999999999998,-0.0047531992687386282,-0.0049531992687386278,next_open
long,2024-06-21 16:00,544.50999999999999,2024-06-24 09:30,544.33000000000004,-0.00033057244127743246,-0.00053057244127743244,next_open
long,2024-06-24 16:00,542.74000000000001,2024-06-25 09:30,543.99000000000001,0.0023031285698493775,0.0021031285698493774,next_open
long,2024-06-25 16:00,544.83000000000004,2024-06-26 09:30,543.69000000000005,-0.0020923957931832105,-0.0022923957931832105,next_open
long,2024-06-26 16:00,545.50999999999999,2024-06-27 09:30,545.37,-0.0002566405748748446,-0.00045664057487484458,next_open
long,2024-06-27 16:00,546.37,2024-06-28 09:30,547.15999999999997,0.0014459066200558368,0.0012459066200558367,next_open
long,2024-06-28 16:00,544.22000000000003,2024-07-01 09:30,545.63,0.0025908639888279072,0.0023908639888279072,next_open
long,2024-07-01 16:00,545.34000000000003,2024-07-02 09:30,543.70000000000005,-0.0030072981992884662,-0.0032072981992884663,next_open
long,2024-07-02 16:00,549.00999999999999,2024-07-03 09:30,548.69000000000005,-0.00058286734303547583,-0.00078286734303547581,next_open
long,2024-07-03 13:00,551.46000000000004,2024-07-05 09:30,551.76999999999998,0.00056214412650046341,0.00036214412650046343,next_open
long,2024-07-05 16:00,554.63999999999999,2024-07-08 09:30,555.44000000000005,0.0014423770373577227,0.0012423770373577226,next_open
long,2024-07-08 16:00,555.27999999999997,2024-07-09 09:30,556.25999999999999,0.0017648753781875914,0.0015648753781875913,next_open
long,2024-07-09 16:00,555.82000000000005,2024-07-10 09:30,557.07000000000005,0.0022489295095533546,0.0020489295095533545,next_open
long,2024-07-10 16:00,561.32000000000005,2024-07-11 09:30,561.44000000000005,0.00021378180004272274,1.3781800042722726e-05,next_open
long,2024-07-11 16:00,556.48000000000002,2024-07-12 09:30,557.63,0.0020665612420931456,0.0018665612420931455,next_open
long,2024-07-12 16:00,559.99000000000001,2024-07-15 09:30,562.02999999999997,0.0036429221950391444,0.0034429221950391443,next_open
long,2024-07-15 16:00,561.52999999999997,2024-07-16 09:30,562.86500000000001,0.0023774330846082492,0.0021774330846082491,next_open
long,2024-07-16 16:00,564.86000000000001,2024-07-17 09:30,558.79999999999995,-0.010728322062103945,-0.010928322062103946,next_open
long,2024-07-17 16:00,556.94000000000005,2024-07-18 09:30,558.50999999999999,0.0028189751140157426,0.0026189751140157425,next_open
long,2024-07-18 16:00,552.65999999999997,2024-07-19 09:30,552.41999999999996,-0.00043426338074048498,-0.00063426338074048497,next_open
long,2024-07-19 16:00,548.99000000000001,2024-07-22 09:30,553,0.0073043224831053077,0.0071043224831053081,next_open
long,2024-07-22 16:00,554.64999999999998,2024-07-23 09:30,554.53999999999996,-0.0001983232669251489,-0.00039832326692514888,next_open
long,2024-07-23 16:00,553.77999999999997,2024-07-24 09:30,548.86000000000001,-0.0088843945249015288,-0.0090843945249015293,next_open
long,2024-07-24 16:00,541.23000000000002,2024-07-25 09:30,541.35000000000002,0.00022171719971186832,2.1717199711868308e-05,next_open
long,2024-07-25 16:00,538.40999999999997,2024-07-26 09:30,542.27999999999997,0.0071878308352371079,0.0069878308352371082,next_open
long,2024-07-26 16:00,544.44000000000005,2024-07-29 09:30,546.01999999999998,0.0029020645066488715,0.0027020645066488714,next_open
long,2024-07-29 16:00,544.75999999999999,2024-07-30 09:30,546.25999999999999,0.0027535061311403375,0.0025535061311403374,next_open
long,2024-07-30 16:00,542,2024-07-31 09:30,548.98000000000002,0.012878228782287948,0.012678228782287948,next_open
long,2024-07-31 16:00,550.80999999999995,2024-08-01 09:30,552.57000000000005,0.0031952942030828435,0.0029952942030828434,next_open
long,2024-08-01 16:00,543.00999999999999,2024-08-02 09:30,535.75,-0.013369919522660756,-0.013569919522660756,next_open
long,2024-08-02 16:00,532.89999999999998,2024-08-05 09:30,511.63999999999999,-0.03989491461812722,-0.040094914618127218,next_open
long,2024-08-05 16:00,517.38,2024-08-06 09:30,519.22000000000003,0.0035563802234335196,0.0033563802234335195,next_open
long,2024-08-06 16:00,522.14999999999998,2024-08-07 09:30,528.47000000000003,0.012103801589581575,0.011903801589581575,next_open
long,2024-08-07 16:00,518.65999999999997,2024-08-08 09:30,523.90999999999997,0.010122238075039425,0.0099222380750394242,next_open
long,2024-08-08 16:00,530.64999999999998,2024-08-09 09:30,529.80999999999995,-0.0015829642890794471,-0.0017829642890794472,next_open
long,2024-08-09 16:00,532.99000000000001,2024-08-12 09:30,534.21000000000004,0.0022889735267077604,0.0020889735267077604,next_open
long,2024-08-12 16:00,533.26999999999998,2024-08-13 09:30,536.52999999999997,0.0061132259455809468,0.0059132259455809471,next_open
long,2024-08-13 16:00,542.03999999999996,2024-08-14 09:30,542.85000000000002,0.0014943546601728919,0.0012943546601728918,next_open
long,2024-08-14 16:00,543.75,2024-08-15 09:30,549.5,0.010574712643678152,0.010374712643678152,next_open
long,2024-08-15 16:00,553.07000000000005,2024-08-16 09:30,551.41999999999996,-0.0029833474967003726,-0.0031833474967003727,next_open
long,2024-08-16 16:00,554.30999999999995,2024-08-19 09:30,554.73000000000002,0.00075769876062148356,0.00055769876062148358,next_open
long,2024-08-19 16:00,559.61000000000001,2024-08-20 09:30,559.14999999999998,-0.00082200103643614852,-0.0010220010364361486,next_open
long,2024-08-20 16:00,558.70000000000005,2024-08-21 09:30,559.76999999999998,0.0019151601933058426,0.0017151601933058425,next_open
long,2024-08-21 16:00,560.62,2024-08-22 09:30,562.55999999999995,0.0034604544968070972,0.0032604544968070971,next_open
long,2024-08-22 16:00,556.22000000000003,2024-08-23 09:30,559.52999999999997,0.0059508827442378287,0.005750882744237829,next_open
long,2024-08-23 16:00,562.13,2024-08-26 09:30,563.17999999999995,0.0018678953267037279,0.0016678953267037278,next_open
long,2024-08-26 16:00,560.78999999999996,2024-08-27 09:30,559.49000000000001,-0.0023181583123806915,-0.0025181583123806916,next_open
long,2024-08-27 16:00,561.55999999999995,2024-08-28 09:30,561.21000000000004,-0.00062326376522525706,-0.00082326376522525704,next_open
long,2024-08-28 16:00,558.29999999999995,2024-08-29 09:30,560.30999999999995,0.0036002149382052817,0.0034002149382052816,next_open
long,2024-08-29 16:00,558.35000000000002,2024-08-30 09:30,560.76999999999998,0.0043341989791347846,0.0041341989791347849,next_open
long,2024-08-30 16:00,563.67999999999995,2024-09-03 09:30,560.47000000000003,-0.0056947204087424153,-0.0058947204087424149,next_open
long,2024-09-03 16:00,552.08000000000004,2024-09-04 09:30,550.20000000000005,-0.0034053035791914432,-0.0036053035791914433,next_open
long,2024-09-04 16:00,550.95000000000005,2024-09-05 09:30,550.88999999999999,-0.00010890280424735721,-0.00030890280424735719,next_open
long,2024-09-05 16:00,549.61000000000001,2024-09-06 09:30,549.94000000000005,0.00060042575644558838,0.00040042575644558839,next_open
long,2024-09-06 16:00,540.36000000000001,2024-09-09 09:30,544.64999999999998,0.007939151676660039,0.0077391516766600393,next_open
long,2024-09-09 16:00,546.40999999999997,2024-09-10 09:30,548.36000000000001,0.0035687487417874753,0.0033687487417874752,next_open
long,2024-09-10 16:00,548.78999999999996,2024-09-11 09:30,548.70000000000005,-0.00016399715738246723,-0.00036399715738246721,next_open
long,2024-09-11 16:00,554.41999999999996,2024-09-12 09:30,555.00999999999999,0.0010641751740558814,0.00086417517405588137,next_open
long,2024-09-12 16:00,559.09000000000003,2024-09-13 09:30,559.71000000000004,0.0011089448925933887,0.0009089448925933887,next_open
long,2024-09-13 16:00,562.00999999999999,2024-09-16 09:30,561.74000000000001,-0.00048041849789148827,-0.00068041849789148825,next_open
long,2024-09-16 16:00,562.84000000000003,2024-09-17 09:30,565.10000000000002,0.0040153507213418482,0.0038153507213418481,next_open
long,2024-09-17 16:00,563.07000000000005,2024-09-18 09:30,563.74000000000001,0.0011899053403661153,0.00098990534036611519,next_open
long,2024-09-18 16:00,561.39999999999998,2024-09-19 09:30,571.00999999999999,0.017117919486996813,0.016917919486996814,next_open
long,2024-09-19 16:00,570.98000000000002,2024-09-20 09:30,567.84000000000003,-0.0054993169638165584,-0.0056993169638165581,next_open
long,2024-09-20 16:00,568.25,2024-09-23 09:30,569.34000000000003,0.0019181698196217845,0.0017181698196217844,next_open
long,2024-09-23 16:00,569.66999999999996,2024-09-24 09:30,570.48000000000002,0.0014218758228448092,0.0012218758228448091,next_open
long,2024-09-24 16:00,571.29999999999995,2024-09-25 09:30,571.13999999999999,-0.00028006301417815571,-0.00048006301417815569,next_open
long,2024-09-25 16:00,570.03999999999996,2024-09-26 09:30,574.38,0.0076135008069608823,0.0074135008069608826,next_open
long,2024-09-26 16:00,572.29999999999995,2024-09-27 09:30,573.38999999999999,0.0019045954918750496,0.0017045954918750495,next_open
long,2024-09-27 16:00,571.47000000000003,2024-09-30 09:30,570.41999999999996,-0.0018373667909077351,-0.0020373667909077352,next_open
long,2024-09-30 16:00,573.75999999999999,2024-10-01 09:30,573.39999999999998,-0.00062744004461801062,-0.0008274400446180106,next_open
long,2024-10-01 16:00,568.62,2024-10-02 09:30,567.71000000000004,-0.0016003657978965746,-0.0018003657978965747,next_open
long,2024-10-02 16:00,568.86000000000001,2024-10-03 09:30,567.36000000000001,-0.0026368526526737712,-0.0028368526526737713,next_open
long,2024-10-03 16:00,567.82000000000005,2024-10-04 09:30,572.35000000000002,0.0079778803141841159,0.0077778803141841163,next_open
long,2024-10-04 16:00,572.98000000000002,2024-10-07 09:30,571.29999999999995,-0.0029320395127230281,-0.0031320395127230282,next_open
long,2024-10-07 16:00,567.79999999999995,2024-10-08 09:30,570.41999999999996,0.0046143008101444671,0.0044143008101444675,next_open
long,2024-10-08 16:00,573.16999999999996,2024-10-09 09:30,573.15999999999997,-1.7446830783196532e-05,-0.00021744683078319654,next_open
long,2024-10-09 16:00,577.13999999999999,2024-10-10 09:30,575.76999999999998,-0.0023737741275946522,-0.0025737741275946523,next_open
long,2024-10-10 16:00,576.13,2024-10-11 09:30,576.04999999999995,-0.0001388575495114841,-0.00033885754951148408,next_open
long,2024-10-11 16:00,579.58000000000004,2024-10-14 09:30,581.22000000000003,0.0028296352531143043,0.0026296352531143042,next_open
long,2024-10-14 16:00,584.32000000000005,2024-10-15 09:30,584.59000000000003,0.00046207557502730978,0.0002620755750273098,next_open
long,2024-10-15 16:00,579.77999999999997,2024-10-16 09:30,579.77999999999997,0,-0.00020000000000000001,next_open
long,2024-10-16 16:00,582.29999999999995,2024-10-17 09:30,585.90999999999997,0.0061995534947620889,0.0059995534947620893,next_open
long,2024-10-17 16:00,582.35000000000002,2024-10-18 09:30,584.07000000000005,0.0029535502704558514,0.0027535502704558513,next_open
long,2024-10-18 16:00,584.59000000000003,2024-10-21 09:30,583.85000000000002,-0.0012658444379821665,-0.0014658444379821666,next_open
long,2024-10-21 16:00,583.63,2024-10-22 09:30,581.04999999999995,-0.0044206089474496668,-0.0046206089474496665,next_open
long,2024-10-22 16:00,583.32000000000005,2024-10-23 09:30,581.25999999999999,-0.0035315092916410329,-0.003731509291641033,next_open
long,2024-10-23 16:00,577.99000000000001,2024-10-24 09:30,579.98000000000002,0.0034429661412826995,0.0032429661412826994,next_open
long,2024-10-24 16:00,579.24000000000001,2024-10-25 09:30,581.50999999999999,0.0039189282508114154,0.0037189282508114153,next_open
long,2024-10-25 16:00,579.03999999999996,2024-10-28 09:30,582.58000000000004,0.006113567283780208,0.0059135672837802083,next_open
long,2024-10-28 16:00,580.83000000000004,2024-10-29 09:30,579.85000000000002,-0.0016872406728303257,-0.0018872406728303258,next_open
long,2024-10-29 16:00,581.76999999999998,2024-10-30 09:30,581.28999999999996,-0.00082506832597073476,-0.0010250683259707349,next_open
long,2024-10-30 16:00,580.00999999999999,2024-10-31 09:30,575.55999999999995,-0.0076722815123877464,-0.0078722815123877469,next_open
long,2024-10-31 16:00,568.63999999999999,2024-11-01 09:30,571.32000000000005,0.0047129994372538953,0.0045129994372538956,next_open
long,2024-11-01 16:00,571.03999999999996,2024-11-04 09:30,571.17999999999995,0.0002451667133651636,4.5166713365163593e-05,next_open
long,2024-11-04 16:00,569.80999999999995,2024-11-05 09:30,570.74000000000001,0.0016321229883646815,0.0014321229883646814,next_open
long,2024-11-05 16:00,576.70000000000005,2024-11-06 09:30,589.20000000000005,0.021675047685104865,0.021475047685104866,next_open
long,2024-11-06 16:00,591.03999999999996,2024-11-07 09:30,593.08000000000004,0.0034515430427721761,0.003251543042772176,next_open
long,2024-11-07 16:00,595.61000000000001,2024-11-08 09:30,596.16999999999996,0.00094021255519538549,0.00074021255519538551,next_open
long,2024-11-08 16:00,598.19000000000005,2024-11-11 09:30,599.80999999999995,0.0027081696450959036,0.0025081696450959035,next_open
long,2024-11-11 16:00,598.75999999999999,2024-11-12 09:30,598.67999999999995,-0.00013360945954976611,-0.00033360945954976609,next_open
long,2024-11-12 16:00,596.89999999999998,2024-11-13 09:30,597.37,0.00078740157480328143,0.00058740157480328145,next_open
long,2024-11-13 16:00,597.19000000000005,2024-11-14 09:30,597.32000000000005,0.00021768616353257109,1.7686163532571077e-05,next_open
long,2024-11-14 16:00,593.35000000000002,2024-11-15 09:30,589.72000000000003,-0.0061178056796157287,-0.0063178056796157284,next_open
long,2024-11-15 16:00,585.75,2024-11-18 09:30,587.65999999999997,0.0032607767819035072,0.0030607767819035071,next_open
long,2024-11-18 16:00,588.03999999999996,2024-11-19 09:30,588.39999999999998,0.00061220325147948174,0.00041220325147948175,next_open
long,2024-11-19 16:00,591.38999999999999,2024-11-20 09:30,591.57000000000005,0.00030436767615293903,0.00010436767615293902,next_open
long,2024-11-20 16:00,588.50999999999999,2024-11-21 09:30,588.85000000000002,0.00057773019999673991,0.00037773019999673993,next_open
long,2024-11-21 16:00,592.97000000000003,2024-11-22 09:30,593.74000000000001,0.0012985479872504868,0.0010985479872504867,next_open
long,2024-11-22 16:00,596.45000000000005,2024-11-25 09:30,598.00999999999999,0.0026154748931175309,0.0024154748931175308,next_open
long,2024-11-25 16:00,595.26999999999998,2024-11-26 09:30,597.13,0.0031246325196969682,0.0029246325196969681,next_open
long,2024-11-26 16:00,601.10000000000002,2024-11-27 09:30,600.11000000000001,-0.0016469805356845724,-0.0018469805356845725,next_open
long,2024-11-27 16:00,599.39999999999998,2024-11-29 09:30,599.88,0.00080080080080091598,0.000600800800800916,next_open
long,2024-11-29 13:00,603.12,2024-12-02 09:30,601.89999999999998,-0.0020228146969094585,-0.0022228146969094586,next_open
long,2024-12-02 16:00,603.62,2024-12-03 09:30,604.00999999999999,0.00064610185215863147,0.00044610185215863149,next_open
long,2024-12-03 16:00,604.19010000000003,2024-12-04 09:30,604.67999999999995,0.00081083751620547595,0.00061083751620547597,next_open
long,2024-12-04 16:00,606.88,2024-12-05 09:30,607.26999999999998,0.00064263116266793929,0.00044263116266793931,next_open
long,2024-12-05 16:00,606.22000000000003,2024-12-06 09:30,606.38999999999999,0.00028042624789681447,8.0426247896814464e-05,next_open
long,2024-12-06 16:00,607.37,2024-12-09 09:30,608.5,0.0018604804320265789,0.0016604804320265788,next_open
long,2024-12-09 16:00,604.41999999999996,2024-12-10 09:30,604.5,0.00013235829390167986,-6.7641706098320152e-05,next_open
long,2024-12-10 16:00,603.15999999999997,2024-12-11 09:30,603.34000000000003,0.00029842827773740588,9.8428277737405869e-05,next_open
long,2024-12-11 16:00,606.75999999999999,2024-12-12 09:30,606.58000000000004,-0.00029665765706365921,-0.00049665765706365919,next_open
long,2024-12-12 16:00,605.38,2024-12-13 09:30,606.11000000000001,0.001205854174237686,0.0010058541742376859,next_open
long,2024-12-13 16:00,603.85000000000002,2024-12-16 09:30,604.12,0.00044713090999426441,0.00024713090999426443,next_open
long,2024-12-16 16:00,605.98000000000002,2024-12-17 09:30,605.35000000000002,-0.0010396382718901309,-0.001239638271890131,next_open
long,2024-12-17 16:00,604.09000000000003,2024-12-18 09:30,604.88999999999999,0.0013243059808967228,0.0011243059808967227,next_open
long,2024-12-18 16:00,587.82000000000005,2024-12-19 09:30,588.61000000000001,0.0013439488278723655,0.0011439488278723654,next_open
long,2024-12-19 16:00,584.30999999999995,2024-12-20 09:30,581.98000000000002,-0.0039876093169720628,-0.0041876093169720624,next_open
long,2024-12-20 16:00,592.12,2024-12-23 09:30,593.58000000000004,0.0024657164088361938,0.0022657164088361937,next_open
long,2024-12-23 16:00,594.64999999999998,2024-12-24 09:30,595.04999999999995,0.00067266459261738909,0.00047266459261738911,next_open
long,2024-12-24 13:00,601.10000000000002,2024-12-26 09:30,600.5,-0.00099817002162705393,-0.001198170021627054,next_open
long,2024-12-26 16:00,600.40999999999997,2024-12-27 09:30,599.25,-0.001932013124364973,-0.0021320131243649731,next_open
long,2024-12-27 16:00,595.02999999999997,2024-12-30 09:30,593.45000000000005,-0.0026553283027744845,-0.0028553283027744846,next_open
long,2024-12-30 16:00,587.29999999999995,2024-12-31 09:30,587.5,0.00034054146092299398,0.00014054146092299397,next_open
long,2024-12-31 16:00,586.51009999999997,2025-01-02 09:30,588.22000000000003,0.0029153803148489477,0.0027153803148489476,next_open
long,2025-01-02 16:00,585.86000000000001,2025-01-03 09:30,586,0.00023896494042952021,3.8964940429520202e-05,next_open
long,2025-01-03 16:00,592.04010000000005,2025-01-06 09:30,593.73000000000002,0.0028543674659875506,0.0026543674659875506,next_open
long,2025-01-06 16:00,595.54999999999995,2025-01-07 09:30,595.66999999999996,0.00020149441692551839,1.4944169255183841e-06,next_open
long,2025-01-07 16:00,589.48000000000002,2025-01-08 09:30,589.79999999999995,0.00054285132659281921,0.00034285132659281922,next_open
long,2025-01-08 16:00,588.16999999999996,2025-01-10 09:30,588.11000000000001,-0.00010201132325682316,-0.00030201132325682314,next_open
long,2025-01-10 16:00,579.7817,2025-01-13 09:30,578.23000000000002,-0.0026763521511630195,-0.0028763521511630196,next_open
long,2025-01-13 16:00,583.20000000000005,2025-01-14 09:30,583.98000000000002,0.001337448559670662,0.0011374485596706619,next_open
long,2025-01-14 16:00,582.64999999999998,2025-01-15 09:30,582.11000000000001,-0.0009267999656740189,-0.001126799965674019,next_open
long,2025-01-15 16:00,593.65999999999997,2025-01-16 09:30,594.75,0.0018360677829061256,0.0016360677829061255,next_open
long,2025-01-16 16:00,591.50999999999999,2025-01-17 09:30,593.39999999999998,0.0031952122533853711,0.002995212253385371,next_open
long,2025-01-17 16:00,597.69000000000005,2025-01-21 09:30,598.26999999999998,0.00097040271712756088,0.00077040271712756089,next_open
long,2025-01-21 16:00,604.36000000000001,2025-01-22 09:30,604.71000000000004,0.00057912502481971551,0.00037912502481971552,next_open
long,2025-01-22 16:00,605.87,2025-01-23 09:30,604.85000000000002,-0.0016835294700182635,-0.0018835294700182636,next_open
long,2025-01-23 16:00,609.01999999999998,2025-01-24 09:30,609.15999999999997,0.00022987750812775154,2.987750812775153e-05,next_open
long,2025-01-24 16:00,607.49000000000001,2025-01-27 09:30,598.77999999999997,-0.014337684570939535,-0.014537684570939536,next_open
long,2025-01-27 16:00,599.16999999999996,2025-01-28 09:30,601,0.0030542250112657321,0.002854225011265732,next_open
long,2025-01-28 16:00,604.10000000000002,2025-01-29 09:30,605.96000000000004,0.0030789604370138335,0.0028789604370138334,next_open
long,2025-01-29 16:00,603.05999999999995,2025-01-30 09:30,605,0.0032169270056048305,0.0030169270056048304,next_open
long,2025-01-30 16:00,605.88999999999999,2025-01-31 09:30,606.26999999999998,0.000627176550198838,0.00042717655019883802,next_open
long,2025-01-31 16:00,598.98000000000002,2025-02-03 09:30,593.90999999999997,-0.0084643894620856086,-0.0086643894620856091,next_open
long,2025-02-03 16:00,600.44000000000005,2025-02-04 09:30,596.77999999999997,-0.0060955299447073008,-0.0062955299447073005,next_open
long,2025-02-04 16:00,600.39999999999998,2025-02-05 09:30,598.42999999999995,-0.0032811459027315415,-0.0034811459027315416,next_open
long,2025-02-05 16:00,604.74000000000001,2025-02-06 09:30,605.59000000000003,0.0014055627211695398,0.0012055627211695398,next_open
long,2025-02-06 16:00,605.99000000000001,2025-02-07 09:30,605.60000000000002,-0.00064357497648470652,-0.0008435749764847065,next_open
long,2025-02-07 16:00,600.22990000000004,2025-02-10 09:30,602.35000000000002,0.0035321465991613454,0.0033321465991613453,next_open
long,2025-02-10 16:00,603.98000000000002,2025-02-11 09:30,603.20000000000005,-0.0012914334911751091,-0.0014914334911751092,next_open
long,2025-02-11 16:00,605.30999999999995,2025-02-12 09:30,604.88999999999999,-0.00069385934479848643,-0.00089385934479848642,next_open
long,2025-02-12 16:00,604.59000000000003,2025-02-13 09:30,602.44000000000005,-0.003556128946889614,-0.0037561289468896141,next_open
long,2025-02-13 16:00,609.64999999999998,2025-02-14 09:30,609.97000000000003,0.00052489133109179242,0.00032489133109179244,next_open
long,2025-02-14 16:00,609.77999999999997,2025-02-18 09:30,610.76999999999998,0.0016235363573748884,0.0014235363573748883,next_open
long,2025-02-18 16:00,611.95000000000005,2025-02-19 09:30,611.75,-0.00032682408693529563,-0.00052682408693529561,next_open
long,2025-02-19 16:00,612.29999999999995,2025-02-20 09:30,611.45000000000005,-0.0013882083945776502,-0.0015882083945776503,next_open
long,2025-02-20 16:00,610.38999999999999,2025-02-21 09:30,610.29999999999995,-0.0001474467143958158,-0.00034744671439581579,next_open
long,2025-02-21 16:00,600.24000000000001,2025-02-24 09:30,601.74000000000001,0.0024990003998399679,0.0022990003998399678,next_open
long,2025-02-24 16:00,598.02999999999997,2025-02-25 09:30,595.95000000000005,-0.0034780863836261222,-0.0036780863836261223,next_open
long,2025-02-25 16:00,596,2025-02-26 09:30,596.76999999999998,0.0012919463087248673,0.0010919463087248672,next_open
long,2025-02-26 16:00,593.65999999999997,2025-02-27 09:30,597.61000000000001,0.0066536401307146775,0.0064536401307146779,next_open
long,2025-02-27 16:00,584.88999999999999,2025-02-28 09:30,586.10000000000002,0.0020687650669357627,0.0018687650669357626,next_open
long,2025-02-28 16:00,594.29999999999995,2025-03-03 09:30,593.88,-0.00070671378091868853,-0.00090671378091868851,next_open
long,2025-03-03 16:00,585.39999999999998,2025-03-04 09:30,584.63,-0.0013153399385035236,-0.0015153399385035237,next_open
long,2025-03-04 16:00,580.42999999999995,2025-03-05 09:30,580.70000000000005,0.00046517237220689012,0.00026517237220689013,next_open
long,2025-03-05 16:00,581.89999999999998,2025-03-06 09:30,581.38,-0.00089362433407802477,-0.0010936243340780249,next_open
long,2025-03-06 16:00,574.37,2025-03-07 09:30,574.34000000000003,-5.2231140205694082e-05,-0.00025223114020569406,next_open
long,2025-03-07 16:00,574.71000000000004,2025-03-10 09:30,572.70000000000005,-0.003497416088113936,-0.0036974160881139361,next_open
long,2025-03-10 16:00,558.58000000000004,2025-03-11 09:30,561.78999999999996,0.0057467148841703342,0.0055467148841703345,next_open
long,2025-03-11 16:00,557.77829999999994,2025-03-12 09:30,558.16999999999996,0.0007022503385305523,0.00050225033853055232,next_open
long,2025-03-12 16:00,560.66999999999996,2025-03-13 09:30,556.63,-0.0072056646512207445,-0.0074056646512207442,next_open
long,2025-03-13 16:00,553.88999999999999,2025-03-14 09:30,554.67999999999995,0.0014262759753740362,0.0012262759753740361,next_open
long,2025-03-14 16:00,562.08000000000004,2025-03-17 09:30,559.83000000000004,-0.0040029888983774686,-0.0042029888983774683,next_open
long,2025-03-17 16:00,566.98000000000002,2025-03-18 09:30,565.92999999999995,-0.0018519171752091612,-0.0020519171752091613,next_open
long,2025-03-18 16:00,561.19989999999996,2025-03-19 09:30,562.09000000000003,0.0015860658563910945,0.0013860658563910945,next_open
long,2025-03-19 16:00,568.70000000000005,2025-03-20 09:30,568.26999999999998,-0.00075611042729040179,-0.00095611042729040177,next_open
long,2025-03-20 16:00,565.67999999999995,2025-03-21 09:30,563.09000000000003,-0.0045785603167867173,-0.0047785603167867169,next_open
long,2025-03-21 16:00,565,2025-03-24 09:30,568.26999999999998,0.0057876106194689747,0.005587610619468975,next_open
long,2025-03-24 16:00,573.82820000000004,2025-03-25 09:30,573.51999999999998,-0.00053709455199313361,-0.00073709455199313359,next_open
long,2025-03-25 16:00,576,2025-03-26 09:30,575.10000000000002,-0.0015624999999999112,-0.0017624999999999113,next_open
long,2025-03-26 16:00,567.62,2025-03-27 09:30,568.46000000000004,0.0014798632888199936,0.0012798632888199935,next_open
long,2025-03-27 16:00,566.57000000000005,2025-03-28 09:30,566.48000000000002,-0.00015885062746001655,-0.00035885062746001653,next_open
long,2025-03-28 16:00,554.14999999999998,2025-03-31 09:30,552.60000000000002,-0.002797076603807569,-0.002997076603807569,next_open
long,2025-03-31 16:00,557.00099999999998,2025-04-01 09:30,557.54999999999995,0.0009856355733652844,0.00078563557336528442,next_open
long,2025-04-01 16:00,561.77999999999997,2025-04-02 09:30,559.65999999999997,-0.0037737192495282956,-0.0039737192495282953,next_open
long,2025-04-02 16:00,544.83000000000004,2025-04-03 09:30,548,0.0058183286529742695,0.0056183286529742698,next_open
long,2025-04-03 16:00,536.38,2025-04-04 09:30,535.27999999999997,-0.0020507848913083881,-0.0022507848913083882,next_open
long,2025-04-04 16:00,505.5,2025-04-07 09:30,486.89999999999998,-0.036795252225519381,-0.03699525222551938,next_open
long,2025-04-07 16:00,509.52999999999997,2025-04-08 09:30,510.22000000000003,0.001354189154711305,0.0011541891547113049,next_open
long,2025-04-08 16:00,490.56650000000002,2025-04-09 09:30,490.62,0.00010905758954193878,-9.0942410458061228e-05,next_open
long,2025-04-09 16:00,545.89999999999998,2025-04-10 09:30,540.13999999999999,-0.010551383037186279,-0.01075138303718628,next_open
long,2025-04-10 16:00,522.10170000000005,2025-04-11 09:30,525.20000000000005,0.0059342844507113135,0.0057342844507113138,next_open
long,2025-04-11 16:00,534.28999999999996,2025-04-14 09:30,540,0.010687080050160169,0.010487080050160169,next_open
long,2025-04-14 16:00,536.89999999999998,2025-04-15 09:30,539.26999999999998,0.0044142298379585831,0.0042142298379585835,next_open
long,2025-04-15 16:00,533.58000000000004,2025-04-16 09:30,530,-0.0067093969039320189,-0.0069093969039320186,next_open
long,2025-04-16 16:00,525.95000000000005,2025-04-17 09:30,531.5,0.01055233387204102,0.010352333872041019,next_open
long,2025-04-17 16:00,527.10000000000002,2025-04-21 09:30,522.77999999999997,-0.0081957882754696287,-0.0083957882754696293,next_open
long,2025-04-21 16:00,516.04999999999995,2025-04-22 09:30,518.71000000000004,0.0051545392888288077,0.0049545392888288081,next_open
long,2025-04-22 16:00,536.64999999999998,2025-04-23 09:30,536.78999999999996,0.00026087766700833015,6.087766700833014e-05,next_open
long,2025-04-23 16:00,536.70000000000005,2025-04-24 09:30,533.00999999999999,-0.0068753493571829249,-0.0070753493571829246,next_open
long,2025-04-24 16:00,548.37,2025-04-25 09:30,549.35000000000002,0.0017871145394532384,0.0015871145394532383,next_open
long,2025-04-25 16:00,551.23000000000002,2025-04-28 09:30,548.91999999999996,-0.0041906282314098098,-0.0043906282314098094,next_open
long,2025-04-28 16:00,551.10000000000002,2025-04-29 09:30,552.80999999999995,0.0031028851388130718,0.0029028851388130717,next_open
long,2025-04-29 16:00,552.99000000000001,2025-04-30 09:30,553.28999999999996,0.00054250528942656473,0.00034250528942656475,next_open
long,2025-04-30 16:00,559.27850000000001,2025-05-01 09:30,560.07000000000005,0.0014152162116012335,0.0012152162116012334,next_open
long,2025-05-01 16:00,557.17999999999995,2025-05-02 09:30,560.98000000000002,0.0068200581499695545,0.0066200581499695548,next_open
long,2025-05-02 16:00,566.83000000000004,2025-05-05 09:30,563.85000000000002,-0.0052573081876400307,-0.0054573081876400304,next_open
long,2025-05-05 16:00,562.80999999999995,2025-05-06 09:30,560.38999999999999,-0.0042998525257190723,-0.0044998525257190719,next_open
long,2025-05-06 16:00,563.39999999999998,2025-05-07 09:30,562.67999999999995,-0.0012779552715654896,-0.0014779552715654897,next_open
long,2025-05-07 16:00,561.00999999999999,2025-05-08 09:30,556.5,-0.0080390723873015046,-0.0082390723873015052,next_open
long,2025-05-08 16:00,564.32000000000005,2025-05-09 09:30,565.38,0.001878366884037419,0.0016783668840374189,next_open
long,2025-05-09 16:00,565,2025-05-12 09:30,571.12,0.010831858407079675,0.010631858407079675,next_open
long,2025-05-12 16:00,582.13,2025-05-13 09:30,580.70000000000005,-0.0024564959716900647,-0.0026564959716900648,next_open
long,2025-05-13 16:00,587.21000000000004,2025-05-14 09:30,587.46000000000004,0.00042574206842527218,0.00022574206842527217,next_open
long,2025-05-14 16:00,586.13,2025-05-15 09:30,584.88,-0.0021326326924061556,-0.0023326326924061557,next_open
long,2025-05-15 16:00,590.17999999999995,2025-05-16 09:30,591.13,0.001609678403199144,0.0014096784031991439,next_open
long,2025-05-16 16:00,588.25,2025-05-19 09:30,588.20000000000005,-8.49978750530056e-05,-0.00028499787505300558,next_open
long,2025-05-19 16:00,595.53999999999996,2025-05-20 09:30,593.45000000000005,-0.0035094200221645888,-0.0037094200221645889,next_open
long,2025-05-20 16:00,592.35000000000002,2025-05-21 09:30,590.25,-0.0035452013167891483,-0.0037452013167891484,next_open
long,2025-05-21 16:00,583.11099999999999,2025-05-22 09:30,584,0.0015245810831900908,0.0013245810831900907,next_open
long,2025-05-22 16:00,583.11000000000001,2025-05-23 09:30,584.22000000000003,0.0019035859443330416,0.0017035859443330415,next_open
long,2025-05-23 16:00,579,2025-05-27 09:30,585.12,0.010569948186528455,0.010369948186528455,next_open
long,2025-05-27 16:00,591.29999999999995,2025-05-28 09:30,589.98000000000002,-0.0022323693556569602,-0.0024323693556569602,next_open
long,2025-05-28 16:00,596.60900000000004,2025-05-29 09:30,596.62,1.8437536141613364e-05,-0.00018156246385838665,next_open
long,2025-05-29 16:00,588.10000000000002,2025-05-30 09:30,589.13,0.001751402822649073,0.0015514028226490729,next_open
long,2025-05-30 16:00,588.40089999999998,2025-06-02 09:30,586.79999999999995,-0.0027207640233045671,-0.0029207640233045672,next_open
long,2025-06-02 16:00,591.48000000000002,2025-06-03 09:30,590.20000000000005,-0.0021640630283356055,-0.0023640630283356056,next_open
long,2025-06-03 16:00,596.30169999999998,2025-06-04 09:30,596.99000000000001,0.001154281465238105,0.00095428146523810506,next_open
long,2025-06-04 16:00,595.48000000000002,2025-06-05 09:30,596.5,0.0017129038758647575,0.0015129038758647574,next_open
long,2025-06-05 16:00,592.83000000000004,2025-06-06 09:30,594.72000000000003,0.0031880977683316214,0.0029880977683316213,next_open
long,2025-06-06 16:00,599.73000000000002,2025-06-09 09:30,599.45000000000005,-0.00046687676120915622,-0.0006668767612091562,next_open
long,2025-06-09 16:00,599.88,2025-06-10 09:30,599.83000000000004,-8.3350003333926281e-05,-0.00028335000333392626,next_open
long,2025-06-10 16:00,602.70000000000005,2025-06-11 09:30,601.88999999999999,-0.0013439522150324734,-0.0015439522150324735,next_open
long,2025-06-11 16:00,600.48950000000002,2025-06-12 09:30,598.67999999999995,-0.0030133749216265659,-0.003213374921626566,next_open
long,2025-06-12 16:00,600.19000000000005,2025-06-13 09:30,596.34000000000003,-0.0064146353654676025,-0.0066146353654676021,next_open
long,2025-06-13 16:00,597.49000000000001,2025-06-16 09:30,600.30999999999995,0.0047197442635023013,0.0045197442635023016,next_open
long,2025-06-16 16:00,598.94000000000005,2025-06-17 09:30,599.07000000000005,0.00021705012188188988,1.705012188188987e-05,next_open
long,2025-06-17 16:00,596.20000000000005,2025-06-18 09:30,599.01999999999998,0.0047299563904728004,0.0045299563904728007,next_open
long,2025-06-18 16:00,597.28999999999996,2025-06-20 09:30,595.23000000000002,-0.0034489109142961105,-0.0036489109142961106,next_open
long,2025-06-20 16:00,595.30999999999995,2025-06-23 09:30,594.22000000000003,-0.0018309788177587327,-0.0020309788177587328,next_open
long,2025-06-23 16:00,603.33839999999998,2025-06-24 09:30,605.07000000000005,0.0028700311466998141,0.002670031146699814,next_open
long,2025-06-24 16:00,607.01999999999998,2025-06-25 09:30,607,-3.2947843563557733e-05,-0.00023294784356355774,next_open
long,2025-06-25 16:00,607.09000000000003,2025-06-26 09:30,607.72000000000003,0.001037737403021044,0.00083773740302104402,next_open
long,2025-06-26 16:00,612.09820000000002,2025-06-27 09:30,613.63999999999999,0.0025188768730246558,0.0023188768730246557,next_open
long,2025-06-27 16:00,613.42999999999995,2025-06-30 09:30,617.33000000000004,0.0063576936243745497,0.00615769362437455,next_open
long,2025-06-30 16:00,617.71000000000004,2025-07-01 09:30,617.02999999999997,-0.0011008402000940443,-0.0013008402000940444,next_open
long,2025-07-01 16:00,617.92899999999997,2025-07-02 09:30,618.49000000000001,0.00090787129265668121,0.00070787129265668122,next_open
long,2025-07-02 16:00,620.62,2025-07-03 09:30,621.22000000000003,0.00096677516032350752,0.00076677516032350754,next_open
long,2025-07-03 13:00,625.00999999999999,2025-07-07 09:30,623.38,-0.0026079582726675765,-0.0028079582726675766,next_open
long,2025-07-07 16:00,620,2025-07-08 09:30,621.22000000000003,0.0019677419354839909,0.0017677419354839908,next_open
long,2025-07-08 16:00,620.26009999999997,2025-07-09 09:30,620.47000000000003,0.00033840642014548727,0.00013840642014548726,next_open
long,2025-07-09 16:00,623.67880000000002,2025-07-10 09:30,622.78999999999996,-0.0014250925316044993,-0.0016250925316044994,next_open
long,2025-07-10 16:00,626.30999999999995,2025-07-11 09:30,622.74000000000001,-0.0057000526895625292,-0.0059000526895625289,next_open
long,2025-07-11 16:00,623.03999999999996,2025-07-14 09:30,621.41999999999996,-0.0026001540832049086,-0.0028001540832049087,next_open
long,2025-07-14 16:00,624.12,2025-07-15 09:30,626.64999999999998,0.0040537076203293054,0.0038537076203293053,next_open
long,2025-07-15 16:00,621.03999999999996,2025-07-16 09:30,621.88,0.0013525698827774324,0.0011525698827774323,next_open
long,2025-07-16 16:00,623.17999999999995,2025-07-17 09:30,624.39999999999998,0.0019577008248019556,0.0017577008248019555,next_open
long,2025-07-17 16:00,628.71000000000004,2025-07-18 09:30,628.74000000000001,4.7716753352133878e-05,-0.00015228324664786613,next_open
long,2025-07-18 16:00,627.89999999999998,2025-07-21 09:30,629.11000000000001,0.0019270584487975917,0.0017270584487975916,next_open
long,2025-07-21 16:00,629.05999999999995,2025-07-22 09:30,628.30999999999995,-0.0011922551108002333,-0.0013922551108002334,next_open
long,2025-07-22 16:00,630.50999999999999,2025-07-23 09:30,630.48000000000002,-4.7580530047053315e-05,-0.0002475805300470533,next_open
long,2025-07-23 16:00,634.65949999999998,2025-07-24 09:30,633.95000000000005,-0.0011179222874626582,-0.0013179222874626583,next_open
long,2025-07-24 16:00,635.44000000000005,2025-07-25 09:30,635.00999999999999,-0.00067669646229395752,-0.00087669646229395751,next_open
long,2025-07-25 16:00,637.45979999999997,2025-07-28 09:30,639.24000000000001,0.0027926466892500557,0.0025926466892500556,next_open
long,2025-07-28 16:00,637.38,2025-07-29 09:30,638.44000000000005,0.001663058144278251,0.001463058144278251,next_open
long,2025-07-29 16:00,635.44000000000005,2025-07-30 09:30,636.03999999999996,0.00094422762180523812,0.00074422762180523813,next_open
long,2025-07-30 16:00,638.95000000000005,2025-07-31 09:30,640.63999999999999,0.0026449643947099588,0.0024449643947099587,next_open
long,2025-07-31 16:00,631.08000000000004,2025-08-01 09:30,629.5,-0.0025036445458579415,-0.0027036445458579416,next_open
long,2025-08-01 16:00,621.23000000000002,2025-08-04 09:30,624.10000000000002,0.0046198670379731244,0.0044198670379731247,next_open
long,2025-08-04 16:00,631.78999999999996,2025-08-05 09:30,631.62,-0.00026907675018594812,-0.0004690767501859481,next_open
long,2025-08-05 16:00,627.23000000000002,2025-08-06 09:30,631.21000000000004,0.0063453597563891684,0.0061453597563891687,next_open
long,2025-08-06 16:00,633.61000000000001,2025-08-07 09:30,634.99000000000001,0.0021779959280945338,0.0019779959280945337,next_open
long,2025-08-07 16:00,633.29999999999995,2025-08-08 09:30,633.55999999999995,0.0004105479235749776,0.00021054792357497759,next_open
long,2025-08-08 16:00,638.60000000000002,2025-08-11 09:30,637.98000000000002,-0.00097087378640781097,-0.0011708737864078111,next_open
long,2025-08-11 16:00,635.75,2025-08-12 09:30,636.67999999999995,0.0014628391663389362,0.0012628391663389361,next_open
long,2025-08-12 16:00,643.05999999999995,2025-08-13 09:30,643.54999999999995,0.00076198177464004146,0.00056198177464004148,next_open
long,2025-08-13 16:00,644.72000000000003,2025-08-14 09:30,644.55999999999995,-0.00024816974810781822,-0.0004481697481078182,next_open
long,2025-08-14 16:00,645.15999999999997,2025-08-15 09:30,646.80999999999995,0.0025575051150101835,0.0023575051150101834,next_open
long,2025-08-15 16:00,643.22940000000006,2025-08-18 09:30,642.97000000000003,-0.00040327758650338108,-0.00060327758650338106,next_open
long,2025-08-18 16:00,643.54999999999995,2025-08-19 09:30,642.63,-0.0014295703519539016,-0.0016295703519539017,next_open
long,2025-08-19 16:00,639.22000000000003,2025-08-20 09:30,637.22000000000003,-0.0031288132411376735,-0.0033288132411376735,next_open
long,2025-08-20 16:00,637.79989999999998,2025-08-21 09:30,638.00999999999999,0.00032941366093042213,0.00012941366093042212,next_open
long,2025-08-21 16:00,636.57000000000005,2025-08-22 09:30,636.01999999999998,-0.00086400552963550314,-0.0010640055296355032,next_open
long,2025-08-22 16:00,645.5,2025-08-25 09:30,644.40999999999997,-0.0016886134779241502,-0.0018886134779241503,next_open
long,2025-08-25 16:00,643.00999999999999,2025-08-26 09:30,641.37,-0.0025505046577813939,-0.002750504657781394,next_open
long,2025-08-26 16:00,645.71000000000004,2025-08-27 09:30,645.5,-0.0003252233975005181,-0.00052522339750051808,next_open
long,2025-08-27 16:00,644.81989999999996,2025-08-28 09:30,647.61000000000001,0.0043269446243827669,0.0041269446243827673,next_open
long,2025-08-28 16:00,648.64999999999998,2025-08-29 09:30,647.88999999999999,-0.0011716642256994758,-0.0013716642256994759,next_open
long,2025-08-29 16:00,644.95000000000005,2025-09-02 09:30,640.74000000000001,-0.0065276378013799929,-0.0067276378013799926,next_open
long,2025-09-02 16:00,641.17999999999995,2025-09-03 09:30,641.97000000000003,0.0012321033095232803,0.0010321033095232802,next_open
long,2025-09-03 16:00,643.38,2025-09-04 09:30,644.46000000000004,0.0016786347104356114,0.0014786347104356113,next_open
long,2025-09-04 16:00,649.46000000000004,2025-09-05 09:30,650.36000000000001,0.0013857666368983779,0.0011857666368983778,next_open
long,2025-09-05 16:00,645.96000000000004,2025-09-08 09:30,648.25,0.0035451111523931989,0.0033451111523931988,next_open
long,2025-09-08 16:00,649.14999999999998,2025-09-09 09:30,649.75,0.0009242856042517289,0.00072428560425172892,next_open
long,2025-09-09 16:00,651.09000000000003,2025-09-10 09:30,652.12,0.0015819625550999028,0.0013819625550999027,next_open
long,2025-09-10 16:00,652.88,2025-09-11 09:30,653.22000000000003,0.00052076951354007583,0.00032076951354007585,next_open
long,2025-09-11 16:00,657.66999999999996,2025-09-12 09:30,657.16999999999996,-0.00076025970471516047,-0.00096025970471516045,next_open
long,2025-09-12 16:00,657.25,2025-09-15 09:30,658.5,0.0019018638265499987,0.0017018638265499987,next_open
long,2025-09-15 16:00,660.70000000000005,2025-09-16 09:30,661.75999999999999,0.0016043590131677998,0.0014043590131677997,next_open
long,2025-09-16 16:00,660.29999999999995,2025-09-17 09:30,660.22000000000003,-0.0001211570498257375,-0.00032115704982573748,next_open
long,2025-09-17 16:00,661.49000000000001,2025-09-18 09:30,663.11000000000001,0.0024490166140078706,0.0022490166140078705,next_open
long,2025-09-18 16:00,663.40999999999997,2025-09-19 09:30,660.5,-0.0043864276993110796,-0.0045864276993110792,next_open
long,2025-09-19 16:00,663.47000000000003,2025-09-22 09:30,661.87,-0.0024115634467271052,-0.0026115634467271053,next_open
long,2025-09-22 16:00,666.71000000000004,2025-09-23 09:30,666.57000000000005,-0.00020998635088720352,-0.0004099863508872035,next_open
long,2025-09-23 16:00,663.54999999999995,2025-09-24 09:30,663.60000000000002,7.5352271871054199e-05,-0.00012464772812894581,next_open
long,2025-09-24 16:00,661.71000000000004,2025-09-25 09:30,661.25,-0.00069516857838036739,-0.00089516857838036737,next_open
long,2025-09-25 16:00,657.83000000000004,2025-09-26 09:30,657.36000000000001,-0.00071447030387794541,-0.00091447030387794539,next_open
long,2025-09-26 16:00,662.11000000000001,2025-09-29 09:30,664.57000000000005,0.0037153947229313644,0.0035153947229313643,next_open
long,2025-09-29 16:00,663.32000000000005,2025-09-30 09:30,662.08000000000004,-0.0018693843092323359,-0.002069384309232336,next_open
long,2025-09-30 16:00,664.67999999999995,2025-10-01 09:30,661.23000000000002,-0.0051904675934283384,-0.0053904675934283381,next_open
long,2025-10-01 16:00,668.29150000000004,2025-10-02 09:30,669.25999999999999,0.0014492178936884592,0.0012492178936884591,next_open
long,2025-10-02 16:00,669.45000000000005,2025-10-03 09:30,671.08000000000004,0.0024348345656881598,0.0022348345656881597,next_open
long,2025-10-03 16:00,669.55999999999995,2025-10-06 09:30,670.65999999999997,0.0016428699444410721,0.0014428699444410721,next_open
long,2025-10-06 16:00,670.67999999999995,2025-10-07 09:30,670.87,0.00028329456670839193,8.3294566708391917e-05,next_open
long,2025-10-07 16:00,668.85000000000002,2025-10-08 09:30,670.11000000000001,0.0018838304552590834,0.0016838304552590833,next_open
long,2025-10-08 16:00,673.77999999999997,2025-10-09 09:30,673.12,-0.00097954822048740287,-0.001179548220487403,next_open
long,2025-10-09 16:00,671.96000000000004,2025-10-10 09:30,671.94000000000005,-2.9763676409277906e-05,-0.00022976367640927792,next_open
long,2025-10-10 16:00,652.14999999999998,2025-10-13 09:30,661.5,0.014337192363720108,0.014137192363720108,next_open
long,2025-10-13 16:00,662.67999999999995,2025-10-14 09:30,659.83000000000004,-0.0043007182954063472,-0.0045007182954063469,next_open
long,2025-10-14 16:00,662.59500000000003,2025-10-15 09:30,665.09000000000003,0.0037654977776770959,0.0035654977776770958,next_open
long,2025-10-15 16:00,665.11099999999999,2025-10-16 09:30,666.88999999999999,0.0026747415093120175,0.0024747415093120174,next_open
long,2025-10-16 16:00,658.96000000000004,2025-10-17 09:30,656.83000000000004,-0.0032323661527254854,-0.0034323661527254855,next_open
long,2025-10-17 16:00,665.27999999999997,2025-10-20 09:30,666,0.0010822510822510178,0.00088225108225101787,next_open
long,2025-10-20 16:00,671.74969999999996,2025-10-21 09:30,671.33000000000004,-0.00062478628572504302,-0.000824786285725043,next_open
long,2025-10-21 16:00,671.02999999999997,2025-10-22 09:30,671.72000000000003,0.0010282699730266298,0.00082826997302662983,next_open
long,2025-10-22 16:00,666.80960000000005,2025-10-23 09:30,668.88,0.0031049343020854714,0.0029049343020854713,next_open
long,2025-10-23 16:00,672.29999999999995,2025-10-24 09:30,673.21000000000004,0.0013535623977392053,0.0011535623977392052,next_open
long,2025-10-24 16:00,677.29999999999995,2025-10-27 09:30,682.65999999999997,0.007913775284216662,0.0077137752842166623,next_open
long,2025-10-27 16:00,685.59000000000003,2025-10-28 09:30,684.89999999999998,-0.0010064324158755023,-0.0012064324158755023,next_open
long,2025-10-28 16:00,687.27999999999997,2025-10-29 09:30,688.98000000000002,0.002473518798743024,0.002273518798743024,next_open
long,2025-10-29 16:00,686.73000000000002,2025-10-30 09:30,687.35000000000002,0.00090282935069097014,0.00070282935069097016,next_open
long,2025-10-30 16:00,684.48000000000002,2025-10-31 09:30,685.10000000000002,0.00090579710144922387,0.00070579710144922389,next_open
long,2025-10-31 16:00,681.75009999999997,2025-11-03 09:30,683.64999999999998,0.0027867982710967354,0.0025867982710967353,next_open
long,2025-11-03 16:00,681.88999999999999,2025-11-04 09:30,676.51999999999998,-0.0078751704820425594,-0.00807517048204256,next_open
long,2025-11-04 16:00,672.33000000000004,2025-11-05 09:30,674.37,0.003034224264869767,0.0028342242648697669,next_open
long,2025-11-05 16:00,677.2799,2025-11-06 09:30,676.89999999999998,-0.00056092023401255187,-0.00076092023401255185,next_open
long,2025-11-06 16:00,671.91999999999996,2025-11-07 09:30,671,-0.0013692106203119225,-0.0015692106203119226,next_open
long,2025-11-07 16:00,672.36000000000001,2025-11-10 09:30,675.62,0.0048485930156463297,0.0046485930156463301,next_open
long,2025-11-10 16:00,681.65999999999997,2025-11-11 09:30,680.88,-0.001144265469588901,-0.0013442654695889011,next_open
long,2025-11-11 16:00,683.32000000000005,2025-11-12 09:30,685.88,0.003746414564186562,0.003546414564186562,next_open
long,2025-11-12 16:00,682.08249999999998,2025-11-13 09:30,683,0.0013451451987114282,0.0011451451987114281,next_open
long,2025-11-13 16:00,672.60000000000002,2025-11-14 09:30,670.66999999999996,-0.0028694617900685282,-0.0030694617900685283,next_open
long,2025-11-14 16:00,673.34000000000003,2025-11-17 09:30,676.13999999999999,0.0041583746695577073,0.0039583746695577076,next_open
long,2025-11-17 16:00,665.29999999999995,2025-11-18 09:30,663.96000000000004,-0.0020141289643768046,-0.0022141289643768046,next_open
long,2025-11-18 16:00,659.95000000000005,2025-11-19 09:30,660.20000000000005,0.00037881657701333005,0.00017881657701333004,next_open
long,2025-11-19 16:00,670.04750000000001,2025-11-20 09:30,670.98000000000002,0.001391692380017906,0.0011916923800179059,next_open
long,2025-11-20 16:00,654.39850000000001,2025-11-21 09:30,654.63999999999999,0.00036904118820557663,0.00016904118820557662,next_open
long,2025-11-21 16:00,660.13750000000005,2025-11-24 09:30,662.5,0.0035787998712388802,0.0033787998712388801,next_open
long,2025-11-24 16:00,669.19110000000001,2025-11-25 09:30,667.89999999999998,-0.0019293442486010282,-0.0021293442486010282,next_open
long,2025-11-25 16:00,675.92899999999997,2025-11-26 09:30,677.10000000000002,0.0017324304771655363,0.0015324304771655362,next_open
long,2025-11-26 16:00,680.36929999999995,2025-11-28 09:30,681.13999999999999,0.0011327671604230982,0.00093276716042309824,next_open
long,2025-11-28 13:00,683.53999999999996,2025-12-01 09:30,679.89999999999998,-0.0053252187143399965,-0.0055252187143399962,next_open
long,2025-12-01 16:00,680.07000000000005,2025-12-02 09:30,680.47000000000003,0.00058817474671712944,0.00038817474671712945,next_open
long,2025-12-02 16:00,682.39999999999998,2025-12-03 09:30,683.14999999999998,0.0010990621336459672,0.00089906213364596718,next_open
long,2025-12-03 16:00,683.57000000000005,2025-12-04 09:30,683.65999999999997,0.00013166171716116892,-6.8338282838831087e-05,next_open
long,2025-12-04 16:00,684.75,2025-12-05 09:30,685.29999999999995,0.00080321285140549925,0.00060321285140549927,next_open
long,2025-12-05 16:00,685.97000000000003,2025-12-08 09:30,686.59000000000003,0.00090382961353996372,0.00070382961353996373,next_open
long,2025-12-08 16:00,684.67999999999995,2025-12-09 09:30,684.5,-0.00026289653560784831,-0.0004628965356078483,next_open
long,2025-12-09 16:00,682.5,2025-12-10 09:30,683.71000000000004,0.0017728937728938021,0.001572893772893802,next_open
long,2025-12-10 16:00,685.72059999999999,2025-12-11 09:30,683.29999999999995,-0.003530009161165748,-0.0037300091611657481,next_open
long,2025-12-11 16:00,688.48000000000002,2025-12-12 09:30,688.64999999999998,0.00024692075296295357,4.6920752962953562e-05,next_open
long,2025-12-12 16:00,681.88739999999996,2025-12-15 09:30,684.14999999999998,0.0033181431421083207,0.0031181431421083206,next_open
long,2025-12-15 16:00,679.48000000000002,2025-12-16 09:30,677.48000000000002,-0.0029434273267793243,-0.0031434273267793244,next_open
long,2025-12-16 16:00,677.69000000000005,2025-12-17 09:30,679.5,0.0026708376986526172,0.0024708376986526171,next_open
long,2025-12-17 16:00,672.84000000000003,2025-12-18 09:30,673.04999999999995,0.00031210986267149465,0.00011210986267149464,next_open
long,2025-12-18 16:00,676.42999999999995,2025-12-19 09:30,676.49000000000001,8.8700974232525098e-05,-0.00011129902576747491,next_open
long,2025-12-19 16:00,681.45050000000003,2025-12-22 09:30,681.5,7.2639171883936982e-05,-0.00012736082811606303,next_open
long,2025-12-22 16:00,685.05989999999997,2025-12-23 09:30,684.85000000000002,-0.00030639656473829824,-0.00050639656473829822,next_open
long,2025-12-23 16:00,687.67570000000001,2025-12-24 09:30,687.45000000000005,-0.0003282070313084251,-0.00052820703130842508,next_open
long,2025-12-24 13:00,689.55999999999995,2025-12-26 09:30,690.04999999999995,0.00071059806253259694,0.00051059806253259696,next_open
long,2025-12-26 16:00,689.90999999999997,2025-12-29 09:30,690.01999999999998,0.00015944108651844147,-4.0558913481558544e-05,next_open
long,2025-12-29 16:00,687.34000000000003,2025-12-30 09:30,687.92999999999995,0.00085838158698736677,0.00065838158698736679,next_open
long,2025-12-30 16:00,685.85000000000002,2025-12-31 09:30,685.13999999999999,-0.0010352117810017436,-0.0012352117810017437,next_open
long,2025-12-31 16:00,682.5,2026-01-02 09:30,683.89999999999998,0.0020512820512819108,0.0018512820512819107,next_open
long,2026-01-02 16:00,682.96990000000005,2026-01-05 09:30,684.25,0.0018743139338937009,0.0016743139338937008,next_open
long,2026-01-05 16:00,687.38,2026-01-06 09:30,686.95000000000005,-0.00062556373476085891,-0.0008255637347608589,next_open
long,2026-01-06 16:00,692.09960000000001,2026-01-07 09:30,690.76999999999998,-0.0019211107765414459,-0.002121110776541446,next_open
long,2026-01-07 16:00,690.11000000000001,2026-01-08 09:30,688.67999999999995,-0.0020721334280042747,-0.0022721334280042748,next_open
long,2026-01-08 16:00,689.47140000000002,2026-01-09 09:30,689.42999999999995,-6.0046000457836257e-05,-0.00026004600045783624,next_open
long,2026-01-09 16:00,694.48000000000002,2026-01-12 09:30,689.01999999999998,-0.0078619974657297975,-0.008061997465729798,next_open
long,2026-01-12 16:00,693.87,2026-01-13 09:30,694.30999999999995,0.00063412454782585392,0.00043412454782585394,next_open
long,2026-01-13 16:00,693.59870000000001,2026-01-14 09:30,692.71000000000004,-0.0012812884453214934,-0.0014812884453214935,next_open
long,2026-01-14 16:00,689.51999999999998,2026-01-15 09:30,691.10000000000002,0.0022914491240284551,0.002091449124028455,next_open
long,2026-01-15 16:00,692.93870000000004,2026-01-16 09:30,693.92999999999995,0.0014305738732731665,0.0012305738732731664,next_open
long,2026-01-16 16:00,691.41999999999996,2026-01-20 09:30,680.67999999999995,-0.015533250412195221,-0.01573325041219522,next_open
long,2026-01-20 16:00,678.66020000000003,2026-01-21 09:30,679.73000000000002,0.0015763411498124213,0.0013763411498124213,next_open
long,2026-01-21 16:00,686.89999999999998,2026-01-22 09:30,688,0.0016013975833455429,0.0014013975833455429,next_open
long,2026-01-22 16:00,689.32899999999995,2026-01-23 09:30,690.38999999999999,0.0015391779542135442,0.0013391779542135441,next_open
long,2026-01-23 16:00,687.99000000000001,2026-01-26 09:30,688.62,0.00091571098417131402,0.00071571098417131404,next_open
long,2026-01-26 16:00,692.97000000000003,2026-01-27 09:30,694.45000000000005,0.0021357345916850345,0.0019357345916850345,next_open
long,2026-01-27 16:00,697.15999999999997,2026-01-28 09:30,697.5,0.00048769292558392685,0.00028769292558392687,next_open
long,2026-01-28 16:00,694.63009999999997,2026-01-29 09:30,697,0.0034117438907412811,0.0032117438907412811,next_open
long,2026-01-29 16:00,692.69230000000005,2026-01-30 09:30,690.78999999999996,-0.0027462410077317978,-0.0029462410077317979,next_open
long,2026-01-30 16:00,690.49000000000001,2026-02-02 09:30,687,-0.0050543816709872624,-0.0052543816709872621,next_open
long,2026-02-02 16:00,697.01999999999998,2026-02-03 09:30,697.01999999999998,0,-0.00020000000000000001,next_open
long,2026-02-03 16:00,688.76999999999998,2026-02-04 09:30,690,0.0017857920641142222,0.0015857920641142221,next_open
long,2026-02-04 16:00,687.89999999999998,2026-02-05 09:30,686.02999999999997,-0.0027184183747638313,-0.0029184183747638314,next_open
long,2026-02-05 16:00,673.90999999999997,2026-02-06 09:30,677.39999999999998,0.0051787330652461883,0.0049787330652461886,next_open
long,2026-02-06 16:00,690.61620000000005,2026-02-09 09:30,690.88999999999999,0.00039645754038186709,0.00019645754038186708,next_open
long,2026-02-09 16:00,693.72000000000003,2026-02-10 09:30,694.38,0.00095139249264830639,0.0007513924926483064,next_open
long,2026-02-10 16:00,693.69000000000005,2026-02-11 09:30,693.34000000000003,-0.00050454814110056923,-0.00070454814110056921,next_open
long,2026-02-11 16:00,692.46000000000004,2026-02-12 09:30,693.84000000000003,0.0019928948964560433,0.0017928948964560433,next_open
long,2026-02-12 16:00,680.64999999999998,2026-02-13 09:30,681.15999999999997,0.00074928377286420655,0.00054928377286420657,next_open
long,2026-02-13 16:00,680.94989999999996,2026-02-17 09:30,680.64999999999998,-0.00044041419199858378,-0.00064041419199858376,next_open
long,2026-02-17 16:00,681.77999999999997,2026-02-18 09:30,685.88,0.006013670098858892,0.0058136700988588924,next_open
long,2026-02-18 16:00,685.87990000000002,2026-02-19 09:30,686,0.00017510354217997737,-2.4896457820022642e-05,next_open
long,2026-02-19 16:00,685.38999999999999,2026-02-20 09:30,686.54999999999995,0.0016924670625482197,0.0014924670625482196,next_open
long,2026-02-20 16:00,689.59000000000003,2026-02-23 09:30,686.72000000000003,-0.0041618932989168078,-0.0043618932989168075,next_open
long,2026-02-23 16:00,683.12,2026-02-24 09:30,682.76999999999998,-0.00051235507670688296,-0.00071235507670688294,next_open
long,2026-02-24 16:00,687.94000000000005,2026-02-25 09:30,688.32000000000005,0.00055237375352490403,0.00035237375352490405,next_open
long,2026-02-25 16:00,692.14829999999995,2026-02-26 09:30,692.5,0.00050812809913725054,0.00030812809913725056,next_open
long,2026-02-26 16:00,686.26739999999995,2026-02-27 09:30,687.50999999999999,0.0018106644727697851,0.0016106644727697851,next_open
long,2026-02-27 16:00,683.69000000000005,2026-03-02 09:30,677.65999999999997,-0.0088197867454549161,-0.0090197867454549167,next_open
long,2026-03-02 16:00,684.42079999999999,2026-03-03 09:30,677.74000000000001,-0.0097612462975993353,-0.0099612462975993358,next_open
long,2026-03-03 16:00,679.66999999999996,2026-03-04 09:30,678.21000000000004,-0.0021481012844467573,-0.0023481012844467574,next_open
long,2026-03-04 16:00,686.92999999999995,2026-03-05 09:30,683.52999999999997,-0.0049495581791448862,-0.0051495581791448858,next_open
long,2026-03-05 16:00,682.12009999999998,2026-03-06 09:30,682.00999999999999,-0.00016140852615253998,-0.00036140852615253996,next_open
long,2026-03-06 16:00,671.29999999999995,2026-03-09 09:30,662.47000000000003,-0.013153582600923475,-0.013353582600923475,next_open
long,2026-03-09 16:00,675.33920000000001,2026-03-10 09:30,678.48000000000002,0.004650699974175998,0.0044506999741759984,next_open
long,2026-03-10 16:00,677.95000000000005,2026-03-11 09:30,677.79999999999995,-0.0002212552548124247,-0.00042125525481242468,next_open
long,2026-03-11 16:00,671.25,2026-03-12 09:30,672.79999999999995,0.0023091247672253346,0.0021091247672253345,next_open
long,2026-03-12 16:00,666.48000000000002,2026-03-13 09:30,664.85000000000002,-0.0024456847917416757,-0.0026456847917416758,next_open
long,2026-03-13 16:00,663.05200000000002,2026-03-16 09:30,664,0.0014297521159727378,0.0012297521159727377,next_open
long,2026-03-16 16:00,668.79999999999995,2026-03-17 09:30,666.85000000000002,-0.002915669856459191,-0.0031156698564591911,next_open
long,2026-03-17 16:00,670.22000000000003,2026-03-18 09:30,673.5,0.0048939154307541255,0.0046939154307541258,next_open
long,2026-03-18 16:00,660.91139999999996,2026-03-19 09:30,660.44000000000005,-0.00071325748050332649,-0.00091325748050332647,next_open
long,2026-03-19 16:00,661.10000000000002,2026-03-20 09:30,659.20000000000005,-0.0028739978823173473,-0.0030739978823173474,next_open
long,2026-03-20 16:00,653.27999999999997,2026-03-23 09:30,642.95000000000005,-0.015812515307371933,-0.016012515307371931,next_open
long,2026-03-23 16:00,656.75,2026-03-24 09:30,655.16999999999996,-0.0024057860677579868,-0.0026057860677579868,next_open
long,2026-03-24 16:00,657.54999999999995,2026-03-25 09:30,658.20000000000005,0.00098851798342347585,0.00078851798342347587,next_open
long,2026-03-25 16:00,655.40999999999997,2026-03-26 09:30,654.17999999999995,-0.0018766878747654703,-0.0020766878747654704,next_open
long,2026-03-26 16:00,647.86000000000001,2026-03-27 09:30,647.69000000000005,-0.0002624023708824863,-0.00046240237088248628,next_open
long,2026-03-27 16:00,632.98000000000002,2026-03-30 09:30,636.88,0.0061613321115989717,0.005961332111598972,next_open
long,2026-03-30 16:00,630.58000000000004,2026-03-31 09:30,638.80999999999995,0.013051476418535213,0.012851476418535212,next_open
long,2026-03-31 16:00,652.27999999999997,2026-04-01 09:30,654,0.0026369043968847983,0.0024369043968847982,next_open
long,2026-04-01 16:00,654.75,2026-04-02 09:30,648.00999999999999,-0.010294005345551804,-0.010494005345551805,next_open
long,2026-04-02 16:00,655.91999999999996,2026-04-06 09:30,656.07000000000005,0.00022868642517392956,2.8686425173929554e-05,next_open
long,2026-04-06 16:00,657.90999999999997,2026-04-07 09:30,656.45000000000005,-0.0022191485157543323,-0.0024191485157543323,next_open
long,2026-04-07 16:00,673.64059999999995,2026-04-08 09:30,674.67999999999995,0.0015429592575031403,0.0013429592575031402,next_open
long,2026-04-08 16:00,674.70000000000005,2026-04-09 09:30,673.97000000000003,-0.0010819623536386658,-0.0012819623536386659,next_open
long,2026-04-09 16:00,679.27999999999997,2026-04-10 09:30,679.87,0.00086856671770108029,0.00066856671770108031,next_open
long,2026-04-10 16:00,680.64999999999998,2026-04-13 09:30,675.5,-0.0075662969220597898,-0.0077662969220597894,next_open
long,2026-04-13 16:00,686.44000000000005,2026-04-14 09:30,686.79999999999995,0.00052444496241466076,0.00032444496241466078,next_open
long,2026-04-14 16:00,694.60000000000002,2026-04-15 09:30,694.60000000000002,0,-0.00020000000000000001,next_open
long,2026-04-15 16:00,700.64999999999998,2026-04-16 09:30,700.95000000000005,0.0004281738385785161,0.00022817383857851609,next_open
long,2026-04-16 16:00,702.22000000000003,2026-04-17 09:30,702.72000000000003,0.00071202756970745185,0.00051202756970745186,next_open
long,2026-04-17 16:00,710.75,2026-04-20 09:30,706.55999999999995,-0.0058951811466760873,-0.0060951811466760869,next_open
long,2026-04-20 16:00,709.49000000000001,2026-04-21 09:30,709.63999999999999,0.0002114194703237704,1.1419470323770388e-05,next_open
long,2026-04-21 16:00,707,2026-04-22 09:30,708.48000000000002,0.0020933521923620635,0.0018933521923620634,next_open
long,2026-04-22 16:00,710.42999999999995,2026-04-23 09:30,708.70000000000005,-0.0024351449122360647,-0.0026351449122360648,next_open
long,2026-04-23 16:00,709.53999999999996,2026-04-24 09:30,709.41999999999996,-0.0001691236575809274,-0.00036912365758092738,next_open
long,2026-04-24 16:00,714.00999999999999,2026-04-27 09:30,713.87,-0.00019607568521451402,-0.000396075685214514,next_open
long,2026-04-27 16:00,716.25999999999999,2026-04-28 09:30,714.35000000000002,-0.0026666294362381882,-0.0028666294362381882,next_open
long,2026-04-28 16:00,712.47000000000003,2026-04-29 09:30,712.25,-0.00030878493129538054,-0.00050878493129538052,next_open
long,2026-04-29 16:00,713.71000000000004,2026-04-30 09:30,711.48000000000002,-0.0031245183617996108,-0.0033245183617996109,next_open
long,2026-04-30 16:00,719.87,2026-05-01 09:30,720.36000000000001,0.00068067845583241748,0.0004806784558324175,next_open
long,2026-05-01 16:00,720,2026-05-04 09:30,721.79999999999995,0.0024999999999999467,0.0022999999999999466,next_open
long,2026-05-04 16:00,717.76220000000001,2026-05-05 09:30,719.88999999999999,0.0029644915823094919,0.0027644915823094919,next_open
long,2026-05-05 16:00,726.46000000000004,2026-05-06 09:30,725.15999999999997,-0.0017894997659886336,-0.0019894997659886337,next_open
long,2026-05-06 16:00,733,2026-05-07 09:30,734.29999999999995,0.0017735334242836576,0.0015735334242836575,next_open
long,2026-05-07 16:00,731.43910000000005,2026-05-08 09:30,733.13,0.0023117440672777434,0.0021117440672777433,next_open
long,2026-05-08 16:00,737.82000000000005,2026-05-11 09:30,736.5,-0.0017890542408718346,-0.0019890542408718347,next_open
long,2026-05-11 16:00,739.27999999999997,2026-05-12 09:30,737.61000000000001,-0.0022589546585867204,-0.0024589546585867205,next_open
long,2026-05-12 16:00,736.66999999999996,2026-05-13 09:30,739.16999999999996,0.0033936498024895734,0.0031936498024895733,next_open
long,2026-05-13 16:00,743.57000000000005,2026-05-14 09:30,743.5,-9.4140430625277993e-05,-0.00029414043062527798,next_open
long,2026-05-14 16:00,747.65150000000006,2026-05-15 09:30,744.24000000000001,-0.0045629547991277164,-0.0047629547991277161,next_open
long,2026-05-15 16:00,737.34000000000003,2026-05-18 09:30,735,-0.0031735698592237904,-0.0033735698592237905,next_open
long,2026-05-18 16:00,738.88999999999999,2026-05-19 09:30,738.97000000000003,0.00010827051387907183,-9.1729486120928182e-05,next_open
long,2026-05-19 16:00,734.25,2026-05-20 09:30,734.29999999999995,6.8096697310116028e-05,-0.00013190330268988398,next_open
long,2026-05-20 16:00,738.30499999999995,2026-05-21 09:30,739.22929999999997,0.0012519216313040538,0.0010519216313040537,next_open
long,2026-05-21 16:00,744.13109999999995,2026-05-22 09:30,745.45000000000005,0.001772402739248724,0.001572402739248724,next_open
long,2026-05-22 16:00,743.73000000000002,2026-05-26 09:30,748.79999999999995,0.0068169900367067715,0.0066169900367067718,next_open
long,2026-05-26 16:00,750.85000000000002,2026-05-27 09:30,753.55999999999995,0.0036092428580940528,0.0034092428580940527,next_open
long,2026-05-27 16:00,750.04999999999995,2026-05-28 09:30,748.66999999999996,-0.0018398773415105873,-0.0020398773415105874,next_open
long,2026-05-28 16:00,755.10000000000002,2026-05-29 09:30,755.49000000000001,0.00051648788239977428,0.0003164878823997743,next_open
long,2026-05-29 16:00,755.63999999999999,2026-06-01 09:30,758.01999999999998,0.0031496479805197541,0.0029496479805197541,next_open
long,2026-06-01 16:00,756.58000000000004,2026-06-02 09:30,756.72000000000003,0.00018504322080947766,-1.495677919052235e-05,next_open
long,2026-06-02 16:00,759.63,2026-06-03 09:30,759,-0.00082935113147186712,-0.0010293511314718672,next_open
long,2026-06-03 16:00,750.54999999999995,2026-06-04 09:30,751.72000000000003,0.0015588568383186896,0.0013588568383186895,next_open
long,2026-06-04 16:00,754.55999999999995,2026-06-05 09:30,753.11000000000001,-0.0019216497031381286,-0.0021216497031381286,next_open
long,2026-06-05 16:00,735.36389999999994,2026-06-08 09:30,739.16999999999996,0.0051758047954217901,0.0049758047954217904,next_open
long,2026-06-08 16:00,738.72000000000003,2026-06-09 09:30,741.12,0.0032488628979856493,0.0030488628979856492,next_open
long,2026-06-09 16:00,735.70000000000005,2026-06-10 09:30,735.47000000000003,-0.0003126274296588738,-0.00051262742965887378,next_open
long,2026-06-10 16:00,722.88,2026-06-11 09:30,730.02999999999997,0.0098909915891987055,0.0096909915891987049,next_open
long,2026-06-11 16:00,739.48000000000002,2026-06-12 09:30,736.33000000000004,-0.0042597500946610634,-0.004459750094661063,next_open
long,2026-06-12 16:00,742.45000000000005,2026-06-15 09:30,750.12,0.010330661997440815,0.010130661997440815,next_open
long,2026-06-15 16:00,753.89999999999998,2026-06-16 09:30,754.32000000000005,0.00055710306406697718,0.0003571030640669772,next_open
long,2026-06-16 16:00,750.75,2026-06-17 09:30,751.75999999999999,0.001345321345321393,0.0011453213453213929,next_open
long,2026-06-17 16:00,745.60050000000001,2026-06-18 09:30,746.04999999999995,0.00060286976738876952,0.00040286976738876953,next_open
long,2026-06-18 16:00,746.94000000000005,2026-06-22 09:30,745.5,-0.0019278656920235226,-0.0021278656920235227,next_open
long,2026-06-22 16:00,743.66999999999996,2026-06-23 09:30,733.97000000000003,-0.01304341979641499,-0.013243419796414991,next_open
long,2026-06-23 16:00,735.01999999999998,2026-06-24 09:30,735.94000000000005,0.0012516666213164829,0.0010516666213164828,next_open
long,2026-06-24 16:00,737.20000000000005,2026-06-25 09:30,739,0.0024416711882799813,0.0022416711882799812,next_open
long,2026-06-25 16:00,732.70000000000005,2026-06-26 09:30,732.62,-0.00010918520540470489,-0.00030918520540470487,next_open
long,2026-06-26 16:00,731.20060000000001,2026-06-29 09:30,736.01999999999998,0.0065910777425510769,0.0063910777425510773,next_open
long,2026-06-29 16:00,740.75999999999999,2026-06-30 09:30,742,0.0016739564771315329,0.0014739564771315329,next_open
long,2026-06-30 16:00,746.29999999999995,2026-07-01 09:30,744.52999999999997,-0.0023717003885836974,-0.0025717003885836975,next_open
long,2026-07-01 16:00,744.90999999999997,2026-07-02 09:30,745.24000000000001,0.0004430065377025727,0.00024300653770257269,next_open
long,2026-07-02 16:00,745.71010000000001,2026-07-06 09:30,747.5,0.0024002625148833445,0.0022002625148833444,next_open
long,2026-07-06 16:00,750.65999999999997,2026-07-07 09:30,749.38999999999999,-0.0016918445101643531,-0.0018918445101643532,next_open
long,2026-07-07 16:00,746.15999999999997,2026-07-08 09:30,746.66999999999996,0.00068349951752977312,0.00048349951752977313,next_open
long,2026-07-08 16:00,745.3433,2026-07-09 09:30,747.13,0.0023971504137758615,0.0021971504137758614,next_open
long,2026-07-09 16:00,751.43859999999995,2026-07-10 09:30,750.05999999999995,-0.0018346142984936309,-0.002034614298493631,next_open
long,2026-07-10 16:00,754.80999999999995,2026-07-13 09:30,752.00999999999999,-0.0037095427988499408,-0.0039095427988499404,next_open
long,2026-07-13 16:00,748.13,2026-07-14 09:30,747.88999999999999,-0.00032079986098676461,-0.00052079986098676459,next_open
long,2026-07-14 16:00,753.10000000000002,2026-07-15 09:30,753.5,0.00053113796308590366,0.00033113796308590368,next_open
long,2026-07-15 16:00,754.67999999999995,2026-07-16 09:30,753.30999999999995,-0.0018153389516086804,-0.0020153389516086805,next_open
long,2026-07-16 16:00,749.09000000000003,2026-07-17 09:30,745.82000000000005,-0.0043652965598258708,-0.0045652965598258705,next_open
long,2026-07-17 16:00,742.5,2026-07-20 09:30,744.07000000000005,0.0021144781144781799,0.0019144781144781798,next_open
long,2026-07-20 16:00,742.1377,2026-07-21 09:30,745.07000000000005,0.0039511535392959818,0.0037511535392959817,next_open
long,2026-07-21 16:00,748.05999999999995,2026-07-22 09:30,746.94000000000005,-0.001497206106461868,-0.0016972061064618681,next_open
long,2026-07-22 16:00,746.67999999999995,2026-07-23 09:30,744.91999999999996,-0.0023571007660577736,-0.0025571007660577737,next_open
long,2026-07-23 16:00,738.78999999999996,2026-07-24 09:30,739.84000000000003,0.0014212428430271373,0.0012212428430271372,next_open
long,2026-07-24 16:00,738.65999999999997,2026-07-27 09:30,744.23000000000002,0.0075406817751062505,0.0073406817751062508,next_open
long,2026-07-27 16:00,738.87,2026-07-28 09:30,737,-0.0025308917671579279,-0.0027308917671579279,next_open
long,2026-07-28 16:00,743.57000000000005,2026-07-29 09:30,743.25999999999999,-0.00041690762134038994,-0.00061690762134038993,next_open
long,2026-07-29 16:00,732.39999999999998,2026-07-30 09:30,730.72000000000003,-0.0022938285090113864,-0.0024938285090113864,next_open
long,2026-07-30 16:00,743.33000000000004,2026-07-31 09:30,745.05999999999995,0.0023273646967025829,0.0021273646967025829,next_open
long,2026-07-31 16:00,744.20000000000005,2026-08-03 09:30,750.07000000000005,0.0078876646062886469,0.0076876646062886472,next_open
long,2026-08-03 16:00,758.33000000000004,2026-08-04 09:30,759.21000000000004,0.001160444661295168,0.00096044466129516801,next_open
long,2026-08-04 16:00,772.67999999999995,2026-08-05 09:30,773.73000000000002,0.0013589066625252499,0.0011589066625252499,next_open
long,2026-08-05 16:00,771.12,2026-08-06 09:30,770.89999999999998,-0.0002852993049071717,-0.00048529930490717168,next_open
long,2026-08-06 16:00,768.98609999999996,2026-08-07 09:30,768.46000000000004,-0.00068414760682922182,-0.0008841476068292218,next_open
long,2026-08-07 16:00,773.375,2026-08-10 09:30,774.52999999999997,0.0014934540164861509,0.0012934540164861509,next_open
long,2026-08-10 16:00,772.35000000000002,2026-08-11 09:30,772.88999999999999,0.00069916488638566143,0.00049916488638566145,next_open
long,2026-08-11 16:00,770.98000000000002,2026-08-12 09:30,771.5,0.00067446626371636675,0.00047446626371636677,next_open
long,2026-08-12 16:00,772.29999999999995,2026-08-13 09:30,772.85000000000002,0.0007121584876343956,0.00051215848763439562,next_open
long,2026-08-13 16:00,778.12,2026-08-14 09:30,778.08000000000004,-5.1405952809280286e-05,-0.00025140595280928027,next_open
long,2026-08-14 16:00,776.00999999999999,2026-08-17 09:30,777.26999999999998,0.0016236904163606791,0.001423690416360679,next_open
long,2026-08-17 16:00,772.70000000000005,2026-08-18 09:30,769.21000000000004,-0.0045166299987058345,-0.0047166299987058341,next_open
long,2026-08-18 16:00,767.03999999999996,2026-08-19 09:30,767.88999999999999,0.0011081560283687786,0.0009081560283687786,next_open
long,2026-08-19 16:00,770.00999999999999,2026-08-20 09:30,769.04999999999995,-0.0012467370553629342,-0.0014467370553629343,next_open
long,2026-08-20 16:00,762.88,2026-08-21 09:30,764.69000000000005,0.002372588087248495,0.0021725880872484949,next_open
long,2026-08-21 16:00,767,2026-08-24 09:30,764,-0.0039113428943937656,-0.0041113428943937652,next_open
long,2026-08-24 16:00,763.64959999999996,2026-08-25 09:30,764.89999999999998,0.0016374001898253887,0.0014374001898253886,next_open
long,2026-08-25 16:00,764.97000000000003,2026-08-26 09:30,765.36000000000001,0.00050982391466325439,0.0003098239146632544,next_open
long,2026-08-26 16:00,770.66999999999996,2026-08-27 09:30,769.47000000000003,-0.0015570866908014569,-0.001757086690801457,next_open
long,2026-08-27 16:00,769.79999999999995,2026-08-28 09:30,771.19000000000005,0.0018056638087815546,0.0016056638087815545,next_open
long,2026-08-28 16:00,769.32780000000002,2026-08-31 09:30,768.77999999999997,-0.00071205018199016479,-0.00091205018199016477,next_open
long,2026-08-31 16:00,767.50999999999999,2026-09-01 09:30,766.39999999999998,-0.001446235228205528,-0.0016462352282055281,next_open
long,2026-09-01 16:00,761.92999999999995,2026-09-02 09:30,761.09000000000003,-0.0011024634808970424,-0.0013024634808970425,next_open
long,2026-09-02 16:00,765.37,2026-09-03 09:30,765.17999999999995,-0.00024824594640504571,-0.0004482459464050457,next_open
long,2026-09-03 16:00,772.70000000000005,2026-09-04 09:30,773.78999999999996,0.0014106380225182846,0.0012106380225182845,next_open
long,2026-09-04 16:00,769.45000000000005,2026-09-08 09:30,767.64999999999998,-0.0023393332900124575,-0.0025393332900124576,next_open
long,2026-09-08 16:00,765.40999999999997,2026-09-09 09:30,766.82000000000005,0.0018421499588456847,0.0016421499588456846,next_open
long,2026-09-09 16:00,763.13999999999999,2026-09-10 09:30,764.05999999999995,0.0012055455093429313,0.0010055455093429312,next_open
long,2026-09-10 16:00,757.52859999999998,2026-09-11 09:30,759.96000000000004,0.0032096477941558899,0.0030096477941558898,next_open
long,2026-09-11 16:00,764.48000000000002,2026-09-14 09:30,759.72000000000003,-0.006226454583507679,-0.0064264545835076787,next_open
long,2026-09-14 16:00,761.13,2026-09-15 09:30,759,-0.0027984706948878113,-0.0029984706948878114,next_open
long,2026-09-15 16:00,758.23000000000002,2026-09-16 09:30,758.95000000000005,0.00094957994276145818,0.0007495799427614582,next_open
long,2026-09-16 16:00,757.38390000000004,2026-09-17 09:30,759.55999999999995,0.0028731796384897645,0.0026731796384897645,next_open
long,2026-09-17 16:00,762.07849999999996,2026-09-18 09:30,763.20000000000005,0.0014716331716484454,0.0012716331716484453,next_open
long,2026-09-18 16:00,762.98000000000002,2026-09-21 09:30,764,0.0013368633515951078,0.0011368633515951077,next_open
long,2026-09-21 16:00,773.83000000000004,2026-09-22 09:30,774.00980000000004,0.00023235077471794874,3.2350774717948729e-05,next_open
long,2026-09-22 16:00,773.74000000000001,2026-09-23 09:30,774.34000000000003,0.00077545428696979002,0.00057545428696979004,next_open
long,2026-09-23 16:00,767.32000000000005,2026-09-24 09:30,764.52999999999997,-0.0036360319032477939,-0.003836031903247794,next_open
long,2026-09-24 16:00,765.89999999999998,2026-09-25 09:30,768.47000000000003,0.0033555294424860715,0.0031555294424860715,next_open
long,2026-09-25 16:00,772.03999999999996,2026-09-28 09:30,768.69000000000005,-0.004339153411740182,-0.0045391534117401816,next_open
long,2026-09-28 16:00,765.79999999999995,2026-09-29 09:30,765.30999999999995,-0.00063985374771480252,-0.00083985374771480251,next_open
long,2026-09-29 16:00,766.0693,2026-09-30 09:30,766.46000000000004,0.00051000607908457951,0.00031000607908457953,next_open
long,2026-09-30 16:00,765.53999999999996,2026-10-01 09:30,764.55999999999995,-0.0012801421219008624,-0.0014801421219008625,next_open
