date,in_window,equity,ret,gross_ret,s1_ret,b1_ret,b2_ret,equity_sleeve_ret,rates_sleeve_ret,commodities_sleeve_ret
2021-09-27,0,100000.0,0.0,0.0,0.0,-0.0029239766081871066,0.0,0.0,0.0,0.0
2021-09-28,0,100000.0,0.0,0.0,0.0,-0.019470624753089916,0.0,0.0,0.0,0.0
2021-09-29,0,100000.0,0.0,0.0,0.0,0.0005175388154110561,0.0,0.0,0.0,0.0
2021-09-30,0,100000.0,0.0,0.0,0.0,-0.014277522935779774,0.0,0.0,0.0,0.0
2021-10-01,0,100000.0,0.0,0.0,0.0,0.00993954894210658,0.0,0.0,0.0,0.0
2021-10-04,0,100000.0,0.0,0.0,0.0,-0.013278914693032884,0.0,0.0,0.0,0.0
2021-10-05,0,100000.0,0.0,0.0,0.0,0.008904149450037924,0.0,0.0,0.0,0.0
2021-10-06,0,100000.0,0.0,0.0,0.0,0.00461467466543608,0.0,0.0,0.0,0.0
2021-10-07,0,100000.0,0.0,0.0,0.0,0.007978876069111962,0.0,0.0,0.0,0.0
2021-10-08,0,100000.0,0.0,0.0,0.0,-0.0018790570550051289,0.0,0.0,0.0,0.0
2021-10-11,0,100000.0,0.0,0.0,0.0,-0.00684775165487328,0.0,0.0,0.0,0.0
2021-10-12,0,100000.0,0.0,0.0,0.0,-0.00161002817549305,0.0,0.0,0.0,0.0
2021-10-13,0,100000.0,0.0,0.0,0.0,0.006354708261120834,0.0,0.0,0.0,0.0
2021-10-14,0,100000.0,0.0,0.0,0.0,0.017050347321889925,0.0,0.0,0.0,0.0
2021-10-15,0,100000.0,0.0,0.0,0.0,0.006654635686893728,0.0,0.0,0.0,0.0
2021-10-18,0,100000.0,0.0,0.0,0.0,0.002687269062815023,0.0,0.0,0.0,0.0
2021-10-19,0,100000.0,0.0,0.0,0.0,0.007931631570127884,0.0,0.0,0.0,0.0
2021-10-20,0,100000.0,0.0,0.0,0.0,0.0026572187776794376,0.0,0.0,0.0,0.0
2021-10-21,0,100000.0,0.0,0.0,0.0,0.0037016574585635453,0.0,0.0,0.0,0.0
2021-10-22,0,100000.0,0.0,0.0,0.0,0.0014348785871964864,0.0,0.0,0.0,0.0
2021-10-25,0,100000.0,0.0,0.0,0.0,0.006458735854264486,0.0,0.0,0.0,0.0
2021-10-26,0,100000.0,0.0,0.0,0.0,0.00010953502382382574,0.0,0.0,0.0,0.0
2021-10-27,0,100000.0,0.0,0.0,0.0,-0.004218022459600124,0.0,0.0,0.0,0.0
2021-10-28,0,100000.0,0.0,0.0,0.0,0.008518823852706747,0.0,0.0,0.0,0.0
2021-10-29,0,100000.0,0.0,0.0,0.0,0.004369674459252737,0.0,0.0,0.0,0.0
2021-11-01,0,100000.0,0.0,0.0,0.0,-0.00048828125,0.0,0.0,0.0,0.0
2021-11-02,0,100000.0,0.0,0.0,0.0,0.003853878304293623,0.0,0.0,0.0,0.0
2021-11-03,0,100000.0,0.0,0.0,0.0,0.006708141736543105,0.0,0.0,0.0,0.0
2021-11-04,0,100000.0,0.0,0.0,0.0,0.0046759109964527035,0.0,0.0,0.0,0.0
2021-11-05,0,100000.0,0.0,0.0,0.0,0.003959972173168458,0.0,0.0,0.0,0.0
2021-11-08,0,100000.0,0.0,0.0,0.0,0.0033130276798118974,0.0,0.0,0.0,0.0
2021-11-09,0,100000.0,0.0,0.0,0.0,-0.0026648190587859055,0.0,0.0,0.0,0.0
2021-11-10,0,100000.0,0.0,0.0,0.0,-0.007005722231135381,0.0,0.0,0.0,0.0
2021-11-11,0,100000.0,0.0,0.0,0.0,-0.00043057050592032464,0.0,0.0,0.0,0.0
2021-11-12,0,100000.0,0.0,0.0,0.0,0.006724768667957903,0.0,0.0,0.0,0.0
2021-11-15,0,100000.0,0.0,0.0,0.0,-0.001227386733550384,0.0,0.0,0.0,0.0
2021-11-16,0,100000.0,0.0,0.0,0.0,0.003258024889173816,0.0,0.0,0.0,0.0
2021-11-17,0,100000.0,0.0,0.0,0.0,-0.0021824763121472968,0.0,0.0,0.0,0.0
2021-11-18,0,100000.0,0.0,0.0,0.0,0.0034683314657701914,0.0,0.0,0.0,0.0
2021-11-19,0,100000.0,0.0,0.0,0.0,-0.002284682004144334,0.0,0.0,0.0,0.0
2021-11-22,0,100000.0,0.0,0.0,0.0,-0.004520314826632621,0.0,0.0,0.0,0.0
2021-11-23,0,100000.0,0.0,0.0,0.0,0.0005335040546308178,0.0,0.0,0.0,0.0
2021-11-24,0,100000.0,0.0,0.0,0.0,0.002720725526807133,0.0,0.0,0.0,0.0
2021-11-26,0,100000.0,0.0,0.0,0.0,-0.022284863312413528,0.0,0.0,0.0,0.0
2021-11-29,0,100000.0,0.0,0.0,0.0,0.013510568751361918,0.0,0.0,0.0,0.0
2021-11-30,0,100000.0,0.0,0.0,0.0,-0.01953942777390094,0.0,0.0,0.0,0.0
2021-12-01,0,100000.0,0.0,0.0,0.0,-0.017220708446866517,0.0,0.0,0.0,0.0
2021-12-02,0,100000.0,0.0,0.0,0.0,0.013511268619524897,0.0,0.0,0.0,0.0
2021-12-03,0,100000.0,0.0,0.0,0.0,-0.010845277671807763,0.0,0.0,0.0,0.0
2021-12-06,0,100000.0,0.0,0.0,0.0,0.010512411249931297,0.0,0.0,0.0,0.0
2021-12-07,0,100000.0,0.0,0.0,0.0,0.019752952059639783,0.0,0.0,0.0,0.0
2021-12-08,0,100000.0,0.0,0.0,0.0,0.0007986795165326743,0.0,0.0,0.0,0.0
2021-12-09,0,100000.0,0.0,0.0,0.0,-0.006439938261748934,0.0,0.0,0.0,0.0
2021-12-10,0,100000.0,0.0,0.0,0.0,0.00894147882422236,0.0,0.0,0.0,0.0
2021-12-13,0,100000.0,0.0,0.0,0.0,-0.00902096046696732,0.0,0.0,0.0,0.0
2021-12-14,0,100000.0,0.0,0.0,0.0,-0.007491438356164393,0.0,0.0,0.0,0.0
2021-12-15,0,100000.0,0.0,0.0,0.0,0.015470864104361048,0.0,0.0,0.0,0.0
2021-12-16,0,100000.0,0.0,0.0,0.0,-0.009073543457497557,0.0,0.0,0.0,0.0
2021-12-17,0,100000.0,0.0,0.0,0.0,-0.008084719473712365,0.0,0.0,0.0,0.0
2021-12-20,0,100000.0,0.0,0.0,0.0,-0.011600173460537766,0.0,0.0,0.0,0.0
2021-12-21,0,100000.0,0.0,0.0,0.0,0.01598161020195943,0.0,0.0,0.0,0.0
2021-12-22,0,100000.0,0.0,0.0,0.0,0.009533042494748845,0.0,0.0,0.0,0.0
2021-12-23,0,100000.0,0.0,0.0,0.0,0.00570484111750913,0.0,0.0,0.0,0.0
2021-12-27,0,100000.0,0.0,0.0,0.0,0.01383294466822127,0.0,0.0,0.0,0.0
2021-12-28,0,100000.0,0.0,0.0,0.0,-0.0004183662796778398,0.0,0.0,0.0,0.0
2021-12-29,0,100000.0,0.0,0.0,0.0,0.0007320644216690653,0.0,0.0,0.0,0.0
2021-12-30,0,100000.0,0.0,0.0,0.0,-0.002612466691049642,0.0,0.0,0.0,0.0
2021-12-31,0,100000.0,0.0,0.0,0.0,-0.003194553548049206,0.0,0.0,0.0,0.0
2022-01-03,0,100000.0,0.0,0.0,0.0,0.003143994969608155,0.0,0.0,0.0,0.0
2022-01-04,0,100000.0,0.0,0.0,0.0,-0.00020897549762288747,0.0,0.0,0.0,0.0
2022-01-05,0,100000.0,0.0,0.0,0.0,-0.019023727396258017,0.0,0.0,0.0,0.0
2022-01-06,0,100000.0,0.0,0.0,0.0,-0.0009590792838874984,0.0,0.0,0.0,0.0
2022-01-07,0,100000.0,0.0,0.0,0.0,-0.005804046858360001,0.0,0.0,0.0,0.0
2022-01-10,0,100000.0,0.0,0.0,0.0,-0.0019266791544019224,0.0,0.0,0.0,0.0
2022-01-11,0,100000.0,0.0,0.0,0.0,0.008898895679210872,0.0,0.0,0.0,0.0
2022-01-12,0,100000.0,0.0,0.0,0.0,0.0026041666666667407,0.0,0.0,0.0,0.0
2022-01-13,0,100000.0,0.0,0.0,0.0,-0.014250145679927995,0.0,0.0,0.0,0.0
2022-01-14,0,100000.0,0.0,0.0,0.0,-5.370569280338522e-05,0.0,0.0,0.0,0.0
2022-01-18,0,100000.0,0.0,0.0,0.0,-0.020306472353193272,0.0,0.0,0.0,0.0
2022-01-19,0,100000.0,0.0,0.0,0.0,-0.011686964119927867,0.0,0.0,0.0,0.0
2022-01-20,0,100000.0,0.0,0.0,0.0,-0.011323464427750785,0.0,0.0,0.0,0.0
2022-01-21,0,100000.0,0.0,0.0,0.0,-0.014424426109895028,0.0,0.0,0.0,0.0
2022-01-24,0,100000.0,0.0,0.0,0.0,0.0033606744133058974,0.0,0.0,0.0,0.0
2022-01-25,0,100000.0,0.0,0.0,0.0,-0.012208278916586268,0.0,0.0,0.0,0.0
2022-01-26,0,100000.0,0.0,0.0,0.0,0.007600812300551096,0.0,0.0,0.0,0.0
2022-01-27,0,100000.0,0.0,0.0,0.0,-0.006328749784247134,0.0,0.0,0.0,0.0
2022-01-28,0,100000.0,0.0,0.0,0.0,0.017306807727690998,0.0,0.0,0.0,0.0
2022-01-31,0,100000.0,0.0,0.0,0.0,0.018254775630157205,0.0,0.0,0.0,0.0
2022-02-01,0,100000.0,0.0,0.0,0.0,0.009291715350804086,0.0,0.0,0.0,0.0
2022-02-02,0,100000.0,0.0,0.0,0.0,0.005547012302284715,0.0,0.0,0.0,0.0
2022-02-03,0,100000.0,0.0,0.0,0.0,-0.01688390254633454,0.0,0.0,0.0,0.0
2022-02-04,0,100000.0,0.0,0.0,0.0,-0.005644090305444882,0.0,0.0,0.0,0.0
2022-02-07,0,100000.0,0.0,0.0,0.0,-0.004725372470535949,0.0,0.0,0.0,0.0
2022-02-08,0,100000.0,0.0,0.0,0.0,0.006355932203389925,0.0,0.0,0.0,0.0
2022-02-09,0,100000.0,0.0,0.0,0.0,0.01300066386368659,0.0,0.0,0.0,0.0
2022-02-10,0,100000.0,0.0,0.0,0.0,-0.01849528070271156,0.0,0.0,0.0,0.0
2022-02-11,0,100000.0,0.0,0.0,0.0,-0.01891200355990652,0.0,0.0,0.0,0.0
2022-02-14,0,100000.0,0.0,0.0,0.0,-0.00402334674448912,0.0,0.0,0.0,0.0
2022-02-15,0,100000.0,0.0,0.0,0.0,0.016160236713326448,0.0,0.0,0.0,0.0
2022-02-16,0,100000.0,0.0,0.0,0.0,0.002523128679562614,0.0,0.0,0.0,0.0
2022-02-17,0,100000.0,0.0,0.0,0.0,-0.0201041608332867,0.0,0.0,0.0,0.0
2022-02-18,0,100000.0,0.0,0.0,0.0,-0.0071432653294474235,0.0,0.0,0.0,0.0
2022-02-22,0,100000.0,0.0,0.0,0.0,-0.005607908885933988,0.0,0.0,0.0,0.0
2022-02-23,0,100000.0,0.0,0.0,0.0,-0.0205880647219161,0.0,0.0,0.0,0.0
2022-02-24,0,100000.0,0.0,0.0,0.0,0.01624955521290472,0.0,0.0,0.0,0.0
2022-02-25,0,100000.0,0.0,0.0,0.0,0.0265424503427667,0.0,0.0,0.0,0.0
2022-02-28,0,100000.0,0.0,0.0,0.0,0.015932085126177498,0.0,0.0,0.0,0.0
2022-03-01,0,100000.0,0.0,0.0,0.0,-0.014596451058958237,0.0,0.0,0.0,0.0
2022-03-02,0,100000.0,0.0,0.0,0.0,0.01694226863939652,0.0,0.0,0.0,0.0
2022-03-03,0,100000.0,0.0,0.0,0.0,-0.0033152329236925127,0.0,0.0,0.0,0.0
2022-03-04,0,100000.0,0.0,0.0,0.0,-0.008988892705828477,0.0,0.0,0.0,0.0
2022-03-07,0,100000.0,0.0,0.0,0.0,-0.025587467362924277,0.0,0.0,0.0,0.0
2022-03-08,0,100000.0,0.0,0.0,0.0,-0.004239818464110812,0.0,0.0,0.0,0.0
2022-03-09,0,100000.0,0.0,0.0,0.0,0.02943655189019978,0.0,0.0,0.0,0.0
2022-03-10,0,100000.0,0.0,0.0,0.0,-0.005082963309184341,0.0,0.0,0.0,0.0
2022-03-11,0,100000.0,0.0,0.0,0.0,-0.013384994716449494,0.0,0.0,0.0,0.0
2022-03-14,0,100000.0,0.0,0.0,0.0,-0.010436432637571103,0.0,0.0,0.0,0.0
2022-03-15,0,100000.0,0.0,0.0,0.0,0.019556246635966668,0.0,0.0,0.0,0.0
2022-03-16,0,100000.0,0.0,0.0,0.0,0.02360540223135632,0.0,0.0,0.0,0.0
2022-03-17,0,100000.0,0.0,0.0,0.0,0.00909506921404879,0.0,0.0,0.0,0.0
2022-03-18,0,100000.0,0.0,0.0,0.0,0.0037218301843844337,0.0,0.0,0.0,0.0
2022-03-21,0,100000.0,0.0,0.0,0.0,-0.0017376681614349465,0.0,0.0,0.0,0.0
2022-03-22,0,100000.0,0.0,0.0,0.0,0.010826274751781106,0.0,0.0,0.0,0.0
2022-03-23,0,100000.0,0.0,0.0,0.0,-0.01254440497335707,0.0,0.0,0.0,0.0
2022-03-24,0,100000.0,0.0,0.0,0.0,0.014215879080743843,0.0,0.0,0.0,0.0
2022-03-25,0,100000.0,0.0,0.0,0.0,0.004483808469416095,0.0,0.0,0.0,0.0
2022-03-28,0,100000.0,0.0,0.0,0.0,0.0072212116200871534,0.0,0.0,0.0,0.0
2022-03-29,0,100000.0,0.0,0.0,0.0,0.012089054209288408,0.0,0.0,0.0,0.0
2022-03-30,0,100000.0,0.0,0.0,0.0,-0.005463889640248798,0.0,0.0,0.0,0.0
2022-03-31,0,100000.0,0.0,0.0,0.0,-0.014840182648401812,0.0,0.0,0.0,0.0
2022-04-01,0,100000.0,0.0,0.0,0.0,-0.00038537767011670443,0.0,0.0,0.0,0.0
2022-04-04,0,100000.0,0.0,0.0,0.0,0.00870379551589262,0.0,0.0,0.0,0.0
2022-04-05,0,100000.0,0.0,0.0,0.0,-0.012237093690248613,0.0,0.0,0.0,0.0
2022-04-06,0,100000.0,0.0,0.0,0.0,-0.011157138911902842,0.0,0.0,0.0,0.0
2022-04-07,0,100000.0,0.0,0.0,0.0,0.0055912776069331205,0.0,0.0,0.0,0.0
2022-04-08,0,100000.0,0.0,0.0,0.0,-0.0025029200734190127,0.0,0.0,0.0,0.0
2022-04-11,0,100000.0,0.0,0.0,0.0,-0.01776663881927043,0.0,0.0,0.0,0.0
2022-04-12,0,100000.0,0.0,0.0,0.0,-0.0040807073226025725,0.0,0.0,0.0,0.0
2022-04-13,0,100000.0,0.0,0.0,0.0,0.0103485529083982,0.0,0.0,0.0,0.0
2022-04-14,0,100000.0,0.0,0.0,0.0,-0.011490368367691794,0.0,0.0,0.0,0.0
2022-04-18,0,100000.0,0.0,0.0,0.0,-0.0007403189066059745,0.0,0.0,0.0,0.0
2022-04-19,0,100000.0,0.0,0.0,0.0,0.013696294612411952,0.0,0.0,0.0,0.0
2022-04-20,0,100000.0,0.0,0.0,0.0,0.0032650303985588547,0.0,0.0,0.0,0.0
2022-04-21,0,100000.0,0.0,0.0,0.0,-0.017345568487018848,0.0,0.0,0.0,0.0
2022-04-22,0,100000.0,0.0,0.0,0.0,-0.02701932394687334,0.0,0.0,0.0,0.0
2022-04-25,0,100000.0,0.0,0.0,0.0,0.007924395397980843,0.0,0.0,0.0,0.0
2022-04-26,0,100000.0,0.0,0.0,0.0,-0.028761061946902644,0.0,0.0,0.0,0.0
2022-04-27,0,100000.0,0.0,0.0,0.0,0.0074105313893240154,0.0,0.0,0.0,0.0
2022-04-28,0,100000.0,0.0,0.0,0.0,0.016733918822691596,0.0,0.0,0.0,0.0
2022-04-29,0,100000.0,0.0,0.0,0.0,-0.02745051837888779,0.0,0.0,0.0,0.0
2022-05-02,0,100000.0,0.0,0.0,0.0,0.0016891891891892552,0.0,0.0,0.0,0.0
2022-05-03,0,100000.0,0.0,0.0,0.0,0.005729103847545547,0.0,0.0,0.0,0.0
2022-05-04,0,100000.0,0.0,0.0,0.0,0.029727299970032872,0.0,0.0,0.0,0.0
2022-05-05,0,100000.0,0.0,0.0,0.0,-0.034151174310857235,0.0,0.0,0.0,0.0
2022-05-06,0,100000.0,0.0,0.0,0.0,-0.006511515736163043,0.0,0.0,0.0,0.0
2022-05-09,0,100000.0,0.0,0.0,0.0,-0.024405162395253477,0.0,0.0,0.0,0.0
2022-05-10,0,100000.0,0.0,0.0,0.0,0.0008764790584110393,0.0,0.0,0.0,0.0
2022-05-11,0,100000.0,0.0,0.0,0.0,-0.015098358601678963,0.0,0.0,0.0,0.0
2022-05-12,0,100000.0,0.0,0.0,0.0,-0.003172790151659388,0.0,0.0,0.0,0.0
2022-05-13,0,100000.0,0.0,0.0,0.0,0.02642834344079148,0.0,0.0,0.0,0.0
2022-05-16,0,100000.0,0.0,0.0,0.0,-0.00503105590062114,0.0,0.0,0.0,0.0
2022-05-17,0,100000.0,0.0,0.0,0.0,0.020677161419290435,0.0,0.0,0.0,0.0
2022-05-18,0,100000.0,0.0,0.0,0.0,-0.041185456767491635,0.0,0.0,0.0,0.0
2022-05-19,0,100000.0,0.0,0.0,0.0,-0.004787437763309033,0.0,0.0,0.0,0.0
2022-05-20,0,100000.0,0.0,0.0,0.0,-0.00025637738751438377,0.0,0.0,0.0,0.0
2022-05-23,0,100000.0,0.0,0.0,0.0,0.01566295870093337,0.0,0.0,0.0,0.0
2022-05-24,0,100000.0,0.0,0.0,0.0,-0.002846840007591611,0.0,0.0,0.0,0.0
2022-05-25,0,100000.0,0.0,0.0,0.0,0.006772151898734258,0.0,0.0,0.0,0.0
2022-05-26,0,100000.0,0.0,0.0,0.0,0.021020832022153657,0.0,0.0,0.0,0.0
2022-05-27,0,100000.0,0.0,0.0,0.0,0.026744904261890134,0.0,0.0,0.0,0.0
2022-05-31,0,100000.0,0.0,0.0,0.0,-0.007984151758914648,0.0,0.0,0.0,0.0
2022-06-01,0,100000.0,0.0,0.0,0.0,-0.009544520961701108,0.0,0.0,0.0,0.0
2022-06-02,0,100000.0,0.0,0.0,0.0,0.018912818009883425,0.0,0.0,0.0,0.0
2022-06-03,0,100000.0,0.0,0.0,0.0,-0.016934953024953625,0.0,0.0,0.0,0.0
2022-06-06,0,100000.0,0.0,0.0,0.0,0.0024327940639825574,0.0,0.0,0.0,0.0
2022-06-07,0,100000.0,0.0,0.0,0.0,0.00891557496360984,0.0,0.0,0.0,0.0
2022-06-08,0,100000.0,0.0,0.0,0.0,-0.00885382159850634,0.0,0.0,0.0,0.0
2022-06-09,0,100000.0,0.0,0.0,0.0,-0.02423469387755106,0.0,0.0,0.0,0.0
2022-06-10,0,100000.0,0.0,0.0,0.0,-0.031364511521023486,0.0,0.0,0.0,0.0
2022-06-13,0,100000.0,0.0,0.0,0.0,-0.031066330814441656,0.0,0.0,0.0,0.0
2022-06-14,0,100000.0,0.0,0.0,0.0,-0.0057207476884187924,0.0,0.0,0.0,0.0
2022-06-15,0,100000.0,0.0,0.0,0.0,0.013168449197860976,0.0,0.0,0.0,0.0
2022-06-16,0,100000.0,0.0,0.0,0.0,-0.03320814390195692,0.0,0.0,0.0,0.0
2022-06-17,0,100000.0,0.0,0.0,0.0,-0.0037362338545207097,0.0,0.0,0.0,0.0
2022-06-21,0,100000.0,0.0,0.0,0.0,0.02273344191096638,0.0,0.0,0.0,0.0
2022-06-22,0,100000.0,0.0,0.0,0.0,-0.0009293063391968559,0.0,0.0,0.0,0.0
2022-06-23,0,100000.0,0.0,0.0,0.0,0.010235958790295818,0.0,0.0,0.0,0.0
2022-06-24,0,100000.0,0.0,0.0,0.0,0.03460801796446744,0.0,0.0,0.0,0.0
2022-06-27,0,100000.0,0.0,0.0,0.0,-0.002873563218390829,0.0,0.0,0.0,0.0
2022-06-28,0,100000.0,0.0,0.0,0.0,-0.021923937360178947,0.0,0.0,0.0,0.0
2022-06-29,0,100000.0,0.0,0.0,0.0,-0.0018285117220662173,0.0,0.0,0.0,0.0
2022-06-30,0,100000.0,0.0,0.0,0.0,-0.008697926885095852,0.0,0.0,0.0,0.0
2022-07-01,0,100000.0,0.0,0.0,0.0,0.011964569011105208,0.0,0.0,0.0,0.0
2022-07-05,0,100000.0,0.0,0.0,0.0,0.001436593966305244,0.0,0.0,0.0,0.0
2022-07-06,0,100000.0,0.0,0.0,0.0,0.002670661803022334,0.0,0.0,0.0,0.0
2022-07-07,0,100000.0,0.0,0.0,0.0,0.013298734998378192,0.0,0.0,0.0,0.0
2022-07-08,0,100000.0,0.0,0.0,0.0,0.001090582499358561,0.0,0.0,0.0,0.0
2022-07-11,0,100000.0,0.0,0.0,0.0,-0.011089743589743573,0.0,0.0,0.0,0.0
2022-07-12,0,100000.0,0.0,0.0,0.0,-0.009904194717762826,0.0,0.0,0.0,0.0
2022-07-13,0,100000.0,0.0,0.0,0.0,-0.005359477124183054,0.0,0.0,0.0,0.0
2022-07-14,0,100000.0,0.0,0.0,0.0,-0.0006586313640255526,0.0,0.0,0.0,0.0
2022-07-15,0,100000.0,0.0,0.0,0.0,0.017707853334210988,0.0,0.0,0.0,0.0
2022-07-18,0,100000.0,0.0,0.0,0.0,-0.011537965708392384,0.0,0.0,0.0,0.0
2022-07-19,0,100000.0,0.0,0.0,0.0,0.02579132473622514,0.0,0.0,0.0,0.0
2022-07-20,0,100000.0,0.0,0.0,0.0,0.003927033189764284,0.0,0.0,0.0,0.0
2022-07-21,0,100000.0,0.0,0.0,0.0,0.011949924127465872,0.0,0.0,0.0,0.0
2022-07-22,0,100000.0,0.0,0.0,0.0,-0.00576730190571717,0.0,0.0,0.0,0.0
2022-07-25,0,100000.0,0.0,0.0,0.0,0.0005670720181463196,0.0,0.0,0.0,0.0
2022-07-26,0,100000.0,0.0,0.0,0.0,-0.009030058095478632,0.0,0.0,0.0,0.0
2022-07-27,0,100000.0,0.0,0.0,0.0,0.02164117535063781,0.0,0.0,0.0,0.0
2022-07-28,0,100000.0,0.0,0.0,0.0,0.012804574838388927,0.0,0.0,0.0,0.0
2022-07-29,0,100000.0,0.0,0.0,0.0,0.006942752740560332,0.0,0.0,0.0,0.0
2022-08-01,0,100000.0,0.0,0.0,0.0,-0.004108761329305155,0.0,0.0,0.0,0.0
2022-08-02,0,100000.0,0.0,0.0,0.0,-0.006311062564476,0.0,0.0,0.0,0.0
2022-08-03,0,100000.0,0.0,0.0,0.0,0.014461801318037537,0.0,0.0,0.0,0.0
2022-08-04,0,100000.0,0.0,0.0,0.0,0.00048189868080239506,0.0,0.0,0.0,0.0
2022-08-05,0,100000.0,0.0,0.0,0.0,-0.0012644508670520693,0.0,0.0,0.0,0.0
2022-08-08,0,100000.0,0.0,0.0,0.0,-0.0019278269775288015,0.0,0.0,0.0,0.0
2022-08-09,0,100000.0,0.0,0.0,0.0,-0.005785223574786058,0.0,0.0,0.0,0.0
2022-08-10,0,100000.0,0.0,0.0,0.0,0.019679079624583817,0.0,0.0,0.0,0.0
2022-08-11,0,100000.0,0.0,0.0,0.0,-0.00023748738348272624,0.0,0.0,0.0,0.0
2022-08-12,0,100000.0,0.0,0.0,0.0,0.014635302482668644,0.0,0.0,0.0,0.0
2022-08-15,0,100000.0,0.0,0.0,0.0,0.004968435819499684,0.0,0.0,0.0,0.0
2022-08-16,0,100000.0,0.0,0.0,0.0,0.003085341716148493,0.0,0.0,0.0,0.0
2022-08-17,0,100000.0,0.0,0.0,0.0,-0.007541915646574249,0.0,0.0,0.0,0.0
2022-08-18,0,100000.0,0.0,0.0,0.0,0.00163570510573674,0.0,0.0,0.0,0.0
2022-08-19,0,100000.0,0.0,0.0,0.0,-0.012946116165150401,0.0,0.0,0.0,0.0
2022-08-22,0,100000.0,0.0,0.0,0.0,-0.018893627102582355,0.0,0.0,0.0,0.0
2022-08-23,0,100000.0,0.0,0.0,0.0,-0.003978779840848823,0.0,0.0,0.0,0.0
2022-08-24,0,100000.0,0.0,0.0,0.0,0.0035123841821596002,0.0,0.0,0.0,0.0
2022-08-25,0,100000.0,0.0,0.0,0.0,0.012594154865923413,0.0,0.0,0.0,0.0
2022-08-26,0,100000.0,0.0,0.0,0.0,-0.0330494849044245,0.0,0.0,0.0,0.0
2022-08-29,0,100000.0,0.0,0.0,0.0,0.001801689860835065,0.0,0.0,0.0,0.0
2022-08-30,0,100000.0,0.0,0.0,0.0,-0.011955646410208742,0.0,0.0,0.0,0.0
2022-08-31,0,100000.0,0.0,0.0,0.0,-0.007712082262210762,0.0,0.0,0.0,0.0
2022-09-01,0,100000.0,0.0,0.0,0.0,0.0027160181910055314,0.0,0.0,0.0,0.0
2022-09-02,0,100000.0,0.0,0.0,0.0,-0.010838059231253916,0.0,0.0,0.0,0.0
2022-09-06,0,100000.0,0.0,0.0,0.0,-0.004708577246118617,0.0,0.0,0.0,0.0
2022-09-07,0,100000.0,0.0,0.0,0.0,0.01855406269993609,0.0,0.0,0.0,0.0
2022-09-08,0,100000.0,0.0,0.0,0.0,0.006407035175879372,0.0,0.0,0.0,0.0
2022-09-09,0,100000.0,0.0,0.0,0.0,0.014213577707125502,0.0,0.0,0.0,0.0
2022-09-12,0,100000.0,0.0,0.0,0.0,0.008216322276043853,0.0,0.0,0.0,0.0
2022-09-13,0,100000.0,0.0,0.0,0.0,-0.04540763673890613,0.0,0.0,0.0,0.0
2022-09-14,0,100000.0,0.0,0.0,0.0,0.0027306788594652076,0.0,0.0,0.0,0.0
2022-09-15,0,100000.0,0.0,0.0,0.0,-0.013400758533501866,0.0,0.0,0.0,0.0
2022-09-16,0,100000.0,0.0,0.0,0.0,-0.00443872958724445,0.0,0.0,0.0,0.0
2022-09-19,0,100000.0,0.0,0.0,0.0,0.007134593135364353,0.0,0.0,0.0,0.0
2022-09-20,0,100000.0,0.0,0.0,0.0,-0.012809074687738953,0.0,0.0,0.0,0.0
2022-09-21,0,100000.0,0.0,0.0,0.0,-0.01869158878504673,0.0,0.0,0.0,0.0
2022-09-22,0,100000.0,0.0,0.0,0.0,-0.00579862941486553,0.0,0.0,0.0,0.0
2022-09-23,0,100000.0,0.0,0.0,0.0,-0.018068700774372837,0.0,0.0,0.0,0.0
2022-09-26,0,100000.0,0.0,0.0,0.0,-0.009513528102017443,0.0,0.0,0.0,0.0
2022-09-27,0,100000.0,0.0,0.0,0.0,-0.001908396946564861,0.0,0.0,0.0,0.0
2022-09-28,0,100000.0,0.0,0.0,0.0,0.017309527054654383,0.0,0.0,0.0,0.0
2022-09-29,0,100000.0,0.0,0.0,0.0,-0.020373969573084905,0.0,0.0,0.0,0.0
2022-09-30,0,100000.0,0.0,0.0,0.0,-0.015041706549979494,0.0,0.0,0.0,0.0
2022-10-03,1,94983.206016,-0.05016793983599579,-0.04975543983599575,-0.04830128186452479,0.026995060182286146,0.0478929402441741,-0.016272500000000002,-0.02188043983599574,-0.012015000000000003
2022-10-04,1,91677.407235,-0.03480403452411043,-0.03480403452411049,-0.03360804278783884,0.02887866901122682,0.030522899822929935,-0.019890358298432147,-0.003627470537749679,-0.01128620568792866
2022-10-05,1,93009.511951,0.01453034892328983,0.014530348923289907,0.013483928853072273,-0.0018416206261510082,-0.01148403962036183,0.0012653062897236987,0.011814303525520905,0.0014507391080453044
2022-10-06,1,94723.696436,0.018430206217349327,0.018430206217349334,0.017224479387929783,-0.01027464927879862,-0.015040335173122784,0.006370316192125799,0.010371890629166568,0.001687999396056967
2022-10-07,1,97236.916285,0.02653211333477502,0.026532113334775013,0.022497795907506214,-0.024694653941133238,-0.02028849068708652,0.01887067404732399,0.0069963469993495255,0.0006650922881015068
2022-10-10,1,98964.925291,0.01777112101219697,0.01777112101219702,0.01708567766414656,-0.0037100652696667735,-0.016080744309695225,0.0027561548662629605,0.006283714349451764,0.008731251796482296
2022-10-11,1,99178.089968,0.0021539416724030342,0.002153941672403063,0.0008316082085704134,-0.007034967928822633,-0.0008090787298559863,0.004102463562767341,-0.0011502592759341783,-0.0007982626144301
2022-10-12,1,98748.475155,-0.004331751228626842,-0.004331751228626784,-0.004169959368874989,-0.005128915996673089,0.004063650729276328,0.0023190605916485786,-0.005723187583615967,-0.0009276242366593968
2022-10-13,1,98088.892404,-0.006679422140784184,-0.006679422140784199,-0.006481558547841003,0.023774765380604856,0.006264522545868704,-0.014739468105355124,0.011493010366986162,-0.003432964402415238
2022-10-14,1,101216.280751,0.03188320584000655,0.03188320584000653,0.029923809765076963,-0.022484885537667254,-0.02855546159977609,0.015060318898494695,0.007198963407797879,0.009623923533713956
2022-10-17,1,98841.26882,-0.023464722402290333,-0.023464722402290337,-0.020899292534218464,0.02736006683375103,0.021144186077208152,-0.018206063158320424,-0.002106992361590778,-0.0031516668823791316
2022-10-18,1,98623.329771,-0.0022049398185977633,-0.002204939818597708,-0.0011910932846527647,0.007150084317032013,0.001155434839587947,-0.003930544443999693,-0.0022201156658718723,0.003945720291273856
2022-10-19,1,101271.918942,0.02685560482072454,0.02685560482072451,0.024890654431500896,-0.013963694394574122,-0.024088895907828985,0.009328421603036988,0.014241956479226657,0.003285226738460862
2022-10-20,1,102523.486685,0.012358487494167365,0.012397985116428398,0.011525492220165735,-0.008832254584681731,-0.011762198200239396,0.004485448728016278,0.00986766869033229,-0.001994629924181181
2022-10-21,1,99553.412164,-0.028969698723378234,-0.02896969872337818,-0.027218037136468615,0.023451838760111476,0.028315225538503543,-0.015101417734191132,-0.006299283629760417,-0.007568997359426632
2022-10-24,1,99538.4889,-0.0001499020811928258,-0.0001499020811928719,0.0008009272215746088,0.010143198090692085,-0.000788216497973488,-0.005492026723300275,0.0024090257793662915,0.0029330988627411115
2022-10-25,1,96933.179436,-0.02617389004640921,-0.026173890046409135,-0.02359694595344875,0.017616512193518785,0.02325939510900933,-0.012814138672309882,-0.012716784008338504,-0.0006429673657607555
2022-10-26,1,95216.519597,-0.017709723841701646,-0.01770972384170166,-0.01924045088512185,0.0,0.01809677771029866,0.0005467684059076924,-0.009343135592812178,-0.008913356654797172
2022-10-27,1,94574.524145,-0.006742479715601165,-0.006742479715601191,-0.008720294355613726,-0.00643818690251674,0.007901155952235818,0.004754952206969882,-0.009733032208002484,-0.0017643997145685892
2022-10-28,1,94805.507097,0.0024423379727379676,0.0024423379727380105,0.0064245295280775955,0.02975054301322988,-0.005725047447147194,-0.022574789768071344,0.015765164721107977,0.009251963019701378
2022-10-31,1,96173.799724,0.014432628109625327,0.014938927811718024,0.01286046810911252,-0.007286207337338646,-0.012030249771539969,0.00530559896151365,0.005793889442667657,0.0033331397054439625
2022-11-01,1,96317.748975,0.0014967616068008716,0.0017021189916263586,0.0015361307760662147,-0.004634397528321288,0.0009708986064294001,-7.018543532010626e-05,0.003469752177466122,-0.0019028051353451535
2022-11-02,1,96488.840962,0.0017763287528339369,0.001776328752834004,0.005543160436676262,-0.024398136163603423,-0.011920529534435332,0.0,0.000966509162672646,0.0008098195901613581
2022-11-03,1,97148.667226,0.006838368639147964,0.006838368639147904,0.008622042799324454,-0.01035375323554788,-0.011753439677059446,0.0,0.004620495589092171,0.0022178730500557317
2022-11-04,1,96342.209172,-0.00830127758652678,-0.008301277586526809,-0.01104456493571096,0.01490332975295372,0.02916326082192866,0.0,-0.00266043849270057,-0.00564083909382624
2022-11-07,1,96884.209871,0.005625786492511882,0.005625786492511915,0.0015648023466728013,0.017400000000000082,-0.00022289233308870943,0.0,0.008096147116849315,-0.0024703606243374012
2022-11-08,1,95410.998731,-0.015205895184587669,-0.015205895184587597,-0.013736443493008905,0.005901252376893318,0.019902814659016145,0.0,-0.009941879503607629,-0.005264015680979969
2022-11-09,1,95626.563345,0.0022593266763207215,0.002259326676320746,0.007837603063602287,-0.020091324200913196,-0.0095867726546136,0.0,-0.0011993940622784234,0.0034587207385991694
2022-11-10,1,91723.65437,-0.04081406712369948,-0.040814067123699456,-0.04782029002377414,0.05429864253393668,0.06420712207942635,0.0,-0.03108873592422591,-0.009725331199473547
2022-11-11,1,91885.006118,0.0017591072734787813,0.0017591072734787993,-1.2912130279928467e-05,0.006858796878932871,0.007328189547587946,0.0,0.0025440738177631085,-0.0007849665442843093
2022-11-14,1,91825.407761,-0.0006486189530028705,-0.0006486189530028412,0.0016748719904955325,-0.004518072289156572,-0.0041223799643809195,0.0,0.0004396978924244924,-0.0010883168454273336
2022-11-15,1,91134.952156,-0.00751922177338561,-0.007519221773385617,-0.009179793377336444,0.00622680671740361,0.010252136132821173,0.0,-0.006364857174475124,-0.001154364598910493
2022-11-16,1,90667.768327,-0.005126285998768582,-0.005126285998768557,-0.0030040870703854725,-0.005886773547094215,-0.0008501347767749142,0.0,-0.006486905575196911,0.0013606195764283545
2022-11-17,1,91708.034721,0.011473386999338501,0.011473386999338489,0.013300400641235615,-0.005531460179772463,-0.017036347744924178,0.0,0.00893665311644785,0.002536733882890639
2022-11-18,1,92235.753608,0.005754336453182796,0.005754336453182733,0.0052634317198807035,0.003408660522661311,-0.008615846964138566,0.0,0.00549263637343473,0.00026170007974800314
2022-11-21,1,92376.2596,0.001523335440251638,0.0015233354402516485,0.002057439733835487,-0.003650094398993109,-0.007416271794635813,0.0,0.00046084073330391494,0.0010624947069477336
2022-11-22,1,91656.321188,-0.007793543662475768,-0.007793543662475839,-0.01058613355875684,0.01326511275345843,0.009631177413694408,0.0,-0.005585184059237156,-0.0022083596032386843
2022-11-23,1,91071.472713,-0.006380885326178093,-0.006380885326178099,-0.005525089673889731,0.005735660847880242,0.0053713539116666395,0.0,-0.005879010502883703,-0.000501874823294395
2022-11-25,1,90993.058712,-0.0008610160591266885,-0.0008610160591267287,-0.00013777636928284287,-0.0015475085112968134,-0.001118671608859234,0.0,-0.0002021928490410989,-0.0006588232100856299
2022-11-28,1,91592.358568,0.006586215080324671,0.0065862150803246864,0.008735764754054924,-0.012437037497668002,-0.007678593877456428,0.0,0.0017067220037917331,0.004879493076532953
2022-11-29,1,91921.235769,0.00359066199179909,0.003590661991799108,0.00359232373356243,-0.0025176233635447742,0.0007928015751110083,0.0,0.0038963643499191746,-0.0003057023581200667
2022-11-30,1,91585.803734,-0.003649124510023202,-0.0029855128919902235,-0.008180306882063153,0.030033440595621075,0.029642000656352547,0.0,-0.009360535976700998,0.005711411466677739
2022-12-01,1,91711.812079,0.001375850181857752,0.001594224637117754,-0.0005147265780084591,-0.003113933325192386,0.015176313205887101,0.0,-0.003701355902937623,0.0050772060847953625
2022-12-02,1,92060.078737,0.0037974024357555316,0.003797402435755597,0.005682411855521274,-0.0004904966278357348,0.001739402816488897,0.0,0.00024278942996781632,0.0035546130057877807
2022-12-05,1,91706.603881,-0.0038396106282367597,-0.0038396106282367415,-0.00413196186772465,-0.017366224840451694,-0.03173254873549849,0.0,0.0036772197882720156,-0.0075168304165087576
2022-12-06,1,91649.235611,-0.0006255631297372079,-0.000625563129737242,-7.957062075339686e-05,-0.015165699307245872,-0.005401226011600044,0.0,-0.00189046658370102,0.001264903453963778
2022-12-07,1,91534.53068,-0.0012515645119885027,-0.001251564511988486,0.00011834388771336346,-0.001964761059703335,0.013407912571725423,0.0,-0.005037739024937453,0.003786174512948968
2022-12-08,1,91945.540531,0.00449021640931557,0.0044902164093156335,0.005112457284215173,0.007622435368100033,0.000265256823669721,0.0,0.00208675185483229,0.0024034645544833435
2022-12-09,1,92276.132264,0.0035955167669484054,0.0035955167669483677,0.002006091385368873,-0.007188347310675303,-0.010426764281121412,0.0,0.002638428478692128,0.0009570882882562398
2022-12-12,1,92055.276103,-0.0023934267248244346,-0.0023934267248243665,-0.0012370238491206022,0.0149377065853038,-6.618225922635368e-05,0.0,0.001475396027504465,-0.0038688227523288312
2022-12-13,1,91997.749546,-0.0006249131932656123,-0.0006249131932655768,-0.001743301303777181,0.00827223162248547,0.02741495519976256,0.0,-0.005317745785680932,0.004692832592415356
2022-12-14,1,92266.328266,0.0029194053233598323,0.0029194053233598033,0.0018238864777509094,-0.005905389444893383,-0.0016576548700953885,0.0,0.0011693625147725336,0.0017500428085872697
2022-12-15,1,91451.654538,-0.008829588686892768,-0.008829588686892742,-0.009629518535380934,-0.02678404195542239,-0.026780994471372204,0.0,-6.149294490440007e-05,-0.00876809574198834
2022-12-16,1,91410.035046,-0.0004550982919338656,-0.0004550982919338793,-0.0012331497790340218,-0.00489140213340189,-0.002592517601862309,0.0,-0.0008159446884995346,0.0003608463965656553
2022-12-19,1,91449.834446,0.0004353942033996058,0.00043539420339953113,-0.0008615378736330843,-0.007356737222509069,-0.012050963813898849,0.0,0.002503000893457717,-0.002067606690058186
2022-12-20,1,92083.941731,0.006933935843940418,0.00693393584394036,0.005867817235435284,0.001691496974822737,0.007455900107120682,0.0,0.0010727989348426367,0.005861136909097724
2022-12-21,1,92052.173613,-0.00034499085290476384,-0.00034499085290470746,0.0001544800314524291,0.012573724803940589,0.00907788491135476,0.0,-7.349943398670449e-05,-0.000271491418918003
2022-12-22,1,91476.289541,-0.0062560616343844706,-0.006256061634384465,-0.006076137022349765,-0.01679438058748406,-0.020886880590958515,0.0,0.0006422002433815714,-0.006898261877766038
2022-12-23,1,91742.950612,0.0029150840334538357,0.0029150840334537785,0.002628705830705784,0.0051298701298700955,0.001991991024445742,0.0,0.0014720871578489808,0.001442996875604798
2022-12-27,1,92120.631959,0.004116734244317405,0.004116734244317432,0.0026928387729367254,-0.005930892212480665,-0.013475572689858032,0.0,0.004127634264355217,-1.0900020037785391e-05
2022-12-28,1,92057.216475,-0.0006883961003845907,-0.0006883961003846449,-0.001459151645486418,-0.013089683773976124,-0.011285980272056765,0.0,0.0005708223562564299,-0.0012592184566410747
2022-12-29,1,92066.861875,0.00010477613909572363,0.00010477613909570063,0.0010411661134996418,0.015940697979532903,0.012327562173802308,0.0,-0.0008402882820472225,0.0009450644211429231
2022-12-30,1,92007.290742,-0.0006470420688814937,-0.0004732553265706138,-0.0018566907921664824,-0.00226112797984368,0.00036828002675111377,0.0,-3.878847079335652e-05,-0.0006082535980881637
2023-01-03,1,92142.571882,0.0014703306546381008,0.0016469470930632868,0.0045901749406389355,-0.012580231065468572,-0.012497746325589401,0.0,-0.002363604647177334,0.0038339353018153896
2023-01-04,1,92418.662685,0.002996343569704243,0.002996343569704208,0.0024160227549418034,0.008262312146249506,0.003992244372825924,0.0,-0.003287396814073516,0.006283740383777724
2023-01-05,1,92308.860857,-0.0011880915051674678,-0.0011880915051674379,0.0014848763680431626,-0.010849909584086825,-0.013785121194562622,0.0,0.0009543329170016364,-0.0021424244221690744
2023-01-06,1,92054.12815,-0.0027595693865845854,-0.0027595693865846435,-0.007811006841412745,0.021523610748760857,0.044286523706291776,0.0,-0.009346152671843976,0.006586583285259332
2023-01-09,1,91874.540944,-0.001950887051104545,-0.0019508870511044723,-0.002592469469951527,-0.001212198545361698,0.013477019422349381,0.0,-0.0034065523503447022,0.00145566529924023
2023-01-10,1,92491.447465,0.006714662357989303,0.0067146623579893,0.003915993634175309,0.006705837271682169,0.0014838493264453727,0.0,0.005277920485383869,0.001436741872605431
2023-01-11,1,91912.424185,-0.006260289961378141,-0.006260289961378183,-0.008842756018333765,0.01243339253996445,0.017607842438949185,0.0,-0.004238481403671343,-0.0020218085577068407
2023-01-12,1,91499.574409,-0.004491773340599878,-0.0044917733405999425,-0.006428708243130968,0.002943571115425536,0.02064638088991659,0.0,-0.006907116010190245,0.002415342669590302
2023-01-13,1,91959.266992,0.005023986027462359,0.005023986027462422,0.0016811577430718332,0.0038096427679239486,0.002396150886745548,0.0,0.0033846341400951513,0.0016393518873672702
2023-01-17,1,92162.25489,0.002207367513028178,0.0022073675130282033,0.003169780452051203,-0.0026119402985074203,0.0003668523773589832,0.0,0.0016310253809768986,0.0005763421320513048
2023-01-18,1,91156.161074,-0.010916549492870232,-0.010916549492870155,-0.005646176079615934,-0.015654234751153795,0.007391862414772292,0.0,-0.012359656545298093,0.0014431070524279378
2023-01-19,1,91479.827343,0.003550679031901147,0.0035506790319011577,0.0033660471309884268,-0.007540713516253739,-0.001408873015250188,0.0,0.0019051512010502516,0.0016455278308509062
2023-01-20,1,91957.883351,0.005225807939205837,0.00526953342619201,0.0013648307340595317,0.016178343949044605,0.0019160309901492588,0.0,0.0058270333852663446,-0.0006012254460605565
2023-01-23,1,92174.133055,0.0023516167998340848,0.0023516167998340106,-0.00031859609592121746,0.01241534988713311,-0.0012133218646132907,0.0,0.0029605912342072246,-0.0006089744343732141
2023-01-24,1,92068.426994,-0.001146808298520367,-0.0011468082985204183,-0.0004675948373423423,-0.00092902266815309,0.002339205277972063,0.0,-0.003132180918098124,0.0019853726195777056
2023-01-25,1,92269.688955,0.00218600412753714,0.0021860041275371445,0.002007685986982237,-0.0017331022530329143,0.0014259435295037404,0.0,0.0008283182836352342,0.00135768584390191
2023-01-26,1,92372.846228,0.0011179974017179561,0.0011179974017178824,-0.0005696428655371293,0.011039444306623736,-0.0016119343559830171,0.0,0.0033722588212031397,-0.0022542614194852573
2023-01-27,1,92625.875482,0.0027392168168437698,0.002739216816843822,0.0018206122614730779,0.004735547355473546,-0.0006226067017302505,0.0,0.0010612345273556412,0.0016779822894881803
2023-01-30,1,92980.019436,0.0038233803725119093,0.003823380372511865,0.0068570019297788205,-0.010914888398332101,-0.017119267734954036,0.0,0.0029057102338171503,0.000917670138694715
2023-01-31,1,93008.622241,0.0003076231336202674,0.0006948030914044019,-0.0033131979216016482,0.012564213653524892,0.015273233714081243,0.0,-0.0009292017315237041,0.001236824865143923
2023-02-01,1,93353.328297,0.0037061731292511325,0.003945398261974431,0.006433046182696689,0.011381019396683678,0.01134823968463559,0.0,0.004235693928649887,-0.0005295207993987669
2023-02-02,1,92688.874032,-0.007117628019219865,-0.007117628019219902,-0.002660288444694656,0.011096369557351382,-0.0021753445786739426,0.0,0.0011520289290572847,-0.008269656948277188
2023-02-03,1,91616.507532,-0.011569527753016156,-0.011569527753016121,-0.008497035719741697,-0.006764846743295028,-0.03553198947031276,0.0,-0.006779308812118243,-0.004790218940897879
2023-02-06,1,90907.940665,-0.007734052360524022,-0.007734052360523967,-0.008334931945396737,-0.0026002297877486535,-0.016877735256689178,0.0,-0.005299993193592305,-0.002434059166931663
2023-02-07,1,90952.850202,0.0004940111511868723,0.0004940111511869412,0.0019008108796324686,0.012671274402813237,0.013369427546422168,0.0,-0.0010240080558245007,0.0015180192070114419
2023-02-08,1,90612.273796,-0.003744538025384388,-0.0037445380253844076,-0.006526882616744121,-0.008818765372847759,-0.006054001881387719,0.0,0.0005653873824503165,-0.004309925407834724
2023-02-09,1,90204.57483,-0.004499379043399226,-0.004499379043399155,-0.005606533539740262,-0.009800955895698515,-0.019498141022582058,0.0,-0.003848253124928316,-0.0006511259184708392
2023-02-10,1,89720.984503,-0.005361039926557653,-0.005361039926557573,-0.0059569802410881535,0.00042703757930695474,-0.004734969562951956,0.0,-0.0026560773405700025,-0.00270496258598757
2023-02-13,1,89906.346778,0.0020659857465718805,0.0020659857465718198,0.005102283252250446,0.010292326431181387,0.009942187202458663,0.0,0.0004164273871731249,0.0016495583593986948
2023-02-14,1,89746.557082,-0.001777290501569422,-0.0017772905015694378,-0.0015110917481387022,-0.0010241580818121099,-0.008172185520685835,0.0,-0.003590288202417655,0.0018129977008482176
2023-02-15,1,89558.880187,-0.0020911876819920466,-0.002091187681992077,0.0006430447085934045,0.004105040748566324,-0.003030051071771098,0.0,-0.0018237679526966286,-0.00026741972929544854
2023-02-16,1,89872.222899,0.003498734143946976,0.003498734143947042,0.00047079057968887216,-0.014246213031978816,-0.005951464961756746,0.0,-0.0004986360693940839,0.003997370213341126
2023-02-17,1,90224.060868,0.003914868878482842,0.003914868878482828,0.004232269210620085,-0.0019533634476864847,0.00248563194175442,0.0,0.0014892028276408437,0.0024256660508419846
2023-02-21,1,89943.874245,-0.0031054534649167906,-0.003061119393034724,-0.006383250104692199,-0.018919911829537117,-0.028102268460634138,0.0,-0.005355407612935295,0.0022499541480184362
2023-02-22,1,90211.141492,0.0029714891558371434,0.0029714891558371196,0.0036203861582717193,-0.0021210230817217957,-0.0021932668821014524,0.0,0.0008145885149849262,0.002156900640852193
2023-02-23,1,89676.13919,-0.005930556838911514,-0.005930556838911499,-0.005708895469192601,0.00218204488778051,0.0007958394336387213,0.0,0.001008719060342038,-0.006939275899253537
2023-02-24,1,88808.451599,-0.009675791112643658,-0.00967579111264358,-0.01114974166208819,-0.009837494552020432,-0.02258312882428817,0.0,-0.0035649125115999962,-0.006110878601043584
2023-02-27,1,89317.845932,0.005735876749473423,0.0057358767494734755,0.0063640975267160406,0.0028919904438575728,0.0095399170725202,0.0,0.0013106222503522955,0.004425254499121179
2023-02-28,1,89717.566225,0.004475256745482392,0.004755156016889122,0.002653760796164465,-0.0040085181009645865,0.006640310656868807,0.0,-0.00045097043127716136,0.004926227176759494
2023-03-01,1,90429.291638,0.007932954972465652,0.008376012019962055,0.007783287669888131,-0.0030238125236234925,-0.0022030132147294,0.0003984726905155888,0.007735111888363601,-0.00020062960641348892
2023-03-02,1,90254.688795,-0.0019308217426613323,-0.001930821742661321,-0.0025677664574077132,0.006313529894564018,-0.007666887647044489,-0.0023388439317596848,0.00567180333102559,-0.005263781141927226
2023-03-03,1,88524.217556,-0.019173200445503448,-0.01917320044550346,-0.01980033106708024,0.016758724579462703,0.0233108836255995,-0.00596921896459821,-0.008450765822784345,-0.004753215658120902
2023-03-06,1,89159.732447,0.007178994730048678,0.007178994730048693,0.00694583322558564,0.000802617768722591,-0.0025817604467350103,-0.00047727052739430793,0.003996249852099649,0.0036600154053433513
2023-03-07,1,90627.676685,0.01646420640184596,0.01646420640184597,0.01690387009137701,-0.015787850755473287,-0.029672413136488725,0.006903340590052249,0.00458103929354319,0.004979826518250527
2023-03-08,1,91008.057349,0.004197179913826954,0.004197179913826915,0.004442954624761296,0.0012531328320801727,0.002573113771142447,6.620494113368439e-05,0.00022488344580583254,0.0039060915268873983
2023-03-09,1,90268.933074,-0.00812152567759006,-0.008121525677590098,-0.00515394700505722,-0.019264448336252182,0.000998380146522373,0.007361985515529757,-0.012692549520068297,-0.0027909616730515583
2023-03-10,1,88164.654246,-0.023311218565599652,-0.023311218565599597,-0.0199066551461067,-0.014353151314110746,0.020960798798190603,0.0050211073130382415,-0.02229481129373799,-0.006037514584899846
2023-03-13,1,85409.007479,-0.03125568620124143,-0.031255686201241445,-0.02665676260331443,-0.00797376374509673,0.030169810497247505,0.00288664433810883,-0.030081746362364197,-0.0040605841769860785
2023-03-14,1,86282.891641,0.010231756437249611,0.010231756437249622,0.009869653744431231,0.014162840328526105,-0.00925048723560474,-0.004680419686411356,0.010732289124164166,0.004179886999496811
2023-03-15,1,83182.782899,-0.03592958792349493,-0.035929587923495,-0.031255359773749436,-0.007078178803723967,0.011668607272427071,0.0032770111736324012,-0.029158257142965494,-0.010048341954161913
2023-03-16,1,84801.140995,0.019455445455000674,0.019455445455000667,0.016847825323414493,0.01740414873803875,-0.012982551683586948,-0.006470689982228873,0.026731590576680224,-0.0008054551394506837
2023-03-17,1,82377.98087,-0.028574617001586634,-0.028486174795361235,-0.022932326730909842,-0.0013123856394724465,0.01778349023006325,0.0009475108360275043,-0.018319448382403982,-0.0112026794552101
2023-03-20,1,83808.236827,0.017362114758767387,0.017410671423519063,0.016137069993136376,0.004856512141280245,-0.009771196612904097,-0.0030742438370900947,0.017620072040260608,0.002816286555596878
2023-03-21,1,84757.961134,0.011332111775862729,0.011332111775862684,0.006414972037751626,0.012354195409506996,-0.006570167458596327,-0.004728055558765181,0.009867458602768872,0.006192708731858993
2023-03-22,1,85016.179339,0.0030465362880268882,0.0030465362880268457,0.004416055025580517,-0.016898792943361163,-0.0026650955797748186,0.007158619578375141,-0.003946907066043038,-0.0001651762243052571
2023-03-23,1,84558.940143,-0.005378260927321465,-0.005378260927321446,-0.004053722573885027,0.0013215027373985055,0.009603208917845444,-0.0004440331275015356,-0.0027111215455738417,-0.0022231062542460676
2023-03-24,1,84746.987648,0.0022238630807107484,0.002223863080710691,0.0017758379169514702,0.003133813851457168,-0.008701376104880344,-0.0010525202876158902,0.004210642949468802,-0.0009342595811422222
2023-03-27,1,86039.91027,0.015256266414156176,0.015256266414156238,0.010530513221108272,-0.00018712574850299202,-0.0054746102669941885,-0.0008112382741590949,0.010910979222024076,0.005156525466291256
2023-03-28,1,86012.279684,-0.000321136852797313,-0.0003211368527973024,0.00028724824410340544,-0.00298990905693286,-0.001136355458525559,0.001156440071684627,0.002567057698093464,-0.004044634622575394
2023-03-29,1,85874.254386,-0.001604716186485332,-0.0016047161864853562,-0.0024998265164141685,0.012729314863347163,0.002519780603065352,-0.004598180648792499,0.0014355473777604801,0.0015579170845466622
2023-03-30,1,85018.214422,-0.009968528640237576,-0.00996852864023752,-0.009992339451156152,0.005421389847215297,0.00688319048624298,-0.0021543127369460556,-0.0010950891507624306,-0.006719126752529034
2023-03-31,1,84508.13572,-0.005999640256937073,-0.005388006616386287,-0.008072073525745035,0.013905905415339426,0.01753155511042924,-0.005813460131580475,-0.005573261036360737,0.0053870809110042215
2023-04-03,1,83882.610095,-0.007401957448124776,-0.007135710893183304,-0.0051222057827822525,0.006481705839592955,0.010483104989610062,-0.002067848243378426,-0.0036981720393839635,-0.0016359371653623413
2023-04-04,1,83322.259456,-0.006680176482087574,-0.006680176482087572,-0.0016795401759125525,-0.005659241420830852,0.00515517591104412,0.00112657438642446,-0.004802552504713468,-0.003004198363798564
2023-04-05,1,83147.360868,-0.002099061994099347,-0.0020990619940992835,-0.0015520621064564132,-0.004051765844218624,0.0023601786224753066,-0.00018002392275347662,-0.0029991816078666737,0.001080143536520867
2023-04-06,1,83118.02743,-0.0003527885611191843,-0.00035278856111910223,5.909641458291379e-05,0.004436341537526589,0.002983619437085962,-0.00015033549916054905,-0.00020245306195855318,0.0
2023-04-10,1,83317.335466,0.002397891792093865,0.0023978917920938598,0.00154632412146727,-0.0006644116936458389,-0.004815789648883578,-0.00031280819340640014,0.0017963375740046225,0.0009143624114956373
2023-04-11,1,83150.877879,-0.0019978745907159394,-0.0019978745907159733,-0.0028595170849361317,-0.0004832668841368015,0.0016744325642673364,-0.000516099077814141,0.0010987198761688933,-0.002580495389070725
2023-04-12,1,83056.968858,-0.0011293809829771371,-0.001129380982977179,-0.002138939308069324,-0.004471299093655623,0.006295356100261407,0.00040889526205154463,-0.0014540919263710524,-8.41843186576713e-05
2023-04-13,1,83199.175434,0.0017121570548053733,0.0017121570548054438,0.003393583631599586,0.013418336369156014,0.007619139539289203,-0.0024200257096135907,0.0022539538554651856,0.0018782289089538482
2023-04-14,1,83452.538558,0.0030452600405898316,0.003045260040589757,0.0005694554614790508,-0.0011994002998501063,-0.020563667404074858,0.0005588997698312388,0.005034462447193404,-0.002548102176434886
2023-04-17,1,83812.892754,0.004318073514277903,0.004318073514277912,0.003399327398793946,0.0005989099838294987,-0.011371685094952948,-2.3965717934517657e-05,0.003563153399340601,0.0007788858328718297
2023-04-18,1,83827.732075,0.00017705295937371106,0.00017705295937374803,0.0009896490885490054,0.0007182188173329163,0.004535396381090499,-5.965669285094507e-06,-0.0008788705040879877,0.0010618891327468303
2023-04-19,1,84193.603864,0.0043645674245785995,0.004364567424578612,0.003854871247460362,0.000598659003831381,-0.00767128548179033,0.0004234875395195801,0.0018415360271591356,0.0020995438578998962
2023-04-20,1,84055.067007,-0.0016454558323576675,-0.0015979462851185866,0.0007254895969271534,-0.004733656899754357,-0.0002820411304480532,0.0006235628075135127,-0.0029103975275994063,0.0006413788877281815
2023-04-21,1,84036.789812,-0.0002174431131042323,-0.00021744311310428708,-0.0021054655458485057,0.0007222389407162133,-0.006060089565204573,-0.00030337254978083457,0.0015611528160029702,-0.0014752233793264224
2023-04-24,1,83678.083939,-0.004268438541249695,-0.004268438541249709,-0.0032436551255604976,0.0022891566265059726,0.008101242289586781,-0.000470032233363963,-0.002560853085864172,-0.0012375532220215745
2023-04-25,1,83469.69547,-0.0024903590006366523,-0.002490359000636626,0.00028634693945636224,-0.015394792230440824,-0.003047939161228928,0.00211524919868303,-0.005705059760217058,0.001099451560897402
2023-04-26,1,83963.303936,0.0059136248588264,0.0059136248588264355,0.006081426692618711,-0.008332826470409338,-0.01514464600165709,0.0018090397856377436,0.001373054800835012,0.0027315302723536798
2023-04-27,1,84147.925407,0.0021988352332442587,0.0021988352332441923,0.0010803013313568516,0.016705421613021576,0.002568045224964313,-0.0028881664802645067,0.004944082135103868,0.00014291957840483057
2023-04-28,1,83588.790849,-0.006644662421351376,-0.0064010438187433695,-0.006274924212641612,0.009033967718621971,0.014357277302291704,-0.0020143099093689935,-0.002354598248595032,-0.0022757542633873936
2023-05-01,1,84202.756439,0.007345070831336849,0.007458722433465559,0.007166775580158328,-0.0010143198090691863,-0.014030268020150415,-2.3926653079725137e-05,0.0077219156173424204,-0.00035291813292578
2023-05-02,1,84217.824884,0.00017895430171482738,0.00017895430171486248,0.0021924976549581414,-0.010228496231606599,0.00011005826644904082,0.0020248743296696556,-0.008793436056440146,0.006947516028485352
2023-05-03,1,84298.521499,0.0009581892607622869,0.0009581892607623017,0.002062656904977334,-0.006229964313796632,-0.0028546399495099797,-0.0004333999370112911,-0.002123106181824854,0.003514695379598447
2023-05-04,1,84339.35035,0.0004843364976081626,0.0004843364976081085,0.0003405514190644236,-0.002752630291167124,-0.004363043276253016,0.00035587812771054,-0.00028673277909804903,0.0004151911489956175
2023-05-05,1,84284.785815,-0.0006469641367907666,-0.0006469641367907741,-0.001361292661897113,0.017904224661229984,0.0057713866679535274,-0.0024543703400683892,0.0055304607287919765,-0.0037230545255143616
2023-05-08,1,84496.972344,0.002517495022679652,0.0025174950226795685,0.0008785986254602413,0.00042158516020229797,-0.0032112005224054314,0.0002728843619588268,0.005281932254697305,-0.0030373215939765636
2023-05-09,1,84564.306584,0.0007968834598875949,0.0007968834598875632,-0.0009422879710671071,-0.003975424647632786,-0.0013415453382550724,0.0003550423070532816,0.0008797266648666503,-0.00043788551203236865
2023-05-10,1,84130.199144,-0.005133459463134482,-0.0051334594631345645,-0.002642411478237406,0.004597144931042907,0.009953894901834003,-0.0005735280280701235,-0.006357380100356361,0.001797448665291921
2023-05-11,1,84548.787056,0.004975477492124806,0.004975477492124722,0.006863361177401238,-0.002167238576846642,-0.01158526255332302,0.0010222250853477396,-0.0012767364019788598,0.005229988808755842
2023-05-12,1,85074.967442,0.006223393669446872,0.006223393669446928,0.005933752162060121,-0.0015683435878875995,-0.01049117624064581,0.00023063607035657264,0.005247625679476843,0.0007451319196135122
2023-05-15,1,84986.332145,-0.0010418493236450134,-0.0010418493236450403,-0.00255651181822721,0.004295480670337026,0.004366005828970369,-0.0014575380247358952,0.0013795444916420113,-0.0009638557905511566
2023-05-16,1,85651.823693,0.007830571475047964,0.007830571475047914,0.008958600237548043,-0.006086904116193614,-0.021126306834028618,0.0014943579372695991,0.003147465498407734,0.0031887480393705805
2023-05-17,1,85336.526702,-0.0036811474348132935,-0.0036811474348133317,-0.004677865386152373,0.01102762966553561,0.012335484553844355,-0.0021073690228342323,0.0036566998275208516,-0.00523047823949995
2023-05-18,1,85959.400807,0.007299032769311438,0.0072990327693114535,0.008384286881363405,0.009769253820797186,-0.010817484467776525,-0.0005741972622242163,0.005951426949805634,0.0019218030817300343
2023-05-19,1,86267.158381,0.0035802666334051147,0.0035802666334051624,0.002607681313987656,-0.0025501126793974205,-0.004791856459162248,0.0008085212245279526,0.003190547769783786,-0.00041880236090657613
2023-05-22,1,86446.966712,0.0020843196190316717,0.002130687206362085,0.0009668778978180967,0.003819527333492445,-0.0034340711197058072,-0.0016982128859793764,0.002716077996409573,0.0010664545086013935
2023-05-23,1,86478.361529,0.0003631685216563593,0.0003631685216564364,-0.0008098469043518665,-0.01158645276292336,-0.0065924996720782714,0.0005610376146749683,-0.00012846237780100218,-6.940671521752974e-05
2023-05-24,1,86912.440205,0.005019506249120416,0.005019506249120354,0.004733582343246544,-0.007696007696007645,-0.01532153756946095,0.0013124670494800358,0.002920715328586202,0.000786323871054116
2023-05-25,1,87704.207336,0.009109940180148685,0.009109940180148622,0.010812886833604304,0.0006615347606446775,-0.017096957470247608,0.0009377253682849693,0.005433826619816746,0.0027383881920469066
2023-05-26,1,87549.84619,-0.0017600198553570819,-0.0017600198553570517,-0.001223614019965618,0.013531392831368727,0.01453043310779779,-0.0011972059629618555,0.0020368333414648356,-0.0025996472338600317
2023-05-30,1,87549.153894,-7.907448696505402e-06,-7.907448696475536e-06,0.002379362968345092,-0.0058376083495489395,0.001460039191827426,0.0009423203305333031,-0.0055418977534647884,0.00459166997423501
2023-05-31,1,87435.788365,-0.0012948786416288548,-0.0010664355429763404,-6.596305104433033e-05,-0.005340612390220767,0.000807288335424781,0.0010793936411334474,-0.0041218619874546095,0.001747589704692241
2023-06-01,1,86178.929096,-0.014374654723482472,-0.01424884811493312,-0.011962697117018927,0.009430583741196097,0.02072186874059298,-0.003391059948624466,-0.004384466308226215,-0.006599128466631745
2023-06-02,1,85960.362084,-0.00253620014211851,-0.0025362001421185324,-0.0010155000723651155,0.013292373131683188,-0.0022963452286158584,-0.011058387589533257,0.010622468825909507,-0.0021002813784947835
2023-06-05,1,86607.999771,0.007534143312082003,0.007534143312082076,0.00578093457956952,-0.0016324626865671377,-0.0022855239103212605,0.004199610044058068,-0.0022029026903461818,0.00553743595837019
2023-06-06,1,86302.008924,-0.003533055244176453,-0.0035330552441763968,-0.002562250368728627,0.0023365850809042854,0.004619083681243844,-0.005559532621363207,0.0026037912527177793,-0.0005773138755309691
2023-06-07,1,86273.358093,-0.00033198335706006803,-0.0003319833570600071,-0.0011576376123964066,-0.0041936047527521,-0.009503023608912203,-0.004484252508450908,0.006110508618905633,-0.0019582394675147323
2023-06-08,1,86051.086063,-0.0025763692879294015,-0.002576369287929328,-0.002710162126563726,0.0058503480957117215,0.012191593689689072,0.0006375085103415284,-0.005369815669607591,0.002155937871336734
2023-06-09,1,86423.279969,0.004325266801243802,0.004325266801243832,0.004019182575722339,0.0016287592344832458,-0.0034042196024095515,0.0011039953630645688,0.0014316368496324887,0.0017896345885467743
2023-06-12,1,86737.359414,0.0036341995487297937,0.003634199548729774,0.004470264660976811,0.008417508417508435,0.001360622081129483,-0.0021926962280180286,-0.001462806722731622,0.007289702499479424
2023-06-13,1,87022.835939,0.003291275265535224,0.0032912752655352793,0.005294251009784287,0.006156501726122032,-0.005523124950554692,-0.002911087006879254,0.011355850953899791,-0.005153488681485259
2023-06-14,1,87537.428262,0.0059133021543274975,0.005913302154327508,0.0057790238060305005,0.0005146386093322075,-0.001423939395706031,0.004119608331889446,0.00017342945759452405,0.0016202643648435386
2023-06-15,1,86047.059388,-0.017025504448675982,-0.01702550444867592,-0.015347214489377248,0.01090493862403652,0.02686113958019378,-0.0038097989239524854,-0.006258681402723239,-0.006957024122000191
2023-06-16,1,85467.467707,-0.006735752331346257,-0.006631158402582246,-0.00488298594171872,0.006463642013673221,0.007763037820318602,-0.003551486851182002,-0.0006159034516257586,-0.002568362028538495
2023-06-20,1,85393.975043,-0.0008598905103699227,-0.0007662876435176619,0.0003583867427109857,-0.005215343203230138,-0.003356625295384625,0.003024542635161238,-0.005428880448592154,0.001544447303061069
2023-06-21,1,85008.685816,-0.004511901772356056,-0.004511901772356085,-0.004959391795098079,-0.004740138818351114,0.0017203588842206476,0.0008372956050365545,-6.779433023899016e-05,-0.0052814030471536495
2023-06-22,1,86464.567463,0.0171262693189385,0.017126269318938556,0.01717713491109554,0.0031179138321995037,-0.017639457897078336,0.0019645051373031676,0.00652735238055437,0.008634411801081017
2023-06-23,1,86872.70427,0.004720278132006526,0.004720278132006487,0.0025950553767245593,-0.008303677342823224,-0.006932362051727327,0.0052449230165029295,-0.001958758344356129,0.001434113459859686
2023-06-26,1,87018.688093,0.0016804337385376634,0.0016804337385377106,-0.0004577386427627316,-0.004498861047836034,-0.005829597565052418,-0.0003453328666582889,8.039145635443135e-05,0.001945375148841568
2023-06-27,1,87333.19957,0.003614298073632536,0.0036142980736325477,0.005153841691728068,0.00982688681940247,9.777637866505236e-05,-0.0038554936571747293,0.003643027534565308,0.003826764196241969
2023-06-28,1,86799.415484,-0.0061120408880694374,-0.006112040888069396,-0.004390619474691007,0.0007929315813322013,0.0054706346886475195,-0.0008587799412949422,-0.0022761571502853627,-0.0029771037964890896
2023-06-29,1,87256.041196,0.005260700319289895,0.005260700319289889,0.0036316195844917176,0.0027126306866347427,-0.008301804175408618,-0.003744264845442466,0.009546443465457886,-0.0005414783007255316
2023-06-30,1,86532.430092,-0.00829296281040996,-0.007874653665282817,-0.006649662950400764,0.011949720985288348,0.016982256917672398,-0.00252131539528683,-0.0021214703542192354,-0.0036501770609038836
2023-07-03,1,86860.255014,0.0037884631498387913,0.004091817625983612,0.004817337319114805,0.0015048489577527135,0.00031317857259647566,0.0008378361722095882,0.0018354381415157286,0.0011151888361134422
2023-07-05,1,86881.766065,0.00024765124886864834,0.00024765124886863457,-0.0008589783488070238,-0.0018365983971504463,-0.009459311417833667,-0.002478118443981845,0.004728987389727787,-0.002003217696877307
2023-07-06,1,87149.842929,0.003085536542650257,0.003085536542650217,0.0012702417490292814,-0.007753667652144802,-0.02181609806567501,-0.0057981095782893444,0.007847755575935015,0.0010358905450045478
2023-07-07,1,86700.411797,-0.005156993025743492,-0.005156993025743502,-0.0056294217761076095,-0.0016324233042499525,0.008793695133233562,-3.729209245559031e-05,-0.00035778758895933566,-0.004761913344328576
2023-07-10,1,86514.877363,-0.0021399487002938867,-0.002139948700293945,-0.0014901607932507263,0.0015211267605634848,0.012010846565394969,0.0033131330526201194,-0.006675682635691228,0.0012226008827771625
2023-07-11,1,86531.413691,0.00019113854331156827,0.00019113854331163232,0.0013001257811219046,0.006241916437046635,0.008445055484244544,0.004400977168365765,9.08892964974207e-06,-0.004218927554703875
2023-07-12,1,85491.835863,-0.012013877774602352,-0.012013877774602371,-0.010160912996285631,0.008163721762469267,0.02946932821051007,0.003975434877656507,-0.010892897591077118,-0.0050964150611817575
2023-07-13,1,84815.722607,-0.007908512544592492,-0.007908512544592497,-0.00673038669123375,0.0073162620552045254,0.023189881224583552,0.002930104348218412,-0.010534494285810214,-0.0003041226070006976
2023-07-14,1,85492.240573,0.007976327332845614,0.00797632733284559,0.009326793982033905,-0.0006057935896023325,-0.011229467879387995,-0.0003330750376431115,0.006364008345316568,0.0019453940251721324
2023-07-17,1,85454.86287,-0.000437205798253627,-0.00043720579825366903,0.0023658352708800395,0.00391313932980597,0.0034105425471862246,0.0030148934952634065,-0.0032298569020136067,-0.00022224239150346842
2023-07-18,1,85289.516557,-0.0019348964744424493,-0.0019348964744424551,0.0011439426125262678,0.00824130542277901,0.015262759354308535,0.006114338990803125,-0.0006535182553172113,-0.0073957172099283685
2023-07-19,1,85303.629266,0.00016546826841121515,0.00016546826841113568,0.0005479689469364879,0.003109486661938776,0.005659333566575301,0.002160288948015654,-0.0029679766236224473,0.0009731559440179291
2023-07-20,1,85930.709781,0.007351158690108442,0.0073980500127219,0.0037904087476919785,-0.006041473901921335,-0.01627615630251982,-0.001720325398381346,0.007606130256819162,0.0014653538316706232
2023-07-21,1,85697.027371,-0.002719428375815974,-0.0027194283758159,-0.0043726645277307,-0.0003284971256501956,-0.0018380474260246043,-0.0007215115545742138,-0.0005199818626783715,-0.0014779349585633149
2023-07-24,1,86081.182598,0.004482713566301587,0.004482713566301554,0.0038441031304851515,0.004217560387796526,0.004170370147963459,0.0025292592596256264,0.0027702854401190614,-0.0008168311334431336
2023-07-25,1,86252.519187,0.001990407007749458,0.0019904070077494053,0.003081844459905182,0.002508452393936045,0.002422813113754029,0.0007783350318605311,0.0028035928619320567,-0.0015915208860431823
2023-07-26,1,85983.919965,-0.0031141029252370763,-0.003114102925237046,-0.003953590093772952,-0.0020630870296975967,0.005901343615135762,0.0007709919736462455,-0.004232910826844016,0.00034781592796072477
2023-07-27,1,86886.536255,0.01049750104719394,0.010497501047193927,0.007742848563468533,-0.0066380107731650595,-0.020763510566167664,-0.004204274475368806,0.00966595021734921,0.005035825305213526
2023-07-28,1,86778.026201,-0.001248870754784853,-0.0012488707547848776,0.0020957896649906253,0.008869908015768813,0.017453306106119507,0.004632478371797655,-0.0027508295809205024,-0.0031305195456620308
2023-07-31,1,86788.233742,0.00011762818423885695,0.0005324797495050798,0.00037969554818022375,0.0012476267968537513,0.010311843658025073,0.002094424221864937,2.8319861160677664e-05,-0.002005115898786769
2023-08-01,1,86427.719247,-0.0041539558969895,-0.003943673935793967,-0.004179834420092692,-0.003573168751015099,-0.02271311944593646,-0.0012904975152821295,0.006518573777386159,-0.009382032159093522
2023-08-02,1,85872.70092,-0.006421762971298002,-0.0064217629712979415,-0.008636754156669577,-0.009334061135371163,-0.02108520164285603,-0.00493765199080672,0.002438241743313069,-0.003922352723804292
2023-08-03,1,86573.94323,0.008166067942273016,0.008166067942273017,0.007252259107659757,-0.002756795500909792,-0.0041623412982026865,-0.0015080461964405779,0.006995730932680146,0.0026783832060334484
2023-08-04,1,85763.186395,-0.009364905930778942,-0.009364905930778883,-0.011434762606956046,-0.0056372278103238305,0.012998888396585181,-0.0025354049014196817,-0.008735386262772628,0.0019058852334134272
2023-08-07,1,86249.631611,0.00567195828582602,0.005671958285826082,0.008790613928990892,0.008276858126874842,0.0020638454405657205,0.00465526080338764,0.0019028585871534232,-0.000886161104714981
2023-08-08,1,85325.527268,-0.010714299018516265,-0.01071429901851625,-0.012777411119682584,-0.004626060138781751,-0.0029765719897618787,-0.0029565343670092266,-0.004673693507881735,-0.0030840711436252864
2023-08-09,1,84760.849781,-0.006617919685555483,-0.006617919685555432,-0.010055600739088476,-0.006808369312520712,-0.00860894771751973,-0.0037356932937522656,-0.00010462855456619933,-0.0027775978372369665
2023-08-10,1,84913.292522,0.0017985041614530042,0.0017985041614529914,0.0019367202617624822,-0.0016691704223000814,-0.013130716778856041,-0.0012505773629414305,0.005267086658667894,-0.0022180051342734724
2023-08-11,1,85272.202382,0.004226780628961891,0.00422678062896197,0.0026160286658806556,-0.0015598016823574756,-0.007589504723557398,0.0001354322704774485,0.004479980091158965,-0.0003886317326744447
2023-08-14,1,85513.102964,0.0028250775175226997,0.0028250775175227834,0.00477991724858975,0.00468227424749168,-0.0027309533013574827,0.0008678091796940651,0.002144902755059858,-0.0001876344172311391
2023-08-15,1,84947.330007,-0.006616213624614186,-0.006616213624614129,-0.009066681342862544,-0.011485324307828892,-0.01719807163739433,-0.006627639278140703,0.0016719898837797434,-0.0016605642302531698
2023-08-16,1,84778.343494,-0.0019893092944306425,-0.001989309294430626,-0.00385618025070905,-0.007466457081906519,-0.01777748041875512,-0.0044998471401990195,0.003664193881712165,-0.0011536560359437717
2023-08-17,1,84533.309905,-0.0028902851684448447,-0.002890285168444898,-0.006171061314933473,-0.008143875127248013,-0.011991892137294301,-0.005166413755549406,0.0031254020811674285,-0.0008492734940629213
2023-08-18,1,84537.635949,5.1175612235536035e-05,5.117561223549964e-05,-0.0001617687376734977,0.000799223611348987,0.00543922289496803,0.001023265267822007,-0.0012441717499206896,0.0002720820943341821
2023-08-21,1,85224.375592,0.008123478202501321,0.008123478202501236,0.010586836427999341,0.0068454078722191,-0.006634773053622656,0.0013544263299365073,0.006816368076230657,-4.731620366592856e-05
2023-08-22,1,85053.941374,-0.0019998294761918996,-0.0019998294761919334,-0.002590661013821976,-0.0024941896717872725,-0.003571432537587736,-0.0018421959551999394,-0.00039230816496650835,0.0002346746439745142
2023-08-23,1,84814.119839,-0.002819640468245928,-0.002819640468245991,0.00015888026909128685,0.010681818181818237,0.027542081189858642,0.004849863431820819,-0.010173797017588826,0.0025042931175220163
2023-08-24,1,84260.50585,-0.006527379993187627,-0.00652737999318761,-0.014224896788973073,-0.018901688849122023,-0.021348228794266552,-0.009149419948913677,0.0029521736652229616,-0.00033013370949689383
2023-08-25,1,84397.796933,0.0016293645731312325,0.0016293645731311535,0.003409902051822956,0.006785266278937163,0.0019172951064710946,0.0034446743118099147,0.0011516793326476096,-0.002966989071326371
2023-08-28,1,84479.598111,0.0009692335684716667,0.0009692335684717041,0.0027333354796988314,0.005488909008601217,0.007695998768597591,0.0033739032338383403,-0.0015515668283644843,-0.0008531028370021517
2023-08-29,1,84603.675664,0.0014687280293683863,0.0014687280293683162,0.005102408973282898,0.014120162016201698,0.030122130919365726,0.006827092137028344,-0.00737068428675811,0.0020123201790980816
2023-08-30,1,84790.896723,0.002212918732827435,0.002212918732827349,0.0028925256218855174,0.003437759911283589,0.00576714571858819,0.0017020537094807008,-0.0003165221965398086,0.000827387219886457
2023-08-31,1,84227.420974,-0.0066454745869713415,-0.006209106988207879,-0.007940024545712855,-0.002429865252926877,0.0014096883246953072,-0.0024471966687408388,-0.002405632647634779,-0.0017926452705956865
2023-09-01,1,84479.800834,0.0029964096924298485,0.0031804352724706234,0.0043392626575314945,0.0010516411136325399,0.002510904692061104,-0.0012614656696340542,0.004848538110904382,-0.0005906627488404356
2023-09-05,1,85137.965364,0.007790791686489158,0.007790791686489181,0.006011269481972655,-0.004147083218136616,-0.017230374170022277,0.0023437555255211603,0.007116074186717947,-0.0016690380257499274
2023-09-06,1,85556.383082,0.00491458441502781,0.004914584415027811,0.0031167548026187508,-0.006333333333333302,-0.015658519244693057,0.00039935180332961815,0.0039044592654293615,0.0006107733462688321
2023-09-07,1,85445.797194,-0.0012925498240119618,-0.0012925498240120065,-0.002270206194011781,-0.002964537420293123,-0.00171058728370883,0.0010168732812925602,-0.002928897632988532,0.0006194745276839653
2023-09-08,1,85699.52313,0.0029694372884709014,0.0029694372884709634,0.0031201391421317036,0.000785061403016929,-0.0038064293602478026,0.00032184145859820256,0.0018985829807714844,0.0007490128491012763
2023-09-11,1,85697.107068,-2.819224900159257e-05,-2.8192249001603845e-05,0.0012630671167680075,0.005993054777640783,0.008825550389937934,-0.00023920786547231663,0.0017979556020431748,-0.001586939985572462
2023-09-12,1,85454.848761,-0.002826913477580771,-0.002826913477580793,-0.0023057471647879332,-0.005069355467661962,-0.0013684206990267386,0.00011085555073006476,-0.002004248601110239,-0.0009335204272006187
2023-09-13,1,85098.046713,-0.0041753282986770005,-0.0041753282986769944,-0.0037938123543210076,0.0009519543061933256,0.004038769835172756,0.000760635598124363,-0.004327455418301867,-0.0006085084784994896
2023-09-14,1,85434.922378,0.003958676827645025,0.003958676827645091,0.006505542252305456,0.007659193827919797,0.005000224949986048,-0.0014160137001348145,0.0045403588040490335,0.0008343317237308717
2023-09-15,1,85940.581625,0.005918648170103919,0.005953762616474187,0.003908899321779192,-0.0036113575865127645,-0.005221470334421507,0.0005232052509163945,0.0023287812695209757,0.0030666616496665892
2023-09-18,1,85846.732064,-0.0010920284671542492,-0.001092028467154216,-0.0011446190280878323,0.00044449383264799636,0.003923744635987992,0.0007563365149580335,-0.002744332853677925,0.0008959678715656758
2023-09-19,1,86239.100109,0.004570564725702024,0.004570564725702063,0.002445681906719028,-0.0029423194359629035,-0.010257714794090688,0.000530014351230175,0.004226929047431936,-0.00018637867296004816
2023-09-20,1,86323.946814,0.0009838542507278655,0.0009838542507278804,-0.002624101230584739,-0.00985249095463403,-0.004738151994094899,0.0011479711624391932,-0.0012193227276907643,0.0010552058159794518
2023-09-21,1,86969.919484,0.007483122514100966,0.007483122514100959,0.0032408394646249766,-0.016422947131608523,-0.025047106406231083,0.0016275900857747234,0.0061335549340813585,-0.00027802250575512333
2023-09-22,1,86701.805651,-0.0030828340924932956,-0.0030828340924933307,-0.0032403186475905574,-0.00211658371946688,0.003838685202151702,0.0003219503957924493,-0.0046695896146132804,0.0012648051263275005
2023-09-25,1,87368.323476,0.007687473401578849,0.007687473401578828,0.007280758189557987,0.003150057273768603,-0.011235930605828982,-0.0004555845141078931,0.008788949885054874,-0.0006458919693681539
2023-09-26,1,87566.098402,0.002263691433567215,0.0022636914335672827,-0.0009160694913210411,-0.015346873573710673,-0.019187805247942332,0.0014536160812846234,0.0028474270252642564,-0.0020373516729815977
2023-09-27,1,87885.66794,0.003649466450842046,0.003649466450842057,0.0056886406507153185,-0.0015624095827787565,-0.00996805458647268,-0.0006338069299993193,0.007754936564981799,-0.0034716631841404224
2023-09-28,1,87536.36107,-0.003974560109829247,-0.003974560109829328,-0.003202214064891108,0.0032961313826402883,0.0007016214410900825,-0.0006144346543151552,1.926514321920219e-05,-0.0033793905987333744
2023-09-29,1,87403.220555,-0.0015209738349569208,-0.0011554114605466137,-0.0025090058442143437,-0.0038000921234454532,-0.010816614509934814,0.0007596843093214952,-0.0007155942288341868,-0.0015650639154442608
2023-10-02,1,89015.33253,0.01844453745001879,0.018598994001096006,0.014745634963635507,-0.005690963439871188,-0.03085312442858797,0.0039243405199611385,0.010881887060239471,0.003638309869818205
2023-10-03,1,90643.621541,0.018292230846041646,0.018292230846041608,0.018496301794459425,-0.014158576051779947,-0.02943309163132395,0.004212757390683788,0.013416666292556898,0.0006628071628009207
2023-10-04,1,89732.059773,-0.010056546210511325,-0.010056546210511254,-0.01375807556458153,0.00821066213125321,0.004958086957380429,-0.0010149638599544146,-0.010299254959630792,0.0012576726090739532
2023-10-05,1,89518.460264,-0.002380414635221546,-0.0023804146352216157,-0.0033379492202382376,-0.0001747640685074714,-0.0035564137461860175,-0.0003510451011574574,-0.003232952738032588,0.0012035832039684294
2023-10-06,1,89769.854103,0.0028082904675655685,0.002808290467565629,0.002136142408120678,0.012594752186589009,0.012191188492640554,-0.0026921821408464595,0.008393730593803111,-0.0028932579853910225
2023-10-09,1,88209.55014,-0.017381157391906384,-0.01738115739190643,-0.01638457419468284,0.012456546929316303,0.02861727738323497,-0.003297320720385018,-0.013716229969586597,-0.0003676067019348114
2023-10-10,1,88193.776492,-0.00017882018122838776,-0.00017882018122833347,-0.0005469340885186328,0.005207439198855468,0.005156557911983025,-0.0019669072081754356,0.0026269984586760877,-0.0008389114317289855
2023-10-11,1,87728.716904,-0.005273156522921693,-0.005273156522921666,-0.0067358452527188735,0.004041438979963674,0.004900275703379131,-0.00014173335690095595,-0.003589364242938348,-0.0015420589230823623
2023-10-12,1,89707.567034,0.022556469524366744,0.022556469524366823,0.02101776399046497,-0.008431894063720247,-0.03142597522487535,0.003989571628885214,0.017130652109082937,0.0014362457863986737
2023-10-13,1,88585.335167,-0.01250989078951204,-0.012509890789512106,-0.006471541028749819,-0.005364378245734214,0.021679271694724594,0.0006855608956262459,-0.006808030657596182,-0.006387421027542168
2023-10-16,1,89132.290081,0.006174327988745287,0.006174327988745297,0.004621487604351204,0.010156653468755383,-0.00017959382464898094,-0.0034147864251990144,0.009081129656476682,0.0005079847574676287
2023-10-17,1,90491.533635,0.015249732193444129,0.015249732193444174,0.014999724045745374,-0.0010212765957446912,-0.014005442490590837,-0.0008975422927763941,0.017257983073531383,-0.0011107085873108143
2023-10-18,1,91124.356308,0.006993169942605765,0.006993169942605828,0.008670414352548542,-0.012676216462028211,-0.013969841765161682,0.0037959352240187257,0.005860467292061663,-0.0026632325734745614
2023-10-19,1,91486.540757,0.003974617364549555,0.003974617364549596,0.005576772432391376,-0.010008052455999117,-0.006283412556931751,0.002990418929042144,0.0037715980978073028,-0.0027873996622998507
2023-10-20,1,90826.696125,-0.007212477662145315,-0.007212477662145337,-0.006726173175111728,-0.010826542491268909,-0.004129719878506203,0.002612406131249777,-0.009945120058850109,0.00012023626545499508
2023-10-23,1,89770.541553,-0.011628239461659496,-0.011628239461659506,-0.013019688634161444,-0.0034067547723934943,0.007297106215181363,0.0021744708155811516,-0.012690702417120692,-0.0011120078601199671
2023-10-24,1,89688.445985,-0.0009145045428707815,-0.000914504542870779,-0.0025527091298849997,0.004940885830245323,0.0039212330592050555,-0.0011807882426240765,0.002160000692640953,-0.0018937169928876553
2023-10-25,1,90994.102042,0.014557684022069186,0.014557684022069242,0.017016159283482768,-0.013994612952336394,-0.022544624619666314,0.0026257562767791247,0.012734706734369092,-0.0008027789890789742
2023-10-26,1,89856.244114,-0.012504743746729347,-0.012504743746729365,-0.01151200410509882,-0.010828177058543553,0.0022416750508864334,0.0012748078984965254,-0.013372931884498552,-0.00040661976072733783
2023-10-27,1,89986.680779,0.0014516149295751885,0.0014516149295751258,0.001858889919482352,-0.007019438444924364,-0.0022237436918200832,0.0035334216684846298,-0.0016922956888403326,-0.0003895110500691715
2023-10-30,1,90182.051839,0.002171110859986215,0.002171110859986274,0.0003370380103961755,0.009100771456123535,-0.0016077360250232617,-0.0029337675055251112,0.00450478955756305,0.0006000888079483348
2023-10-31,1,90050.379213,-0.001460075743310522,-0.0009278190578488641,-0.00304187029169325,0.006691760769552468,0.0005986498623662569,-0.001508060608808245,-0.0014822531052048223,0.0015302379707024703
2023-11-01,1,88244.220283,-0.020057205146081183,-0.019840659694851687,-0.022201604716860283,0.012128418549345987,0.023277027636621893,-0.004164335600567199,-0.016475876529593415,0.000583006984079435
2023-11-02,1,86705.199029,-0.017440476543683855,-0.017440476543683935,-0.018531310193462547,0.018140190207819762,0.024492736460274944,-0.011388847867577562,-0.00295794164342112,-0.0030936870326852524
2023-11-03,1,85046.989816,-0.019124680320584297,-0.019124680320584217,-0.021841994375427498,0.01120739456961295,0.023929696688829293,-0.00826940031308939,-0.01636821354955441,0.00551293354205958
2023-11-06,1,86147.649103,0.012941778294376628,0.012941778294376623,0.012766580281476314,0.0011417480162128069,-0.014421534460108373,0.002622079869998574,0.012130462101417456,-0.0018107636770394076
2023-11-07,1,86057.163213,-0.0010503582007085743,-0.001050358200708536,-0.003742672060668509,0.0036529680365295913,0.0023148794674202862,-0.00047592709060657136,-0.0065061077759546735,0.005931676665852708
2023-11-08,1,86081.887189,0.00028729713668233315,0.00028729713668231,-0.0005892787451165321,0.0004548038658329645,-0.007668011743649388,0.002928286159939604,-0.0021529413299340404,-0.0004880476933232544
2023-11-09,1,88164.413093,0.02419238205715986,0.024192382057159838,0.024954152992008857,-0.0070562795197177675,-0.01826678893142603,0.005250814250912756,0.015537832019704052,0.0034037357865430258
2023-11-10,1,86968.549062,-0.013564021909388222,-0.013564021909388227,-0.01436563787346941,0.015122007102760904,0.004979130956806506,-0.006000153366240356,0.003143399467685566,-0.010707268010833437
2023-11-13,1,86637.913865,-0.003801778924202327,-0.003801778924202298,-0.0030915136784813112,-0.00011297520194319954,0.007141026459099155,-0.001276323466327808,-0.002111512712038435,-0.0004139427458360543
2023-11-14,1,83128.716945,-0.04050417147953801,-0.040504171479538026,-0.0434512973553013,0.01891693489186297,0.04935543519725902,-0.016528560489505784,-0.027761482387069877,0.0037858713970376386
2023-11-15,1,84213.817876,0.013053262103394778,0.013053262103394768,0.01272411891073347,0.0008304728158565755,-0.007295925583456461,-0.0015878989217077712,0.0104308229751198,0.004210338049982737
2023-11-16,1,84878.371818,0.007891269612630876,0.007891269612630909,0.004559036834403636,0.0019936866589134183,0.006389892840487035,0.0034317408626066497,-0.010395515606795521,0.014855044356819778
2023-11-17,1,84641.911936,-0.0027858673116803287,-0.002785867311680293,-0.001475683433852927,-5.5215062669145e-05,0.006509262293827195,-0.001743671524684874,0.004247726608839077,-0.005289922395834496
2023-11-20,1,83904.693723,-0.008709848307683187,-0.008615332484292523,-0.008944860045785319,0.00784227094493839,0.016187926571728864,-0.004123252795417142,-0.0015148312520698618,-0.0030717642601961713
2023-11-21,1,84476.148212,0.006810757111508068,0.006810757111508012,0.006845534624049327,-0.0023017482325862204,0.0005638967596078785,0.003933033843026097,-0.001984936755623093,0.0048626600241050075
2023-11-22,1,84457.528231,-0.00022041701776473376,-0.00022041701776465605,-0.0009002313109802177,0.0042878346435051284,-0.0014401902693939998,-0.00325535675832949,0.0035202838390793988,-0.00048534409851456485
2023-11-23,1,84854.108255,0.004695614851400467,0.004695614851400453,0.004564112021091177,0.00120508326029789,-0.001645831051814531,-0.0002960067684136344,0.004198323480465589,0.0007932981393484978
2023-11-24,1,85851.461957,0.011753746781445194,0.011753746781445248,0.011268157308908455,0.0009312007011392787,-0.0023013486644550764,-0.0028401689082015414,0.007982568148148598,0.00661134754149819
2023-11-27,1,85325.535134,-0.006126008941132052,-0.006126008941132094,-0.006845241813847282,-0.001641676699135397,0.0068489855517292215,0.0013395229082692453,-0.010237761868254239,0.0027722300188529
2023-11-28,1,84766.245261,-0.006554777203515032,-0.006554777203515087,-0.006575699926401176,0.0003288391976323801,0.018527818097850594,0.00012891803119403816,-0.01073875330681268,0.0040550580721035534
2023-11-29,1,83830.139819,-0.011043375096225978,-0.011043375096225974,-0.010426197675957535,-0.0010407537248028342,0.007853062556885039,-0.0013212806542878765,-0.007339070404740276,-0.0023830240371978226
2023-11-30,1,84276.361284,0.005322924017258914,0.005996905954088866,0.005716697151123373,0.0031782563428133237,-0.004702148149853436,-0.00588093973198513,0.008096389509523709,0.003107474239720351
2023-12-01,1,85337.162615,0.01258717528405858,0.012946113419725912,0.014128489555125674,0.006343303986438453,0.03159488779790992,0.0018658850192953623,-0.0051135177368244,0.01583480800158764
2023-12-04,1,83531.688153,-0.02115695445550524,-0.021156954455505268,-0.015920717560888874,-0.005811111714549511,-0.02758791592758006,-0.006442093727407339,0.002745293257962917,-0.017460153986060847
2023-12-05,1,82997.826292,-0.006391129791514796,-0.006391129791514764,-0.005707434895379094,0.0004373496610539096,-0.0019652546489546553,0.002292543156197075,-0.0032246667898744273,-0.005459006157837411
2023-12-06,1,82709.894337,-0.0034691505540113544,-0.0034691505540113093,-0.0010996549704036143,-0.003771934619799966,-0.006434700537513849,-0.0030753817467704743,-0.0015865711301802643,0.0011928023229394302
2023-12-07,1,83789.975771,0.013058672637999811,0.013058672637999732,0.010411900189683514,0.007352941176470562,0.012192166791521295,0.0069157384927845175,4.9346382342178613e-05,0.006093587762873036
2023-12-08,1,83859.521345,0.0008299987314786815,0.0008299987314786355,0.00025608986330115553,0.004578654747628974,-0.006191354378703592,0.0032521790046195205,0.004094112337949987,-0.006516292611090871
2023-12-11,1,83708.713864,-0.0017983346172078547,-0.0017983346172078351,-0.0017504079499754722,0.003960718354945492,0.0007604262970540909,0.005029244064808786,-0.00035246421327648147,-0.006475114468740141
2023-12-12,1,84381.650184,0.008039023516328937,0.008039023516328856,0.008779909818905543,0.0044864864864864185,-9.486751551064898e-05,0.005325013124944144,-0.00045172932394949494,0.0031657397153342054
2023-12-13,1,84216.013221,-0.0019629500288530204,-0.0019629500288530733,0.00012135394967891235,0.012744676274467626,0.037788507435575804,0.006811315004495338,-0.008418737499403478,-0.00035552753394493353
2023-12-14,1,83850.819263,-0.004336395699300518,-0.0043363956993005695,-0.0030374158260098047,0.0029205607476634476,0.014169602689257694,-0.0017959767295455415,-0.0017804684858481823,-0.000759950483906846
2023-12-15,1,83425.420991,-0.005073275092844042,-0.004912274877001365,-0.00459369929991292,-0.004607718405428285,-0.007705869656564221,-0.003841524779715739,0.0013800309660973386,-0.0026117812792256375
2023-12-18,1,83968.21527,0.00650634150756658,0.006506341507566653,0.0039065835500466314,0.004716486741431769,0.0025883222338880596,0.004596920164698695,0.0011302823319020584,0.0007791390109658995
2023-12-19,1,84434.814012,0.0055568495850913495,0.005556849585091305,0.0049313844699311465,0.006210207702745052,0.010768240439890072,0.0034804836456327594,0.0005996166766408769,0.0014767492628176687
2023-12-20,1,83151.45391,-0.015199418827759758,-0.015152045003978725,-0.01364530871812257,-0.014267925703019602,-0.00813918861317405,-0.010662071214732895,-0.0028555768687979948,-0.0016817707442289339
2023-12-21,1,83929.602038,0.009358202300597933,0.009358202300597942,0.008259513876825966,0.009629551673332015,0.008380693563083795,0.0067677710194580425,0.001027019050967423,0.0015634122301724747
2023-12-22,1,84116.931979,0.0022319889184351876,0.0022319889184352648,0.0023084491921286847,0.0019809206067873397,0.0015118960852509456,0.0003097834300269142,0.0005162653059784655,0.0014059401824298848
2023-12-26,1,84111.538108,-6.412349150265686e-05,-6.412349150259166e-05,-0.0012086412815793578,0.005155981459298964,0.010391139164876037,0.003694262173953144,-0.0004891271044353162,-0.003269258561020419
2023-12-27,1,84469.840192,0.004259844634639172,0.0042598446346391,0.005016119943380573,0.001191031018590527,0.011164038472956434,0.0010729800218874945,-0.0033164048827880074,0.006503269495539614
2023-12-28,1,84463.830797,-7.114249570516526e-05,-7.114249570518815e-05,0.0012101497837472112,-0.00046540490226498754,-0.015059862003210496,-0.00032851962235106905,0.0028263413807063267,-0.0025689642540604454
2023-12-29,1,84134.141679,-0.0039033171393742148,-0.0037138869436439096,-0.0035740552886515302,-0.003050829929158727,-0.008524710995599972,-0.0005830898212322744,-4.071705456142478e-05,-0.0032795102635804936
2024-01-02,1,83341.257837,-0.009424043859401965,-0.00904369886078946,-0.0063744084014457,-0.006382316313823133,-0.01687516894218317,-0.009796855159574189,-0.0030146363437206234,0.0033874476438928267
2024-01-03,1,81611.276631,-0.02075780053844136,-0.020757800538441284,-0.017645074182863846,-0.009236549600793231,-0.01015199898282218,-0.012775785098881602,0.0006091675900709949,-0.008591183029630675
2024-01-04,1,81273.845184,-0.004134617916643117,-0.004134617916643087,-0.002977249614495423,-0.004315789473684162,-0.014844640936947717,-0.004086445081724751,-0.0031359814124134913,0.0030878085774951546
2024-01-05,1,80918.217698,-0.004375669511168956,-0.00437566951116901,-0.003720936060143495,0.00042258729068733736,-0.005207726133431439,-0.0005905959031636999,-0.001348865507455068,-0.0024362081005502413
2024-01-08,1,82746.256926,0.022591194914427237,0.022591194914427157,0.01917650350349665,0.013830966583962434,0.009625812092378854,0.0160532453254937,0.002126087709640696,0.004411861879292761
2024-01-09,1,82496.851454,-0.0030140997406266482,-0.0030140997406265845,-0.0035629274125557405,-0.001042155176905868,-0.0024167536236605887,-0.001287067282036565,0.0004603776639322217,-0.0021874101225222414
2024-01-10,1,82975.032215,0.005796351646973564,0.005796351646973636,0.005178597314019546,0.006157699733862154,0.0026020442159338008,0.005951742294954028,-0.0004947975405643157,0.00033940689258392365
2024-01-11,1,82974.341857,-8.320063709672003e-06,-8.320063709721328e-06,-3.7373612592264936e-05,-0.001037236801161745,0.006275636237008928,-0.0009279899982510883,0.0035108108387489445,-0.0025911409042075773
2024-01-12,1,83506.616453,0.006414930009259707,0.00641493000925975,0.004281021592896379,0.0010911925175369763,0.0032181358087847887,-0.00022597347059688888,0.0021214340679188326,0.004519469411937807
2024-01-16,1,82632.5852,-0.010466610788697565,-0.010466610788697643,-0.009132252141506819,-0.002805486284289227,-0.019934159074975394,-0.0031614261385957093,-0.004778438759027304,-0.002526745891074629
2024-01-17,1,81456.630121,-0.014231130207861866,-0.01423113020786192,-0.01093646499386224,-0.005937809260899041,-0.019186459235483035,-0.005778592051100406,-0.004047496258121614,-0.004405041898639898
2024-01-18,1,82078.517169,0.00763457863545686,0.007634578635456844,0.005394701137587666,0.009070889261745041,0.011613435500589239,0.01088002288684412,-0.0012812088077821333,-0.001964235443605144
2024-01-19,1,83283.58951,0.014681945812532904,0.014681945812532899,0.011924397212427858,0.012107040789815615,0.01131314524212148,0.014933871155078547,-0.0012022349081961489,0.0009503095656505018
2024-01-22,1,83243.354717,-0.00048310589264357603,-0.00038704855353229137,0.0017232617708876654,0.0017444843509490937,0.010324973595720903,0.0035601251308125473,0.0014800659754435853,-0.005523296998899724
2024-01-23,1,83368.469467,0.001502999845526188,0.0015029998455261743,0.00021899816031623043,0.0027141906078762545,-0.0038248776303168096,0.00134845598643844,-0.0012029218555451623,0.0013574657146328969
2024-01-24,1,82706.466665,-0.00794068556153989,-0.007940685561539833,-0.00759923865579093,-0.0004591602469261602,-0.002033588314047025,-0.0003268621839203262,-0.0022041042969563715,-0.005409719080663136
2024-01-25,1,82811.2287,0.0012666728364171677,0.001266672836417084,0.001981791311054249,0.004847433411572677,0.01601392611227598,0.00370889982814248,0.002478790873161302,-0.004921017864886697
2024-01-26,1,82379.160064,-0.005217512681653548,-0.005217512681653631,-0.0034985982789497486,-0.0006098490623570596,-0.00708953142003698,-0.000803031195698754,-0.00249445201052477,-0.0019200294754301071
2024-01-29,1,83827.119327,0.017576766526423405,0.017576766526423357,0.015113589883052331,0.009320091673032938,0.013070100207729807,0.01168681495726232,0.0015320532885511396,0.004357898280609896
2024-01-30,1,83328.739187,-0.005945333016947726,-0.005945333016947703,-0.0038508077549752762,0.00015150749962122845,0.0033889558588660403,-0.0026095373640009764,-0.00011488096366551353,-0.0032209146892812133
2024-01-31,1,83126.29059,-0.0024295170945423643,-0.0021895038626703373,-0.004235268282550393,-0.012119060899548728,-0.0049611213951852385,-0.012687699469835893,0.00366981916040589,0.0065883632148876214
2024-02-01,1,83529.26871,0.004847781809362526,0.005208678461756974,0.003032648641362003,0.011078059288132103,0.009264231904415122,0.009190834747644577,-0.002087448860816945,-0.0022556040774650787
2024-02-02,1,85113.315349,0.018963971116837022,0.01896397111683703,0.015356569883641646,0.005552470849528035,-0.024424145617033453,0.006111630185274001,0.0074171203554329376,0.005435220576130093
2024-02-05,1,85558.880338,0.005234962208921053,0.005234962208921008,0.0037403621785911394,-0.002813504823151125,-0.02620584368614555,-0.0024144283318959085,0.005334829074230574,0.002314561466586343
2024-02-06,1,85130.596139,-0.005005724678198522,-0.005005724678198479,-0.0034745431685595605,0.0030749067446316225,0.014840868580216318,0.0009379505631998644,-0.002963271582632422,-0.002980403658765921
2024-02-07,1,85764.525152,0.0074465473247809335,0.007446547324780901,0.005992211183056673,0.008800160917228128,0.0019443840080520358,0.008249090595458027,0.0005835623758362565,-0.0013861056465133833
2024-02-08,1,85793.402775,0.0003367082380362306,0.00033670823803624785,0.00023801978809976686,0.00039874395653693995,-0.002438341530826289,0.0006004813751194808,0.0023830088464531483,-0.0026467819835363816
2024-02-09,1,86589.841056,0.009283211251065782,0.009283211251065723,0.005749283779494665,0.005882939475521098,-0.000539235157434818,0.005758018495874053,0.0017418388485748698,0.001783353906616801
2024-02-12,1,86577.382972,-0.00014387466102127548,-0.00014387466102128507,0.0001436401643782664,-0.00024789291026272586,0.00536017168525298,-0.000817070445409976,-0.0004470280064914134,0.001120223790880104
2024-02-13,1,86535.396658,-0.00048495707980423993,-0.00048495707980430146,0.0013875996030119125,-0.012465236392530832,-0.04490260660637477,-0.012500377845150854,0.007441477936351649,0.004573942828994902
2024-02-14,1,87128.486646,0.006853727044058788,0.006853727044058794,0.0037355944631409757,0.008795295773232237,0.01509260760112203,0.007548934022739007,-0.0025094934563993487,0.0018142864777191358
2024-02-15,1,87195.865356,0.0007733258394350922,0.0007733258394350926,0.001374228212799347,0.0057797708021922745,0.02008818926114737,0.004757341897653257,-0.0008851443757901836,-0.0030988716824279804
2024-02-16,1,86572.115729,-0.007153431238799795,-0.007153431238799808,-0.004117826597249598,-0.005891672442816076,-0.012152752633328455,-0.007400006839375506,0.0030334049875857753,-0.002786829387010075
2024-02-20,1,85940.735824,-0.0072931093318785705,-0.007246905078161122,-0.005030567545997857,-0.004983554270906021,-0.0018277383640187596,-0.004354750912874951,-0.00102088188972719,-0.001917476529276486
2024-02-21,1,86077.468789,0.0015910145998968184,0.0015910145998968225,0.0023615839106487088,0.0012525050100200552,-0.005445668057550278,-0.0004799819271336936,0.0022222635586120055,-0.00015126703158148923
2024-02-22,1,87575.88427,0.017407754923662477,0.017407754923662526,0.01444900277087207,0.016297846889952172,0.012140585741490278,0.015593511506322514,0.0010707271302067413,0.0007435162871332709
2024-02-23,1,87352.62098,-0.0025493695252815194,-0.0025493695252814647,-0.002256422232748967,0.0014231731854541518,0.008160447801534297,0.00017413469617869105,-0.001947034756532192,-0.0007764694649279638
2024-02-26,1,87350.390988,-2.552861744208994e-05,-2.552861744217307e-05,-0.0005096091652763864,-0.0028949950932286583,-0.005204657337649247,-0.0008957945293713111,0.001580032823379892,-0.0007097669114507538
2024-02-27,1,87466.578323,0.001330129527683392,0.0013301295276833582,0.00025363420301585497,0.002461841457410241,0.003587730006126934,0.0018545995978639924,0.001284336945020012,-0.001808807015200646
2024-02-28,1,87014.282259,-0.005171073020133914,-0.005171073020133867,-0.003293604518707335,-0.0019152384226293062,0.0019347086870159429,-0.00286680929800863,-0.0015496897892495825,-0.0007545739328756539
2024-02-29,1,87382.86312,0.004235866241271538,0.0044714597492308186,0.0024720536838793326,0.006259858044163957,0.010736861459917597,0.007472911148805146,-0.0006110392212560611,-0.0026260056862775195
2024-03-01,1,86683.668067,-0.0080015122816382,-0.007658195538184482,-0.007173336423446057,0.008722924630010676,0.03222341881237947,0.011352340316871885,-0.010667938989129384,-0.008685913609380768
2024-03-04,1,86715.557598,0.00036788394878501534,0.0003678839487850111,0.0018416127914347275,-0.0007292882147024171,-0.0027404178657778476,-0.0029965275557771805,0.005752404590398131,-0.0023879930858359383
2024-03-05,1,84549.794499,-0.024975484890369118,-0.024975484890369038,-0.019495094159945086,-0.009349890430971564,-0.00158178138634967,-0.015562374704004053,-0.008813448471205161,-0.0005996617151598269
2024-03-06,1,84024.216291,-0.0062161973427995385,-0.006216197342799529,-0.005247946510847358,0.0040758200746415785,0.016583522761105456,0.004662932681693539,-0.004480533751072152,-0.006398596273420916
2024-03-07,1,84225.582595,0.002396527014457489,0.002396527014457548,-0.00048496180360804654,0.009287774355966283,0.01733201100017292,0.011764465574721926,-0.00413135297313474,-0.0052365855871296385
2024-03-08,1,83873.016821,-0.004185970148172718,-0.00418597014817273,-0.0010564051487458512,-0.0058632553181179325,-0.009165482196241515,-0.008622677072941625,0.0013378859732539122,0.0030988209515149844
2024-03-11,1,83832.590142,-0.00048199862945688085,-0.0004819986294568517,-0.0004463979001173257,-0.001850949829517834,-0.005051056617489786,-0.0038749053309249156,0.006349757538604596,-0.0029568508371365324
2024-03-12,1,85638.667121,0.021543852763458056,0.021543852763458073,0.01685082407446643,0.009407291869760082,-0.009389061903014018,0.007834065473698104,0.00943937169846353,0.004270415591296435
2024-03-13,1,84606.669974,-0.012050597949640637,-0.01205059794964064,-0.010366165436148668,-0.0015455950540957941,0.010854479798117503,-0.003444705644295481,0.006725967053841093,-0.015331859359186248
2024-03-14,1,84977.528629,0.004383326451190873,0.004383326451190959,0.004421194222814166,-0.0034322730349027886,-0.015912142331908317,-0.007212788308377414,0.01121789398796975,0.00037822077159862226
2024-03-15,1,84052.203743,-0.010889053847456134,-0.010694884868123746,-0.01019421909175825,-0.009817070212043255,-0.006109336674068359,-0.010002291355345425,0.004620575830773224,-0.005507338322883992
2024-03-18,1,84534.378202,0.005736606979691306,0.005736606979691365,0.004420985655744797,0.005592247987272758,0.005000889120020172,0.005633403752803509,0.002637342613048676,-0.002534139386160819
2024-03-19,1,85415.098655,0.010418488565992794,0.010418488565992784,0.009807052893633804,0.005081252097214994,0.0013635348984228468,0.006748733617413796,-0.0005415494647415291,0.004211304413320517
2024-03-20,1,86667.743958,0.014665384963750801,0.01471221509171397,0.011803249063766057,0.008969893601793899,0.00919671956163942,0.014476363306633804,-0.00422471790341762,0.004413739560534556
2024-03-21,1,87665.347664,0.011510668902142985,0.011510668902142935,0.010675957512275751,0.001463714056376686,-0.0033489102623908396,0.00475090248337124,0.002179054127579524,0.004580712291192171
2024-03-22,1,87218.365332,-0.005098734488058147,-0.005098734488058195,-0.005379468375000604,-0.002543929900598263,-0.010332813152917064,-0.006849912947411281,-0.002868662912339758,0.004619841371692844
2024-03-25,1,86991.343898,-0.002602908607993397,-0.002602908607993454,-0.0009533714602789196,-0.002315471127492641,-0.0009425569246293862,-0.0033679833241740506,0.0040098041825338375,-0.0032447294663532408
2024-03-26,1,86384.637904,-0.0069743260253566685,-0.006974326025356682,-0.006125751321639701,-0.002935189130331861,0.0009768210980325468,-0.003494600570327863,-0.0016404619969615432,-0.0018392634580672767
2024-03-27,1,87140.475463,0.008749675599885317,0.008749675599885277,0.008718392972684041,0.0066372730289669946,0.010395493129253586,0.009613977903328902,-0.0003665286130846505,-0.0004977736903589758
2024-03-28,1,86936.504783,-0.0023407111161560393,-0.0017439734953916396,-2.2423099275277074e-05,9.419743782967949e-05,0.0051194612641264105,5.73786173812053e-05,0.0003331324538076704,-0.002731222187344942
2024-04-01,1,87747.368514,0.009327079952631495,0.009557132909670182,0.0091032517506612,-0.003575292844710032,-0.022420165471924856,-0.004278985000918413,0.013025181237027417,0.0005808837165225527
2024-04-02,1,87492.585431,-0.0029035979979716024,-0.0029035979979715513,-0.0025577980889833563,-0.0064217584285579665,-0.009521729173610114,-0.008951835403163863,0.0032789235885546633,0.0027693138166376492
2024-04-03,1,87433.685727,-0.0006731965113248324,-0.0006731965113248113,-0.0011722551786989765,0.0007600950118764604,0.01426167459999397,0.0005314736074046879,-0.0007817771407946395,-0.0004228929779348597
2024-04-04,1,85307.123758,-0.02432199846062493,-0.02432199846062491,-0.01984878901166467,-0.013944884504102806,-0.008765176129746555,-0.018025089379324934,-0.003643469527998343,-0.0026534395533016394
2024-04-05,1,87705.661492,0.028116499869153166,0.028116499869153214,0.023024021080680548,0.010240876965238677,0.006446417939688201,0.011690113979604667,0.007951126519025421,0.008475259370523132
2024-04-08,1,87670.946297,-0.00039581475172896914,-0.00039581475172897136,3.6824131097426865e-05,-0.0018999667505819051,0.006130696610825344,-0.0024798855205099943,0.002870793071839346,-0.0007867223030583232
2024-04-09,1,87149.453413,-0.005948297657385296,-0.005948297657385274,-0.005586983417489637,0.0004279193609737497,0.00687313857567098,0.0005617596487794404,-0.005654585759800131,-0.0008554715463645817
2024-04-10,1,87811.788129,0.0075999870373338755,0.007599987037333894,0.009950519397422277,-0.010732772949612945,-0.045234237174613584,-0.012782638976816973,0.025178984265775223,-0.004796358251624353
2024-04-11,1,89108.987116,0.014772492560675983,0.014772492560675901,0.011405134369336743,0.007929642445213325,0.0047127573326105655,0.00938655296246468,0.0015140220886716619,0.0038719175095395615
2024-04-12,1,86599.575852,-0.02816114675841103,-0.028161146758411058,-0.02388507071831803,-0.01458810068649885,-0.013120335002969009,-0.01699604101697949,-0.010042884479168113,-0.001122221262263456
2024-04-15,1,86706.250166,0.0012318110402802034,0.0012318110402802062,0.0031957838899178844,-0.012097164424658913,-0.023963153420874198,-0.011766801280192815,0.010458184173620827,0.002540428146852194
2024-04-16,1,87495.758437,0.009105552023347696,0.009105552023347663,0.008215813062011452,-0.0017152658662092923,-0.011692562752901146,0.0001585814168382196,0.005890674209263677,0.003056296397245766
2024-04-17,1,85640.888454,-0.0211995417413011,-0.02119954174130105,-0.017058427214496002,-0.006671572234486112,-0.007289960366245898,-0.008423265460669972,-0.008387492105736576,-0.004388784174894505
2024-04-18,1,86253.238681,0.007150208710881799,0.007150208710881786,0.007093135391690059,-0.002765158996642314,-0.005097561296688099,-0.003444616296315588,0.006846615410189596,0.003748209597007778
2024-04-19,1,85671.751998,-0.006741621437954583,-0.006741621437954517,-0.004737914095320463,-0.008618554658477384,0.007509141341950989,-0.008318528219626494,-0.0018780359492670182,0.003454942730938997
2024-04-22,1,84798.803231,-0.010189458562370433,-0.010142768726961118,-0.008155682359073877,0.0066311013611208836,0.0008977443248651419,0.0070822644086444555,-0.0030313231711859363,-0.01424039979982891
2024-04-23,1,85646.686556,0.009998765223724044,0.009998765223724108,0.006760907211506149,0.010987923183527926,0.01800554098053247,0.011857478663502544,-0.0032620351314310895,0.001403321691652653
2024-04-24,1,85840.775404,0.002266157117878423,0.0022661571178783724,0.002492938236269446,-0.0015150774644445697,-0.008572935555069194,-0.001666731145604409,0.003991267638109847,-5.837937462706492e-05
2024-04-25,1,86885.983015,0.012176120332010994,0.012176120332010938,0.009916520761046212,0.002416173570019664,-0.007037115020258798,8.445869653301572e-05,0.007711458891144995,0.004380202744332927
2024-04-26,1,87055.016457,0.0019454627391725819,0.0019454627391726192,0.0015596679199163974,-9.74279033515435e-05,0.002666325033749237,0.001962341842541527,-0.002192143667828416,0.002175264564459508
2024-04-29,1,86666.696239,-0.004460629995903126,-0.004460629995903189,-0.004655548650225808,0.0013131657020573062,0.016869086112098156,0.0020877602164309146,-0.005066568655692609,-0.001481821556641494
2024-04-30,1,84956.27699,-0.01973559998541038,-0.019222138622154415,-0.012870861172081633,-0.015829853355346257,-0.0493465292435744,-0.01944230105811778,0.007431698436748868,-0.007724997364041431
2024-05-01,1,84235.941942,-0.00847889142623257,-0.008228762762962754,-0.00859284075973027,-0.0006930693069306937,0.010451275437960603,-7.945263421514084e-05,-0.012995920815871224,0.0045964820238537235
2024-05-02,1,82996.949343,-0.01470859789669624,-0.014708597896696178,-0.016898364240283414,0.00682222661657117,0.008446070857486396,0.0,-0.009865059727660249,-0.00484353816903593
2024-05-03,1,82230.142601,-0.009238975027893493,-0.009238975027893413,-0.012563739897168184,0.008707988845946923,0.01983195596309026,0.0,-0.01161255624453531,0.0023735812166418985
2024-05-06,1,82345.636905,0.0014045251615062175,0.0014045251615061292,-0.00010033802303322481,0.007693424299608065,0.01322589988163445,0.0,-0.0016600444966395054,0.0030645696581456353
2024-05-07,1,82091.025435,-0.0030919849480299712,-0.0030919849480300016,-0.004001026845240285,0.0017291896825015751,0.0009806603804455175,0.0,-0.002217621682338155,-0.0008743632656918469
2024-05-08,1,82258.898274,0.002044959691850131,0.002044959691850126,0.0019476321646558646,0.00019187413057042413,-0.0017436892896239061,0.0,0.0034092988434915794,-0.0013643391516414533
2024-05-09,1,82162.539662,-0.0011714065457107603,-0.0011714065457108216,-0.002686642591628142,0.0057109948649036735,0.017885188716957424,0.0,-0.005547832775039405,0.004376426229328583
2024-05-10,1,83145.728419,0.011966387126702277,0.011966387126702253,0.011447910822162073,0.001049468110480456,-0.0027948077166222904,0.0,0.006513780600116975,0.005452606526585278
2024-05-13,1,82887.351404,-0.0031075200094718707,-0.003107520009471921,-0.00488288776308878,0.000954107432496798,0.007140124704611243,0.0,-0.0021453539244354197,-0.0009621660850365015
2024-05-14,1,82990.800988,0.0012480744373697345,0.0012480744373697089,-0.0014914961708817408,0.0052940334811846235,0.01860071699300403,0.0,-0.006256086203133714,0.007504160640503422
2024-05-15,1,82202.689188,-0.009496375395256766,-0.00949637539525681,-0.011265740075276233,0.012242573787605515,0.025093469279947316,0.0,-0.012520806982987473,0.0030244315877306634
2024-05-16,1,82322.212409,0.0014540062244258755,0.0014540062244258604,0.002938665214303845,-0.002110100346994326,-0.014483197932413977,0.0,0.006611988331698158,-0.005157982107272297
2024-05-17,1,83571.789292,0.015179097429540387,0.015179097429540418,0.014168890607662991,0.0016922859963333092,0.014716441906158218,0.0,0.0055583647400383384,0.00962073268950208
2024-05-20,1,83679.419805,0.0012878809185474073,0.0013357439598186,0.002482270612839136,0.0004691091617019527,-0.0049852367394280644,0.0,0.002125484140792731,-0.0008376032222452915
2024-05-21,1,83522.319206,-0.0018774102325775932,-0.0018774102325775333,-0.003115914783741371,0.002532001688001051,0.005912600554396815,0.0,-0.0035265612463102006,0.001649151013732667
2024-05-22,1,83098.433173,-0.005075122880831776,-0.005075122880831748,-0.003707430752444311,-0.0029007205015438853,-0.023740449029464622,0.0,0.004036214151404039,-0.00911133703223579
2024-05-23,1,83377.935091,0.0033635040695864722,0.0033635040695864215,0.005076240637423104,-0.01006742835737029,-0.024969307500334294,0.0,0.008068767274575442,-0.00470526320498902
2024-05-24,1,83270.970741,-0.0012828855668832882,-0.001282885566883267,-0.0025917865554197965,0.006763467814406621,0.005256059993332611,0.0,0.00024029919250819393,-0.0015231847593914609
2024-05-28,1,84013.036895,0.008911462748503815,0.00891146274850373,0.010257228577254491,0.0005637243387983659,-0.0004415588237716579,0.0,0.008515166179529068,0.00039629656897466163
2024-05-29,1,84601.438204,0.007003690509920722,0.007003690509920692,0.008436904851489442,-0.00746654144165293,-0.020647082578849788,0.0,0.00801543824743026,-0.0010117477375095679
2024-05-30,1,83933.202477,-0.007898633189955625,-0.007898633189955638,-0.006300194258322547,-0.003320368086519254,-0.0037322436328234877,0.0,-0.006976663047893038,-0.0009219701420626007
2024-05-31,1,83258.977758,-0.00803287255592591,-0.007413332273110403,-0.011551384917421158,0.008570612322635895,0.005718538534318982,0.0,-0.005661939550536072,-0.0023709330053897563
2024-06-03,1,83482.152764,0.002680491787853066,0.0029207061231544184,0.0032915540866493656,-0.0004245683555051949,0.004776047686284771,0.0,-0.0038773595658741,0.006557851353727157
2024-06-04,1,83059.429505,-0.005063636303936078,-0.00506363630393603,-0.0042924392556963386,0.0007075137965191214,-0.004732795967865655,0.0,-0.0027158290959232046,-0.0023478072080128243
2024-06-05,1,82841.9924,-0.0026178497282813313,-0.002617849728281266,0.0014018348434702492,0.011498586239396813,0.028603965361127446,0.0,-0.002208504272831234,-0.00040934545545003156
2024-06-06,1,82601.43756,-0.0029037790278402657,-0.0029037790278402956,-0.0030987024853840815,-0.0006986167388570719,0.007432283739860441,0.0,-0.0007913237991479479,-0.0021124552286923477
2024-06-07,1,82968.967188,0.004449433804378985,0.004449433804378913,0.0005375421784829885,-0.0011656098470720355,-0.034306150585140284,0.0,0.006229063848881012,-0.0017796300445020983
2024-06-10,1,82741.675415,-0.0027394793641977,-0.0027394793641976694,-0.0022506988780086183,0.0036905540502663037,0.015090561198943739,0.0,0.000309853519824343,-0.003049332884022012
2024-06-11,1,82777.911665,0.00043794436287022893,0.0004379443628702236,-4.4708343095351466e-05,0.002653754830299393,0.0067894710269493725,0.0,-0.0016045571836980491,0.0020425015465682724
2024-06-12,1,82461.829212,-0.0038184395671758188,-0.0038184395671758777,-0.0006025182379760409,0.007985885411830207,0.02710448385066816,0.0,-0.0046519952659387735,0.0008335556987628962
2024-06-13,1,82291.475131,-0.0020658537669757467,-0.0020658537669757037,-0.003556742758729133,0.00041388825017252273,0.00014190081838514907,0.0,-0.0014595126212850209,-0.0006063411456906832
2024-06-14,1,82215.180769,-0.0009271235228357509,-0.0009271235228358234,-0.0004852819460980149,0.00027593818984539276,0.0065908143982944785,0.0,-0.0006476292014213523,-0.0002794943214144712
2024-06-17,1,82042.39325,-0.0021016498086091242,-0.0021016498086091425,-0.0018895251922778765,0.007910955753840598,0.007320251753724264,0.0,0.000878335124935299,-0.0029799849335444416
2024-06-18,1,81981.536878,-0.0007417673855377322,-0.0007417673855378092,-0.0014634096518146534,0.0019615893435518394,0.013533132821260532,0.0,-0.0013146419463370045,0.0005728745607991955
2024-06-20,1,81934.082344,-0.0005788441669458967,-0.00048126121955787977,-0.0001245156018191013,-0.0029129306813526767,0.001705630614277391,0.0,0.0007995149649102048,-0.0013783591318561276
2024-06-21,1,81751.176373,-0.002232355158670937,-0.0022323551586709775,-0.0027098724280415873,-0.0009329925141500217,-0.011186386995855217,0.0,-0.00019413131796445517,-0.0020382238407065222
2024-06-24,1,81550.089745,-0.0024597398635892403,-0.0024597398635891905,-0.004004672109066478,-0.0038819174866840944,0.005602741822902983,0.0,-0.001101961236722131,-0.0013577786268670594
2024-06-25,1,81408.433493,-0.0017370459330144324,-0.0017370459330144786,-0.0003871199993408588,0.0038071065989848663,-0.009653611335745516,0.0,0.00011457679936715928,-0.001851622732381638
2024-06-26,1,81566.127405,0.0019370709491347026,0.0019370709491346222,0.0011900717596898072,0.0015356820234868618,-0.005926905171341862,0.0,0.002072192084967341,-0.00013512113583271875
2024-06-27,1,81266.443153,-0.0036741262728069235,-0.003674126272806996,-0.00046652074218923867,0.002349539128863265,0.010127438033230542,0.0,-0.0005968684945425869,-0.003077257778264409
2024-06-28,1,81582.267345,0.003886280473701081,0.0041385371149979,0.0019147154152395105,-0.0048213400621818225,-0.0049567698190998615,0.0,0.001308340651668131,0.002577939822032983
2024-07-01,1,81904.922889,0.0039549715228194065,0.004071418396744531,0.00457238912569088,-9.03464787459507e-05,-0.0018817767526856067,0.0012104346105380156,0.0027108286066714073,3.3708305609930574e-05
2024-07-02,1,82076.743677,0.002097807825514551,0.002097807825514562,0.003953427665453904,0.006370290051504579,0.0070095872953994855,0.0019565368520991673,-0.001226168199346582,0.0013674391727619768
2024-07-03,1,82270.158527,0.0023565122253695592,0.002356512225369632,0.004852157588688678,0.00476297461244668,0.02408929094993784,0.0014803218860433716,-0.0037779904052709897,0.00465418074459725
2024-07-05,1,82773.008042,0.006112173891155482,0.006112173891155425,0.007414205689150331,0.005455195850474048,0.02535211331387053,0.0029232956919834586,-0.0046389905144968635,0.00782786871366883
2024-07-08,1,82867.229993,0.001138317353757267,0.0011383173537572427,0.0005830571121093612,0.002361012116892436,-0.0022236524931432194,-0.0002808886682997608,-0.00017551673990297186,0.0015947227619599752
2024-07-09,1,82820.23838,-0.0005670711192797331,-0.0005670711192796915,-0.00040456590298773717,0.0006219181733375656,-0.0060859311228685245,0.00038615988494648123,0.0004828010679185637,-0.0014360320721447366
2024-07-10,1,83321.857982,0.006056727336433817,0.006056727336433838,0.007901199725192976,0.009988014382740662,0.015306097428586515,0.004850867467383256,-0.0002551356842870295,0.001460995553337611
2024-07-11,1,81871.667546,-0.017404681932164226,-0.01740468193216414,-0.017149796717431793,-0.007828649338083249,0.015660379737795212,-0.006834941200209241,-0.004904960667865771,-0.005664780064089125
2024-07-12,1,82335.175457,0.005661395758946874,0.005661395758946922,0.005224383105826602,0.004655493482309092,0.012031886344664977,0.001560368853221481,-0.0015785935776247342,0.005679620483350176
2024-07-15,1,82056.061688,-0.0033899699297776087,-0.003389969929777627,-0.001864892988902305,0.0003520506953000879,0.0034806073349767292,-0.0010748747362033751,-0.00018963667565796032,-0.0021254585179162917
2024-07-16,1,81753.798002,-0.003683624100818102,-0.003683624100818062,-0.0015428587703310052,0.0050098879367173055,0.01925719699335672,0.0015538157373937735,-0.002385730955465669,-0.0028517088827461666
2024-07-17,1,81261.165856,-0.006025801349119345,-0.0060258013491193,-0.013723982203469185,-0.013298337707786545,-0.008863271993800974,-0.0015962561151823442,-0.00014839856486557402,-0.004281146669071382
2024-07-18,1,80455.504756,-0.009914466408203822,-0.009914466408203768,-0.00954050138232778,-0.008770375620127613,-0.023368160666072103,-0.00363027033754355,0.0013578306398976006,-0.007642026710557818
2024-07-19,1,80348.854065,-0.001325586010345077,-0.001325586010345142,-0.006399046882922249,-0.00870147255689424,-0.028103559974121114,-0.004378196384027869,0.002008555025894693,0.0010440553477880344
2024-07-22,1,80467.665625,0.0014786963848158299,0.0015284792976718441,0.005170450723161964,0.008311618294545742,7.589712711360615e-05,0.0014717073613077735,0.001786728158112733,-0.0017797391346047384
2024-07-23,1,80331.25416,-0.001695233276672469,-0.0016952332766724577,-0.0016778458351131317,-0.00151575944006066,0.0012558642554470006,-0.002323914811591052,-0.000999301568388513,0.0016279831033071074
2024-07-24,1,79632.260821,-0.008701387112090817,-0.008701387112090805,-0.016342230971898505,-0.020232766338406427,-0.023672325983574348,-0.006927565190108356,0.0002677246928922723,-0.002041546614874721
2024-07-25,1,79401.930258,-0.002892427777546919,-0.0028924277775469066,-0.007777165370973345,-0.007523939808481539,-0.003038753082625887,-0.004235092618539826,-0.0008172637887739024,0.0021599286297668222
2024-07-26,1,79689.694887,0.0036241515533628945,0.003624151553362867,0.005421580181329907,0.009731913330885078,0.018662725067612056,0.004962095993403115,-0.002206940946499119,0.0008689965064588726
2024-07-29,1,79882.562956,0.0024202385224155517,0.0024202385224156193,0.0014679178706068627,0.0011825707268262597,-0.006412545515800452,0.00149329220257932,-0.00031537240331789586,0.0012423187231541946
2024-07-30,1,79737.958247,-0.001810216192555572,-0.0018102161925554897,-0.005011726856680864,-0.0058134253792351265,0.0027273520175419507,-0.0014646500521587292,-0.0018227345690696687,0.0014771684286729086
2024-07-31,1,80184.206419,0.005596433385927579,0.0057970906431706005,0.014975601535743264,0.018928456849534703,0.03006544769845046,0.005608997393872173,-0.0016805274587774908,0.0016679634508328675
2024-08-01,1,79890.101938,-0.0036678604702957513,-0.0033529605526215795,-0.004810537207341767,-0.016951432799677146,-0.012594400831296544,-0.009983262736562042,0.0035249525007375183,0.0027904497655287523
2024-08-02,1,80041.46022,0.0018945811701273712,0.0018945811701274325,2.3706792164283453e-05,-0.016150432355767075,0.0028695828958695494,-0.013753268219116275,0.010828729239655742,0.004819120149587967
2024-08-05,1,78314.841174,-0.02157155855782432,-0.0215715585578243,-0.02209230476964888,-0.02110694183864914,-0.035533952614636474,-0.014898528796408645,-0.00036379953735999823,-0.006309230224055662
2024-08-06,1,78240.143189,-0.0009538164739433027,-0.0009538164739432113,-0.001734024978945681,0.00309523809523804,-0.012108488386339801,0.002410143430926263,-0.00439824662224709,0.0010342867173776162
2024-08-07,1,77168.908732,-0.013691621879333177,-0.013691621879333137,-0.013615710280998375,-0.0026709911284937826,-0.011759216910622502,-0.00262013835411894,-0.003977938225038581,-0.007093545300175613
2024-08-08,1,78609.167905,0.018663723463200697,0.018663723463200745,0.02134155657910641,0.026880430086881457,0.023937631215506766,0.01784397398670803,-0.0032103710099751137,0.004030120486467831
2024-08-09,1,78720.451398,0.001415655402629783,0.0014156554026297078,0.0012704303004328573,0.004113495068480244,0.008662655682649721,0.0011703469512804841,0.0012375591274348834,-0.0009922506760856602
2024-08-12,1,78548.862351,-0.0021797264048023708,-0.0021797264048023317,-0.0027196449174697454,0.0010253064268070933,0.018009572409440282,-0.0016196553466826349,0.001980564779813866,-0.0025406358379335622
2024-08-13,1,79795.13727,0.015866237669727685,0.015866237669727723,0.017717004788652024,0.01610051186598427,0.019552290904543468,0.010191108770209725,0.002747015199145399,0.0029281137003725993
2024-08-14,1,80024.478145,0.002874120933760556,0.0028741209337606083,0.0031946845894616598,0.0035730645900138303,-0.0048799194003976325,0.0019800705331823576,0.0004679592731846157,0.00042609112739363494
2024-08-15,1,80746.765048,0.009025824599715342,0.009025824599715274,0.00946570321378617,0.01573546180159635,0.007472191612138799,0.011961964916154623,-0.005547841196539979,0.0026117008801006323
2024-08-16,1,81758.307529,0.012527343725981662,0.012527343725981613,0.011941989544592095,0.0017509203555714503,0.007890879757814823,0.001427301761641828,0.0007466860187209011,0.010353355945618883
2024-08-19,1,82607.053062,0.010381153409565606,0.010381153409565679,0.01110534423048456,0.008237822349570267,0.0033449585884035983,0.005418409619659252,0.000583983871536172,0.004378759918370255
2024-08-20,1,82681.902998,0.0009060961948485459,0.00100294022575769,0.0009241263306650805,-0.0017319477751132073,0.0037993057293333305,-0.0024059688928970706,0.0025978403597913626,0.0007142247279543344
2024-08-21,1,83345.217165,0.008022483065663924,0.008022483065663983,0.00841653072404866,0.0039149390515169635,0.008404163005230432,0.003295763524051726,0.0021142978124556572,0.0026124217291565986
2024-08-22,1,81935.582617,-0.01691320264198669,-0.01691320264198672,-0.01718851403802852,-0.008507621410847266,-0.023124343560171675,-0.005357236026129462,-0.003181160913195695,-0.008374805702661563
2024-08-23,1,82852.648815,0.011192526712444174,0.011192526712444096,0.01304453641160294,0.009780715466035428,0.02904140751069946,0.009992606067405634,0.0026888952285175106,-0.0014889745834790488
2024-08-26,1,82411.452657,-0.005325070030564169,-0.005325070030564127,-0.005645742216157769,-0.002389169100079691,0.002628782418104505,-0.0004827848061863168,-0.0007627536121033521,-0.004079531612274459
2024-08-27,1,82748.648313,0.0040916115954757635,0.004091611595475747,0.004208416929659494,0.002619893428063902,-0.00301910651828365,0.00037919486906604966,7.214598337540927e-05,0.003640270743034288
2024-08-28,1,82195.975635,-0.006678933001903275,-0.006678933001903312,-0.006466820987818054,-0.005935769656699841,-0.017335219436836385,-0.003975895760332247,-0.0006002838607266747,-0.002102753380844391
2024-08-29,1,82342.442791,0.0017819261270635553,0.0017819261270635815,0.0025108862778271783,0.005286264671624297,0.008096162656244034,0.003947881845726384,-0.0014116608821912733,-0.0007542948364715288
2024-08-30,1,82600.072659,0.0031287615302006927,0.003377721839187083,0.004090144003414291,0.0075642965204236745,-0.010943757853056997,0.004189819834161808,-0.0022694266329440706,0.001208368328982918
2024-09-03,1,82264.830156,-0.0040586223694112885,-0.0038830777296390557,-0.011680876093548613,-0.02024309392265189,-0.025000082423455583,-0.014636790998937929,-0.0006990611599776057,0.011277229789504274
2024-09-04,1,82462.462697,0.0024023940792596045,0.002402394079259634,0.001847557022159355,-0.0015347115645030218,0.006679030752140517,-0.0006077931469040864,8.062425808595459e-05,0.0029295629680777657
2024-09-05,1,82135.539752,-0.003964506206283873,-0.00396450620628387,-0.0028005838513936224,-0.0027589326096788547,0.004732549660447396,-0.0025193281064598587,-0.00022037839463773457,-0.0012247997051862765
2024-09-06,1,81774.095435,-0.004400583692868725,-0.0044005836928687645,-0.01028765824879173,-0.01695991293306731,-0.01935749038325009,-0.01126796028610904,0.0006946528060362984,0.006172723787203977
2024-09-09,1,82246.67947,0.0057791410883533375,0.005779141088353317,0.008916898606176974,0.012846580406654429,0.016987527456069212,0.008260562179355096,-0.00014571809136177424,-0.0023357029996400056
2024-09-10,1,82865.023266,0.007518161219530931,0.007518161219530875,0.007158107020494896,0.002869767229991327,-0.00021287854224439604,-2.127745474083245e-05,-0.0010444944954539556,0.008583933169725663
2024-09-11,1,82918.693142,0.0006476782883083874,0.000647678288308353,0.00407984815210947,0.011274264672455292,0.005535654412529526,0.004712482837875286,-0.0009754432013055184,-0.003089361348261415
2024-09-12,1,83085.852872,0.00201594747029462,0.002015947470294685,0.005988688362857922,0.007961496941345736,0.017317249138461988,0.005984778355696803,0.0004451315895299115,-0.004413962474932029
2024-09-13,1,83705.800608,0.007461531829479705,0.007461531829479785,0.009813292917107443,0.005581852281861144,0.011492866880967812,0.006658775000519498,0.00011671945882089698,0.0006860373701393877
2024-09-16,1,83707.397065,1.9072236842894787e-05,1.9072236842954204e-05,4.2418984431116586e-05,0.0027121959895068937,0.007809137889237102,0.002888091365772317,-0.0003482858169212596,-0.002520733312008103
2024-09-17,1,83763.112956,0.0006656029657373459,0.000665602965737273,0.00022013511606635173,0.001020725158656255,-0.0021628072542437837,0.0013230610899854437,0.0006924823106805228,-0.0013499404349286935
2024-09-18,1,83613.82329,-0.001782284124166353,-0.001782284124166277,-0.0018477600783760233,-0.003324762833584516,-0.0019953291477202272,-0.001895225647630032,0.0010560774363001135,-0.0009431359128363585
2024-09-19,1,84171.797257,0.0066732263320313095,0.006673226332031297,0.01146479565991253,0.01531563526591495,0.016229779359411556,0.01036610892669761,0.00036147093997517833,-0.004054353534641491
2024-09-20,1,84160.153954,-0.00013832784421558838,8.146073821770644e-05,0.000420101385604183,-0.00258279014830054,-0.0005248286327060519,-0.0024177338090849857,0.0007587065837099485,0.0015206993811595283
2024-09-23,1,84242.051013,0.0009731096617659503,0.0009731096617659734,0.0014665879820921998,0.002559875043387727,0.0011024415955614721,0.00024655373148880453,-0.0003190695333862572,0.0010456254636634261
2024-09-24,1,83909.852709,-0.003943378631750675,-0.003943378631750734,-0.0003743583435865876,0.0031174229303776446,0.014999082313007242,0.0019289653806657341,-0.0001151242608910887,-0.005757219751525379
2024-09-25,1,84081.811394,0.002049326500916396,0.0020493265009163277,0.0009806779571095413,-0.002287539384522419,-0.01225505272482056,-0.004162204898766486,0.0012061597247166474,0.005005371674966166
2024-09-26,1,84574.157673,0.005855562227291329,0.005855562227291269,0.007909285169328832,0.0036310192789832385,0.006122037155252208,0.0034668615621842496,8.142401651783983e-05,0.002307276648589179
2024-09-27,1,84534.186029,-0.0004726224271065791,-0.000472622427106558,-0.0022455353610398936,-0.002239738122927215,0.0029189439597196035,0.000715348537483568,-0.00034847102803917254,-0.0008394999365509535
2024-09-30,1,85156.8652,0.007366004216611168,0.0075552767553508995,0.005091481942950637,0.005229944674965514,-0.010771014012199672,0.0021973358794325298,0.0008272294798340285,0.004341438857344524
2024-10-01,1,85075.29661,-0.0009578627522474814,-0.0006525438570645872,-0.0017998783152179698,-0.00813673153091099,0.006625857313028827,-0.0053049158038024164,0.004570170705727035,-0.00022311765417207873
2024-10-02,1,84516.014308,-0.006573968287830141,-0.006573968287830166,-0.006754067920010662,0.0,-0.008511623714482084,0.0002527173087442754,-0.0061331822842064536,-0.0006935033123679882
2024-10-03,1,83080.287587,-0.01698762930261056,-0.01698762930261064,-0.020005583483193177,-0.003466504896438183,-0.014730086576171185,-0.0036916080644964944,-0.010006703796030723,-0.003289317442083423
2024-10-04,1,81466.300606,-0.019426834303194182,-0.019426834303194106,-0.019413037741729693,0.00944176130183183,-0.016000356108755477,0.007477706421610139,-0.024316682566822543,-0.002587858157981702
2024-10-07,1,79654.084955,-0.02224497292030817,-0.022244972920308147,-0.024465721343224153,-0.009867287142364733,-0.011032884255219512,-0.0073680772973874435,-0.007143636651901868,-0.007733258971018837
2024-10-08,1,80455.835289,0.01006540134558427,0.010065401345584318,0.010988624496230885,0.008344198174706552,-0.007852399408917065,0.00372234519002693,-0.0002856057679981766,0.006628661923555564
2024-10-09,1,80301.339175,-0.001920259897946512,-0.0019202598979464985,-0.001852746899090743,0.00724231581670054,-0.00656796360977448,0.005617989029314729,-0.00813484953214423,0.0005966006048830017
2024-10-10,1,79742.52524,-0.006958961597709296,-0.006958961597709325,-0.0067857547533859775,-0.0011994516792322996,0.005345878027340274,-0.001438332177099292,-0.0007635481076063934,-0.00475708131300364
2024-10-11,1,80523.799683,0.00979746303083383,0.009797463030833838,0.011227180214584503,0.00493054364602985,0.012818893261046689,0.007019466693802018,-4.3584736850182034e-05,0.002821581073882002
2024-10-14,1,80743.049478,0.0027227949484118093,0.0027227949484117343,0.003514661190816841,0.00918097190195577,-0.0014749071495872702,0.005920609830612338,-0.00498610605285224,0.0017882911706516365
2024-10-15,1,81420.463108,0.008389745426300171,0.008389745426300202,0.00593839563392547,-0.008707782051823987,-0.002286041818776161,-0.005511310297025164,0.00783242191311784,0.006068633810207527
2024-10-16,1,82287.578944,0.010649851437033302,0.010649851437033267,0.011649271413934627,0.00443610305408626,0.00947826843357478,0.005778645589093846,0.002255155878806596,0.002616049969132825
2024-10-17,1,81859.241512,-0.005205371670815675,-0.005205371670815748,-0.006591027262213844,0.0007224512345416212,-0.009827302472080387,0.0009144758050463604,-0.009741293188869684,0.003621445713007575
2024-10-18,1,82665.770642,0.009852633807107507,0.009852633807107585,0.010511813802011907,0.0030144779858192194,0.003490309190136138,0.001016989633213742,0.0023855477614389982,0.006450096412454845
2024-10-21,1,81002.632765,-0.02011882141206135,-0.020022046169565235,-0.022480068315859945,-0.0025797174997885808,-0.019447235806371067,-0.005422437806111562,-0.013160076631323616,-0.0015363069746261932
2024-10-22,1,80687.185403,-0.0038942853109811847,-0.0038942853109812186,-0.0041562627839411455,-0.0013981273566919805,0.0019641847017298638,-0.001046262289342905,-0.0026134627443815364,-0.00023456027725677605
2024-10-23,1,79555.632774,-0.014023944727774849,-0.014023944727774889,-0.017701799466909134,-0.008408000339717225,-0.021664443878568543,-0.005632864719875358,-0.006333752079408235,-0.002057327928491295
2024-10-24,1,80521.977749,0.012146782586714288,0.012146782586714236,0.012747904265870419,0.0008555783709787157,0.005448413513270486,0.00031424550504114914,0.005698464823270055,0.0061340722584030324
2024-10-25,1,79724.936378,-0.009898432623040692,-0.00989843262304078,-0.009121144360207245,-0.0012386281125870147,-0.0003329479550135321,-0.002909143646843717,-0.003201503224703614,-0.0037877857514934496
2024-10-28,1,80558.815012,0.01045944559765686,0.01045944559765687,0.010782909429400241,0.0007683114222298837,0.003211496629778606,0.0020445296968051507,0.00356072576181124,0.004854190139040478
2024-10-29,1,80692.48606,0.0016592975932277387,0.0016592975932276945,0.0027777832047712896,0.0006817794443496616,-0.00035253150922641635,-0.0006765243504582924,-0.002691560844123489,0.005027382787809476
2024-10-30,1,80902.679178,0.0026048660538135282,0.002604866053813591,0.002047248751050021,-0.005269420363759991,0.0067750176734860754,-0.0020262109643983304,0.005424211585315858,-0.000793134567103937
2024-10-31,1,79611.4396,-0.01596040564687921,-0.015367100202762201,-0.019835902134829993,-0.017380136986301364,-0.019853972986866225,-0.01104413363163685,0.0010167824259279176,-0.005933054441170298
2024-11-01,1,80033.70297,0.0053040539406769985,0.0059258238803793625,0.006355778526242287,0.0028300243817485082,-0.0069726239603794425,-6.594529663510035e-05,0.004204965663425293,0.001165033573886796
2024-11-04,1,79739.065667,-0.0036814153633865205,-0.0036814153633864355,-0.002941159235875166,0.0002612443941307774,0.005183514718841185,0.0,-4.544714999981908e-05,-0.003635968213386617
2024-11-05,1,79676.536732,-0.0007841693884559207,-0.000784169388455873,0.0023369272648060655,0.010430701030031742,0.008685993497681298,0.0,0.002351056713201532,-0.003135226101657405
2024-11-06,1,80081.181568,0.005078594684698465,0.005078594684698429,0.016122244515899588,0.0237103217215755,0.0015865917135888144,0.0,0.01110295291719164,-0.006024358232493211
2024-11-07,1,78888.044306,-0.01489909662978257,-0.014899096629782543,-0.01226457794407089,0.0067493921354908615,0.03060482408024884,0.0,-0.0071819277781583115,-0.007717168851624228
2024-11-08,1,79493.098764,0.007669786506666852,0.007669786506666835,0.006898778289002619,0.0029129041654529786,-0.008635189024269067,0.0,0.0013950714423565855,0.00627471506431025
2024-11-11,1,79769.687795,0.0034794093554184756,0.003479409355418524,0.00349754905747933,0.00029021558872299735,-0.019539476471462366,0.0,0.00376874264796503,-0.0002893332925465058
2024-11-12,1,80415.519073,0.00809619913565354,0.008096199135653593,0.005614774713595798,-0.002695194261309486,-0.024423224974085795,0.0,0.007356569814908161,0.0007396293207454316
2024-11-13,1,80199.055714,-0.002691810753003624,-0.0026918107530036705,-0.0030568064339614996,0.0006237265582769158,-0.003019102947701493,0.0,-0.002356054666225869,-0.0003357560867778022
2024-11-14,1,79923.710569,-0.003433271650462823,-0.0034332716504628115,-0.005595533250431386,-0.006563915084541572,-0.0038106724579206213,0.0,-0.001450704666534156,-0.0019825669839286554
2024-11-15,1,80222.856992,0.0037428995776120364,0.00374289957761195,-0.0021771487316413645,-0.012642330877427943,-0.017637764525586682,0.0,-0.0026006497444754557,0.006343549322087406
2024-11-18,1,79979.873184,-0.0030288600698805896,-0.003028860069880639,-0.0011410343796519264,0.0034323488283400927,0.018770124917447242,0.0,-0.00241806157880906,-0.0006107984910715789
2024-11-19,1,79734.297041,-0.0030704742628160342,-0.0030704742628160143,-0.0020590996995292934,0.0033367122824801143,0.011323603672816977,0.0,-0.0025578452929508892,-0.0005126289698651252
2024-11-20,1,80048.211417,0.003937005620980536,0.0039871722387150015,0.0037458242345029557,0.0,-0.0002110939610647698,0.0,0.0011402166822839467,0.0027967889386965863
2024-11-21,1,80411.520399,0.004538627102018823,0.00453862710201885,0.007722998738121373,0.0056002357994020535,0.008835350356226176,0.0,0.0025648166045306774,0.001973810497488173
2024-11-22,1,80764.593252,0.004390824245966064,0.004390824245966118,0.00708318804109138,0.0033517680576504727,0.014236151634280252,0.0,8.795821030294715e-05,0.004302866035663171
2024-11-25,1,79545.49176,-0.01509450419604032,-0.015094504196040302,-0.014617972363997745,8.32500832501637e-05,-0.0021511739018600243,0.0,-0.0066254465006218765,-0.008469057695418425
2024-11-26,1,79592.682029,0.0005932488130928214,0.0005932488130929106,0.000847432449525759,0.004157485552737761,-0.0017721922774612086,0.0,0.0008195344215117604,-0.00022628560841884979
2024-11-27,1,79214.599739,-0.004750214220774339,-0.00475021422077442,-0.006355197408632357,-0.004427525137584265,0.004844348919515315,0.0,-0.005164825202069818,0.0004146109812953978
2024-11-29,1,79009.791606,-0.0025854846674457236,-0.0020174075686751817,-0.00150806925185114,0.006068162926018195,0.01481571800160596,0.0,-0.0059939472600685426,0.0034084625926228784
2024-12-02,1,78940.613873,-0.0008755589827853802,-0.0007078582493612755,0.0006358621276772732,0.001693794926877601,0.00013323518019454016,-0.00044298306942208764,0.0005040168619862551,-0.0009365927753495167
2024-12-03,1,78202.865982,-0.009345606209960272,-0.009345606209960295,-0.007445917784823543,-0.0001236807387863248,0.003674050424498048,-0.0019159972614729744,0.0008804353723476154,-0.008310044320834936
2024-12-04,1,78538.109403,0.004286843158185298,0.004286843158185297,0.005347069578986343,0.005192022416350639,0.011083463279286974,0.003983229976148463,-0.00348141433943969,0.0037850275214765233
2024-12-05,1,78316.715543,-0.00281893544127652,-0.002818935441276611,-0.00423624297338788,-0.0010664041671794022,-0.006415020018540849,-0.003775237298861484,-0.000800806902087615,0.0017571087596724877
2024-12-06,1,78515.921694,0.0025435968558083937,0.002543596855808325,0.0038633653965953743,0.0022183879714074983,0.0034483888738699826,0.000510746648691071,-0.0011337790147674808,0.0031666292218847348
2024-12-09,1,77671.96631,-0.010748843873875716,-0.010748843873875804,-0.009837298580594879,-0.00500307566126712,-0.0017179819235935126,-0.00435580443584126,0.0018091186224385187,-0.008202158060473062
2024-12-10,1,77329.226349,-0.004412659779433625,-0.004412659779433609,-0.003243788845512738,-0.0031325996455215943,0.0005514777862252855,-0.0028967980429513026,0.0008015766978787273,-0.002317438434361034
2024-12-11,1,77311.205021,-0.0002330467805558288,-0.00023304678055585085,0.004169948952332427,0.006608566354136647,0.007613335596491452,0.002288914662123124,0.0014610087038404102,-0.003982970146519385
2024-12-12,1,77598.37867,0.0037145152307115933,0.0037145152307116428,0.0009708609000571555,-0.0043942505133470755,-0.020970541056710514,-0.00533881214095502,0.0028187847867112755,0.006234542584955386
2024-12-13,1,77628.697093,0.000390709493973469,0.00039070949397337673,0.0006104663580345547,-0.0015663643858202514,-0.01174472735162482,-0.0023905138635566627,0.0040183626076726224,-0.0012371392501425828
2024-12-16,1,77896.041778,0.0034438898889886374,0.003443889888988611,0.005914942867278309,0.00412847824291962,0.002558937449555957,0.0021641481345269,4.3085677589169376e-05,0.0012366560768725414
2024-12-17,1,77797.447633,-0.0012657144503371535,-0.0012657144503371123,-0.0027240085687068763,-0.003825900937962756,-0.008293463626691113,-0.004945694173997797,-0.0008902139841737621,0.004570193707834447
2024-12-18,1,76028.934192,-0.022732281002544107,-0.022732281002544066,-0.026620056147800747,-0.029941356240191674,-0.04373044038514125,-0.025633874383902407,0.004469768221441608,-0.0015681748400832715
2024-12-19,1,76000.094412,-0.00037932636977575616,-0.000379326369775687,-0.0010697578375937623,-0.002210226548221228,-0.005072150251873944,-0.0018808628783291354,0.0002388593314932627,0.001262677177060186
2024-12-20,1,75443.235968,-0.0073270756941916145,-0.007083654943952781,-0.007096849921009761,-0.006674036907900249,-0.0018319065965133909,-0.005823940133551468,-0.0001347162079463032,-0.0013684193526938226
2024-12-23,1,75885.527931,0.00586257943315384,0.005862579433153928,0.006601830804467928,0.005706668888241007,-0.00847351392119578,0.0012360286353589843,0.0035396408986051956,0.0010869098991897485
2024-12-24,1,76257.795053,0.004905640531062005,0.004905640531062038,0.006849137532223867,0.009978882861993332,0.012164788221096437,0.0070863314081234885,-0.0007574946109948303,-0.001423196266066621
2024-12-26,1,76462.553928,0.002685087798102399,0.002685087798102376,0.0027124724638092654,-0.0006558183383202909,0.0030094836791934956,0.0015736096213797934,-0.00040967779061120183,0.0015211559673337842
2024-12-27,1,75673.893548,-0.010314334780930292,-0.010314334780930239,-0.012240838643106487,-0.010669730794484522,-0.013645877894110637,-0.008762459080744694,0.0008545309727353566,-0.0024064066729209
2024-12-30,1,75027.832277,-0.008537439281336443,-0.008537439281336455,-0.010822819763049461,-0.011611030478954953,-0.007232123031402272,-0.008140191697782836,-0.0015337029179843587,0.00113645533443074
2024-12-31,1,75157.325712,0.0017259386456781646,0.0020458199386820947,0.0009548836676864049,-0.0032325776658270744,-0.005830094282376504,-0.001422805334506901,0.0006696639594048876,0.002479080020780209
2025-01-02,1,75296.680661,0.001854176522793773,0.0022367074301617804,0.0029079580851120988,-0.005504895575072499,0.0010746495532885886,0.0004823215788553752,-0.000251406645588734,0.001623261589527078
2025-01-03,1,75547.949007,0.0033370441278691722,0.00333704412786912,0.0016398760247254745,0.01156899172437087,0.004815998625614783,-0.0020850852736388394,0.004983863070106155,0.0004382663314018049
2025-01-06,1,75497.703354,-0.0006650829510266792,-0.0006650829510267104,-0.00016572515450995334,0.0043373092001000035,0.0015844239611307813,0.00028458747434710575,0.0010225869549850774,-0.0019722573803588935
2025-01-07,1,76109.154361,0.008098935201656462,0.008098935201656544,0.00892715081622059,-0.012234571997345678,-0.012512734271353788,0.0012848072946674202,0.005741247588761692,0.0010728803182274314
2025-01-08,1,75854.685066,-0.0033434781566797933,-0.003343478156679787,-0.0024238507006375406,0.0006296700528922727,0.0008076283292885341,0.0005649780287373525,0.00029603147030274346,-0.004204487655719884
2025-01-09,1,75858.005128,4.376871266916298e-05,4.376871266914462e-05,0.0002490551046193485,-0.0017212426532325908,0.0028185425133526354,0.0005470987054223108,-0.0012943160728818022,0.0007909860801286361
2025-01-10,1,77582.933021,0.02273890395358921,0.022738903953589185,0.02470383097730107,-0.013038906414300722,-0.027619843131368574,0.0028869728333850643,0.014209810696967595,0.005642120423236526
2025-01-13,1,78044.514196,0.005949519528762438,0.005949519528762456,0.0024409596390309127,0.0017051752067525072,-0.0008774525875973166,-0.000702474086475645,0.0043576745805102325,0.0022943190347278685
2025-01-14,1,77901.372082,-0.0018341085888035086,-0.001834108588803504,-0.0018592173785539178,-0.0008492929636078062,-0.002271197847277029,-0.0012300672377667304,0.0004466410812222664,-0.00105068243225904
2025-01-15,1,76438.803328,-0.018774621232479465,-0.018774621232479548,-0.02147429478174748,0.01654926589153871,0.047290290897695896,-0.002605859108432906,-0.017465273306074818,0.0012965111820281746
2025-01-16,1,75768.283729,-0.00877197928006128,-0.008771979280061373,-0.006961970723560045,-0.002170827419220145,0.004224920701851569,-0.0001112000663266914,-0.005756495128496092,-0.0029042840852385884
2025-01-17,1,75737.31344,-0.00040875003652469114,-0.00040875003652460635,-0.00044888202187866896,0.010594196222938779,0.004467005313675144,-0.0007654918013913014,0.0008450727416163425,-0.0004883309767496472
2025-01-21,1,74883.676602,-0.011271020841951402,-0.011218206716148661,-0.011271684628849105,0.008620332380123497,0.012526719643139379,-0.002832157496177175,-0.005349236986308324,-0.003089626359465999
2025-01-22,1,75065.638285,0.00242992453937434,0.0024299245393743798,0.0032302314313421066,0.004348539547095465,0.00022290923759966981,0.0008212737780884236,0.002196228748861402,-0.0005875779875754458
2025-01-23,1,74805.389443,-0.003466950369499722,-0.003466950369499676,-0.00402029729091937,0.005228758169934622,0.0051770898482096945,-0.0006261187018936702,0.0015153558966328746,-0.0043561875642388805
2025-01-24,1,74863.070645,0.0007710835111077738,0.0007710835111078509,0.0009962218875311584,-0.002399154196486619,0.0009017624543692881,0.0003275165089368596,-0.0033796869388881307,0.0038232539410591225
2025-01-27,1,74093.380313,-0.010281308607931347,-0.010281308607931295,-0.013223222147831152,-0.009095005940431777,-0.00019132451446073076,0.0006612071823045399,-0.011784052204077964,0.0008415364138421301
2025-01-28,1,74306.350996,0.0028743550688310913,0.002874355068831187,0.003192624225910147,0.006188629424870085,0.006536107904544808,-7.423065295169265e-05,0.0007621555802973649,0.0021864301414855148
2025-01-29,1,74424.165332,0.0015855217563583107,0.0015855217563582329,0.003036068023153363,-0.0038172638837581374,-0.00959759848114143,0.00026242709726234203,0.0031129820404236157,-0.0017898873813277246
2025-01-30,1,73960.526247,-0.006229684714765126,-0.006229684714765103,-0.004856171125675751,0.005067150037076695,0.013711654857857617,-0.0011824116482521626,-0.0026690132740057877,-0.002378259792507153
2025-01-31,1,74527.335714,0.0076636754240556335,0.008204504458539652,0.008903614655678413,-0.006346216835899088,-0.017827258376407154,0.00125066714224433,0.0059668243283619304,0.00044618395344935734
2025-02-03,1,74802.396823,0.0036907412102716443,0.004083214652663019,0.0052119951368575276,0.006686447406912155,0.007398154002902675,0.0007379842506504972,0.0003798755039441628,0.0025728814556769584
2025-02-04,1,74617.412936,-0.002472967376156558,-0.002472967376156527,-0.00275589431039939,-0.000988630746416197,0.012386362089031442,-0.0008622718353837304,-0.0034020819894769847,0.0017913864487041878
2025-02-05,1,74875.780162,0.0034625594168221706,0.0034625594168221185,0.004070682435949521,0.007240081088908168,0.020161347801955887,0.002305091978284619,-0.004725877785107579,0.005883345223645079
2025-02-06,1,75020.645408,0.001934741053172702,0.0019347410531726093,0.0018559570382486784,0.0025861007347809384,-0.00803103447268759,-0.0012153462682174254,0.0014005229132968216,0.0017495644080932136
2025-02-07,1,75062.260536,0.0005547156825135691,0.000554715682513635,-0.0002999569479329354,-0.006609466726877122,-0.0125164510847235,-0.0024593230169731375,0.004533620401031134,-0.0015195817015443607
2025-02-10,1,75350.485295,0.003839809202715807,0.0038398092027157704,0.005815501692689927,0.012092752659574435,0.02234098277026645,0.002684438205828419,-0.001269282866441535,0.0024246538633288855
2025-02-11,1,75285.543301,-0.0008618656380341544,-0.0008618656380341598,-0.00031084170563700295,0.0011091939857037492,-0.001934536975479685,0.0008891780820979245,0.002031280957448655,-0.0037823246775807394
2025-02-12,1,76084.298377,0.010609674065375154,0.010609674065375106,0.00964229747805956,-0.002955301071296601,-0.022922682234507483,-0.0015740073698601853,0.007096383353746282,0.005087298081489009
2025-02-13,1,75985.271074,-0.0013015471757632006,-0.0013015471757632244,-5.7417691672035615e-05,0.009128664829968436,0.02340070572774808,0.0019649257887394797,-0.0053168303092742935,0.002050357344771589
2025-02-14,1,75154.628923,-0.010931620546836947,-0.010931620546836867,-0.009646159110445487,4.077139478941838e-05,0.0013843482630006094,-0.0012502422990340002,-0.0042855956940771375,-0.005395782553725729
2025-02-18,1,75726.947427,0.007615212954474331,0.007615212954474355,0.007107534685305718,0.001384759499857502,0.0004069329310449778,-7.983540183702344e-05,0.003583525161704637,0.004111523194606742
2025-02-19,1,75316.412769,-0.005421249266295035,-0.005421249266294949,-0.004793967165504576,0.0031332655137334964,0.004328735524113505,0.00048199486761537117,-0.0022849812920853452,-0.0036182628418249753
2025-02-20,1,74852.767454,-0.006155966512151933,-0.0060497479642166304,-0.006243690387893682,-0.0028031687995124788,0.003804703930748217,-0.0025691611281845705,-0.0013296612403426594,-0.00225714414362468
2025-02-21,1,74315.687367,-0.007175153379331438,-0.007175153379331372,-0.012370137203416752,-0.01687729311047692,-0.007250336794350661,-0.005196868642685384,-0.006467096726214858,0.004488811989568868
2025-02-24,1,74011.978639,-0.0040867377801772,-0.004086737780177256,-0.006323036117078881,-0.006621694326035654,0.003794748528896245,-0.00036331494677273914,-0.003360107886631749,-0.0003633149467727686
2025-02-25,1,73419.561869,-0.00800433633684688,-0.00800433633684695,-0.009912296474885444,-0.006076750187297142,-0.0003432841207315576,-0.0003040048437241536,-0.007038276500123527,-0.0006620549929992718
2025-02-26,1,73364.664118,-0.0007477264933652762,-0.0007477264933653038,-0.0015952428330465152,-0.0018806419257773044,0.0039730251185582325,0.00014982383059651102,-0.0024502700228710844,0.0015527196989092698
2025-02-27,1,72629.109182,-0.010026011082126654,-0.010026011082126654,-0.012149479350006468,-0.017349498327759227,-0.014953122399452505,-0.0012744555042154607,0.0016212854777889795,-0.010372841055700173
2025-02-28,1,72400.844771,-0.003142877759055295,-0.002750473111375887,-0.0008885264258920531,0.01364099949005615,0.00945051733069473,0.0038827407244063604,-0.004237480197318733,-0.002788138286142881
2025-03-03,1,73997.652232,0.02205509433553519,0.022631745065679748,0.02426058704462258,-0.017888563049853423,-0.005596967647447693,0.0043714959542688085,0.006630550553766933,0.011053047827499538
2025-03-04,1,74000.92678,4.425205705982864e-05,4.4252057059800985e-05,0.003225644174931548,-0.014385427306775611,-0.016103993930762853,0.002081147108794156,-0.0020909508207939227,5.405576905956741e-05
2025-03-05,1,75391.897735,0.018796669389951105,0.01879666938995116,0.01660497888362831,0.003300754458161803,0.01355047016403576,-0.00017567347553099227,-0.0016219938044594495,0.020594336669941603
2025-03-06,1,75740.54577,0.004624476165559166,0.004624476165559081,0.00886899792787701,-0.016852731083450978,-0.010196102507294882,0.0020426598165803334,0.002886888918987511,-0.00030507257000876283
2025-03-07,1,74811.336146,-0.01226832489582752,-0.012268324895827597,-0.01206643774969044,0.001734304543877796,-0.007902698800122492,-0.0002640593594457362,-0.004861459863374681,-0.007142805673007181
2025-03-10,1,75559.046336,0.00999461082015533,0.009994610820155292,0.016013246925131983,-0.022988006257604776,-0.0173342530924155,0.0029808316691974394,0.008163337552531765,-0.0011495584015739134
2025-03-11,1,75503.969837,-0.0007289199834529886,-0.0007289199834529947,0.0005827451455359908,-0.008004268943436532,-0.008104020287861186,0.000205137581158189,-0.011746793294046418,0.010812735729435233
2025-03-12,1,75333.727685,-0.0022547443937361833,-0.0022547443937362094,-0.0033431028178276725,0.004435483870967705,0.003312001900895798,-0.0001523098722462798,-0.005850581812420235,0.003748147290930305
2025-03-13,1,77036.449794,0.022602387563293077,0.022602387563292987,0.023097995916807727,-0.01232913428035376,0.0035326489003182694,0.001858397351398931,0.005372389262465705,0.015371600949428351
2025-03-14,1,76219.487505,-0.010604879784144471,-0.010604879784144561,-0.014305749552680056,0.018050541516245522,0.008118074650552176,-0.002738963186432746,-0.004841374311271797,-0.003024542286440019
2025-03-17,1,76293.622314,0.0009726490115655345,0.0009726490115654889,-0.0011189612950503753,0.009508153019060828,0.009341169734874142,-0.0021582406991224267,-0.00234015206155546,0.005471041772243375
2025-03-18,1,77202.862846,0.011917647953461334,0.011917647953461268,0.012234954111956804,-0.01091549295774652,0.0010180527238512808,0.0009633832785801657,0.0029064098034766095,0.008047854871404492
2025-03-19,1,77634.563481,0.005591769776838465,0.005591769776838438,0.003623144415497131,0.010679006852362782,0.02055243308049477,-0.001988268236965899,0.00356464287726083,0.004015395136543507
2025-03-20,1,77258.274569,-0.004846925079732476,-0.004743878193896388,-0.0032163633494841823,-0.0030809859154929953,-0.003342923597670734,0.0009274219725247447,-0.0006992879248302122,-0.005075059127427003
2025-03-21,1,77051.739004,-0.0026733131854998855,-0.002634482393371047,0.0006535602442180373,-0.00815677966101691,-0.012187236654318485,0.0015370521884302982,-0.0010003532246188156,-0.0032100121493112955
2025-03-24,1,75791.24091,-0.016359112858608235,-0.016359112858608204,-0.018442309033798666,0.01315331010452958,0.00265403571336289,-0.002738419699880958,-0.0074949391381404174,-0.00612575402058683
2025-03-25,1,76859.996909,0.014101312848523426,0.014101312848523447,0.012818302635916599,0.002322380870462659,0.015579346979052795,0.0006333185658866653,0.004680699180959254,0.00878729510167753
2025-03-26,1,76627.532542,-0.0030245170000630225,-0.003024517000063011,0.00017721252458871293,-0.012262047676213306,-0.011949465382219191,0.0015873016511277357,-0.0016063540494651574,-0.003005464601725589
2025-03-27,1,76325.595444,-0.00394032128781329,-0.003940321287813283,-0.004528483760748397,0.00034859906749740155,-0.0059316737846746275,-3.91504189222009e-05,-0.001447744616432757,-0.002453426252458325
2025-03-28,1,77779.972241,0.01905490272550773,0.019054902725507774,0.022763992879537957,-0.020681847868681102,-0.005155305684893821,0.002928244433581991,0.01182927943637813,0.0042973788555476546
2025-03-31,1,77196.338264,-0.007503653709725321,-0.006937955384922388,-0.010052654037188287,0.011314847942754946,0.012329356029324487,-0.0005014144242570639,-0.0012681153567848018,-0.005734123928683367
2025-04-01,1,77027.942622,-0.002181394164620946,-0.0018445906246506848,-0.003233191579828524,0.005359436594764677,0.0069089252226332935,-0.00226694690364551,0.002653679731297365,-0.00256812699227273
2025-04-02,1,76575.084184,-0.005879144928443357,-0.005879144928443289,-0.006886379295704956,0.007096262341325765,0.0069088432862948225,-0.0063710646201221,-0.0015982309019832357,0.0020901505936620464
2025-04-03,1,78059.866007,0.019389881697153163,0.019389881697153236,0.019314561053745297,-0.021214305017565938,-0.024642319232659908,0.017652608735698034,0.009324597300601192,-0.007587324339145993
2025-04-04,1,79749.741822,0.021648459080609382,0.021648459080609375,0.018878542263252918,-0.0576710307947631,-0.07576033793951924,0.039184668850472865,0.0024612624248527013,-0.019997472194716197
2025-04-07,1,76376.88527,-0.04229300904709659,-0.04229300904709667,-0.04452173277479545,0.018024765328540138,-0.04375899390562717,-0.010742981487141636,-0.017468477271002546,-0.014081550288952496
2025-04-08,1,77604.453658,0.016072511773586744,0.016072511773586724,0.0169059784712245,-0.020725641275724183,-0.03242021286168079,0.014988173397701842,0.0007962931129458993,0.0002880452629389826
2025-04-09,1,71780.398876,-0.07504794515338004,-0.07504794515338005,-0.08203773804870824,0.09682896379525596,0.07268985741474791,-0.06117239122577134,-0.020421569987999835,0.006546016060391129
2025-04-10,1,75042.511569,0.04544573092992687,0.04544573092992691,0.043886194635346716,-0.036437982735120444,-0.035475244658565615,0.028218009814984155,0.004717342041204999,0.012510379073737754
2025-04-11,1,74028.537887,-0.013511990215202392,-0.013511990215202482,-0.014525881249431629,0.01736094730386384,0.013385779367379664,-0.012412964072264327,-0.008414879364272678,0.007315853221334524
2025-04-14,1,75001.592567,0.013144318493996342,0.013144318493996311,0.016832869455461898,-0.0021549747822100507,0.021911162539617127,0.00013170596473042188,0.014093276855259067,-0.001080664325993177
2025-04-15,1,75475.0726,0.006312933055138976,0.00631293305513899,0.005459552916860813,-0.0006443595526303136,0.009043596043417498,0.0006533194606023457,0.003086334902776303,0.002573278691760342
2025-04-16,1,77912.128462,0.0322895464490286,0.03228954644902853,0.03232599618519688,-0.0181355540134166,0.014938958773700254,0.011632979866845703,0.006254460528354478,0.014402106053828351
2025-04-17,1,77608.952968,-0.0038912490256717107,-0.003891249025671664,-0.0013910417956865973,0.0008948756593820661,-0.002815549803441466,0.0021979889829783143,-0.0019692119442059762,-0.004120026064444002
2025-04-21,1,79855.161417,0.028942645955518688,0.028994186400880015,0.027498966960927015,-0.01873669268985101,-0.014778849381172956,0.014289588476421223,0.00207718881093959,0.0125758686681579
2025-04-22,1,78257.534754,-0.020006554798817428,-0.02000655479881737,-0.018652069291329277,0.02551857211770381,0.02819063097221601,-0.018060823801629204,-0.0026344779613688804,0.0006887469641807173
2025-04-23,1,77269.274784,-0.01262830439709248,-0.012628304397092444,-0.01234596318722819,0.0040894093591710146,-0.01346878283707481,-0.001987029114689845,-0.002808163724171862,-0.007833111558230738
2025-04-24,1,77388.779754,0.0015466040069548185,0.0015466040069549067,-0.0013599504391480202,0.01890367905342938,0.03663837971976638,-0.012000242044399022,0.007748939946322139,0.00579790610503179
2025-04-25,1,77019.14046,-0.004776393877982174,-0.004776393877982106,-0.002529764256457094,0.0037529390486525926,0.006217021419348143,-0.001211415922286605,0.0032447947487849326,-0.006809772704480434
2025-04-28,1,77534.68248,0.006693687011363779,0.006693687011363772,0.005769602694582001,0.0016233766233766378,0.007597762411193368,-0.0021942597514187077,0.005564097671876066,0.0033238490909064137
2025-04-29,1,77152.215728,-0.004932847333711473,-0.004932847333711556,-0.0059319277358199024,0.007351614649107052,0.005553959557066371,-0.005755488843525422,0.002666977430540231,-0.001844335920726365
2025-04-30,1,76853.34697,-0.0038737547004035295,-0.0033488183830508384,-0.008362189245850742,0.0013442064701139067,-0.01594088674164143,0.00014905599134706126,0.002308828592861662,-0.006331639284612267
2025-05-01,1,75982.317291,-0.011333659672073068,-0.011125470951206268,-0.012167912873050702,0.0010235870048953544,-0.011807779015131052,-0.00013987679683233188,-0.008301911424451277,-0.002891871450789387
2025-05-02,1,74836.492706,-0.015080147930089624,-0.015080147930089594,-0.012394221120087858,0.017919229740572362,-0.006943036445290804,-0.003994350407065405,-0.012928331483449752,0.0018425339604255647
2025-05-05,1,74618.103292,-0.0029182208530337235,-0.0029182208530338146,-0.001433142160475275,-0.005828220858895672,0.0004506106767933958,0.0005745859866653193,-0.0025039844440425253,-0.000988822395656608
2025-05-06,1,74788.964253,0.0022898057280226394,0.00228980572802256,0.0017700665616747866,-0.0071475843812045525,0.01424784424227886,0.002687015498296682,0.0045345692989188,-0.004931779069192922
2025-05-07,1,74879.431575,0.0012096346433970832,0.001209634643397135,0.002648982886998156,0.0077560845145761,-0.004353357966107254,-0.0026741913328860167,0.0014503118633568857,0.002433514112926266
2025-05-08,1,73440.33154,-0.019218896355856815,-0.01921889635585673,-0.017666390195949497,0.007309617684844616,-0.010736581343025896,-0.0020833491483469605,-0.011847045523244415,-0.005288501684265354
2025-05-09,1,73374.136326,-0.0009013468804344688,-0.0009013468804343934,-0.0017043660820375878,-0.001845829304737645,0.007511426958844907,0.0010484702122825484,0.0001471233318481637,-0.0020969404245651056
2025-05-12,1,72399.800347,-0.013279011220005726,-0.013279011220005686,-0.009403878142370006,0.018052421454608503,-0.004817344030885816,-0.004408910498937377,-0.007343677302579938,-0.0015264234184883716
2025-05-13,1,72115.643825,-0.003924824663990441,-0.003924824663990473,-0.0046644864867030865,0.006220177232447277,0.007671112983053806,0.0020511106285999578,-0.0013626629023386692,-0.004613272390251761
2025-05-14,1,71807.810872,-0.004268601603689657,-0.004268601603689634,-0.0047105989219315535,0.0011013215859030367,-0.01575701626621963,0.0008874634767939453,-0.006459527062024683,0.001303461981541104
2025-05-15,1,72551.582708,0.010357812435425254,0.010357812435425186,0.010703307551402154,0.004954268292682862,0.015102559911733048,-0.002054094091004537,0.008902538994679585,0.0035093675317501385
2025-05-16,1,72133.785975,-0.005758616384915727,-0.0057586163849157775,-0.004729844339985382,0.0068239258635214295,-0.002582142312384951,-0.0020399279309311316,-0.0015409275547473586,-0.002177760899237287
2025-05-19,1,72125.972215,-0.00010832316700171733,-0.00010832316700178191,0.0010041892204803516,0.008810758399730112,0.010751625179470238,-0.002862736195080837,0.002588055476791059,0.00016635755128799684
2025-05-20,1,72166.825738,0.000566419019783311,0.00067733606886127,0.0009920239414749673,-0.0033862876254180385,0.0010177963073655198,0.0007833516591135467,-0.0004387667374863425,0.00022183409815604153
2025-05-21,1,72133.724526,-0.00045867628436728746,-0.00045867628436736465,-0.0017865108088438305,-0.015495086923658308,-0.021879126032255967,0.00550807099988768,-0.007906696818806689,0.0019399495345516435
2025-05-22,1,72393.838161,0.003605992011791882,0.0036059920117918884,0.001957081649809109,-0.0002133834073062557,0.006418761734244444,-0.0004782783673875282,0.003723828711003322,0.0003604416681760956
2025-05-23,1,72488.232054,0.0013038940321048191,0.0013038940321047493,-0.00044630271497220626,-0.008902329939941223,0.00988014789576358,0.002154879530682634,0.0011381340682060823,-0.0019891195667839667
2025-05-27,1,72675.384077,0.0025818262832342947,0.002581826283234285,0.004727046498971035,0.019630584192439793,0.009490114515068602,-0.004987016371562368,0.00533399714388903,0.0022348455109076236
2025-05-28,1,72434.661435,-0.0033122995440132263,-0.003312299544013276,-0.0027542903812789762,-0.006396498758574287,-0.009375084812781449,0.0020433328545294287,-0.003154061646187753,-0.002201570752354952
2025-05-29,1,73039.119948,0.008344879385768776,0.008344879385768757,0.008205700143740979,-0.00012661433274241407,0.008525720511184803,-0.0005108051762344007,0.00639829749795658,0.002457387064046578
2025-05-30,1,73194.123835,0.002122203644856839,0.0025603250245036114,0.0015746929311701266,0.0006342762907523003,0.0002958406455378433,-0.0003491279744060116,0.00206059282584403,0.0004107387934188333
2025-06-02,1,73391.743073,0.0026999331002859417,0.0031302955166871184,0.005725532613742621,0.008222080949353616,0.003476965329594687,-2.0493448400051585e-05,0.004674135296157676,-0.001953708747471589
2025-06-03,1,73454.8557,0.0008599417996609984,0.000859941799661073,0.0007885139611543862,0.005463103042528061,-0.00030481472377487905,0.0,0.0013913367273079274,-0.0005313949276468544
2025-06-04,1,72958.537676,-0.006756776242263346,-0.0067567762422633204,-0.004840591075616644,0.0001672240802674807,0.012468121258744577,0.0,-0.007451080240464107,0.0006943039982007863
2025-06-05,1,72897.537676,-0.0008360913190244357,-0.000836091319024435,-0.0006082715724536693,0.0,0.0010286656591060642,0.0,0.0,-0.000836091319024435
2025-06-06,1,73415.522303,0.007105653266634194,0.00710565326663426,0.007271113268661016,0.012643823492224149,-0.00970807847019261,0.0,0.008820388825396158,-0.0017147355587618979
2025-06-09,1,73314.3634,-0.001377895305191338,-0.0013778953051912404,2.4700141911068902e-05,4.1597337770316045e-05,0.007398649285338277,0.0,-0.0007104615192181258,-0.0006674337859731145
2025-06-10,1,73341.077288,0.00036437454772341403,0.0003643745477233281,0.0011797123622384559,0.005447211942284591,0.0019447444258970086,0.0,-0.00029034026904910964,0.0006547148167724377
2025-06-11,1,72578.501418,-0.010397663870613581,-0.010397663870613649,-0.008026623509342891,-0.0016145725522666021,0.016805653394951485,0.0,-0.005775424703464208,-0.004622239167149441
2025-06-12,1,72431.098528,-0.0020309442465983067,-0.0020309442465982807,-0.00041375325124462005,0.004524886877828038,0.006920124539246648,0.0,-0.0033949845349153687,0.0013640402883170885
2025-06-13,1,72628.075798,0.0027195123834043836,0.00271951238340446,0.0026553375279747215,-0.010876757650951197,-0.009106011491279998,0.0,0.008352451939621683,-0.005632939556217223
2025-06-16,1,73160.700164,0.007333587741050445,0.007333587741050404,0.006360033868802393,0.014582282736594454,-0.005989495941480951,0.0,0.0007658796645058822,0.006567708076544523
2025-06-17,1,72563.170751,-0.008167355040653478,-0.008167355040653447,-0.007005301971226941,-0.008859816179514812,0.007526478973840176,0.0,-0.0030689893994816113,-0.005098365641171835
2025-06-20,1,72379.400414,-0.002532556596189598,-0.002477432213412208,-0.0011298039840806245,0.00438001336898397,0.007563656313621593,0.0,-0.002022656055499009,-0.0005099005406905548
2025-06-23,1,73105.341549,0.010029664938284198,0.010029664938284217,0.007915724409354296,0.018947015425888614,-0.005726951824380184,0.0,-0.0030818004036808544,0.01311146534196507
2025-06-24,1,73232.560608,0.0017402156442467129,0.0017402156442466394,0.0015631980934470659,0.011229022704837055,-0.00015439170442137397,0.0,-0.002869570629389182,0.004609786273635821
2025-06-25,1,73254.266471,0.0002963963523486015,0.0002963963523486181,0.0011333650238946284,0.00036616623947272053,-0.0006091458012291881,0.0,2.3293789307484212e-05,0.0002731025630411339
2025-06-26,1,73047.31351,-0.0028251318497249387,-0.0028251318497248953,-0.0006925088290416676,0.008177712681557425,0.01196955070471819,0.0,-0.002470203717175272,-0.000354928132549623
2025-06-27,1,73187.512037,0.0019192838172846195,0.0019192838172846225,0.0018227669275076115,0.004235578862444633,-0.002229513000938766,0.0,0.0022204584798813294,-0.0003011746625967067
2025-06-30,1,72903.03363,-0.003886980149633573,-0.00355905535301074,-0.002146465282285249,0.004900976178042082,0.005942628791513062,0.0,-0.0039416342824039954,5.465413277047233e-05
2025-07-01,1,72983.059367,0.001097701049357574,0.0014131886066604108,-0.002195182519293397,0.0004803266221029556,0.0009532009172355909,0.00481461446144799,-0.003044787746532161,-0.0006721256655582781
2025-07-02,1,72824.623116,-0.0021708633729406956,-0.0021708633729406158,-0.002559254224892568,0.00436157016525951,0.005289066543335774,0.001856595231489535,-0.0014378165472233534,-0.0025896420572067975
2025-07-07,1,72177.348271,-0.008888131754686175,-0.008888131754686194,-0.009219380692291237,-0.0050334905473425895,-0.008944295016525194,-0.0034878313011513767,-0.002338149350555454,-0.0030621511029793637
2025-07-08,1,72133.930458,-0.0006015434856045587,-0.0006015434856044683,-0.008060558661895896,0.0015169660678642227,0.02247851920447319,0.0012261464589624332,-0.001315063741384861,-0.0005126262031820405
2025-07-09,1,72528.520437,0.0054702409396049445,0.005470240939604911,0.006267357046158558,0.005620216836734748,0.010786443137933466,0.0031053347374704783,0.00264216823226571,-0.00027726203013127694
2025-07-10,1,72753.566089,0.0031028573463964117,0.0031028573463964563,0.0036249447037500345,0.0028940691405010543,-0.0036521343809235818,0.002026788897859997,-0.0012954124387555208,0.00237148088729198
2025-07-11,1,72087.127735,-0.009160215648360044,-0.009160215648360098,-0.009475075079849538,-0.0036375138383678562,-0.009487925109742876,-0.0041647443044545585,-0.0027962664306622003,-0.0021992049132433396
2025-07-14,1,72477.328378,0.005412903178193306,0.005412903178193337,0.006864557710560637,0.00589735416002557,-1.9295044820227978e-05,0.0033778568747441285,-0.0003232110629019417,0.00235825736635115
2025-07-15,1,71824.643509,-0.009005366005491722,-0.009005366005491788,-0.008022584722607529,-0.004041524684998854,-0.012453262043930569,-0.005905294932633856,-0.0035691832871325917,0.0004691122142746573
2025-07-16,1,72360.411907,0.0074593951691660715,0.007459395169166024,0.006454543661511903,0.004702131898784545,0.011386031519136329,0.0038218080395634683,0.0031502892010607524,0.0004872979285418028
2025-07-17,1,72497.843064,0.0018992589043515364,0.0018992589043515665,0.002747298293783446,0.006548398618883233,0.004871401705181819,0.004049175402357263,-0.0008508636385463558,-0.0012990528594593413
2025-07-18,1,72439.523978,-0.0008044251150186723,-0.000804425115018669,-0.00202621371996935,-0.001221915648403571,0.004660865657047406,-0.0025518000561273934,0.0013887435818692115,0.000358631359239513
2025-07-21,1,72546.625445,0.0014784948965214783,0.0015337133709168126,0.0001897037884248634,0.0014205105946414331,0.011809604749995492,-0.0005521847439523585,0.001920242691683477,0.00011043694879045837
2025-07-22,1,72915.740822,0.00508797445339148,0.005087974453391464,0.0024913080272638425,-3.938868756891978e-05,0.009562095286643387,0.0017643825500517592,0.0020692261841622492,0.0012543657191774553
2025-07-23,1,73137.450719,0.003040631488576985,0.0030406314885770233,0.0040950677442600095,0.007838966359410726,-0.002040829218575522,0.005328067652080888,-0.002616583199925843,0.00032914703642197797
2025-07-24,1,72670.671078,-0.006382224661215832,-0.00638222466121593,-0.004113506668564728,-0.0003903810118676132,-0.010876005867932017,-0.0034387307395380012,-0.002109447897376464,-0.0008340460243014642
2025-07-25,1,72903.223515,0.0032000865538717826,0.0032000865538717267,0.004632374388763744,0.0028485581613142408,-0.0019194019014000376,0.0013141477653055764,0.0005236285397153506,0.0013623102488508
2025-07-28,1,72526.05221,-0.005173588865858854,-0.005173588865858896,-0.0031711409274627197,-0.004224806201550413,-0.008451986552078997,-0.0025307522919322326,-0.0005030134978213719,-0.0021398230761052912
2025-07-29,1,72390.749435,-0.0018655747954729966,-0.0018655747954730325,-0.0028550606147343172,-0.002840798536794198,0.011830182978711985,-0.0022543623293803535,0.0033808158242775413,-0.0029920282903702212
2025-07-30,1,71960.832235,-0.005938841669122761,-0.00593884166912276,-0.0038769198359579035,-0.001210181136789501,-0.012900134942061546,-0.0018096234812208319,-0.003217499487439523,-0.0009117187004624055
2025-07-31,1,71774.358448,-0.0025913233813391677,-0.0022578086170643454,-0.001416712360017058,-0.00951752000621553,-0.01507360906722707,-0.0034949568006293155,-0.0005415972259004297,0.0014452306451906351
2025-08-01,1,69265.583152,-0.03495364292585739,-0.03442768907804682,-0.03787992973668343,-0.014938281311423829,0.020620358141658607,-0.00391504718502664,-0.03167601000672029,0.0006374142658895846
2025-08-04,1,69402.969275,0.001983468806268229,0.0019834688062682435,0.007272861750546289,0.015822279047466914,0.012628076897476095,0.00453327591730043,-0.002188877499782161,-0.0003609296112500266
2025-08-05,1,69418.435998,0.0002228539085954908,0.00022285390859553872,-0.0022936879677211016,-0.007025117739403508,-0.00730662788868562,-0.0011310755263011557,0.0024345748421907695,-0.0010806454072940749
2025-08-06,1,69354.580786,-0.0009198595703728562,-0.0009198595703728933,0.0017883040742834955,0.007591333227898067,0.0026197923870328577,0.0004969861320532392,-0.0010567108241266595,-0.000360134878299473
2025-08-07,1,69311.755132,-0.0006174884665425563,-0.000617488466542597,0.0005225289072328835,-0.0007063255375922006,-0.002371185172315982,-0.0015716337517332492,0.0016750781988297738,-0.0007209329136391217
2025-08-08,1,69969.097633,0.00948385305781148,0.009483853057811393,0.01087062578559533,0.006433895645351129,0.00023747329880276683,0.0011902742881494779,0.0057687545220721035,0.0025248242475898117
2025-08-11,1,69668.246877,-0.004299766123659522,-0.004299766123659591,-0.006204563476818219,-0.0035810205908684,-0.0056280938352215515,-0.001629290699136572,-0.0015985736487752655,-0.0010719017757477537
2025-08-12,1,69829.347842,0.0023124015935587637,0.002312401593558747,0.006121364510689765,0.011335209505941135,0.010675641895264995,0.0035740816105145974,-0.001261680016955851,0.0
2025-08-13,1,69384.586566,-0.006369260055059505,-0.006369260055059525,-0.005268280644924661,0.003208101422387033,0.012072992600675608,0.003286583751560187,-0.008581796828985687,-0.0010740469776340253
2025-08-14,1,70122.603245,0.010636608428653339,0.010636608428653268,0.00953673603855984,0.0008481110254432433,-0.010486485770020811,-0.00020177391972541552,0.010478071777440449,0.0003603105709382343
2025-08-15,1,70500.282022,0.00538597770702877,0.0053859777070288115,0.0031973819009622245,-0.0027352929845513296,-0.009875233022445735,-0.0005704294785021984,0.006312925609594877,-0.0003565184240638664
2025-08-18,1,70724.039225,0.0031738483334369434,0.0031738483334369486,0.0035047554307071883,0.0003479202102985024,-0.0014757248542201869,-0.00030496331905702895,0.003124203141962556,0.00035460851053142146
2025-08-19,1,70424.340308,-0.004237582018297177,-0.004237582018297076,-0.008419892370682492,-0.005565432480482357,-0.003871008760217621,4.2418391721897865e-05,-0.003926513812336499,-0.00035348659768247466
2025-08-20,1,70345.52495,-0.0011191493999917217,-0.0011191493999918084,-0.0016126148417119634,-0.0030701072594434553,0.003327592256083202,-8.519781617762823e-05,-0.0017439333852944001,0.0007099818014802201
2025-08-21,1,70709.437619,0.005173217044511263,0.005173217044511321,0.004039653472624306,-0.0040534746852710635,-0.007689849118315671,-0.0010590581284745891,0.006587663806702239,-0.0003553886337163291
2025-08-22,1,70188.162712,-0.007372069751630052,-0.007372069751630129,-0.0011998398083957415,0.014275657071339154,0.02895392777915959,0.005826662095977191,-0.01319873184760732,0.0
2025-08-25,1,70281.719233,0.0013329387260191863,0.001332938726019254,0.0003280595083498655,-0.005775450485137834,-0.006898915485127924,-0.002635772085361178,0.003968710811380432,0.0
2025-08-26,1,69989.253144,-0.004161339415585357,-0.004161339415585379,-0.0029076141113378775,0.0034441391587012316,0.0064125384927953485,0.0006900798746759555,-0.004851419290261334,0.0
2025-08-27,1,69733.432441,-0.00365514262835337,-0.0036551426283534566,-0.0023768534951998156,0.0014259837360774963,0.007690493679635622,0.000943001918653334,-0.00459814454700679,0.0
2025-08-28,1,69687.353377,-0.0006607887100090386,9.207828881695465e-05,0.002667679344651544,0.005011565150347064,0.007682932645528076,0.0003656782565726488,-0.0023959678882557746,0.0013695009216740388
2025-09-02,1,69727.428346,0.000575068042856613,0.001202872054347863,-0.006016891980493735,-0.008219178082191747,-0.0011787198971364417,-0.0035659267852703558,-0.00407785654516715,0.00821885137329411
2025-09-03,1,70542.638362,0.011691382219162114,0.011691382219162093,0.010653525472679806,0.0014345533498758556,0.008373113197395018,-5.736623441963162e-05,0.004291137979031302,0.007457610474550423
2025-09-04,1,70974.828235,0.006126647406570168,0.006126647406570215,0.00841024528595976,0.007856037151702688,0.008828799804363725,0.004947362447758256,0.002554339851168883,-0.0013750548923569242
2025-09-05,1,71992.868652,0.0143436827192496,0.0143436827192496,0.010646643314629464,-0.003990331120745871,0.010251200679229014,-0.000866504386548894,0.005925205142616011,0.009284981963182485
2025-09-08,1,72587.542905,0.00826018276536535,0.008260182765365404,0.006721822174258254,0.0034316560632350335,0.010674214333713444,0.0011528919676913566,0.0015789654586238818,0.005528325339050165
2025-09-09,1,72483.870535,-0.001428239139552208,-0.0014282391395521758,-0.0012652568202970195,0.00215128116476504,-0.0019766879205103034,0.00028241760472392564,-0.0022066096111083336,0.0004959528668322322
2025-09-10,1,72718.405653,0.0032356870074842403,0.0032356870074841523,0.0023953345473943692,0.0011481495656167073,0.009853845328270355,-0.0010554072159124855,0.0028149037383948957,0.0014761904850017424
2025-09-11,1,73345.022286,0.008617029313591519,0.008617029313591556,0.011003478079916373,0.008683012661133027,0.007276576200758176,0.007604677179489379,8.479739703035525e-06,0.001003872394399141
2025-09-12,1,73160.936627,-0.0025098589364464024,-0.0025098589364464263,-0.0023065903210391153,-0.0012128103088876463,-0.002054113277536224,-0.0035244382228237876,-0.00026703461283128624,0.0012816138992086472
2025-09-15,1,73752.514868,0.008085985075274563,0.0080859850752746,0.00808546044450042,0.005046863734679219,0.012734321216514022,0.0010593084721615968,0.0021743603757921424,0.0048523162273208615
2025-09-16,1,73699.025348,-0.0007252569002599246,-0.0007252569002599296,-0.001735541052122827,-0.0008312866049499101,0.00331780528526785,-0.0008067521508406771,0.001071292007074357,-0.0009897967564936095
2025-09-17,1,73537.618876,-0.0021900760689281718,-0.002190076068928127,-0.0024488705313894083,-0.0017768032662937028,-0.0077156104416674495,0.0017028719091906792,-0.0033366312587816208,-0.0005563167193371855
2025-09-18,1,73754.179364,0.002944893937071353,0.0029448939370713707,0.005289136595574212,0.004389948531637877,0.0027357101634613115,0.004487499120073038,-0.00018275696479774377,-0.0013598482182039238
2025-09-19,1,74050.642031,0.004019604985777378,0.004100956307854397,0.00417867102276909,0.0028268072289157065,0.0005547249408182771,0.000314558445364705,-0.0013387354283663725,0.005043781968778984
2025-09-22,1,74650.99199,0.008107289040718058,0.00816130612808237,0.006626911523032515,0.005434782608695565,0.005471266423894344,0.0016407690286926245,-0.0008798038695283669,0.007346323881553746
2025-09-23,1,74891.012888,0.003215240568935277,0.0032152405689351896,-0.0011201612433492127,-0.005111489739980768,0.00450972033227878,-0.0007568553142272388,0.0007973222641915812,0.003174773618970847
2025-09-24,1,74114.700065,-0.010365900973765295,-0.010365900973765215,-0.008066367872276149,-0.0037959138104276535,-0.0016230310372073484,-0.003017718565750688,-0.0016999746499944397,-0.005648207758020087
2025-09-25,1,73829.711949,-0.0038452306420109494,-0.003845230642011026,-0.005553149112955014,-0.005599313150920104,-0.006536954347219695,-0.003501329692677425,-0.00047882694905137515,0.0001349259997177743
2025-09-26,1,74263.205814,0.00587153673058937,0.005871536730589402,0.005121226018491862,0.005065475967130695,0.007193149840182453,0.0031694556815020213,-0.0003183831260192346,0.0030204641751066146
2025-09-29,1,75161.40676,0.012094831288569207,0.012094831288569287,0.011450189366949798,0.0024637897566073264,0.010094514294312065,0.0004241669835629396,0.0005480634026899687,0.01112260090231638
2025-09-30,1,75378.249323,0.002885025338395715,0.0032043381484492834,0.003814094900703496,0.00458407871198574,0.0006436010964434181,0.0011774659870722492,-0.000660677323239815,0.0023682366745633615
2025-10-01,1,76082.57704,0.00934391185254651,0.00945667647730744,0.008611725788112312,0.005352761876440404,0.012945349703565808,0.003744448863384012,0.002763764337086905,0.0028356986520756237
2025-10-02,1,76286.462398,0.002679790383889594,0.0026797903838895816,0.0037312381747942438,0.001442948053870019,-4.4086960490350386e-05,0.0022179848076321154,1.492271131229125e-05,0.00044688286494517495
2025-10-03,1,76895.360033,0.007981725921655601,0.007981725921655655,0.005294742133127159,-0.00011086884215971704,0.0018722676546853168,0.0026708539575000553,-0.0017939272749365384,0.007104799239092138
2025-10-06,1,77444.410265,0.0071402257792032645,0.007140225779203283,0.004493209785343879,0.0030658983451536947,0.003163436039437472,0.0013557384991209306,-0.001342080561819584,0.0071265678419019365
2025-10-07,1,77375.474302,-0.000890134770644047,-0.0008901347706440401,-0.0020484601985586498,-0.004124015023197591,0.0009376639902732511,-0.004364420864527501,0.001356638100444081,0.0021176479934393788
2025-10-08,1,78219.477339,0.010907888382425759,0.010907888382425832,0.008365557176314176,0.0052098728938811956,0.00841014336133114,0.0036607206941761537,-0.0006235433541272737,0.007870711042376952
2025-10-09,1,77015.44629,-0.015392982545983046,-0.015392982545983067,-0.010195479796003349,-0.0034544853184373947,-0.015224240638041304,-0.004410666137573544,-0.0012404972871601393,-0.009741819121249383
2025-10-10,1,75302.268222,-0.022244603529878608,-0.02224460352987862,-0.023587680178405623,-0.027177520466111105,-0.02140206596342245,-0.022635069768143674,0.004454586036015778,-0.004064119797750725
2025-10-13,1,77348.971986,0.027179842151620885,0.02717984215162081,0.02093781936132725,0.009461700844390908,0.024358080995168712,0.010759968047908516,0.0008426540849568139,0.01557722001875548
2025-10-14,1,78298.783052,0.0122795564290865,0.01227955642908652,0.009011352167361236,-0.0006725452099836104,0.009242404655218507,0.003432495522364715,0.0012451499193377477,0.007601910987384057
2025-10-15,1,78930.156399,0.008063641891035438,0.00806364189103543,0.005680846772551679,0.004600366533268563,0.002831841012229449,0.0038346700714537592,-0.0008541212310048045,0.005083093050586474
2025-10-16,1,79503.451198,0.007263317659751376,0.007263317659751298,0.003678089616199166,-0.00692453743345367,0.007100025798176255,-0.008608876898285423,0.0031900962869790338,0.012682098271057688
2025-10-17,1,78217.722253,-0.016171989086890628,-0.0161719890868906,-0.009400128156210375,0.006494725381987365,-0.013596102063527985,0.0033803563990161775,-0.001917890894573976,-0.017634454591332803
2025-10-20,1,79926.778153,0.021849982982382964,0.02190112228796233,0.0163044866435232,0.007848534444279132,0.01780375896738833,0.008524282998770298,0.0009116335542074385,0.01241406642940517
2025-10-21,1,77285.976645,-0.033040259701604985,-0.0330402597016049,-0.018752191677355996,-0.0009218968950512885,-0.015797298815393865,-0.00017828818237582708,0.0007813212813743474,-0.03364329280060343
2025-10-22,1,76067.678505,-0.015763508372554545,-0.01576350837255461,-0.010965681086795746,-0.005755608028335302,-0.007606612479957192,-0.0072716943537947994,0.0003325552860231878,-0.008824369304783003
2025-10-23,1,76765.435222,0.009172840954147877,0.009172840954147901,0.008523559558377938,0.00616321378183704,0.009250201833166204,0.006040673371764037,-0.0021000152292855634,0.005232182811669427
2025-10-24,1,77386.037725,0.008084400243439071,0.008084400243438986,0.007548255803966906,0.007192121860362111,0.006882794797504327,0.008431529087626208,8.27521289941615e-05,-0.0004298809731813832
2025-10-27,1,76617.267977,-0.009934217731758498,-0.009934217731758465,-0.004566340479256554,0.003960180206365349,-0.0031456565057151028,0.0004878140955345101,0.0013242731486244126,-0.011746304975917388
2025-10-28,1,76767.283603,0.0019579871478587045,0.0019579871478586407,0.0027235720350092503,0.0016994503905121139,-0.0018832977204717514,0.0007667984196131867,-0.0003358821669841652,0.0015270708952296191
2025-10-29,1,76655.667675,-0.0014539517740652706,-0.0014539517740652685,-0.0026537184753865034,-0.000938052458779759,-0.01056804665353815,-0.0023838279982119123,-0.00402014912733162,0.0049500253514782626
2025-10-30,1,76679.183142,0.000306767499246479,0.00030676749924650015,-0.004271921714334616,-0.007384348077897673,-0.005643074388451535,-0.005198571900637751,-0.0008607913090523171,0.006366130708936568
2025-10-31,1,76077.750565,-0.007843492227777187,-0.007634830641356015,-0.005259821517318909,-0.0033347832390894228,-0.003715431170390516,-0.0006977121795960837,-0.0004946919810036002,-0.006651088067177589
2025-11-04,1,76106.902986,0.00038319246485823803,0.0005376397232571817,-0.006034694503564273,-0.011947995351539786,-0.010773612418399248,-0.0016397698285336988,0.0005113508282105592,0.0015116114651813556
2025-11-05,1,76203.738735,0.0012723648545378795,0.0012723648545378582,0.003970265335178297,0.00356565210998383,-0.006139199898464373,0.0010511530079532372,-0.0019599306449183417,0.0021811424915029625
2025-11-06,1,76160.260263,-0.0005705556200255117,-0.0005705556200255248,-0.005382831705887511,-0.01186204876620045,4.245674736093151e-05,-0.0027688930163167263,0.001870269503362672,0.00032806789292852905
2025-11-07,1,76116.365191,-0.0005763513958463512,-0.0005763513958464145,-0.0011884331587935493,-0.0013677362117403558,-0.00027010396492130833,-9.84765542300133e-05,-0.0002152706970030286,-0.00026260414461337254
2025-11-10,1,76379.91231,0.0034624238576345333,0.0034624238576344765,0.009208633584690566,0.01012816735415445,0.015997910700265343,0.001668497959422772,0.00017797905562114984,0.0016159468425905547
2025-11-11,1,76618.565864,0.0031245591523030385,0.0031245591523029895,0.002392803015680281,0.0020780925298042874,0.014254294981891426,0.003764078686469285,0.0015731041110973922,-0.0022126236452636883
2025-11-12,1,77440.534634,0.010728062590966881,0.010728062590966819,0.010966716322386834,0.0002545824847250966,0.0004638043776227595,0.0021469992050246398,0.0002671515707404023,0.008313911815201778
2025-11-13,1,76886.003565,-0.0071607339970658915,-0.007160733997065956,-0.012972199179144396,-0.016476921398174027,-0.021630575931594162,-0.005410603141874493,-0.0008591246098708521,-0.0008910062453206106
2025-11-14,1,76365.227953,-0.00677334739161584,-0.006773347391615794,-0.007663753615651558,-0.0011090163025396782,-0.007724886063816765,-0.0023606377179747947,-0.000822979590109074,-0.003589730083531926
2025-11-17,1,76108.80102,-0.0033579017647990873,-0.003357901764799091,-0.006575592180773356,-0.01075427768949333,-0.008728499980340134,-0.003745160037690332,0.0006753475065597265,-0.0002880892336684856
2025-11-18,1,75749.202309,-0.004724798000452697,-0.0047247980004526775,-0.006196407716274333,-0.008474576271186418,0.002086666369311085,-0.0034818575046482317,0.0007279222426756988,-0.0019708627384801454
2025-11-19,1,75979.807691,0.003044327540123895,0.003044327540123818,0.0046133950813772966,0.004637484447460594,-0.003491006977550045,0.0004356481519830191,-0.0005068649714953371,0.003115544359636136
2025-11-20,1,75882.280746,-0.0012835903153539743,-0.0011782991828404774,-0.010118215380570185,-0.020903322135125024,-0.013974591943230317,-0.002717827358006339,0.0009077813800844947,0.0005264556625678039
2025-11-21,1,76532.089948,0.00856338522966395,0.008563385229663913,0.011940036090389149,0.00918445121951228,0.016750320377877697,0.00311008047833206,0.0005377961987138264,0.004915508552618026
2025-11-24,1,76432.330643,-0.00130349642009457,-0.0013034964200945118,0.004504813572135815,0.009992862241256173,0.01577208009655537,6.533207185870446e-05,0.0010223253380753762,-0.0023911538300285923
2025-11-25,1,77026.543569,0.007774366169495998,0.0077743661694959654,0.009758311357187414,0.008214086601003423,0.012064715240210354,0.004382961989796309,0.0009317120779632269,0.00245969210173643
2025-11-26,1,77260.842824,0.003041798893855825,0.0030417988938558076,0.006276959501458334,0.0069311311016073684,0.011124557710174975,0.0019473806437428002,5.5815240116849005e-05,0.0010386030099961586
2025-11-28,1,77467.522978,0.002675095782025222,0.002940430707852796,0.0051185001155761274,0.0042824201163940145,0.00490512294271072,0.001488464218057449,-0.001097837431572643,0.002284468995540358
2025-12-01,1,76806.84785,-0.008528414274680068,-0.008302513157319365,-0.009721360620450582,-0.004084758743936656,-0.014979588464931382,-1.9362952916639695e-05,-0.007902345463708806,-0.000606705858054716
2025-12-02,1,77046.870821,0.0031250204666771033,0.003125020466677157,0.0016971588000279363,0.001647386147312968,-0.0008617821494710959,0.0,0.001159049928534316,0.001965970538142841
2025-12-03,1,77615.020925,0.00737408407853174,0.007374084078531775,0.009726083641046294,0.0027765599883091685,0.016866007942796142,0.0,0.0032856636580421445,0.0040884204204896316
2025-12-04,1,77045.43716,-0.007338576453105231,-0.007338576453105192,-0.006849398257482662,0.00010923390620454221,-0.004770695344207271,0.0,-0.0051998151924295185,-0.002138761260675673
2025-12-05,1,76821.478709,-0.0029068360034712423,-0.002906836003471189,-0.0020361906263260243,0.0018571116451824299,-0.0016902958263609333,0.0,-0.005165243592742816,0.002258407589271627
2025-12-08,1,76672.916094,-0.0019338682055014273,-0.0019338682055014267,-0.003439798553862277,-0.003959029492953681,-0.013523199527927141,0.0,-0.004914805358085481,0.002980937152584055
2025-12-09,1,76273.359471,-0.005211183335900878,-0.005211183335900912,-0.005391150947863179,-0.002439912600145644,-0.011319315389848275,0.0,-0.0035678390310375156,-0.0016433443048633966
2025-12-10,1,76606.7163,0.004370553907253943,0.004370553907253883,0.006408698453026852,0.006498959436270102,0.013618221007968175,0.0,0.003623241865471108,0.0007473120417827755
2025-12-11,1,77106.010841,0.006517634022514452,0.006517634022514416,0.01141205103064038,0.0029403223464499195,0.007067139936771951,0.0,-0.00016585307530594885,0.006683487097820365
2025-12-12,1,76555.550528,-0.007139006500433196,-0.0071390065004331435,-0.010477482707142594,-0.012040786809372261,-0.021983381536129786,0.0,-0.0037670255463607776,-0.0033719809540723655
2025-12-15,1,76740.610442,0.00241732849862323,0.002417328498623248,0.0022097286263719025,-0.0011711316059141996,-0.003561413976452048,0.0,-0.001645081056972779,0.004062409555596028
2025-12-16,1,77256.365667,0.006720759992022085,0.0067207599920220944,0.005829913918748942,-0.0035529834072012267,-0.002478042937527895,0.0,0.0023944978201877296,0.0043262621718343644
2025-12-17,1,77333.81493,0.0010024968457949671,0.0010024968457950246,0.0007129904199552223,-0.01022660388463803,0.0006818800220032477,0.0,0.0015461413679976825,-0.0005436445222026582
2025-12-18,1,77750.641209,0.005389961424183225,0.005389961424183151,0.006735926066701113,0.0057869941017174575,0.006145122181472903,0.0,0.0018339490866272911,0.00355601233755586
2025-12-19,1,77521.950848,-0.0029413308717210172,-0.002941330871721002,-0.0006686767615557097,0.003586695706744525,0.005288991169803683,0.0,-0.0016423062150797856,-0.0012990246566412162
2025-12-22,1,77133.591945,-0.005009663699309782,-0.0049064671219206,0.000876493905264894,0.003475113122171969,0.009633345844884305,0.0,-0.0013461852019956754,-0.003663478497314053
2025-12-23,1,77081.679057,-0.0006730256688637433,-0.0006730256688636545,0.0010176637618784722,0.004364607005013843,0.003409165515055214,0.0,-0.0008545289496919023,0.00018150328082824777
2025-12-24,1,77352.720023,0.003516282592074522,0.0035162825920744913,0.003907517838597244,0.0033048351174653767,0.00672252529943021,0.0,0.0032049245587059834,0.00031135803336850747
2025-12-26,1,78094.299097,0.00958698121554223,0.009586981215542157,0.011338926570352846,-3.581918475537016e-05,0.0017347270465869285,0.0,0.0002531142257191039,0.009333866989823053
2025-12-29,1,77249.431437,-0.01081855743566361,-0.010818557435663597,-0.02446157626842689,-0.00365303345032586,-0.021768648238461072,0.0,0.0014486632331133628,-0.012267220668776958
2025-12-30,1,77703.701525,0.005880562224547382,0.005880562224547332,0.007858021015539111,-0.0017609430029469353,0.006407752786861439,0.0,-0.0008767690630614697,0.006757331287608801
2025-12-31,1,77687.334382,-0.00021063531484394335,0.0003041406767074767,-0.0026217298118688223,-0.007630840112302972,-0.0077907148645596615,0.0,-0.001574791692455202,0.0013641563776112607
2026-01-02,1,77747.211524,0.0007707452258963108,0.0011247282814202328,-0.00015563049738670734,-0.00021732831063459024,-0.0019683144352662506,0.0015446533331954166,-0.0006838033295293693,-9.010477776976387e-05
2026-01-05,1,78224.202792,0.006135155956111505,0.006135155956111525,0.007680129359890443,0.004666136149895195,0.024147978609340467,0.0036978818193558216,0.0007651884445252454,0.0016720856922304583
2026-01-06,1,78770.345886,0.006981766194917667,0.006981766194917614,0.006613191331620674,0.006083075372543378,0.005176564147252149,0.003170374272270788,-0.0008802506496248609,0.004691642572271687
2026-01-07,1,78246.217815,-0.0066538754645039605,-0.006653875464503958,-0.007667132274177922,-0.0036130786291764805,-0.00849416618111828,-0.0032563015575643632,-0.0008839376168899004,-0.0025136362900496935
2026-01-08,1,77950.02955,-0.0037853365047806923,-0.0037853365047806854,-0.004692369973331414,-0.000789379260853984,-0.0019257715928240927,0.0016230816459505226,-0.00038581116759299163,-0.0050226069831382164
2026-01-09,1,77662.422832,-0.00368962936960652,-0.0036896293696064633,-0.005073712770421329,0.004553113684437005,0.002058848698574358,0.0010070554232395168,-0.002849347455948016,-0.001847337336897964
2026-01-12,1,77671.829369,0.000121120837210126,0.00012112083721009198,0.003625332169233999,0.0013557870700728891,0.006766387552994866,0.0005729926826580013,-0.00045187184544791064,1.0978942606013533e-18
2026-01-13,1,77273.141347,-0.005132980972063544,-0.0051329809720636055,-0.005484754806773243,-0.0017465069860279625,0.002278609587866158,-0.0022852558185041637,0.00024219820667152858,-0.0030899233602309705
2026-01-14,1,77141.047763,-0.001709437220887986,-0.0017094372208880377,0.0006000052354696956,-0.004608130313638603,0.010286323725731778,-0.00010352885699404263,0.0003999632403656024,-0.002005871604259598
2026-01-15,1,77497.887376,0.004625807180813226,0.004625807180813251,0.002643645554032119,0.0037379146749092484,-0.008349291578368785,0.002346351329786632,-0.002892887688116292,0.005172343539142912
2026-01-16,1,77367.710637,-0.0016797456409094744,-0.001679745640909526,-0.0026691621763322198,-0.0014312806383511845,-0.012054012915804223,-0.000683889610345555,-0.000853916677473378,-0.00014193935309059303
2026-01-20,1,76550.210805,-0.010566421391588544,-0.01046301908157949,-0.0012036887178422718,-0.012828388682108893,-0.017589558721080496,-0.004161942977862868,-0.00027789154569146136,-0.006126586868034176
2026-01-21,1,76362.647242,-0.0024502030781510917,-0.002450203078151084,-0.0027442535222531326,0.010381634741921442,0.022527644640536117,0.0035140334320806353,-0.0009348578063245168,-0.005029378703907203
2026-01-22,1,76739.059836,0.0049292763839908285,0.004929276383990885,0.007472775965503366,0.0036127167630057855,0.002908899583427517,0.001715498410946407,-0.0015529504359974493,0.004766728409041927
2026-01-23,1,76679.335325,-0.0007782804622221762,-0.0007782804622220967,0.0014865209249374344,0.001117036609973976,0.007589855295754182,-0.0015832875755781362,0.0002446666545094699,0.0005603404588465699
2026-01-26,1,77028.016101,0.004547258715079936,0.004547258715079963,0.005639263467354568,0.01118916570104278,0.010672289462092201,0.0034494300045579147,-0.00044104743517863637,0.0015388761457006857
2026-01-27,1,76683.418828,-0.0044736615354777085,-0.0044736615354776825,-0.0017785723091038625,0.004514834456069927,0.010413006045497065,-0.00170067991662073,0.0014073155807756794,-0.004180297199632632
2026-01-28,1,76568.977451,-0.0014923875131217968,-0.001492387513121764,0.004636986916023569,-0.0004279447951214266,0.006137475820824919,0.00011084534479414197,-0.00028612934918549956,-0.0013171035087304063
2026-01-29,1,76328.369252,-0.0031423718551062928,-0.0031423718551063778,-0.007202845584390818,-0.004094566688029655,0.002314103949449058,0.00023508215205588073,0.0009846259254302136,-0.0043620799325924725
2026-01-30,1,75815.958557,-0.006713240427816124,-0.0063464043447908625,-0.036318184468028585,-0.003861141896964737,-0.04165564858226709,-0.0007533240990696421,0.0014161091977963139,-0.007376025526542751
2026-02-02,1,76215.656083,0.005271944497003692,0.005637962424205255,0.003748139333393478,0.009223895654680403,-0.0045186463969185435,0.006654271865700152,0.0021294662571562074,-0.0035117936258526484
2026-02-03,1,76288.771878,0.000959327760602152,0.0009593277606020776,0.007438400451127309,-0.008923153799478833,0.009827008582329216,-8.528431472037253e-05,-0.00017560965836920414,0.0012202217336916542
2026-02-04,1,76403.426952,0.001502908897945248,0.0015029088979452534,-0.0034408691643290044,-0.00400201903663111,-0.009004755904755319,-0.0001572970661953763,-9.62779417076773e-05,0.0017564839058483068
2026-02-05,1,75351.696592,-0.013765486726365647,-0.013765486726365602,-0.017783219066931578,-0.013701106210686098,-0.001949087524885811,-0.006570385911057647,-0.005624490637365889,-0.0015706101779420654
2026-02-06,1,76759.672078,0.01868538532323261,0.018685385323232582,0.02917620705796509,0.024648146783582625,0.0319402745087376,0.015142326604479466,0.0029458591594178217,0.0005971995593352925
2026-02-09,1,76793.823394,0.00044491221843435594,0.00044491221843430504,0.0036649923526808816,0.00330447900578279,0.01794463087336317,0.0011073523075231387,-0.0024472314553320167,0.0017847913662431827
2026-02-10,1,76473.659219,-0.004169139665805395,-0.004169139665805364,-0.006277897616934344,-0.003364352183249819,0.0071074784459606265,0.00015626256734837035,-0.003700351963760305,-0.0006250502693934299
2026-02-11,1,76623.576319,0.001960375664597896,0.0019603756645978536,0.003192794471643002,-0.0015778526859355768,-0.007229117701086386,-0.0017980047169848278,0.0031960952700892543,0.0005622851114934274
2026-02-12,1,75396.131138,-0.016019158069375594,-0.016019158069375688,-0.024054271330622472,-0.016296934453298828,-0.01584728631422646,-0.008306842757505584,-0.005063000182610664,-0.0026493151292594414
2026-02-13,1,75265.001214,-0.0017392129090842653,-0.0017392129090842083,0.0008626845133154824,-0.0021848372296263685,0.014515940105255662,0.0022348626840184155,-0.0038414427928641403,-0.0001326328002384839
2026-02-17,1,75285.234142,0.00026882253373819475,0.00026882253373822874,-0.0036046817429284594,0.0011674571324333805,-0.007597182203936453,0.000597887454652468,0.0009597147035588832,-0.0012887796244731222
2026-02-18,1,75793.260161,0.0067480167295043934,0.006748016729504337,0.010549494322136616,0.0045899967214309,0.012873395065061077,0.001348205941801096,0.001561076628289282,0.0038387341594139585
2026-02-19,1,75850.232255,0.0007516775753426594,0.0007516775753427361,-0.00023285130445054248,-0.002140240142199046,0.0009105584142312293,-0.0011082779632535919,0.00010518209677813379,0.001754773441818194
2026-02-20,1,76053.237549,0.002676396461121222,0.0027291319621350046,0.006651872102804397,0.007128050332763536,0.005114748615717302,0.0017336795958279461,0.0013646008734034991,-0.00042188400811021825
2026-02-23,1,75201.309191,-0.01120173690794164,-0.011201736907941722,-0.010873323048567292,-0.009612604799074886,3.3850083594900366e-05,-0.007856338786607098,-0.0038976428561254203,0.0005522447347907949
2026-02-24,1,75473.201706,0.0036155290155022997,0.003615529015502204,0.003494654981231127,0.0066343454963000426,0.003911556522765549,0.0037565835361204796,0.0007631850562178171,-0.000904239576836092
2026-02-25,1,75733.457332,0.0034483183427095583,0.003448318342709574,0.0072923103376003676,0.008622875982754241,0.004910831959104877,0.003060689023105027,0.0012488621616037927,-0.0008612328419992456
2026-02-26,1,75593.926188,-0.0018423976504467374,-0.001842397650446832,-0.0029237687359769497,-0.006460875807609456,0.002313992193152971,0.0011553678266221774,-0.0024167805128246928,-0.0005809849642443168
2026-02-27,1,75151.076759,-0.005858267345001084,-0.0055407815202756895,-0.0049372179971713505,-0.0014494854326714268,0.011422177149604763,-0.004259601481731451,-0.0038078380603166167,0.002209172197047053
2026-03-02,1,74043.70253,-0.014735307551483208,-0.014332785042096726,-0.014160953071462902,0.010007331378299122,-0.030950479863074434,0.0065534656486905705,-0.013580966140267247,-0.007707807059906629
2026-03-03,1,73446.339005,-0.008067715471606545,-0.008067715471606595,-0.010939707960365452,-0.008534902302607672,-0.01626576353175116,-0.005341440075080481,-0.0024966812592912796,-0.00022959413723483307
2026-03-04,1,73774.550424,0.004468724015590232,0.004468724015590223,0.003594703098686208,0.009209995229882972,0.007324826773566089,0.004268422418948308,-0.0020734672836272157,0.0022737688802691304
2026-03-05,1,72997.94434,-0.010526747772804093,-0.010526747772804004,-0.013475566890954303,-0.006973450041768081,-0.015862059278993847,-0.008871623022245855,-0.004854059866295394,0.003198935115737246
2026-03-06,1,73633.656047,0.008708624774985053,0.008708624774984975,0.002680971175395792,-0.012049516554351047,0.018032920653131692,-0.007013896139537885,0.0005577103159517295,0.01516481059857113
2026-03-09,1,74371.952224,0.010026613067020268,0.010026613067020188,0.010718053825833854,0.017276194749831664,0.016353282119779117,0.007734235003082739,0.003962809855648033,-0.0016704317917105819
2026-03-10,1,74016.793257,-0.0047754423172358534,-0.004775442317235829,-0.0033166541236818686,-0.001985075175532147,-0.007641642684686477,-0.00026219561833149436,-0.003437572367288019,-0.0010756743316163164
2026-03-11,1,73316.832232,-0.009456786673561335,-0.009456786673561363,-0.009804483909655546,-0.0025379777099349132,-0.01458657322874392,-0.0028169283054093495,-0.005775189727642666,-0.0008646686405093466
2026-03-12,1,73010.333547,-0.004180468200167119,-0.004180468200167044,-0.007964133331665043,-0.01308010641442503,-0.01334780667557121,-0.007760837213969122,-0.004139549902026658,0.007719918915828738
2026-03-13,1,72907.609546,-0.0014069789328810113,-0.0014069789328809265,-0.003075785357553123,-0.007218461308299395,-0.004218096638766849,-0.0021777739160462233,-0.0012426186373302567,0.0020134136204955533
2026-03-16,1,73406.429164,0.006841804606996683,0.006841804606996601,0.010270939084693557,0.014564575924945089,0.009738652227750961,0.006563100929825157,0.004983288042751447,-0.0047045843655800015
2026-03-17,1,73865.392903,0.006252364325719954,0.006252364325720002,0.00515349293849476,0.003246268656716511,0.011122594092135705,0.0020502291381427526,0.0020906035170647646,0.0021115316705124856
2026-03-18,1,72282.540726,-0.021428873723499935,-0.021428873723499848,-0.022038033399845884,-0.014354778728151718,-0.039560938228287254,-0.008021347707098028,-0.008087037157516531,-0.005320488858885293
2026-03-19,1,71768.904637,-0.0071059495738096555,-0.007105949573809671,-0.007248924440817321,-0.0019254001812141208,-0.02192435669484166,-0.0004012033847810543,-0.0008388760115402667,-0.005865870177488351
2026-03-20,1,71202.691574,-0.007889392568082198,-0.0077500564579577975,-0.010160799310125921,-0.004245970329545878,-0.011629461884787086,-0.002062174429841669,-0.004475657870033508,-0.0013515602682070596
2026-03-23,1,71475.065187,0.003825327484276703,0.0038253274842766517,0.011282936066876983,0.019162826420890955,0.010128786117355565,0.012092239506205875,0.009471181469752572,-0.017738093491681796
2026-03-24,1,71717.146809,0.0033869381064040903,0.0033869381064039997,0.0009250356468763574,-0.004370761115297661,0.001271196169060763,8.394535890658561e-05,-0.0027410730937749168,0.006044065841272331
2026-03-25,1,72096.110191,0.005284139132548931,0.005284139132549028,0.005430356019522585,-0.0008651169788610469,0.010579680245178255,0.00016035216836810228,0.002572095937106212,0.0025516910270747136
2026-03-26,1,71537.601217,-0.0077467282493879075,-0.007746728249387882,-0.011020059975334144,-0.01754121809832121,-0.024217412969837468,-0.006297149718584164,-0.0054026350722056775,0.00395305654140196
2026-03-27,1,71289.621917,-0.0034664190079105937,-0.0034664190079105204,-0.005527580264810937,-0.018933598531211793,-0.0015707763154623067,-0.009889903882144988,-0.002425008634454972,0.00884849350868944
2026-03-30,1,71993.859833,0.009878547501751166,0.009878547501751225,0.010433421369391065,0.001293103448275934,0.015383492004103511,0.00037172311042574187,0.006308602912945403,0.003198221478380082
2026-03-31,1,73037.752768,0.014499749517162477,0.014944231867103041,0.017131963294013414,0.029051329235347145,0.031690060852927956,0.01360532693021011,0.0022000894899026767,-0.0013056669029502465
2026-04-01,1,72876.681529,-0.002205314823345369,-0.0016405384106425178,-0.002911607868315854,0.00849588540079238,0.008392806760075085,-4.107464819656645e-05,5.72137148155543e-05,-0.0022214538899642945
2026-04-02,1,72725.751579,-0.002071032139154547,-0.0020710321391544796,-0.002160576581996171,0.0005665936390419901,0.004120541491492811,0.0,-0.0020710321391544796,0.0
2026-04-06,1,72570.818981,-0.0021303677835733626,-0.002130367783573278,-0.002647103948246719,0.009256449165402136,0.00854661803989657,0.0,-0.0013741019656791746,-0.0007562658178941031
2026-04-07,1,72488.429306,-0.0011353003298328836,-0.0011353003298328734,-0.0019374421324896438,0.0009397789639877807,0.00046746022049111316,0.0,-0.0015900285589389041,0.00045472822910603075
2026-04-08,1,71082.93324,-0.01938924707741708,-0.01938924707741714,-0.011245046917493125,0.020145014202421985,0.006684287711069882,0.0,0.00037942516054180177,-0.019768672237958942
2026-04-09,1,71110.443805,0.0003870206704945523,0.0003870206704945227,-0.0009090714967947563,0.007190813369042814,0.010602585375787378,0.0,-0.0011463994492364115,0.0015334201197309341
2026-04-10,1,71291.544714,0.002546755437892421,0.0025467554378925225,0.0040720272209713295,-0.000400991542723772,-0.006956271038219883,0.0,0.0048811523438655425,-0.00233439690597302
2026-04-13,1,70344.289577,-0.01328706147930422,-0.013287061479304224,-0.012587561480429818,0.021054572271386407,0.028786218186912824,0.0,-0.009191204092977382,-0.00409585738632684
2026-04-14,1,69350.842842,-0.01412263511760347,-0.014122635117603506,-0.011876491232640288,0.011479729973647101,0.012342168553439918,0.0,-0.004583836672993941,-0.009538798444609566
2026-04-15,1,69515.142454,0.0023691076384873035,0.002369107638487304,0.0017148952239343558,0.008066818960593913,-0.0022342524166528194,0.0,0.0034217264244772853,-0.0010526187859899814
2026-04-16,1,70021.755082,0.007287802492749169,0.007287802492749088,0.005199850028381849,0.002798540507988223,0.00047346810508700106,0.0,0.0026557181923516793,0.004632084300397409
2026-04-17,1,68309.263797,-0.02445656043250768,-0.02445656043250778,-0.019188068992390925,0.0119043413755342,0.021518263143173677,0.0,-0.011132130062198615,-0.013324430370309163
2026-04-20,1,68083.164543,-0.0033099354592757667,-0.0032513782478869368,-0.002662229371441382,0.0064061950017599845,0.013895993877444208,0.0,-0.0041443757215657425,0.0008344402622900315
2026-04-21,1,68975.077427,0.013100344119574538,0.013100344119574548,0.011580477857178584,-0.007097157640806873,-0.013722918170627393,0.0,0.006872666501387114,0.006227677618187434
2026-04-22,1,69363.465199,0.005630842133309754,0.005630842133309743,0.0027067876228444314,0.006491228070175437,0.006029157907918885,0.0,0.0013394370194551954,0.004291405113854548
2026-04-23,1,69865.8433,0.007242690360367902,0.007242690360367874,0.006960474372472144,-0.0027223230490017736,-0.0027526591619885686,0.0,0.0029897309796351273,0.004252959380732747
2026-04-24,1,69218.998789,-0.009258379776780516,-0.00925837977678048,-0.009299868452443669,0.007244855102897851,0.011691254512140987,0.0,-0.006080861414250018,-0.0031775183625304625
2026-04-27,1,69384.909854,0.0023969006639001345,0.002396900663900232,0.001954587804791014,0.0029227557411273253,-0.001239280627457353,0.0,0.0012844893122974297,0.0011124113516028026
2026-04-28,1,70042.017562,0.00947047001363306,0.009470470013632958,0.008745270294849823,-0.004684409590894889,-0.00952798030835382,0.0,0.0047720420602395865,0.004698427953393373
2026-04-29,1,71598.572929,0.022223165767597128,0.02222316576759704,0.01702340453601103,-0.0006273963053328169,-0.01438613853175435,0.0,0.011986453220484297,0.010236712547112743
2026-04-30,1,70640.192211,-0.013385472339222841,-0.012826801986396246,-0.010601596388541221,0.013111888111888126,0.02259271159225509,0.0,-0.007798768810956884,-0.005586703528265958
2026-05-01,1,70475.429736,-0.002332418278410683,-0.0017484730949575266,0.0003589655196602227,0.0002756339581035938,-0.003487221224858929,-0.0014227028105949756,-0.0008495514186114476,-6.0164049204265135e-05
2026-05-04,1,69449.970842,-0.01455058730688413,-0.014550587306884074,-0.017354964238766566,-0.00632193781137258,-0.0235671931411543,-0.005952429117106454,-0.008243424630951261,-0.0003547335588263596
2026-05-05,1,70345.113357,0.012889026506348333,0.012889026506348268,0.01627918820230593,0.00809268545737507,0.016044260023934838,0.0059179290504297,0.0026514412147290015,0.004319656241189566
2026-05-06,1,71889.654636,0.021956625057475154,0.021956625057475174,0.028025553671520334,0.012190945825628408,0.031455401357513194,0.007910997273852307,0.007648594947623705,0.006397032835999159
2026-05-07,1,71173.993335,-0.009954997069513229,-0.009954997069513255,-0.008374102557134423,-0.002371113068220354,-0.014784083616279113,-0.005244148158845246,-0.004015338544773398,-0.0006955103658946109
2026-05-08,1,72103.517591,0.013059886244002356,0.013059886244002448,0.020280032665200152,0.010762942779291462,0.022123432869867662,0.002402562958571414,0.0036322853948713373,0.007025037890559697
2026-05-11,1,72300.73811,0.0027352412975352423,0.002735241297535301,0.004069216371389673,0.00449111906530697,0.00015503174214003234,0.0021566215518258607,-0.004622236086668035,0.005200855832377475
2026-05-12,1,71997.816278,-0.004189747435999013,-0.004189747435999018,-0.007067615346569251,-0.0012104095218882227,-0.00955352684886982,-0.001403858420436037,-0.0048605566319709255,0.0020746676164079443
2026-05-13,1,71984.936198,-0.00017889542762934886,-0.00017889542762930386,0.0035444591679967157,0.0067729217912861905,0.00239546326996055,-0.00027778620288567384,-0.0012900402391720636,0.0013889310144284334
2026-05-14,1,72362.127031,0.005239857853169135,0.005239857853169187,0.006242394993318707,0.006419257773319975,0.005366939740195372,0.003306247286861919,0.0015863156832335154,0.00034729488307375247
2026-05-15,1,70242.111762,-0.029297304490674598,-0.02929730449067452,-0.033201670036745685,-0.011964505300940509,-0.04014222115270892,-0.008436733759018168,-0.011532486722913913,-0.00932808400874244
2026-05-18,1,70456.377585,0.0030503898167665486,0.003050389816766518,0.002024852134598505,0.002125506072874428,0.0036918019408378965,0.0017297315947934194,-0.00117072473349069,0.0024913829554637887
2026-05-19,1,69399.625395,-0.014998673302924882,-0.014998673302924863,-0.01687595179226317,-0.006129184347006156,-0.026426511917665697,-0.004073442459562827,-0.007731765500499205,-0.0031934653428628283
2026-05-20,1,71059.029963,0.023910857709099047,0.023910857709099044,0.027948746904215734,0.010132845330079965,0.03413516676031893,0.009611002886584967,0.009616832426501921,0.004683022396012155
2026-05-21,1,71532.155569,0.006658205243119679,0.006658205243119667,0.007902278490747216,0.004473445225522177,0.0034271380486270092,0.004432934141715446,0.0008179904214945628,0.0014072806799096584
2026-05-22,1,71811.643812,0.003907169311004905,0.00390716931100488,0.004294107064455048,0.003214142225793415,-0.0007158091706822821,0.003515901317387051,0.0003912679936178289,0.0
2026-05-26,1,72185.681212,0.005208589868538344,0.005208589868538321,0.0077808658834611156,0.0023939353637452143,0.01242984680051905,0.0009817349423826092,0.0042268549261557115,0.0
2026-05-27,1,72071.940787,-0.0015756646437672234,-0.0015756646437672021,-0.0013645152247063052,0.0009292446568431867,-0.005871397017428446,0.001482288428994959,0.0010979957935789196,-0.004155948866341081
2026-05-28,1,72592.160667,0.007218063992545986,0.007218063992546074,0.00930694888029028,0.0037067681615092773,0.011992025562960371,0.0005411259857078498,0.003208181688198184,0.003468756318640041
2026-05-29,1,72495.716775,-0.0013285717271970226,-0.0008326504091220148,-0.00020191790640554526,0.0010873146622734087,0.0013199930426744892,0.0012604666834407261,-0.0015558689979814802,-0.0010331694126562904
2026-06-01,1,72224.035538,-0.003747548802708032,-0.003250967741074296,-0.0011290742018638092,0.0024028966425280185,-0.0028684749750129152,-0.0007034898373145315,0.0027217989169097804,-0.0057658578823033225
2026-06-02,1,72485.006538,0.0036133538846796383,0.003613353884679642,0.0044847757970961,0.0015436153441934497,0.00503266947623516,0.004402966375801712,0.001024188122808825,-0.0018138006139308944
2026-06-03,1,71754.452381,-0.010078693400245187,-0.010078693400245137,-0.009616437926027935,-0.007374147876245463,-0.013909423863698466,-0.00689108029175798,0.002772240116817016,-0.005959853225304174
2026-06-04,1,72574.36606,0.011426659287393467,0.011426659287393424,0.010117509229084944,0.008123611525581165,0.01021590650110174,0.00949070026187118,-0.0018408100948405814,0.0037767691203628253
2026-06-05,1,72554.807277,-0.00026949988523807835,-0.0002694998852380615,-0.01426045883794904,-0.024902826273140555,-0.0500437300009655,-0.011877471988972295,0.012944532176739252,-0.001336560073005017
2026-06-08,1,72740.743433,0.0025626993238299827,0.002562699323829946,0.006589570684134079,0.006514657980456029,0.007754561959129596,0.0033905403271283297,-0.0021371960076772105,0.0013093550043788266
2026-06-09,1,73030.193214,0.0039791974645028904,0.0039791974645029425,-0.0014585709819220044,-0.00269805402853196,-0.0016096174510440032,0.0015190936301376608,-0.002117798236547241,0.004577902070912522
2026-06-10,1,72590.016647,-0.006027323063990443,-0.00602732306399041,-0.011803584797362515,-0.013753387533875339,-0.020746486651788767,-0.0075379781398537985,0.002715636140908128,-0.0012049810650447384
2026-06-11,1,73302.758518,0.009818731346244617,0.009818731346244555,0.014911112688563925,0.01883803423218655,0.03550781795343568,0.01307342309371383,-0.009508995313903514,0.0062543035664342364
2026-06-12,1,73971.296062,0.009120223531827957,0.009120223531828052,0.009694626212307298,0.005069280162216971,0.0009073000741229077,0.0038607005482461138,0.0021764193655479523,0.003083103618033986
2026-06-15,1,74369.443904,0.005382464063063852,0.005382464063063805,0.011805707027764456,0.010862299465240532,0.0022361276666879523,0.0009057567403469775,0.0042739259629376285,0.00020278135977919891
2026-06-16,1,74709.067096,0.004566703394153646,0.004566703394153741,-0.0025246496895746564,-0.005588069966603881,-0.004050371128653155,0.0003966682880934339,-0.00228422856461242,0.006454263670672727
2026-06-17,1,75208.348676,0.006683011838693066,0.0066830118386931175,0.003261926489457519,-0.011976844766784178,-0.020629633661211545,-0.0049391595202841025,0.011555245078214545,6.692628076267608e-05
2026-06-18,1,75372.879456,0.002187666428555546,0.0021876664285556233,0.006337716331096901,0.009129762784759077,0.010101996515044502,0.0046424367260557466,-0.001032055906298744,-0.0014227143912013793
2026-06-22,1,76194.681924,0.01090315872437919,0.011035832440339318,0.00876922357517458,-0.0002651377058959792,-0.0008623923548063598,0.00384090407704675,0.0016624344077536901,0.005399820239578713
2026-06-23,1,75984.937779,-0.00275273995470105,-0.0027527399547010935,-0.012238896391622546,-0.013757666169401661,-0.013819335663184362,-0.0021326947747133374,-0.0005281752512308817,-9.186992875687362e-05
2026-06-24,1,75730.704286,-0.0033458406351878824,-0.00334584063518786,-0.008423039747660052,-0.0028190757458804727,0.002145700666414926,0.0020464582132456595,-0.005773953434826604,0.0003816545863930835
2026-06-25,1,75390.734382,-0.004489195062968459,-0.004489195062968369,-0.007012920999463558,-0.007089115532519674,0.003093575451804934,0.0001848655724513603,-0.003063089218343599,-0.00161097141707613
2026-06-26,1,75342.803965,-0.0006357600537906636,-0.0006357600537906335,-0.0036304917892919716,-0.003936213161081947,-0.002544490298139244,-0.0023278722702179443,-0.0012392824942175074,0.002931394710644818
2026-06-29,1,75625.616068,0.0037536710690490157,0.0037536710690490452,0.010066709135577376,0.013821303054879719,0.006462064094527634,0.003225258249121254,0.001523862896817087,-0.0009954500768892948
2026-06-30,1,76185.617138,0.0074049125022155994,0.007993337460759982,0.011087137522615122,0.0070375558668533955,0.003181208273479191,0.002056181596711486,0.0015338859495473607,0.0038148449559566914
2026-07-01,1,76241.932224,0.0007391826370700595,0.0010312325125680238,-0.0018766300445402257,3.314221323691413e-05,-0.003622841160655132,0.0004790930541875235,-0.0015479944777840196,0.0018080840606666427
2026-07-02,1,76050.331019,-0.0025130685853801756,-0.0025130685853801153,-0.004055146924743427,-0.0010283970276008247,0.003221618118522848,0.0024658346728172525,-0.00411323789433599,-0.0008656653638613777
2026-07-06,1,76081.59775,0.00041113208226298964,0.0004111320822630851,0.0009393420247855802,0.00386789645938701,0.003795132129726579,0.0014135375686018378,-0.0011733449132394513,0.00017093942690069863
2026-07-07,1,75580.073431,-0.00659192674883006,-0.006591926748830026,-0.006122742323579741,-0.006022113992365408,-0.016154807817413602,-0.0036408278505177267,-0.0005063552874953396,-0.0024447436108169605
2026-07-08,1,75067.380971,-0.006783434268530268,-0.006783434268530242,-0.005440132179483816,-0.0021537442014579744,-0.008761588691347702,-0.005093935246743864,-0.00018116494872456152,-0.0015083340730618166
2026-07-09,1,75513.479209,0.005942637571282128,0.005942637571282105,0.0067277639008984985,0.009511456982274069,0.023361360599723876,0.004302800974590172,-0.0021833952290275208,0.0038232318257194527
2026-07-10,1,75708.795112,0.0025865038325813762,0.0025865038325813745,0.00322807937604449,0.004349401957230992,-0.004238449465055247,7.945601318921885e-05,0.0019111277204730559,0.0005959200989190999
2026-07-13,1,75186.000264,-0.006905338383675407,-0.0069053383836755015,-0.005941568710253884,-0.005784146181148975,-0.011918085382854294,-0.0014727483092864565,0.00044519465774083445,-0.00587778473212988
2026-07-14,1,74851.056879,-0.004454863718338264,-0.0044548637183382655,-0.0043732169627173035,0.004532221781130108,0.019789453503339178,0.0012435825775038,-0.003969401000917025,-0.0017290452949250406
2026-07-15,1,74801.455338,-0.0006626698802714413,-0.0006626698802714884,-0.0015322374670262134,0.0032939161368952252,0.011239474972394846,0.0014295055335441101,-0.0022792135210082834,0.00018703810719268487
2026-07-16,1,74846.198976,0.0005981653396330374,0.0005981653396331318,0.00033192349270919443,-0.004891661195009833,-0.013538224292247743,-0.0011965007845849206,0.0003909501199564463,0.0014037160042616062
2026-07-17,1,74539.357004,-0.004099633329044513,-0.004099633329044468,-0.004576252660589656,-0.009903931860948845,-0.0021585728967576353,-0.00390801408758334,0.0037097144801605452,-0.0039013337216216738
2026-07-20,1,74325.98418,-0.0028625525119006408,-0.002808889585887243,-0.0006761468208401738,-0.00010020040080160886,-0.005738995711305295,-0.0021465170405386685,-0.0013734063150270051,0.000657370843664965
2026-07-21,1,74672.572081,0.004663078527943651,0.004663078527943692,0.005206089172447783,0.008250935328701248,0.006633575073229778,0.0051395215847083045,0.0014475139762544597,-0.0019239570330190719
2026-07-22,1,74390.313097,-0.003779955296000613,-0.0037799552960006495,-0.00482318563350713,-0.0006295559973492626,-0.004838828608466661,-0.0017007583435277853,0.0007866478153613778,-0.002865844767834242
2026-07-23,1,73626.956068,-0.010261511168227664,-0.010261511168227678,-0.009606362950239625,-0.011321005278709162,-0.019662241477569356,-0.005141798496010161,0.0008891341976296428,-0.0060088468698471596
2026-07-24,1,73977.691477,0.004763682043467276,0.004763682043467289,0.0029664852306083597,-0.0004026575397624299,0.0004301879172769551,0.0008964108191395676,-0.0005332909787209979,0.004400562203048719
2026-07-27,1,74579.437797,0.008134159205568767,0.008134159205568823,0.006490078626951445,-0.005574098798397875,-0.00666722878792786,0.0008651256712975026,0.0025243599307490728,0.004744673603522247
2026-07-28,1,75130.591953,0.007390162383783161,0.007390162383783155,0.006166450274164198,0.0016436334362002203,0.007386369299671886,0.0038147243852149756,-9.84969102153048e-05,0.0036739349087834845
2026-07-29,1,73465.969805,-0.022156382702669584,-0.022156382702669505,-0.0207361847894359,-0.015105841371918505,-0.007294035373623863,-0.011080705986216858,-0.005192587171818613,-0.005883089544634039
2026-07-30,1,73920.681547,0.006189419986108096,0.006189419986108098,0.007747051719187203,0.018329245025892504,0.024436401174936555,0.007472847652568845,-0.0027262725684139306,0.0014428449019531827
2026-07-31,1,73676.049756,-0.0033093822362990537,-0.002443589353158675,-0.001590347684272344,0.005314526372083739,-0.012891928805379664,0.0005411205519627425,-0.0028359017533316636,-0.0010146010349301423
2026-08-03,1,73866.194491,0.002580821523785363,0.003011762109023513,0.0030739404357649864,0.010364238410595972,0.0069306243767408285,0.003739342716003164,-0.00042218964106286133,-0.0007363315511549036
2026-08-04,1,74156.300837,0.003927457583914414,0.003927457583914374,0.0035200349226170123,0.017625475036037175,0.02772855265895587,0.006004099751645076,-0.005122690519749055,0.003046048352018354
2026-08-05,1,74410.763796,0.0034314408349636945,0.0034314408349636694,0.0002717697517787559,-0.0028950077200206037,0.009130997513877243,0.0008428144243246754,-0.0004455055169298327,0.0030341319275688267
2026-08-06,1,74450.765359,0.0005375776387934567,0.0005375776387934774,0.0009586107237530395,-0.0028362394043897066,-0.014620429451244164,-0.0036419462208906865,0.005187442555502599,-0.0010079186958184343
2026-08-07,1,73887.98378,-0.007559110722521115,-0.00755911072252116,-0.00911449005912838,0.005785391079508706,0.011082546875517461,0.0007521749404493338,-0.0032743999010330085,-0.005036885761937486
2026-08-10,1,74086.842594,0.0026913552695052596,0.0026913552695053437,0.0014665622670098522,0.0,-0.0044684393815502,-0.0004736900130375369,0.0035033952918553995,-0.00033835000931251914
2026-08-11,1,73805.366615,-0.003799270823602374,-0.0037992708236023183,-0.0037283224691518234,-0.003953331404878968,0.004212141917234169,-0.001140553397080953,-0.0026587174265213648,0.0
2026-08-12,1,73652.811375,-0.0020669938687562363,-0.0020669938687561708,-0.0024279566240272546,0.0018695203713254838,0.006114037637373966,-0.00021678640367019596,-0.001511478709351271,-0.00033872875573470404
2026-08-13,1,73340.982288,-0.0042337703188280755,-0.004233770318828111,-0.003505635043557449,0.006756756756756799,0.013643095065781187,0.00020365821371988959,-0.005795149957347265,0.001357721424799265
2026-08-14,1,73619.436084,0.0037967012023645097,0.003796701202364422,0.003882697694281481,-0.002555910543130979,-0.006537479359039443,-0.0010498904922997517,0.004164844621742271,0.0006817470729219021
2026-08-17,1,73595.301144,-0.0003278338008980197,-0.0003278338008979489,-0.0012082127824225132,-0.005186157441495642,-0.0037419794650472467,-0.0016707544439815943,0.0013429206430836452,0.0
2026-08-18,1,73305.596584,-0.0039364545700561445,-0.003936454570056123,-0.0036651835566170717,-0.0066958537213495095,-0.008940007155860605,-0.0006658033765515703,-0.0008927819915346786,-0.0023778692019698735
2026-08-19,1,73273.353262,-0.00043984803276235897,-0.00043984803276241264,-0.0030315678104555735,0.001944516463572743,0.016815502514522625,0.0008321329181150569,-0.0022950951944615645,0.0010231142435840948
2026-08-20,1,73306.218682,0.0004485316776176897,0.0004485316776175947,0.0004990419032202051,-0.009116772274667007,-0.012400928982545998,-0.004640158868998092,0.003382749785954629,0.0017059407606610571
2026-08-21,1,73797.065659,0.00669584362925705,0.006695843629257013,0.004798660690765645,0.002901290911461629,0.0033767338750492412,0.003253475684434481,0.0031013327577748997,0.0003410351870476322
2026-08-24,1,73673.263222,-0.0016776065048991437,-0.0016776065048991463,-0.00227656517880561,-0.003087021511665733,0.00044903594853043017,0.0008265911314348221,-0.0018266639220431153,-0.0006775337142908535
2026-08-25,1,73410.801087,-0.003562515408640792,-0.003562515408640868,-0.0029741799947952956,0.0020844189682125425,0.008275994823995648,0.0008211934337381333,-0.0043837088423790025,0.0
2026-08-26,1,73217.685901,-0.002630609974454697,-0.0026306099744546688,-0.0019503587334473791,-0.00019502047715014292,-0.0145556750787301,-0.0008309403942893282,0.0036491198905843577,-0.005448789470749698
2026-08-27,1,73321.735495,0.0014210991831369554,0.0014210991831369074,0.0010015268141909605,0.002654752654752679,-0.0007391610065821837,-0.0007033819679798424,0.0021244811511167494,0.0
2026-08-28,1,73759.164271,0.0059658813832870125,0.005965881383287092,0.007663344585431799,-0.0015193146920963185,-0.023470167822366744,-0.00016366224720463585,0.007152432675520711,-0.0010228890450289826
2026-08-31,1,73770.303624,0.0001510233056436191,0.0005916465193285289,0.00041818325040039506,-0.0031721369845277847,-0.0025560924859155103,-0.0028742191169605375,0.0007136652554259002,0.0023115771671781775
2026-09-01,1,74295.950858,0.0071254584595850795,0.007393181364733898,0.0022862600408106275,-0.0075961694530108925,-0.02030839095105442,-2.033338520118221e-05,0.007176291922587954,-3.0500077801773314e-05
2026-09-02,1,74246.923724,-0.0006598897213402766,-0.0006598897213401862,0.000634282903532837,0.004120340091563035,0.010236964190297381,0.0,-0.0006598897213401862,0.0
2026-09-03,1,73920.338898,-0.004398631076519339,-0.004398631076519366,-0.0006556500089436543,0.010588388610151878,0.020658101548329567,0.0,-0.004398631076519366,0.0
2026-09-04,1,74261.914186,0.004620856629033468,0.004620856629033403,0.0034564819209907073,-0.0035807606696990346,-0.007476406024915481,0.0,0.004620856629033403,0.0
2026-09-08,1,74481.289519,0.0029540759244428877,0.0029540759244429168,-0.0010110213641108337,-0.004536322986196661,-0.00239534011985855,0.0,0.0029540759244429168,0.0
2026-09-09,1,74884.714827,0.005416465138074912,0.005416465138074948,0.0015546232321765456,-0.004849628954563201,-0.003281774353734541,0.0,0.005416465138074948,0.0
2026-09-10,1,76044.07021,0.0154818695081544,0.015481869508154415,0.013170659106457554,-0.006277381808670657,-0.03454240654710348,0.0,0.015481869508154415,0.0
2026-09-11,1,76571.079841,0.006930318558060815,0.006930318558060733,0.010830273081063834,0.007895256266859718,-0.002763331071749707,0.0,0.006930318558060733,0.0
2026-09-14,1,76729.00723,0.0020624939538006043,0.0020624939538005484,0.0036281173090895232,0.002069849196701279,-0.0033184275079188815,0.0,0.0020624939538005484,0.0
2026-09-15,1,76740.52503,0.00015011010840402587,0.0001501101084041008,-0.003814404924853213,-0.005471104704494856,-0.0005907539781804468,0.0,0.0001501101084041008,0.0
2026-09-16,1,77492.16206,0.009794525505887018,0.009794525505887018,0.0092453382050698,-0.005265582834199978,-0.015809436752787003,0.0,0.009794525505887018,0.0
2026-09-17,1,77297.677952,-0.002509726177442191,-0.002509726177442276,0.001482106505042085,0.010916308303010158,0.020144093894020176,0.0,-0.002509726177442276,0.0
2026-09-18,1,77398.234686,0.001300902393173746,0.0013009023931737369,0.0020640255588111906,0.0026646588974728047,-0.0020510130488399407,0.0,0.0013009023931737369,0.0
2026-09-21,1,77519.936923,0.0015724161895895358,0.001572416189589471,0.006231114071489838,0.014439264439264354,0.004756378541198355,0.0,0.001572416189589471,0.0
2026-09-22,1,77596.131393,0.0009829015951069223,0.0009829015951069746,0.0017952362865685284,0.00022349936143029048,-0.002226706208374819,0.0,0.0009829015951069746,0.0
2026-09-23,1,78784.698164,0.015317345719046985,0.015317345719047054,0.010683496021793056,-0.007343550446998748,-0.03764438673404455,0.0,0.015317345719047054,0.0
2026-09-24,1,78902.644908,0.0014970767965031978,0.001497076796503287,-0.0004252502566861732,-0.0009968166178976334,-0.005928591135740309,0.0,0.001497076796503287,0.0
2026-09-25,1,78545.615571,-0.004524934963599125,-0.00452493496359907,-0.001825083720132279,0.005767495811315859,0.007799752659138166,0.0,-0.00452493496359907,0.0
