date,strategy_net,strategy_gross,gld_bh,slv_bh
2011-04-25,0.0096299305814164793,0.0097299305814165012,-0.0048109499932240674,-0.02427081115605707
2011-04-26,0.017334123746821084,0.017334123746821094,-0.0033362837883843532,-0.039275583678812898
2011-04-27,-0.021479037576432419,-0.021479037576432394,0.019264926902582191,0.067454008630479123
2011-04-28,-0.00066380349844505511,-0.00066380349844520376,0.0041554959785523593,0.0055319148936170404
2011-04-29,0.012628924352272046,0.012628924352272161,0.017020424509411436,-0.0080406263224713781
2011-05-02,0.035859444888314752,0.035859444888314801,-0.012863424558640202,-0.086390784982935287
2011-05-03,0.021029508882229226,0.021029508882229077,-0.0035237018815238441,-0.052533271071678711
2011-05-04,0.016087891976849136,0.01608789197684922,-0.014344809180677931,-0.056924593395761391
2011-05-05,0.031108585118981489,0.03110858511898159,-0.028836390712786764,-0.11889208257120465
2011-05-06,0.0032358772067317674,0.0033115649477823369,0.012755279849445911,0.022538552787663146
2011-05-09,0,0,0.014315209910529925,0.072505800464037096
2011-05-10,0,0,0.0035282942054553068,0.01460248783126028
2011-05-11,0,-0,-0.0091954022988506301,-0.083422174840085295
2011-05-12,0,0,0.00034120376688973053,-0.031113695841814448
2011-05-13,0,0,-0.0065488778224981337,0.032112845138055235
2011-05-16,0,0,-0.0017853464258736906,-0.044780459435882491
2011-05-17,0,0,-0.0043337690032331233,0.0073059360730594047
2011-05-18,0,0,0.0059416885449770085,0.034451495920217345
2011-05-19,0,0,0.00034340659340670321,0.00087642418930755639
2011-05-20,0,0,0.012633024373498225,-0.0023350846468184194
2011-05-23,0,0,0.0023052410332904394,0.0026331187829140568
2011-05-24,0,0,0.0051410403842251373,0.043770061278085803
2011-05-25,0,0,-6.7299279897681252e-05,0.03214984623986572
2011-05-26,0,-0,-0.0024229371382421538,-0.011105092091007629
2011-05-27,0,0,0.0099851571987585874,0.014242673240208337
2011-05-31,0,0,-0.00040080160320643543,0.015392924655684537
2011-06-01,0,0,0.0018043303929431431,-0.049202127659574546
2011-06-02,0,0,-0.0027349743179240216,-0.012867132867132924
2011-06-03,0,0,0.0048160535117056646,0.0014168319637293258
2011-06-06,0,0,0.001730794834243099,0.010469722693831285
2011-06-07,0,0,-0.00039872408293462058,0.011481377765331757
2011-06-08,0,0,-0.0040553117936443783,-0.002491694352159346
2011-06-09,0,0,0.0050063413657299716,0.017762975298362571
2011-06-10,0,0,-0.0087672688629117923,-0.038723752386146781
2011-06-13,0,-0,-0.0098499061913696062,-0.039148936170212867
2011-06-14,0,0,0.0060905461189684207,0.023619722468261051
2011-06-15,0,0,0.0030268379632745201,0.0060571098932795664
2011-06-16,0,0,-0.0010059012875537343,-0.0065940366972477849
2011-06-17,0,0,0.0065113781298247186,0.0086580086580088089
2011-06-20,0,0,0.00060024009603854012,0.0040057224606580011
2011-06-21,0,0,0.004865693527960957,0.011969222000569824
2011-06-22,0,0,0.0015256036083843849,-0.00028161081385524867
2011-06-23,0,-0,-0.017550831180872972,-0.031830985915493049
2011-06-24,0,-0,-0.014021841714979222,-0.029386092522548646
2011-06-27,0,-0,-0.0036236838506769065,-0.021882494004796027
2011-06-28,0,0,0.0034996225897208078,0.011339258351210413
2011-06-29,0,0,0.0064277899343545553,0.030606060606060526
2011-06-30,0,0,-0.0080173936676178892,-0.0049985298441632686
2011-07-01,0,0,-0.0073287671232876717,-0.024822695035461084
2011-07-05,0,0,0.018629683295383836,0.049393939393939545
2011-07-06,0,0,0.0086703244597980955,0.01357204735778228
2011-07-07,0,0,0.0016117117722114216,0.01139601139601143
2011-07-08,0,0,0.0073751257123699787,0.0070422535211267512
2011-07-11,0,0,0.0089184692179700154,-0.023776223776223793
2011-07-12,0,0,0.0077841546276140594,0.0085959885386821533
2011-07-13,0,0,0.0089677292662171393,0.057670454545454275
2011-07-14,0,0,0.0025950434669781419,0.0048348106365834198
2011-07-15,0,0,0.0042707389672576035,0.022186581128040839
2011-07-18,0,0,0.0088273195876289456,0.032165271966527076
2011-07-19,0,-0,-0.012199016414383368,-0.036990119077780603
2011-07-20,0,0,0.0087934824776931819,0.029202841357537368
2011-07-21,0,-0,-0.0076272272785540274,-0.020705521472392463
2011-07-22,0,0,0.0083317186591744807,0.019838162359697264
2011-07-25,0,0,0.0078145016653856647,0.0061428205784490597
2011-07-26,0,0,0.0027329350451252843,0.014754515390485778
2011-07-27,0,0,-0.0036762375610066567,-0.018049636500376054
2011-07-28,0,0,0.00082702461988670706,-0.010467194281337799
2011-07-29,0,0,0.0061657767607423697,0.0023219814241486336
2011-08-01,0,0,-0.0036009855328826834,-0.014414414414414489
2011-08-02,0,0,0.024093329951813347,0.039958213632802275
2011-08-03,0,0,-0.0001857355126300142,0.018332496233048667
2011-08-04,0,0,-0.005263483807046998,-0.072503082614056691
2011-08-05,0,0,0.0069098605577690986,-0.0077107152353097508
2011-08-08,0,0,0.033199381761978453,0.017416934619506996
2011-08-09,0,0,0.0089157491622786633,-0.043455359494337653
2011-08-10,0.0076280402131593131,0.0077280402131594322,0.035407152600676062,0.05837004405286339
2011-08-11,0.0025292252551410654,0.0025292252551412132,-0.021938366364990358,-0.016649323621227952
2011-08-12,0.0064737197582099056,0.0064737197582097478,-0.0045680819912152781,0.0084656084656085095
2011-08-15,0.0020133991138775709,0.0020133991138778277,0.010766605871624479,0.014428121720881482
2011-08-16,-0.0013093081378728925,-0.001309308137872933,0.012339930151338718,0.0093095422808378014
2011-08-17,0.00251712775063327,0.0025171277506331443,0.0028748850045998697,0.0076863950807071202
2011-08-18,-0.0050551714279670427,-0.005055171427966936,0.01891984864121099,0.0083905415713194653
2011-08-19,0.020239470791792981,0.020239470791792818,0.012547828044114251,0.050932929904185631
2011-08-22,-0.00072692592852049661,-0.00072692592852050257,0.025784940261183831,0.022792706333973234
2011-08-23,-0.0064508454425721944,-0.0064508454425720695,-0.037488488000433473,-0.046915317851278449
2011-08-24,-0.0064301336117526938,-0.0064301336117526097,-0.033883041593966268,-0.044302239724341774
2011-08-25,0.013299372686763794,0.013299372686763745,0.0041363239149432296,0.030131341746072682
2011-08-26,-0.0090196367869484241,-0.0090196367869484883,0.029647249941981757,0.01024999999999987
2011-08-29,0.0011264015374245647,0.0011264015374246965,-0.020172423508198589,-0.017074981440237558
2011-08-30,-0.0058582633366314639,-0.0058582633366315506,0.029961469894761006,0.017119838872104776
2011-08-31,0.0045747918151647013,0.0045747918151647247,-0.0077051926298157269,0.0012376237623763497
2011-09-01,0.00048851409448787489,0.00048851409448790275,0.00084402430790020411,0.0017305315203954841
2011-09-02,0.0064556052374430441,0.0064556052374428949,0.030190588632147186,0.040967423494570498
2011-09-06,-0.013676411385011258,-0.013676411385011109,-0.0018554900676708286,-0.026789947842579487
2011-09-07,0.0097433255018186601,0.0097433255018186341,-0.031820667031164485,-0.012667478684530997
2011-09-08,-0.0043658762627607024,-0.0043658762627608351,0.026711091032301626,0.017024426350851218
2011-09-09,-0.0059970476692047057,-0.005997047669204697,-0.0061052747373632199,-0.016982047549732981
2011-09-12,-0.0066470568502886703,-0.006647056850288692,-0.022302158273381334,-0.034057255676209319
2011-09-13,0.0042906150388352044,0.0042906150388351862,0.01058470594894434,0.018650996423096533
2011-09-14,0.00024285753036668907,0.0002428575303667278,-0.0074493110787497985,-0.0067720090293452717
2011-09-15,-0.0026406300139636745,-0.0026406300139635843,-0.015856892951864987,-0.020454545454545503
2011-09-16,0.0032536416234996693,0.0032536416234997417,0.0093463302752292421,0.015467904098994678
2011-09-19,-0.0019748607024240527,-0.0019748607024240965,-0.015451911605976254,-0.018786494034018886
2011-09-20,-0.0046888824860350509,-0.0046888824860352122,0.014251918527494079,0.0046571798188874691
2011-09-21,0.0027146247533361189,0.0027146247533363027,-0.012458755262259591,-0.006953386556785901
2011-09-22,-0.035075358795060706,-0.035075358795060671,-0.02615358027536141,-0.094398340248962653
2011-09-23,-0.040163115263443711,-0.040163115263443697,-0.054717539189588882,-0.14146620847651781
2011-09-26,0.0038716036754661014,0.0038716036754660324,-0.013892365456821043,-0.0070046697798532565
2011-09-27,0.010492395729536049,0.010492395729535911,0.019355248127934876,0.047027208599261128
2011-09-28,-0.018890196262922741,-0.018890196262922661,-0.027454398306667516,-0.073788899582932332
2011-09-29,0.011020341633999278,0.011020341633999368,0.0094738189732428424,0.037755455490128265
2011-09-30,-0.015989399399337648,-0.015989399399337557,0.0022828154724161553,-0.035046728971962593
2011-10-03,-0.00070489148232203433,-0.00070489148232219306,0.018347462988738572,0.020062262193012659
2011-10-04,0.0046129863539709735,0.0046129863539708174,-0.020626242544731777,-0.013563919972872096
2011-10-05,0.0025151003840589506,0.0025151003840591466,0.01154529307282437,0.019594362323822612
2011-10-06,0.01884391872821253,0.018843918728212457,0.0064593001379655846,0.051921780175320231
2011-10-07,-0.0096351979415419137,-0.0096351979415418704,-0.0081625023365942129,-0.03108974358974359
2011-10-10,0.0020281216015839627,0.0020281216015838946,0.025694182686267109,0.03407211379424413
2011-10-11,0.0052905574817447643,0.0052905574817447712,-0.0071660439762357697,0.0038387715930900956
2011-10-12,0.0019491853787260757,0.001949185378726155,0.0071560764959901491,0.012428298279158811
2011-10-13,-0.0087386032107849669,-0.0087386032107849565,-0.0058801911062108525,-0.026125275417060112
2011-10-14,0.0022888049100972751,0.0022888049100972729,0.0067775723967959944,0.012928248222365823
2011-10-17,-0.0018507318944641408,-0.0018507318944640636,-0.0047735618115055667,-0.0095724313975750208
2011-10-18,0.0065069936484020213,0.0065069936484018912,-0.0047964580002459734,0.009342783505154717
2011-10-19,-0.0094723122873240865,-0.0094723122873240553,-0.012172516065249606,-0.035110118097669951
2011-10-20,-0.00063344896172473294,-0.00063344896172480309,-0.013135672734096437,-0.016539861065167027
2011-10-21,0.0052693717807759033,0.0052693717807760282,0.011092096089243775,0.025227043390514625
2011-10-24,0.00091527065217286035,0.00091527065217270563,0.0094032096288867439,0.012795275590551158
2011-10-25,0.008041737572807529,0.0080417375728075637,0.028381567507141936,0.05053449951409128
2011-10-26,-0.0045230894000074448,-0.0045230894000073954,0.010930611751917452,0.0021584952204749541
2011-10-27,0.015970644827199013,0.015970644827198899,0.012843488649940227,0.049230769230769189
2011-10-28,0.0021466398046487514,0.0021466398046487583,0.00041285756414022323,0.0049853372434018883
2011-10-31,-0.004642273565273948,-0.0046422735652737936,-0.01344181110718079,-0.024219433907207599
2011-11-01,-0.01554994911805282,-0.015549949118052873,0.00023903430142224735,-0.033193779904306164
2011-11-02,0.0078457306584945943,0.0078457306584946776,0.010037041462540364,0.028456541911537236
2011-11-03,-0.002898468053545399,-0.0028984680535454506,0.015734058913994931,0.011127819548872209
2011-11-04,-0.0032501966861116205,-0.0032501966861114939,-0.005066387141858919,-0.012492563950029623
2011-11-07,-0.00022119553355293175,-0.00022119553355307088,0.024173251390108286,0.026506024096385472
2011-11-08,0.0033059124074132813,0.0033059124074131425,-0.0082866613327237104,-0.0023474178403755097
2011-11-09,-0.0081981066142041963,-0.0081981066142041599,-0.0084135308015905741,-0.026470588235294024
2011-11-10,0.0034246330327857718,0.0034246330327859539,-0.0054047771255885113,0.0012084592145014117
2011-11-11,-0.00016360518252515118,-0.00016360518252531161,0.016477737524833502,0.018105009052504561
2011-11-14,-0.0034626830893551143,-0.0034626830893550349,-0.0043688204184870738,-0.012151748666271556
2011-11-15,0.0041850999928461606,0.0041850999928461328,0.0009237875288685693,0.0099009900990099098
2011-11-16,-0.0061926644360162063,-0.0061926644360161334,-0.010671435163821075,-0.024955436720142443
2011-11-17,-0.017376406070188227,-0.017376406070188147,-0.025712786426447365,-0.066422912858013383
2011-11-18,0.0093539399793575034,0.009353939979357519,0.003111909036505045,0.024804177545691752
2011-11-21,0.0036300497489003443,0.0036300497489002771,-0.024579405798830667,-0.020382165605095426
2011-11-22,0.010521043263183549,0.010521043263183608,0.011070336391437285,0.036736020806241942
2011-11-23,-0.01208369523543462,-0.012083695235434729,-0.0029036355937329672,-0.03010348071495772
2011-11-25,-0.0060002701997335104,-0.006000270199733454,-0.0086756051689620417,-0.023601681215648207
2011-11-28,0.0053122602800291831,0.005312260280029112,0.019767441860464974,0.035430463576158866
2011-11-29,-0.0042076475216243211,-0.0042076475216243445,0.001500330072615963,-0.0076750879437159636
2011-11-30,0.0038080722669880875,0.0038080722669880745,0.019475071907957719,0.031260070899129744
2011-12-01,-0.00045156978089557295,-0.00045156978089564722,-0.002938929054252637,-0.0043750000000000178
2011-12-02,-0.0035956396096737783,-0.0035956396096736478,0.0011200848906443017,-0.0065913370998117449
2011-12-05,-0.00083050496731047459,-0.00083050496731040368,-0.014721469791543984,-0.018957345971563955
2011-12-06,0.0099703416068550738,0.0099703416068550599,0.0051398517810183897,0.028341384863123986
2011-12-07,-0.0083216897378986382,-0.0083216897378988013,0.0072541324771078219,-0.010021922956467311
2011-12-08,-0.0024157296511399654,-0.0024157296511399221,-0.020188902007083898,-0.02878835811452074
2011-12-09,0.007754620011155804,0.0077546200111558274,0.0025304253524522924,0.020521172638436447
2011-12-12,0.0016622688667739386,0.0016622688667738629,-0.026502403846153877,-0.026811362910947989
2011-12-13,0.0013932166066346584,0.0013932166066347664,-0.021853200814865192,-0.021974417841915339
2011-12-14,-0.0077464428426669858,-0.0077464428426670742,-0.035089933733038814,-0.05868544600938963
2011-12-15,0.0038942875569952964,0.0038942875569953077,-0.0036627640787492144,0.0053437833986462735
2011-12-16,1.5206299673856002e-05,1.5206299673824841e-05,0.019037615702750532,0.022324592487597439
2011-12-19,-0.011602727425205253,-0.01160272742520521,-0.0023191393416219785,-0.030849220103986164
2011-12-20,0.0050949760128934521,0.0050949760128935389,0.013624330083295666,0.028969957081544928
2011-12-21,-0.0030069723185195676,-0.0030069723185196036,0.0011466428844439935,-0.0059089329162320681
2011-12-22,4.1833106394685302e-05,4.1833106394657154e-05,-0.0071264952914227297,-0.0083916083916084627
2011-12-23,-0.0019990368624668684,-0.0019990368624668124,0.0017303255575493726,-0.0028208744710859213
2011-12-27,-0.0015378248056018388,-0.0015378248056018063,-0.0089565606806986109,-0.014497878359264527
2011-12-28,-0.010982562192389142,-0.010982562192389276,-0.025046801368536542,-0.057409400789379283
2011-12-29,0.013902380102940873,0.013902380102940906,-0.0045686287492551214,0.030452988199467068
2011-12-30,-0.0070438876421484997,-0.0070438876421484173,0.010975123054409952,-0.0048023642408570044
2012-01-03,0.015089237112582735,0.015089237112582742,0.025856964273965222,0.070155902004454207
2012-01-04,-0.0087573859066637522,-0.0087573859066637661,0.005066700872242258,-0.015261879986125493
2012-01-05,-0.0016193922711866557,-0.0016193922711867418,0.0068278986663263819,0.0042268404367735712
2012-01-06,-0.0068642861827715755,-0.0068642861827715573,-0.0036760045633160709,-0.021045247281655577
2012-01-09,0.0054192231854226138,0.0054192231854226771,-0.0044529262086513421,0.0078824793980651897
2012-01-10,0.0066088379620360778,0.006608837962035945,0.01367412140575075,0.032705296836118114
2012-01-11,-0.0019208724683441659,-0.0019208724683439362,0.0064926878466968763,0.0030981067125646078
2012-01-12,0.00023114243627875893,0.00023114243627851385,0.0044466712594726232,0.0058339052848317419
2012-01-13,-0.0035646265851269395,-0.0035646265851267921,-0.0069834143908218405,-0.016717843739338045
2012-01-17,0.0014633147024249744,0.0014633147024250242,0.0077860102976265999,0.0128383067314366
2012-01-18,0.0032011674124655231,0.0032011674124653878,0.0068535825545170681,0.015758821514217036
2012-01-19,0.0024844842311517886,0.002484484231151917,-0.0023514851485147981,0.0030354131534569007
2012-01-20,0.018624314870403211,0.018624314870403166,0.0052722987222428852,0.049764626765299358
2012-01-23,-0.001717392222008418,-0.0016237138970553611,0.0067254889862404799,0.005445227418321652
2012-01-24,0,0,-0.0070482961510174302,-0.0098757566103855332
2012-01-25,0,0,0.027220541941855414,0.041505791505791478
2012-01-26,0,0,0.0051075591875977544,0.001853568118628468
2012-01-27,0,0,0.01016320918275837,0.016342892383595542
2012-01-30,0,0,-0.0055631177132035026,-0.013046116504854322
2012-01-31,0,0,0.0076176873177409288,-0.0076852136489394818
2012-02-01,0,0,0.0014765814186994408,0.015179677819083137
2012-02-02,0,0,0.0087874498702524839,0.018004272200182969
2012-02-03,0,-0,-0.019935691318328064,-0.020083932853717124
2012-02-06,0,0,-0.0027439751849199778,-0.00030590394616081262
2012-02-07,0,0,0.015073573393946438,0.017747858017135743
2012-02-08,0,0,-0.0070713022981732099,-0.0066145520144317294
2012-02-09,0,0,-0.0028486646884272604,-0.004237288135593209
2012-02-10,0,0,-0.0052374717295561313,-0.011854103343465039
2012-02-13,0,0,0.0022137130549240158,0.0073823438941864605
2012-02-14,0,0,-0.002328219210793292,-0.0064122137404580837
2012-02-15,0,0,0.0059238870272857458,-0.0027658266748615823
2012-02-16,0,0,-0.00065433347213139648,0.003697996918335722
2012-02-17,0,0,-0.0038690476190476053,-0.008903899293828621
2012-02-21,0,0,0.021930086644756486,0.034076827757125283
2012-02-22,0,0,0.011226757104432217,0.0017974835230676334
2012-02-23,0,0,0.00046258818087197007,0.028708133971291794
2012-02-24,0,0,-0.0045659461333951157,-0.00087209302325585991
2012-02-27,0,0,-0.0030772803808860605,-0.0002909514111142375
2012-02-28,0,0,0.010425160163075153,0.042782305005820698
2012-02-29,0.0083628544088460589,0.0084628544088459854,-0.053028993025534654,-0.063633826402456073
2012-03-01,-0.0056128923253551807,-0.0056128923253553247,0.014121370746850159,0.026527570789865784
2012-03-02,0.0086389796290360574,0.0086389796290362031,-0.0016205509873357116,-0.019744483159117254
2012-03-05,0.0080525216868088077,0.0080525216868088945,-0.0041481303354574672,-0.021623222748815119
2012-03-06,0.0055380309371785589,0.0055380309371784479,-0.017808632659221391,-0.030881017257039178
2012-03-07,-0.002798697696498138,-0.0027986976964980963,0.0057160417947141884,0.012496094970321669
2012-03-08,-0.0013165191424744484,-0.0013165191424744174,0.010083725478213124,0.013576056772601097
2012-03-09,-0.0019215211981913876,-0.0019215211981914956,0.0066553727008711316,0.011263318112633147
2012-03-12,0.0043280542251270598,0.004328054225127248,-0.007873542493088137,-0.017760385310054083
2012-03-13,-0.0027941827126957653,-0.0027941827126957463,-0.01678075967771242,-0.011339258351210635
2012-03-14,0.0057466880904604774,0.0057466880904602615,-0.016820702402957632,-0.030688158710477365
2012-03-15,0.00072999816857963011,0.00072999816857981183,0.0094629316287524468,0.0083146786056924604
2012-03-16,-0.00019272998358946835,-0.00019272998358948326,0.0013657809783957919,0.0019029495718363432
2012-03-19,-0.0044578141758933668,-0.0044578141758933876,0.0017978921264723002,0.012345679012345734
2012-03-20,0.0071496334945677373,0.007149633494567896,-0.0090352125750355894,-0.025953721075672398
2012-03-21,-0.00058478697608005425,-0.00058478697608015909,0.0004995940798102616,0.0019261637239165186
2012-03-22,0.0072446524191892006,0.0072446524191889907,-0.003994756881593009,-0.021467478372316662
2012-03-23,-0.00059011092875149642,-0.00050397602628226635,0.012283010590963261,0.022920759659462941
2012-03-26,0,0,0.017767597350337505,0.02240717029449435
2012-03-27,0,0,-0.0070559610705596132,-0.010958046336881688
2012-03-28,0,-0,-0.010597892673364528,-0.013928458372902908
2012-03-29,0,0,-0.0014240604296946735,0.0064205457463886173
2012-03-30,0,0,0.0052083333333332593,0.00095693779904304499
2012-04-02,0,0,0.005057981741919626,0.021351179094964978
2012-04-03,0,0,-0.018718546704308392,-0.012480499219968744
2012-04-04,0,-0,-0.016761523547438761,-0.041706161137440745
2012-04-05,0,0,0.0069970103682972518,0.01285855588526208
2012-04-09,0,0,0.0066957235803171145,-0.0042317708333332593
2012-04-10,0,0,0.010855242517412211,0.0065380843412878864
2012-04-11,0,0,-0.00018621973929233704,-0.0045469308216953275
2012-04-12,0,0,0.010119823679145767,0.025122349102773445
2012-04-13,0,-0,-0.011370620774431406,-0.027689369828134969
2012-04-16,0,0,-0.0024246192104444564,0.00032733224222569746
2012-04-17,0,0,-0.0011840957247911676,0.0078534031413612926
2012-04-18,0,0,-0.0059898920571536118,-0.0051948051948051965
2012-04-19,0,0,0.00075324838365453672,0.0052219321148825326
2012-04-20,0,0,0.00068995797528681457,-0.0016233766233766378
2012-04-23,0,0,-0.0029459696627804899,-0.025365853658536608
2012-04-24,0,0,0.001445904318853497,-0.0013346680013346379
2012-04-25,-0.0028722598444945557,-0.0027722598444946634,0.0020087884494663921,-0.0023387905111927898
2012-04-26,0.00091534543801146577,0.00091534543801167231,0.0088334795138453881,0.010716677829872845
2012-04-27,0.0020734133324160462,0.0020734133324159334,0.0021735080419797992,0.0062955599734924039
2012-04-30,-0.0059002801247457796,-0.005900280124745797,0.0030982773577890033,-0.0085610800131709075
2012-05-01,0.00092774539729814187,0.00092774539729803714,-0.0034593526068692482,-0.0016605778811026317
2012-05-02,-0.0023896128537329695,-0.002389612853732825,-0.0045251673692040528,-0.0093147039254822817
2012-05-03,-0.0031101986547965223,-0.0031101986547964668,-0.010087801232953497,-0.016453995970450053
2012-05-04,0.00043692062399160821,0.00043692062399160224,0.003145247530980777,0.004096961420279932
2012-05-07,-0.0021317177100117104,-0.0021317177100118444,-0.0024456010534895656,-0.0068004080244814524
2012-05-08,0.00032697776231333561,0.00032697776231346924,-0.019361327633894976,-0.019171516603902816
2012-05-09,0.00030035069083712824,0.00030035069083705294,-0.0098076923076922951,-0.0094240837696334401
2012-05-10,-0.0031430310906246008,-0.0031430310906245774,0.0019421246844049112,-0.004580690627202233
2012-05-11,0.00097437415071537341,0.00097437415071527974,-0.0078180525941720092,-0.0060176991150443504
2012-05-14,-0.0040635468346402002,-0.0040635468346401377,-0.014522010940348995,-0.023504273504273421
2012-05-15,-0.0044260515089052099,-0.0044260515089052446,-0.010506839357695141,-0.020423048869438465
2012-05-16,-0.007451986734460893,-0.0074519867344609416,-0.001869907840256424,-0.018242740134028268
2012-05-17,0.0041495745223176289,0.0041495745223176879,0.022347116285293733,0.032992036405005587
2012-05-18,0.0037750540670847326,0.0037750540670846463,0.011452879581151931,0.020190895741556636
2012-05-21,-0.0021939718742008214,-0.0021939718742007334,0.0006470397929472238,-0.0039582583663188009
2012-05-22,0.002448615362215118,0.0024486153622151076,-0.016618170061428961,-0.012283236994219626
2012-05-23,-0.0034647122243928867,-0.0034647122243928719,-0.0030247238295634249,-0.010607168983174819
2012-05-24,0.0073391085499940282,0.0073391085499939961,-0.0013850415512466352,0.014417744916820796
2012-05-25,-0.00099914118275910954,-0.00099914118275906813,0.0083878211478767284,0.0065597667638483959
2012-05-29,-0.0035273221688800326,-0.0035273221688799806,-0.010872412889703975,-0.018826937002172306
2012-05-30,-0.0025120226929298464,-0.0025120226929298325,0.0058932591709706106,0.00073800738007379074
2012-05-31,-0.0018013546690986105,-0.0018013546690987337,-0.0019090250806398368,-0.0058997050147492347
2012-06-01,-0.0076343539282154541,-0.0076343539282154238,0.038781163434903121,0.024480712166172092
2012-06-04,-0.0021753346173050492,-0.0021753346173049777,-0.0011428571428572232,-0.0057929036929761368
2012-06-05,0.0050787835669634093,0.0050787835669633477,-0.0011441647597254523,0.0094683175528040842
2012-06-06,0.013358148921112242,0.013358148921112178,0.00044546264477540731,0.02849927849927858
2012-06-07,-0.0035671915214377965,-0.0035671915214377167,-0.017238089180077631,-0.025254296737986737
2012-06-08,-0.0014179919368463038,-0.0014179919368462381,0.0014886731391585695,-0.0014393666786614023
2012-06-11,-0.0013389063180825531,-0.0013389063180826565,0.0040716086085441638,0.0014414414414414267
2012-06-12,0.0021017685128582641,0.0021017685128581903,0.0070803295571575386,0.011874775098956514
2012-06-13,-0.0039902033768925279,-0.0039902033768924672,0.0042183305637222279,-0.0039118065433855209
2012-06-14,-0.0052783749634191489,-0.0052783749634191862,0.0040096741344195497,-0.0067832916815423472
2012-06-15,-0.00046319720270845131,-0.00046319720270825707,0.00057052297939774732,-0.00035945363048173196
2012-06-18,0.00074114821208512004,0.00074114821208484595,0.00057019766852506315,0.0021574973031284195
2012-06-19,-0.0014642492111012701,-0.0014642492111012627,-0.0048755777876274831,-0.0082526013634732776
2012-06-20,-0.0026889332592824828,-0.0026889332592822707,-0.007571901247136692,-0.013748191027496359
2012-06-21,-0.0068542712246401193,-0.0068542712246401453,-0.025325383086490905,-0.041819515774027871
2012-06-22,-0.0015061386432998626,-0.0015061386432998921,0.0040784107354294719,0.0011485451761101828
2012-06-25,0.0060823807798863301,0.0060823807798863899,0.0073375262054506951,0.021414913957935156
2012-06-26,-0.0033844419797593285,-0.0033844419797593936,-0.0074141519250779941,-0.015350056158742076
2012-06-27,-0.0036381941312583306,-0.0036381941312582803,0.0013759664526273863,-0.0064638783269962419
2012-06-28,-0.0028786395971551857,-0.0028786395971551713,-0.011646927959170328,-0.019135093761959432
2012-06-29,0.0042163938886832413,0.0042163938886831346,0.027408142999006957,0.039797112758486186
2012-07-02,0.0017199202811972829,0.0017199202811972877,-0.00064437141568396417,0.0030018761726080534
2012-07-03,0.0054592027038022403,0.00545920270380234,0.015281449480946563,0.028432472876917192
2012-07-05,-0.0047553201875712827,-0.0047553201875714856,-0.011304458275117502,-0.022189887231720551
2012-07-06,-0.0036364802310289226,-0.0036364802310288346,-0.01265416238437822,-0.021577380952380931
2012-07-09,0.0031008208979434633,0.0031008208979435197,0.0021469000065057475,0.0091254752851710474
2012-07-10,-0.0021625314277573535,-0.00216253142775737,-0.012269540379122201,-0.018085908063300682
2012-07-11,0.00055693653514942191,0.00055693653514938819,0.0055208675649029981,0.0072908672294704768
2012-07-12,0.0030495958296928318,0.0030495958296928032,-0.0026145499705862996,0.0038095238095239292
2012-07-13,-0.0034970906618111836,-0.0034970906618110066,0.010157939576643127,0.0034155597722960174
2012-07-16,0.00064124577167517258,0.00064124577167504139,0.00045413260672133582,0.0018910741301056966
2012-07-17,0.0020739745699978221,0.0020739745699978967,-0.004798651189935832,-0.00075500188750465824
2012-07-18,0.00050363745126992521,0.00050363745126998246,-0.0027366912100084129,-0.0018889308651302006
2012-07-19,-0.0010772807803470234,-0.0010772807803471503,0.0021561581182618639,0
2012-07-20,9.464150516818806e-05,9.4641505168044417e-05,0.0018907289085929868,0.0022710068130202821
2012-07-23,-0.0025988659831357227,-0.0025988659831356281,-0.0041647686601157252,-0.010196374622356452
2012-07-24,-0.0014311808666648347,-0.0014311808666648022,0.0032019865385872759,0.00038153376573824005
2012-07-25,-0.0016471473169661897,-0.0016471473169660711,0.014004689942678228,0.011823035850495822
2012-07-26,-0.00047033834494738299,-0.00047033834494753646,0.0070662298451855676,0.0067847719562759146
2012-07-27,0.0018379182082603083,0.0018379182082603521,0.004911654015436584,0.009359790340696339
2012-07-30,0.0073394985821546481,0.0073394985821547774,-0.00069823536879509707,0.014836795252225476
2012-07-31,-0.0010941414355819024,-0.00109414143558183,-0.005970907705011741,-0.0087719298245613198
2012-08-01,-0.0056530810165618872,-0.0056530810165620025,-0.008626749313055293,-0.021386430678466128
2012-08-02,-0.00069759796173863328,-0.0006975979617387108,-0.0065102488075285958,-0.008666164280331623
2012-08-03,0.0066808449114950036,0.0066808449114951034,0.009213002011289273,0.024705435195743197
2012-08-06,0.00015454969657002098,0.00015454969657001283,0.0048216007714561027,0.0055637982195844149
2012-08-07,0.0028380589283476983,0.002838058928347733,-0.00012795905310303279,0.0059018812246403041
2012-08-08,-0.0016870415444446385,-0.0016870415444447343,0.0012797542871767487,-0.0022002200220021528
2012-08-09,-0.00027587422823610109,-0.00027587422823607832,0.0032592024539879194,0.0029400955531053707
2012-08-10,-0.0011383277898319702,-0.0011383277898319906,0.0012102681699470708,-0.0010993037742762501
2012-08-13,-0.0020134202100587674,-0.0020134202100588468,-0.0075709377783432785,-0.01247248716067495
2012-08-14,0.0035048460744428727,0.0035048460744430336,-0.0055131739214052677,0.0014858841010401136
2012-08-15,-0.0014549481953262916,-0.0014549481953263677,0.0032231032037646212,0.00037091988130555364
2012-08-16,0.003901254004687436,0.0039012540046874673,0.0059757116237229013,0.014831294030404285
2012-08-17,-0.00068642553935889072,-0.00058804609096428228,0.0010219724067450642,-0.0051150895140664732
2012-08-20,0,0,0.0034456355283307705,0.026441424899008359
2012-08-21,0,0,0.0099834668701515028,0.015026833631484937
2012-08-22,0,0,0.01076622804256111,0.019386676066267317
2012-08-23,0.0029025585616349178,0.0030025585616348044,0.0084091192226236622,0.023513139695712226
2012-08-24,-0.0021037737470646829,-0.0021037737470647063,0.00049416270307012233,0.0047297297297297369
2012-08-27,-0.0018881012610916933,-0.0018881012610915797,-0.0037661295301598674,0
2012-08-28,-0.0023349353634397147,-0.0023349353634398795,0.0017352503718393031,0.00638870208473441
2012-08-29,-0.00022202428921587087,-0.0002220242892156379,-0.0064959168522641386,-0.0060140327430671103
2012-08-30,0.0050221073821761523,0.0050221073821759537,-0.00043589264586829657,-0.010420168067226898
2012-08-31,-0.01125819722598438,-0.011258197225984298,0.023050087216546222,0.045855978260869401
2012-09-04,-0.0088818996055553701,-0.0088818996055555106,0.0015832419924490804,0.018512504059759571
2012-09-05,0.0010079147026825172,0.0010079147026825484,-0.0010335603112839875,-0.0028698979591836871
2012-09-06,-0.005028742176776695,-0.0050287421767764625,0.0035299129693870945,0.012791813239526828
2012-09-07,-0.005462429704075805,-0.0054624297040757825,0.0215295045181636,0.030628354910009481
2012-09-10,0.0023990652218072134,0.002399065221807147,-0.0068273569223462616,-0.010723039215686292
2012-09-11,-0.00013474357665528924,-0.00013474357665540924,0.0036463626038616415,0.003716320842366061
2012-09-12,0.0035209408291595697,0.0035209408291598117,0.00011911852293011727,-0.0061709348966366706
2012-09-13,-0.013374985631498002,-0.013374985631498066,0.02018818484992857,0.04346476249611908
2012-09-14,0.0017482531197662654,0.001748253119766025,0.0028603117156034141,-0.00029753049687586408
2012-09-17,0.006143452054521905,0.0061434520545221097,-0.0081490104772992122,-0.01815476190476184
2012-09-18,-0.0082663475402010057,-0.0082663475402012503,0.0077464788732393153,0.021824795392543228
2012-09-19,0.0025096520162795847,0.0025096520162796124,0.00011646866992776062,-0.0041530703055473461
2012-09-20,-0.0010395515954344562,-0.0010395515954343369,-0.0015721439385117941,0.00029788501638372544
2012-09-21,0.0033161760771442364,0.0033161760771439975,0.0028576427363387058,-0.0029779630732579276
2012-09-24,0.0066512921735312853,0.0066512921735314328,-0.0052919283554314633,-0.016427718040621153
2012-09-25,0.0034278323966717809,0.0034278323966717996,-0.0016369482607424546,-0.0075918615244457976
2012-09-26,-0.0063089079111631544,-0.0063089079111632055,-0.0056215962991158497,0.0058139534883721034
2012-09-27,-0.0042367765757496669,-0.0042367765757494276,0.014899004770037028,0.02160024338302402
2012-09-28,0.00029961657653201413,0.000299616576531724,-0.0026111175583151125,-0.0029779630732579276
2012-10-01,-0.0016446021431551063,-0.0016446021431548996,0.0023852463784981293,0.0050776583034648493
2012-10-02,0.0019717388917352991,0.0019717388917353871,-0.0011607661056297625,-0.0044576523031203408
2012-10-03,0.00081733956983580608,0.00081733956983546217,0.0018012783265544119,0.00029850746268644812
2012-10-04,-0.0034609085667712276,-0.003460908566770793,0.0069601531233687286,0.012533572068039511
2012-10-05,0.0051918353521216206,0.0051918353521215443,-0.0057024364955936546,-0.014146772767462346
2012-10-08,0.0065044912007924992,0.0065044912007922199,-0.0033020507473061622,-0.014349775784753493
2012-10-09,-0.0009470606392440609,-0.00094706063924398782,-0.0061609997093867719,-0.0042462845010615702
2012-10-10,-0.0025448421110651669,-0.0025448421110652059,-0.00087724428329150062,0.0036551934206519032
2012-10-11,0.002390582563805969,0.0023905825638059642,0.002809646452821335,-0.0015174506828529166
2012-10-12,0.003763498414867355,0.0037634984148675163,-0.0073546579500349818,-0.013677811550151797
2012-10-15,0.0081686922682578482,0.0081686922682578812,-0.010055274608961606,-0.024345146379044724
2012-10-16,-0.0012471337789128213,-0.0012471337789128228,0.0063558063558062372,0.0085281111813013677
2012-10-17,-0.0028652853062185106,-0.002865285306218606,0.00070829890213675029,0.0059505167554023686
2012-10-18,0.0043129019812365825,0.0043129019812366224,-0.0044237348118437714,-0.012141967621419614
2012-10-19,0.0052005176211061804,0.0052005176211061621,-0.01078262930268381,-0.020170185943901742
2012-10-22,-0.0031831514484905511,-0.0031831514484908226,0.0036533509013596532,0.0096494049533613069
2012-10-23,0.0053482603464479741,0.0053482603464481198,-0.012829693280821175,-0.022618668365721573
2012-10-24,-0.0020593476005479451,-0.0019555752980445792,-0.0034455661004654248,0.00097783572359855242
2012-10-25,0,0,0.0070362732015043505,0.013350700097688017
2012-10-26,0,0,-0.00054210336104087986,-0.0012853470437018677
2012-10-31,0,0,0.0054239739649251106,0.0061132561132561936
2012-11-01,0,0,-0.0045555355751364379,-0.001598976654940909
2012-11-02,0,-0,-0.020894803396158235,-0.040679051889814244
2012-11-05,0,0,0.0038745387453873459,0.0073455759599332371
2012-11-06,0,0,0.018807817190467535,0.027842227378190199
2012-11-07,0,0,0.0011425135297655764,-0.0058045791680104708
2012-11-08,0,0,0.0090095501231304276,0.017839766461239082
2012-11-09,0,0,-0.0010119649979166701,0.0050987890376035239
2012-11-12,0,0,-0.0022047431772137527,-0.005389980976537645
2012-11-13,0,0,-0.0020901761719915868,0.00095632770162557001
2012-11-14,0,0,0.00023937761819259329,0.0076433121019108263
2012-11-15,0,0,-0.0062821586693788678,-0.0034766118836915272
2012-11-16,0,0,-0.0012643747365886915,-0.010149064383127238
2012-11-19,0,0,0.011996624065589545,0.026914450496635656
2012-11-20,0,0,-0.0028593554536249233,0.0018720748829954559
2012-11-21,0,0,0.0010155923292909375,0.0056057303020866645
2012-11-23,0,0,0.012234423490093072,0.021368844843604684
2012-11-26,0,0,-0.0010612581805318211,0.0012128562765314488
2012-11-27,0,-0,-0.0042495425839579326,-0.0027256208358571454
2012-11-28,0,0,-0.012803034793432477,-0.0094139082903128557
2012-11-29,0,0,0.0037826478534974672,0.015634580012262589
2012-11-30,0,-0,-0.0067591817203014326,-0.023241774826441408
2012-12-03,0,0,0.00048178259560360814,0.0049443757725589066
2012-12-04,0,0,-0.010293143923433501,-0.019065190651906705
2012-12-05,0,0,-0.0018245955479867515,-0.0025078369905955356
2012-12-06,0,0,0.0023153789909822198,0.0034569453174104758
2012-12-07,0,0,0.0040729483282673229,0.0031318509238960068
2012-12-10,0,0,0.0038142519828057164,0.0034342803621605356
2012-12-11,0,0,-0.00090470446320867204,-0.0071561916614810706
2012-12-12,0,0,0.0007244189556294689,0.014415543716703061
2012-12-13,0,0,-0.0084454364480908151,-0.025949953660796887
2012-12-14,0,-0,-0.0014601204599380413,-0.011417697431018059
2012-12-17,0,0,0.0018887467251569312,0.00096246390760335032
2012-12-18,0,0,-0.014351739236195482,-0.017628205128205177
2012-12-19,0,0,-0.0024062191510366704,-0.017618270799347413
2012-12-20,0,-0,-0.012121961778712387,-0.036864828960478269
2012-12-21,-0.0011777679774107447,-0.0010777679774109418,0.003756338821761851,0
2012-12-24,-0.0019451155957769541,-0.0019451155957769248,0.0018087694130854981,-0.002068965517241339
2012-12-26,0.0007097982158921686,0.00070979821589209281,0.00099613995766412167,0.0024187975120939509
2012-12-27,0.0027875126008405468,0.0027875126008408487,0.0023634780445329628,0.0079283005860046885
2012-12-28,-0.00047643535229824411,-0.00047643535229856341,-0.003847108463638671,-0.0047879616963063532
2012-12-31,2.97873530664964e-05,2.9787353066690045e-05,0.0092188862588764575,0.0092783505154638846
2013-01-02,0.0058952470242788378,0.0058952470242787805,0.0070978891494875018,0.018726591760299671
2013-01-03,-0.0065704374497180676,-0.0065704374497181205,-0.012073297787583481,-0.024732620320855658
2013-01-04,0.0034159374637832214,0.0034159374637832635,-0.0047146401985110886,0.0020562028786839104
2013-01-07,0.0021186991084944408,0.0021186991084944707,-0.0062951882323609709,-0.0020519835841312783
2013-01-08,-8.2986657200603286e-05,-8.298665720056935e-05,0.0070877501097659223,0.0068540095956133307
2013-01-09,-0.00029739443041953409,-0.00029739443041957301,-0.00043597409068252269,-0.0010211027910141945
2013-01-10,0.0027479884789462236,0.0027479884789461131,0.0092840675431489217,0.014650766609880739
2013-01-11,-0.0022832697810949666,-0.0022832697810948573,-0.005679713544882059,-0.010073875083948969
2013-01-14,0.0081242992307505556,0.0081242992307504203,0.002980255805289822,0.018995929443690551
2013-01-15,0.0023019706622859431,0.0023019706622861157,0.0063142255788040114,0.010652463382157196
2013-01-16,0.0012525770547181579,0.0012525770547180154,0.00055364173228356073,0.0029644268774704496
2013-01-17,0.0015808416107571696,0.001580841610757144,0.0043037196434059233,0.0072249589490969157
2013-01-18,0.0031719870861758033,0.0031719870861759906,-0.0015916743189470228,0.0045647212259536385
2013-01-22,-0.00011397570470933393,-1.1725050170614491e-05,0.0035563185970934885,0.01006166828951649
2013-01-23,0,0,-0.0028105333903585272,0.0022493573264781297
2013-01-24,0,-0,-0.010967465228846396,-0.017313241423533299
2013-01-25,0,0,-0.004770164787510689,-0.014355628058727476
2013-01-28,0,0,-0.0022408963585435204,-0.011916583912611745
2013-01-29,0,0,0.0043670846590555534,0.015745393634840843
2013-01-30,0,0,0.007453879122926832,0.019788918205804862
2013-01-31,0,-0,-0.0061039521548801323,-0.015523932729624823
2013-02-01,0,0,0.0015508684863523303,0.011169513797634645
2013-02-04,0,0,0.0034066274388355744,-0.0029239766081871066
2013-02-05,0,0,-0.00024691358024686583,0.0022808732486152561
2013-02-06,0,0,0.0026549765374164203,0.0016254876462937773
2013-02-07,0,0,-0.0033869080608410762,-0.011359948068808801
2013-02-08,0,0,-0.001668314384577374,-0.00098489822718317299
2013-02-11,0,-0,-0.011573930803985943,-0.014130791981597057
2013-02-12,0,0,0.0011897307451471661,0.0029999999999998916
2013-02-13,0,-0,-0.0052536118581523183,-0.010634762379528095
2013-02-14,0,0,-0.0044011317195851163,-0.010413167618407715
2013-02-15,0,-0,-0.016356173034417498,-0.021384928716904339
2013-02-19,0,0,-0.0027606574216741953,-0.013180714533472027
2013-02-20,0,-0,-0.02504345586815182,-0.030228471001757407
2013-02-21,0,0,0.0077918647649235506,0.0050743022834360829
2013-02-22,0,0,0.0022932774210457918,0.0036062026685899085
2013-02-25,0,0,0.0089560044453160792,0.0086237872799137527
2013-02-26,0,0,0.012180899313204652,0.01211257570359825
2013-02-27,0,-0,-0.010562027909358673,-0.014079549454417362
2013-02-28,0,-0,-0.010157210325418831,-0.016779721528025759
2013-03-01,0,0,-0.0036601307189542132,0.0029048656499637282
2013-03-04,0,0,-0.00091839412227756601,-0.00072411296162200323
2013-03-05,0,0,0.00052527905449761825,0.0054347826086955653
2013-03-06,0,0,0.005578159863499188,0.012612612612612706
2013-03-07,0,-0,-0.0035241140768778045,-0.0067615658362989439
2013-03-08,0,0,0.00013098434737046638,0.0035829451809388235
2013-03-11,0,0,0.0018335406980551916,0.00035701535166010601
2013-03-12,0,0,0.0078436499117588987,0.0064239828693790635
2013-03-13,0,0,-0.0034373175951747381,-0.0092198581560283266
2013-03-14,0,0,0.00013015749056366488,-0.0050107372942018724
2013-03-15,0,0,0.0020822488287350893,0
2013-03-18,0,0,0.0089610389610388363,0.0053956834532373765
2013-03-19,0,0,0.0045050843094349702,-0.00071556350626111875
2013-03-20,0,-0,-0.0045489492567913903,-0.0042964554242750363
2013-03-21,0,0,0.0056638990796162858,0.013304566702625031
2013-03-22,0,0,-0.0044799999999999285,-0.015259048970901357
2013-03-25,0,0,-0.0019929283188685476,0.0032432432432432101
2013-03-26,0,0,-0.0033496521515073985,-0.0032327586206896131
2013-03-27,0,0,0.0041365046535677408,-0.00072072072072071336
2013-03-28,0,-0,-0.0057286302780639176,-0.010818608005769947
2013-04-01,0,0,0.001294749789602978,-0.01239518775063797
2013-04-02,-0.0035729230754523562,-0.0034729230754523928,-0.01448244649899777,-0.027316352897748142
2013-04-03,0.00067665837072593315,0.00067665837072597239,-0.011152660237486178,-0.0098671726755218403
2013-04-04,-0.00044038598149490678,-0.00044038598149481414,-0.0029191269156769728,-0.0038328861632810352
2013-04-05,-0.0007281927993285709,-0.00072819279932852081,0.016767582673497872,0.015390534821085211
2013-04-08,0.00081291672723415409,0.00081291672723390516,-0.004253648321444925,-0.0026525198938992522
2013-04-09,0.009497788630841511,0.0094977886308415787,0.0077549947423765087,0.026975683890577473
2013-04-10,0.0018807870107130427,0.0018807870107129014,-0.016890569975218539,-0.012948575656677841
2013-04-11,-0.00059972029122216974,-0.0005997202912220984,0.0019900497512439497,0.00074962518740617767
2013-04-12,-0.0034269720779603382,-0.0034269720779602922,-0.047004303210857468,-0.053183520599250911
2013-04-15,-0.018492141627940113,-0.018492141627939992,-0.08780826675929132,-0.12618670886075956
2013-04-16,0.0061040057882517573,0.0061040057882516211,0.011347193663848953,0.026256224535989192
2013-04-17,-0.0045827902643427515,-0.0045827902643426508,0.00052710843373482419,-0.010145566828407615
2013-04-18,-0.0054925876724466549,-0.0054925876724467148,0.010762399337698625,-0.0017825311942960553
2013-04-19,-0.0038931816825661832,-0.0038931816825662248,0.0087118391660461203,0
2013-04-22,-0.003895762757033047,-0.003895762757033132,0.017937550749243414,0.0098214285714286476
2013-04-23,-0.0050557323816424549,-0.0050557323816424011,-0.0073966642494561752,-0.01945181255526085
2013-04-24,-0.00037524511764353008,-0.00037524511764350016,0.010885447106955048,0.010820559062218349
2013-04-25,0.0097331995864571169,0.0097331995864571967,0.02356002023560011,0.047725245316681431
2013-04-26,-0.0050769964131393702,-0.0050769964131393286,-0.0050836687142554737,-0.016602809706257826
2013-04-29,0.0038181445126047819,0.0038181445126046769,0.009864452487403419,0.01904761904761898
2013-04-30,-0.0031081168144424143,-0.0031081168144423844,0.0033028812368236515,-0.0033984706881902138
2013-05-01,-0.0059926611036828573,-0.0059926611036827645,-0.011627092526441118,-0.025575447570332588
2013-05-02,0.00036818475833174963,0.00036818475833160007,0.0057402026787609639,0.0069991251093612927
2013-05-03,0.0046582107091706097,0.0046582107091707112,0.0011978579481399798,0.011728931364031192
2013-05-06,-0.0023229675258758489,-0.0023229675258758693,0.00042226757688790251,-0.0047230571060540294
2013-05-07,0.0044099476070675022,0.0044099476070672949,-0.012451635596201216,-0.003451251078515849
2013-05-08,-0.0065840236516670845,-0.0065840236516669344,0.014816925487961319,0.0008658008658009031
2013-05-09,0.0011088411773638386,0.0011088411773638911,-0.01158219851186304,-0.0099480968858132179
2013-05-10,0.0058181476135870424,0.005818147613586881,-0.0085931396917833247,0.0039318479685452878
2013-05-13,0.0010327341366414466,0.0010327341366414839,-0.0083810888252148219,-0.0065274151436032213
2013-05-14,-0.0029229232003615251,-0.0029229232003614865,-0.0044787979484216534,-0.011388523872097989
2013-05-15,-0.0049431429884595765,-0.0049431429884597162,-0.023075248530585624,-0.035888347363757123
2013-05-16,0.005502003913260738,0.0055020039132610797,-0.0040109930921784498,0.0087316176470586537
2013-05-17,-0.0004677367939806519,-0.00046773679398077843,-0.022522186591095616,-0.025056947608200542
2013-05-20,0.0033727938260580286,0.0033727938260579167,0.030899519340810366,0.041121495327102853
2013-05-21,-0.0051881729927931138,-0.0051881729927930678,-0.01657785671995271,-0.029622980251346465
2013-05-22,0.0010357827185934721,0.0010357827185933849,-0.0070740517760384813,-0.005087881591119281
2013-05-23,-0.0018287358240859607,-0.0018287358240858635,0.020236471123237898,0.017201301720130013
2013-05-24,-0.0023584755208131826,-0.0023584755208130781,-0.0063145382958177398,-0.012340036563071255
2013-05-28,-0.00063925728932686906,-0.00063925728932696588,-0.0020185406698562947,-0.0037019898195279621
2013-05-29,-0.0010325929751808982,-0.001032592975180942,0.010038205108996889,0.0083604273107291682
2013-05-30,-0.0010775682002931515,-0.0010775682002931611,0.01386931691759985,0.012436665131275948
2013-05-31,-0.0010889326882359525,-0.0010889326882358636,-0.020336503291880081,-0.024567788898999021
2013-06-03,0.0017333356335246341,0.0017333356335246068,0.019339904420549558,0.025186567164179108
2013-06-04,0.00024894089066575758,0.00024894089066576983,-0.0093766024467072384,-0.0095541401273885329
2013-06-05,-0.0007857226247233993,-0.00078572262472344017,0.002144494564815691,0.00045934772622890918
2013-06-06,-0.00050154961255750375,-0.00050154961255742872,0.0074527744982288979,0.0068870523415978102
2013-06-07,-0.0097991268610647039,-0.0097991268610647837,-0.023804292096974988,-0.048791609667122704
2013-06-10,0.0036328783116168005,0.0036328783116169124,0.0049519807923168457,0.014381591562799612
2013-06-11,-0.0025398643907386005,-0.002539864390738617,-0.0051515604001791671,-0.011814744801512234
2013-06-12,-0.0012562748383155994,-0.0012562748383154842,0.0075046904315196894,0.0052606408417024131
2013-06-13,0.0021352929637396328,0.0021352929637395777,-0.0037988826815641419,0.00095147478591806056
2013-06-14,0.0033275997502233081,0.0033275997502232122,0.0051592642440556613,0.013783269961977096
2013-06-17,-0.0022471695959062742,-0.0022471695959063709,-0.0049096183887524791,-0.010782934833567626
2013-06-18,0.0012814493408062327,0.0012814493408064016,-0.012259848994543021,-0.010426540284360297
2013-06-19,-0.00023285274378685142,-0.00023285274378696472,-0.011655188072352884,-0.013409961685823646
2013-06-20,-0.0080759300438064101,-0.008075930043806287,-0.053526303698598787,-0.079126213592233152
2013-06-21,0.0033022406203263074,0.0033022406203261855,0.011731391585760642,0.022140221402214166
2013-06-24,-0.0044196363887038913,-0.004419636388703946,-0.0089564174330266644,-0.021660649819494671
2013-06-25,0.00039606900837565193,0.00039606900837565822,-0.0037117727749537144,-0.003162888771744754
2013-06-26,-0.0022977617758025109,-0.0022977617758024823,-0.042034502308253008,-0.053939714436805897
2013-06-27,0.008051256471780786,0.0080512564717807548,-0.019783564423402122,0
2013-06-28,0.010355807948738568,0.010355807948738568,0.027341728480248406,0.060368921185019575
2013-07-01,-0.0076002981587210399,-0.0076002981587209107,0.016959113424565464,-0.0021085925144965767
2013-07-02,-0.0012122609098778555,-0.0012122609098779839,-0.0089160406175183837,-0.013206550449022747
2013-07-03,0.0043050183918783421,0.0043050183918784618,0.0057476051645146686,0.018201284796573791
2013-07-05,-0.0067975122099030545,-0.0067975122099029851,-0.021947987410965597,-0.04258675078864349
2013-07-08,-0.00073005480518772449,-0.00073005480518780223,0.012024726903209437,0.011532125205930832
2013-07-09,-0.00084913024700513794,-0.00084913024700510606,0.0092879256965943124,0.0081433224755700362
2013-07-10,-0.0028986652448410363,-0.002898665244841054,0.0027358646990549573,-0.0048465266558965769
2013-07-11,0.0086214131688062742,0.0086214131688062152,0.027201322860686217,0.054653679653679621
2013-07-12,-0.0050990415041908873,-0.0050990415041908413,-0.00088538312942687547,-0.014366341713699216
2013-07-15,0.0012043366133436626,0.0012043366133435616,0.00040280351244681434,0.0036439354502864063
2013-07-16,-0.0014442910465593025,-0.0014442910465591963,0.0057175068449024646,0.0025933609958503911
2013-07-17,-0.0077960744272200701,-0.0077960744272200832,-0.01257106253503093,-0.034661148473874692
2013-07-18,-0.0011907136322152705,-0.0011907136322151946,0.0055951994810250483,0.003215434083601254
2013-07-19,-0.00062444143005022437,-0.00062444143005031848,0.0088702523990000781,0.0085470085470085166
2013-07-22,0.0047758152989295366,0.0047758152989294525,0.029813763887778677,0.0471398305084747
2013-07-23,-0.0029909502015366611,-0.0029909502015367192,0.0067525613163614828,0
2013-07-24,0.0017470599251537169,0.0017470599251537757,-0.017192197980109514,-0.015174506828528056
2013-07-25,-0.0035029830461602517,-0.0035029830461601398,0.0093347976153119738,0.0015408320493066618
2013-07-26,-0.0039517021086511858,-0.0039517021086511988,0.0008549001321209726,-0.0092307692307692646
2013-07-29,-0.0025108291910954489,-0.0025108291910954307,-0.002407206087901903,-0.0093167701863353658
2013-07-30,-0.00098005320501551437,-0.0009800532050155302,-0.0027243714485871706,-0.0057471264367815467
2013-07-31,0.0027558749674201975,0.0027558749674200453,-0.0012488292226039421,0.0057803468208093012
2013-08-01,0.0012960467566468521,0.0012960467566468681,-0.010550171928727647,-0.0088819226750261882
2013-08-02,0.0038531160679168329,0.0038531160679168737,-0.001974567569702268,0.0079072219293623291
2013-08-05,9.7052940618516228e-05,9.7052940618511159e-05,-0.0052231718898385626,-0.0057531380753137462
2013-08-06,0.0024028732664827628,0.0024028732664828395,-0.013762927605409758,-0.0094687006838507504
2013-08-07,-0.00061994643895583958,-0.00061994643895575978,0.0014519641848835807,0
2013-08-08,0.0059043046137317399,0.0059043046137316636,0.021828433346757992,0.040892193308550429
2013-08-09,0.0031489365737068296,0.0031489365737068782,0,0.0081632653061225469
2013-08-12,0.0091196721408622027,0.0091196721408622564,0.017893741131956409,0.043522267206477672
2013-08-13,0.0040264458829472353,0.0041102158447455933,-0.010764346007898995,0.0043646944713870983
2013-08-14,0,0,0.009863785814936632,0.018348623853210899
2013-08-15,0,0,0.020852713178294513,0.05026078710289239
2013-08-16,0.0022036015305886294,0.0023036015305887142,0.0067582959981775659,0.0085778781038374774
2013-08-19,-0.0021452425651848311,-0.0021452425651848684,-0.0042992909941169666,0
2013-08-20,0.0050016035745871889,0.0050016035745872279,0.0033330808272100665,-0.0067144136078781669
2013-08-21,-0.00031762546357101332,-0.00031762546357101288,-0.0028690071725179234,-0.0022532672374944163
2013-08-22,-0.00010492733072580814,-0.00010492733072583156,0.0056030892708411884,0.0058717253839204453
2013-08-23,-0.011670575783010678,-0.01167057578301064,0.015736766809728131,0.039515042658284649
2013-08-26,-0.0048673036349954797,-0.0048673036349955213,0.0040770941438101893,0.013390928725702134
2013-08-27,0.0020310501795160053,0.0020310501795157889,0.009597637504614287,0.0055413469735718923
2013-08-28,0.0034483944264031394,0.003448394426403371,-0.000292504570383878,-0.0067825349724459638
2013-08-29,0.0064547199884197413,0.006454719988419782,-0.0061443932411674451,-0.018352539479300045
2013-08-30,0.0041981994816015474,0.0041981994816017269,-0.0091999705600942505,-0.017391304347825987
2013-09-03,-0.01076891072740936,-0.010768910727409526,0.013370970138166571,0.034955752212389335
2013-09-04,0.0090191460833038157,0.0090191460833035867,-0.01290133411523231,-0.029927319367250904
2013-09-05,-0.0023661835908576441,-0.0023661835908572832,-0.018268231100549537,-0.013662406346408251
2013-09-06,-0.005791708295486908,-0.0057917082954870016,0.014750378214826165,0.026362823949955372
2013-09-09,0.0020032056597450013,0.0020032056597447407,-0.0017890421170332349,-0.005659555942533645
2013-09-10,0.0076650432454136407,0.0076650432454136077,-0.016204913748039673,-0.031085814360770625
2013-09-11,-0.0037021861772336424,-0.0037021861772334685,-0.0003036283588888633,0.0072300045187527751
2013-09-12,0.012205772402237245,0.01220577240223724,-0.030599848139711394,-0.055181695827725474
2013-09-13,-0.0073657162763933661,-0.0073657162763933991,0.0011749040495026009,0.017094017094017255
2013-09-16,0.0055015911069633237,0.0055015911069633983,-0.01071819746518532,-0.022408963585434205
2013-09-17,-0.00025442441466949704,-0.00025442441466945985,0.00039541320680114289,0.00095510983763125168
2013-09-18,-0.0092049455820594518,-0.0092049455820594553,0.043557312252964442,0.06440839694656475
2013-09-19,0.0014692314978057256,0.0014692314978055547,-0.0019695477615331303,-0.0049305244285073879
2013-09-20,0.012415335466678576,0.01241533546667855,-0.02876660341555981,-0.054054054054054057
2013-09-23,0.0033070922053526344,0.003307092205352882,-0.0032041262894654254,-0.010476190476190417
2013-09-24,-0.0020000914512901913,-0.0020000914512904072,0.00086240689925509706,0.0052935514918190929
2013-09-25,0.0022214317979002175,0.0022214317979002409,0.0088516371612095135,0.0043082814743895526
2013-09-26,-0.002391427678391875,-0.0023914276783916161,-0.0077645779951858174,-0.0028598665395613843
2013-09-27,0.0035042650027429312,0.0035042650027428293,0.0092338993661476021,0.0019120458891013214
2013-09-30,-0.0016117204573596596,-0.0016117204573596789,-0.0061254555322942661,-0.0028625954198474579
2013-10-01,-0.0027963748607437778,-0.0027963748607437847,-0.028007489467935742,-0.022966507177033302
2013-10-02,-0.0017975950653013907,-0.0017975950653013868,0.019825026085560582,0.024485798237022571
2013-10-03,0.00044680656723396786,0.00044680656723394276,0.00094443569966951024,0
2013-10-04,-0.0026389751425860983,-0.00263897514258595,-0.0051108664884416122,0.00047801147227533036
2013-10-07,-0.0090840846988478503,-0.0090840846988479024,0.0087726230933375948,0.028666985188724459
2013-10-08,-1.396225536002007e-05,-1.396225536007406e-05,-0.0018802883108742785,-0.0018578727357176916
2013-10-09,0.0049302888833236864,0.004930288883323408,-0.010125588697017296,-0.02047463936714744
2013-10-10,-0.0020250430849014,-0.0020250430849010652,-0.014590436920149052,-0.010451306413301831
2013-10-11,0.0006055462463237858,0.00060554624632365309,-0.013438480727448354,-0.014882381180988946
2013-10-14,0.0013064846160960081,0.0013064846160958758,0.0018760195758564802,-0.0009746588693957392
2013-10-15,0.0020446518293794512,0.0020446518293796138,0.0073272001953921251,0.0029268292682926855
2013-10-16,0.00061502404019077978,0.00061502404019086836,-0.0015356017134081634,-0.0029182879377431803
2013-10-17,0.0023585083738952481,0.0023585083738951549,0.031406831795369961,0.026829268292682951
2013-10-18,-0.0034472795509715905,-0.00344727955097164,-0.0044733950714174187,0.0028503562945367822
2013-10-21,-0.0061450053672039776,-0.0061450053672038952,0.0010248324793062924,0.0142112742775935
2013-10-22,-0.0013454989600948245,-0.0013454989600950693,0.018585604032131053,0.021485287248949048
2013-10-23,0.00022197579635503312,0.00022197579635529514,-0.0050255141487552946,-0.0054869684499314619
2013-10-24,0.0018888951411925382,0.0018888951411925084,0.0094024399720258334,0.0055172413793103114
2013-10-25,0.0056627751628305469,0.0056627751628305426,0.0043110084680524352,-0.0073159579332419122
2013-10-28,0.0010370864656274463,0.0010370864656275667,0.00076651847309516796,-0.0013818516812529325
2013-10-29,-0.0031731199266871136,-0.0031731199266872576,-0.0060508578431371918,0.00046125461254620248
2013-10-30,-0.0048452343556854346,-0.0048452343556853487,-0.001310010017723795,0.008759797141539849
2013-10-31,0.010351432234543325,0.010351432234543155,-0.014351851851851838,-0.035648994515539156
2013-11-01,-0.0031547548273410928,-0.0030609982340348151,-0.0061844371379363716,-0.00094786729857831986
2013-11-04,0,0,-0.0011027963765262161,-0.010910815939278784
2013-11-05,0,0,-0.0019714533554135993,0.0023980815347719453
2013-11-06,0,0,0.0050568900126422012,0.004784688995215447
2013-11-07,0,0,-0.0081761006289308158,-0.0080952380952381553
2013-11-08,0,0,-0.014901712111604293,-0.0067210753720593486
2013-11-11,0,0,-0.0032990022529770791,-0.0043499275012083283
2013-11-12,0,-0,-0.011463631226285687,-0.029126213592233108
2013-11-13,0,0,0.0032666394446712044,-0.010999999999999899
2013-11-14,0.0012460734042025782,0.0013460734042022859,0.011558811558811666,0.013650151668351818
2013-11-15,-0.0014536929357853732,-0.0014536929357851368,0.00040234972237862543,-0.0024937655860349794
2013-11-18,-0.0025458547490722428,-0.0025458547490726105,-0.011422136422136298,-0.016499999999999959
2013-11-19,-0.0017109698992820183,-0.001710969899281818,0.00040683482506098656,-0.0030503304524658326
2013-11-20,-0.00036834204724003379,-0.00036834204724005352,-0.023017486783245222,-0.023967363590005064
2013-11-21,0.0032494851492240054,0.0032494851492240419,-0.0014985014985015033,0.0052246603970740324
2013-11-22,-0.0026818522326087463,-0.0026818522326089041,-0.00016675004168742458,-0.0057172557172556759
2013-11-25,0.0013374193169227852,0.0013374193169229784,0.0045030020013341332,0.0073183481442760101
2013-11-26,-0.00093095723710374034,-0.00093095723710394666,-0.0053129669599867313,-0.007265179034769087
2013-11-27,-0.0028211505484281871,-0.0028211505484279447,-0.0030045067601401909,-0.0088865656037636631
2013-11-29,0.0020314014877018862,0.0020314014877018212,0.010380043529214955,0.014767932489451407
2013-12-02,-0.0070025437710221185,-0.0070025437710220725,-0.025849212924606513,-0.04054054054054046
2013-12-03,-0.0025661008418943494,-0.0025661008418944994,0.0032318421500254768,-0.0021668472372696757
2013-12-04,0.0065669395010450483,0.0065669395010452174,0.016954899966090231,0.03148751357220414
2013-12-05,-0.0010837875778728573,-0.0010837875778730262,-0.013837945981993949,-0.016315789473684172
2013-12-06,0.00075315423802206757,0.00075315423802218109,0.0021132713440406015,0.0037453183520599342
2013-12-09,0.0043411161698139475,0.0043411161698139519,0.009869253479544593,0.019189765458422103
2013-12-10,0.0050863103501125146,0.005086310350112362,0.017540928833945868,0.028242677824267703
2013-12-11,0.0011136860628589032,0.0011136860628590008,-0.0078804793958298092,-0.0055951169888097674
2013-12-12,-0.0081659256224586915,-0.0081659256224587591,-0.021264272712228971,-0.037851662404092212
2013-12-13,-0.00089257149520832041,-0.0008925714952080627,0.009214641981570626,0.0074428495481126955
2013-12-16,0.0055562094109981031,0.0055562094109978411,0.0025967498743508788,0.014248021108179465
2013-12-17,0.0021926203142793874,0.0021926203142796307,-0.0086891135433201372,-0.0041623309053069324
2013-12-18,0.0029392507900557661,0.0029392507900555813,-0.0087652760219132375,-0.0026123301985371272
2013-12-19,-0.0037726085597753253,-0.003772608559775206,-0.023722472578862397,-0.031430068098480923
2013-12-20,-0.0012589401992351478,-0.0012589401992352648,0.0097543981884689046,0.007030827474310497
2013-12-23,0.0040044300690021796,0.0040044300690021996,-0.0031913058478523215,0.0053705692803436289
2013-12-24,-0.0011320719681014086,-0.0011320719681012688,0.0045859652158863895,0.0021367521367523512
2013-12-26,0.0039299227277717654,0.0039299227277716725,0.0055124892334195152,0.013859275053304865
2013-12-27,0.0047082461758534647,0.004708246175853391,0.0032550967962996502,0.013144058885383725
2013-12-30,-0.0052874130827719997,-0.0051939516959316496,-0.01477117486338797,-0.02179553710430715
2013-12-31,0,0,0.0063263714359997891,-0.0074270557029177953
2014-01-02,0,0,0.016190148122631642,0.027792624265098764
2014-01-03,0,0,0.010932203389830475,0.009880395215808635
2014-01-06,0,0,0.0017604157934445475,0
2014-01-07,0,0,-0.0056903765690377028,-0.014933058702368829
2014-01-08,0,0,-0.0058912640969532859,-0.015682174594877196
2014-01-09,0,0,0.0028784287165593003,0.00053106744556563612
2014-01-10,0,0,0.015195002532500501,0.028662420382165488
2014-01-13,0,0,0.0063196407783134845,0.015479876160990669
2014-01-14,0,-0,-0.0093372996198974878,-0.013211382113821002
2014-01-15,0,0,-0.0019184252231212451,-0.001029866117404854
2014-01-16,0,0,0.0010864114992479301,-0.0025773195876287458
2014-01-17,0,0,0.0095166541447533337,0.0082687338501292729
2014-01-21,0,0,-0.01017117340610274,-0.017426960533059921
2014-01-22,0,-0,-0.0042606516290727425,-0.0073030777256130053
2014-01-23,0,0,0.021813910562966665,0.012086179716237488
2014-01-24,0,0,0.0041054273749896453,-0.0051921079958463512
2014-01-27,0,-0,-0.010875787063537645,-0.014091858037578286
2014-01-28,0,0,-8.267195767186486e-05,-0.0021175224986764718
2014-01-29,-0.0043805528468048183,-0.0042805528468049829,0.012567176519222789,0.0090185676392571246
2014-01-30,-0.0028092889943153922,-0.0028092889943153662,-0.022046215399689761,-0.027865404837013719
2014-01-31,-0.0023713889319699234,-0.0023713889319698397,0.0026717875928863322,-0.0021633315305570333
2014-02-03,-0.00086162975618301392,-0.00086162975618316951,0.01024231826130384,0.008672086720867167
2014-02-04,0.0050601697661591775,0.0050601697661592253,-0.0027200791295746152,0.007522837184309461
2014-02-05,0.0071704206567263585,0.0071704206567263428,0.0024795437639475448,0.017066666666666785
2014-02-06,0.0028119969061666142,0.002811996906166612,-0.00041223513892330033,0.0052438384897746104
2014-02-07,-0.0011877890493002404,-0.0011877890493000158,0.0076707357307819191,0.0052164840897233056
2014-02-10,-0.0025379520066322572,-0.0025379520066325561,0.0061389866579355523,0.0010378827192527584
2014-02-11,-0.0017113115518216948,-0.0017113115518215289,0.011714936544093613,0.00829445308449972
2014-02-12,-0.00080961878182734496,-0.00080961878182733563,0.00056288195561271515,-0.0010282776349613831
2014-02-13,0.0037670839387352242,0.0037670839387351539,0.0085188459374747616,0.015954709212557816
2014-02-14,0.01694442282149582,0.016944422821495771,0.013228145668977787,0.046099290780141855
2014-02-18,0.0047071659984489903,0.004811857202953124,0.0019661816751868066,0.02324455205811149
2014-02-19,0.0050536380264803865,0.0051536380264803096,-0.0088697017268446476,-0.023663038334122088
2014-02-20,-0.0035618081534769608,-0.0035618081534769565,0.01053298487368326,0.017935046049442516
2014-02-21,0.00063443140971608015,0.00063443140971624853,-0.00015673981191222097,-0.0014285714285714457
2014-02-24,0.00054107827712293469,0.00054107827712300658,0.011051889010816884,0.010014306151645336
2014-02-25,0.0046597278895545114,0.0046597278895543397,0.0017055585704317533,-0.0075542965061379252
2014-02-26,0.0098846637248075925,0.0098846637248075474,-0.0085132729664886275,-0.028544243577545148
2014-02-27,0.0002413059562255306,0.00033877633154771219,0.00070252127078274107,0.0019588638589618235
2014-02-28,0,0,-0.0045241809672386113,-0.0053763440860215006
2014-03-03,0,0,0.020921485660554628,0.013267813267813233
2014-03-04,0,0,-0.012357049658454078,-0.01212415130940836
2014-03-05,0,0,0.001631955237799021,-0.00049091801669132185
2014-03-06,0,0,0.0099309488711303295,0.014734774066797574
2014-03-07,0,0,-0.0082968425904584864,-0.028073572120038803
2014-03-10,0,0,0.0003098613370515757,-0.0034860557768923162
2014-03-11,0,0,0.0056532176876018525,0.0014992503748125774
2014-03-12,0,0,0.014631141229015654,0.021457085828343381
2014-03-13,0,0,0.003415300546448119,-0.005373717635564268
2014-03-14,0,0,0.0067317146963163932,0.012770137524558134
2014-03-17,0,-0,-0.010969196093163047,-0.014064015518913786
2014-03-18,0,0,-0.007748404740200443,-0.015740285292670797
2014-03-19,0,-0,-0.019369162455979194,-0.01099450274862579
2014-03-20,0,0,-0.0017956124599890488,-0.013643254168772101
2014-03-21,0,0,0.0047708431096511461,0
2014-03-24,0,-0,-0.017825173192184907,-0.015881147540983576
2014-03-25,0,0,0.0018227928356315815,0.00052056220718355029
2014-03-26,0,0,-0.0079107665532790472,-0.010405827263267442
2014-03-27,0,0,-0.0065385535443743814,-0.001051524710830698
2014-03-28,0,0,-0.0002407897905128964,0.0031578947368420263
2014-03-31,0,0,-0.0076268464996789298,-0.0010493179433368471
2014-04-01,0,0,-0.0017797912790227244,0.0010504201680672232
2014-04-02,0,0,0.0075370775589593819,0.0068205666316896174
2014-04-03,0,0,-0.0032175032175031371,-0.0067743616466910961
2014-04-04,0,0,0.013315041962556506,0.0052465897166842357
2014-04-07,0,0,-0.0052560324918371482,-0.0015657620041754639
2014-04-08,0,0,0.009446801697222007,0.0052273915316258801
2014-04-09,0,0,0.0018240939011815449,-0.0062402496099844829
2014-04-10,0,0,0.005462317922735993,0.0083725798011511365
2014-04-11,0,0,-0.00062987166364847358,-0.0041515308770108117
2014-04-14,0,0,0.007248089498148591,0.0010422094841062712
2014-04-15,0,0,-0.018459131795072303,-0.017178552837064154
2014-04-16,0,0,0.00039843812255968558,0
2014-04-17,0,0,-0.0062928150390314519,0
2014-04-21,0,0,-0.0040881763527054193,-0.01112288135593209
2014-04-22,0,0,-0.0037025112685125094,0.0021424745581146709
2014-04-23,0,0,-0.00016157699143637405,-0.001068947087119132
2014-04-24,0,0,0.0064641241111829117,0.012306046013911276
2014-04-25,0,0,0.0069845857418111557,0.0010570824524311906
2014-04-28,0,0,-0.0043849158893407569,-0.0047518479408659164
2014-04-29,0,0,-0.00016015374759770218,-0.004774535809018543
2014-04-30,0,0,-0.005125740829729275,-0.015991471215351827
2014-05-01,0,0,-0.0033810980518435008,-0.0059588299024918578
2014-05-02,0,0,0.010177705977382878,0.018528610354223485
2014-05-05,0,0,0.009275547737086276,0.0080256821829853831
2014-05-06,0,0,-0.0019014419267944227,-0.0021231422505307851
2014-05-07,0,-0,-0.014367359898396548,-0.012234042553191493
2014-05-08,0,0,0,-0.0070005385029616729
2014-05-09,0,0,-0.00056374325521468815,-0.0010845986984815426
2014-05-12,0,0,0.0067687348912168765,0.019543973941368087
2014-05-13,0,0,-0.0027213062269889621,-0.00053248136315242611
2014-05-14,0,0,0.0097110754414124756,0.012253596164091718
2014-05-15,0,0,-0.0082664335108497689,-0.013684210526315854
2014-05-16,0,0,-0.0021639817263765515,-0.0069370330843115946
2014-05-19,0,0,0.00064257028112457704,0.0010746910263299547
2014-05-20,0,0,0.00088296676834165311,0.0010735373054213682
2014-05-21,0,0,-0.0024059667976581434,-0.00053619302949048375
2014-05-22,0,0,0.0022509848058525073,0.004828326180257525
2014-05-23,0,-0,-0.001283388144701969,-0.0037373198077950143
2014-05-27,0,-0,-0.021363745883864804,-0.016077170418006492
2014-05-28,0,0,-0.0053344275748871128,-0.0043572984749454813
2014-05-29,0,0,-0.0021452145214522211,0.001094091903719896
2014-05-30,0,-0,-0.0042169670911195167,-0.012021857923497414
2014-06-02,0,-0,-0.0060616125550112532,-0.0033185840707964376
2014-06-03,0,0,0.0025898078529658086,0.0044395116537181423
2014-06-04,0,0,-0.0020831597366886001,-0.0022099447513813653
2014-06-05,0,0,0.0075150300601201092,0.011074197120708895
2014-06-06,0,0,-0.00041438753522293759,0.0010952902519167917
2014-06-09,0,0,0.0003316474587513607,0.0021881838074397919
2014-06-10,0,0,0.0061334438458349183,0.0076419213973799582
2014-06-11,0,0,0.00016475821731609663,0
2014-06-12,0,0,0.010130961205831568,0.016251354279523289
2014-06-13,0,0,0.0026092628832354858,0.0085287846481876262
2014-06-16,0,0,-0.004391672088484011,-0.0036997885835095001
2014-06-17,0,0,-0.0011436039862767755,0.004774535809018543
2014-06-18,-0.00010310380200210738,-3.1038020022585285e-06,0.0031894013738960059,0.0058078141499471325
2014-06-19,-0.005450924543740656,-0.0054509245437404652,0.034808836716393454,0.045669291338582774
2014-06-20,-0.0047240547512543739,-0.0047240547512546038,-0.0034662045060658286,0.0055220883534137233
2014-06-23,0.00091434705885769902,0.00091434705885808651,0.002766798418972316,0.00099850224663011744
2014-06-24,-0.0002609163390202087,-0.00026091633902046245,0.0010248324793062924,0.0014962593516207878
2014-06-25,-0.0028845831251240405,-0.0028845831251240565,7.8752559458106219e-05,0.0054780876494024966
2014-06-26,-0.002410875202517049,-0.0024108752025168369,-0.0020474053075044685,0.0024764735017333006
2014-06-27,0.0015811456747824822,0.0015811456747824933,-0.00055235540124676241,-0.0034584980237152285
2014-06-30,0.0035857111654856158,0.0035857111654854002,0.010895310279488424,0.0039662865642042799
2014-07-01,-0.00034051248958504238,-0.00034051248958504911,-0.0026554201811932465,-0.0019753086419752597
2014-07-02,-0.0023950684802489242,-0.0023950684802488739,0,0.0044532409698168074
2014-07-03,-0.0019702348723878368,-0.0019702348723880381,-0.004228660924040728,-0.00049261083743845635
2014-07-07,0.0026263048938381965,0.00262630489383853,-0.001100975149418093,-0.0059142434696893842
2014-07-08,-0.00085934221441532016,-0.00085934221441527159,0.00039363879703979698,0.0019831432821020289
2014-07-09,0.0015895720882421881,0.0015895720882419648,0.0060596521602267472,0.0029688273132111309
2014-07-10,-0.0037639403656537186,-0.0037639403656536665,0.0054755944931164091,0.012333497779970504
2014-07-11,-0.00034038236723940666,-0.00034038236723938801,0.0018671230745292977,0.002436647173489348
2014-07-14,-0.00013906196089078461,-0.00013906196089067069,-0.023761453641869879,-0.02284880894506558
2014-07-15,0.00094169905043045598,0.00094169905043045446,-0.0094654788418707669,-0.010945273631840946
2014-07-16,0.0010244370299743641,0.0010244370299739764,0.0035332851521721054,0.0015090543259557165
2014-07-17,-0.0013557507268336067,-0.0013557507268335022,0.01696407137713063,0.019085886489201398
2014-07-18,0.0032328872902251198,0.0032328872902251749,-0.0075537021008734717,-0.013307047806801364
2014-07-21,-0.0012629002969050231,-0.001262900296904751,0.0016649488622850761,0.0039960039960040827
2014-07-22,-0.0024862900073767897,-0.0024862900073770304,-0.0047490897577965319,0
2014-07-23,3.6507449986496532e-05,3.650744998655518e-05,-0.00095435024654044742,-0.00099502487562208586
2014-07-24,0.0080990615764798025,0.0080990615764797973,-0.010109855118611732,-0.02490039840637448
2014-07-25,-0.0017612720799715851,-0.0017612720799714771,0.011580217129071313,0.014811031664964336
2014-07-28,0.00072801375416286032,0.00072801375416274496,-0.0016694490818031094,-0.0030196275792653271
2014-07-29,-0.00077060203393269477,-0.00077060203393273716,-0.0030259595476986867,-0.0015143866733972056
2014-07-30,-0.00152738543417921,-0.0015273854341793013,-0.0029552715654952433,0
2014-07-31,-0.00062891423348540576,-0.00062891423348520269,-0.011535688536409516,-0.01011122345803861
2014-08-01,0.0056940001590494432,0.0056940001590496557,0.008023340627279385,-0.0030643513789581078
2014-08-04,0.0015743805223167929,0.001574380522316462,-0.0031355523396044971,-0.006147540983606592
2014-08-05,0.008763695866026747,0.0087636958660266967,-0.00096781998548267634,-0.018041237113401998
2014-08-06,0.0031950571274673096,0.0032966027456521273,0.014531363526277596,0.0094488188976378229
2014-08-07,0,0,0.004058247791835834,-0.0031201248049921304
2014-08-08,0,0,7.9251862418638908e-05,0.0010432968179445723
2014-08-11,0,0,-0.0018226483873524657,0.0020844189682125425
2014-08-12,0,0,0.00023817084788824161,-0.0031201248049921304
2014-08-13,0,0,0.001666798952297821,-0.0067814293166407191
2014-08-14,0,0,0.00087163232963538562,0.0031512605042018915
2014-08-15,0,0,-0.0065711345103317553,-0.012565445026178068
2014-08-18,0,0,-0.0041440867070450249,0.00053022269353131257
2014-08-19,0,0,-0.0022407170294492795,-0.009009009009009139
2014-08-20,0,0,-0.0036894449791466943,0.0010695187165774556
2014-08-21,0,0,-0.010787312832072127,-0.0016025641025639858
2014-08-22,0,0,0.0025227864583332593,0
2014-08-25,0,-0,-0.0036528939037260288,-0.0048154093097912964
2014-08-26,0,0,0.004969854978002175,0.001612903225806317
2014-08-27,0,0,-0.00024321037697605519,0.0016103059581320522
2014-08-28,0,0,0.0055141096334738737,0.004287245444801524
2014-08-29,0,0,-0.0011290322580644885,-0.0016008537886871288
2014-09-02,0,-0,-0.017842725658000935,-0.016034206306787868
2014-09-03,0,0,0.0041101520756268162,0.0010863661053774898
2014-09-04,0,0,-0.0054850593532541625,-0.0059685295713510778
2014-09-05,0,0,0.0047744484688838629,0.0054585152838428908
2014-09-08,0,-0,-0.010896280517778134,-0.0086862106406080386
2014-09-09,0,0,0.0011596123581545381,0.0027382256297916463
2014-09-10,0,0,-0.0050467444361710356,-0.0038230475150191623
2014-09-11,0,0,-0.0065691002827208411,-0.015350877192982337
2014-09-12,0,0,-0.0091236293630200249,-0.0038975501113586164
2014-09-15,0,0,0.002196316945429988,0.001676914477361624
2014-09-16,0,0,0.0016014834794335631,0.0016741071428569843
2014-09-17,0,0,-0.010855844483716126,-0.010027855153203369
2014-09-18,0,0,0.0020418580908625472,0
2014-09-19,0,-0,-0.0058583800305654909,-0.032639279684862021
2014-09-22,0.0036444287363945078,0.0037444287363942851,-0.0020497053548552691,-0.0063990692262945181
2014-09-23,-0.0034962349337383041,-0.0034962349337384511,0.0064184852374840062,-0.0005854800936766491
2014-09-24,-5.9974816840841051e-06,-5.9974816838359422e-06,-0.0046768707482992555,-0.0046865846514353438
2014-09-25,-0.0061813909165236939,-0.0061813909165237988,0.0029047415634344542,-0.0094173042966451126
2014-09-26,0.0035025389519628431,0.0035025389519627295,-0.0028111423460260854,0.0041592394533571664
2014-09-29,-0.0034242641532345242,-0.0034242641532343798,-0.00025627883136858376,-0.0071005917159762122
2014-09-30,-0.0092410923702953372,-0.0092410923702954395,-0.0070067504058789476,-0.025625744934445804
2014-10-01,0.0014620007450296638,0.001462000745029793,0.0048188624042682093,0.0079510703363914192
2014-10-02,-0.0019657861305217377,-0.0019657861305217455,-0.00025691530358828985,-0.0042475728155340065
2014-10-03,0.00057101673711711781,0.00057101673711718601,-0.018245674147678526,-0.017672151127361313
2014-10-06,0.0082156562082448294,0.0082156562082447079,0.012389843818165991,0.02977667493796532
2014-10-07,-0.0049930488919528847,-0.0049930488919529229,0.0028440920451606733,-0.0072289156626507145
2014-10-08,0.0011644281319629698,0.0011644281319628947,0.0095393606050189206,0.012135922330096971
2014-10-09,-0.0025277928077259491,-0.00252779280772595,0.0014471780028944004,-0.003597122302158251
2014-10-10,0.00081578139009984036,0.00081578139010006294,-0.00042502550153011853,0.0012033694344162349
2014-10-13,-0.0013437387782334336,-0.0013437387782335914,0.0079088357853558389,0.0054086538461537437
2014-10-14,-0.0018015565365868118,-0.0018015565365867225,0.00059061761727985385,-0.0029886431560072202
2014-10-15,-0.00084108331118205122,-0.00084108331118212939,0.0033729656800740582,0.0017985611510791255
2014-10-16,-0.0022030986009009324,-0.0022030986009008231,0.0019329355408017612,-0.0023937761819269321
2014-10-17,-0.0017042178168491971,-0.0017042178168491639,-0.0019292065089749899,-0.0053989202159570038
2014-10-20,0.00097914004732466836,0.00097914004732453349,0.0068072947306496712,0.0090470446320869424
2014-10-21,0.0014479946819289874,0.0014479946819289647,0.0018363939899832538,0.0047818290496113303
2014-10-22,-0.0075583673315512056,-0.007558367331551118,-0.0056657223796033884,-0.020820939916716075
2014-10-23,0.0048169582261115658,0.0048169582261116282,-0.0068711245181833913,0.002430133657351119
2014-10-24,0.00074377779244524955,0.00074377779244504767,-0.0014343570705366293,0
2014-10-27,-0.0011428172160520198,-0.0011428172160518981,-0.0024503591043514295,-0.0048484848484847687
2014-10-28,0.0019366744664057246,0.0019366744664058211,0.00033881077418262961,0.0042630937880632214
2014-10-29,0.004070634886782212,0.0040706348867821391,-0.014309906858594346,-0.0066707095209217471
2014-10-30,-0.011485088320273331,-0.011485088320273356,-0.010480199295593184,-0.034188034188034067
2014-10-31,0.0014277813471248076,0.0014277813471248132,-0.021963712127788915,-0.020227560050568916
2014-11-03,0.0016356058238479398,0.0016356058238478804,-0.0045268950825492205,-0.001290322580645098
2014-11-04,-0.0039363309692836412,-0.0039363309692836438,0.00062416406598297947,-0.0077519379844961378
2014-11-05,-0.010549302137969476,-0.010549302137969382,-0.021653894136517526,-0.04557291666666663
2014-11-06,0.0045091342809447758,0.0045091342809447056,0.00081974678932494882,0.010914051841746319
2014-11-07,-0.0051417536927205031,-0.0051417536927203817,0.028121587186021202,0.018893387314439902
2014-11-10,0.0056550436464665316,0.005655043646466568,-0.022218288041072842,-0.01192052980132452
2014-11-11,-0.0011979887392730975,-0.0011979887392731231,0.0143038203874708,0.012734584450402098
2014-11-12,-5.0562249759025163e-05,-5.0562249759132946e-05,-0.0048197072474116531,-0.0052945069490403229
2014-11-13,-0.002588367902178933,-0.0025883679021789334,0.0015246636771300004,-0.0039920159680637557
2014-11-14,0.0077781363526054177,0.0077781363526053761,0.02507387839168973,0.044088176352705455
2014-11-17,-0.0021005751516386603,-0.0021005751516384938,-0.0036690836026906926,-0.0083173384516954663
2014-11-18,-0.0028980894408467137,-0.002898089440846833,0.0087680841736079707,0.003225806451612856
2014-11-19,0.0039360713489278625,0.0039360713489278651,-0.011907866145154156,-0.0045016077170417779
2014-11-20,-0.001558935454534767,-0.0015589354545347915,0.010380014074595323,0.0077519379844961378
2014-11-21,0.0034491459370804803,0.0034491459370804035,0.0046143130767890561,0.012179487179487136
2014-11-24,0.00093066907657487509,0.00093066907657509172,-0.0024265534275067502,-0.00063331222292584144
2014-11-25,0.0048830372888523845,0.0048830372888522978,0.0023455824863174435,0.012674271229404344
2014-11-26,-0.0023591868137406544,-0.0023591868137406375,-0.0019067429363841537,-0.0068836045056320794
2014-11-28,-0.018095559194384277,-0.018095559194384284,-0.026484890587009313,-0.065532451165721484
2014-12-01,0.0092985372785199596,0.0092985372785199753,0.039871554723039937,0.064059339177343189
2014-12-02,0.005467870292346886,0.005467870292346899,-0.012352032938754531,-0.0019011406844106071
2014-12-03,-0.0058554014909103624,-0.0058554014909103069,0.010335244050720949,-0.0012698412698411987
2014-12-04,0.0032189571925729573,0.003218957192572868,-0.0038683056821112727,0.0025429116338206992
2014-12-05,0.001535120231700261,0.0015351202317002766,-0.012512944425267403,-0.010145846544071024
2014-12-08,-0.0029169801191880648,-0.0029169801191880371,0.01179760552302711,0.0064061499039078651
2014-12-09,0.0079449281343392207,0.0079449281343390472,0.02081533943686309,0.038828771483131685
2014-12-10,0.0025241347568787883,0.0025241347568788325,-0.0019460191217531841,0.0030637254901961786
2014-12-11,-2.4974890609749935e-05,-2.4974890609610147e-05,-0.0022889114954220968,-0.0024434941967014234
2014-12-12,0.00032085124523129684,0.00032085124523115963,-0.0023791316169597954,-0.0018371096142068
2014-12-15,-1.9555229214965047e-05,8.0051249613869528e-05,-0.025721829486415104,-0.050920245398773045
2014-12-16,0,0,0.0048955328262960673,-0.025210084033613467
2014-12-17,0.0021845564192645309,0.0022845564192643547,-0.0059156154849935305,0.0013262599469496816
2014-12-18,0.0011285366942710171,0.0011285366942711801,0.0077010588955981341,0.0099337748344370258
2014-12-19,0.0062535184527667837,0.006253518452766788,-0.0033000434216240437,0.0091803278688524781
2014-12-22,-0.0035323767944736898,-0.0035323767944735857,-0.019343033893874706,-0.025990903183885639
2014-12-23,0.00082094072457133125,0.00082094072457126847,0.0016881386050644487,0.0033355570380253496
2014-12-24,0.0015105868130004883,0.0015105868130005202,0.00026609898882390404,0.0033244680851063357
2014-12-26,-0.00035920776142277033,-0.0003592077614228788,0.018267269663917673,0.017229953611663351
2014-12-29,-0.0028639920225455849,-0.0028639920225455094,-0.010101889750065318,-0.015635179153094425
2014-12-30,0.0088301806812645794,0.0088301806812646089,0.013460015835312866,0.031105228325612133
2014-12-31,-0.0099957853050207934,-0.0099957853050207657,-0.014062500000000089,-0.033376123234916566
2015-01-02,-0.00051876644366780913,-0.00051876644366798141,0.0044021834830074713,0.0033200531208499307
2015-01-05,0.0053900213321934846,0.0053900213321935045,0.015077138849929783,0.025810721376571921
2015-01-06,0.0051193533373259806,0.005119353337326207,0.011398963730570033,0.021290322580645116
2015-01-07,0.0036077039480725578,0.0036077039480724407,-0.0058913934426229053,0.0012634238787112562
2015-01-08,-0.0047236906086153205,-0.0047236906086154324,-0.0042085373185606345,-0.013249211356466839
2015-01-09,-0.0014227223565860827,-0.0014227223565861846,0.011385199240986799,0.0083120204603579495
2015-01-12,-0.0023185017181686315,-0.0023185017181685946,0.011086474501108556,0.0063411540900444319
2015-01-13,0.015469279214772012,0.015469279214772031,-0.0033738191632929349,0.026465028355387554
2015-01-14,-0.0061069917378455581,-0.0060041735892072991,-0.0016079891672308166,-0.009821976672805377
2015-01-15,0,0,0.025175892175977044,0.0012399256044637319
2015-01-16,0,0,0.013064329419546938,0.049535603715170407
2015-01-20,0,0,0.013712047012732764,0.013569321533923429
2015-01-21,0,0,0.00024154589371971902,0.011059371362049042
2015-01-22,0,0,0.0080495854463495942,0.013816925734024155
2015-01-23,-0.0016815380863120387,-0.0015815380863120178,-0.0079853070350555111,-0.0056785917092559979
2015-01-26,0.0058959572691931845,0.0058959572691932218,-0.009981485953473479,-0.021701884637350233
2015-01-27,-5.3850338557005775e-05,-5.3850338556884819e-05,0.011464346694853411,0.011675423234092097
2015-01-28,-0.0010737218408157754,-0.0010737218408160066,-0.0078778135048231945,-0.0057703404500863975
2015-01-29,0.017573628259090156,0.017573628259090406,-0.021552422621941347,-0.057457922228671077
2015-01-30,0.0038720508846241896,0.0039651709523284102,0.02227558794302742,0.018472906403940836
2015-02-02,0,0,-0.0083434588902390194,-0.004232164449818665
2015-02-03,0,0,-0.011190981865708216,0.0048573163327263469
2015-02-04,0,0,0.0043783560512185016,0.0048338368580058688
2015-02-05,0,0,0.0017272577726601401,-0.0030066145520144527
2015-02-06,0,-0,-0.025864192462435431,-0.033172496984318234
2015-02-09,0,0,0.0044672960215779156,0.018091079226450368
2015-02-10,0,-0,-0.0058739615675086343,-0.0079656862745097756
2015-02-11,0,0,-0.011817337722630272,-0.006794317479926093
2015-02-12,0,0,0.0023063124626292453,0.0043532338308458485
2015-02-13,0,0,0.0054542355547979593,0.024148606811145612
2015-02-17,0,0,-0.016697745380573004,-0.042926239419588841
2015-02-18,0,0,0.0028445823635894207,-0.0050536955148452467
2015-02-19,0,0,-0.0034381983840467978,-0.0031746031746032743
2015-02-20,0,0,-0.0056925996204932883,-0.010191082802547768
2015-02-23,0,0,0.001301179736294289,0.005791505791505891
2015-02-24,0,0,-0.0014727540500736325,-0.0044785668586052596
2015-02-25,0,0,0.0038174561860142564,0.01735218508997427
2015-02-26,0,0,0.0031979256698357883,0.0006317119393557391
2015-02-27,0,0,0.00077539415869742889,0.0018939393939394478
2015-03-02,0,0,-0.0041322314049585529,-0.013232514177693666
2015-03-03,0,0,-0.0018153526970955403,-0.0051085568326947328
2015-03-04,0,0,-0.0031176929072486148,-0.0057766367137355168
2015-03-05,0,0,-0.00095560767961078152,0.0025823111684957212
2015-03-06,0,-0,-0.027304347826086928,-0.021893110109465597
2015-03-09,0,0,0.00098337207223320178,-0.0059249506254114293
2015-03-10,0,0,-0.0049120300080378598,-0.0052980132450330952
2015-03-11,0,-0,-0.0060132830730569298,-0.011984021304926706
2015-03-12,0,0,-0.00027088036117384195,0.0053908355795149188
2015-03-13,0,0,0.0014450867052022698,-0.0013404825737265424
2015-03-16,0,0,-0.00063131313131303823,0.0060402684563758413
2015-03-17,0,0,-0.0054146737659056532,-0.0060040026684455849
2015-03-18,0,0,0.019598947463932648,0.030872483221476399
2015-03-19,0,0,-0.00071193379015754843,0.0052083333333332593
2015-03-20,0,0,0.011399056015673592,0.0362694300518136
2015-03-23,-0.0030885794972186926,-0.0029885794972185067,0.0063397023861937463,0.018750000000000044
2015-03-24,0.0018573945714716045,0.0018573945714715266,0.002449908128445033,-0.0012269938650306678
2015-03-25,0.0019467086958388925,0.0019467086958387734,0.001396526141223875,-0.0024570024570026439
2015-03-26,0.0014360949870504771,0.0014360949870507672,0.0065370870739998033,0.0036945812807882561
2015-03-27,0.00063306627467043641,0.00063306627467022065,-0.0036369934187738817,-0.0049079754601227821
2015-03-30,0.0016787297226144124,0.0016787297226144278,-0.011385364157830757,-0.014796547472256338
2015-03-31,0.0011499586518193348,0.0011499586518192626,-0.00079120879120886389,-0.0031289111389236623
2015-04-01,-0.00076966488813976495,-0.00076966488813994937,0.017068449762449367,0.01883239171374762
2015-04-02,0.0050818223305042652,0.0050818223305045705,-0.0027681660899653293,-0.012939001848428888
2015-04-06,-0.0015385068212855366,-0.0015385068212859043,0.012231089521165917,0.015605493133582948
2015-04-07,0.0011617585264299857,0.0011617585264304057,-0.0049704344845316051,-0.0073755377996312932
2015-04-08,0.0076582115090813897,0.0076582115090814279,-0.0055120144690380402,-0.021052631578947212
2015-04-09,0.0064587439412976946,0.0065556285835621352,-0.0069282064605524774,-0.018975332068311257
2015-04-10,0,0,0.011336879741868033,0.016763378465506129
2015-04-13,0,-0,-0.007157023368112414,-0.010779961953075401
2015-04-14,0,-0,-0.0060795553239534339,-0.0057692307692307487
2015-04-15,0,0,0.0086508213911220544,0.0077369439071568458
2015-04-16,0,0,-0.0034653036472321874,-0.0038387715930902067
2015-04-17,0,0,0.0049552290706771362,-0.00064226075786766312
2015-04-20,0,-0,-0.0076124567474048499,-0.017352185089974381
2015-04-21,0,0,0.0057531380753137462,0.0019620667102682177
2015-04-22,0,-0,-0.013433870688160821,-0.013707571801566676
2015-04-23,0,0,0.0072915751559343711,0.0066181336863004869
2015-04-24,0,-0,-0.014041514041513992,-0.0098619329388560661
2015-04-27,0,0,0.020168067226890685,0.039840637450199168
2015-04-28,0,0,0.0086707708315270082,0.013409961685823646
2015-04-29,0,0,-0.0070489125762914773,-0.003780718336483857
2015-04-30,0,0,-0.01766080858800112,-0.024035420619860859
2015-05-01,0,0,-0.0034370318145765522,0.0025923525599482744
2015-05-04,0,0,0.00902016271666084,0.014867485455720697
2015-05-05,0,0,0.0028045574057844469,0.0070063694267517018
2015-05-06,0,0,-0.00052438384897746104,-0.0025300442757748565
2015-05-07,0,-0,-0.0082196572228051545,-0.010779961953075401
2015-05-08,0,0,0.0048492329395168898,0.01025641025641022
2015-05-11,0,0,-0.0038606650873036497,-0.012055837563451743
2015-05-12,0,0,0.0085439971813616733,0.015414258188824581
2015-05-13,0,0,0.017903930131004442,0.034155597722960174
2015-05-14,0,0,0.0054054054054055722,0.018348623853210899
2015-05-15,0.0016572545240938787,0.001757254524093887,0.0029868578255674016,0.0060060060060060927
2015-05-18,-0.0042274300561458058,-0.0042274300561459741,-8.508465923595665e-05,0.0083582089552238781
2015-05-19,0.0083113485169992868,0.0083113485169995071,-0.013869979577944114,-0.030195381882770933
2015-05-20,0.0011066443462395309,0.0011066443462393147,0.0016394857192165713,-0.00061050061050049731
2015-05-21,-0.0022533710035867885,-0.0022533710035865986,-0.0033597518952446226,0.0012217470983506562
2015-05-22,0.0011065903428743435,0.0011065903428744942,-0.00077794104935602348,-0.0030506406345333081
2015-05-26,0.0023311761130731024,0.0023311761130727113,-0.014619377162629732,-0.019583843329253336
2015-05-27,0.0016971693579828661,0.0016971693579831604,-0.0001755772100781039,-0.0037453183520598232
2015-05-28,0.00025477129344001468,0.00025477129343986409,0.0011414522785142545,0.00062656641604008634
2015-05-29,-0.0002537163138836713,-0.00025371631388374589,0.00070163129275568892,0.0012523481527864089
2015-06-01,-0.0007205858501091307,-0.00072058585010905134,-0.00087642418930755639,0.00062539086929325194
2015-06-02,-0.00012499974625854762,-0.00012499974625868168,0.0040350877192982804,0.0043750000000000178
2015-06-03,0.003642143341161723,0.0036421433411618761,-0.0071640747859513798,-0.014934660858743065
2015-06-04,0.0069661112614793526,0.00696611126147935,-0.0070397747272087363,-0.022109917877447871
2015-06-05,0.00011228805941871857,0.00020409618794999814,-0.0053172633817796244,-0.0058139534883721034
2015-06-08,0,0,0.0029401282965073605,-0.0045484080571800423
2015-06-09,0,0,0.0022208403659944587,-0.001958224543081033
2015-06-10,0,0,0.0085091295869528238,0.0019620667102682177
2015-06-11,0,0,-0.0045702232378272978,0.00065274151436023331
2015-06-12,0,0,-0.00026487727352997315,-0.0052185257664709717
2015-06-15,0,0,0.0044157908681445868,0.0098360655737705915
2015-06-16,0,0,-0.0036050294557286033,-0.0051948051948051965
2015-06-17,0,0,0.0046770208259794277,0.0084856396866839212
2015-06-18,0,0,0.01291172595520429,0.00064724919093861466
2015-06-19,0,0,-0.001734304543877796,-0.0025873221216041742
2015-06-22,0,0,-0.012856150104239128,0.0045395590142671693
2015-06-23,0,-0,-0.0065997888067581556,-0.022595222724338226
2015-06-24,0,0,-0.0026574541589157175,0.0033025099075296716
2015-06-25,0,0,-0.0013322675193179201,-0.0013166556945358732
2015-06-26,0,0,0.0010672358591248265,-0.0039551746868820015
2015-06-29,0,0,0.0045309168443496972,-0.0052945069490403229
2015-06-30,0,0,-0.0061908552224284596,0
2015-07-01,0,-0,-0.0034706772270178821,-0.008649367930804952
2015-07-02,0,0,-0.0019646365422396617,0.0033557046979864058
2015-07-06,0,0,0.0026843235504652174,0.0026755852842810235
2015-07-07,0,-0,-0.011600928074245953,-0.03735823882588396
2015-07-08,-0.00017746082067590337,-7.7460820676039313e-05,0.0029794149512458734,0.0020790020790022457
2015-07-09,0.00913438178274633,0.0091343817827464133,0.0024304617877395351,0.020746887966804906
2015-07-10,0.003522795625212894,0.0035227956252128437,0.0011673850574711597,0.0081300813008131634
2015-07-13,-0.00016713416951826413,-0.00016713416951817068,-0.004484707148623146,-0.0047043010752688685
2015-07-14,-0.0029788862593534888,-0.0029788862593535959,-0.0022524551761420319,-0.008102633355840716
2015-07-15,-0.0063030437512011962,-0.006303043751201204,-0.0052374932273794306,-0.017699115044247815
2015-07-16,-0.00096012137890045851,-0.00096012137890036169,-0.0036310820624545492,-0.0055440055440055813
2015-07-17,0.00084332361135760201,0.00084332361135762489,-0.010112973760932897,-0.0083623693379790698
2015-07-20,0.0070160947341140634,0.0070160947341139038,-0.027151403589507628,-0.012649332396345692
2015-07-21,0.0045400032401247932,0.0045400032401248722,-0.0031220435193944907,0.0064056939501779819
2015-07-22,0.0025223200159245527,0.002522320015924567,-0.0054095093480118761,0
2015-07-23,-0.0026721987059109093,-0.0026721987059110126,-0.0044847328244275175,-0.0099009900990099098
2015-07-24,-0.0038344048918601929,-0.0038344048918601617,0.0097766701811559109,0.0014285714285713347
2015-07-27,-0.0012357255778807407,-0.0012357255778806427,-0.0046511627906976605,-0.007132667617688937
2015-07-28,0.0027052095332989788,0.0027052095332990274,0.0015258439824528125,0.0071839080459770166
2015-07-29,0.0037645926021212146,0.0037645926021212567,0.0014282993715484249,0.0092724679029958512
2015-07-30,0.001940770414371054,0.0019407704143710556,-0.008557573452505518,-0.0042402826855123532
2015-07-31,-0.0032501946552888688,-0.0032501946552890263,0.0063297209168506896,-0.00070972320794893129
2015-08-03,-0.0034655881656674727,-0.0034655881656674601,-0.0079100352616030545,-0.014914772727272818
2015-08-04,0.00077302673335504066,0.00077302673335503079,0.0020172910662825672,0.0036049026676279183
2015-08-05,0.0027088286764000856,0.0027088286764000717,-0.0036429872495445936,0.0021551724137931494
2015-08-06,-0.00067597284063695604,-0.00067597284063691625,0.0044260559992301829,0.0028673835125447855
2015-08-07,0.0029306269469312274,0.0029306269469312348,0.0024906600249066102,0.008577555396711789
2015-08-10,0.0098599086898468538,0.0098599086898469041,0.010224558050645038,0.030474840538625037
2015-08-11,-0.001111366024334062,-0.0010157341091412326,0.005107832009080715,0.0068775790921595803
2015-08-12,0,0,0.014022209674383612,0.012295081967213184
2015-08-13,0,0,-0.0082598607888630937,-0.007422402159244279
2015-08-14,0,0,-9.3580385551184087e-05,-0.010876954452753274
2015-08-17,0,0,0.0026204960224613938,0.0054982817869415612
2015-08-18,0,0,-0.00018668906935492835,-0.028024606971975397
2015-08-19,0,0,0.013444122864345154,0.024613220815752346
2015-08-20,0,0,0.017411331183786238,0.014413177762525597
2015-08-21,0,0,0.0062477363274175968,-0.011502029769959399
2015-08-24,0,0,-0.0053990821560334634,-0.032854209445585147
2015-08-25,-0.0011907134286770395,-0.0010907134286768957,-0.012394824934407023,-0.0099079971691437008
2015-08-26,-0.0084538072310482385,-0.0084538072310482992,-0.013649688530597226,-0.030736240171551077
2015-08-27,0.0082998308641619375,0.0082998308641618369,0.00055725828921704412,0.017699115044247815
2015-08-28,-0.00016263568051318097,-0.00016263568051314898,0.009003991460131866,0.0086956521739129933
2015-08-31,0.0019346452524667183,0.0019346452524668194,0.0011039558417662576,0.0050287356321838672
2015-09-01,-0.0034951615390321029,-0.0034951615390321879,0.0034920051461129198,-0.0035739814152967453
2015-09-02,0.0054842106172872003,0.0054842106172872862,-0.0053113553113552925,0.0057388809182210565
2015-09-03,0.0035369083121250576,0.0035369083121250238,-0.0071809979745903751,0
2015-09-04,-0.0019364384431993318,-0.0019364384431994376,-0.0032455489614243715,-0.007132667617688937
2015-09-08,0.0069136706771729109,0.0069136706771730635,0.00027909572983531028,0.014367816091954033
2015-09-09,-0.0004013166812434496,-0.0004013166812435591,-0.012927827380952439,-0.013456090651558061
2015-09-10,0.00097666828512026223,0.0009766682851202811,0.0023556016206538466,0.0043072505384063042
2015-09-11,-0.00041081746671241064,-0.00041081746671247027,-0.0020680579056213677,-0.002859185132237374
2015-09-14,-0.0058696785675666887,-0.0058696785675666895,0.00056518462697807692,-0.011469534050179253
2015-09-15,0.00074291432459978836,0.00074291432459990415,-0.0030126153266804012,-0.0014503263234227903
2015-09-16,0.0094598013410186338,0.0094598013410186251,0.013314447592067902,0.032679738562091609
2015-09-17,0.0020461736318445251,0.0020461736318444566,0.010250675612710758,0.014064697609001309
2015-09-18,0.0030784295875988838,0.0031779441873224985,0.0073793930449219669,0.0034674063800277377
2015-09-21,0,0,-0.0062265360314989193,0.0013821700069107656
2015-09-22,0,0,-0.0068183912282318015,-0.024154589371980673
2015-09-23,0,0,0.0039892383337971626,-0.0014144271570014633
2015-09-24,0,0,0.020975790057290666,0.021954674220963311
2015-09-25,0,0,-0.0061544031134038724,-0.0020790020790020236
2015-09-28,0,0,-0.012658227848101222,-0.031944444444444553
2015-09-29,0,0,-0.0040582918280759328,0.0021520803443328962
2015-09-30,0,0,-0.010372291165030578,-0.0071581961345741352
2015-10-01,0,0,-0.0012165450121653931,0.0021629416005768398
2015-10-02,0,0,0.021174927386863995,0.046762589928057485
2015-10-05,0,0,-0.0020185338104413697,0.023367697594501635
2015-10-06,0,0,0.010021145536453169,0.012088650100738674
2015-10-07,0,0,-0.0014563990533406068,0.014598540145985384
2015-10-08,-0.0032117428760442281,-0.0031117428760442539,-0.0051048313582497951,-0.019620667102681399
2015-10-09,0.0035732081580388863,0.0035732081580386421,0.015851200293201417,0.0086724482988658202
2015-10-12,0.0016792320701936206,0.0016792320701938459,0.0039686118877964027,0.00066137566137580706
2015-10-13,0.0015094624863567488,0.0015094624863566393,0.0049411553319558266,0.00198281559814939
2015-10-14,0.00020628023747413352,0.00020628023747406527,0.017432504916860436,0.01715039577836408
2015-10-15,-0.001369976917125121,-0.0013699769171250282,-0.0045690185396713989,-0.0019455252918287869
2015-10-16,2.6865468655011098e-05,2.6865468655064173e-05,-0.0070615235237003748,-0.0071474983755686061
2015-10-19,0.0035433865168415534,0.0035433865168414728,-0.0041781491688149819,-0.011125654450261813
2015-10-20,0.00056418461745051923,0.00056418461745068717,0.0063381539010891608,0.005294506949040434
2015-10-21,0.002117171772854704,0.0021171717728546416,-0.0088707531269405226,-0.013166556945358732
2015-10-22,-0.0041739516689492497,-0.0041739516689492853,-0.00035800590709755831,0.0080053368912607059
2015-10-23,-0.001200520495739084,-0.0012005204957392104,-0.0017011370758348576,0.00066181336863002649
2015-10-26,1.48920167763926e-05,1.4892016776630009e-05,-0.00062780269058293481,-0.00066137566137569603
2015-10-27,0.00047243147207719747,0.00047243147207694144,0.0022435609799873468,0.001323626737260275
2015-10-28,-0.0084533202877114973,-0.0084533202877112423,-0.0080587392550143244,0.0085922009253138754
2015-10-29,0.0079341881273792131,0.0079341881273790899,-0.0095685141722332556,-0.024901703800786268
2015-10-30,0.00075840366067769414,0.00075840366067764036,-0.0038279256288734631,-0.0053763440860215006
2015-11-02,-0.00056534012968130097,-0.00056534012968122735,-0.0064958828911252375,-0.0054054054054054612
2015-11-03,-0.0026676279162035459,-0.0026676279162036265,-0.014826411271756101,-0.0095108695652174058
2015-11-04,0.0020838121324106133,0.0020838121324106527,-0.0094410170125257542,-0.013717421124828433
2015-11-05,0.0011698180075073916,0.0011698180075074658,-0.0031140888930829558,-0.0055632823365785455
2015-11-06,0.00032740393906660576,0.00032740393906632972,-0.014577811435062538,-0.015384615384615441
2015-11-09,0.0077172491236052847,0.0077172491236055978,0.0028818443804035088,-0.013494318181818121
2015-11-10,0.0033149752260501109,0.0033149752260499383,-0.0021072796934865634,-0.0093592512598992261
2015-11-11,0.0011542181242521271,0.0012464867424496718,-0.003359569975043275,-0.008720930232558044
2015-11-12,0,0,0.0001926225561013073,0
2015-11-13,0,0,-0.0027924891670677576,-0.003665689149560114
2015-11-16,0,0,0.0014484356894552963,0.00073583517292119538
2015-11-17,0,0,-0.013209912255327305,-0.00367647058823517
2015-11-18,0,0,0.00087942153605635731,-0.0022140221402214832
2015-11-19,0,0,0.011031924240944901,0.0073964497041418831
2015-11-20,0,0,-0.004538431826960232,-0.0088105726872246271
2015-11-23,0,0,-0.0080512173828692912,-0.0037037037037037646
2015-11-24,0,0,0.006649716409153017,0.004460966542751077
2015-11-25,0,0,-0.0046629104332621685,0.00074019245003698053
2015-11-27,0,0,-0.011809486628928334,-0.0044378698224850632
2015-11-30,0,0,0.0066172839506173364,-0.0014858841010402246
2015-12-01,0,0,0.0035321821036107259,0.0052083333333332593
2015-12-02,0,-0,-0.015545561204536651,-0.010362694300518172
2015-12-03,0,0,0.010626675936041385,0.0067314884068812031
2015-12-04,0,0,0.022209119496855223,0.030460624071322329
2015-12-07,0,-0,-0.01297827340895974,-0.018024513338139925
2015-12-08,0,0,0.0016557903964156129,-0.0080763582966225655
2015-12-09,0,0,-0.00194476857253989,-0.0014803849000739611
2015-12-10,0,0,-0.00087685113016366945,-0.0029651593773165619
2015-12-11,0,0,0.0054607508532422688,-0.011152416356877248
2015-12-14,0,-0,-0.012801862089031113,-0.018045112781954864
2015-12-15,0.00083402811916208916,0.0009340281191623131,-0.0026525198938992522,0.0038284839203674981
2015-12-16,0.0084391120792049155,0.0084391120792048704,0.012115839243498794,0.02898550724637694
2015-12-17,-0.0045339829056603052,-0.0045339829056602974,-0.021897810218978075,-0.030392883617494482
2015-12-18,0.005750991807623178,0.0057509918076231415,0.015323383084577147,0.026758409785932802
2015-12-21,0.00063882519009121781,0.00063882519009124676,0.010878087024696281,0.011913626209977712
2015-12-22,0.0026253916984369341,0.0026253916984368465,-0.005235094522540007,0
2015-12-23,0.0025833416306985987,0.0025833416306986798,-0.0029236916479874475,0.0022075055187638082
2015-12-24,-0.00095245452087692356,-0.00095245452087693049,0.0072329195582054862,0.0051395007342143195
2015-12-28,-0.011247514189661127,-0.011247514189661119,-0.0075691411935953079,-0.029218407596785956
2015-12-29,-0.00041698790166264918,-0.00041698790166263145,-0.00068446269678290594,-0.0015048908954100604
2015-12-30,0.0015405658331720375,0.0015405658331720524,-0.0076320939334637572,-0.0045214770158250595
2015-12-31,-0.0009545083056194286,-0.00095450830561948498,0.00039439952672037926,-0.0015140045420137804
2016-01-04,-0.0070005277423005339,-0.0070005277423005503,0.014094224324857185,0
2016-01-05,0.0031600423460788236,0.0031600423460788575,0.0028185440761978597,0.0090978013646703104
2016-01-06,-0.0054161734696277558,-0.0054161734696277671,0.014440783097499521,0.0037565740045077956
2016-01-07,0.0026540866808651515,0.0026540866808651615,0.01413967708034769,0.019461077844311392
2016-01-08,-0.0099184912952499284,-0.0099184912952499753,-0.0044276966556758834,-0.023494860499265635
2016-01-11,0.0015895376084059812,0.001589537608405955,-0.0088947766843301412,-0.0060150375939849177
2016-01-12,0.00070613183021661793,0.00070613183021672754,-0.0050601489402329891,-0.0037821482602118373
2016-01-13,0.009796252982564169,0.00979625298256411,0.0048939641109297938,0.024297646165527764
2016-01-14,-0.0030858012363818104,-0.0030858012363816851,-0.016233766233766267,-0.022238695329873992
2016-01-15,-0.0033155195431653749,-0.003315519543165554,0.010289264220539662,0.0037907505686125553
2016-01-19,0.0051029154849161536,0.0051029154849161328,-0.00096079938508830676,0.0090634441087613649
2016-01-20,-0.0022603920255249458,-0.0022603920255248027,0.013367955376033747,0.0089820359281438389
2016-01-21,-0.0013580955346289879,-0.0013580955346290744,0.001138844073265588,-0.0014836795252225476
2016-01-22,-0.00064574082461926481,-0.00064574082461915823,-0.004644990046449804,-0.0059435364041604544
2016-01-25,0.0023324914536715338,0.0023324914536714926,0.010285714285714231,0.014947683109117982
2016-01-26,0.0032167988563806763,0.0032167988563805436,0.011406485671191735,0.01767304860088359
2016-01-27,-0.0023488257677517048,-0.0023488257677514337,0.0037282132537981294,-0.00072358900144720018
2016-01-28,-0.0035098179287846257,-0.0035098179287848734,-0.01067880026000545,-0.017378711078928299
2016-01-29,-0.0012607004177265727,-0.0012607004177264864,0.0038483198798573426,0.0014738393515105752
2016-02-01,-0.002374358425471164,-0.002374358425471085,0.010285179990649818,0.0058866813833702292
2016-02-02,-0.0021246323876172664,-0.0021246323876172239,0.00037019898195289613,-0.0036576444769569338
2016-02-03,0.006967018855049396,0.0069670188550493631,0.010731797576093882,0.024229074889867919
2016-02-04,0.0019113082732560252,0.0019113082732559984,0.01208237986270011,0.015770609318996431
2016-02-05,-0.002126153598656855,-0.002126153598656855,0.015827077869223105,0.011997177134791759
2016-02-08,0.0021229931214500476,0.0021229931214499583,0.013443732193732183,0.017433751743375137
2016-02-09,-0.0018280366379492177,-0.0018280366379492278,-0.0021962575770886339,-0.0054832076764907978
2016-02-10,-0.00281470825418937,-0.0028147082541892647,0.0077478429300932294,0.0027567195037905279
2016-02-11,-0.0074160598092735735,-0.0074160598092736932,0.040188712213873989,0.027491408934707806
2016-02-12,0.0050434507742419107,0.0050434507742418587,-0.0058793885435914905,0.0026755852842810235
2016-02-16,-0.00066523891889925363,-0.00066523891889919216,-0.030331192970598164,-0.032021347565043379
2016-02-17,-0.0023720243823039159,-0.002372024382303856,0.0061862856147076872,0.0020675396278428959
2016-02-18,-0.005496087524697147,-0.005496087524697147,0.024333217873224733,0.015130674002751032
2016-02-19,-0.001107019438646612,-0.0011070194386465834,-0.0060021979879956167,-0.0081300813008129413
2016-02-22,0.0023108260610856697,0.0023108260610857231,-0.017775131825140345,-0.014344262295082011
2016-02-23,-0.0043860497527685336,-0.0043860497527686525,0.01497965191791506,0.0076230076230074939
2016-02-24,-0.0027397394532039645,-0.0027397394532040426,0.003327077290564695,-0.0013755158184318717
2016-02-25,-0.0058627771055973239,-0.0058627771055972128,0.0026358302865403527,-0.007575757575757569
2016-02-26,-0.011231501057475978,-0.011231501057475866,-0.0068690637720488779,-0.027064538514920189
2016-02-29,-0.00068452931239675312,-0.00068452931239683303,0.013064640081974277,0.012838801711840153
2016-03-01,0.0032692082701964035,0.0032692082701963618,-0.0073331085637222682,-0.0021126760563380254
2016-03-02,-0.0014795410921509074,-0.0014795410921509009,0.0077269253629956847,0.0056457304163726185
2016-03-03,-0.00056561567255996594,-0.00056561567256007577,0.017273340074148935,0.017543859649122862
2016-03-04,0.011309139923304887,0.011309139923304854,-0.0015737596289240319,0.017931034482758568
2016-03-07,0.0024631214705106604,0.0024631214705107362,0.0049776007964161817,0.0094850948509486166
2016-03-08,-0.0081488008810055666,-0.0081488008810054365,-0.0046227505365692423,-0.018791946308724938
2016-03-09,0.0015376836170026096,0.0015376836170025252,-0.0082932492950738013,-0.0061559507523939461
2016-03-10,0.0016783727435509105,0.0016783727435510422,0.016056196688409408,0.019958706125258185
2016-03-11,0.0066751600777551386,0.0066751600777548757,-0.017201646090534983,-0.0067476383265856477
2016-03-14,0.0022899803094365984,0.0022899803094367497,-0.012896742316388821,-0.0095108695652174058
2016-03-15,-0.0020153015802429515,-0.0020153015802430153,0.0007635530669380941,-0.002743484224965731
2016-03-16,-0.00035206155676435888,-0.00035206155676440382,0.022295693455408605,0.022696011004126548
2016-03-17,0.013674229357785521,0.013674229357785735,-0.0038145783232441666,0.0195023537323471
2016-03-18,-0.00013311222990453875,-1.5302312855173778e-05,-0.0027470240572712301,-0.0085751978891821512
2016-03-21,0,0,-0.0070116861435726152,0.0019960079840319889
2016-03-22,0,0,0.0029421654337593584,0.0039840637450199168
2016-03-23,0,-0,-0.022630123208448594,-0.040343915343915349
2016-03-24,0,0,-0.0024011662807649214,-0.0055134390075809447
2016-03-28,0,0,0.0023209834092667858,0.0020790020790022457
2016-03-29,0,0,0.018524871355060091,0.0096818810511756226
2016-03-30,0,0,-0.013977770293028047,-0.007534246575342407
2016-03-31,0,0,0.0046114432109309877,0.013112491373360902
2016-04-01,0,0,-0.0060353621217272835,-0.023160762942779245
2016-04-04,0,-0,-0.0066706576584281141,-0.0097629009762901786
2016-04-05,0,0,0.013000430477830394,0.015492957746478853
2016-04-06,0,0,-0.0061193268740438178,-0.0055478502080443803
2016-04-07,0,0,0.01428082777492734,0.0097629009762900676
2016-04-08,0,0,-0.001517578619003368,0.0096685082872927097
2016-04-11,0,0,0.013510090348729076,0.035567715458276528
2016-04-12,0,0,0.00016662501041397881,0.017833553500660404
2016-04-13,0,0,-0.010662224073302751,0.0019467878001298011
2016-04-14,0,-0,-0.013976593415845673,-0.0064766839378238572
2016-04-15,0.00046622402569751345,0.00056622402569730501,0.0069165741610452969,0.0078226857887875312
2016-04-18,0.00053138630740919653,0.00053138630740927264,-0.0015264586160108617,-0.0025873221216041742
2016-04-19,-0.014871301428672497,-0.014871301428672589,0.015627654153218984,0.045395590142671916
2016-04-20,-0.0032946128318465024,-0.0032946128318464126,-0.005101187489546688,0.0012406947890819531
2016-04-21,-0.00036124994776645718,-0.00036124994776628376,0.0037824661679415339,0.0043370508054523249
2016-04-22,-0.0039925067145987177,-0.0039925067145985581,-0.012811924300787148,-0.004935225169648505
2016-04-25,0.00015349047794275227,0.0001534904779425335,0.0028840444482145511,0.0024798512089276858
2016-04-26,-0.0019343391583237003,-0.0019343391583236402,0.0039753023767232776,0.0074211502782930427
2016-04-27,-0.0015080974480779798,-0.0015080974480779245,0.0028643639427128331,0.0055248618784531356
2016-04-28,-0.0031516248926654238,-0.0031516248926653128,0.018901209677419262,0.023809523809523947
2016-04-29,0.0033312134797312859,0.003331213479731161,0.019457498557176933,0.012522361359570633
2016-05-02,0.009524786870819783,0.0095247868708197327,-0.0033158107561667149,-0.020023557126030656
2016-05-03,0.0010961448592997987,0.0010961448592997417,-0.0022719896137617379,-0.0042067307692308376
2016-05-04,-0.00060727031505134312,-0.00060727031505114688,-0.0060995445673389659,-0.0048280024140012756
2016-05-05,-0.0012645390949755154,-0.0012645390949755618,-0.0011455691023647407,0.0012128562765314488
2016-05-06,0.00084765534463833621,0.00084765534463819255,0.0090931432784469024,0.0072683222289520177
2016-05-09,0.0058654856505366993,0.0058654856505366195,-0.020539048546842076,-0.030667468430547129
2016-05-10,-0.0038241891697552823,-0.003824189169755078,0.0027351844177372353,0.0099255583126551805
2016-05-11,-0.0042890763867945644,-0.0042890763867947865,0.0094230451314267771,0.017199017199017064
2016-05-12,0.0070706095711133895,0.0070706095711134008,-0.0078611202096299237,-0.020531400966183555
2016-05-13,0.0003999246095299955,0.00039992460953003681,0.0045394519643446873,0.0036991368680643344
2016-05-16,-0.00092441751331340911,-0.00092441751331340423,0.00073946265713575876,0.0024570024570023108
2016-05-17,-0.0011447565697488909,-0.0011447565697488768,0.0034482758620690834,0.0055147058823530326
2016-05-18,0.004329526903627411,0.0043295269036273927,-0.01734576992308956,-0.024984765386959151
2016-05-19,0.0098104321830150502,0.0098104321830152011,-0.0019150707743545992,-0.020625000000000004
2016-05-20,-0.0013285869115837875,-0.0013285869115837543,-0.001334779344289716,0.0012763241863433805
2016-05-23,0.0017967223540713733,0.0017967223540711961,-0.0028401971430956907,-0.0063734862970044048
2016-05-24,-0.003293806656362815,-0.0032938066563627023,-0.017341040462427793,-0.0109044259140475
2016-05-25,-0.0039645553907295249,-0.0039645553907297244,-0.0027280477408354598,0.005188067444876765
2016-05-26,-0.0026916427567196008,-0.0026916427567192603,-0.0034193879295606466,0.001935483870967758
2016-05-27,0.00045787099943028628,0.00045787099942996097,-0.0082346886258363172,-0.0090148100450739843
2016-05-31,0.0084280827892613906,0.008428082789261597,0.0038055699705932255,-0.01299545159194293
2016-06-01,0.00013779251491153959,0.00013779251491155629,-0.0010339479579528632,-0.0013166556945358732
2016-06-02,-0.0027699774548861863,-0.002769977454886437,-0.0023287907538381836,0.0032959789057349642
2016-06-03,0.0010183825846590241,0.0010183825846591232,0.027751361632229576,0.025624178712220669
2016-06-06,-0.0021029258492334451,-0.0021029258492332686,0.00033647375504708421,0.004484304932735439
2016-06-07,0.0021765107237020783,0.0021765107237020883,-0.00084090144635051711,-0.0051020408163264808
2016-06-08,-0.012307983577858532,-0.012307983577858757,0.014812321158054198,0.039102564102564186
2016-06-09,-0.005657357165374576,-0.0056573571653742516,0.0055564770276994579,0.016039481801357169
2016-06-10,0.0014653513523069756,0.0014653513523069422,0.0040412371134019853,0.0012143290831814202
2016-06-13,0.00092876540617223475,0.00092876540617206496,0.007392804337111869,0.0054578532443905203
2016-06-14,0.0018824046881005655,0.0018824046881006449,0.001060013046314312,-0.0024125452352231624
2016-06-15,-0.0010061956102239509,-0.0010061956102239992,0.0074122342591840251,0.0090689238210399647
2016-06-16,0.0069007093659666958,0.006900709365966564,-0.010510996119016958,-0.022768124625524466
2016-06-17,-0.0027473757438339912,-0.0027473757438338129,0.012828893610067116,0.017780502759043637
2016-06-20,-0.0048292729634145121,-0.0048292729634145095,-0.0059701492537314049,0.0030120481927708997
2016-06-21,-0.0013546539987621135,-0.0013546539987621684,-0.019235451667883985,-0.016216216216216162
2016-06-22,-0.001061007293442995,-0.00106100729344292,0.00049652432969216065,0.0024420024420026554
2016-06-23,-0.0057426879966522458,-0.0057426879966523776,-0.0065343258891646938,0.0042630937880632214
2016-06-24,0.012450100529624546,0.012450100529624549,0.049121638498043518,0.024257125530624757
2016-06-27,0.0035452696857860618,0.0035452696857861355,0.0053170383302911794,-0.001184132622853773
2016-06-28,-0.0071514058081467487,-0.0071514058081467531,-0.010735712030312761,0.0023710729104919892
2016-06-29,-0.012913790379261327,-0.012913790379261362,0.0041493775933609811,0.027202838557066844
2016-06-30,-0.01393640444039162,-0.013936404440391556,0.0050063572790846056,0.028785261945883711
2016-07-01,-0.020841146698265027,-0.020841146698265253,0.015339606230726721,0.048684946838276399
2016-07-05,-0.0034889941612470171,-0.0034889941612469806,0.0082548088155127708,0.012806830309498585
2016-07-06,-0.00070277427911636953,-0.00070277427911640401,0.0058700857341469348,0.006322444678609207
2016-07-07,0.011312421663248032,0.011312421663248176,-0.0037625739077016274,-0.02041884816753925
2016-07-08,-0.01400004082649285,-0.014000040826492756,0.0060120240480963094,0.027258150721539254
2016-07-11,-0.0084102260235697258,-0.0084102260235699028,-0.0094238430891818714,0.0041623309053071544
2016-07-12,-0.0024900302207327479,-0.0024900302207326547,-0.016551937504833969,-0.010880829015544102
2016-07-13,-0.0051568532762521942,-0.0051568532762522323,0.0092017302398741396,0.015715034049240462
2016-07-14,0.00035607159905278797,0.00035607159905289373,-0.0077150872817954852,-0.0072202166064981865
2016-07-15,0.0037398337771104347,0.0037398337771103571,-0.0038482682792743139,-0.0088311688311689673
2016-07-18,0.00022036715162834439,0.00022036715162834967,0.0015767896562599582,0.0010482180293502896
2016-07-19,0.0071308845800019914,0.0071308845800022377,0.001338161209067934,-0.0094240837696334401
2016-07-20,0.0091384087840921963,0.0091384087840919049,-0.014307051332442366,-0.026427061310782207
2016-07-21,-0.0072587705179705218,-0.0072587705179705392,0.015232474679001573,0.024972855591747889
2016-07-22,0.0029801714905452158,0.0029801714905453441,-0.0074626865671642006,-0.01112288135593209
2016-07-25,0.00050492163920810482,0.00050492163920803565,-0.0069647803719825596,-0.0069630423138726805
2016-07-26,-0.0017557859873714703,-0.0017557859873713569,0.0042241173188810599,0.0064724919093852584
2016-07-27,-0.015468409231481416,-0.015468409231481597,0.016111111111111187,0.038049303322615247
2016-07-28,0.0039472494214796584,0.0039472494214798136,-0.002889947668515247,-0.0082601961796592294
2016-07-29,0.0011733123057422893,0.0011733123057420288,0.010339965533448181,0.0072878709005725906
2016-08-01,-0.0017091577654282325,-0.0017091577654280475,0.0018607536052102081,0.0041343669250644144
2016-08-02,-0.0011361240586908721,-0.0011361240586907763,0.0081256771397617555,0.0087493566649512466
2016-08-03,0.0048991343528346091,0.0048991343528343783,-0.0047593459737468313,-0.011224489795918502
2016-08-04,0.0020706158424226855,0.0020706158424228819,0.0016968762051676745,-0.0015479876160989781
2016-08-05,0.011774583666384527,0.011774583666384415,-0.017864017864017923,-0.033074935400516869
2016-08-08,-0.0015414665149358971,-0.0015414665149357633,-0.00086240689925520808,0.0016034206306787535
2016-08-09,-0.0021452294972366687,-0.0021452294972368184,0.0040803515379785882,0.0069370330843117056
2016-08-10,-0.0073548736350357771,-0.0073548736350357944,0.0046889653016568555,0.015368309485956466
2016-08-11,0.0029176274054489707,0.0029176274054489612,-0.006922837585563113,-0.010438413361169019
2016-08-12,0.0071539796974145831,0.0071539796974144166,-0.0021148272891047259,-0.012658227848101333
2016-08-15,-0.0018142644988848923,-0.0018142644988845111,0.0034536891679748383,0.0058760683760683552
2016-08-16,0.0032243988748935667,0.0032243988748933889,0.0049280350438047904,-0.0005310674455655251
2016-08-17,0.004991060020927157,0.0049910600209271735,0.00023351755273615105,-0.0074388947927737092
2016-08-18,-0.000342794643543198,-0.00034279464354321226,0.0047470817120622844,0.0048179871520341866
2016-08-19,0.0093317888840407925,0.0093317888840407977,-0.0088296801177292217,-0.022376132125732417
2016-08-22,0.012141579535430826,0.012141579535431017,-0.001484722981948905,-0.020708446866485097
2016-08-23,-0.0012242348981800861,-0.0011064288353050328,-0.00015651901706059679,-0.0022259321090706274
2016-08-24,0,-0,-0.011114589855980017,-0.017289459007250318
2016-08-25,0,0,-0.00087066645559596978,0.00056753688989763518
2016-08-26,0,0,-0.0014259684702527808,0.0051049347702778469
2016-08-29,0,0,0.0019833399444664224,0.010158013544018019
2016-08-30,0,-0,-0.010055423594615975,-0.012849162011173032
2016-08-31,0,0,-0.0019995201151723485,0.0028296547821164975
2016-09-01,0,0,0.0040871934604904681,0.012415349887133331
2016-09-02,0,0,0.010216298188203243,0.027870680044593144
2016-09-06,0,0,0.016907640041084138,0.033080260303687492
2016-09-07,0,0,-0.0034185377981508225,-0.014173228346456623
2016-09-08,0,0,-0.005301317533328187,-0.0085197018104365974
2016-09-09,0,-0,-0.0065835880554903081,-0.027389903329752996
2016-09-12,0,0,-0.0012623274161734921,0.0033130866924353519
2016-09-13,0,-0,-0.0066355952286910602,-0.013208585580627541
2016-09-14,0,0,0.0034194831013916183,0.0050195203569436408
2016-09-15,0,0,-0.0064194008559200766,0.0011098779134295356
2016-09-16,0,0,-0.0024726808646406973,-0.0099778270509978118
2016-09-19,0,0,0.0020790020790020236,0.01903695408734607
2016-09-20,0,0,0.00095754867539099564,0.0038461538461538325
2016-09-21,0,0,0.014588647959183687,0.031746031746031855
2016-09-22,0,0,0.0023571933684292112,0.0026525198938991412
2016-09-23,0,0,0.00062710668652510293,-0.011640211640211562
2016-09-26,0,0,-0.00078339208774003133,-0.014453961456102782
2016-09-27,0,-0,-0.0072912583300666078,-0.0130363932645301
2016-09-28,0,0,-0.0031590586005371124,0.0022014309301046087
2016-09-29,0,0,-0.0011884012042465697,-0.0054914881933004756
2016-09-30,0,0,-0.0034108035218528565,0.0049696300386525838
2016-10-03,0,0,-0.0025469595670168932,-0.018131868131868067
2016-10-04,0,-0,-0.034711139482923703,-0.052042529378847235
2016-10-05,0,0,-0.0015706373481028102,-0.005312868949232552
2016-10-06,0,-0,-0.0092730584533863292,-0.024332344213649826
2016-10-07,1.827950042337463e-05,0.00011827950042323656,0.00066856092261402544,0.0097323600973235891
2016-10-10,0.0021492930540351492,0.0021492930540351445,0.0035075997995657193,0.0078313253012047834
2016-10-11,-0.0025529561404550871,-0.0025529561404550121,-0.005076564580559273,-0.010161386730424438
2016-10-12,0.0019069089733907475,0.0019069089733905992,0.0015892931827687917,0.0054347826086955653
2016-10-13,-0.0023973914288792524,-0.0023973914288790039,0.0024219141473191819,-0.0024024024024023038
2016-10-14,0.0012844454139332711,0.0012844454139331789,-0.0055819378488711768,-0.0030102347983143041
2016-10-17,-0.0010281010911737331,-0.0010281010911737543,0.0026809651474530849,0.00060386473429963061
2016-10-18,0.0014211203500611048,0.0014211203500610428,0.0061831550802138313,0.0090525045262521697
2016-10-19,-0.00076689447839663205,-0.00076689447839661893,0.0057299451918286781,0.0041866028708135161
2016-10-20,-0.0029555564543264673,-0.0029555564543264886,-0.0030550738997605631,-0.0089338892197735609
2016-10-21,-7.4291739476166523e-05,-7.4291739476236101e-05,0.00074540334603279135,0.00060096153846145306
2016-10-24,0.0026253276727396181,0.0026253276727396962,-0.0022345444012248361,0.0030030030030030463
2016-10-25,0.001014568339415786,0.0010145683394159062,0.0075481088254809592,0.0095808383233533245
2016-10-26,-0.0016681666038524455,-0.0016681666038524275,-0.005598090063390071,-0.0088967971530248269
2016-10-27,-0.0003144652161125906,-0.00031446521611261342,0.0018213428263929021,0.0011968880909634105
2016-10-28,0.0018287617235749187,0.0018287617235747805,0.0047103545161555349,0.0083682008368202165
2016-10-31,0.0014994124064063264,0.001499412406406439,0.0029610133245598913,0.005927682276229973
2016-11-01,0.0098759489601679459,0.0098759489601678747,0.0064785960308348933,0.025928108426635399
2016-11-02,0.00070639167836822575,0.00070639167836815007,0.0074146500448137864,0.0086157380815621298
2016-11-03,-0.0068443526717929934,-0.0068443526717929621,0.0053380782918148739,-0.0079726651480636068
2016-11-04,0.00081950253680915957,0.00081950253680920218,0.00072405470635561464,0.0022962112514350874
2016-11-07,0.0041785194256905491,0.0041785194256905404,-0.018007878446820391,-0.0097365406643757924
2016-11-08,0.0053526260345405684,0.0053526260345405719,-0.0041751944330741253,0.0063620589936379535
2016-11-09,0.0025875179904316977,0.0026909089513665846,-0.00065767839526464922,0.0028735632183909399
2016-11-10,0,0,-0.014889766370516644,0.0063037249283668384
2016-11-11,0,-0,-0.022129436325678542,-0.062072892938496604
2016-11-14,0,-0,-0.0084543125533731445,-0.02853673345476615
2016-11-15,0,0,0.0086986478339505791,0.01187500000000008
2016-11-16,0,0,-0.0029883879781421596,-0.0061766522544781655
2016-11-17,0,0,-0.0051383060717649087,-0.015537600994406486
2016-11-18,0,-0,-0.0087802358612377729,-0.0069444444444444198
2016-11-21,0,0,0.0037342596613112455,-0.00063572790845511928
2016-11-22,0,0,-0.00034608063678831513,0.0050890585241729624
2016-11-23,0,0,-0.019819975765968501,-0.017721518987341867
2016-11-25,0,0,-0.0056512141280353756,0.0070876288659793563
2016-11-28,0,0,0.01056744516472774,0.0089571337172105192
2016-11-29,0,0,-0.0046572934973637681,0.00063411540900437657
2016-11-30,0,0,-0.013419263706188733,-0.0076045627376425395
2016-12-01,0,0,-0.0018791946308723828,0
2016-12-02,0,0,0.0053792361484668039,0.010855683269476391
2016-12-05,0,0,-0.0053504547886570331,0.0031585596967782514
2016-12-06,0,0,-0.00098619329388560661,-0.0018891687657431877
2016-12-07,0,0,0.0035896975679798881,0.023974763406940047
2016-12-08,0,0,-0.0023249575248145415,-0.0055452865064694601
2016-12-09,0,0,-0.010486689970422014,-0.010532837670384154
2016-12-12,0,0,0.0038043478260867403,0.013775829680651164
2016-12-13,0,-0,-0.0033387475184983861,-0.0092649783817172482
2016-12-14,0,0,-0.014667270258035381,-0.0068578553615959992
2016-12-15,0,-0,-0.013691077827804765,-0.047080979284369162
2016-12-16,0,0,0.006614495994037517,0.0059288537549406772
2016-12-19,0,0,0.0049976862563627655,-0.0065487884741323166
2016-12-20,0,0,-0.0073671608803757005,0.0046143704680290387
2016-12-21,0,0,0.00055663790704141292,-0.0078740157480315931
2016-12-22,0,-0,-0.002410755679183918,-0.0092592592592591894
2016-12-23,0,0,0.0031601449948879257,-0.0046728971962617383
2016-12-27,0,0,0.0058371166496802296,0.014755197853789426
2016-12-28,0,0,0.0027634487840824118,0.0046265697290150953
2016-12-29,0,0,0.013136138159103528,0.0078947368421053987
2016-12-30,0,0,-0.0061655635143712528,-0.013707571801566676
2017-01-03,0,0,0.0078459994526047794,0.02183984116479154
2017-01-04,0,0,0.0035303702362632361,0.0090673575129534001
2017-01-05,0,0,0.015515064044741012,0.011553273427471034
2017-01-06,0,0,-0.0073725350861609806,-0.0076142131979695105
2017-01-09,0,0,0.0082326621923938248,0.0038363171355497716
2017-01-10,0,0,0.0042602289873081567,0.013375796178344057
2017-01-11,0,0,0.0030932390631903672,-0.0025141420490257804
2017-01-12,0,0,0.0036123348017620405,0.002520478890989386
2017-01-13,0,0,0.0026336581511718915,0.0018856065367693908
2017-01-17,0,0,0.014359513177480077,0.021329987452948673
2017-01-18,0,0,-0.008459214501510437,-0.0055282555282555323
2017-01-19,0,0,-0.00087054931661889601,-0.0043236565781347158
2017-01-20,0,0,0.0024396619325608437,0.0043424317617866137
2017-01-23,0,0,0.0064319860930031059,0.0061766522544779434
2017-01-24,0,-0,-0.0044908886777788037,-0.0042971147943523524
2017-01-25,0,0,-0.0082415199097770619,-0.0073982737361281137
2017-01-26,0,0,-0.0092722183344995379,-0.010559006211180222
2017-01-27,0,0,0.002030725763729313,0.018204645323289359
2017-01-30,0,0,0.0042294475284165856,0.00061652281134416675
2017-01-31,0,0,0.013863297358954085,0.024645717806531131
2017-02-01,0,0,-0.0030289917784508402,-0.0012026458208057589
2017-02-02,0,0,0.0055555555555555358,-0.0030102347983143041
2017-02-03,0,0,0.0025034530386740528,0.00060386473429963061
2017-02-06,0,0,0.013519331783346411,0.015087507543753764
2017-02-07,0,0,-0.0020390824129142837,-0.0017835909631391811
2017-02-08,0,0,0.0062148816618423641,0.0029779630732580387
2017-02-09,0,0,-0.0076148574329468754,-0.0053444180522564944
2017-02-10,0,0,0.002643021570466253,0.016119402985074638
2017-02-13,0,0,-0.0068027210884353817,-0.0076380728554641397
2017-02-14,0,0,0.0011130136986301498,0.0071047957371226378
2017-02-15,0,0,0.0044471051056187427,0.0017636684303350414
2017-02-16,0,0,0.0053639846743294139,0.0064553990610327627
2017-02-17,0,0,-0.003387533875338633,-0.0052478134110787167
2017-02-21,0,0,0.00059483344663480153,-0.0017584994138334364
2017-02-22,0,0,0.0013588110403397469,0.0046975924838519312
2017-02-23,0,0,0.0087354762106690576,0.0075978959672704516
2017-02-24,0,0,0.006389776357827559,0.0092807424593968069
2017-02-27,0,0,-0.0048454469507100972,-0.0074712643678160884
2017-02-28,0,0,0.00092343854936194347,0.0057903879559930704
2017-03-01,0,0,-0.0014258156504235453,0.004029936672423684
2017-03-02,0,-0,-0.012430707206450564,-0.03669724770642202
2017-03-03,0,0,-0.00059533934342570483,0.010714285714285676
2017-03-06,0,-0,-0.0067228320993958368,-0.0088339222614842727
2017-03-07,0,-0,-0.0080534612748457413,-0.016636957813428221
2017-03-08,0,0,-0.0062186906201416869,-0.013897280966767345
2017-03-09,0,0,-0.005127759429862655,-0.015931372549019662
2017-03-10,0,0,0.0021839783349348885,0.005603985056039873
2017-03-13,0,0,0.00017433751743367587,-0.0049535603715169518
2017-03-14,0,-0,-0.0054035210040089821,-0.0049782202862477254
2017-03-15,0,0,0.018664563617244889,0.027517198248905528
2017-03-16,0,0,0.0041290322580644911,-0.0018259281801583649
2017-03-17,0,0,0.0022273622890429667,0.0042682926829269441
2017-03-20,0,0,0.0048722113001111733,0.0024286581663632845
2017-03-21,0,0,0.008336168764885965,0.0060569351907933111
2017-03-22,0,0,0.002446431584275377,0.00060204695966303845
2017-03-23,0,0,-0.0013464613313136642,0.0030084235860410313
2017-03-24,0,0,0.0016010786213869199,0.0083983203359325742
2017-03-27,0,0,0.005636883728756592,0.020226055919095876
2017-03-28,0,0,-0.0040993892746590266,0.0017492711370263869
2017-03-29,0,0,0.0024361559139784994,0.0040745052386497171
2017-03-30,0,-0,-0.0072069052208162399,-0.0057971014492754769
2017-03-31,0,0,0.0021102388790410487,0.0058309037900874383
2017-04-03,0,0,0.0053066037735849392,-0.00057971014492763651
2017-04-04,0,0,0.0022622538751571053,0.0052204176334107455
2017-04-05,0,0,0,-0.00057703404500852873
2017-04-06,0,0,-0.0036783146630997576,-0.0034642032332562467
2017-04-07,0,0,0.0023493874811209015,-0.01332560834298957
2017-04-10,0,0,0,-0.0017615971814445297
2017-04-11,0,0,0.014481834923823822,0.018235294117646905
2017-04-12,0,0,0.0068487498968561322,0.0086655112651647936
2017-04-13,0,0,0.0047533191280118015,0.0040091638029782217
2017-04-17,0,0,-0.0029363784665579207,-0.0057045065601826206
2017-04-18,0,0,0.0047447643979057208,-0.0051635111876076056
2017-04-19,0,-0,-0.0088747760950984578,-0.0092272202998846531
2017-04-20,0,0,0.0018894274213421269,-0.0069848661233993248
2017-04-21,0,0,0.0028697933748771387,-0.0023446658851112856
2017-04-24,0.0011172978730896726,0.0012172978730894653,-0.0067860354836072334,-0.0023501762632196499
2017-04-25,-0.0038107813897743461,-0.0038107813897741887,-0.010125123477115583,-0.017667844522968212
2017-04-26,-0.0057241350906610663,-0.0057241350906611244,0.0049064449064448734,-0.0065947242206234602
2017-04-27,-0.0041097451237302523,-0.0041097451237304171,-0.0037239324726912049,-0.012070006035002967
2017-04-28,-0.0036977774790249505,-0.0036977774790248729,0.0031564083395629883,-0.0042761148442272967
2017-05-01,-0.0047264168992164554,-0.0047264168992164164,-0.0091082222406225766,-0.019018404907975461
2017-05-02,-0.0017347241620818067,-0.0017347241620818458,-0.00016712626389236984,-0.0037523452157598447
2017-05-03,-0.0032542044914119048,-0.0032542044914118592,-0.013957375679063966,-0.021343377275580666
2017-05-04,0.00018076539398614267,0.00018076539398619102,-0.010086455331412059,-0.010262989095574104
2017-05-05,0.001198098518186213,0.001198098518186089,0.0018837229214829776,0.0045366169799092582
2017-05-08,-0.0016355586371093469,-0.0016355586371092335,-0.0022220323049312318,-0.0058064516129031629
2017-05-09,-0.0003777520716186159,-0.00037775207161856532,-0.0059957173447537926,-0.0071382219338091968
2017-05-10,0.0015671513140443909,0.0015671513140443059,-8.6169754416109967e-05,0.0032679738562091387
2017-05-11,0.0010917021907889365,0.0010917021907889063,0.0039641502930023442,0.006514657980456029
2017-05-12,0.0022500207672293648,0.0022500207672293865,0.0028326180257509659,0.0077669902912622657
2017-05-15,0.0041501987466980271,0.0041501987466980176,0.0026534280578618397,0.01156069364161838
2017-05-16,0.0032903330075507208,0.0032903330075507988,0.0043537647259690448,0.011428571428571344
2017-05-17,-0.0068791279810198865,-0.0068791279810199056,0.018189545261368512,0.0043942247332078299
2017-05-18,-0.0046507402730967045,-0.0046507402730967531,-0.0081809833875949867,-0.018124999999999947
2017-05-19,0.0045012654556995831,0.0045012654556994902,0.0049659119602727397,0.014640356460852821
2017-05-22,0.0066817201940101061,0.0066817201940102431,0.0041876046901172526,0.018193224592220947
2017-05-23,0.00078261365256625964,0.0007826136525662798,-0.0063386155129274702,-0.0049291435613063594
2017-05-24,0.0019408688553649387,0.0019408688553650708,0.0039449387275474201,0.008049535603715352
2017-05-25,-0.00095776840564246483,-0.00095776840564261651,-0.0010868656466850313,-0.0030712530712531105
2017-05-26,0.00066759136615281937,0.00066759136615278055,0.0088717777033813228,0.010474430067775709
2017-05-30,0.0037805934718883162,0.0037805934718882902,-0.0033184005309441211,0.0042682926829269441
2017-05-31,-0.0043998450192686191,-0.0043998450192686851,0.0039953387714333211,-0.0048573163327260138
2017-06-01,-0.00072016921010785949,-0.00072016921010768298,0.00082904990880439122,-0.00061012812690675045
2017-06-02,0.0025855004812843714,0.0025855004812843502,0.0073724320742214466,0.012820512820512775
2017-06-05,0.00069852039890155762,0.00069852039890159502,0.00098676095715810597,0.0024110910186858625
2017-06-06,-0.0018309574460572938,-0.0018309574460573211,0.011254415509734494,0.0078171978352377103
2017-06-07,-0.00058202271569827069,-0.00058202271569830386,-0.0052802599512590254,-0.0065632458233891855
2017-06-08,-0.0014570122567982404,-0.0014570122567982677,-0.0065332788893425198,-0.0096096096096096595
2017-06-09,-0.001663151260939501,-0.0016631512609394687,-0.0091245376078914475,-0.01273499090357777
2017-06-12,-0.0064829399923473788,-0.0064829399923473962,-0.0014932802389249211,-0.014742014742014864
2017-06-13,-0.0032408232987213514,-0.0032408232987212555,0.00099700897308085956,-0.005610972568578565
2017-06-14,0.0028034631106882333,0.0028034631106880021,-0.0054780876494024966,0
2017-06-15,-8.5269299700300177e-06,-8.5269299699136608e-06,-0.004172926055750259,-0.0043887147335421872
2017-06-16,-0.0028187151835523459,-0.0028187151835522848,0.00016761649346297425,-0.0056675062972293411
2017-06-19,-0.0016179499378249653,-0.0016179499378250954,-0.00762527233115462,-0.011399620012666256
2017-06-20,0.00045341249217179159,0.00045341249217193715,-0.002110951616988932,-0.0012812299807815064
2017-06-21,-0.0029708974131206663,-0.0029708974131206762,0.0028769673379589467,-0.003207184092366977
2017-06-22,0.0025764334276055056,0.0025764334276056136,0.0033749578130273239,0.009009009009009139
2017-06-23,0.0011864773525801476,0.0011864773525798878,0.0042885973763875374,0.0070153061224489388
2017-06-26,0.0011946098002727397,0.0011946098002728743,-0.0089592229758017616,-0.006966434452184922
2017-06-27,0.001438318893834245,0.0014383188938342074,0.0038019601216627841,0.0070153061224489388
2017-06-28,0.0035699322115552894,0.0035699322115553258,0.00075751199394002988,0.0082330588980368269
2017-06-29,-0.0033050957840673792,-0.0033050957840674226,-0.0048780487804879202,-0.011934673366834181
2017-06-30,0.0006634073926217594,0.00066340739262163515,-0.0025354969574036268,-0.0012714558169103496
2017-07-03,-0.0042782605648829476,-0.0042782605648827958,-0.016353160481274331,-0.026098026734563962
2017-07-05,-0.0054883490118955618,-0.0054883490118954976,0.0037040227409768089,-0.0078431372549020439
2017-07-06,-0.00070618222336955741,-0.00070618222336963016,-0.00042911088225194849,-0.0019762845849802257
2017-07-07,-0.0077967950542620007,-0.0077967950542620762,-0.010217223319309632,-0.027722772277227747
2017-07-10,0.0022734852377410495,0.0022734852377410244,0.0016481609993059809,0.0067888662593347249
2017-07-11,0.004291973201005668,0.0042919732010056558,0.0012990387113536173,0.010788941335131419
2017-07-12,8.6962531779126917e-05,8.6962531779090257e-05,0.0035460992907800915,0.004002668445630464
2017-07-13,-0.0046306955942360742,-0.0046306955942359484,-0.0018098767560114082,-0.011960132890365571
2017-07-14,0.0023932363930041283,0.0023932363930040711,0.0082023830081161542,0.01412239408204452
2017-07-17,0.002078312610823516,0.0020783126108235538,0.0044531985955298392,0.0092838196286473273
2017-07-18,0.0014031257090011818,0.0014031257090012176,0.0069912183476852352,0.010512483574244502
2017-07-19,0.00074209833105081269,0.00074209833105079112,-0.00025400050800106211,0.0013003901170349774
2017-07-20,-7.0838834564576492e-05,-7.0838834564575936e-05,0.0013550135501354532,0.0012987012987013546
2017-07-21,0.0011583350856332864,0.0011583350856332179,0.0086265223274697433,0.011673151750972721
2017-07-24,-0.00082616405371870364,-0.00082616405371867382,0.00041925205433512858,-0.0012820512820512775
2017-07-25,0.0019736552965530928,0.0019736552965531023,-0.0032687955745537289,0.00064184852374848944
2017-07-26,0.00079973281169140879,0.00079973281169156937,0.0080726538849646978,0.010262989095574104
2017-07-27,-0.0017563203772845385,-0.0017563203772846042,-0.00075075075075070608,-0.0044444444444444731
2017-07-28,0.00013797259190426569,0.00013797259190409923,0.0075131480090158131,0.0082908163265307255
2017-07-31,0.0024996697921220146,0.0024996697921219981,0.00049714143673873501,0.0056925996204932883
2017-08-01,-0.0029339596579494374,-0.0029339596579493602,-0.00082815734989638567,-0.0069182389937108013
2017-08-02,-0.0026081977266627287,-0.0026081977266627222,-0.0020721094073766766,-0.0075997466751107634
2017-08-03,0.00072198856296422321,0.00072198856296415491,0.0015780730897010375,0.0031908104658584513
2017-08-04,-0.0064124190997404806,-0.0064124190997404832,-0.0077950078779335241,-0.021628498727735312
2017-08-07,-0.0009414876881957896,-0.00094148768819563586,-0.0011700793982448721,-0.0032509752925877766
2017-08-08,0.0056024571893760087,0.0056024571893759237,0.0029286252196467633,0.015003261578603988
2017-08-09,0.0066971231621688748,0.0066971231621688167,0.012097447021525154,0.026992287917737778
2017-08-10,0.0022755717681068738,0.0022755717681069909,0.0074190091501111777,0.012515644555694649
2017-08-11,-0.002971024185804538,-0.0028700516849371775,0.0047459291383684654,-0.0006180469715697523
2017-08-14,0,-0,-0.0070852675299292178,-0.0024737167594311993
2017-08-15,0,0,-0.0077099737532808632,-0.024178549287042661
2017-08-16,0,0,0.0073565878657628758,0.026048284625158624
2017-08-17,0,0,0.0050873882005415538,-0.0018575851393187737
2017-08-18,0,0,-0.0015511470324107712,-0.0012406947890818421
2017-08-21,0,0,0.0037612428454620872,-0.0018633540372671176
2017-08-22,0,0,-0.0044802867383513245,0
2017-08-23,0,0,0.0037640127649130051,0.0049782202862476144
2017-08-24,0,-0,-0.0030977419091872127,-0.0074303405572754277
2017-08-25,0,0,0.00367977757788851,0.0049906425452275194
2017-08-28,0,0,0.015887241323122137,0.02420856610800759
2017-08-29,0,0,-0.0021653701178923068,-0.0048484848484847687
2017-08-30,0,0,-0.00048223758238230552,0.0024360535931788885
2017-08-31,0,0,0.011740109359922757,0.01154313487241776
2017-09-01,0,0,0.0019074868860278205,0.0048048048048048297
2017-09-05,0,0,0.011105822624147166,0.010759115361625771
2017-09-06,0,0,-0.0050996391024634713,-0.0023654642223536193
2017-09-07,0,0,0.010409273716583733,0.013633669235328938
2017-09-08,0,0,-0.0012487317568095069,-0.0046783625730995038
2017-09-11,0,-0,-0.01390951004141594,-0.014688601645123422
2017-09-12,0,0,0.0029320865361757154,0.0071556350626118537
2017-09-13,0,-0,-0.0075063211125158125,-0.0076968620485493577
2017-09-14,0,0,0.0043786322745003048,0.0005966587112171684
2017-09-15,0,-0,-0.0049936588459099651,-0.0089445438282647061
2017-09-18,0,-0,-0.0093204811598821546,-0.021058965102286442
2017-09-19,0,0,0.002090704406561672,0.0055316533497233866
2017-09-20,0,0,-0.0080243941582410772,-0.010391198044009675
2017-09-21,0,0,-0.0076039475812974544,-0.0098826436071649537
2017-09-22,0,0,0.0045647212259536385,0.0012476606363069909
2017-09-25,0,0,0.010467380720545316,0.0099688473520249676
2017-09-26,0,-0,-0.011161969003453009,-0.018507094386181366
2017-09-27,0,0,-0.0094201721617670486,-0.0050282840980515608
2017-09-28,0,0,0.0018855550090177697,0.0056854074542009858
2017-09-29,0,0,-0.0051550609606414444,-0.011306532663316604
2017-10-02,0,0,-0.006662279980259922,-0.0044472681067344588
2017-10-03,0,0,0.00049681212221575066,0.002552648372686761
2017-10-04,0,0,0.0028138707274683039,-0.0012730744748569167
2017-10-05,0,0,-0.0053643641165305178,0
2017-10-06,0,0,0.004729505476269491,0.010197578075207048
2017-10-09,0,0,0.00817573705508301,0.010725552050473208
2017-10-10,0,0,0.0026212319790301919,0.0081148564294630798
2017-10-11,0,0,0.0031862745098039102,0.0061919504643963563
2017-10-12,0,0,0.00081439856665843635,0.00061538461538468425
2017-10-13,0,0,0.007567743510456415,0.0092250922509224953
2017-10-16,0,0,-0.0068648037473751922,-0.009750152346130414
2017-10-17,0,0,-0.0068309343742376516,-0.0098461538461538378
2017-10-18,0,0,-0.0037664783427494575,-0.0018645121193288094
2017-10-19,0,0,0.0059176460918879403,0.013075965130759704
2017-10-20,0,-0,-0.006373069695236544,-0.011677934849416149
2017-10-23,0,0,0.001562371515500427,0.0037313432835821558
2017-10-24,0,0,-0.0038587848932676305,-0.0074349442379182396
2017-10-25,0,0,0.00016483969339819993,-0.00062421972534321135
2017-10-26,0,-0,-0.0084054388133497637,-0.0099937539038101875
2017-10-27,0,0,0.0047369733233608713,0.0037854889589905572
2017-10-30,0,0,0.001902398676592032,0
2017-10-31,0,-0,-0.0037975728556096655,-0.0075424261470773413
2017-11-01,0,0,0.0036463081130355679,0.024699176694110259
2017-11-02,0,0,0.00066055651886709477,-0.0006180469715697523
2017-11-03,0,0,-0.0047033583629011444,-0.015460729746444191
2017-11-06,0,0,0.008539214060686362,0.021984924623115631
2017-11-07,0,-0,-0.0036169338265517048,-0.015980331899200895
2017-11-08,0,0,0.0034650606385611127,0.0031230480949404615
2017-11-09,0,0,0.004110827920743132,0.00062266500622665255
2017-11-10,0,0,-0.0081879963972816272,-0.0074673304293715326
2017-11-13,0,0,0.0014860067695865453,0.0087774294670845965
2017-11-14,0,0,0.0020608358750309197,-0.00062150403977634383
2017-11-15,0,0,-0.0012339585389931074,-0.0031094527363182412
2017-11-16,0,0,-8.2365538258688531e-05,0.0056144728633811258
2017-11-17,0,0,0.012026359143327836,0.011786600496277666
2017-11-20,0,-0,-0.012615985674751751,-0.020232985898221867
2017-11-21,0,0,0.0016486687000247802,0.001877346683354153
2017-11-22,0,0,0.0092173483663895439,0.0099937539038101875
2017-11-24,0,-0,-0.0025279295441572591,-0.0055658627087200596
2017-11-27,0,0,0.0041693917593199625,0.0012437810945276073
2017-11-28,0,0,-0.00016282667100864234,-0.011801242236024967
2017-11-29,0,-0,-0.0062698477322693513,-0.016970458830923962
2017-11-30,0.0025926930699309704,0.0026926930699309078,-0.0077023926581449853,-0.0083120204603580605
2017-12-01,-0.0013674992635188657,-0.001367499263518756,0.0040462427745664442,0.0012894906511926596
2017-12-04,-0.0012192898902727747,-0.0012192898902727166,-0.0033719878279463433,-0.0057952350289761645
2017-12-05,-0.0032464842812231043,-0.0032464842812231546,-0.0070968806733785472,-0.013601036269429989
2017-12-06,-0.003182695599131936,-0.0031826955991318098,-0.0020777925531915153,-0.0085357846355876843
2017-12-07,-0.00093447004947767994,-0.00093447004947792899,-0.013158990588823194,-0.015231788079470232
2017-12-08,0.0029718610942664958,0.00297186109426654,-8.4395307620832583e-05,0.0060524546065905405
2017-12-11,-0.0016273106260328346,-0.0016273106260327049,-0.0039669142471303598,-0.0073529411764706731
2017-12-12,-0.00025474281338446386,-0.00025474281338446126,0.0011863401406659868,0.00067340067340060372
2017-12-13,0.005206015868378433,0.0052060158683784738,0.0086330935251797136,0.019515477792732216
2017-12-14,-0.0032170656329328961,-0.0032170656329329897,-0.0020139296802885731,-0.0085808580858086625
2017-12-15,0.0031860977309442458,0.003186097730944307,0.0021020768519297572,0.0086551264980028186
2017-12-18,-2.0516486480436945e-06,-2.0516486482096418e-06,0.004614868266487715,0.0046204620462046986
2017-12-19,-0.00037097613941552298,-0.00037097613941539234,0.00075169130543706331,0
2017-12-20,-0.00034843063806662644,-0.00034843063806671844,0.002670672675680219,0.0019710906701708719
2017-12-21,-0.0016726607098920885,-0.0016726607098920215,0.0014150158148826808,-0.0019672131147540073
2017-12-22,0.003235251021513637,0.0032352510215137228,0.00523647244618064,0.011826544021025009
2017-12-26,0.0027244201935070224,0.0027244201935070341,0.0068629072267238911,0.012337662337662314
2017-12-27,0.0026245965407826017,0.0026245965407825566,0.0037776135337110883,0.0089801154586273135
2017-12-28,0.0022838570243861947,0.0022838570243862034,0.0050724044833510007,0.0095359186268277885
2017-12-29,0.00025955390577838083,0.0002595539057783347,0.0065120065120065629,0.0069269521410579848
2018-01-02,0.00092759047633631051,0.00092759047633629349,0.012131014961585196,0.013758599124452875
2018-01-03,6.5312912262143906e-05,6.5312912262292618e-05,-0.0026368357970436573,-0.002467612584824086
2018-01-04,-0.00068987040848711369,-0.00068987040848723837,0.0051273834321423628,0.0037105751391464104
2018-01-05,0.00021037300436145044,0.00021037300436135923,-0.0010361868324565426,-0.00061614294516332269
2018-01-08,-0.0021625291565411982,-0.0021625291565410703,-0.00015957871219973718,-0.0043156596794081681
2018-01-09,-0.0014816566224672067,-0.0014816566224671898,-0.0046285212672572129,-0.0074303405572754277
2018-01-10,-0.0015514741720011934,-0.001551474172001361,0.0024051952216788131,-0.00062383031815360646
2018-01-11,-0.0020054760077480582,-0.00200547600774786,0.0032792129888825627,-0.00062421972534321135
2018-01-12,0.0021432320006829859,0.0021432320006829898,0.01211734693877542,0.016239850093691333
2018-01-16,-0.0015064734718762201,-0.0015064734718764354,0.0016540642722118193,-0.0012292562999385304
2018-01-17,-0.0018972601716709865,-0.0018972601716708204,-0.0080993945112841637,-0.01169230769230778
2018-01-18,-0.0017566941514083477,-0.0017566941514083588,-0.0022197558268590711,-0.0056039850560397619
2018-01-19,0.00028058417783210804,0.00028058417783207107,0.0044493882091212189,0.0050093926111458575
2018-01-22,-0.0012725402729987037,-0.0012725402729988225,0.0018193323841164677,-0.00062305295950160211
2018-01-23,-0.0013051313664431126,-0.0013051313664431536,0.0049743387287801699,0.0024937655860348684
2018-01-24,0.009172773768933707,0.0091727737689338371,0.012177875549968631,0.029850746268656803
2018-01-25,-0.0045180637940701162,-0.0045180637940701205,-0.0066754637894901325,-0.015096618357487879
2018-01-26,0.0028198747226587896,0.0028198747226589318,0.00078143314839418387,0.0061312078479460741
2018-01-29,-0.0034892853719297695,-0.0034892853719298757,-0.0056219255094870357,-0.01218769043266299
2018-01-30,0.00032542335565247934,0.00032542335565256179,-0.0043188064389477754,-0.0037014188772364065
2018-01-31,0.0029650182959725302,0.0029650182959723801,0.0067034700315458107,0.012383900928792713
2018-02-01,-0.0049475866388852081,-0.0049475866388851118,0.0032902467685076431,-0.0061162079510703737
2018-02-02,-0.012178809360197142,-0.012178809360197163,-0.013117826188802972,-0.036307692307692263
2018-02-05,0.0012865754583176918,0.0012865754583177747,0.0025318458738823324,0.0051085568326947328
2018-02-06,0.0026010993388224154,0.0026010993388223889,-0.010496409123194717,-0.0057179161372299392
2018-02-07,-0.0053843243067207254,-0.0053843243067207853,-0.0047056946881479655,-0.015335463258785986
2018-02-08,0.00084716406240575219,0.00084716406240566329,0.001522557897267296,0.0032446463335495945
2018-02-09,-0.0014191030737396328,-0.0014191030737396157,-0.0016802688430149759,-0.0045278137128073048
2018-02-12,0.003403154512049234,0.0034031545120493008,0.0048088482808368305,0.011695906432748426
2018-02-13,-0.0013245064312691057,-0.0013245064312690685,0.0056632368190157045,0.0032113037893384266
2018-02-14,0.00052845846948234047,0.0005284584694822546,0.017052664974619214,0.018565941101152506
2018-02-15,-0.0006262532208372555,-0.00062625322083725995,0.0011697730640256587,0
2018-02-16,-0.0041484185715056189,-0.00414841857150554,-0.0032715376226827297,-0.011313639220615901
2018-02-20,0.00095854099635000588,0.00095854099635000068,-0.013441700531416023,-0.012078830260648488
2018-02-21,0.0024307934836748069,0.0024307934836748902,-0.004594423320659069,0
2018-02-22,0.0012626360680603921,0.0012626360680602247,0.0050931083877128192,0.0077220077220077066
2018-02-23,-0.0016264010474842127,-0.0016264010474841104,-0.0012668250197941378,-0.004469987228607919
2018-02-26,0.0016583299735802111,0.0016583299735802417,0.0024575868083083208,0.0057729313662604476
2018-02-27,-0.0010438935244030533,-0.0010438935244032035,-0.010438908659549329,-0.012755102040816313
2018-02-28,-0.00011285809654585822,-0.00011285809654586673,-0.0010389195236952808,-0.0012919896640826156
2018-03-01,0.0037957243096554717,0.0037957243096555845,-0.0022400000000000198,0.0051746442432081263
2018-03-02,-0.0021363827000145837,-0.0021363827000145867,0.0053720333547144783,0.0012870012870014325
2018-03-05,-0.0014168821175190218,-0.0014168821175188748,-0.0016747747029268734,-0.0044987146529563704
2018-03-06,0.003872189865415892,0.0038721898654156968,0.010784470362677601,0.018721755971594423
2018-03-07,-0.0047981341091192569,-0.0047981341091191771,-0.0064016438789220587,-0.015842839036755429
2018-03-08,0.001911762930690583,0.0019117629306905385,-0.0023862551702195089,0.0012878300064391723
2018-03-09,0.0021210634938524093,0.0021210634938522935,0.00095678520172226555,0.0051446945337620953
2018-03-12,-0.00065413742405070574,-0.00065413742405071203,0,-0.0012795905310301059
2018-03-13,-0.0010006057144810142,-0.0010006057144808865,0.0019117412776803455,0
2018-03-14,0.00033386930969938705,0.00033386930969947059,-0.00063603116552712891,0
2018-03-15,-0.0019024414801897234,-0.001902441480189852,-0.006364359586316648,-0.010249839846252384
2018-03-16,-0.00071477537339043138,-0.00071477537339045512,-0.0024019215372298452,-0.0038834951456310218
2018-03-19,-0.0011293871542143545,-0.0011293871542143244,0.0021669341894061667,0
2018-03-20,-0.0012709651026914051,-0.0012709651026913472,-0.0044846640506126523,-0.0071474983755686061
2018-03-21,0.0030797895319252997,0.0030797895319251861,0.017456359102244301,0.024214659685863893
2018-03-22,-0.0048008733976723679,-0.0048008733976723748,-0.003953194180898123,-0.013418530351437807
2018-03-23,-0.0022303217592719382,-0.002230321759271933,0.012938561676456573,0.0090673575129534001
2018-03-26,0.0018059606043493109,0.0018059606043492411,0.0052503722278818277,0.0089858793324775199
2018-03-27,-0.0016283206419588374,-0.0016283206419585852,-0.0061584034923605202,-0.0095419847328244156
2018-03-28,0.00046926586571701751,0.00046926586571688665,-0.013805004314063729,-0.013487475915221592
2018-03-29,0.0013988158469648033,0.0013988158469648432,0.00047721307563830528,0.0032552083333334814
2018-04-02,0.0017392747336859415,0.0017392747336859103,0.011686143572620988,0.015574302401038409
2018-04-03,-0.0022290165608028728,-0.0022290165608028858,-0.007543611504007619,-0.012140575079872207
2018-04-04,-0.0032700559163686849,-0.0032700559163687283,0.0011876484560571221,-0.0051746442432082373
2018-04-05,0.0050582198829144422,0.0050582198829144526,-0.0051403716884144135,0.004551365409622754
2018-04-06,-0.0031341977229382102,-0.0031341977229380827,0.004689984101748923,-0.0012944983818770073
2018-04-09,0.0024853737528262999,0.0024853737528261872,0.0034021678930293842,0.0084251458198314477
2018-04-10,0.00071794587728809807,0.00071794587728831231,0.0023655574830470094,0.00385604113110527
2018-04-11,-0.0018480880744196958,-0.0018480880744198458,0.0077879169288861405,0.0044814340588987811
2018-04-12,0.00065357794268358508,0.00065357794268355602,-0.011630629927406155,-0.010834926704907599
2018-04-13,0.0017894248242075427,0.0017894248242076335,0.0065550465961143889,0.010309278350515427
2018-04-16,0.00056186390389773282,0.00056186390389751219,0.0014123185562964213,0.0025510204081633514
2018-04-17,0.0021288453875194851,0.0021288453875195588,0.00094021781712760877,0.0050890585241729624
2018-04-18,0.012055941378085674,0.012055941378085773,0.00078277886497057914,0.024050632911392311
2018-04-19,0.0029788950718160232,0.0030844775995484096,-0.0019554165037153348,0.0049443757725589066
2018-04-20,0.00028239656194993941,0.00038239656194990709,-0.0076018808777429392,-0.0079950799507996217
2018-04-23,0.010252482979923193,0.010252482979923212,-0.0079759930506198007,-0.028518288902665834
2018-04-24,-0.00037497504739181676,-0.00037497504739175214,0.0048559146632700667,0.0057434588385449903
2018-04-25,0.0013935599296022233,0.0013935599296022779,-0.006496078586706866,-0.0095177664974619436
2018-04-26,-0.00079849381907041419,-0.00079849381907055829,-0.0035084921457618767,-0.0019218449711723151
2018-04-27,0.0023757570895893577,0.0023757570895895177,0.0042410178442826574,-0.00064184852374837842
2018-04-30,0.0022611521513210557,0.0022611521513210739,-0.0072509960159362619,-0.012202954399486154
2018-05-01,-0.00033745564575632966,-0.0002426531371265136,-0.0070631671883779612,-0.0091027308192458412
2018-05-02,0,0,-0.00048500525422345842,0.011811023622047223
2018-05-03,0,0,0.0050950262838658222,0.0025940337224383825
2018-05-04,0,0,0.0020920502092049986,0.0051746442432081263
2018-05-07,0,0,0.00024088646218078935,-0.0012870012870012104
2018-05-08,0,0,0.00016055229991174258,-0.00064432989690721421
2018-05-09,0,0,-0.0020868448511116577,0.0012894906511926596
2018-05-10,0,0,0.0068366444140595117,0.013522215067611087
2018-05-11,0,0,-0.001437929381690406,-0.0025412960609911828
2018-05-14,0,0,-0.0040800000000000836,-0.0089171974522291864
2018-05-15,0,0,-0.016145875170696322,-0.014781491002570757
2018-05-16,0,0,-0.0015512736773350966,0.0052185257664709717
2018-05-17,0,0,0.00057240984544937312,0.0038935756002596023
2018-05-18,0,0,0.00040863027133042351,0.00064641241111829117
2018-05-21,0,0,0.00057184870517112962,0.0038759689922480689
2018-05-22,0.0012725343250676053,0.0013725343250678155,-0.00057152188112352675,0.0025740025740026429
2018-05-23,0.0030801062267124236,0.0030801062267123208,0.0010620047381750819,-0.0051347881899871384
2018-05-24,-0.001779928268008039,-0.0017799282680078274,0.008568630651215825,0.012258064516128986
2018-05-25,0.0035509426386491801,0.0035509426386490925,-0.0030746824176713927,-0.010197578075207159
2018-05-29,0.0027750554717573717,0.0027750554717574519,-0.00016232448664876831,-0.0057952350289761645
2018-05-30,-0.0027540674387467466,-0.0027540674387467857,0.0014611575614904559,0.0071243523316062429
2018-05-31,0.0017624928379411304,0.0017624928379408552,-0.0021885385425954862,-0.0057877813504823017
2018-06-01,-0.0018326611932100755,-0.0018326611932100207,-0.0049553208773355228,-0.0012936610608021981
2018-06-04,-0.00080340686647959326,-0.00080340686647954566,-0.00097967180994362746,0.00064766839378238572
2018-06-05,-0.00027754344977417173,-0.00027754344977423608,0.0039225300318703749,0.0045307443365696365
2018-06-06,-0.0054348058225409451,-0.005434805822540985,0.00056980056980071581,0.011597938144329856
2018-06-07,-0.00088349302694225892,-0.0008834930269421453,-0.00048812235600392828,0.0012738853503184711
2018-06-08,-0.0013062432081275004,-0.0013062432081274019,0.0012209018394921944,0.0038167938931297218
2018-06-11,-0.0042233298939384325,-0.0042233298939385149,0.0017884724819119402,0.010139416983523386
2018-06-12,0.0005681610496972039,0.00056816104969731936,-0.0033271119045688025,-0.0043914680050188837
2018-06-13,-0.0052302726965667715,-0.0052302726965668114,0.003012538674483034,0.013232514177693666
2018-06-14,-0.0021237685072199013,-0.0021237685072199443,0.0015423329815731357,0.0055970149253734558
2018-06-15,0.010022709806986684,0.010022709806986645,-0.016534284324850046,-0.035250463821892564
2018-06-18,0.0019435601217159533,0.0019435601217159635,-0.001895500247239168,-0.0057692307692307487
2018-06-19,0.0035323510630182651,0.0035323510630182148,-0.0025596565106101865,-0.0096711798839458352
2018-06-20,-0.0015592124715558633,-0.0015592124715558832,-0.0044701986754965839,-0.0013020833333332593
2018-06-21,-0.0014940551156692381,-0.0014940551156691962,-0.0017462165308499422,0.0013037809647979959
2018-06-22,-0.0032925898562320309,-0.0032925898562318756,0.0024156601416076562,0.0091145833333334814
2018-06-25,0.0023276885035222071,0.0023276885035219954,-0.0037394050191125183,-0.0083870967741935809
2018-06-26,-0.0012930609187308151,-0.0012930609187307672,-0.0052548169155058888,-0.0026024723487312329
2018-06-27,0.0039481350677285183,0.0039481350677285582,-0.0057018279389569049,-0.013698630136986356
2018-06-28,0.00012938574146088583,0.00012938574146083122,-0.0030359251138472043,-0.0033068783068782581
2018-06-29,-0.00080165086633004437,-0.00080165086632989627,0.0036372864151581474,0.0053085600530855537
2018-07-02,0.0028145105398293823,0.0028145105398293497,-0.010029498525073843,-0.015841584158415856
2018-07-03,0.0010152765708087415,0.0010152765708085812,0.010131108462455352,0.0080482897384306362
2018-07-05,-0.00060288486966429862,-0.0006028848696641439,0.0033712600084281341,0.0046573519627413074
2018-07-06,-0.00013528335428424727,-0.0001352833542843494,-0.0015959680806383325,-0.0013245033112582183
2018-07-09,-0.0016871447293935972,-0.0016871447293934816,0.0024398451960290224,0.0059681697612732343
2018-07-10,0.00069917423916542759,0.00069917423916533456,-0.0018464120856063193,-0.0032959789057350752
2018-07-11,0.0030392751594098041,0.003039275159409857,-0.01084671655595737,-0.017195767195767209
2018-07-12,-0.0024485283818031535,-0.0023530751667024596,0.0041652499149948952,0.009421265141319024
2018-07-13,0,0,-0.0044019300770337111,-0.0079999999999998961
2018-07-16,0,0,-0.00051016070062070984,-0.0020161290322581182
2018-07-17,0,-0,-0.010803913228413453,-0.012121212121212088
2018-07-18,0,0,0.00025799793601644083,-0.0027266530334014716
2018-07-19,0,0,-0.0042988565041699456,-0.014354066985646008
2018-07-20,0,0,0.0064761246869873279,0.011789181692094308
2018-07-23,0,-0,-0.0048043925875086435,-0.0082248115147360856
2018-07-24,0,0,0.00034482758620701937,0.0076019350380096551
2018-07-25,0,0,0.005515339538090247,0.0068587105624142719
2018-07-26,0,-0,-0.0077991086732945858,-0.012942779291553075
2018-07-27,0,0,0.00051826898160145518,0.00552104899930983
2018-07-30,0,0,-0.0015540015540015384,0.00068634179821547292
2018-07-31,0,0,0.0029399048854301668,0.002057613168724215
2018-08-01,0,-0,-0.0073282179498231903,-0.0088980150581792206
2018-08-02,0,0,-0.0053847490012159938,-0.0034530386740332375
2018-08-03,0,0,0.0034928396786588767,0.0048510048510048698
2018-08-06,0,-0,-0.005134006265227975,-0.0068965517241379448
2018-08-07,0,0,0.0022741187789732109,0.0020833333333332149
2018-08-08,0,0,0.0027925647962299127,0.0048510048510048698
2018-08-09,0,0,-0.0014794186754851779,0.0013793103448276334
2018-08-10,0,0,-0.00043576782290388749,-0.007575757575757569
2018-08-13,0,-0,-0.015084139855262024,-0.021512838306731452
2018-08-14,0,0,0.00097379603399438963,0.0049645390070922613
2018-08-15,0,-0,-0.016626868311665266,-0.042342978122794639
2018-08-16,0.00078976596084373032,0.00088976596084380452,-0.00080942530803129742,0.014738393515106862
2018-08-17,0.00081758635476304709,0.0008175863547628206,0.0092709270927093801,0.01089324618736387
2018-08-20,-0.0039560769279847014,-0.0039560769279847162,0.0049942031570497925,-0.0028735632183907178
2018-08-21,-0.0011204080486534587,-0.001120408048653355,0.0029283876120329566,0.00072046109510082168
2018-08-22,-0.0014892310617501993,-0.0014892310617501704,0.0022119978764820747,-0.00071994240460759862
2018-08-23,-0.003557077975039936,-0.0035570779750398831,-0.0094464553721196332,-0.016570605187319898
2018-08-24,0.0010058562654822751,0.0010058562654822602,0.017468805704099699,0.01978021978021971
2018-08-27,0.00061372994482945841,0.00061372994482941613,0.0037666433076384287,0.0050287356321838672
2018-08-28,-0.0013659521911575001,-0.0013659521911573947,-0.0079413561392791543,-0.010721944245889903
2018-08-29,-0.0012552814839602107,-0.0012552814839602766,0.0045742434904996188,0.0021676300578035157
2018-08-30,-0.0036867650804472346,-0.0036867650804473808,-0.0049036777583187918,-0.012256669069935056
2018-08-31,-0.0012461161701874215,-0.0012461161701872369,-0.0011439633931713544,-0.0036496350364962904
2018-09-04,-0.0098677656518428095,-0.0098677656518428459,-0.0051096819663465354,-0.024908424908424931
2018-09-05,-0.00030656796515349065,-0.00030656796515364618,0.0034534667493135718,0.0030052592036062808
2018-09-06,-0.0024981764387999789,-0.0024981764387998133,0.0019414048711614562,-0.0029962546816478808
2018-09-07,0.0018015591423953044,0.0018015591423951485,-0.0027303153073806596,0.0007513148009015147
2018-09-10,-3.8038483618813284e-06,-3.803848361857417e-06,-0.00070652653890312944,-0.00075075075075070608
2018-09-11,-0.0014378267829664789,-0.001437826782966341,0.00061864781263798463,-0.0022539444027047661
2018-09-12,-0.00028065479542917996,-0.00028065479542931261,0.0083907436848613681,0.0082831325301204739
2018-09-13,0.00039959161859307214,0.00039959161859310017,-0.0035911360252255387,-0.0029873039581778116
2018-09-14,-0.0010593384587625424,-0.0010593384587625019,-0.0065049226441632468,-0.0089887640449437534
2018-09-17,0.00026111857811828378,0.00026111857811828102,0.0052203149884977318,0.006046863189720364
2018-09-18,0.00078388687486763431,0.00078388687486756893,-0.0014963471525394345,0
2018-09-19,0.0013243770131769941,0.0013243770131769644,0.0038787023977433499,0.0067618332081142984
2018-09-20,6.503347353094083e-05,6.5033473531008525e-05,0.003424657534246478,0.0037313432835819338
2018-09-21,0.0032169623567056276,0.0032169623567056406,-0.0068259385665528916,-0.00074349442379184616
2018-09-24,-0.0010203692395713104,-0.0010203692395711727,-0.00017622698035069106,-0.0022321428571427937
2018-09-25,0.0058530072524201034,0.0058530072524201554,0.0015863223759584599,0.013422818791946289
2018-09-26,-0.00095059447614893704,-0.00095059447614907007,-0.0052793664760230063,-0.0073583517292126199
2018-09-27,0.001614500264688676,0.0016145002646886094,-0.0088456435205661599,-0.0059303187546330127
2018-09-28,0.0085590479499833665,0.0085590479499833925,0.0063364569388666414,0.023862788963460169
2018-10-01,-0.0031617062007419402,-0.0031617062007419814,-0.0016849946789643244,-0.0080116533139111823
2018-10-02,0.00033597583732460708,0.00033597583732457737,0.01154836990317154,0.012481644640234935
2018-10-03,0.0016743487305678219,0.0016743487305680262,-0.0039518749451128432,-0.00072516316171133965
2018-10-04,-0.0028334494189506975,-0.0028334494189508922,0.00052900722976545467,-0.005079825834542695
2018-10-05,1.5014882547405039e-05,1.5014882547497245e-05,0.0028198801550933794,0.0029175784099197966
2018-10-08,-0.0023528889634886288,-0.002352888963488666,-0.011072056239015748,-0.016000000000000014
2018-10-09,-0.00027307952773678599,-0.00027307952773678273,0.00053314377110358357,0
2018-10-10,-0.0042184715400014798,-0.0042184715400014018,0.0024866785079928899,-0.0059127864005912301
2018-10-11,-0.0051287658571951434,-0.0051287658571953325,0.025690999291282823,0.016356877323420171
2018-10-12,0.0051275131900163371,0.0051275131900164663,-0.0047503886681636853,0.0051207022677395297
2018-10-15,-0.0013031968983419351,-0.0013031968983420695,0.0066822875987155861,0.004366812227074357
2018-10-16,0.00017554882450742724,0.00017554882450759632,-0.0017241379310345417,-0.0014492753623189802
2018-10-17,-0.0014340498735290633,-0.001434049873529276,-8.6355785837599619e-05,-0.0029027576197386828
2018-10-18,-0.0020778296510357169,-0.0020778296510355534,0.0011227221694445344,-0.0029112081513829047
2018-10-19,0.0010716386799169957,0.0010716386799170868,0.0007763975155279379,0.0029197080291971655
2018-10-22,-0.00084866055992246928,-0.00084866055992263614,-0.0025859839668994633,-0.004366812227074246
2018-10-23,0.0024449103490130817,0.002444910349013282,0.0058767608676866256,0.010964912280701844
2018-10-24,-0.0027179622794511848,-0.0027179622794513943,0.0023197869232751689,-0.0028922631959509282
2018-10-25,-0.00066208060409042428,-0.00066208060409049128,-0.0022286987827875304,-0.0036258158085568093
2018-10-26,0.00089994752978638719,0.00089994752978647132,0.0031786941580755901,0.0050946142649199722
2018-10-29,-0.0060536898192952368,-0.0060536898192950729,-0.0039393679883531485,-0.015930485155684293
2018-10-30,0.0031033115919802128,0.003103311591980028,-0.0043848336342533489,0.0014716703458423908
2018-10-31,-0.0044519628350334758,-0.0044519628350334246,-0.0056131260794471949,-0.014695077149154967
2018-11-01,0.0088588583497532462,0.0088588583497532254,0.012852800694745925,0.031319910514541416
2018-11-02,0.0010203119589891516,0.0010203119589891367,0.00017148246591802696,0.0021691973969630851
2018-11-05,-0.0024202061753885672,-0.0024202061753885095,-0.002400342906129449,-0.0072150072150072297
2018-11-06,-0.0025676500529180214,-0.0025676500529178766,-0.0028357824181489688,-0.0079941860465115866
2018-11-07,0.00079035143051921577,0.00079035143051891436,-8.6177180282698274e-05,0.00146520146520146
2018-11-08,-0.0029402836337762187,-0.0029402836337760092,-0.0021546151857277929,-0.0080468178493050546
2018-11-09,-0.0029524008826358095,-0.0029524008826358589,-0.011228191397477993,-0.017699115044247815
2018-11-12,-0.0018160050520496642,-0.0018160050520496785,-0.0071628232005591652,-0.011261261261261257
2018-11-13,-0.00093493758540043066,-0.00093493758540044334,0.00035192679922579906,-0.0015186028853454436
2018-11-14,0.00051394306237538513,0.00051394306237545115,0.0082673702726472342,0.0098859315589352459
2018-11-15,0.004645613594221846,0.0046456135942219397,0.0011339846475924009,0.010542168674698926
2018-11-16,0.00018048968488748569,0.00018048968488747249,0.0074061165809882201,0.0081967213114753079
2018-11-19,0.00051539569429639694,0.00051539569429628754,0.00043245113302203819,0.0014781966001480296
2018-11-20,-0.0037290648772342065,-0.0037290648772342104,0,-0.0073800738007381295
2018-11-21,0.0047346586122476502,0.0047346586122477812,0.0016426039595400788,0.011152416356877248
2018-11-23,-0.0062908727887915714,-0.0062908727887918117,-0.00077679958570686658,-0.013235294117647012
2018-11-26,-0.00052171410124012886,-0.00052171410123992839,-0.0011229161268031529,-0.0022354694485841042
2018-11-27,-0.00054884125261202407,-0.00054884125261210268,-0.0059667934970598635,-0.0074682598954444179
2018-11-28,0.0032575819149878119,0.0032575819149878479,0.0037407568508045497,0.010534236267870645
2018-11-29,-0.001666142546787692,-0.0016661425467876228,0.0031201248049921304,0
2018-11-30,-0.0031945672593934119,-0.0031945672593936447,-0.0017280110592706732,-0.0081906180193596079
2018-12-03,0.0023442300675723007,0.0023442300675723953,0.0075298597888175944,0.012762762762762669
2018-12-04,0.0015810241339809122,0.0015810241339809092,0.0060991323769437056,0.0096367679762785485
2018-12-06,-0.0008415190253582397,-0.00084151902535812455,0.00017076502732238374,-0.001468428781204123
2018-12-07,0.00046710860250463254,0.00046710860250451171,0.0081099539013147481,0.0095588235294117307
2018-12-10,-0.0010965357071179738,-0.0010965357071179693,-0.0034719281903632382,-0.0058266569555717185
2018-12-11,0.0010244984751092291,0.0010244984751093277,-0.0011896668932699361,0.00073260073260073
2018-12-12,0.0048349708909950677,0.0048349708909948578,0.0021269355113153754,0.01171303074670571
2018-12-13,0.0026904028322750767,0.0026904028322752233,-0.0022073181084981686,0.0028943560057885787
2018-12-14,-0.0048875062232465174,-0.0047832179387490457,-0.0039989789840891854,-0.011544011544011523
2018-12-17,0,0,0.0069195284469503182,0.0051094890510949842
2018-12-18,0,0,0.0023754984304742432,-0.0014524328249818641
2018-12-19,0,0,-0.0060939483707151965,-0.0043636363636363473
2018-12-20,0,0,0.015413437792727525,0.011687363038714427
2018-12-21,0,-0,-0.004360952700436016,-0.0079422382671480163
2018-12-24,0,0,0.010950134770889575,0.0094614264919941071
2018-12-26,0,0,-0.0029995000833193952,0.017303532804614274
2018-12-27,0,0,0.0076048804947350668,0.013465627214741316
2018-12-28,0,0,0.0040640291946587581,0.0083916083916082407
2018-12-31,0,0,0.001569469684453928,0.0069348127600554754
2019-01-02,0,0,0.00065979381443304064,0.0027548209366392573
2019-01-03,0,0,0.0090661831368994417,0.013049450549450503
2019-01-04,0.00039455984174077469,0.00049455984174086938,-0.0080862533692722671,-0.0013559322033898091
2019-01-07,0.0037661333589114345,0.0037661333589113421,0.0034584980237153395,-0.0040733197556008793
2019-01-08,-0.0020304749900211284,-0.0020304749900209797,-0.0027080256031511984,0.0013633265167007913
2019-01-09,0.00015931089727833162,0.00015931089727834564,0.006418168353492959,0.0061266167460858334
2019-01-10,0.003135462628644232,0.0031354626286441245,-0.0058866813833701181,-0.012178619756427533
2019-01-11,-0.00048963699219833348,-0.00048963699219846119,0.0017271157167528806,0.00273972602739736
2019-01-14,0.00051376513710550188,0.00051376513710570809,0.0023809523809523725,0.001366120218579292
2019-01-15,0.0011648323671729392,0.0011648323671729708,-0.0017200425915309125,-0.0040927694406548421
2019-01-16,0.00058511566620210497,0.00058511566620219463,0.0031998687233343315,0.00205479452054802
2019-01-17,0.0013673882980586448,0.0013673882980584624,-0.0013085793735175821,-0.0041011619958988277
2019-01-18,0.0022770613621629198,0.002277061362162791,-0.0089263778560314533,-0.013726835964310347
2019-01-22,0.0010815154028912025,0.0010815154028913344,0.0035531317137664775,0.0013917884481560172
2019-01-23,-0.0016986123630157268,-0.0016986123630158992,-0.0013997529847673551,0.0020847810979847115
2019-01-24,0.0012408780056761925,0.0012408780056764246,-0.0015666226912928183,-0.0041608876560332853
2019-01-25,-0.0055403109584227462,-0.0055403109584226647,0.014617226856057375,0.026462395543175532
2019-01-28,7.4516004961427891e-05,7.4516004961394823e-05,0.0034999186065440835,0.0033921302578017176
2019-01-29,-0.00021001434439719488,-0.00021001434439731187,0.0055965609538486394,0.0060851926977689708
2019-01-30,-0.0028280695365162901,-0.0028280695365163022,0.0057267301177608143,0.011424731182795744
2019-01-31,0.00024655831793282202,0.0002465583179327439,0.00048119335953167308,0
2019-02-01,0.0033717282574626493,0.0033717282574627951,-0.0020040080160320661,-0.0086378737541529249
2019-02-04,-0.00086209379313524127,-0.00086209379313530914,-0.0043373493975904509,-0.0026809651474529739
2019-02-05,0.0016488895741921968,0.0016488895741922733,0.0025814778960955298,-0.00067204301075274309
2019-02-06,0.0029657151337686722,0.0029657151337687962,-0.0067589314451239613,-0.012777404169468709
2019-02-07,-0.0017999883400632961,-0.0017999883400633525,0.0024303305249513407,0.0061307901907357021
2019-02-08,-9.8792528605060398e-05,-9.8792528605318912e-05,0.0037982867302408518,0.004062288422478133
2019-02-11,0.0012096829602253696,0.0012096829602254542,-0.0049110377586345511,-0.007417397167902906
2019-02-12,0.00072511573732911457,0.00072511573732905873,0.0021035598705501091,0.00067934782608691791
2019-02-13,0.0027047107574731024,0.0027047107574733162,-0.003956079444534133,-0.0095044127630685704
2019-02-14,0.00079662270828665294,0.00079662270828644726,0.0055929318310772302,0.0041124057573680428
2019-02-15,0.00038055086035159976,0.00048040789171147042,0.0059648557149765136,0.011604095563140016
2019-02-19,0,0,0.015224358974359031,0.013495276653171295
2019-02-20,0,0,-0.0017363851617995252,0.0033288948069241098
2019-02-21,0,-0,-0.011306135357368796,-0.015925680159256772
2019-02-22,0,0,0.0035985605757697936,0.0080917060013485642
2019-02-25,0,0,-0.0010358565737051961,-0.0033444816053510573
2019-02-26,0,0,0.0016750418760469454,0.0026845637583892135
2019-02-27,0,-0,-0.0070871157827679943,-0.012717536813922292
2019-02-28,0,0,-0.0056139225278691862,-0.0081355932203389658
2019-03-01,0,-0,-0.017017501411404123,-0.029391660970608413
2019-03-04,0,0,-0.0026255333114538759,-0.0035211267605632646
2019-03-05,0,0,0.0013162224415925738,0.0035335689045936647
2019-03-06,0,0,-0.00090371344068351789,-0.0035211267605632646
2019-03-07,0,0,-0.00082230079763168096,-0.0042402826855123532
2019-03-08,0,0,0.010945601185087694,0.022711142654364913
2019-03-11,0,0,-0.0048844024747639603,-0.0027758501040944239
2019-03-12,0,0,0.0060536649214659732,0.0076548364648574285
2019-03-13,0,0,0.0069930069930070893,0.0020718232044198981
2019-03-14,0,0,-0.011547157622739057,-0.01860785665058573
2019-03-15,0,0,0.004574789641369259,0.0063202247191012084
2019-03-18,0,0,0.00056924453118645246,0.0041870202372644716
2019-03-19,0,0,0.0027633289986994658,0.00069492703266149647
2019-03-20,0,0,0.0064840330685687064,0.0097222222222221877
2019-03-21,0,0,-0.0040264132710581269,-0.0027510316368637433
2019-03-22,0,0,0.0023447606727036163,-0.0034482758620689724
2019-03-25,0,0,0.0076631443091070839,0.0076124567474049609
2019-03-26,0,-0,-0.0049631764329171046,-0.0061813186813186594
2019-03-27,0,0,-0.0052292839903458344,-0.010366275051831408
2019-03-28,0,-0,-0.014152850788516025,-0.017458100558659262
2019-03-29,0.00036175157765119072,0.00046175157765118762,0.00090237899917955389,0.0078180525941720092
2019-04-01,0.00090324962393344783,0.000903249623933329,-0.0039341037619867736,-0.0021156558533145242
2019-04-02,-0.0014816396092547956,-0.0014816396092546596,0.0037027894347074763,0.00070671378091868853
2019-04-03,0.0021388162285792935,0.0021388162285792228,-0.0014756517461879115,0.0028248587570620654
2019-04-04,-0.00056053819327178016,-0.00056053819327177875,0.002545155993431969,0.0014084507042253502
2019-04-05,-0.0012239486605897317,-0.0012239486605897889,-0.0010646138727377075,-0.0035161744022503827
2019-04-08,0.0027545683273542186,0.0027545683273542823,0.0043449745859978073,0.0098800282286521934
2019-04-09,-0.0036520869113455061,-0.0036520869113454918,0.0052240633417679483,-0.0020964360587002462
2019-04-10,-0.0015504510674569311,-0.001550451067456953,0.0030856678846933328,0
2019-04-11,-0.0026938562940136009,-0.0026938562940135983,-0.0127904152837367,-0.018207282913165201
2019-04-12,0.0015503774605179746,0.0015503774605180093,-0.00098400984009838766,0.0021398002853068032
2019-04-15,0.0012933139502334671,0.0012933139502333013,-0.0018878765492900129,0.00071174377224192398
2019-04-16,0.0048055012653861048,0.0048055012653861473,-0.0089638157894735837,0.00071123755334290273
2019-04-17,0.00023484257908512398,0.00023484257908515485,-0.0019085553066136018,-0.001421464108031234
2019-04-18,-1.5759079210931203e-05,-1.5759079210905589e-05,0.00074825407382772546,0.00071174377224192398
2019-04-22,0.00070026229433787796,0.00070026229433780944,0,0.0014224751066855834
2019-04-23,-0.0049324130891532491,-0.0049324130891531606,-0.0020769294674752858,-0.012073863636363646
2019-04-24,0.0017356243415369366,0.0017356243415368965,0.0029137529137528428,0.006470165348670065
2019-04-25,-0.0004075668773393341,-0.00040756687733931171,0.0008300821781355161,0
2019-04-26,0.00024967923081573262,0.0002496792308157716,0.0066351497055652242,0.0071428571428571175
2019-04-29,-0.0016605249451204455,-0.0016605249451204544,-0.0044492049106039655,-0.0078014184397162678
2019-04-30,-0.00045579244511991261,-0.00045579244512000016,0.0030621534387156313,0.0021443888491778917
2019-05-01,-0.0062309329550215842,-0.0062309329550215018,-0.0066006600660065695,-0.019258202567760341
2019-05-02,0.00047479363086521011,0.00047479363086527207,-0.0038205980066445822,-0.0029090909090908612
2019-05-03,0.0059291031855798126,0.0059291031855797744,0.0059196264799066256,0.018234865061998562
2019-05-06,5.0022425172467379e-05,5.0022425172523595e-05,0.0013261500207211174,0.0014326647564468775
2019-05-07,-0.0016336782208679955,-0.0016336782208679638,0.0033109841900504922,0
2019-05-08,-0.0019436270468332626,-0.0019436270468333049,-0.0024750433132579852,-0.0064377682403433667
2019-05-09,-0.0033067089520231216,-0.0033067089520232118,0.002398478206930843,-0.0043196544276458138
2019-05-10,-0.0005916836583888446,-0.00059168365838893513,0.0018976897689768624,0.00072306579898762102
2019-05-13,-0.0051024496131566359,-0.0051024496131565492,0.010211644568887346,0
2019-05-14,0.0015809676399043541,0.0015809676399044894,-0.001711910002445638,0.0014450867052022698
2019-05-15,-6.6581643197977984e-05,-6.6581643198197562e-05,-0.00057161522129667297,-0.00072150072150067857
2019-05-16,-0.0034791805046067831,-0.0034791805046067545,-0.0071901299125745055,-0.014440433212996373
2019-05-17,-0.0010758485067193155,-0.0010758485067191923,-0.0070776067813348442,-0.009523809523809601
2019-05-20,0.0011133658104772769,0.0011133658104771429,-8.2884376295111473e-05,0.0022189349112426981
2019-05-21,0.00044652726556134684,0.00044652726556139834,-0.0023209549071617763,-0.0014760147601476925
2019-05-22,0.00085379422024237702,0.00085379422024222914,-0.00099700897308074854,0.00073909830007390376
2019-05-23,0.001141141271981437,0.0011411412719814751,0.0077345309381238181,0.010339734121122657
2019-05-24,-0.0016054844625267217,-0.0016054844625266376,0.0010728728233060369,-0.0021929824561403022
2019-05-28,-0.0048293160892578261,-0.0048293160892577073,-0.0038746908491343879,-0.01391941391941387
2019-05-29,0.0019835484678936729,0.0019835484678937016,0.00033104361499636248,0.0044576523031203408
2019-05-30,-0.00054401107933355986,-0.00054401107933371674,0.0067841482584594104,0.0059171597633136397
2019-05-31,-0.0050245715464399231,-0.0050245715464398788,0.013476867450078034,0.0036764705882352811
2019-06-03,0.00047902580115378757,0.00047902580115384764,0.01443282250871647,0.01611721611721606
2019-06-04,0.00055195241539835306,0.00055195241539839632,0.00031971864759006152,0.0014419610670513006
2019-06-05,-0.001694079396921917,-0.0016940793969221046,0.0025569316819815668,-0.00071994240460759862
2019-06-06,-0.00027370985815173833,-0.00027370985815165804,0.0032677133976248829,0.0028818443804032867
2019-06-07,0.0020719357098553789,0.0020719357098553759,0.0056402923419129891,0.010057471264367956
2019-06-10,-0.0048026505664264625,-0.0048026505664263888,-0.0099533928430366458,-0.019914651493598945
2019-06-11,0.00171150170047358,0.0017115017004735035,-0.0011968403414983619,0.0021770682148041232
2019-06-12,-0.0016385326075223788,-0.0016385326075224545,0.0051925227672151575,0.0021723388848660097
2019-06-13,0.0011041931223491042,0.0011041931223491452,0.0061193674004609289,0.0086705202312138407
2019-06-14,-0.0016351784088024061,-0.0016351784088023077,-0.00031595576619269927,-0.0035816618911175269
2019-06-17,-2.5676164105173413e-05,-2.5676164105202266e-05,-0.00063211125158024739,-0.00071890726096335289
2019-06-18,0.0027332860712436621,0.0027332860712436179,0.0050600885515497129,0.010791366906474753
2019-06-19,0.0011017985765225593,0.0011017985765225352,0.0060572687224669242,0.0085409252669037539
2019-06-20,-0.0033773204750938857,-0.0033773204750937665,0.025177887246852881,0.019760056457304165
2019-06-21,-0.0068950262542121056,-0.0068950262542122956,0.0066356494546562228,-0.0062283737024221297
2019-06-24,-0.0046371339526124307,-0.0046371339526122051,0.014850734959842571,0.0069637883008357715
2019-06-25,-0.0040236930045057353,-0.0040236930045057491,0.0019411676870240147,-0.0055325034578146415
2019-06-26,0.0030364188002017871,0.003036418800201651,-0.0091654247391951271,-0.0041724617524340202
2019-06-27,-0.00091036170414571867,-0.00091036170414552297,-0.00097766413476718661,-0.0027932960893854997
2019-06-28,0.00029999145120316418,0.00029999145120312943,0.0027100271002709064,0.0035014005602240772
2019-07-01,0.0054705179881356378,0.0054705179881355528,-0.019369369369369283,-0.010467550593161179
2019-07-02,-0.0077827772015638223,-0.0077827772015638692,0.021359669269636949,0.0077574047954864778
2019-07-03,0.00016333826482686916,0.00016333826482696617,0.001649051795217682,0.0020993701889433503
2019-07-05,-0.0031887604121654338,-0.0031887604121654052,-0.011150190825413575,-0.018156424581005526
2019-07-08,0.0032615682755316264,0.0032615682755314491,-0.0064325715150597151,-0.00071123755334279171
2019-07-09,0.0013410798602308462,0.0013410798602307651,0.0035036941122705834,0.0064056939501779819
2019-07-10,-0.0044478834261243239,-0.0044478834261242146,0.015787476280834989,0.0084865629420083355
2019-07-11,0.001515074692816927,0.001515074692816945,-0.0084435477845029583,-0.0063113604488078678
2019-07-12,-0.00023397003507826975,-0.00023397003507823698,0.0062547098718914729,0.0063514467184191403
2019-07-15,0.0058752917562381896,0.0058752917562383293,0,0.011220196353436185
2019-07-16,0.0091705773551959344,0.0091705773551956967,-0.0084625177862652778,0.0083217753120665705
2019-07-17,0.0053131223861786307,0.0053131223861787955,0.01646525679758315,0.027510316368638321
2019-07-18,0.0046557476554610856,0.0046557476554610483,0.014117996730568905,0.023427041499330725
2019-07-19,0.0081118027695927415,0.0082232899465269904,-0.014727432590855738,-0.0078482668410725376
2019-07-22,0,0,-0.0001487320591954111,0.011865524060646004
2019-07-23,0,0,-0.0056526589810337313,-0.00065146579804553628
2019-07-24,0,0,0.0050863938963274791,0.011734028683181297
2019-07-25,0,-0,-0.0070700305127634477,-0.010309278350515427
2019-07-26,0,0,0.0016489281966720615,-0.0032552083333332593
2019-07-29,0,0,0.0066596827297218386,0.005878510777269641
2019-07-30,0,0,0.0033449788151340698,0.0064935064935065512
2019-07-31,0,0,-0.013113053785745898,-0.018709677419354809
2019-08-01,0,0,0.024022220554012375,0.0085470085470085166
2019-08-02,0,0,-0.0038120372406715841,-0.009778357235984414
2019-08-05,0,0,0.013981897122672837,0.0092165898617511122
2019-08-06,0,0,0.0081283111982002332,0.0032615786040444128
2019-08-07,0,0,0.015189691166942687,0.03836150845253572
2019-08-08,0,0,0.0050347468444191801,-0.0050093926111458575
2019-08-09,0,0,-0.0033161645382064897,0
2019-08-12,0,0,0.0096984284298458068,0.0056639395846445062
2019-08-13,0,0,-0.0059594755661501742,-0.0068836045056320794
2019-08-14,0,0,0.0068415855550854054,0.013232514177693666
2019-08-15,0,0,0.0066549912434323844,0.0031094527363184632
2019-08-16,0,0,-0.0064022268615169242,-0.0068195908245505255
2019-08-19,0,-0,-0.011696316010645691,-0.014357053682896415
2019-08-20,0,0,0.0077953369711571963,0.016466117796073654
2019-08-21,0,0,-0.0031643344349906455,0
2019-08-22,0,0,-0.0025395033860043936,-0.0049844236760124838
2019-08-23,0,0,0.019589816124469417,0.023794614902943101
2019-08-26,0,0,0.00013872511618240324,0.01039755351681948
2019-08-27,0,0,0.0095707053193703207,0.030871670702179221
2019-08-28,-0.0014740663746068043,-0.0013740663746068492,-0.0028165143917016078,0.0082207868467409906
2019-08-29,-0.00066211121135956977,-0.00066211121135941169,-0.0071645081289610779,-0.0058241118229470645
2019-08-30,-0.0036125146080627861,-0.0036125146080628334,-0.0025673050235914818,0.0046865846514352327
2019-09-03,-0.014781135646968259,-0.014781135646968252,0.013913043478260834,0.043148688046647399
2019-09-04,-0.010198438091680882,-0.010198438091681045,0.006243567753001722,0.025153717160424804
2019-09-05,0.015479309194118494,0.015479309194118695,-0.024001090958679971,-0.050708833151581256
2019-09-06,0.011728660729030702,0.011728660729030775,-0.0085231242140562102,-0.031016657093624334
2019-09-09,-0.00065905369798839966,-0.00065905369798863103,-0.0037344983089064865,-0.0023710729104922112
2019-09-10,-0.0047658854555797719,-0.0047658854555798005,-0.0085578895254260212,0.0011883541295307776
2019-09-11,7.7925066979438357e-06,7.7925066980874721e-06,0.0060636324725351631,0.0059347181008901906
2019-09-12,0.0018894556277700462,0.0018894556277701177,0.0020563000779976193,-0.0017699115044246261
2019-09-13,0.013863062065838134,0.013863062065838152,-0.0082790829323520221,-0.036052009456264966
2019-09-16,-0.008458905349227306,-0.0084589053492273164,0.0083481983589011044,0.026364193746168052
2019-09-17,-0.0025410616984452433,-0.0025410616984453925,0.0019813189923578722,0.0071684587813620748
2019-09-18,0.0060052669084687503,0.0060052669084688006,-0.0062853107344631454,-0.018386714116251368
2019-09-19,-8.0467016105339515e-05,-8.0467016105482373e-05,0.00405088479852167,0.004229607250755274
2019-09-20,0.00049475775564541188,0.00049475775564564899,0.011820498301245763,0.010830324909747224
2019-09-23,-0.017917796958207024,-0.017917796958207201,0.0055963623644632587,0.042261904761904834
2019-09-24,0.0047312916364854697,0.0047312916364855651,0.0052869565217390502,-0.0039977155910908557
2019-09-25,0.012207586909137907,0.012207586909137738,-0.018545429382049505,-0.041857798165137683
2019-09-26,0.0010281210195115704,0.0010281210195117183,-0.00028202777973640458,-0.0023937761819269321
2019-09-27,0.0065175463964443408,0.0065175463964443339,-0.0051484589886451326,-0.018596280743851334
2019-09-30,0.0052542711973419497,0.0052542711973417727,-0.015525308379413016,-0.026894865525672329
2019-10-01,-0.0040380219912441572,-0.0040380219912439551,0.0054727442932238635,0.014447236180904488
2019-10-02,-0.002534222085459044,-0.0025342220854591797,0.011673709088304784,0.017337461300309664
2019-10-03,0.0021863541805153771,0.0021863541805155883,0.0045306526971542471,0
2019-10-04,0.00057795292501881031,0.00057795292501883037,0,-0.0012172854534387989
2019-10-07,-0.00094527071805182265,-0.00094527071805203917,-0.0085271317829458404,-0.0067032297379646666
2019-10-08,-0.0047672914110897507,-0.0047672914110896102,0.0087426256308194006,0.01901840490797535
2019-10-09,0.0007358884177364281,0.00073588841773654823,0.00091600901916599753,-0.00060204695966270538
2019-10-10,0.0024303353514437739,0.0024303353514438142,-0.0087293206617389263,-0.013855421686747027
2019-10-11,-0.0026640853565285368,-0.0026640853565286422,-0.005539379305447012,0
2019-10-14,-0.0015660985590420988,-0.0015660985590420695,0.0039991430407770867,0.0073304825901037152
2019-10-15,0.0030357504602757835,0.0030357504602756108,-0.0069706237997011478,-0.013341419041843494
2019-10-16,0.0030255855406573391,0.0030255855406574393,0.0057302485495307476,-0.00061462814996915416
2019-10-17,-0.003834808013828617,-0.0037395074193777877,0.0014243999715122246,0.008610086100860892
2019-10-18,0,0,-0.0010667804565820393,0.00060975609756108717
2019-10-21,0,0,-0.0047700412928949332,0
2019-10-22,0,0,0.0029329708848988556,-0.0024375380865325758
2019-10-23,0,0,0.0023537803138373725,0.0012217470983506562
2019-10-24,0,0,0.0071159183092577294,0.015863331299572847
2019-10-25,0,0,0.0023316611319155189,0.014414414414414489
2019-10-28,0,-0,-0.0086000281968139358,-0.012433392539964561
2019-10-29,0,0,-0.0027730375426620046,-0.0017985611510792365
2019-10-30,0,0,0.0054901960784314863,0.0048048048048048297
2019-10-31,0,0,0.0099985817614522965,0.011356843992827326
2019-11-01,0,0,0.00091272905988892816,0
2019-11-04,0,0,-0.002875982042648717,-0.004137115839243477
2019-11-05,0,-0,-0.016180091452690948,-0.024332344213649826
2019-11-06,0,0,0.0042903110475509543,0.0018248175182480342
2019-11-07,0,-0,-0.015521537913848138,-0.02853673345476615
2019-11-08,0,-0,-0.006364359586316759,-0.018750000000000044
2019-11-11,0,0,-0.0024019215372296232,0.0031847133757962887
2019-11-12,0,0,0.0026995476433679944,-0.0019047619047618536
2019-11-13,0,0,0.0040020374008584714,0.0069974554707379344
2019-11-14,0,0,0.0042035077547470934,0.0044219835754895076
2019-11-15,0,0,-0.0025259815242494321,-0.0031446540880503138
2019-11-18,0,0,0.0029665002532377471,0.0044164037854890204
2019-11-19,0,0,0.00050497763670453999,0.0062814070351757678
2019-11-20,0,0,0.00050472276299662333,0.0012484394506866447
2019-11-21,0,-0,-0.0054770827327759175,-0.0031172069825435855
2019-11-22,0,0,-0.0018840579710144301,-0.0056285178236397115
2019-11-25,0,-0,-0.004791636416436762,-0.0075471698113208641
2019-11-26,0,0,0.0048147067405894806,0.013307984790874583
2019-11-27,0,-0,-0.005299840278786272,-0.0093808630393996673
2019-11-29,0,0,0.0062039267206774884,0.005050505050504972
2019-12-02,0,0,-0.00050776149717124408,-0.0075376884422110324
2019-12-03,0,0,0.0095797953407361636,0.015822784810126667
2019-12-04,0,0,-0.0013658256056360285,-0.01806853582554524
2019-12-05,0,0,0.00057587100489508991,0.0057106598984770773
2019-12-06,0,-0,-0.0099280575539567595,-0.023343848580441584
2019-12-09,0.00069825834542825121,0.00079825834542815249,-0.00029065542799000532,0.0012919896640826156
2019-12-10,0.00084238197626142165,0.0008423819762614867,0.0028347143480156323,0.004516129032258176
2019-12-11,0.0023557961192925644,0.0023557961192925739,0.0068855548307602543,0.01156069364161838
2019-12-12,0.0049843034432556204,0.0049843034432556074,-0.0035272099049811212,0.0063492063492063266
2019-12-13,-0.0025495158887439157,-0.0025495158887440554,0.0044787979484215423,-0.0006309148264984632
2019-12-16,0.002279912164970645,0.0022799121649707539,-7.1916576771080543e-05,0.0044191919191920448
2019-12-17,-0.00085154266457818735,-0.00085154266457821098,-0.00021576524741084846,-0.0018856065367692798
2019-12-18,0.00060418373613473346,0.00060418373613471894,7.1937270700095368e-05,0.0012594458438286438
2019-12-19,-1.5786115518173983e-05,-1.5786115518003709e-05,0.0025895554596460091,0.002515723270440251
2019-12-20,0.0026952896240992931,0.0026952896240992445,0.0010044482709141711,0.006273525721455453
2019-12-23,0.0061139700982294782,0.0061139700982294392,0.0030819954128438187,0.014962593516209655
2019-12-24,0.0038578705425289556,0.0039601597026160586,0.0094319399785638414,0.018427518427518219
2019-12-26,0,0,0.0078572945423656115,0.0090470446320869424
2019-12-27,0,0,-0.00035117291754449553,-0.0089659294680216606
2019-12-30,0,0,0.0021077776997118214,0.0096501809408926498
2019-12-31,0,0,0.0018930098857183886,-0.0035842293906809264
2020-01-02,0,0,0.0073477956613015039,0.0077937649880095439
2020-01-03,0,0,0.013268496005557573,0.0017846519928614857
2020-01-06,0,0,0.010489510489510412,0.0059382422802851664
2020-01-07,0,0,0.0039351380690686444,0.01357733175914988
2020-01-08,0,0,-0.007501520578495513,-0.013977868375072866
2020-01-09,0,0,-0.0056516410186573385,-0.012404016538688722
2020-01-10,0,0,0.0060261590084229599,0.010167464114832603
2020-01-13,0,-0,-0.0074195085426451701,-0.0065127294256956958
2020-01-14,0,0,-0.00089151008092169803,-0.0095351609058402786
2020-01-15,0,0,0.005834305717619559,0.011432009626955342
2020-01-16,0,0,-0.0015695373276920499,-0.0023795359904817959
2020-01-17,0,0,0.001845396760303597,0.0029815146094216427
2020-01-21,0,0,0.0010915541001501605,-0.010701545778834753
2020-01-22,0,0,0.00034073872154816165,0.0012019230769231282
2020-01-23,0,0,0.0022481095442470345,-0.0030012004801921455
2020-01-24,0,0,0.0058455682436104883,0.018061408789885602
2020-01-27,0,0,0.0068252466549534319,-0.0011827321111768097
2020-01-28,0,-0,-0.0089267736089670979,-0.033747779751332141
2020-01-29,0.001319846325059535,0.0014198463250594988,0.005417851821752695,0.0055147058823530326
2020-01-30,0.0082476452645698032,0.0082476452645698205,6.7358210965817733e-05,0.016453382084095081
2020-01-31,0.0013752746971562404,0.0013752746971562482,0.0057924159762916538,0.0083932853717025857
2020-02-03,-0.0064733347582704411,-0.0064733347582705278,-0.0064956807071586686,-0.019024970273483932
2020-02-04,0.004975881517181935,0.0049758815171819662,-0.013008897276894138,-0.0030303030303030498
2020-02-05,-0.00029939751623507185,-0.00029939751623519442,0.0012292562999385304,0.00060790273556232677
2020-02-06,0.0025237781114156705,0.0025237781114158184,0.0053884455357751104,0.010328068043742311
2020-02-07,-0.0040372768372772825,-0.0040372768372772348,0.0026458616010853753,-0.0054119061936259705
2020-02-10,0.00085698933443872764,0.00085698933443867267,0.0025712159144732905,0.004232164449818665
2020-02-11,-0.0022471810540768979,-0.0022471810540769161,-0.0034419923061347335,-0.0078266104756170574
2020-02-12,-0.0041748588384325066,-0.0041748588384323722,-0.00081267777326288204,-0.0091019417475729503
2020-02-13,0.0011467596491861443,0.0011467596491859381,0.0056933712891420463,0.0079608083282303177
2020-02-14,0.00096937350824263791,0.00096937350824273082,0.0041784607089905279,0.0060753341433776864
2020-02-18,0.0073248075875959806,0.0073248075875958912,0.01281879194630875,0.027173913043478493
2020-02-19,0.0037349667090390373,0.0037349667090392003,0.0058312901729506983,0.012933568489124081
2020-02-20,-0.0047900187087047399,-0.0047900187087046896,0.0040845905527373549,-0.0052234474753337645
2020-02-21,-0.0034170174635972071,-0.003417017463597283,0.015025260809658159,0.008168028004667427
2020-02-24,-0.0010129748237069655,-0.0010129748237069113,0.0089851325145444694,0.0069444444444441977
2020-02-25,-0.011677973819059408,-0.011677973819059502,-0.017874303286565363,-0.039655172413793016
2020-02-26,-0.0032082583413142012,-0.003208258341314264,0.0043705153294193444,-0.0017953321364453378
2020-02-27,-0.0066109546300892235,-0.0066109546300892781,0.00019484315126327978,-0.01258992805755399
2020-02-28,-0.010000654631778632,-0.010000654631778533,-0.036493506493506578,-0.057073466909532411
2020-03-02,-0.0019029246464827103,-0.0019029246464826578,0.0055263512602776732,0.0019317450096587585
2020-03-03,-0.0017980844347071012,-0.0017980844347071454,0.031434316353887493,0.029562982005141292
2020-03-04,0.0012728249589541161,0.0012728249589541072,0.0017544999675094264,0.0043695380774033676
2020-03-05,-0.0049611591582273528,-0.0049611591582274179,0.02160093409444741,0.013051584835301444
2020-03-06,-0.0040197722298935109,-0.0040197722298933704,0.00038097656994096063,-0.0073619631901841176
2020-03-09,-0.010476479473454113,-0.010476479473454172,0.0016502697556330936,-0.018541409147095123
2020-03-10,0.0069918599029765369,0.0069918599029764735,-0.021101324377415964,-0.0094458438287153834
2020-03-11,-0.0012596876148229647,-0.0012596876148230328,-0.0035603314344897496,-0.0063572790845517479
2020-03-12,-0.01067353009510395,-0.01067353009510374,-0.039888260897810834,-0.064619321817018682
2020-03-13,-0.014015437484769119,-0.014015437484769071,-0.030516273090195445,-0.063611491108071072
2020-03-16,-0.049557922578476146,-0.049557922578476347,-0.011446119486320572,-0.12344777209642066
2020-03-17,-0.011457330738338765,-0.01145733073833868,0.013555492798644542,-0.0099999999999998979
2020-03-18,-0.012398565223499787,-0.012398565223499906,-0.019921983839509716,-0.056397306397306335
2020-03-19,0.014268168959963643,0.014268168959963707,-0.018905472636815857,0.0098126672613736421
2020-03-20,0.0025064111338832695,0.0025064111338832283,0.014995653433787393,0.026501766784452263
2020-03-23,0.00026857281331247337,0.00026857281331252065,0.044179573192491661,0.059380378657487132
2020-03-24,0.0068686992886449073,0.0068686992886449498,0.048530416951469535,0.079610073111291424
2020-03-25,0.015601004024749119,0.015601004024749086,-0.013689700130378069,0.016553799849510886
2020-03-26,-0.0065952311699717017,-0.0065952311699717858,0.012822207534699315,0.0014803849000739611
2020-03-27,0.00065492266194853597,0.00065492266194855158,-0.0064604541895066925,-0.0066518847006651338
2020-03-30,-0.012111824095509921,-0.012111824095509901,0.0044006568144498992,-0.020833333333333259
2020-03-31,0.014787515971653033,0.01478751597165304,-0.031846717237771216,-0.008358662613981771
2020-04-01,-0.0062930808798742728,-0.0062930808798741652,0.0094562647754135032,-0.0022988505747126853
2020-04-02,0.0082447023971704211,0.0082447023971703899,0.016393442622950838,0.039170506912442393
2020-04-03,-0.0052027188095277472,-0.0052027188095278244,0.0049374588545094689,-0.0051736881005172153
2020-04-06,0.0035543290038677388,0.0035543290038678897,0.027710448738945237,0.042347696879643237
2020-04-07,0.0017951141795890843,0.0017951141795889932,-0.0053544110147883961,-0.0028510334996435516
2020-04-08,0.0035168457305452265,0.0035168457305451749,-0.0089079723147910128,-0.0035739814152967453
2020-04-09,-0.0015382538968208364,-0.0015382538968209535,0.026123504688005061,0.028694404591104838
2020-04-13,-0.0081552303905856795,-0.0081552303905854887,0.017140336505135689,0.0041841004184099972
2020-04-14,0.0037721261163841295,0.003772126116383986,0.0078681618239266893,0.01736111111111116
2020-04-15,-0.0023403299459600463,-0.0023403299459599492,-0.0051020408163265918,-0.010921501706484649
2020-04-16,0.0012131057455565955,0.0012131057455565411,-0.00086499845535981112,0.0013802622498273465
2020-04-17,-0.00047528208015070231,-0.00047528208015065428,-0.019417475728155442,-0.024810475534114418
2020-04-20,-0.00049788438644063349,-0.0004978843864407264,0.0071261903260388948,0.0077738515901060179
2020-04-21,-0.0088949101941317495,-0.0088949101941317148,-0.0068252974326861171,-0.026647966339410911
2020-04-22,-0.0046244433963518435,-0.0046244433963517429,0.019670890864384116,0.015129682997118143
2020-04-23,-0.0019937230711730455,-0.0019937230711730741,0.00995486304334392,0.0085166784953869534
2020-04-24,0.0026825018774204517,0.0026825018774204214,-0.0042855393657402763,0
2020-04-27,0.004127644767467617,0.0041276447674675745,-0.0066404328578454352,0
2020-04-28,-0.001058015929961814,-0.0010580159299618374,-0.0044565486506561447,-0.0077410274454610128
2020-04-29,0.0028311668744557521,0.0028311668744557769,0.0055334493906986637,0.012765957446808418
2020-04-30,0.00079125794606659233,0.00079125794606668275,-0.018116614109936147,-0.021008403361344463
2020-05-01,-0.005787119130067549,-0.0057871191300674033,0.0061712846347605765,-0.0042918454935623185
2020-05-04,-0.0073349496381958203,-0.0073349496381961204,0.0035048191262987416,-0.010775862068965525
2020-05-05,0.0029681543739984539,0.0029681543739985649,0.0042409879007110352,0.011619462599854691
2020-05-06,0.0075912791404082157,0.0075912791404083007,-0.012855545894919995,-0.00071787508973442105
2020-05-07,0.0024538281693859115,0.0024538281693858984,0.015350739226171806,0.024425287356321768
2020-05-08,0.0098842099086355936,0.0098842099086356421,-0.0060102856434722796,0.012622720897615736
2020-05-11,0.003760004989192327,0.003760004989192193,-0.0062336367036529561,0
2020-05-12,-0.0030021664519988465,-0.0030021664519989597,0.0038890979801782244,-0.0013850415512465242
2020-05-13,-0.0013547614087215804,-0.0013547614087214316,0.009622594351412328,0.009015256588072118
2020-05-14,0.0034945916030335545,0.0034945916030335992,0.008850105211040793,0.017869415807560074
2020-05-15,0.020360893248056833,0.020360893248056868,0.0056438255321760167,0.047265361242403658
2020-05-18,0.013084429365409688,0.013197981010403268,-0.0075642042335143378,0.018052869116698789
2020-05-19,0,0,0.0096502550863604153,0.024065864471184417
2020-05-20,0,0,0.0023742846706442666,0.011750154607297336
2020-05-21,0,-0,-0.014576374126935909,-0.024449877750611138
2020-05-22,0,0,0.0059167950693375104,0.0050125313283206907
2020-05-26,0,0,-0.014214815268672409,-0.0043640897755610197
2020-05-27,0,0,0.0018024737398223412,0.011271133375078124
2020-05-28,0,0,0.0033502915994538807,0.0024767801857585869
2020-05-29,0,0,0.0073583972297799338,0.029030265596046823
2020-06-01,0,0,0.0046037689521822855,0.026410564225690436
2020-06-02,0.0024122646455244736,0.0025122646455243212,-0.0064768422338995491,-0.015204678362573221
2020-06-03,0.0013951506881535994,0.0013951506881536371,-0.018450184501844991,-0.021377672209026088
2020-06-04,0.0033541077969648603,0.0033541077969650905,0.010526315789473717,0.0036407766990289581
2020-06-05,-1.1292485698754466e-05,-1.1292485699031261e-05,-0.020275297619047672,-0.020556227327690468
2020-06-08,-0.0061691226422262184,-0.0061691226422261108,0.010822099867097146,0.024074074074074137
2020-06-09,0.0096714716694477031,0.0096714716694476528,0.0096418732782368455,-0.010247136829415249
2020-06-10,-0.0086867133835112978,-0.0086867133835111573,0.014324693042292003,0.032886723507917104
2020-06-11,0.011618804798715307,0.011618804798715288,-0.0072140368038149383,-0.030660377358490587
2020-06-12,0.0053192392181598963,0.005319239218159866,0.001416343370897355,-0.0097323600973235891
2020-06-15,0.00056991306834980294,0.00056991306834984826,-0.001783298487270879,-0.0030712530712531105
2020-06-16,-0.0011018662388121089,-0.0011018662388122143,-0.00049282326125799081,0.001848428835489857
2020-06-17,-0.0010859072243325704,-0.0010859072243325871,0.0019106317411401452,0.004305043050430335
2020-06-18,0.0024976805499543116,0.0024976805499546525,-0.0019685039370078705,-0.007348438456827755
2020-06-19,-0.0026921056393583677,-0.0026921056393585251,0.01103303747534512,0.017273288093769157
2020-06-22,0.0028915419157061664,0.0028915419157059443,0.0064622325184418017,0.00060642813826561337
2020-06-23,-0.0033133354961266256,-0.0033133354961266473,0.0084196498879398618,0.015757575757575859
2020-06-24,0.012097763814478741,0.012097763814478938,-0.0034839019702065377,-0.02863961813842486
2020-06-25,-0.0091269608582761862,-0.0091269608582763301,-0.00060277275467146563,0.019041769041769019
2020-06-26,0.0010645186371372824,0.001064518637137512,0.0044632086851628117,0.0024110910186858625
2020-06-29,-0.00030530663153090004,-0.00030530663153111883,0.00054041071214117054,0.0012026458208056479
2020-06-30,-0.0081285723543636761,-0.0081285723543634784,0.0044409770149433925,0.021621621621621845
2020-07-01,0.0032416193624614635,0.0032416193624614786,-0.0044810898010395617,-0.01116990005878904
2020-07-02,0.0042572360804854952,0.0042572360804852133,0.0021606049693914109,-0.0065398335315101086
2020-07-06,-0.0067811937747288562,-0.006781193774728779,0.0059887411666068591,0.020347097546379311
2020-07-07,0.0043510769800526941,0.0043510769800528632,0.0063102750327419521,-0.0023460410557184508
2020-07-08,-0.010682205318295314,-0.010682205318295416,0.0062115475627071426,0.028218694885361328
2020-07-09,0.0018092949463127748,0.001809294946312839,-0.0027044505849844747,-0.0062893081761006275
2020-07-10,-0.0027854045750274779,-0.0027854045750274935,-0.0025938807993869384,0.0028768699654775354
2020-07-13,-0.0081094491243962844,-0.008109449124396359,0.0012412081092263438,0.017211703958691871
2020-07-14,-0.0046374160003593992,-0.0046374160003593533,0.0046635182998819857,0.013536379018612488
2020-07-15,-0.005445153597990267,-0.0054451535979902236,0.00088136788295445356,0.01112966054535347
2020-07-16,0.0066039655375308313,0.006603965537530663,-0.0094516848655630259,-0.021463951568519546
2020-07-17,-0.0025164611258709428,-0.0025164611258707754,0.008238013394180177,0.012935883014623117
2020-07-20,-0.012853512584954338,-0.012853512584954412,0.0048201269691980908,0.028872848417545782
2020-07-21,-0.027727782818921989,-0.027727782818921867,0.012051012051012,0.061521856449001655
2020-07-22,-0.046101909507946272,-0.04610190950794632,0.015202312138728358,0.08998474834773762
2020-07-23,0.018455131298848224,0.018455131298848352,0.0088253715196719984,-0.019123134328358216
2020-07-24,-0.00069066925094684586,-0.00069066925094714824,0.0085788463709222107,0.0085592011412267688
2020-07-27,-0.039753033063475378,-0.039753033063475163,0.019753777280358209,0.076379066478076352
2020-07-28,0.007212636726714153,0.0072126367267140558,0.0083411073917576406,-0.0026281208935610145
2020-07-29,0.011276863821660366,0.011276863821660287,0.0075102040816326099,-0.0087834870443566082
2020-07-30,0.021656197665715065,0.02165619766571536,-0.0074002052611678026,-0.035888347363757123
2020-07-31,-0.022746197749512902,-0.022746197749513076,0.0090879407923378785,0.04090073529411753
2020-08-03,-0.002214589659943604,-0.0022145896599434418,0.0011325028312569874,0.0039735099337747659
2020-08-04,-0.035791696123527852,-0.035791696123527977,0.021277741865977307,0.066402814423922596
2020-08-05,-0.020836368053463339,-0.020836368053463315,0.0092831900416687763,0.032989690721649589
2020-08-06,-0.05401414172569078,-0.054014141725690808,0.013274105043114659,0.073053892215568794
2020-08-07,0.013471835349700393,0.013471835349700555,-0.015885295786270515,-0.025669642857142794
2020-08-10,-0.031620726623493453,-0.031620726623493634,-0.0034589382107855782,0.030927835051546282
2020-08-11,0.096885479151402012,0.096885479151401874,-0.053694451748619532,-0.13592592592592601
2020-08-12,-0.0060113606470556507,-0.0060113606470555119,-0.0046682227409136079,0.0038576939562795509
2020-08-13,-0.054181630159803387,-0.054181630159803332,0.023618090452261375,0.08667805294619968
2020-08-14,0.028387765072465956,0.028387765072465827,-0.0043091692576229246,-0.034184675834970535
2020-08-17,-0.021998322937676028,-0.021998322937675951,0.021693875314999556,0.042310821806346821
2020-08-18,-0.0030498475770703529,-0.003049847577070199,0.0090080428954424363,0.010148321623731471
2020-08-19,0.013717157116812873,0.013717157116812597,-0.031565522372196786,-0.03863987635239563
2020-08-20,-0.021230450229543636,-0.021230450229543483,0.00691395961369623,0.029340836012861748
2020-08-21,0.020174732859133331,0.020174732859133127,-0.0080108991825612597,-0.027723545490042967
2020-08-24,0.0068448053704301725,0.0068448053704303199,-0.0056584079547327137,-0.012048192771084265
2020-08-25,-0.0048346503540307615,-0.0048346503540308795,0.0012154696132595788,0.0065040650406504863
2020-08-26,-0.020808899406390677,-0.020808899406390625,0.011808851120185482,0.03271405492730195
2020-08-27,0.0068511636436508162,0.0068511636436507746,-0.011561954624781823,-0.016034415330465346
2020-08-28,-0.0043886315829093888,-0.0043886315829091155,0.017380269256234593,0.017885532591414899
2020-08-31,-0.020728800846061945,-0.020728800846062097,0.0023862465426542911,0.024209293244826346
2020-09-01,0.0041620360957673533,0.0041620360957674886,0.0011902829627223888,-0.0034311856652687878
2020-09-02,0.012373740973690614,0.012373740973690482,-0.013131586057822275,-0.022570772762050439
2020-09-03,0.023786411627447795,0.023786411627447893,-0.0081042602124631324,-0.031702544031311231
2020-09-04,-0.0094910340237507104,-0.0094910340237507312,0.0027602959037209551,0.012934518997574695
2020-09-08,0.0097827378418071306,0.0097827378418069728,-0.0019268883505835221,-0.012370311252992816
2020-09-09,-0.0087398435112326211,-0.0087398435112324719,0.0097082023277621499,0.017373737373737264
2020-09-10,0.0092381162164450435,0.0092381162164449759,-0.0032231630701994307,-0.012708498808578272
2020-09-11,-0.0014527963834361391,-0.0014527963834363249,-5.480653293887805e-05,0.0016090104585679832
2020-09-14,-0.0085117495393560224,-0.0085117495393557969,0.0078925733077555016,0.015662650602409567
2020-09-15,0.00050766261773947576,0.00050766261773921946,-0.002392734787101003,-0.0023724792408066353
2020-09-16,0.0019343753661682473,0.0019343753661685101,0.0028345598255656856,0
2020-09-17,-0.0037498984423469202,-0.0037498984423469913,-0.0054900255476435511,0
2020-09-18,0.011634917403723754,0.011634917403723579,0.0013117621337996876,-0.011890606420927541
2020-09-21,0.053684122498304773,0.053684122498304822,-0.020087336244541398,-0.076213397513036463
2020-09-22,0.0050191490315880678,0.0050191490315881276,-0.0048462566844920119,-0.01042118975249684
2020-09-23,0.040711011487058434,0.040711011487058642,-0.021606493143017103,-0.071083808688021
2020-09-24,0.017384244811352326,0.017508613325933901,0.0037187482121403548,0.018422295701464142
2020-09-25,0,0,-0.0028499772001824297,-0.012059369202226278
2020-09-28,0,0,0.010060592203041008,0.033802816901408406
2020-09-29,0,0,0.0084323712507075044,0.021798365122615904
2020-09-30,0,-0,-0.0060048263089960141,-0.038222222222222157
2020-10-01,0,0,0.008920505871725215,0.020794824399260614
2020-10-02,0,0,-0.00089535534415219331,0.0018107741059303351
2020-10-05,0,0,0.0048728576229417619,0.022141888838680623
2020-10-06,0,0,-0.01176077141742371,-0.039345711759504853
2020-10-07,0,0,-0.00045121263395386801,0.01656695812241149
2020-10-08,0,0,0.003554903509761953,0.0040742417383430318
2020-10-09,0,0,0.01816137194264833,0.055455365193868289
2020-10-12,0,-0,-0.0028716589352772992,-0.0034173430158053186
2020-10-13,0,-0,-0.015728843597696107,-0.036005143591941735
2020-10-14,0,0,0.0030947557956335636,0.0022232103156958338
2020-10-15,0,0,0.0036461547091488633,0.0022182786157942669
2020-10-16,0,0,-0.0034652358596019006,-0.0075254537405931021
2020-10-19,0,0,0.00050476724621417723,0.0071364852809989721
2020-10-20,0,0,0.0048208980324009332,0.019486271036315284
2020-10-21,0,0,0.0075313807531380839,0.011728931364031192
2020-10-22,0,-0,-0.0098006644518271457,-0.014169171318162199
2020-10-23,0,0,-0.001062461555667582,-0.00087108013937275963
2020-10-26,0,0,-0.00050380653828918653,-0.01438535309503064
2020-10-27,0,0,0.0026323158779053557,0.0053073861123396071
2020-10-28,0,-0,-0.016143447659479504,-0.041794984601847718
2020-10-29,0,0,-0.0041446658717991802,-0.0032139577594123558
2020-10-30,0,0,0.0045610034207523853,0.012897282358360185
2020-11-02,0,0,0.0097048808172530698,0.019099590723056004
2020-11-03,0,0,0.005677027710640159,0.0013386880856760541
2020-11-04,0,0,-0.00055890900961319545,-0.0089126559714796105
2020-11-05,0,0,0.022984006263281564,0.061600719424460548
2020-11-06,0,0,0.0014213086973158262,0.0076238881829733263
2020-11-09,0,-0,-0.044270975489928421,-0.054224464060529609
2020-11-10,0,0,0.0033127713045464358,-0.0031111111111111756
2020-11-11,0,0,-0.004326539906637783,0.0040124832813197564
2020-11-12,0,0,0.0060606060606060996,0.001332149200710564
2020-11-13,0,0,0.0068197317572173954,0.015521064301551979
2020-11-16,0,0,-5.644615037248002e-05,0.0052401746724890508
2020-11-17,0,0,-0.0036692068868191541,-0.012163336229365829
2020-11-18,0,-0,-0.0057223796033993857,-0.0083553210202286232
2020-11-19,0,0,-0.0018804490284347608,-0.0057649667405764715
2020-11-20,0,0,0.003025804978305624,0.003122212310436856
2020-11-23,0,-0,-0.019693778814958263,-0.024899955535793605
2020-11-24,0,0,-0.015328340010451025,-0.013679890560875596
2020-11-25,0,0,-0.00047172592723632167,0.0041608876560332853
2020-11-27,0,0,-0.010146893988555283,-0.030847145488029359
2020-11-30,0,0,-0.0066750104297038648,0
2020-12-01,0,0,0.021059578808424018,0.059382422802850332
2020-12-02,0,0,0.0075214478787166694,0.0013452914798204318
2020-12-03,0,0,0.0078735565146390574,0.004478280340349361
2020-12-04,0,0,-0.0028354840576355622,0.0022291573785109264
2020-12-07,0,0,0.014914113277622931,0.015124555160142439
2020-12-08,0,0,0.0034879066842015138,0
2020-12-09,0,-0,-0.017094017094017144,-0.025854513584574912
2020-12-10,0,0,-0.001913043478260934,0.0040485829959513442
2020-12-11,0,0,0.001858628100133819,-0.0026881720430107503
2020-12-14,0,0,-0.0055075656559802066,-0.004492362982929099
2020-12-15,0,0,0.013990905911157814,0.028880866425992746
2020-12-16,0,0,0.0055191445325974975,0.035964912280701755
2020-12-17,-0.0027106997748590558,-0.0026106997748590369,0.01052029731275006,0.022438611346316639
2020-12-18,0.0031068644502138089,0.0031068644502137218,-0.0016974086228358498,-0.0078674948240164966
2020-12-21,-0.010297518870910871,-0.010297518870911043,-0.0031738834731354082,0.017529215358931483
2020-12-22,0.015960917565174548,0.015960917565174756,-0.0079031157607458713,-0.038966365873666864
2020-12-23,-0.004382852472849896,-0.0043828524728498726,0.0066479454409995586,0.015791720017072075
2020-12-24,-0.0013445420882274551,-0.0013445420882275676,0.0039851978366067797,0.0067226890756302282
2020-12-28,-0.011563968643571875,-0.011563968643571891,-0.0036291465834986658,0.019616026711185341
2020-12-29,0.0026674371514035099,0.0026674371514035689,0.0036423652609411938,-0.0016373311502251298
2020-12-30,-0.0039067533355752358,-0.0039067533355753572,0.0076552310745676699,0.015170151701517032
2020-12-31,0.0058825262345190239,0.005882526234519049,0.0037141249296568368,-0.0076736672051697097
2021-01-04,-0.0050252895859046205,-0.005025289585904401,0.022258353891007054,0.031746031746031855
2021-01-05,-0.0051817906786945445,-0.0051817906786946364,0.0029616629188833343,0.012623274161735809
2021-01-06,-0.0015569898369214136,-0.0015569898369215164,-0.016241045551484645,-0.012855473315153909
2021-01-07,0.0004846601986588617,0.00048466019865895039,-0.0023346303501946553,-0.0031570639305444903
2021-01-08,0.019356163848824614,0.019356163848824329,-0.034209939826164382,-0.069279493269992054
2021-01-11,0.0052644277538077284,0.0052644277538080562,-0.0019614630206530315,-0.012760527435134006
2021-01-12,-0.0073823868045951382,-0.0073823868045952267,0.0064739884393063551,0.021973287376130912
2021-01-13,0.0037014599480968942,0.0037014599480970629,-0.0043073742246726443,-0.011804384485666009
2021-01-14,-0.0058456027345583726,-0.0058456027345585304,-0.00051912095518258372,0.011518771331058053
2021-01-15,0.0097449775920469654,0.0097449775920469967,-0.012407663896583543,-0.032053985660059126
2021-01-19,-0.0048053736910659535,-0.0048053736910659796,0.008473090632852287,0.018736383442265803
2021-01-20,-0.0051423637875206265,-0.0051423637875204408,0.016282303859079805,0.026946107784431295
2021-01-21,-0.003229118301669962,-0.0032291183016703519,-0.00062717372712228769,0.0058309037900874383
2021-01-22,0.0063226072710931098,0.0063226072710932772,-0.0078731172980374131,-0.020289855072463725
2021-01-25,0.0027089187403269732,0.0027089187403269589,0.00086256469235190814,-0.0046491969568892566
2021-01-26,-0.0032829967379152582,-0.0032829967379151216,-0.0024705544383798461,0.0042462845010615702
2021-01-27,0.001672932326066425,0.0016729323260661554,-0.0063356756134085312,-0.009725158562367775
2021-01-28,-0.026527534138093778,-0.026527534138093705,0.00092742870391826493,0.055508112724167225
2021-01-29,-0.0059588475624873481,-0.0059588475624873022,-0.00040537410238583593,0.010922330097087318
2021-02-01,-0.033237353988698773,-0.033237353988698572,0.0093853195064015349,0.070828331332533079
2021-02-02,0.04285498229939947,0.042854982299399283,-0.012167824140503769,-0.08295964125560551
2021-02-03,-0.0090478818342393762,-0.0090478818342393363,-0.00151066178606718,0.015892420537897411
2021-02-04,-0.0011364449691777107,-0.0011364449691777195,-0.021530404422461347,-0.018050541516245411
2021-02-05,-0.0052513790983540615,-0.0052513790983541057,0.0098721379720487779,0.01919934640522869
2021-02-08,-0.0044841454927877404,-0.004484145492787887,0.010070078322831355,0.017635270541082271
2021-02-09,0.0040390888287305153,0.0040390888287308128,0.0032649253731342753,-0.0043324143363528966
2021-02-10,0.006389914431768705,0.0063899144317686998,0.0036610878661087476,-0.0083069620253164445
2021-02-11,-0.0048085705986108812,-0.004808570598611105,-0.008685079034219223,0.00079776625448735317
2021-02-12,-0.0062731474898114438,-0.0062731474898114334,-0.0030372057706909983,0.0087684336389000084
2021-02-16,-0.0061465033262441257,-0.0061465033262440892,-0.014353506356552748,-0.0019755037534570086
2021-02-17,-0.0087323199256807895,-0.0087323199256806594,-0.011352829291488287,0.005542359461599311
2021-02-18,0.0074648962722082459,0.0074648962722082398,-6.0121445319638589e-05,-0.013385826771653564
2021-02-19,-0.002323877071762639,-0.0023238770717626763,0.0041486291486292348,0.0079808459696728562
2021-02-22,-0.014697834116012547,-0.014697834116012633,0.01496916352314237,0.039984164687252521
2021-02-23,0.011284771380487045,0.011284771380487162,-0.0023007492183351186,-0.021317091739626925
2021-02-24,-0.0054213454824322124,-0.005421345482432215,-0.00070955534531691455,0.008945935433683383
2021-02-25,0.0023843527082206693,0.0023843527082207205,-0.018816568047337334,-0.020817270624518214
2021-02-26,0.0043033507222467503,0.0043033507222467694,-0.024182848872271068,-0.029133858267716528
2021-03-01,0.00048229480425913908,0.00048229480425900393,-0.0017304245720288769,-0.0024330900243308973
2021-03-02,-0.0017661643705549337,-0.001766164370554932,0.0054479044140407495,0.0081300813008129413
2021-03-03,0.0060901540465862344,0.0060901540465861329,-0.011021488824579762,-0.020967741935483897
2021-03-04,0.011053375995880996,0.011053375995881026,-0.0098368820819325631,-0.029654036243822124
2021-03-05,0.0046218754017776998,0.0046218754017777839,0.0006287726358149559,-0.0084889643463497144
2021-03-08,-0.0039693318253694963,-0.0039693318253695908,-0.01036822923212255,-0.001712328767123239
2021-03-09,-0.0059389675730382929,-0.0059389675730382946,0.021271191821703006,0.031303602058319058
2021-03-10,-0.0034488519485203683,-0.0034488519485201823,0.0050982342700820471,0.011226611226611283
2021-03-11,0.0011126438162674663,0.0011126438162673672,-0.00086601509340578087,-0.0028782894736841813
2021-03-12,0.0047082268672600097,0.0047082268672599126,-0.0001857355126300142,-0.0090721649484535316
2021-03-15,-0.0044163425820349378,-0.0044163425820348753,0.004396557062356754,0.012484394506866225
2021-03-16,0.005458316093890656,0.0054583160938906378,0.00092478421701613911,-0.0094533497739415218
2021-03-17,-0.0035192792917989606,-0.0035192792917990118,0.0071450569756699167,0.01327800829875514
2021-03-18,0.004152783603131106,0.0041527836031312231,-0.0058100421992538509,-0.013104013104013101
2021-03-19,-0.0025474017719809014,-0.0025474017719808867,0.0041830708661416693,0.0087136929460580603
2021-03-22,0.0073287979525434787,0.0073287979525435724,-0.0014702278853222506,-0.015220074043603371
2021-03-23,0.012038428616141428,0.012038428616141418,-0.007300613496932451,-0.030075187969924921
2021-03-24,-0.0042654984808352323,-0.0041685046846816828,0.0034608491440577538,0.00086132644272174375
2021-03-25,0,0,-0.0036336761717066235,0.0021514629948364838
2021-03-26,0,0,0.0028433675361603239,-0.0025762129669385514
2021-03-29,0,-0,-0.011895956607495095,-0.01377529057253557
2021-03-30,0,-0,-0.017091884473832031,-0.028371890004364797
2021-03-31,0,0,0.015167861902646518,0.019766397124887591
2021-04-01,0,0,0.01262815703925968,0.01982378854625555
2021-04-05,0,0,-0.00037041610075316811,-0.0025917926565873772
2021-04-06,0,0,0.008028656126482181,0.010827197921178033
2021-04-07,0,0,-0.002818282073275391,-0.00042844901456728923
2021-04-08,0,0,0.010752027525190444,0.012430347192456281
2021-04-09,0,0,-0.0075375357121146846,-0.0088907705334462239
2021-04-12,0,-0,-0.006063575672199506,-0.015805211448099099
2021-04-13,0,0,0.0070865171308849284,0.02039930555555558
2021-04-14,0,0,-0.0043443676191642355,0.0034028073160357053
2021-04-15,0,0,0.016162733529990092,0.018651971174226345
2021-04-16,0,0,0.0060477774417901919,0.0024968789013732895
2021-04-19,0,0,-0.0027652539825668843,-0.0045662100456620447
2021-04-20,0,0,0.0035565736331304443,-0.00083402835696411159
2021-04-21,0,0,0.0099111004324843321,0.030884808013355469
2021-04-22,0,-0,-0.0064830785701540661,-0.01983805668016192
2021-04-23,0,0,-0.0038314176245209941,-0.0028913672036349203
2021-04-26,0,0,0.0026442307692307043,0.0066280033140015959
2021-04-27,0,0,-0.0025173819228003769,0.0037037037037037646
2021-04-28,0,0,0.0029443576493211054,0.00041000410004099486
2021-04-29,0,0,-0.0041339644119585683,-0.0061475409836064809
2021-04-30,0,-0,-0.0033690289977138521,-0.0098969072164948324
2021-05-03,0,0,0.012978389472413365,0.039566847147022077
2021-05-04,0,0,-0.0073297181336033912,-0.015625
2021-05-05,0,0,0.0041421539200383606,0
2021-05-06,0,0,0.016679619776409416,0.032560032560032592
2021-05-07,0,0,0.0089968246501235249,0.0039416633819471247
2021-05-10,0,0,0.0030304796316802385,-0.0047114252061247752
2021-05-11,0,0,0.00017430712916133295,0.012623274161735809
2021-05-12,0,-0,-0.0099337748344369148,-0.022594468250876631
2021-05-13,0,0,0.0041072581118346552,0.00278995615783173
2021-05-14,0,0,0.0091158768187926675,0.011923688394276599
2021-05-17,0,0,0.01163935375528391,0.028672427336999151
2021-05-18,0,0,0.0019461934745277354,-0.0015273004963727299
2021-05-19,0,0,0.0006855575868374153,-0.016061185468451145
2021-05-20,0,0,0.0045672527974423005,0.0023319082782742306
2021-05-21,0,0,0.00045464878381440421,-0.010081426909654856
2021-05-24,0,0,0.0017609634174051703,0.0086173129651390123
2021-05-25,0,0,0.00907286645874672,0.0093203883495145412
2021-05-26,0,0,-0.0017420623770721955,-0.012312427856867925
2021-05-27,0,0,0.00039405539292958203,0.0070120763537202535
2021-05-28,0,0,0.0037701873839399713,0.0019342359767891004
2021-06-01,0,0,-0.0026908846283214549,-0.0023166023166022454
2021-06-02,0,0,0.0048903878583475002,0.011996904024767829
2021-06-03,0,0,-0.019578229009341586,-0.026386233269598436
2021-06-04,0,0,0.010783362811662034,0.01256873527101332
2021-06-07,0,0,0.0040076766764507443,0.0046547711404187897
2021-06-08,0,0,-0.0030921459492888603,-0.01119691119691113
2021-06-09,0,0,-0.0019174374013083417,0.00663803201874269
2021-06-10,0,0,0.0042942705390440761,0.0073700543056631762
2021-06-11,0,0,-0.011252391133115824,-0.0038505968425105452
2021-06-14,0,0,-0.0058609309206782978,-0.0011596443757247998
2021-06-15,0,0,-0.0037776887413427662,-0.0073529411764706731
2021-06-16,0,0,-0.016891697787991933,-0.015204678362572999
2021-06-17,0,-0,-0.030740459353632232,-0.047901821060965966
2021-06-18,0,0,-0.0055471811878202715,-0.0070686070686071245
2021-06-21,0,0,0.012247620202510134,0.0083752093802345051
2021-06-22,0,-0,-0.0041928721174003813,-0.0095514950166111223
2021-06-23,0,0,-0.00066165413533847417,0.0033542976939202607
2021-06-24,0,0,-0.00060190201035270618,0.0045967404931048783
2021-06-25,0,0,0.0033124548301615153,0.0058236272878535722
2021-06-28,0,0,-6.0027612701740729e-05,0.0012406947890819531
2021-06-29,0,0,-0.010505462840677104,-0.013217678645187969
2021-06-30,0,0,0.0048534854092094903,0.01381331100879013
2021-07-01,0,0,0.0034414055424740742,-0.0045417010734929431
2021-07-02,0,0,0.0065583634175692129,0.018249688925757068
2021-07-06,0,0,0.0049614441986969293,-0.013034623217922592
2021-07-07,0,0,0.0038068046633357167,0.00041271151465127609
2021-07-08,0,0,-0.00065181322588281354,-0.0094884488448843118
2021-07-09,0.0012970176222374731,0.0013970176222376036,0.0033204862140527869,0.0074968763015410556
2021-07-12,0.0024882104485979919,0.0024882104485978115,-0.0012410614029904066,0.0037205456800331049
2021-07-13,-0.0047879148128941382,-0.0047879148128940939,0.0013017751479289519,-0.0082372322899506578
2021-07-14,-0.00019673173089766475,-0.00019673173089780374,0.010755229878264938,0.010382059800664534
2021-07-15,0.00095095037831897542,0.00095095037831908298,0.00017539756782047888,0.0020550760378135191
2021-07-16,-0.0077575290277380514,-0.0077575290277380575,-0.009703630092944393,-0.025020508613617709
2021-07-19,-0.010648594598869297,-0.010648594598869382,0.0011805678531373598,-0.020193521245267188
2021-07-20,-0.0025110707875917486,-0.0025110707875917707,-0.001297093331761312,-0.006440532417346434
2021-07-21,0.0078472039223901318,0.0078472039223901734,-0.0037192278174625892,0.012100259291270676
2021-07-22,0.0019570850621408141,0.0019570850621407894,0.0019554396776488847,0.0059777967549101696
2021-07-23,-0.0028250462470003025,-0.0028250462470002795,-0.0031344254539003025,-0.0089134125636670669
2021-07-26,0.0014123750123510163,0.0014123750123511461,-0.0023730422401518902,0.0004282655246252709
2021-07-27,-0.0092570998934584335,-0.0092570998934584873,0.0016650808753568835,-0.017123287671232834
2021-07-28,0.0018865542933493742,0.001886554293349348,0.0050463072904298745,0.0091463414634147533
2021-07-29,0.005977933709057962,0.0059779337090581268,0.011105204087660248,0.023737591713422379
2021-07-30,0.0021591325175769538,0.0021591325175768202,-0.0078868960682362266,-0.0037942664418212368
2021-08-02,-0.0014732727885448287,-0.0014732727885450284,-0.0012366034624895494,-0.0042319085907743803
2021-08-03,0.0035191294835667988,0.0035191294835668682,-0.00070750545368791773,0.0063748406289843018
2021-08-04,-0.0030576019077531401,-0.0030576019077529371,0.00023600212401908571,-0.0059121621621621712
2021-08-05,-0.0030413344927869906,-0.003041334492787096,-0.0039521028726478002,-0.010195412064570863
2021-08-06,-0.0037665491330500242,-0.0037665491330501014,-0.024991116901575405,-0.033476394849785485
2021-08-09,-0.0074966577657954638,-0.0074966577657953433,-0.017735665694849301,-0.034191829484902292
2021-08-10,-0.0029281957076902807,-0.0029281957076903891,0.00030917635419247524,-0.0059770114942527819
2021-08-11,-0.0020969063133580873,-0.0020969063133580508,0.013785003399888751,0.010175763182238562
2021-08-12,-0.007419274500463648,-0.0074192745004636072,0.00024390243902439046,-0.015567765567765512
2021-08-13,0.002918554821830351,0.0029185548218303064,0.014325774201414232,0.021860465116279038
2021-08-16,0.00025168701215620498,0.00025168701215632267,0.004988280545705992,0.0059171597633136397
2021-08-17,-0.0035425310639883439,-0.0035425310639884151,-0.0014950364788900439,-0.0090497737556561875
2021-08-18,-0.0034290902807919848,-0.003429090280792059,0.00077858297897814843,-0.0063926940639268404
2021-08-19,-0.0039099724568186969,-0.0039099724568187359,-0.0029323758228604335,-0.011488970588235281
2021-08-20,-0.0037659365253632686,-0.0037659365253631411,0.00054018366244501514,-0.0074384007438400568
2021-08-23,0.005262461901904332,0.0052624619019043042,0.012177564487102499,0.024824355971896805
2021-08-24,0.0045996712179527249,0.0045996712179528108,-0.00047413026729081764,0.0091407678244972423
2021-08-25,0.0038290594191273948,0.0038290594191273176,-0.0069374444115032352,0.00045289855072461194
2021-08-26,-0.0057625017462695945,-0.0057625017462695745,0.0011344638165751153,-0.010864644635581677
2021-08-27,0.0026202490091119753,0.0026202490091120664,0.015029522275899154,0.021967963386727574
2021-08-30,0.0010768031508383187,0.0010768031508381862,-0.0049356601445443848,-0.0031347962382444194
2021-08-31,-0.0036424153243129038,-0.0036424153243128131,0.0020076764098022615,-0.0053908355795149188
2021-09-01,0.0049599501907478119,0.0049599501907478024,5.8930991808647804e-05,0.010388437217705437
2021-09-02,-0.0035810472081530746,-0.0035810472081531891,-0.0026517383618148704,-0.010281627179257957
2021-09-03,0.01044417490277866,0.010444174902778746,0.010694239290989671,0.03342366757000903
2021-09-07,0.0023071491112614793,0.0023071491112614216,-0.019583771775985026,-0.016171328671328533
2021-09-08,-0.0059937243293331291,-0.0059937243293331022,-0.0025043229384056342,-0.015104398045313161
2021-09-09,-0.00011828665685062637,-0.0001182866568506308,0.0044234562735370186,0.0045105999097878602
2021-09-10,-0.0034191795070203108,-0.0034191795070202288,-0.0050586204844372817,-0.012572968118545136
2021-09-13,-0.0017245840137960213,-0.0017245840137960346,0.0033496829764325664,0
2021-09-14,-0.00095139534985208823,-0.00095139534985210872,0.0064385358292595729,0.0050022737608004242
2021-09-15,0.0024071933993314218,0.002407193399331378,-0.0058642340954861982,-0.0013574660633485225
2021-09-16,-0.0060128167202276421,-0.0060128167202276829,-0.022641959125305422,-0.037154508382419626
2021-09-17,-0.010280974791101188,-0.010280974791101242,-0.0015850759007498549,-0.024000000000000021
2021-09-20,-0.0069582802226628377,-0.0069582802226628255,0.0071441655980948315,-0.007232401157184154
2021-09-21,0.0020610589589752791,0.0020610589589753034,0.0066690917909542069,0.012141816415735862
2021-09-22,0.0052619182692929057,0.005261918269292982,-0.0037340399903638133,0.0071976967370441791
2021-09-23,0.0042222206882113729,0.0042222206882113721,-0.011546366823842358,-0.0038113387327297632
2021-09-24,-0.0037184225345776954,-0.0037184225345776797,-0.0012843251177296899,-0.0095648015303682055
2021-09-27,0.0039839649334432736,0.0039839649334431704,0.0020820575627678028,0.011105746016417228
2021-09-28,0.001457422807410329,0.0014574228074104355,-0.0097164507455388405,-0.0076408787010506796
2021-09-29,-0.015845451951739115,-0.015845451951739083,-0.0045047824745449994,-0.039942252165543923
2021-09-30,0.0034726692172259814,0.0034726692172258248,0.017976692288618867,0.028571428571428692
2021-10-01,0.0056859133603564321,0.0056859133603564564,0.0022530751431006912,0.015107212475633514
2021-10-04,0.00088411165486993262,0.00088411165487000396,0.0046782915122425273,0.0072011521843495796
2021-10-05,0.0010928975529612712,0.0010928975529611612,-0.0046565070149976462,-0.0028598665395613843
2021-10-06,-0.00049849327612653789,-0.00049849327612653161,0.002673309435567095,0.0019120458891013214
2021-10-07,0.0014050998807647146,0.0014050998807646708,-0.0052717687693146775,-0.0028625954198474579
2021-10-08,0.00087702497960172418,0.00087702497960193517,0.0004264132553606359,0.0023923444976077235
2021-10-11,-0.00056502598931562349,-0.00056502598931572725,-0.0018875966632162511,-0.0033412887828162541
2021-10-12,-0.0012157567086868782,-0.0012157567086868084,0.0045143972669594579,0.0023946360153257462
2021-10-13,-0.00038831584857829018,-0.00038831584857840294,0.017794242681890005,0.019111323459149565
2021-10-14,0.0090304893477861047,0.0090304893477861341,0.0024464466853630906,0.022034692920769094
2021-10-15,0.0034932717460692923,0.003493271746069396,-0.015892857142857042,-0.010091743119266194
2021-10-18,-0.0006837056005575895,-0.00068370560055763048,-0.0024798887074337639,-0.0041705282669137755
2021-10-19,0.0070356614207042105,0.007035661420704155,0.0032136793596895252,0.018613308515588844
2021-10-20,0.0042435536622263161,0.0043423835046548899,0.0087639770323362232,0.029237094563727695
2021-10-21,0,0,-0.00089874176153392771,-0.0079893475366178413
2021-10-22,0,0,0.0061169415292354756,0.0085011185682326573
2021-10-25,0,0,0.0069142278118852207,0.0088731144631766234
2021-10-26,0,-0,-0.0073995145918427374,-0.016270888302550413
2021-10-27,0,0,0.0026240458015267532,-0.0035762181493071976
2021-10-28,0,0,-0.00023792529145838515,-0.00089726334679229858
2021-10-29,0,0,-0.0085078534031414188,-0.0080826223619218096
2021-11-01,0,0,0.0052205220522052453,0.0063377093707559506
2021-11-02,0,-0,-0.0021489971346705383,-0.01934322986954562
2021-11-03,0,0,-0.0083153864560898683,0.00045871559633026138
2021-11-04,0,0,0.011341014658864612,0.0087116001834022239
2021-11-05,0,0,0.013062928720548816,0.015909090909090873
2021-11-08,0,0,0.0035916156382476139,0.013422818791946289
2021-11-09,0,0,0.0049281314168378998,-0.0052980132450329842
2021-11-10,0,0,0.010858777511822071,0.015090989791389342
2021-11-11,0,0,0.0056020791221484956,0.020988194140795891
2021-11-12,0,0,0.0018952446588558214,0.0029978586723768963
2021-11-15,0,0,-0.0015477214101460302,-0.0076857386848848686
2021-11-16,0,-0,-0.007233895969686599,-0.012048192771084265
2021-11-17,0,0,0.009137173259310627,0.0091463414634147533
2021-11-18,0,-0,-0.003209169054441241,-0.0090634441087613649
2021-11-19,0,0,-0.0076463148212025933,-0.0091463414634146423
2021-11-22,0,-0,-0.022420485487515185,-0.018021978021978025
2021-11-23,0,0,-0.0086523645845679731,-0.018800358102059045
2021-11-24,0,0,-0.00095648015303684275,-0.0059306569343067217
2021-11-26,0,0,-0.0016156055528961932,-0.019274896741624525
2021-11-29,0,-0,-0.0013784836679652246,-0.0098268600842302822
2021-11-30,0,0,-0.0067218821269955376,-0.0047258979206049601
2021-12-01,0,0,0.0039879154078550361,-0.0232668566001899
2021-12-02,0.00065372935080940402,0.00075372935080948787,-0.0055368319691863066,0.0058337384540594339
2021-12-03,-0.00033202550602622039,-0.00033202550602607451,0.0084120067780197871,0.0077332044465925343
2021-12-06,-0.0021386743492276634,-0.0021386743492277779,-0.002460541319090126,-0.0067146282973621352
2021-12-07,0.00063366549389523802,0.0006336654938952751,0.0035495126940199295,0.0048285852245291139
2021-12-08,-0.0014784167418806736,-0.001478416741880733,0.00053953599904077443,-0.0024026910139354207
2021-12-09,-0.0080367494481210621,-0.0080367494481210829,-0.0061114439784302199,-0.022157996146435543
2021-12-10,0.0027410360420127991,0.0027410360420127783,0.004219918013021573,0.0098522167487684609
2021-12-13,0.0013971101724995717,0.0013971101724996634,0.0025213110817623452,0.0053658536585365901
2021-12-14,-0.0025472502187519467,-0.0025472502187519628,-0.0093413173652694415,-0.01455604075691419
2021-12-15,0.0002733180757438258,0.0002733180757438605,0.004291586073501108,0.0049236829148202599
2021-12-16,0.0031304813498027008,0.0031304813498026075,0.012097502256996684,0.018618324350808457
2021-12-17,-0.0015758639785471364,-0.0015758639785469896,-0.0021408182683158028,-0.0052910052910052352
2021-12-20,-0.0005156742811288815,-0.00051567428112896487,-0.0042312276519667069,-0.0053191489361701372
2021-12-21,0.0050722244789172489,0.0050722244789172819,-0.00041893590280683846,0.0097228974234322418
2021-12-22,0.0032325850056064776,0.0032325850056063136,0.0094000718476827672,0.015888300433317459
2021-12-23,0.00030101022668184592,0.00030101022668192615,0.0022539889673172109,0.0028436018957345155
2021-12-27,0.0028905973580087172,0.0028905973580087706,0.0023672841332780248,0.0080340264650282656
2021-12-28,0.00075104302407363259,0.00075104302407366251,-0.0043100903347701447,-0.0028129395218001729
2021-12-29,-0.0036903826682685927,-0.003690382668268705,-0.00029648956356731482,-0.0075223319228960861
2021-12-30,0.0018965523683642644,0.0018965523683642962,0.0071771753959311013,0.010895310279488424
2021-12-31,0.00060051866279464661,0.00060051866279463664,0.0068315665488809518,0.0079662605435801837
2022-01-03,-2.8610696775478646e-05,-2.8610696775451388e-05,-0.015383715489003302,-0.015341701534170249
2022-01-04,-0.00036115700161700414,-0.000361157001616958,0.0073664825046040328,0.0066100094428707123
2022-01-05,-0.0061602051985656919,-0.0061602051985657092,-0.0030076074777377615,-0.015009380863039379
2022-01-06,-0.005592787461222549,-0.0055927874612225021,-0.012244173666153935,-0.023333333333333206
2022-01-07,0.00036447165295841997,0.00036447165295830516,0.0045511707287861913,0.0053632374451486609
2022-01-10,0.0018538991963755352,0.0018538991963756241,0.0030402384500745061,0.0067895247332687703
2022-01-11,0.00087875019367266165,0.0008787501936726546,0.012064661832877688,0.013969171483622311
2022-01-12,0.0083359659143442122,0.0083359659143441879,0.0026425509425098692,0.019002375296911955
2022-01-13,-0.0011420747633582909,-0.0011420747633583033,-0.0033969778610754009,-0.0055944055944056048
2022-01-14,-0.0016550831725189875,-0.0016550831725190306,-0.0028796426892336857,-0.006094702297233856
2022-01-18,0.012661962579321019,0.012661962579321059,-0.0016502622738256978,0.023113207547169834
2022-01-19,0.0045404614527878263,0.0046436154973622506,0.015880512426943882,0.031350852927616302
2022-01-20,0,0,-0.0024988377498837977,0.011175681716584673
2022-01-21,0,0,-0.003262452665307336,-0.010610079575596898
2022-01-24,0,0,0.0054941843474194396,-0.012064343163538882
2022-01-25,0,0,0.0031971167819566659,-0.004070556309362261
2022-01-26,0,-0,-0.016166415575385451,-0.013623978201634857
2022-01-27,0,-0,-0.012898286118145919,-0.032228360957642699
2022-01-28,0,0,-0.002983293556085953,-0.014747859181731604
2022-01-31,0,0,0.0059245960502694039,0.0043457267020763357
2022-02-01,0,0,0.00083288714379192719,0.0067307692307692069
2022-02-02,0,0,0.0036259882303988356,-0.00047755491881573686
2022-02-03,0,0,-0.001421464108031345,-0.010511227902532227
2022-02-04,0,0,0.0015421115065243907,0.0038628681796233355
2022-02-07,0,0,0.0074025820206087278,0.023088023088023046
2022-02-08,0,0,0.0030568455705131115,0.0084626234132580969
2022-02-09,0,0,0.003399167789954971,0.0037296037296037365
2022-02-10,0,0,-0.0037965072133637756,-0.0051091500232234299
2022-02-11,0,0,0.019054878048780477,0.019140989729224955
2022-02-14,0,0,0.0053506702721362043,0.010077874484654359
2022-02-15,0,0,-0.0094998283163557629,-0.019954648526077201
2022-02-16,0,0,0.010284261613126899,0.012031466913466016
2022-02-17,0,0,0.013668077318997884,0.0077732053040693305
2022-02-18,0,0,-0.00073342736248238616,0.0036297640653357721
2022-02-22,0,0,0.0020889792231255644,0.008589511754068635
2022-02-23,0,0,0.004507296185700449,0.018825638727028249
2022-02-24,0,0,-0.0064501654607661552,-0.018477782666080134
2022-02-25,0,0,-0.0033306988822399131,0.004034065441506085
2022-02-28,0,0,0.010365335598980341,0.0098214285714286476
2022-03-01,0,0,0.018163471241170681,0.040671971706454313
2022-03-02,-0.0046570993977660975,-0.0045570993977660963,-0.010406342913776068,-0.0072217502124043431
2022-03-03,0.0047154324926368162,0.0047154324926366306,0.0059533745062039234,-0.0034231921266582033
2022-03-04,0.00045435635439373126,0.00045435635439392295,0.015929203539823078,0.015027908973808568
2022-03-07,0.0062822311397332251,0.0062822311397329519,0.014862804878048808,0.0025380710659896888
2022-03-08,-0.0019869228754499893,-0.0019869228754495153,0.027359047261412917,0.031645569620253111
2022-03-09,-0.0017830483212052776,-0.0017830483212057503,-0.029711242232781543,-0.026584867075664542
2022-03-10,-0.0029052940196005101,-0.0029052940196003479,0.0031213001829728526,0.0088235294117646745
2022-03-11,-0.00062027778449141337,-0.0006202777844913713,-0.0070278969957081605,-0.0058309037900874383
2022-03-14,0.007554881099319428,0.0075548810993192978,-0.015073747906423907,-0.029744449099287862
2022-03-15,-0.0059767553618939231,-0.0059767553618937245,-0.018705430608886631,-0.0069084628670120773
2022-03-16,0.00073847242708508236,0.00073847242708493426,0.0062608306780702616,0.0047826086956521685
2022-03-17,-0.0022927101059241227,-0.0022927101059240082,0.0048886172990389998,0.0095196884465598153
2022-03-18,0.0022659808969018465,0.0022659808969018422,-0.0087898722980815913,-0.013287612516073688
2022-03-21,-0.0017951925662429979,-0.0017951925662430127,0.0076408254322364311,0.011294526498696777
2022-03-22,0.0049812559646290758,0.0049812559646292172,-0.0072507887308350671,-0.01718213058419249
2022-03-23,-0.00095000581327516886,-0.00095000581327521548,0.013659678858162216,0.015734265734265618
2022-03-24,-0.0042898782908488628,-0.0042898782908489556,0.0072603267147022255,0.015920826161790025
2022-03-25,0.00071896737908689853,0.00071896737908677438,-0.0040954513187353436,-0.005506141465480674
2022-03-28,0.0026319087175329862,0.0026319087175331306,-0.018203750411229236,-0.023424190800681477
2022-03-29,0.00065098253256636875,0.00065098253256634631,0.00044677761644140723,-0.00087221979938945093
2022-03-30,0.0033387713269033819,0.0033387713269033758,0.0080384057161997369,0.0013094718463553257
2022-03-31,0.0014765653309993926,0.0014765653309996355,0.00038763982722334056,-0.0026155187445511263
2022-04-01,0.0030695087269193128,0.0031671864887175332,-0.0063659009133684163,-0.0061188811188811476
2022-04-04,0,0,0.0048467966573817467,-0.004837291116974507
2022-04-05,0,0,-0.0062648999279258932,-0.011931064958020321
2022-04-06,0,0,0.0023432269582681631,0.0093917710196780302
2022-04-07,0,0,0.0037849270844929617,0.0057598582188744807
2022-04-08,0,0,0.0062659421093489431,0.0052863436123349317
2022-04-11,0,0,0.0049594974375930523,0.014460999123575791
2022-04-12,0,0,0.0076767012118221789,0.013822894168466604
2022-04-13,0,0,0.0047885944387004997,0.011930123561994188
2022-04-14,0,0,-0.0033035472515571263,-0.004631578947368431
2022-04-18,0,0,0.0030971527928711495,0.0097292724196278435
2022-04-19,0,-0,-0.015112940794106633,-0.026392961876832932
2022-04-20,0,0,0.0048949510504896487,0.0017211703958692759
2022-04-21,0,0,-0.0035575502161896422,-0.021048109965635775
2022-04-22,0,-0,-0.0097220696473691026,-0.021061869240895148
2022-04-25,0,0,-0.0179710466470685,-0.021515015688032268
2022-04-26,0,0,0.0015249929398473139,-0.0082455336692625059
2022-04-27,-0.0049439625127504581,-0.0048439625127507865,-0.0075569591698624317,-0.007390300230946889
2022-04-28,-0.0043216501349705467,-0.0043216501349706803,0.0053983407205364653,-0.0032573289902279035
2022-04-29,-0.0087558891787085785,-0.0087558891787085386,-0.00011303905499360223,-0.017740429505135547
2022-05-02,0.0054859446745192369,0.0054859446745192993,-0.018540500819625771,-0.0080798479087451636
2022-05-03,-0.0022507343827063097,-0.0022507343827063955,0.0026493117548811451,-0.00191662673694315
2022-05-04,0.0055770673226294065,0.0055770673226295496,0.0098225056005514233,0.021603456553048517
2022-05-05,-0.0096801548011386206,-0.0096801548011388027,-0.0038111490329921782,-0.023496240601503793
2022-05-06,-0.0036478298576087943,-0.0036478298576086044,0.0016559127505282323,-0.0057747834456208791
2022-05-09,-0.0074460102059771185,-0.0074460102059772148,-0.014479534830691976,-0.030493707647628265
2022-05-10,-0.0071035277486210698,-0.0071035277486210342,-0.0084451642757983336,-0.023964053919121375
2022-05-11,0.0035146749816406687,0.0035146749816406119,0.0081670750204176912,0.016368286445012759
2022-05-12,-0.010058767513677512,-0.010058767513677524,-0.015333873394283049,-0.037745344740815256
2022-05-13,0.011288326753165502,0.011288326753165573,-0.0081095375213021681,0.015690376569037712
2022-05-16,0.0073944327579338479,0.0073944327579338514,0.0095384797677589006,0.026261585993820669
2022-05-17,0.0028738540218977105,0.0028738540218976017,-0.0062793427230046772,-0.00050175614651271072
2022-05-18,-0.0047256220371467697,-0.004725622037146774,0.00053150652571876122,-0.0095381526104418857
2022-05-19,0.0055000517607187204,0.0055000517607186649,0.014697202219336569,0.027369488089204141
2022-05-20,-0.0050437707474208227,-0.0050437707474206613,0.00069803967192139105,-0.0098667982239762919
2022-05-23,-0.0016202059600796553,-0.001620205960079628,0.004650351682845999,0.001494768310911887
2022-05-24,0.0030657604041704695,0.0030657604041704088,0.0075218422727534318,0.014427860696517358
2022-05-25,0.0018730663729638612,0.0018730663729638834,-0.0060299776029402175,-0.0024521824423737737
2022-05-26,0.00022253483545260017,0.00022253483545270507,-0.0018488560203375748,-0.0014749262536873919
2022-05-27,0.00091486328025419477,0.00091486328025401924,0.00052095392451967371,0.002461841457410241
2022-05-31,-0.007263323585092271,-0.0072633235850922892,-0.0098929707839167103,-0.025540275049115935
2022-06-01,0.0036824020466717103,0.0036824020466717827,0.0063690545752015382,0.014616935483870996
2022-06-02,0.0046825508343261565,0.004682550834326173,0.01230912152354402,0.022851465474416299
2022-06-03,-0.0033266355455033331,-0.0033266355455033665,-0.010151993117292646,-0.017484215638659539
2022-06-06,0.0055039116242743286,0.0055039116242742662,-0.0044037547803917887,0.0069204152249136008
2022-06-07,0.0002784274504529186,0.0002784274504528697,0.0065184495402166309,0.0073637702503681624
2022-06-08,-0.0035183975064834901,-0.0035183975064833296,-0.00092517636174394013,-0.0082846003898634502
2022-06-09,-0.0073350879706435609,-0.00733508797064358,-0.0031832388007871915,-0.018673218673218805
2022-06-10,-0.0015351405358715235,-0.00153514053587146,0.013412297509144855,0.011016524787180959
2022-06-13,-0.0028808727405243784,-0.0028808727405244127,-0.026412283717199392,-0.034175334323922835
2022-06-14,0.00089648911678663482,0.0008964891167867324,-0.0080032954746073193,-0.0066666666666665986
2022-06-15,0.0075705388382008949,0.007570538838200803,0.013050958058966611,0.030459473412493443
2022-06-16,0.0010193244051281717,0.0010193244051281444,0.011243192598231477,0.014028056112224352
2022-06-17,-0.0019993627712293436,-0.0019993627712293137,-0.0082228270310961138,-0.012845849802371467
2022-06-21,0.0018624140432444813,0.0018624140432444614,-0.0037367898639575348,0
2022-06-22,-0.0071571463729478207,-0.0071571463729478797,0.003985231202016104,-0.011011011011010985
2022-06-23,-0.0061806834951809086,-0.0061806834951807386,-0.0061292393905785225,-0.019736842105263164
2022-06-24,0.0038425075448947931,0.0038425075448946279,-0.00099847292376353813,0.0072276716572019506
2022-06-27,8.155952324287654e-05,8.1559523242959075e-05,-0.0011170556764066308,-0.001025115325474224
2022-06-28,-0.0063125588093792886,-0.0063125588093793719,-0.001648028251912903,-0.015392508978963382
2022-06-29,-0.00081287125849882386,-0.0008128712584987729,-0.00076641905435681501,-0.0026055237102657891
2022-06-30,-0.0089327074383683154,-0.0089327074383684542,-0.0060770546934922898,-0.026123301985370939
2022-07-01,-0.0075572668721948398,-0.0075572668721948719,-0.00083105781787973232,-0.017703862660944258
2022-07-05,-0.0034032321575416242,-0.0034032321575413662,-0.021209600760456193,-0.031676679410158282
2022-07-06,0.0068861979440880787,0.0068861979440879833,-0.015842185128983388,-0.0022560631697686739
2022-07-07,0.0011866039254794115,0.0011866039254793408,0.00055507586036762646,0.0033917467495758746
2022-07-08,0.00076024493162498905,0.00076024493162496856,0.00043148616162258513,0.0022535211267604716
2022-07-11,-0.002487584091233455,-0.0024875840912333448,-0.005360443622920541,-0.01180438448566612
2022-07-12,-0.0016026479664858471,-0.0016026479664858818,-0.0037167812674223644,-0.0079635949943115403
2022-07-13,0.0037703473223974601,0.0037703473223975352,0.0047876639930359843,0.014334862385321001
2022-07-14,-0.0099344960361410946,-0.0099344960361411119,-0.014047029702970226,-0.039005087620124446
2022-07-15,0.0056146716311993618,0.0056146716311993028,-0.0020084102177870822,0.011176470588235343
2022-07-18,0.00027989284523427581,0.00027989284523420138,0.0009433368970506173,0.0017452006980800405
2022-07-19,0.00056290996165364918,0.00056290996165381019,0.0023875345564212669,0.0040650406504065817
2022-07-20,0.0020658087683826918,0.0020658087683825361,-0.0094020308386612017,-0.0057836899942161901
2022-07-21,-0.0015767818936654732,-0.0015767818936653708,0.014110351809668575,0.012216404886561838
2022-07-22,-0.0075166420608992271,-0.0075166420608992765,0.002495788357147255,-0.014942528735632066
2022-07-25,-0.0025889966035097115,-0.0025889966035097063,-0.0027385323955934071,-0.009334889148191361
2022-07-26,0.0049937279684838624,0.0049937279684838208,-0.0011857954190850339,0.010600706713780994
2022-07-27,0.005837698069048095,0.0058376980690481046,0.010184953761559479,0.025641025641025772
2022-07-28,0.014256409573191488,0.014256409573191535,0.012185315766685134,0.047159090909090873
2022-07-29,0.0051063736395236016,0.0051063736395237222,0.0028110486433634563,0.014650027129679888
2022-08-01,-0.0022016015182772563,-0.002108546417104242,0.0056672760511884412,0.0048128342245989941
2022-08-02,0,0,-0.0059383142458946381,-0.020223523150611933
2022-08-03,0,0,0.0024382810118865894,0.0043454644215099592
2022-08-04,0,0,0.016539981757373035,0.0081124932395890692
2022-08-05,0,0,-0.011246036968355577,-0.016630901287553734
2022-08-08,0,0,0.008469961885171573,0.038188761593016984
2022-08-09,0,0,0.0030595716599675082,-0.0052548607461903041
2022-08-10,0,0,-0.0025119617224879098,0.0010565240359217132
2022-08-11,0,0,-0.0026382060199064972,-0.014775725593667466
2022-08-12,0,0,0.00919802813514492,0.02678093197643272
2022-08-15,0,0,-0.012867099541311711,-0.025560772039645352
2022-08-16,0,0,-0.0017500452597912775,-0.0058886509635973638
2022-08-17,0,-0,-0.0064683835086446484,-0.017232094776521323
2022-08-18,0,0,-0.0026163675083663573,-0.011506849315068512
2022-08-19,0,-0,-0.0073206442166909858,-0.02716186252771613
2022-08-22,0,0,-0.0066371681415929862,-0.0028490028490029129
2022-08-23,0,0,0.0069908438505321691,0.006857142857142895
2022-08-24,0,0,0.00294894636603793,0.00056753688989763518
2022-08-25,0,0,0.0030627871362940429,0.0056721497447533853
2022-08-26,0,0,-0.012152671755725208,-0.020868584320360983
2022-08-29,0,0,0.00061819980217614479,-0.0040322580645161255
2022-08-30,0,-0,-0.008340541208451846,-0.019086176980913749
2022-08-31,0,-0,-0.0077253753660206925,-0.022405660377358694
2022-09-01,0.00054328265210586851,0.00064328265210578171,-0.0087901048533935988,-0.012062726176115812
2022-09-02,0.0014014493737230763,0.0014014493737230464,0.0088047127383288348,0.01159951159951178
2022-09-06,0.0020207512695972489,0.0020207512695973148,-0.0058395077232197279,-0.0018105009052504784
2022-09-07,0.008908119409804606,0.0089081194098045418,0.010168635129160553,0.027811366384522529
2022-09-08,0.0038995442823625782,0.0038995442823626233,-0.0060022508440665812,0.0017647058823531125
2022-09-09,0.006088808033063599,0.0060888080330636146,0.0052836834821989864,0.017028772753963528
2022-09-12,0.022843256811513397,0.02284325681151346,0.0050682017269427782,0.049076212471131697
2022-09-13,0.0026348140002472333,0.0027352783390332978,-0.013011268131731368,-0.018712162905889063
2022-09-14,0,0,-0.0038476094361044044,0.0095344924284914701
2022-09-15,0,-0,-0.01867916165389738,-0.02055555555555566
2022-09-16,0,0,0.0055491031100787236,0.02041973908111161
2022-09-19,0,0,0.00077002053388097735,0
2022-09-20,0,0,-0.0057065914337010026,-0.014452473596442306
2022-09-21,0,0,0.0046430644225188278,0.018612521150592087
2022-09-22,0,0,-0.00057770075101104545,0.0016611295681063787
2022-09-23,0,-0,-0.017276814386640971,-0.040353786622443377
2022-09-26,0,0,-0.011633226586497569,-0.025345622119815503
2022-09-27,0,0,0.0020498578324406047,-0.0011820330969268822
2022-09-28,0,0,0.020786590999076093,0.032544378698224907
2022-09-29,0,0,-0.00019393625961605654,-0.0045845272206302967
2022-09-30,0,0,6.4657959394809339e-05,0.0074841681059296672
2022-10-03,0,0,0.02430982090903222,0.091428571428571415
2022-10-04,0.0031200650093385412,0.0032200650093386391,0.014328094426560467,0.013612565445026092
2022-10-05,0.0067687958111778525,0.0067687958111776218,-0.0055382700684504238,-0.019111570247933973
2022-10-06,-0.0018424755548666237,-0.0018424755548664159,-0.0011263375258119268,0.00263296471827279
2022-10-07,0.0084249014819203182,0.0084249014819203771,-0.010962851594311873,-0.028361344537815136
2022-10-10,0.0030329551255507212,0.0030329551255508023,-0.015201418799087985,-0.022162162162162158
2022-10-11,0.0094315159345907933,0.0094315159345905904,-0.0020581425263699327,-0.022664455500276404
2022-10-12,0.0047984041805224486,0.0047984041805225197,0.0053493168342357844,-0.005090497737556543
2022-10-13,0.0017298347038765339,0.0017298347038765813,-0.0069235207385089925,-0.011370096645821448
2022-10-14,0.0086523671009375372,0.0086523671009375944,-0.012458847072493784,-0.033352501437607929
2022-10-17,-0.0071500572264969996,-0.0070605220424124994,0.0028761929664007369,0.018441403926234612
2022-10-18,0,0,0.002150958154086835,0.0064252336448598069
2022-10-19,0,0,-0.013398373983739886,-0.012768427161926832
2022-10-20,0,0,-0.0015821741710067005,0.0094062316284537761
2022-10-21,0,0,0.017827665896335443,0.034362259755387203
2022-10-24,0,0,-0.003243593902043429,-0.0045045045045045695
2022-10-25,0,0,0.0022779043280181099,0.010180995475113086
2022-10-26,0,0,0.0063636363636363491,0.0067189249720045474
2022-10-27,0,0,-0.0015485869144404862,0
2022-10-28,0,0,-0.010210675972599281,-0.013348164627363879
2022-10-31,0,0,-0.0081613998433011092,-0.0067643742953775732
2022-11-01,0,0,0.010203409913764894,0.024404086265607194
2022-11-02,0,0,-0.0069725009774534996,-0.017728531855955687
2022-11-03,0,0,-0.0038060240173238835,0.011844331641285955
2022-11-04,0,0,0.030696265068177242,0.073578595317725703
2022-11-07,0.00053679239941623101,0.00063679239941643532,-0.0039624209113567899,-0.0057113187954310751
2022-11-08,-0.002784305628139075,-0.0027843056281390832,0.023099133782483072,0.028720626631853818
2022-11-09,0.0062986272212813051,0.0062986272212811022,-0.0050172467858261571,-0.017258883248730927
2022-11-10,-0.00040827089628950417,-0.00040827089628950504,0.030444374409076547,0.031508264462809965
2022-11-11,0.0039625885380372714,0.0039625885380372957,0.0066063126988011867,-0.0010015022533800266
2022-11-14,-0.0063437750509474332,-0.0063437750509474653,0.0021876519202721489,0.014536340852130181
2022-11-15,0.011208033780594224,0.011208033780594411,0.0035168566577734595,-0.017786561264822143
2022-11-16,0.0023960185129230636,0.0023960185129230072,-0.0022960725075528154,-0.0070422535211267512
2022-11-17,0.0077506597700961284,0.0077506597700960789,-0.0072674418604652402,-0.022796352583586588
2022-11-18,-0.0025188735224660739,-0.0025188735224662313,-0.006893606637384031,-0.0020736132711248745
2022-11-21,-0.0015799976424248124,-0.0015799976424248827,-0.0055900239572455046,-0.0025974025974025983
2022-11-22,-0.005277413006727961,-0.0052774130067276053,0.0011737089201877549,0.011979166666666652
2022-11-23,-0.0065664966242343428,-0.0065664966242344235,0.0062318751156908991,0.019557385486361323
2022-11-25,0.0027713621936614266,0.0027713621936613303,0.00085847436840813529,-0.0045431600201918387
2022-11-28,0.0077657106761341256,0.007765710676134077,-0.0079034432054895243,-0.0233265720081135
2022-11-29,-0.0051555390520305862,-0.0051555390520303763,0.0049404063484219662,0.015576323987538832
2022-11-30,-0.015787664237384421,-0.01578766423738449,0.0127819086830947,0.044478527607362039
2022-12-01,-0.0046290571814585034,-0.0046290571814584722,0.018384806747163474,0.026921194322075515
2022-12-02,-0.010007886107817211,-0.01000788610781719,-0.0034556720686368392,0.014775977121067596
2022-12-05,0.013171817548889912,0.013171817548889854,-0.017158914265215874,-0.039924847346171854
2022-12-06,0.0014485167866449674,0.0014485167866451296,0.0027373927854492663,0
2022-12-07,-0.0077510070516153603,-0.0077510070516155546,0.0090390681873331324,0.023483365949119372
2022-12-08,-0.0071820835170690479,-0.0071820835170690912,0.00084170023447360798,0.013862332695984581
2022-12-09,-0.007356980134822058,-0.0073569801348219218,0.0035441821349191382,0.016501650165016368
2022-12-12,-0.0018643862227245872,-0.0018643862227248063,-0.0082605052077098229,-0.004638218923933124
2022-12-13,-0.00058406019837162844,-0.00058406019837136563,0.017081120231771996,0.017241379310344751
2022-12-14,-0.0056361282162260534,-0.0056361282162262468,-0.0024330900243308973,0.0073293632615667459
2022-12-15,0.011087738929235752,0.011087738929235678,-0.016359309934562805,-0.034106412005457054
2022-12-16,0.0012564263726356814,0.0012564263726357083,0.0087087995161778675,0.0061205273069682153
2022-12-19,0.0051128629983093398,0.0051128629983096157,-0.0028179147430901219,-0.01169864295741696
2022-12-20,-0.020393268846695116,-0.02039326884669521,0.016594516594516717,0.052556818181818121
2022-12-21,0.0033925092775434177,0.0033925092775431171,-0.0016560208185474323,-0.0071974808816913649
2022-12-22,0.0034743324158101243,0.0034743324158104673,-0.012085308056872135,-0.017217942908926087
2022-12-23,-0.002642954906722104,-0.0026429549067222267,0.0029983209402735245,0.0073766712770861886
2022-12-27,-0.0023281784294687533,-0.002328178429468487,0.0084299892383115083,0.011899313501144038
2022-12-28,0.011232997841143726,0.011232997841143556,-0.004505839805537426,-0.023066485753052812
2022-12-29,-0.0067836878221912127,-0.0067836878221916256,0.0055982371508545015,0.017129629629629495
2022-12-30,0.0012673180428828229,0.0012673180428832271,0.0046787089132365178,0.0022758306781975879
2023-01-03,0.0038808155796066957,0.0038808155796066198,0.00837066729544933,0.0013623978201635634
2023-01-04,0.0095661849507796617,0.009566184950779608,0.0094119022565180011,-0.0072562358276644368
2023-01-05,0.0062313270545409673,0.0062313270545410757,-0.012451497075345874,-0.022841480127912317
2023-01-06,-0.0036167596994257953,-0.0036167596994259475,0.018707482993197244,0.024777933613838288
2023-01-09,0.0060172735047830861,0.006017273504783034,0.0022451211789764614,-0.0082116788321169309
2023-01-10,0.0023281647598578687,0.0023281647598577923,0.003676048248133279,-0.00045998160073590366
2023-01-11,0.0043250227918314541,0.0043250227918316111,-0.00068673457708601227,-0.0082834790612057452
2023-01-12,-0.0021234364189606763,-0.0021234364189606594,0.011567976176841022,0.015313225058004587
2023-01-13,-0.004940730253897894,-0.0049407302538979347,0.012001811594202882,0.020566727605118906
2023-01-17,0.0046208999668875947,0.00462089996688773,-0.0065450883866635667,-0.0143304970891176
2023-01-18,0.0098563162433127176,0.0098563162433126187,-0.0028717833211329147,-0.019990913221263118
2023-01-19,0.001923577865989986,0.0020363649885911141,0.015868533995933909,0.018080667593880495
2023-01-20,0,0,-0.0033353716159875146,0.002732240437158362
2023-01-23,0,0,0.0018963690110993525,-0.019981834695731227
2023-01-24,0,0,0.0036185492401046293,0.0083410565338277731
2023-01-25,0,0,0.0046039494120257984,0.0096507352941175295
2023-01-26,0,0,-0.0090552702777318972,0.00091033227127890193
2023-01-27,0,-0,-0.001392990471945188,-0.014097316962255468
2023-01-30,0,0,-0.0025666778261355105,-0.00092250922509218292
2023-01-31,0,0,0.0036361602148131666,0.0078485687903968593
2023-02-01,0,0,0.012596845214870811,0.011452130096197832
2023-02-02,0,0,-0.020751912808939177,-0.02309782608695643
2023-02-03,0,-0,-0.024957841483979726,-0.046360686138154805
2023-02-06,0,0,0.0020754064337598077,-0.0043753038405445199
2023-02-07,0,0,0.0009204924634680367,-0.004882812500000111
2023-02-08,0,0,0.0024715484538453403,0.0049067713444554961
2023-02-09,0,0,-0.0079123903445903476,-0.0146484375
2023-02-10,0,0,0.0019071837253656909,0.0029732408325073845
2023-02-13,0,0,-0.0050761421319798217,-0.0019762845849802257
2023-02-14,0,0,0.00075371057513917705,-0.0039603960396038529
2023-02-15,0,0,-0.0099646602166736375,-0.011431411530815172
2023-02-16,0,0,-0.00081924044707115673,-0.002513826043237799
2023-02-17,0,0,0.0029868228404099639,0.0085685483870967527
2023-02-21,0,0,-0.003737008057923541,0.0029985007496251548
2023-02-22,0,0,-0.0056265385066229801,-0.015944195316392684
2023-02-23,0,0,-0.00053047271012618413,-0.0060759493670886622
2023-02-24,0,-0,-0.0071946688683139914,-0.027508914926133388
2023-02-27,-0.0046755644248156472,-0.0045755644248155992,0.0039204039204039365,-0.0083813514929282906
2023-02-28,0.0053408460113781907,0.005340846011378078,0.0045559434352997474,0.015319598520866284
2023-03-01,-0.0010673644150307343,-0.001067364415030509,0.0057721757568618415,0.0036420395421437046
2023-03-02,-0.0010139516620482334,-0.0010139516620482757,-0.00058561724057148989,-0.0025920165889061764
2023-03-03,0.0027052849477901858,0.0027052849477900306,0.010723075120121939,0.016112266112266127
2023-03-06,-0.0034439630806998634,-0.0034439630806998123,-0.005043770653371249,-0.01176470588235301
2023-03-07,-0.013935245671788228,-0.013935245671788216,-0.017480480130520948,-0.045031055900621175
2023-03-08,-0.001090277351814721,-0.0010902773518146967,-0.00047443956826009881,-0.0027100271002710175
2023-03-09,-0.0039346034722535714,-0.003934603472253613,0.0098492939361576326,0.0021739130434783593
2023-03-10,0.00013771693828275075,0.00013771693828264068,0.021562867215041193,0.022776572668112616
2023-03-13,0.018430603871937797,0.018430603871938026,0.022948179674469493,0.060445387062566303
2023-03-14,0.00016889479490032121,0.00016889479490018596,-0.0057910716293714248,-0.0054999999999999494
2023-03-15,-0.0012078938196235572,-0.0012078938196234872,0.0078041056381834562,0.0055304172951231578
2023-03-16,-0.0031735243155823871,-0.0031735243155825528,0.0020200886594465839,-0.0039999999999998925
2023-03-17,0.0032233003701185097,0.0032233003701186065,0.029120232961863834,0.035642570281124275
2023-03-20,0.0013695273809289168,0.0013695273809289938,0.00038091092126024684,0.0029083858458556211
2023-03-21,0.006360614946961155,0.006360614946961175,-0.018875108790252337,-0.0072498791686805841
2023-03-22,0.0055566236989668038,0.0055566236989666078,0.017020568830736771,0.027263875365141299
2023-03-23,-0.0020754707653184092,-0.0020754707653182327,0.012538159616223288,0.0085308056872037685
2023-03-24,0.0045826727426887589,0.004582672742688634,-0.011252288144718459,-0.0028195488721806106
2023-03-27,0.0049736789378322377,0.0049736789378322117,-0.0092567383610129284,0
2023-03-28,0.0010706527225101069,0.0010706527225102316,0.0081890629293761563,0.0098963242224316961
2023-03-29,0.0029036370287623472,0.0029036370287624132,-0.004960750109027412,0.00046663555762949116
2023-03-30,0.0054099627479222883,0.0055185681134078853,0.0090396099271352615,0.02332089552238803
2023-03-31,0,0,-0.0052122923227277962,0.0082041932543299723
2023-04-03,0,0,0.0072044536622639654,-0.0027124773960217619
2023-04-04,0,0,0.018640945052563085,0.041251133272892204
2023-04-05,0,0,-0.00079795722949238534,-0.0013060513713538668
2023-04-06,0,0,-0.00713411063195446,-0.0021795989537924942
2023-04-10,0,0,-0.0073998605823368813,-0.000436871996505106
2023-04-11,0,0,0.0063205661498568766,0.0069930069930070893
2023-04-12,0,0,0.0048851191754348822,0.016927083333333259
2023-04-13,0,0,0.01351567925637065,0.013230900554844105
2023-04-14,0,0,-0.017710309930423662,-0.018112889637742158
2023-04-17,0,-0,-0.004453745438935508,-0.012441012441012367
2023-04-18,0,0,0.0038807739988142576,0.0056472632493482777
2023-04-19,0,0,-0.0047785234899327955,0.003455723542116651
2023-04-20,0,0,0.003938282261545023,-0.0025828669823503292
2023-04-21,0,0,-0.0098876887527540314,-0.0082002589555459915
2023-04-24,0,0,0.0030393487109905415,0.0043516100957352588
2023-04-25,0,0,0.0050863048536333721,-0.0038994800693240572
2023-04-26,0,0,-0.0054374158815612139,-0.0069595476294040948
2023-04-27,0,0,5.4130128829710245e-05,0.0026281208935612366
2023-04-28,0,0,0.00027063599458743148,0.0048055919615552778
2023-05-01,0,0,-0.004491341991342046,-0.0047826086956521685
2023-05-02,0,0,0.019296624449638644,0.020096111839231101
2023-05-03,0,0,0.0084790955631399711,0.0034261241970021672
2023-05-04,0,0,0.0070329437893288382,0.021766965428937413
2023-05-05,0,0,-0.015647973114891744,-0.015455304928989166
2023-05-08,0,0,0.001226928411394379,-0.0033941450997030387
2023-05-09,0,0,0.0070861526985988021,-0.00042571306939109821
2023-05-10,0,0,-0.0014284202729870632,-0.0072402044293016221
2023-05-11,0,-0,-0.0085827814569536809,-0.047619047619047561
2023-05-12,0,0,-0.0017100411478651045,-0.0081081081081081363
2023-05-15,0,0,0.0021412129971629668,0.0036330608537693543
2023-05-16,0,-0,-0.012499332300624943,-0.013122171945701533
2023-05-17,0,0,-0.0034618921404230285,0.00045850527281077191
2023-05-18,0,-0,-0.012972914291917603,-0.01191567369385893
2023-05-19,0,0,0.0098988121425427344,0.013914656771799594
2023-05-22,0,0,-0.0023415377913307278,-0.0086916742909423084
2023-05-23,0,0,0.0012008078161671598,-0.0073834794646977508
2023-05-24,0,0,-0.008068472986970554,-0.016271501627150187
2023-05-25,0,0,-0.0096180269304754207,-0.014177693761814769
2023-05-26,0,0,0.0039955604883463725,0.024928092042185934
2023-05-30,0,0,0.0061905814724740882,-0.0037418147801683288
2023-05-31,0,0,0.0015381234893430129,0.014553990610328471
2023-06-01,0,0,0.0078982009653356666,0.015733456732994089
2023-06-02,0,0,-0.014747496734871413,-0.011845102505694705
2023-06-05,0,0,0.0060204363435514274,-0.0023052097740894339
2023-06-06,0,0,0.0010980564401010806,0.00046210720887240875
2023-06-07,0,0,-0.012010529779532764,-0.0064665127020784308
2023-06-08,0,0,0.013211212878156964,0.036727103672710371
2023-06-09,0,0,-0.0026844902207856514,-0.0013452914798206539
2023-06-12,0,0,-0.00087892770819597565,-0.0085316569375842866
2023-06-13,0,0,-0.0073674950516824378,-0.015398550724637694
2023-06-14,0,0,0.0005538938739337862,0.01057957681692745
2023-06-15,0,0,0.0070305580159433223,-0.0013654984069184639
2023-06-16,0,0,-0.0015392226925402541,0.010938924339106482
2023-06-20,0,-0,-0.010350712987942545,-0.041478809738503042
2023-06-21,0,0,-0.001446453407510373,-0.019755409219191056
2023-06-22,0,-0,-0.0099169870187754139,-0.014875239923224481
2023-06-23,0,0,0.0027573012210904135,0.0024354603019969279
2023-06-26,0,0,0.001739618406285004,0.01554907677356665
2023-06-27,0,0,-0.0045935801915858443,0.003827751196172402
2023-06-28,0,0,-0.0023073892734537527,-0.006673021925643452
2023-06-29,0,0,-0.001071750902527091,-0.0057581573896353655
2023-06-30,0,0,0.0066632785589249011,0.0082046332046332715
2023-07-03,0,0,0.0011218937566612741,0.0057443752991863661
2023-07-05,0,0,-0.0035300050428642704,0.0095192765349834119
2023-07-06,0,-0,-0.0029802069275753906,-0.017916077322018054
2023-07-07,0,0,0.0075009869719699918,0.016802688430148871
2023-07-10,0,0,0.00078369905956110486,0.0028328611898016387
2023-07-11,0,0,0.0037476227765969039,-0.0018832391713746732
2023-07-12,0,0,0.013541376427974372,0.044811320754716943
2023-07-13,0,0,0.00071475698262579712,0.02844243792325063
2023-07-14,0,0,-0.0031866380968077479,0.0035118525021948788
2023-07-17,0,0,0.00071652979110403692,-0.0030621172353455517
2023-07-18,0,0,0.011456267900418426,0.0087757788503728396
2023-07-19,0,0,0.00016336310172082591,0.004784688995215447
2023-07-20,0,0,-0.005063428975880524,-0.018181818181818299
2023-07-21,0,0,-0.0030644631717193782,-0.0048500881834214749
2023-07-24,0,0,-0.0042814798550884214,-0.010633584404076246
2023-07-25,0,0,0.0055678059536934388,0.012987012987013102
2023-07-26,0,0,0.0048791184693821599,0.012820512820512775
2023-07-27,0,-0,-0.01571194762684136,-0.034919249236141425
2023-07-28,0,0,0.0079813767874958863,0.0094979647218453866
2023-07-31,0,0,0.00269438029253255,0.01657706093189959
2023-08-01,0,-0,-0.010364683301343547,-0.017628911414720227
2023-08-02,0,0,-0.0047655990247147395,-0.024226110363391617
2023-08-03,0,0,-0.00033407572383070683,-0.0055172413793104225
2023-08-04,0,0,0.0036203631502729205,0.0013869625520110951
2023-08-07,0,-0,-0.0022753759920084438,-0.020775623268697974
2023-08-08,0,0,-0.006341083546556936,-0.014615747289014713
2023-08-09,0,0,-0.0047581728616210572,-0.0047846889952152249
2023-08-10,0,0,-0.0010686765284886324,0.0014423076923075762
2023-08-11,0,0,0,-0.0014402304368698049
2023-08-14,0,0,-0.0030405405405404817,-0.0038461538461539435
2023-08-15,0,0,-0.0026544674121766754,-0.0024131274131272695
2023-08-16,0,0,-0.0057760915114106748,-0.0053217223028545479
2023-08-17,0,0,-0.0015378481517343001,0.011673151750972943
2023-08-18,0,0,0.00017113519680544975,0.0033653846153847145
2023-08-21,0,0,0.002737694632977794,0.023478677527551506
2023-08-22,0,0,0.0016495079915817001,0.0046816479400748623
2023-08-23,0,0,0.010164679159568424,0.038676607642124772
2023-08-24,0,0,-0.00022485805835059658,-0.0080753701211305762
2023-08-25,0,0,-0.0012932246274950376,0.0049751243781093191
2023-08-28,0,0,0.0028712982772209905,0
2023-08-29,0,0,0.009768146859035598,0.022052205220522092
2023-08-30,0,0,0.0025018068605102695,-0.0061646851607222164
2023-08-31,0,0,-0.0016637089618455336,-0.0079751883030571014
2023-09-01,0,0,0.00049994445061662951,-0.0098258150960249813
2023-09-05,0,-0,-0.0081616789739604734,-0.026161479476770499
2023-09-06,0,0,-0.004534258844603567,-0.01621120889300609
2023-09-07,0,0,0.0010684361468817904,-0.0089453860640300586
2023-09-08,0,0,0.0003370407819345278,-0.0019002375296911511
2023-09-11,0,0,0.0018530997304582186,0.0071394574012373369
2023-09-12,0,0,-0.0051566616221062622,-0.0014177693761815435
2023-09-13,0,0,-0.0023099892951715661,-0.0094652153336488576
2023-09-14,0,0,0.00050824486107958755,-0.0095556617295747825
2023-09-15,0,0,0.0066038268329853267,0.018330921369995146
2023-09-18,0,0,0.0058876303689581189,0.0090004737091426978
2023-09-19,0,0,-0.00094765594514734097,-0.0014084507042253502
2023-09-20,0,0,0.00072536547260337869,0.0032910202162670377
2023-09-21,0,0,-0.0072483969891272704,0.0046860356138707093
2023-09-22,0,0,0.0032013479359729313,0.0065298507462685507
2023-09-25,0,-0,-0.0051505990370620536,-0.017608897126969336
2023-09-26,0,-0,-0.0079909960607764674,-0.011320754716981019
2023-09-27,0,-0,-0.0123666893578398,-0.012404580152671874
2023-09-28,0,0,-0.0049971280873061241,0.0019323671497584183
2023-09-29,0,0,-0.010275356462506546,-0.019286403085824411
2023-10-02,0,-0,-0.010498687664041939,-0.045231071779744281
2023-10-03,0.0045137745759471796,0.0046137745759471114,-0.0028882994400236672,0.001029866117404632
2023-10-04,-0.0033008482918865287,-0.0033008482918866306,-0.00011823126034526954,-0.0066872427983540872
2023-10-05,-0.00064046449012772962,-0.00064046449012763746,-0.0018328012297503804,-0.0031071983428274663
2023-10-06,0.0098837219972336843,0.0098837219972338075,0.0051531125984716208,0.024935064935065032
2023-10-09,-0.00064936727213491148,-0.00064936727213495452,0.018385385975250523,0.016725798276735926
2023-10-10,-0.0012077415709906272,-0.0012077415709907725,-0.0016780465223932284,-0.0039880358923229942
2023-10-11,0.0014549138610142336,0.0014549138610144097,0.0073030777256128943,0.010010010010010006
2023-10-12,-0.0041033809016740542,-0.0041033809016743014,-0.0030496576327752045,-0.01090188305252715
2023-10-13,0.0047937429316525833,0.0047937429316527195,0.032148216553157249,0.041082164328657411
2023-10-16,-2.3963245401260386e-05,-2.396324540121223e-05,-0.0048649555443718295,-0.0048123195380174177
2023-10-17,0.0051994199270218207,0.0051994199270216377,0.0018543492919755877,0.011605415860735047
2023-10-18,-0.0067405182082692925,-0.0067405182082690852,0.014470805990240754,0.0014340344168259911
2023-10-19,-0.0023872059077524586,-0.0023872059077524946,0.01227400895670927,0.0076372315035799776
2023-10-20,0.0060102884392855497,0.0060102884392856486,0.0027308973728767949,0.013737565135007124
2023-10-23,-0.0071621458750570372,-0.0071621458750572463,-0.0033770902554605131,-0.016355140186915751
2023-10-24,-0.00071576682883237822,-0.00071576682883226525,-0.00010930753675475469,-0.0014251781472685021
2023-10-25,-0.0043324141438315159,-0.0043324141438316104,0.0042088002186391194,-0.0038058991436725753
2023-10-26,-0.0031924071167003677,-0.0031924071167003351,0.0015784890050076772,-0.0042979942693409656
2023-10-27,0.0022471056938174879,0.0022471056938175387,0.011629802728112759,0.015827338129496216
2023-10-30,0.0072615419413415167,0.0072615419413415054,-0.0056406124093473231,0.0075542965061379252
2023-10-31,-0.0063176595738297188,-0.0063176595738298679,-0.0054565099945974582,-0.016869728209934376
2023-11-01,0.0014544299469258456,0.0014544299469258773,-0.0031506328426313956,-0.00047664442326034173
2023-11-02,-0.0043913327795580279,-0.0043913327795580782,0.0033240695329954661,-0.004768717215068996
2023-11-03,0.0071240065521664753,0.0071240065521665742,0.0036389311318705264,0.01677048394825098
2023-11-06,0.00061955317590777859,0.00061955317590771711,-0.0077926294712917787,-0.0065975494816211677
2023-11-07,-0.0068045434453818231,-0.0068045434453817399,-0.0041450777202072242,-0.016603415559772183
2023-11-08,0.0033089337151434939,0.0033089337151435598,-0.009967687167971917,-0.0038591413410516973
2023-11-09,-0.00108824572030565,-0.0010882457203057519,0.0039829617746307555,0.0019370460048426796
2023-11-10,-0.0032313842743736379,-0.0032313842743735889,-0.010909691994049342,-0.016916384726921252
2023-11-13,-0.00062137111505129023,-0.0006213711150513426,0.0055707202941339684,0.0044247787610618428
2023-11-14,0.014499820027836377,0.014499820027836506,0.0089191734529943112,0.036221243269701553
2023-11-15,0.0085923977369954906,0.0085923977369953275,-0.0026356248627279477,0.013226263580538467
2023-11-16,0.0073301087359510519,0.0074388107419202211,0.011286060339132487,0.014452214452214562
2023-11-17,0,0,-0.00010887908977086358,-0.00045955882352943789
2023-11-20,0,0,-0.0016333641857678716,-0.012413793103448256
2023-11-21,0,0,0.010797840431913563,0.013500931098696434
2023-11-22,0,0,-0.0042622066360937794,-0.0045934772622874265
2023-11-24,0,0,0.0052015604681405758,0.027688047992616482
2023-11-27,0,0,0.0067378180250108333,0.013022002694207391
2023-11-28,0,0,0.013331905552283363,0.015957446808510856
2023-11-29,0,0,0.0014794462643981099,-0.0017452006980803736
2023-11-30,0,0,-0.0041679856494670764,0.010926573426573327
2023-12-01,0.0032040043198685126,0.0033040043198684379,0.017271523178807868,0.0086467790747946083
2023-12-04,0.0078237908215646797,0.0078237908215647665,-0.021613457632414845,-0.037291041577368067
2023-12-05,0.0054222664106090626,0.0054222664106089195,-0.0037794101990844542,-0.015138023152270752
2023-12-06,0.0058450179919501402,0.0058450179919501966,0.0036868821800695173,-0.008589511754068746
2023-12-07,0.0023319192429994968,0.0024270889219939274,0.0016503407155026295,-0.0063839489284085449
2023-12-08,0,-0,-0.013340419877757248,-0.031665901789811768
2023-12-11,0,-0,-0.011042878689937474,-0.0090047393364929285
2023-12-12,0,0,-0.00054469197668716163,-0.0033476805356289496
2023-12-13,0,0,0.022562537467981869,0.044625719769673777
2023-12-14,0,0,0.0058626019293288589,0.017455213596692554
2023-12-15,0,-0,-0.0091665342022995144,-0.014446952595936757
2023-12-18,0,0,0.0045454545454544082,-0.0013742556115435844
2023-12-19,0,0,0.006813947298376366,0.010550458715596456
2023-12-20,0,0,-0.0054459895310103867,0.00045392646391273495
2023-12-21,0,0,0.0070707070707072273,0.012250453720508148
2023-12-22,0,0,0.0044343556986750077,-0.0085163603765127105
2023-12-26,0,0,0.0076207494612918758,0.0036166365280287938
2023-12-27,0,0,0.0045378677237637444,0.0013513513513514486
2023-12-28,0,-0,-0.0058154629004621983,-0.010796221322537214
2023-12-29,0,0,-0.0015668250900925385,-0.0095497953615278908
2024-01-02,0,0,-0.0023539258251816797,-0.0059687786960515021
2024-01-03,0,0,-0.0083368288590603967,-0.027251732101616577
2024-01-04,0.0030894397790489224,0.0031894397790488485,0.0010046000105747854,0.0009496676163343043
2024-01-05,0.0030184178497208551,0.0030184178497207892,0.00015846186351153868,0.0061669829222013028
2024-01-08,0.001989471478208645,0.0019894714782087114,-0.0078162133614998464,-0.003771805752003865
2024-01-09,-0.0032394371485768062,-0.0032394371485769259,0.00031936977697344382,-0.0061523899668717297
2024-01-10,-0.00029551542303429888,-0.00029551542303413153,-0.0022880859894641725,-0.0028571428571427804
2024-01-11,-0.003829045011518309,-0.0038290450115184842,0.0019733333333333825,-0.0057306590257880652
2024-01-12,0.0039747262597975104,0.0039747262597976214,0.0097940064938522031,0.017771373679154712
2024-01-16,-0.00073380246346540752,-0.00073380246346537836,-0.0094881661483317004,-0.0108541764983483
2024-01-17,-0.0019276900454942021,-0.0019276900454943619,-0.011015911872705009,-0.014790076335877922
2024-01-18,-0.00022136873651707514,-0.00022136873651687933,0.008232888506241931,0.0077481840193704965
2024-01-19,-0.0048182965724287534,-0.0048182965724286849,0.0029887388589422414,-0.0067275348390195555
2024-01-22,-0.0089047639291913259,-0.0089047639291916329,-0.0037780024477199747,-0.021770682148040787
2024-01-23,0.0055448271304453615,0.0055448271304455506,0.00389915607306901,0.015331355093966437
2024-01-24,0.0084552908944966147,0.0084552908944966199,-0.0082468741686617664,0.0087676570871895176
2024-01-25,0.0035333352750316536,0.0035333352750316319,0.0039699570815450169,0.011105746016417228
2024-01-26,-0.0015596851309552849,-0.0015596851309552912,-0.0006946670941541111,-0.0038204393505254508
2024-01-29,0.0048554849401726994,0.0048554849401728278,0.0070584460724025799,0.016778523489932917
2024-01-30,-0.0011553672071036706,-0.0011553672071038024,0.0013805554080603688,-0.0009429514380009385
2024-01-31,-0.0062739580509600422,-0.0062739580509600049,-0.00074235113208553916,-0.013213780084945781
2024-02-01,0.0019845473511654627,0.0019845473511654584,0.010400636773679972,0.014347202295552419
2024-02-02,-0.0062137805516298073,-0.0062137805516299062,-0.0094532850165431892,-0.021687883074021697
2024-02-05,-0.0039535472451827699,-0.0039535472451825955,-0.005514023646678412,-0.013493975903614563
2024-02-06,-0.0016467732709154845,-0.0016467732709155318,0.0052247161059872926,0.0019540791402052893
2024-02-07,-0.0042056222507258533,-0.0042056222507259955,-0.00026518164942990197,-0.0087762067284252732
2024-02-08,0.0082016235773210589,0.0082016235773211821,-0.00090185676392562364,0.015740285292670908
2024-02-09,0.0026595709255859325,0.0026595709255858172,-0.0038761747995540441,0.0014527845036320652
2024-02-12,0.0032139724230817283,0.0032139724230818975,-0.0026119402985073092,0.0038684719535784229
2024-02-13,-0.0065533888777855138,-0.0065533888777854921,-0.013788680455347202,-0.026974951830443294
2024-02-14,0.00605898990508751,0.0060589899050873842,-0.00059610903376150493,0.011881188118811892
2024-02-15,0.0086647481426921618,0.0086647481426922173,0.0067237826699924064,0.024461839530332652
2024-02-16,0.0088734733488967325,0.0088734733488965954,0.0036626090703437697,0.021489971346704939
2024-02-20,-0.009468311571290064,-0.0093698203855585669,0.0060641837501340667,-0.014960261804581543
2024-02-21,0,0,5.3341868032186213e-05,-0.0052206929283340475
2024-02-22,0,0,0.00042671218263290456,-0.0066793893129771797
2024-02-23,0,0,0.0056515248453827827,0.0081652257444764231
2024-02-26,0,0,-0.0022266991835436789,-0.01762744163887553
2024-02-27,0,0,-0.0010626992561104665,-0.0024248302618816719
2024-02-28,0,0,0.0018085106382978999,-0.00097228974234320198
2024-02-29,0,0,0.0051502601677817506,0.0087591240875912746
2024-03-01,0,0,0.018910781258253628,0.021225277375783946
2024-03-04,0,0,0.016175022033283248,0.032593292394898388
2024-03-05,0,0,0.0060201010152542977,-0.0086916742909423084
2024-03-06,0,0,0.0082154267457781316,0.019843101061375101
2024-03-07,0,0,0.0056838187213923419,0.0063348416289590315
2024-03-08,0,0,0.0084525357607281304,-0.00044964028776972587
2024-03-11,0,0,0.0018350443882360068,0.0053981106612686069
2024-03-12,0,-0,-0.01094059405940595,-0.011633109619686888
2024-03-13,0,0,0.0070073577256120068,0.031688546853779975
2024-03-14,0,0,-0.0041751578110243992,-0.0026327336551118519
2024-03-15,0,0,-0.0031944097828798812,0.013198416190057127
2024-03-18,0,0,0.0016023233688848837,-0.00521059487624842
2024-03-19,0,0,-0.0011498275258711166,-0.0052378873854213026
2024-03-20,0,0,0.011911911911911988,0.021939447125932432
2024-03-21,0,0,-0.0010386784053814102,-0.027479604980678474
2024-03-22,0,0,-0.008020993216814376,-0.0039735099337748769
2024-03-25,0,0,0.0031944097828799922,0.00088652482269502286
2024-03-26,0,0,0.0032339917408825691,-0.010628875110717417
2024-03-27,0,0,0.0072406268597500212,0.0076096687555953224
2024-03-28,0,0,0.012900049236829192,0.010661928031985735
2024-04-01,0,0,0.010208049776395001,0.0048351648351647736
2024-04-02,0,0,0.014772399191607999,0.042869641294838168
2024-04-03,0,0,0.0087723457726778253,0.037332214765100735
2024-04-04,0.00039592615630365779,0.00049592615630357636,-0.0057346996333552669,-0.0097048119692682011
2024-04-05,-0.0024503050001140917,-0.0024503050001140276,0.017114220877458175,0.02204981625153124
2024-04-08,-0.0043781287535008644,-0.0043781287535007039,0.0062285023705495046,0.0147822612864561
2024-04-09,-0.0037293619465069211,-0.0037293619465071639,0.0054970436067995898,0.012598425196850505
2024-04-10,0.00064252361681960981,0.00064252361681971476,-0.0094638673220929226,-0.010497667185069948
2024-04-11,-0.0015284467948461381,-0.0015284467948461055,0.019433235935253368,0.022003929273084477
2024-04-12,0.00087948134310727923,0.00087948134310733648,-0.01323930846223853,-0.014609765474817515
2024-04-15,-0.0063620425797734541,-0.0063620425797736475,0.018719166397713094,0.030433086227077633
2024-04-16,0.013268377913535544,0.013268377913535544,0.0012219959266803748,-0.023097311624384664
2024-04-17,-0.0048783550526144076,-0.0048783550526144207,-0.0073682307205497066,0.0019379844961240345
2024-04-18,0.0015783847908543713,0.0015783847908546606,0.003415456077234813,0.00038684719535786449
2024-04-19,-0.0053272435512167491,-0.0053272435512169069,0.0031315240083507057,0.01314771848414531
2024-04-22,0.01312430948020526,0.013124309480205029,-0.024702529068452272,-0.048473282442748067
2024-04-23,-0.0024685479681695005,-0.0024685479681692056,-0.0024585981351764596,0.0024067388688326918
2024-04-24,0.00088941945303571931,0.00088941945303572137,-0.0018601190476190688,-0.0036014405762304635
2024-04-25,-0.00023727510825310346,-0.00023727510825313774,0.0059634737234439683,0.0064257028112448822
2024-04-26,0.0051146727361984076,0.0051146727361984674,0.0032419414597999463,-0.0067837190742218167
2024-04-29,0.00018248357219295531,0.00018248357219269423,-0.0020312067214476315,-0.0024106066693452277
2024-04-30,0.005682534892436291,0.005682534892436357,-0.019937089462484958,-0.031413612565444948
2024-05-01,5.0780695552658626e-05,5.0780695552706209e-05,0.0090621607589558284,0.0091476091476090371
2024-05-02,-0.0033538072107374356,-0.0033538072107376009,-0.0030871415875391994,0.0037082818294189579
2024-05-03,0.0024314318661881364,0.0024314318661884451,-0.00079763524609388625,-0.0057471264367816577
2024-05-06,-0.011903950511558389,-0.011903950511558565,0.010518407212622094,0.03509496284062763
2024-05-07,0.00071956023758606102,0.00071956023758590337,-0.0046003717472118399,-0.0059832469086557039
2024-05-08,-0.0021005723278627493,-0.0021005723278626708,-0.0029410391671723657,0.0012038523274477964
2024-05-09,-0.010613992655075592,-0.010613992655075618,0.015778630957954842,0.036472945891783626
2024-05-10,0.0060715574641809706,0.0060715574641811935,0.0081124683106708062,-0.0034802784222738303
2024-05-13,-0.0064448374765166249,-0.0064448374765168522,-0.011202048374559959,0.0011641443538998875
2024-05-14,-0.0024362152801183042,-0.0024362152801180679,0.0084620364376213342,0.012790697674418539
2024-05-15,-0.013783725002641,-0.013783725002641202,0.012838736301526765,0.03788748564867972
2024-05-16,-0.00083314960790538991,-0.00083314960790527889,-0.003893340576757609,-0.0022123893805310324
2024-05-17,-0.027520263459129835,-0.02752026345912973,0.016497750306776249,0.06393200295639323
2024-05-20,-0.0018521719768172223,-0.0018521719768174001,0.0040239649467943561,0.0065995137200416387
2024-05-21,-0.00710784920747831,-0.0071078492074780888,-0.0014695404346277696,0.01000690131124915
2024-05-22,0.012485853257991246,0.012485853257990988,-0.018373990991392697,-0.035872907413734278
2024-05-23,0.0034726020629267974,0.0034726020629270264,-0.019944573167961499,-0.023742026931254379
2024-05-24,-0.0035809034270670292,-0.0035809034270672447,0.00092712775820502635,0.0068965517241379448
2024-05-28,-0.026646522513299381,-0.026646522513299322,0.010513153019636956,0.054073540014419663
2024-05-29,-0.0036578188338193388,-0.0036578188338192838,-0.0093038177735002003,-0.0023939808481531211
2024-05-30,0.017715833047376468,0.017715833047376325,0.0018967431532197487,-0.025711347274597229
2024-05-31,0.011193163701106359,0.011193163701106564,-0.0058641547767465108,-0.023223082336382816
2024-06-03,0.0019971003777219084,0.0019971003777219019,0.0089177891314444757,0.004682997118155674
2024-06-04,0.013873362050995675,0.013873362050995526,-0.0089770739342601713,-0.031193976335604168
2024-06-05,-0.0017946732748577289,-0.0017946732748579102,0.011845589259998901,0.014063656550703074
2024-06-06,-0.020081206194848572,-0.02008120619484851,0.0073914241116519452,0.04124087591240877
2024-06-07,0.020690948675288708,0.020690948675289075,-0.035683361436449013,-0.065194532071503608
2024-06-10,-0.0047918156691838286,-0.0047918156691838642,0.0091682419659735448,0.016872890888638858
2024-06-11,0.010279299405304627,0.010279299405304523,0.0028566076613281144,-0.015117994100295018
2024-06-12,-0.0053750262026925223,-0.0053750262026923947,0.0026616857342982581,0.011980531636091252
2024-06-13,0.0084524125861805306,0.0084524125861804907,-0.0081501490312966274,-0.022197558268590489
2024-06-14,-0.0054893460466009228,-0.0054893460466010242,0.012959571770671863,0.021944759742716702
2024-06-17,-0.0008445997739157336,-0.00084459977391584669,-0.0051916747786584505,-0.0033320992225102097
2024-06-18,0.0012672292961719235,0.0012672292961720876,0.0040072689995804822,0.0014858841010401136
2024-06-20,-0.015446059190828825,-0.015446059190828896,0.012484336566575438,0.038575667655786239
2024-06-21,0.013534773762756889,0.013534773762756951,-0.015493215988265474,-0.036428571428571366
2024-06-24,0.0016687850309102502,0.0016687850309103796,0.0039575379458050008,0.00074128984432908496
2024-06-25,0.010100436401959576,0.010100436401959508,-0.0049622037749849079,-0.022222222222222254
2024-06-26,-0.0029300275600360952,-0.0029300275600362431,-0.0092281879194630045,-0.0034090909090909172
2024-06-27,0.0029351693576409013,0.0029351693576410288,0.011336908457992179,0.0053211706575446716
2024-06-28,-0.0024722285934869943,-0.0024722285934870064,9.3027582678262277e-05,0.0045368620037806728
2024-07-01,-0.0045299135246770917,-0.0045299135246771949,0.0026045300218595635,0.010538200978547296
2024-07-02,-0.0025631890633650628,-0.0025631890633651053,-4.6388644059924822e-05,0.0044692737430167551
2024-07-03,-0.012479346017978475,-0.012479346017978491,0.011272963444052708,0.032258064516129004
2024-07-05,-0.0064276109409374359,-0.0064276109409374784,0.013486857195284196,0.022988505747126409
2024-07-08,0.00070134699650615422,0.00070134699650630297,-0.012402118318019295,-0.012289325842696708
2024-07-09,0.0011423367167572847,0.0011423367167573122,0.0016957697419679452,-0.0003554923569142332
2024-07-10,0.0011374811883146988,0.0011374811883145771,0.0036603221083455484,0.0014224751066855834
2024-07-11,-0.0014906581463385307,-0.0014906581463383901,0.017733406272793628,0.018465909090909172
2024-07-12,0.01173725926169091,0.011737259261690789,-0.00062709966405372075,-0.019525801952580135
2024-07-15,0.0037003481481125773,0.0037003481481125071,0.0032271077047196783,-0.0032005689900426182
2024-07-16,-0.0013412967012901096,-0.0013412967012900753,0.019925836572398659,0.020692115590438709
2024-07-17,0.017392447950872719,0.017392447950872782,-0.0046432169608831009,-0.032855644879412726
2024-07-18,-0.00083231652456427791,-0.00071903091883194733,-0.006381199665537074,-0.016985905312613014
2024-07-19,0,0,-0.01793781557268137,-0.018749999999999933
2024-07-22,0,0,0.00031569927389174524,-0.0022480329711502822
2024-07-23,0,0,0.0035166816952210134,0.0018775816748028973
2024-07-24,0,0,-0.0035043579836463445,-0.0093703148425786642
2024-07-25,0,0,-0.01564472497745717,-0.038592508513053292
2024-07-26,0,0,0.010534511977281946,0.0027548209366390353
2024-07-29,0,0,-0.0014050673072565356,-0.0015698587127158659
2024-07-30,0,0,0.0099854756717503435,0.015330188679245182
2024-07-31,0,0,0.018110731619629616,0.02168021680216814
2024-08-01,0,0,-0.0034429485764732037,-0.013641530882910202
2024-08-02,0,0,-0.0019045931700403251,0.00038417210910490773
2024-08-05,0,0,-0.012691932191355337,-0.045314900153609838
2024-08-06,0.0039480215408597332,0.0040480215408598263,-0.0080007191657677224,-0.0088495575221237965
2024-08-07,-0.0059566757785562306,-0.0059566757785561803,-0.00067965564114169652,-0.012581168831168887
2024-08-08,0.0060625152053616332,0.0060625152053616072,0.015688052595783208,0.027949034114262306
2024-08-09,-0.0014395827533254936,-0.0014395827533255849,0.0024552475335923862,-0.00039984006397442151
2024-08-12,0.0012936969183112749,0.0012936969183112393,0.017144638403989942,0.01959999999999984
2024-08-13,-0.00063430202958127883,-0.00063430202958124295,-0.0015323322096230108,-0.0027461749705766092
2024-08-14,-0.0017069651404254048,-0.0017069651404253822,-0.0081557484872402108,-0.011408339889850572
2024-08-15,0.013256873986939187,0.01325687398693921,0.0031388152077806986,0.029048945483485911
2024-08-16,0.0001489536560497328,0.0001489536560497872,0.022387730818386187,0.022041763341067222
2024-08-19,0.008878350333749006,0.0088783503337488689,-0.0016380016380016515,0.015134317063942415
2024-08-20,-0.0010775890133074011,-0.0010775890133075238,0.0036699624368550232,0.0014908684308609921
2024-08-21,0.0022783558400914969,0.0022783558400916335,-0.0013335627634861735,0.0029772981019724476
2024-08-22,-0.0050129398177509105,-0.0050129398177509018,-0.011975016153349172,-0.020779220779220786
2024-08-23,0.010321532956945288,0.010321532956945366,0.011553385359898805,0.030693444486547872
2024-08-26,0.00075254579203815682,0.00075254579203803908,0.0031893802258424753,0.0044117647058823373
2024-08-27,-0.00058834811157111762,-0.00058834811157108531,0.0027066506272555024,0.0014641288433381305
2024-08-28,-0.0096577890358417497,-0.0096577890358417115,-0.0070268649042375397,-0.02448830409356717
2024-08-29,-0.00025746637103273842,-0.00025746637103290327,0.0051779935275080291,0.0044960659423003424
2024-08-30,-0.0055158702243935107,-0.0055158702243933979,-0.0071259927022966352,-0.017157776948899528
2024-09-03,-0.013240472913873189,-0.013240472913873223,-0.0043235764624497408,-0.029222011385199309
2024-09-04,0.0017197818044298919,0.0017197818044299147,0.00060792913283247429,0.0039093041438624798
2024-09-05,0.0068548597873298867,0.0068548597873299925,0.0083322484051555623,0.021417445482866171
2024-09-06,-0.011291202535282858,-0.011291202535282813,-0.0074026253496879413,-0.028593213877239787
2024-09-09,0.0053593800228969599,0.0053593800228969217,0.0042058708754282303,0.014521193092621676
2024-09-10,-0.00046612704202105519,-0.00046612704202104814,0.0044041450777203561,0.0034816247582205584
2024-09-11,0.0044883082637976867,0.0044883082637976546,-0.001590576906542851,0.0069390902081727379
2024-09-12,0.014117208886259192,0.014117208886259131,0.01756727664155,0.044027565084226561
2024-09-13,0.0097651567800929786,0.0097651567800928433,0.0099437227605465583,0.027502750275027577
2024-09-16,0.0010310490650882493,0.0010310490650883399,-8.3794201441333982e-05,0.0017844396859385547
2024-09-17,0.00071374892737603854,0.00071374892737607117,-0.0055308807508589464,-0.003918774492340571
2024-09-18,-0.0021597493460755986,-0.0020526581281523791,-0.0077104575714166401,-0.025751072961373467
2024-09-19,0,0,0.015540741369793221,0.031204111600587447
2024-09-20,0,0,0.012710624242170843,0.011391954432182327
2024-09-23,0,0,0.0019404648858427631,-0.0151355156634988
2024-09-24,0,0,0.013969012691610327,0.05003573981415288
2024-09-25,0,0,-0.0013817206485959854,-0.010891763104152519
2024-09-26,0,0,0.0050868839783502207,0.0068823124569856731
2024-09-27,0,0,-0.0079358652522470985,-0.0136705399863295
2024-09-30,0,-0,-0.007999346992082268,-0.015592515592515621
2024-10-01,0,0,0.010491236731671183,0.0059838085181274092
2024-10-02,0,0,0.00020357477301402582,0.01469559132260323
2024-10-03,0,0,-0.00069201335178692425,0.0079310344827585588
2024-10-04,0,0,-0.0019960079840319889,0.0044474854601437297
2024-10-07,0,-0,-0.0033877551020408125,-0.014645776566757474
2024-10-08,0,-0,-0.0073719130114263676,-0.031800898721050741
2024-10-09,0,0,-0.0054462185914098127,-0.0053552302749019232
2024-10-10,0,0,0.0073428749222153034,0.018664752333094059
2024-10-11,0,0,0.010913433819289997,0.014799154334038223
2024-10-14,0,0,-0.0016295270297795872,-0.0090277777777778567
2024-10-15,0,0,0.0034683967845920982,0.0059565522074283006
2024-10-16,0,0,0.0050016265452179631,0.0069662138627655246
2024-10-17,0,0,0.0059882662350798643,-0.00069180214458663958
2024-10-18,0,0,0.01061818766842304,0.060574593284873579
2024-10-21,0.0013902267041434771,0.0014902267041435994,-0.00019898913519322825,0.0068537859007833379
2024-10-22,-0.0089212490273098289,-0.0089212490273100561,0.01078735769445105,0.0288492706645056
2024-10-23,0.010569606200274769,0.010569606200274776,-0.012050565116370704,-0.032451165721486985
2024-10-24,0.0041272259134521941,0.004127225913452136,0.0076932275680632323,-0.00065125366330187617
2024-10-25,0.0019784071124013067,0.001978407112401361,0.0020569620253163556,-0.0019550342130988385
2024-10-28,-0.0015721124577129089,-0.0015721124577129826,3.9475761882235005e-05,0.0032647730982697798
2024-10-29,-0.0051023240410652841,-0.0051023240410650794,0.010894880195791989,0.021477383664171734
2024-10-30,0.012076803908668238,0.012076803908668349,0.0055058768401734515,-0.018477222045237385
2024-10-31,0.0080517885496926653,0.0080517885496924606,-0.015495145631068019,-0.032456994482310986
2024-11-01,0.002228776952268727,0.0022287769522686724,-0.0041024022720996811,-0.0090573633009056742
2024-11-04,-0.00071553689178629608,-0.00071553689178607599,0.0014259119895434491,0.0030467163168585998
2024-11-05,-0.00078088571852378034,-0.00078088571852376516,0.0022544792943874903,0.0040499493756327443
2024-11-06,0.005832067505020291,0.0058320675050202598,-0.030386740331491802,-0.044369747899159706
2024-11-07,-0.0027609451425704657,-0.0026680991490097739,0.016076516076516167,0.023918396060499392
2024-11-08,0,-0,-0.00676947726817545,-0.021642047406389531
2024-11-11,0,0,-0.023471527665752667,-0.017907303370786609
2024-11-12,0,0,-0.0086313702816551707,0.0035752592062925359
2024-11-13,0,0,-0.010081233076442486,-0.016387602422515135
2024-11-14,0,0,-0.0026090981778394973,0.007243752263672576
2024-11-15,0,0,-0.0017720771275473446,-0.0086299892125134559
2024-11-18,0,0,0.019485185341730382,0.029742473703300742
2024-11-19,0,0,0.0099917081260365581,0.0038746037337089589
2024-11-20,0,0,0.0074299084602438281,-0.0091228070175438658
2024-11-21,0,0,0.0055415206584630283,-0.0056657223796033884
2024-11-22,0,0,0.016208768943998697,0.01780270655270666
2024-11-25,0,-0,-0.03481138846797982,-0.039884674194101355
2024-11-26,0,0,0.0021247676099978019,0.0083819241982507897
2024-11-27,0,0,0.0037338553117667317,-0.0075894470545717629
2024-11-29,0,0,0.0061198504949275812,0.016387472687545479
2024-12-02,0,0,-0.0041231221423906339,-0.0028663561447510588
2024-12-03,0,0,-0.00049190407870458586,0.014013654329859904
2024-12-04,0,0,0.0028298404626174722,0.010276399716513174
2024-12-05,0,0,-0.0074431539342385555,-0.0017537706068047054
2024-12-06,0,0,0.0011948908117018764,-0.007730147575544688
2024-12-09,0,0,0.012387341042841227,0.031515580736543924
2024-12-10,0,0,0.013536585365853782,0.00068657741160316199
2024-12-11,0,0,0.0079412826374682943,0.0010291595197255976
2024-12-12,0,0,-0.013847439417452478,-0.033927347498286409
2024-12-13,0,-0,-0.013833676310374132,-0.012061014544164639
2024-12-16,0,0,0.002448429142853481,-0.00035906642728911198
2024-12-17,0,0,-0.0014289795918367432,-0.00071839080459767946
2024-12-18,0,-0,-0.020804831720756867,-0.032710280373831835
2024-12-19,0,0,-0.00062614793788617895,-0.02006688963210701
2024-12-20,0.0061605577235810151,0.0062605577235807803,0.011235955056179803,0.020845657944633889
2024-12-23,0.0040909689695686133,0.0040909689695687321,-0.0043783560512185016,0.003751899166781314
2024-12-24,-0.0031779072199435245,-0.0031779072199435987,0.0037541486890142473,-0.0025980081937181376
2024-12-26,0.0021316761793164622,0.0021316761793164062,0.0036169392287253022,0.0077735106955343358
2024-12-27,-0.0045239417621508885,-0.0045239417621508633,-0.0037064492216456468,-0.012518409425625876
2024-12-30,-0.0056857783463510831,-0.0056857783463510744,-0.0052083333333332593,-0.016409395973154384
2024-12-31,-0.0047340150875523389,-0.0047340150875524794,0.0075625363583478045,-0.0018915917042900965
2025-01-02,0.0059064936578402116,0.0059064936578401527,0.011258660508083107,0.023167489555639964
2025-01-03,0.0048136601336877822,0.0048136601336878386,-0.0075853350189634128,0.0018559762435039762
2025-01-06,0.0055006409780080584,0.0055006409780080142,-0.00082186151633445448,0.010003705075954272
2025-01-07,-0.00017329002413889546,-0.00017329002413886375,0.0059633970799917169,0.0055025678650035825
2025-01-08,-0.0026182161378856448,-0.0026182161378853963,0.0044562551103843884,-0.00072966070777091829
2025-01-10,-0.00038447727464698114,-0.0003844772746470785,0.012617526150840552,0.011683096020445483
2025-01-13,-0.0076617873988080029,-0.0076617873988080541,-0.0096064954379194711,-0.024182605557560466
2025-01-14,0.0010220787901324354,0.0010220787901324903,0.0013798701298701754,0.0033764917769667502
2025-01-15,0.0099066524127794098,0.0099066524127793577,0.0079435843397908101,0.027230642212655587
2025-01-16,-0.00037198547499843021,-0.0003719854749984887,0.0080418174507439488,0.0071689989235736995
2025-01-17,-0.0061296973371532774,-0.006129697337153097,-0.0051854806541682397,-0.016736848855353426
2025-01-21,0.00013479562749310546,0.00013479562749285596,0.017281475541299107,0.017409420289855149
2025-01-22,-0.00076947956282982333,-0.00076947956282957493,0.0021284143313231585,0.00065882017770335644
2025-01-23,-0.0075187705714069618,-0.0075187705714070399,0.0017699115044247371,-0.012420370831702221
2025-01-24,-0.00058328961227619304,-0.00058328961227630612,0.0050647820965843415,0.0040000000000000036
2025-01-27,-0.0011704493104074743,-0.0011704493104075153,-0.011719207781553997,-0.014033954272998139
2025-01-28,0.00043380383513061204,0.00043380383513057122,0.0085378868729988344,0.0094648707681106448
2025-01-29,0.0077992832718036791,0.0077992832718039645,-0.0014109347442681219,0.013346556076451632
2025-01-30,0.0042785754418724412,0.0042785754418723197,0.012991090702146879,0.020996366560973145
2025-01-31,-0.004168713876051851,-0.004168713876051844,0.002169701666020929,-0.0055803221320246399
2025-02-03,0.00027292790352856816,0.00027292790352866065,0.0065317405087759184,0.0070101647388713939
2025-02-04,0.0022575496884329311,0.0022575496884328318,0.0087593792190883146,0.012878524190741425
2025-02-05,0.0027730349688398206,0.0027730349688398709,0.0080721928187945657,0.013058419243986208
2025-02-06,-0.00069079854708218029,-0.0006907985470821855,-0.0035505193578847516,-0.0047489823609226933
2025-02-07,-0.0075290399423659825,-0.0075290399423660103,0.0020848337818886176,-0.011588275391956393
2025-02-10,-0.005758338449659465,-0.0057583384496593618,0.021145407777273251,0.010689655172413826
2025-02-11,-0.0017077221164036164,-0.0017077221164038157,-0.011261715132431904,-0.014448993517570674
2025-02-12,0.0073070103452793651,0.0073070103452793711,0.0044588080097442973,0.017776469977324849
2025-02-13,-0.0037582511409742113,-0.0037582511409740738,0.0080939947780678256,0.0013605442176871652
2025-02-14,0.0064310511501955688,0.0064310511501954734,-0.015096015096014992,-0.0037364130434783815
2025-02-18,0.0032701088423280518,0.0032701088423281858,0.015627934933694076,0.021476304125468859
2025-02-19,-0.0045824954021828346,-0.0045824954021828354,0.0031440724986127044,-0.0050033544838268273
2025-02-20,0.0028252619651124903,0.0028252619651123086,2.3967551622483541e-05,0.0050318685005033004
2025-02-21,-0.0056568036399117626,-0.0056568036399116733,-0.0013513687909398886,-0.011348464619492682
2025-02-24,-0.0081489844877602347,-0.0081489844877601497,0.0050214148574805328,-0.0094530722484807983
2025-02-25,-0.0039497990761985426,-0.0039497990761986302,-0.0088170462894929802,-0.016019086571233743
2025-02-26,0.0054323829147633227,0.0054323829147633739,-0.0048183839881393853,0.0048493245583651756
2025-02-27,-0.0039849014584243288,-0.0039849014584244545,-0.011918063314711347,-0.019303688383316198
2025-02-28,0.0012929558216399769,0.0012929558216399721,-0.0043724085940445301,-0.0021089630931457881
2025-03-03,0.003110825955239792,0.0031108259552398419,0.010259710759445984,0.01620288834096506
2025-03-04,-0.0012607853710684181,-0.001260785371068471,0.0083942289675846826,0.0062391681109186248
2025-03-05,0.011917413291135284,0.011917413291135354,-0.00044594745252501955,0.021012745435756042
2025-03-06,0.0023267916079580063,0.0023267916079579777,-0.0038294233557646384,0.00033738191632926018
2025-03-07,-0.0023758829447741471,-0.0023758829447741167,0.0019034112114653112,-0.0023608768971332683
2025-03-10,-0.0034158838827120482,-0.0034158838827120638,-0.0094617247159618501,-0.015540906017579403
2025-03-11,0.008350601947634255,0.0083506019476342983,0.011620473092399664,0.026775136245162257
2025-03-12,0.0019753004493581775,0.0020872636639486129,0.0059479553903345472,0.012709030100334529
2025-03-13,0,0,0.017331855136733187,0.017503302509907392
2025-03-14,0,0,0.00039957862617590045,-0.0042194092827003704
2025-03-17,0,0,0.0050708061002178173,0.00097131681877460352
2025-03-18,0,0,0.010959314875730097,0.0061934626731530162
2025-03-19,0,0,0.0048958296108352339,-0.0013333333333332975
2025-03-20,0,-0,-0.0010312944523469536,-0.010330926672456497
2025-03-21,0,-0,-0.0085792602612937419,-0.017033398821218015
2025-03-24,0,0,-0.0037342908438061651,-0.0016589051226191254
2025-03-25,0,0,0.0040005766596986625,0.02202202202202197
2025-03-26,0,0,3.5897619987679263e-05,-0.00065295461965386714
2025-03-27,0,0,0.011558618709168078,0.022868343678536407
2025-03-28,0,0,0.0095777146912705557,-0.0098850207601405282
2025-03-31,0,0,0.011567703225670467,-0.00098385509911125268
2025-04-01,0,0,-0.0020501059800550614,-0.0116241524055537
2025-04-02,-0.0072070989662403511,-0.0071070989662401184,0.016713091922005541,0.0039202874877490856
2025-04-03,-0.01864708521857391,-0.01864708521857401,-0.016746575342465708,-0.054022128213472187
2025-04-04,-0.022702807092704735,-0.02270280709270461,-0.025460276549057914,-0.073619104296884452
2025-04-07,0.015881915771718717,0.015881915771718588,-0.018399921944273756,0.014118188772289431
2025-04-08,-0.0076308767627401462,-0.0076308767627400933,-0.00055269981846095551,-0.017209813255217865
2025-04-09,0.0037266555304186467,0.0037266555304186406,0.036522404371584605,0.048062593144560406
2025-04-10,-0.011670216216775817,-0.011670216216775732,0.033299663228660847,0.011375755421258349
2025-04-11,0.0068838371019333084,0.006883837101933122,0.016156462585034115,0.031985940246045619
2025-04-14,0.0049271188725947095,0.0049271188725948803,-0.0081673640167363448,0.001021798365122617
2025-04-15,-0.005246192612164878,-0.0052461926121649257,0.011406972427525197,0.0017012589316094395
2025-04-16,-0.010233826998866422,-0.010233826998866512,0.030731756148019596,0.012907608695652106
2025-04-17,0.00067902295330708089,0.00067902295330715668,-0.0093871803172547175,-0.0090509725016767462
2025-04-21,-0.01555071373422583,-0.01555071373422579,0.035129704121205085,0.0081150317596216937
2025-04-22,0.013461287076971071,0.013461287076970916,-0.029676400947119097,-0.0077173807229967695
2025-04-23,0.020534972804035944,0.020534972804036003,-0.0056612981942411045,0.034167794316644073
2025-04-24,-0.0051937522283950861,-0.0051937522283950141,0.0094892182847419182,2.9440628066756958e-05
2025-04-25,-0.0028171265621354112,-0.0028171265621354867,-0.010761401575313578,-0.017039079647638844
2025-04-28,-0.0031695209953211917,-0.0031695209953210663,0.008191618336118589,0.0026622296173044457
2025-04-29,0.00076942627430827545,0.00076942627430807878,-0.0068575514316357999,-0.0059741121805508834
2025-04-30,0.0019589951463058726,0.0019589951463059299,-0.012729890699653024,-0.010016694490818101
2025-05-01,0.0035697939841923322,0.0035697939841923794,-0.0115350193907654,-0.0054333895446879721
2025-05-02,-0.0068851533703854599,-0.0068851533703854027,0.0012045203044834807,-0.012506400713488852
2025-05-05,-0.0085346444955172428,-0.0085346444955173122,0.02984500745555807,0.015449809581697949
2025-05-06,-0.00095755816353190217,-0.00095755816353190173,0.019676076492779915,0.0199526547176192
2025-05-07,-0.0069424293487725906,-0.0069424293487725663,-0.0076547698784804608,-0.021883289124668415
2025-05-08,0.0099385001641182028,0.0099385001641181473,-0.018416738983704661,-0.0012711864406780293
2025-05-09,0.0034342910202279447,0.003434291020227952,0.0045140798952194583,0.011794654221467971
2025-05-12,0.013163581758476725,0.013163581758476815,-0.02841984414819021,-0.0053673264005367205
2025-05-13,0.0023703107026594441,0.0023703107026592763,0.0056364490371065834,0.01078920741989875
2025-05-14,-0.00074257409944300783,-0.00074257409944278807,-0.020184159604990981,-0.023019763162372864
2025-05-15,-0.0019397649887819886,-0.0019397649887820882,0.015495250093636059,0.012653688524590256
2025-05-16,-0.0034200152349719089,-0.0034200152349717866,-0.0018132998570282721,-0.0087856865820138408
2025-05-19,0.0017902403666246434,0.0017902403666245118,-0.0023849512932481165,0.0010207553589656193
2025-05-20,5.5631300129460831e-05,5.563130012951599e-05,0.021347520118522478,0.023113528212100665
2025-05-21,0.00063227520410946345,0.00063227520410945076,0.0081099792305410201,0.009966777408637828
2025-05-22,-0.0026849382389781281,-0.0026849382389783202,-0.0058536904411524704,-0.011516447368420946
2025-05-23,-0.0039757141645523084,-0.0039757141645520942,0.019572039473684244,0.013317847979527286
2025-05-27,0.005911502276913917,0.005911502276913898,-0.016260369821058163,-0.0062430008440037543
2025-05-28,0.0019111818018443217,0.0019111818018443143,-0.01515201206913519,-0.012557832121612766
2025-05-29,-0.0025602092262154395,-0.0025602092262153012,0.017216690532485091,0.013386880856760541
2025-05-30,-0.00054303668542199108,-0.00054303668542213842,-0.0063759575721861195,-0.0079260237780713894
2025-06-02,0.010714024492232868,0.010714024492232715,0.028294066403876883,0.05159786950732359
2025-06-03,0.0018152091876734249,0.0018152091876735385,-0.007758731175905309,-0.0047483380816714105
2025-06-04,-0.0013546310772373771,-0.0012471994619910928,0.0049777430464177375,-0.0022264631043257266
2025-06-05,0,0,-0.0049161364950839337,0.035384124960152974
2025-06-06,0,0,-0.014562950046820955,0.0076970443349753115
2025-06-09,0,0,0.0047185267710858625,0.022303696914146132
2025-06-10,0,0,-6.522731720037811e-05,-0.0065750149432157734
2025-06-11,0,0,0.011089367253750648,-0.0072202166064982976
2025-06-12,0,0,0.0095161290322580694,0.0021212121212121904
2025-06-13,0,0,0.011779837034670226,-0.003023888720895096
2025-06-16,0,0,-0.010063590268336142,0.0018198362147407998
2025-06-17,0,0,-0.0041473919285373029,0.021195882531032328
2025-06-18,0,0,-0.0040365209034117777,-0.0097865111576900254
2025-06-20,0,0,-0.0032786516131106946,-0.020955089820359318
2025-06-23,0,0,-0.0056820473829890528,-0.0039785811052565068
2025-06-24,0,0,-0.0059718931550420962,0.002763279091188009
2025-06-25,0,0,0.0040160642570281624,0.011328842620943247
2025-06-26,0,0,-0.0042822764227642418,0.0084771419921283453
2025-06-27,0,-0,-0.015458718832385365,-0.018913239267487336
2025-06-30,0,0,0.011942278984906407,0.0058139534883721034
2025-07-01,0,0,0.0071594820521225788,-0.0024338302403407175
2025-07-02,0,0,0.0046739618661997273,0.0088441598048185632
2025-07-03,0,0,-0.0074189263614864442,0.012394195888754567
2025-07-07,0,0,0.0023500228474444551,-0.0020901761719916978
2025-07-08,0,0,-0.010126994464343952,-0.006582884500299202
2025-07-09,0,0,0.0048356853843876113,-0.0042168674698794817
2025-07-10,0,0,0.0019642506383814595,0.020266182698124524
2025-07-11,0,0,0.010024178265699568,0.036762525941298696
2025-07-14,0.0057323088574956407,0.005832308857495771,-0.002775549287026724,-0.0060051472690878516
2025-07-15,0.0039484511618913939,0.003948451161891367,-0.0045093586790798668,-0.012658227848101222
2025-07-16,0.00040453081323134772,0.00040453081323122959,0.0036825481238751401,0.0029137529137530649
2025-07-17,-0.003727207476061594,-0.0037272074760616785,-0.0013311256128046844,0.006391632771644451
2025-07-18,0.0016757975421581768,0.001675797542158311,0.0039661898569569587,0.00056870669745956448
2025-07-21,-0.0040826736267847979,-0.0040826736267849106,0.01301729162618992,0.021647619569701959
2025-07-22,0.0015106483201578181,0.0015106483201579798,0.0091740186676896318,0.0062129341993788501
2025-07-23,-0.0067441456581662056,-0.0067441456581663504,-0.011117797979158017,0.0022452989054166927
2025-07-24,-0.00052653521669700633,-0.00052653521669722729,-0.0058295964125559818,-0.004771772612713554
2025-07-25,0.0071043297464899553,0.0071043297464900524,-0.010084412655454567,-0.024187103962903356
2025-07-28,-0.0029883810921527069,-0.0029883810921525682,-0.006639544344996029,-0.00057381776239906479
2025-07-29,0.0010041795906158087,0.0010041795906158488,0.0037678975131878456,0.0017282119786150574
2025-07-30,0.0072762833558871094,0.0072762833558871372,-0.013252382817600217,-0.02824020737327182
2025-07-31,0.0067986150205416639,0.0067986150205416084,0.0019517036056895254,-0.012433497828954199
2025-08-01,0.0055703238492112199,0.0055703238492113456,0.022615470963055939,0.011404561824730042
2025-08-04,-0.0022778268128177239,-0.0022778268128180821,0.0040992445276684109,0.0091988130563795956
2025-08-05,-0.0041444388607225421,-0.0041444388607223452,0.0014157114713784225,0.010291090855630847
2025-08-06,-0.0023346103039887144,-0.002334610303988753,-0.0038850537807031404,0.00087601862630948268
2025-08-07,-0.0017794401582147325,-0.0017794401582146022,0.0093798349664775404,0.013373034681492868
2025-08-08,0.00018337536721218034,0.00018337536721208737,-0.00019160146894459107,-0.00057388809182223888
2025-08-11,0.00043437473351903453,0.00043437473351918117,-0.016203328116515925,-0.017513637668676418
2025-08-12,-0.0016427515970087029,-0.0016427515970088744,0.0020511861524481478,0.0055523085914668258
2025-08-13,-0.0065828989143694042,-0.006582898914369445,0.0027905511994703591,0.016564952048823134
2025-08-14,0.0026900528955390766,0.0026900528955394066,-0.0078834286452780233,-0.013433390508862053
2025-08-15,0.00071535595388834362,0.00071535595388804471,0.0011691145341452547,-0.00029266794358762116
2025-08-18,-0.0017845828933604805,-0.0017845828933605087,-0.002208640043717347,0.0014492753623187582
2025-08-19,0.0063110121763081733,0.0063110121763081282,-0.0048573757131215034,-0.017945007235889987
2025-08-20,-0.0022198730548341821,-0.0022198730548341141,0.0092052676406997325,0.014143825523135867
2025-08-21,-0.0039658647727059656,-0.0039658647727058094,-0.0029538741195181961,0.0052339588316154817
2025-08-22,-0.0047695711817268135,-0.0047695711817268404,0.01198072665711658,0.021971668112171105
2025-08-25,0.0034837280818287761,0.003483728081828705,-0.0065628619225324147,-0.01357850070721367
2025-08-26,0.0019368551877026708,0.0019368551877028397,0.011010362694300335,0.0071694866647546984
2025-08-27,0.0019404405336167819,0.0019404405336165152,0.0019218449711724261,-0.0019931662870159572
2025-08-28,-0.0026218168844148802,-0.0026218168844148568,0.0051150895140663621,0.010556348074179933
2025-08-29,-0.0045053522225726823,-0.0045053522225725375,0.011673027989821838,0.020892151326933783
2025-09-02,-0.0024454606700375038,-0.0024454606700377219,0.021944854906152722,0.026825221238938157
2025-09-03,0.0021801095841307407,0.0021801095841310083,0.0079372404245501293,0.0037705359547535178
2025-09-04,0.0031416906035502418,0.0031416906035501898,-0.0015261117724262308,-0.0075127448349879833
2025-09-05,0.0023986615402073219,0.0023986615402074355,0.011004799315257108,0.0064882400648822447
2025-09-08,0.002342635859330847,0.0023426358593305377,0.011852568560457133,0.0075235025517057519
2025-09-09,0.0051386769659282116,0.0051386769659282948,-0.00032870162856701857,-0.010133270772405223
2025-09-10,-0.0025801292776730621,-0.0025801292776729571,0.0019728582531235439,0.0070239698357121849
2025-09-11,-0.0057135414055597879,-0.0057135414055598409,-0.002625298329355541,0.0082720883211913065
2025-09-12,-0.0072230875446162119,-0.0072230875446163377,0.0037987556831777791,0.017503932350312112
2025-09-15,-0.00017330573591993519,-0.00017330573591981105,0.0088202866593165563,0.009124087591240837
2025-09-16,0.0025195642819796967,0.0025195642819798455,0.0045488111061879888,-6.7166106949123616e-05
2025-09-17,0.006191277058645743,0.0061912770586455999,-0.0069099356052808591,-0.018275575213008377
2025-09-18,-0.0027585060389901405,-0.002758506038990206,-0.0079647065790252602,-0.0028947368421052833
2025-09-19,-0.0094542747902132823,-0.0094542747902131609,0.012475749888076537,0.030351016099234629
2025-09-22,-0.0037811397880574572,-0.0037811397880574155,0.016655366565456964,0.023342725409836174
2025-09-23,0.0037009842898861564,0.0037009842898860193,0.0045412897239618388,-0.002034977585210096
2025-09-24,-0.0035410576760032415,-0.0035410576760029734,-0.0058485271306193409,0.00046400802608492775
2025-09-25,-0.011775837644747681,-0.011775837644747824,0.00063875500841992228,0.021372074658109419
2025-09-26,-0.01236050453962303,-0.012360504539623118,0.0061223305478179668,0.026975282884563523
2025-09-29,0.0011706588672271603,0.0011706588672272754,0.017955299206921405,0.015059751434034485
2025-09-30,0.0053841959761199562,0.0053841959761198616,0.007065636190562552,-0.0020037626471329784
2025-10-01,-0.0072168356018122749,-0.0072168356018123556,0.00016879061524166517,0.011914592426566006
2025-10-02,0.003265170308079904,0.003265170308080002,-0.00064692149748257766,-0.0058288645371881165
2025-10-03,-0.0092042494773017913,-0.0092042494773017548,0.0070841542358570653,0.02157598499061919
2025-10-06,0.0059357510990257975,0.0059357510990257784,0.021415975205202775,0.010789715335169925
2025-10-07,0.010285706422597796,0.010285706422597836,0.0056309510780343519,-0.010674540086304751
2025-10-08,-0.0075605821088108082,-0.0075605821088108524,0.0044947733295603864,0.016342975206611543
2025-10-09,-0.011007869574326541,-0.011007869574326703,-0.0054172648229908749,0.01192855965070394
2025-10-10,-0.0016305178861469153,-0.0016305178861466085,0.0073803752825511992,0.0093750000000001332
2025-10-13,-0.025109209107461002,-0.025109209107461172,0.027642065423087336,0.063467492260061986
2025-10-14,0.017903313239631475,0.017903313239631576,0.0079321317630420829,-0.017467248908296984
2025-10-15,-0.0076553446207149418,-0.0076553446207152541,0.010857649945189785,0.020952380952381056
2025-10-16,0.007679614723235622,0.0076796147232357035,0.037180480247869907,0.023424543946931831
2025-10-17,0.017154513273979585,0.017154513273979734,-0.025641025641025661,-0.047194652623050448
2025-10-20,0.0070168370268679173,0.0070168370268678046,0.025089422585590215,0.013605442176870763
2025-10-21,0.019018030869742571,0.019018030869742457,-0.061337919345994751,-0.086394714765100744
2025-10-22,-0.00072714436107608222,-0.00072714436107575913,-4.1687687528324524e-05,0.0011317540810868998
2025-10-23,-0.0054304527994042881,-0.0054304527994044069,0.0071846546801159761,0.015822059160742974
2025-10-24,0.0037377713852373442,0.0037377713852375246,-0.0023727919852361001,-0.0082099322799096264
2025-10-27,0.0015646816748240058,0.0015646816748237013,-0.027484143763213509,-0.029504077494008407
2025-10-28,-0.007353958073025078,-0.0073539580730247397,-0.0087228260869565144,0.0035178236397748197
2025-10-29,-0.01076281451004142,-0.010762814510041718,-0.004084541791167573,0.013554568824491575
2025-10-30,-0.0046298106441090047,-0.0046298106441089682,0.021249655931736777,0.027668895549919359
2025-10-31,0.001697306591873571,0.0016973065918735571,-0.0081127702010672653,-0.010318599955126739
2025-11-03,0.0073453038511178959,0.0073453038511180511,-0.0027444906388413015,-0.014058004856030704
2025-11-04,0.0032353107717898516,0.0032353107717900012,-0.012561307901907348,-0.017245343757185561
2025-11-05,-0.0076869609247092636,-0.0076869609247094441,0.0081467479786971886,0.020374356574637265
2025-11-06,0.0016067442273844715,0.0016067442273844715,0.0052764215914773427,0.002503966907279942
2025-11-07,-0.0011315165782656469,-0.001131516578265865,0.0017153592724699074,0.0034309240622141246
2025-11-10,-0.01116273813934039,-0.011162738139340126,0.032908942647458694,0.0490357875541374
2025-11-11,-0.0042865902504115264,-0.0042865902504114909,0.001533655151797042,0.0077964068733540337
2025-11-12,-0.018542994787911399,-0.018542994787911594,0.017288946109987213,0.043333333333333224
2025-11-13,0.004848187841842988,0.0048481878418430695,-0.0058114006767052695,-0.01198186394653411
2025-11-14,0.012972142149585569,0.012972142149585421,-0.024186844019536524,-0.040386948337167938
2025-11-17,4.9318010985827825e-05,4.9318010985983585e-05,-0.010622720374856898,-0.0099958368843330314
2025-11-18,-0.0040488972690497877,-0.0040488972690496438,0.0083687637909692913,0.013859380676126465
2025-11-19,-0.0066546893938495486,-0.0066546893938498079,0.0063245536786487033,0.015635179153094647
2025-11-20,0.0084572233059941881,0.0084572233059943148,-0.0060994431185362741,-0.017746418644430273
2025-11-21,0.0079166742220744685,0.007916674222074125,-0.0019741200571290474,-0.013500217675228465
2025-11-24,-0.0048816259861504934,-0.0048816259861502722,0.015398599155215686,0.021849169678595182
2025-11-25,-0.003341759420821959,-0.0033417594208220202,0.0037649412879785515,0.0084215072338587049
2025-11-26,-0.021927749758278946,-0.021927749758278926,0.0047475409836066351,0.036188436830835169
2025-11-28,-0.032055653119146113,-0.03205565311914603,0.015532814702657438,0.057863194874974155
2025-12-01,-0.016174824050449562,-0.01617482405044968,-0.00035988792061891761,0.01992576675131863
2025-12-02,-0.0139517462617933,-0.013951746261793133,-0.0040373389564636319,0.013407393219689645
2025-12-03,-0.0019313274701902848,-0.0019313274701902852,0,0.0022680022680023892
2025-12-04,0.018279267596279385,0.018279267596279354,-0.0026077975729408287,-0.023548934565340462
2025-12-05,-0.018128609759517793,-0.018128609759517678,0.00033653472779526794,0.022394228020980567
2025-12-08,0.0041943441853462861,0.0041943441853462445,-0.0016044718182288698,-0.0062484888781432213
2025-12-09,-0.036952841307346378,-0.036952841307346544,0.0029289787454640503,0.046183235126401989
2025-12-10,-0.018367795283044681,-0.018367795283044434,0.0067712506138062345,0.025441635764729797
2025-12-11,-0.0099368315657413532,-0.009936831565741629,0.0082146065973558446,0.0168320340184267
2025-12-12,0.02530460260964881,0.025304602609649118,0.0070345003182685772,-0.020202125805889537
2025-12-15,-0.024437180479138482,-0.024437180479138634,0.0015352221217619366,0.027198713867538249
2025-12-16,-0.00090145452275581465,-0.0009014545227558578,0.0013884681409674915,0.0019961911357342377
2025-12-17,-0.034801978087130009,-0.034801978087130148,0.004815085587515977,0.03878511212900837
2025-12-18,0.012646840794529079,0.012646840794529227,-0.0019067690300567097,-0.013266799733865575
2025-12-19,-0.027609207270928499,-0.027609207270928401,0.0032175355688504048,0.028953649886046318
2025-12-22,-0.0056690531892688249,-0.0056690531892690729,0.029563267351540912,0.027195281782437908
2025-12-23,-0.035828284564564418,-0.035828284564564182,0.0099812922260400505,0.038912280701754343
2025-12-24,-0.012883227571728152,-0.012883227571728011,-0.0072530120481927307,0.0052226135173889521
2025-12-26,-0.106378913608226,-0.10637891360822632,0.01167504065632663,0.093478924862553381
2025-12-29,0.07573430502082959,0.07573430502082984,-0.043203454894433779,-0.07820561165346851
2025-12-30,-0.034551234824363605,-0.034551234824363827,-0.00024549089151049142,0.026190353537955291
2025-12-31,0.049476188623826717,0.04947618862382705,-0.0062559114751656875,-0.039713568581131065
2026-01-02,-0.020852776381140539,-0.020852776381140962,0.0060305294766012096,0.020548829800646429
2026-01-05,-0.034854212813673527,-0.03485421281367336,0.023357334604480862,0.042234699826896982
2026-01-06,-0.10426275771361988,-0.10426275771361969,0.012380485413091558,0.080992944502826569
2026-01-07,0.086726109754308361,0.086726109754308334,-0.0090810025426807384,-0.055805314562629049
2026-01-08,0.038073655556889616,0.038073655556889616,0.002077223851417509,-0.023932904592698701
2026-01-09,-0.066926022191083817,-0.066926022191083845,0.011315693208145294,0.054991294254207679
2026-01-12,-0.060919043531397689,-0.060919043531398029,0.016711278304275545,0.048961628386741785
2026-01-13,-0.08599332803754367,-0.085993328037543101,0.0053839950666476621,0.051527468205061044
2026-01-14,-0.089170865918248798,-0.089170865918249326,0.0010380051428435788,0.044008728179551149
2026-01-15,0.038381947695764966,0.038381947695765049,-0.0034171517451040412,-0.018267157931195044
2026-01-16,0.005652684660829614,0.0056526846608296565,-0.00092224744608393472,-0.0030790754257907782
2026-01-20,-0.066926451113019911,-0.066926451113019675,0.040853037941726456,0.054341286857709115
2026-01-21,0.094986958693577025,0.094986958693576998,0.002774303581580595,-0.03645833333333337
2026-01-22,-0.080250728518033776,-0.080250728518033637,0.034923010635644181,0.057657657657657513
2026-01-23,-0.17437111941360825,-0.17437111941360861,0.0057409558034051678,0.072458830210107905
2026-01-26,-0.046176838496728607,-0.046176838496729058,0.0084097692760192189,0.018744043206607941
2026-01-27,-0.18692236180053318,-0.18692236180053268,0.027417521875337636,0.068414760914760731
2026-01-28,-0.022925213565578962,-0.022925213565579222,0.067207357022602832,0.040459615786887726
2026-01-29,-0.0046591368458314001,-0.0046591368458309699,-0.020985221674876819,-0.010412380774265984
2026-01-30,1.0913226363780608,1.0913226363780613,-0.095763308845728146,-0.2752476931581409
2026-02-02,0.023766310097852433,0.02376631009785244,-0.021822066908540494,-0.028657852877519541
2026-02-03,-0.015388869525454157,-0.015388869525454671,0.048545279953398079,0.042277852348993283
2026-02-04,-0.07780506199470956,-0.077805061994709129,-0.0016417100694444686,0.044759992633583989
2026-02-05,0.3542603261215328,0.35426032612153241,-0.048959500568967917,-0.21603741372913254
2026-02-06,-0.037560626900819169,-0.037354545339799018,0.043380874017187931,0.10693216266871275
2026-02-09,0,0,0.010427163198247547,0.048579545454545237
2026-02-10,0,0,0.0039890734076226675,0.0002709292874560898
2026-02-11,0,0,0.0041919671777153056,0.013001083423618498
2026-02-12,0,0,-0.026151010673675645,-0.090508021390374283
2026-02-13,0,0,0.0231187069422365,0.029692782595913458
2026-02-17,0,-0,-0.0341642386964498,-0.061527480371163512
2026-02-18,0,0,0.019000715051841199,0.054589291146942553
2026-02-19,0,0,0.0084355357359011673,0.026991707618922778
2026-02-20,0,0,0.023093482940831134,0.079224719101123497
2026-02-23,0,0,0.020616803757784519,0.03297206692278043
2026-02-24,0,0,-0.014056935796247338,-0.0019452115543550086
2026-02-25,0,0,0.0068857722203445881,0.021100732138348954
2026-02-26,0,0,-0.0025173064820641633,-0.0085707292228116572
2026-02-27,0,0,0.022438906414300686,0.063238248192293289
2026-03-02,0,0,0.011316213248172335,-0.037858611303637102
2026-03-03,0,-0,-0.03976396425823514,-0.081213577973152762
2026-03-04,0,0,0.0063108888514691319,0.010368963156749622
2026-03-05,0,-0,-0.017049042306882756,-0.020750941434131143
2026-03-06,0,0,0.018201284796573791,0.025341914722445624
2026-03-09,0,0,-0.0067297581493165337,0.033652412710867052
2026-03-10,0,0,0.010734702519584971,0.012608263308511614
2026-03-11,0,0,-0.012087060351509304,-0.042978510744627885
2026-03-12,0,0,-0.0068490245971162267,-0.0061357702349869037
2026-03-13,0,-0,-0.016347332237333756,-0.042294758964928403
2026-03-16,0,0,-0.00063683843361184156,0.0065820784774675012
2026-03-17,0,0,-0.0015855088831936426,-0.022627060907480567
2026-03-18,0,0,-0.034349235354260488,-0.041815489882809476
2026-03-19,0,0,-0.039423293534579851,-0.044376545904262987
2026-03-20,0,0,-0.0320330675422138,-0.061814859926918486
2026-03-23,0,0,-0.012455992388448855,0.024639727361246422
2026-03-24,0,0,0.024239450441609467,0.045785204859807749
2026-03-25,0,0,-0.0099758072242982498,-0.031639080344878279
2026-03-26,0,-0,-0.022384605650940026,-0.028076321551454564
2026-03-27,0,0,0.021745597349327017,0.016014211969464842
2026-03-30,0,0,0.004288240280973632,0.0025340513145390986
2026-03-31,0,0,0.039915064478255324,0.072195892575039666
2026-04-01,0,0,0.018778208131363439,0.0051569176366581537
2026-04-02,0,0,-0.021573686685944171,-0.035323951920258057
2026-04-06,0,0,-0.0049791758765910243,0.0028308681632938093
2026-04-07,0,0,0.037646206009587235,0.050642079504216175
2026-04-08,0,0,-0.024185497490250008,-0.037335571621619712
2026-04-09,0,0,0.010814584458673782,0.022024003032214301
2026-04-10,0,0,-0.0021018962759881132,0.0089988273233656546
2026-04-13,0,0,0.00050368606621198353,-0.0038338667429858031
2026-04-14,0,0,0.016704805491990937,0.05001166690972747
2026-04-15,0,0,-0.0035336484357415543,-0.001315290565324978
2026-04-16,0,0,-0.0060307636708604173,-0.0092873056800260034
2026-04-17,0,0,0.0086579102849611012,0.028260674258248519
2026-04-20,0,0,-0.0024106157208191314,-0.012644368600682521
2026-04-21,0,-0,-0.017389340560072242,-0.032384913403333382
2026-04-22,0,0,-0.0025281544472535167,0.0021205574036602393
2026-04-23,0,-0,-0.0067785714285714116,-0.026007414801083595
2026-04-24,0,0,0.0035842036143154399,0.0028621162678004186
2026-04-27,0,0,-0.0039863329689500127,0.0037342193467015949
2026-04-28,0,0,-0.020420136901670216,-0.034285764150476905
2026-04-29,0,-0,-0.0080790371493555391,-0.021679216867469986
2026-04-30,0,0,0.014474407050899307,0.035860253538689157
2026-05-01,0,0,-0.0036032302874768884,0.013820775746767655
2026-05-04,0,-0,-0.019375254607991055,-0.035927880386983246
2026-05-05,0,0,0.016265060240963747,0.015524031078471667
2026-05-06,0,0,0.022525192649673897,0.050456655187902211
2026-05-07,0,0,0.0016231884057971158,0.021807297605473286
2026-05-08,0,0,0.0020331056835281025,0.015760915050913704
2026-05-11,0,0,0.011389507430430879,0.08341126532719767
2026-05-12,-0.015186383653998709,-0.015086383653998644,-0.010411919465074249,7.7319032270040111e-05
2026-05-13,-0.0051891277804408716,-0.0051891277804410616,-0.0051015697137580807,0.004942965779467734
2026-05-14,0.020340310865473384,0.020340310865473481,-0.009257755400357337,-0.047294740824820325
2026-05-15,0.032815996197961814,0.032815996197961751,-0.023419203747072626,-0.089752449033624671
2026-05-18,-0.01139602930995361,-0.011396029309953514,0.0083932853717025857,0.035142473614785397
2026-05-19,0.016375728338480749,0.016375728338480791,-0.020214030915576719,-0.056992125209865629
2026-05-20,-0.0042500847292728768,-0.0042500847292730294,0.011893446601941804,0.022943980929678087
2026-05-21,-0.0049782648232123477,-0.0049782648232123321,-0.001775245436496653,0.0095368482376931851
2026-05-22,0.0033184159368129249,0.0033184159368129986,-0.0066320645905422193,-0.014558218446854121
2026-05-26,-0.0091865548032397226,-0.0091865548032398197,0.0032414126753750327,0.024658264244418637
2026-05-27,0.0083092679912097085,0.0083092679912097674,-0.016130587838163679,-0.035433633376196427
2026-05-28,-0.0014944991876030391,-0.0014944991876029985,0.010268594534983411,0.014458598726114547
2026-05-29,0.0064880932070227968,0.0064880932070228081,0.011158303134508163,-0.0030137502354490309
2026-06-01,-0.0032692397066219916,-0.0032692397066220596,-0.013254006333365265,-0.0067326013441771915
2026-06-02,0.00028674330211518167,0.00028674330211529405,-0.0013033799869296425,-0.0020642878207016713
2026-06-03,0.0073228325719974698,0.0073228325719972816,-0.0044771021699985258,-0.02186908983451552
2026-06-04,-0.0031610438814120025,-0.0031610438814118581,0.0010774196703673411,0.0087628531160923728
2026-06-05,0.020194468790846673,0.020194468790846853,-0.030706389115654265,-0.081174004192872129
2026-06-08,0.0027756393729521647,0.002856338807356933,-0.0020304427811799197,0.00066493696136848968
2026-06-09,0,0,-0.02097022683844596,-0.043159609120521192
2026-06-10,0,-0,-0.041888057776631404,-0.042382978723404241
2026-06-11,0,0,0.042748344370860947,0.085389264130821152
2026-06-12,0,0,-0.00010146143187628187,0.0063851041530196273
2026-06-15,0,0,0.022747224373870445,0.029226786257666282
2026-06-16,0,0,0.0032566711267072446,-0.00094861660079059718
2026-06-17,0,0,-0.011801711122294889,-0.022313657224244277
2026-06-18,0,0,-0.020936568969468494,-0.043829718355454794
2026-06-22,0,0,-0.00038492748798413245,-0.0054797349683946006
2026-06-23,0,-0,-0.021205182910964182,-0.051039601011089619
2026-06-24,0,-0,-0.021797495946197398,-0.063858295964125511
2026-06-25,-0.00014739768480562357,-4.7397684805409211e-05,0.001168510013858981,-0.0011477316492271017
2026-06-26,0.0046274253039340491,0.0046274253039339042,0.017860051028717239,0.027047765202378615
2026-06-29,0.0019454829392456083,0.0019454829392457141,-0.017379466666666565,-0.013447889428464643
2026-06-30,0.0014309996002022276,0.0014309996002022437,-0.0026668823258189089,0.00018932222642931151
2026-07-01,0.0018868841016621283,0.0018868841016621318,0.0075602721088434688,0.011167897028203644
2026-07-02,0.0060791206955317367,0.0060791206955317098,0.022608934250553103,0.034069636840134754
2026-07-06,0.0022762360179151013,0.002276236017915185,0.0071041859236762317,0.011223750905141161
2026-07-07,-0.011061714295013838,-0.011061714295013944,-0.013977028373629796,-0.034371643394199847
2026-07-08,-0.0076063738078873183,-0.0076063738078872845,-0.0052126273237412812,-0.019838709677419297
2026-07-09,0.0076727738898129637,0.0076727738898129715,0.011549258120572059,0.026572775813837213
2026-07-10,-0.00075215331653366785,-0.00075215331653362871,-0.001242170362343864,-0.0026697472860333082
2026-07-13,-0.0047367138204736595,-0.0047367138204736691,-0.029108229690394283,-0.037870012691691657
2026-07-14,0.0033439875835938031,0.0033439875835938331,0.013355137639683878,0.019969278033794113
2026-07-15,-0.0090930360108744581,-0.009093036010874446,0.0014244217321139896,-0.016391189759036084
2026-07-16,-0.010283607424354283,-0.010283607424354411,-0.017832587041159309,-0.038264627468693302
2026-07-17,-0.00023031984239013119,-0.0002303198423901671,0.0074106483633678,0.0071641791044776415
2026-07-20,0.0039912799138171005,0.0039912799138171803,-0.0014766558089033266,0.0065204505038529703
2026-07-21,0.013113149273557846,0.013113149273557872,0.017626462528815612,0.044365920691009197
2026-07-22,0.00083318151571515299,0.00083318151571517847,0.01271571298819274,0.014285714285714235
2026-07-23,-0.0081794662878252305,-0.0081794662878252825,-0.020522289633342239,-0.036137879911045223
2026-07-24,0.0046917287379628567,0.0046917287379628471,0.0031509210384574882,0.012470678715631678
2026-07-27,-0.00068965237337746232,-0.00068965237337737623,0.0030873312035222256,0.001735708887057319
2026-07-28,-0.0037386362038143929,-0.0037386362038145057,-0.012549780537415733,-0.019905213270142164
2026-07-29,0.0015559866151932304,0.0015559866151933232,0.0150673165453723,0.018315280464216599
2026-07-30,0.0043546478653278629,0.0043546478653278594,0.0063015673813784367,0.014874570012669341
2026-07-31,-0.0048603275012953978,-0.0048603275012954941,-0.0153105845517022,-0.024705221785513709
2026-08-03,0.003806923660118556,0.0038069236601186011,0.0020482355290314391,0.0095950873152945704
2026-08-04,0.0086099828995566084,0.0086099828995565356,0.00473296401871659,0.021668884242539432
2026-08-05,-0.0013450114433990457,-0.0013450114433989266,0.050318505433327942,0.046883720930232631
2026-08-06,-0.0021375292853658243,-0.0021375292853658893,-0.0061696651546813142,-0.010047982939399347
2026-08-07,0.0065785474257721724,0.0065785474257722149,0.025208019817491767,0.037257246259734478
2026-08-10,0.010872177623465231,0.010872177623465169,0.009929219918465515,0.029421945309795694
2026-08-11,-0.0051792765574023318,-0.0051792765574023595,-0.0070331847449233154,-0.015971755211835803
2026-08-12,-0.00079392936872804047,-0.00079392936872793552,0.009227853152434351,0.0075175123868100879
2026-08-13,0.00060264610605566889,0.00060264610605563495,-0.012108930954381592,-0.010683398338137917
2026-08-14,-0.00028347639156296468,-0.0002834763915629367,0.005125325195117103,0.0044583476174151482
2026-08-17,0.0041172256996803245,0.0041172256996803011,0.010206593233748729,0.017296898810752914
2026-08-18,-0.01447390928663181,-0.014473909286631857,-0.020792786578305522,-0.045689162055031041
2026-08-19,0.012490722099991552,0.01249072209999162,0.04105718670591485,0.063455791879064805
2026-08-20,0.0092173742072558483,0.0092173742072558622,0.0034099504820088722,0.019363636363636472
2026-08-21,0.0042662063656085207,0.0043807643599076728,0.019012042389209949,0.013591367163114265
2026-08-24,0,0,0.014195906439659511,0.0069509212170271173
2026-08-25,0,0,-0.0048939641109299048,-0.014129975438563092
2026-08-26,0,0,-0.0072599531615925583,0.0033067546749001586
2026-08-27,0,0,-0.0064515215852793961,0.0035335689045936647
2026-08-28,0,0,-0.02833852369569001,-0.039126120358514593
2026-08-31,0,0,-0.0024436136158150212,0.0019205335518710509
2026-09-01,0,-0,-0.02873380202336917,-0.036601402809942396
2026-09-02,0,0,0.013947036569987414,0.018825141374067877
2026-09-03,0,0,0.021988408825212025,0.024866192411924226
2026-09-04,0,0,-0.010562221627278712,-0.010545695534977972
2026-09-08,0,-0,-0.018892318727533941,-0.0093535994655085108
2026-09-09,0,0,0.0099285445656260851,0.023436182768504565
2026-09-10,0,0,-0.01789925771455525,-0.055848434925864887
2026-09-11,0,0,0.0067987866531848962,0.015890769499214752
2026-09-14,0,-0,-0.013117339744748602,-0.020966769551035935
2026-09-15,0,0,-0.0011069413183718568,0.0087719298245614308
2026-09-16,0,0,-0.0029289662022768947,-0.0065739130434782078
2026-09-17,0,0,0.017778686012056788,0.034277511291621376
2026-09-18,0,0,0.0076548539303282759,0.015572105619499066
2026-09-21,0,0,-0.0028145159281676158,0.0033333333333334103
2026-09-22,0,0,-0.0007493256069537324,0.01112956810631216
2026-09-23,0.0043694896557434325,0.0044694896557434787,-0.017147427885817135,-0.045999671430918321
2026-09-24,0.0024863163992033016,0.0024863163992034139,-0.0055442522889115331,-0.010676769416221754
2026-09-25,-0.0024999358329991735,-0.0024999358329991419,0.0051915503043322708,0.010443864229764843
2026-09-28,0.0080316800152468604,0.0080316800152469541,-0.03750159012848242,-0.054263565891472854
2026-09-29,0.00077662977172776517,0.00077662977172748306,0.013824641167296647,0.012504553734062007
2026-09-30,0.0057454885706809886,0.0057454885706812496,-0.0066225165562914245,-0.019186313223534479
2026-10-01,-0.00070464167583922832,-0.00061173457419072758,0.006024146981627343,0.012934702861335357
