date,strategy,gld,slv
2012-04-23,0.93442969143599863,0.45533178952455799,-0.70380146580675018
2012-04-24,0.8546522566230188,0.48444170307746404,-0.65627920903477099
2012-04-25,0.68823022885092366,0.50926414524176,-0.58029466172564248
2012-04-26,0.89891690502859234,0.46235825470088376,-0.70759273368573083
2012-04-27,0.92305215623277004,0.45320221419336332,-0.7059429587582744
2012-04-30,0.76260257966539335,0.38964269668785551,-0.70704335227292547
2012-05-01,0.47703803439775794,0.43423485560913189,-0.53496857741078729
2012-05-02,0.26289177469660058,0.42951740650189213,-0.44377647759075534
2012-05-03,0.080661643915996381,0.44992059754526237,-0.35777938644104929
2012-05-04,-0.22575538077858559,0.60508079281824922,-0.090039219205009124
2012-05-07,-0.28016602976003674,0.53420488449283476,-0.15717519163808003
2012-05-08,-0.27685390144557592,0.37422901989996699,-0.37148149978294376
2012-05-09,-0.27381166932125328,0.3110234356036779,-0.42727984629097204
2012-05-10,-0.3054801770755623,0.36384422054945365,-0.24933730921199443
2012-05-11,-0.29560470495633562,0.32513112871031336,-0.19060493814770119
2012-05-14,-0.33644449663306941,0.28701167454668497,-0.32265999698382064
2012-05-15,-0.38082558860081239,0.24569165336828175,-0.26612615852157817
2012-05-16,-0.45484629580767849,0.25731143481208602,-0.32669069808479639
2012-05-17,-0.4126631397507593,0.33270850305204497,-0.33025519745542337
2012-05-18,-0.37438602494402329,0.38411633398627504,-0.28396694481615131
2012-05-21,-0.39636063436518254,0.32871090309975243,-0.28781632925589151
2012-05-22,-0.37162067914526647,0.23949192700017768,-0.32313695976310797
2012-05-23,-0.40621017028644413,0.20145760215574054,-0.45469876706397261
2012-05-24,-0.33156621409809173,0.19530882793732893,-0.49825568966429606
2012-05-25,-0.3415594648299507,0.24554898848514478,-0.45604345242661998
2012-05-29,-0.37666548438245528,0.14832948587314801,-0.53505790225972927
2012-05-30,-0.40169479275454961,0.17758276563960168,-0.57056197257844488
2012-05-31,-0.41966222923401336,0.16029017438211812,-0.4699911783670932
2012-06-01,-0.49466006670388341,0.34803866367048614,-0.37940370611177487
2012-06-04,-0.51626258963641258,0.32079160012071767,-0.39673679325805988
2012-06-05,-0.46495977581958714,0.30761361943981824,-0.39917243379096851
2012-06-06,-0.32892447863209989,0.3114846050712064,-0.35746947312272037
2012-06-07,-0.36392838392680354,0.25029951373797077,-0.41144522311614118
2012-06-08,-0.37788841536214635,0.23427606775879845,-0.45795534485572437
2012-06-11,-0.39107017149594409,0.29316710904725135,-0.3630391250069665
2012-06-12,-0.37024644822482367,0.37083098434686851,-0.24096272559874782
2012-06-13,-0.40930374104921657,0.36233090847019922,-0.30811875676064787
2012-06-14,-0.46073656412463776,0.36680589598002983,-0.3392558727567056
2012-06-15,-0.46529450490528673,0.37402873489870653,-0.32417431514764233
2012-06-18,-0.45798160913259794,0.34697225557412303,-0.34001501428975017
2012-06-19,-0.47235581815318495,0.3218058236010321,-0.36970562117863964
2012-06-20,-0.49866794991004065,0.26475272750321976,-0.4320595270769409
2012-06-21,-0.56489340864749171,0.14091785612781818,-0.53016463604192865
2012-06-22,-0.57963523880129486,0.23997539422804248,-0.45184890633852315
2012-06-25,-0.51893292282688364,0.33790577736541183,-0.32924375548749918
2012-06-26,-0.55182667606559166,0.32044767095626531,-0.31363838714542508
2012-06-27,-0.58712835749736425,0.31078359053777505,-0.35690565623099846
2012-06-28,-0.61509917609373699,0.22802403334592403,-0.47841991307676496
2012-06-29,-0.5732997791910609,0.3868863213878192,-0.36783249619329067
2012-07-02,-0.55638782401686604,0.41740807632819305,-0.30106843882399853
2012-07-03,-0.50226083491215423,0.40269709251596908,-0.35356068352682857
2012-07-05,-0.5481246123888327,0.31186731625239511,-0.44025433722393897
2012-07-06,-0.58325352165111988,0.24677195604008081,-0.52000330328050781
2012-07-09,-0.55275087878365869,0.22321836691407645,-0.51488466172633729
2012-07-10,-0.57370898865458142,0.1271730338752301,-0.50139968655579914
2012-07-11,-0.56827110029445493,0.1169681660086991,-0.50460696509559755
2012-07-12,-0.53830679341413146,0.064594589429075658,-0.6420970362552868
2012-07-13,-0.57204783334090226,0.098752501374176377,-0.64561191475993418
2012-07-16,-0.56579193157182672,0.081497386219933923,-0.69659224987207291
2012-07-17,-0.54548505557387961,0.019841301308107732,-0.7802329157269372
2012-07-18,-0.54057574862856383,0.06278042762167281,-0.6963103342227559
2012-07-19,-0.55103255361416692,0.032705633080849311,-0.77088437023053857
2012-07-20,-0.55011102205357421,0.075943733712401484,-0.71459189484806629
2012-07-23,-0.57522764230281831,0.019209595658137506,-0.79022082602967525
2012-07-24,-0.58910090676718285,-0.0017469918907738068,-0.80470471858817139
2012-07-25,-0.60505580581316076,0.049393688028544033,-0.81222538830810409
2012-07-26,-0.60962726635110498,0.098094217969673228,-0.75084000560761299
2012-07-27,-0.59164490267551262,0.11659122001131605,-0.70133846902103592
2012-07-30,-0.51892343823130105,0.085501422798426915,-0.66962251022871511
2012-07-31,-0.52950813752920434,0.074734260124489915,-0.65580476110440611
2012-08-01,-0.58348037286634835,-0.07402863709790089,-0.81198529456148516
2012-08-02,-0.59022673574338202,-0.10281492927946696,-0.88048462868780675
2012-08-03,-0.52440339901812172,-0.036828882717605371,-0.64596954339125212
2012-08-06,-0.52290898484575521,-0.046350284674104146,-0.61224188824957715
2012-08-07,-0.49529301699598899,-0.20048493407056026,-0.64210965308542656
2012-08-08,-0.51152319809122648,-0.23587864776149392,-0.54035616334913372
2012-08-09,-0.58949805748302175,-0.3894378572110288,-0.69017367417361475
2012-08-10,-0.62519602006585417,-0.28264966223021487,-0.65045495238579443
2012-08-13,-0.70877902447678409,-0.29664798398087039,-0.70460404762897066
2012-08-14,-0.69401344974959589,-0.37352532285245438,-0.73871330623058928
2012-08-15,-0.69541512814493622,-0.41708849189447761,-0.76216142302087675
2012-08-16,-0.68168354520570096,-0.40234838501620868,-0.74318720118211268
2012-08-17,-0.64002875051513408,-0.48865355674823596,-0.7783900545158825
2012-08-20,-0.85358398449621697,-0.53261405711399501,-0.84749451448549573
2012-08-21,-0.84638767377926827,-0.61147559443049992,-0.86869452521048951
2012-08-22,-0.78395863553370093,-0.38694296353308827,-0.69948474378020187
2012-08-23,-0.6923179626347612,-0.18465237301366833,-0.52362859817284924
2012-08-24,-0.85304318050233985,-0.20253932478563813,-0.59260009235341082
2012-08-27,-0.78445720134153973,-0.37021615519140283,-0.62001217043428991
2012-08-28,-0.81919953942436952,-0.26298477814435745,-0.55826494350630296
2012-08-29,-0.7636919125686521,-0.44935671982341319,-0.62024740558083746
2012-08-30,-0.75900835662407062,-0.41306132409341589,-0.65099075533276485
2012-08-31,-0.87207262881557901,-0.29917854815190831,-0.52985885418511791
2012-09-04,-1.0243263108793788,-0.44748109029269889,-0.59181646322134784
2012-09-05,-0.88528923227389544,-0.44333210242527216,-0.52978080186487686
2012-09-06,-1.0386250906468348,-0.26783925506126649,-0.46219989613880597
2012-09-07,-1.049200446899536,-0.29538148070026327,-0.42513102877444436
2012-09-10,-0.96535404839027794,-0.29905910932455904,-0.4088122412006901
2012-09-11,-0.90116464756707504,-0.16668565513377681,-0.31004125351287248
2012-09-12,-0.90929268347157888,-0.22118459583874997,-0.37644403992850417
2012-09-13,-1.0386532490205451,-0.077572778376275339,-0.24118533913504045
2012-09-14,-0.99445627159440464,0.019029830402620639,-0.18818563938903995
2012-09-17,-0.96389899546467228,-0.071523241433501347,-0.27709885362319309
2012-09-18,-1.024100856105328,0.048672135508468099,-0.16956149233913645
2012-09-19,-0.95238536289775677,-0.024739208653110422,-0.19286520870431909
2012-09-20,-0.9905172705759151,0.031969187262688957,-0.17371662144216871
2012-09-21,-0.64536569781425501,0.1849518053967793,0.070306711660870325
2012-09-24,-0.15902106726686532,0.46481028541648417,0.44632814472667331
2012-09-25,-0.16430330776744698,0.53378357356407002,0.44457182583864896
2012-09-26,-0.36478161734712811,0.3980747489402584,0.32565169110356218
2012-09-27,-0.19538625044474922,0.6382995503875869,0.62514787430081153
2012-09-28,-0.32894306457138772,0.57140396139286753,0.50376795019064846
2012-10-01,-0.15565509443794479,0.5719735776788416,0.63109431906905789
2012-10-02,-0.12208509899894721,0.46516554010769984,0.55607487522534826
2012-10-03,-0.16990735091126996,0.59546387558452796,0.59967474042865276
2012-10-04,-0.24478825096467113,0.57024036242261456,0.5783531163280291
2012-10-05,-0.42731856449217381,0.50127076824512073,0.37741031129199204
2012-10-08,-0.22027126531963168,0.52934125544345911,0.43174308621508234
2012-10-09,-0.25883001473415723,0.35196254886292971,0.31246743093774654
2012-10-10,-0.36089791468119858,0.3883591538076997,0.31188638245276062
2012-10-11,-0.35511604135060482,0.36366710929536761,0.2677908522872795
2012-10-12,-0.19407126576743589,0.35508223272123296,0.30813834416885111
2012-10-15,-0.11686110369917449,0.25819979943055971,0.18894656367340376
2012-10-16,-0.10905639148676009,0.32194414918199443,0.24652294795537666
2012-10-17,-0.23120795525535526,0.35364711140808103,0.23579722111589438
2012-10-18,-0.052329600364679714,0.39896084927186481,0.31058138958494991
2012-10-19,0.023903448613160214,0.41287972259607197,0.29876257733620409
2012-10-22,-0.086505048622027403,0.370735493097613,0.24966087688169722
2012-10-23,-0.028513221501029157,0.24225725058755088,0.13591579664017586
2012-10-24,-0.16102452884438956,0.059880738296180465,-0.022900108381723436
2012-10-25,-0.10193198724291927,0.037213977630846301,0.013365101273325521
2012-10-26,-0.31873779307164274,-0.041057333675148584,-0.15218347513382846
2012-10-31,-0.34772220991487246,-0.011709818961908116,-0.14847285964826101
2012-11-01,-0.28589152938684259,0.040407029380352906,-0.074502427629593193
2012-11-02,-0.078321757796374278,-0.082994023847911227,-0.098838079191733708
2012-11-05,-0.18741955663230914,-0.11906493798803293,-0.16879672553460195
2012-11-06,-0.14740311179543167,-0.10095079992711825,-0.11332714069637169
2012-11-07,-0.10246828289591375,-0.064823784196142278,-0.091432153228953983
2012-11-08,-0.099400538771400496,-0.15449024088493557,-0.12015137933469004
2012-11-09,-0.14541215474435923,-0.11187323388437619,-0.095628628781740374
2012-11-12,-0.031783352729799687,-0.075434141439908065,-0.02634084124567914
2012-11-13,-0.079739190060951579,-0.055937111530068515,-0.027173812360357635
2012-11-14,-0.077450106799571178,-0.15234030920141106,-0.061824606236897964
2012-11-15,-0.029032652649385253,-0.16361018120990459,-0.033149166343413347
2012-11-16,-0.087813796834895846,-0.1765592400179638,-0.099528904061023257
2012-11-19,-0.0009140961341680729,-0.042382502575767839,0.072156625643045452
2012-11-20,0.25157366835251654,0.093871095452995074,0.30568428573014478
2012-11-21,0.11671671465584234,0.081339601409607554,0.24134925523955975
2012-11-23,0.063562723217640102,0.30420428226733454,0.38344138467949895
2012-11-26,-0.09208179714679568,0.2314844259032825,0.26457265125297647
2012-11-27,0.089026015226437966,0.22330306936857361,0.36044346363306551
2012-11-28,0.18047147682496437,0.19801826961732977,0.41055659832033986
2012-11-29,0.10016565809473622,0.10221722131875206,0.3441456578263154
2012-11-30,0.16458031192099412,0.051967105813428317,0.28911425868487389
2012-12-03,0.10665076476358046,-0.063843461167537002,0.19894768367705792
2012-12-04,0.11355578817855655,-0.10863150273235535,0.14737643166162986
2012-12-05,0.16877570934167854,-0.12660731001284936,0.16163193961716524
2012-12-06,0.18150582836135962,-0.022675893963417151,0.24021388819293751
2012-12-07,0.029202877829742922,-0.029221157667018608,0.15296265360598418
2012-12-10,0.1594588886065321,-0.050346958389470543,0.20026910166473155
2012-12-11,0.19734573071190628,0.068496127589711922,0.27753315539119938
2012-12-12,0.076669826029803156,0.057335840786628824,0.25633898866315025
2012-12-13,0.050506183988312123,0.17108879289110804,0.25945511406997895
2012-12-14,0.028562463568996017,0.30162718337563099,0.29740956381742079
2012-12-17,0.15178547743102055,0.54926417508469139,0.5201227778810088
2012-12-18,0.090118615121461951,0.47794229720877024,0.43607784847776648
2012-12-19,0.089876691786675331,0.34195043038504525,0.2920594946016542
2012-12-20,0.27932264485235053,0.27732942828610757,0.26957562348580449
2012-12-21,0.17832399786719133,0.21409930644813746,0.16597622890560099
2012-12-24,0.19570921538102834,0.2184002396938132,0.1799406602284678
2012-12-26,0.20655386272531115,0.27156311370696401,0.21925514184523495
2012-12-27,0.28422574646897286,0.27567419661729547,0.25818088139747808
2012-12-28,0.30155995111456857,0.30940480234176376,0.29378278763265353
2012-12-31,0.48852749693327541,0.53945213940037251,0.54803282824978272
2013-01-02,0.36415364273455764,0.61620486336699909,0.5064621330751492
2013-01-03,0.37249775820811171,0.46366458343343558,0.43032903074359002
2013-01-04,0.18082242322748879,0.26575138383949104,0.18379872702668931
2013-01-07,0.37484563444775393,0.18969279801749422,0.23499533709214127
2013-01-08,0.40214345651435596,0.19141469348071788,0.24506276812237751
2013-01-09,0.52206539235060645,0.21314079826603213,0.32326012833549728
2013-01-10,0.47614606559190176,0.3045731987042376,0.34902383474575666
2013-01-11,0.31928735588838481,0.17592606739628178,0.1852369112559335
2013-01-14,0.49486630045347063,0.15250504026863138,0.24638788442752813
2013-01-15,0.53129517943906024,0.16495324445203441,0.264914779897512
2013-01-16,0.61812181420816359,0.21570974451194683,0.34190450671350886
2013-01-17,0.62018253150985858,0.19252502186304543,0.32037274778792985
2013-01-18,0.61968048378746099,0.13594073301490925,0.2773363510358241
2013-01-22,0.57390987141855654,0.17563043216946883,0.30448306388811996
2013-01-23,0.25643188884368656,0.12135392837378925,0.12194230050824663
2013-01-24,0.28903077141590289,0.0023797652153598726,0.031648845480804363
2013-01-25,0.28903077141590283,0.017682564925307297,0.013914871366804839
2013-01-28,0.28903077141590289,-0.18329140517463199,-0.19974774073060636
2013-01-29,0.28903077141590289,-0.18838192378595797,-0.14385336781685881
2013-01-30,0.289030771415903,-0.20712976680136913,-0.12995661775797324
2013-01-31,0.28903077141590289,-0.21079891217137578,-0.13976674614725859
2013-02-01,0.289030771415903,-0.25263470654995679,-0.064527639464006775
2013-02-04,0.28903077141590294,-0.23935955932934624,-0.13694172221615383
2013-02-05,0.28903077141590283,-0.30179030797484885,-0.20025422795005543
2013-02-06,0.28903077141590289,-0.14816275387916356,-0.11369188985473321
2013-02-07,0.28903077141590289,-0.1526000518963653,-0.15793163758156473
2013-02-08,0.28903077141590294,-0.26999047604956644,-0.23370653855838275
2013-02-11,0.289030771415903,-0.30073161375405477,-0.26361903719682056
2013-02-12,0.28903077141590289,-0.27271105893594716,-0.23454911423141522
2013-02-13,0.28903077141590294,-0.27282211809465712,-0.2296994798796464
2013-02-14,0.28903077141590305,-0.31868898465577211,-0.30111350066824066
2013-02-15,0.28903077141590305,-0.41357071911846388,-0.36008554352029104
2013-02-19,0.28903077141590289,-0.47388577583589464,-0.40128156129268372
2013-02-20,0.28903077141590294,-0.63317903932317376,-0.53326264680039681
2013-02-21,0.28903077141590294,-0.55307904480940628,-0.47789260764972524
2013-02-22,0.28903077141590305,-0.69457952320245409,-0.60464011098577353
2013-02-25,0.28903077141590294,-0.71100793254268413,-0.57689273390780149
2013-02-26,0.289030771415903,-0.62794866457797194,-0.64706180872253949
2013-02-27,0.289030771415903,-0.66773492996364836,-0.69927504631417048
2013-02-28,0.28903077141590305,-0.71473975984681559,-0.76404410635049569
2013-03-01,0.289030771415903,-0.81305543303209227,-0.93868606362183271
2013-03-04,0.13265024679384221,-0.48910559268243869,-0.70572738020195735
2013-03-05,0.24148225911790239,-0.59234730570164162,-0.79981625111017007
2013-03-06,0.076242613040139073,-0.5386647073365225,-0.66348454728439166
2013-03-07,-0.081969725502583426,-0.53412217944443163,-0.60246301080130538
2013-03-08,-0.19261509732366761,-0.40508472650265004,-0.45909752413740579
2013-03-11,-0.13716184658233524,-0.43437405805375068,-0.51217549413723185
2013-03-12,-0.11097535855934132,-0.45159012708935803,-0.54378889762973925
2013-03-13,-0.072740937298588174,-0.52746053682910288,-0.6326480810841173
2013-03-14,-0.15964554823538649,-0.46843045793907923,-0.57904275130395899
2013-03-15,-0.10387875223886892,-0.32979896731473418,-0.53049020324060903
2013-03-18,-0.22057007723679783,-0.13618293970671258,-0.37710771612584909
2013-03-19,-0.23533230125803142,-0.17412613011530273,-0.41691513696513849
2013-03-20,-0.23144290975357074,-0.21895132652987057,-0.4440137778209986
2013-03-21,-0.1420291655725989,-0.18943184815355357,-0.43970883775333552
2013-03-22,-0.29003712705300339,-0.1551436996649905,-0.39454775677794302
2013-03-25,-0.27807333232915793,-0.17407129552394388,-0.38873016092144713
2013-03-26,-0.4313855059026252,-0.16919137121224406,-0.30991809232560086
2013-03-27,-0.4191798900746454,-0.23202394727136444,-0.41646272226636133
2013-03-28,-0.4191798900746454,-0.41485844086533619,-0.56620377048059667
2013-04-01,-0.41917989007464568,-0.35105584684153812,-0.57242338115863933
2013-04-02,-0.49193677156163251,-0.37990758667913532,-0.62869163830563879
2013-04-03,-0.47789088378733657,-0.45308516264527837,-0.70059381612089833
2013-04-04,-0.4869804816740983,-0.51566956210409343,-0.72175089200831144
2013-04-05,-0.50198728254796665,-0.42269454566904469,-0.74982163440881489
2013-04-08,-0.48510405049382999,-0.31570159857231755,-0.70715560463788962
2013-04-09,-0.28336188631874065,-0.12828507123388083,-0.4057454383550585
2013-04-10,-0.24505585201016389,-0.31072806648935675,-0.5216207245117318
2013-04-11,-0.25718500367968899,-0.34727744360992485,-0.49933377405959622
2013-04-12,-0.3258205937519742,-0.74759086847877021,-0.74708282226102762
2013-04-15,-0.65546315244042674,-1.1682192491418226,-1.1211476183161866
2013-04-16,-0.53616489458196026,-1.1600832459584658,-1.1163027217672532
2013-04-17,-0.62014851898667811,-1.0895208762412059,-1.0539737955084874
2013-04-18,-0.71944267873600298,-1.0061718834256137,-1.0621031583436511
2013-04-19,-0.79010794762416159,-0.94404892173699029,-1.0929606003749603
2013-04-22,-0.86050036111636552,-0.79317342388793366,-1.0343663998075645
2013-04-23,-0.95043311152169074,-0.84198402581447651,-1.1268030479814364
2013-04-24,-0.95736904716938742,-0.77823507316696994,-1.0779023425160106
2013-04-25,-0.76473178322866775,-0.61131086211272612,-0.78740316331668259
2013-04-26,-0.85361537933917764,-0.65023372833467663,-0.84368977615034291
2013-04-29,-0.73146210810964818,-0.60208151760204387,-0.76074654705577105
2013-04-30,-0.80321001295160799,-0.63597981012741089,-0.81466216001046698
2013-05-01,-0.94444463618986507,-0.71710672383670415,-0.93115975695820408
2013-05-02,-0.8361732734421583,-0.70099347841151904,-0.87268102189141283
2013-05-03,-0.76600502546067128,-0.67324984327696558,-0.82146738331951319
2013-05-06,-0.76484165821051564,-0.64387777313178229,-0.80456232416853002
2013-05-07,-0.6282358186577981,-0.65740001235498258,-0.7570316931438964
2013-05-08,-0.74940995633815022,-0.58542379191502103,-0.76929537215823263
2013-05-09,-0.69182519358186678,-0.6383927120213323,-0.78086748194064115
2013-05-10,-0.59045732863019418,-0.57748261916003285,-0.69558661408877631
2013-05-13,-0.57734780182180634,-0.5692254629392145,-0.68487890716075839
2013-05-14,-0.57355668930206039,-0.60742232409110197,-0.71003432687431223
2013-05-15,-0.67628725597134454,-0.69280795871402501,-0.81556309710749664
2013-05-16,-0.50574551722729766,-0.63266620058885537,-0.69727088132554338
2013-05-17,-0.43715638620744784,-0.69924850623610602,-0.71360188270065161
2013-05-20,-0.24721877695335948,-0.49756255212411804,-0.48672068045057243
2013-05-21,-0.41306236234756855,-0.72646594843633916,-0.72000784887441949
2013-05-22,-0.46281939098925884,-0.83581784795141001,-0.81618463197439539
2013-05-23,-0.45640721367932952,-0.71627451318913016,-0.73583970130215748
2013-05-24,-0.54228858606422026,-0.65911198117048897,-0.73604392105136074
2013-05-28,-0.49273730593083376,-0.65330765477260078,-0.71083990851841927
2013-05-29,-0.64810614983836123,-0.58580270755426433,-0.73409300823855028
2013-05-30,-0.64950557500712913,-0.55280670712118785,-0.71164138822671208
2013-05-31,-0.60658251772208194,-0.60469879390785264,-0.73175550244927168
2013-06-03,-0.53008770569699937,-0.52414138580031588,-0.63811583070842592
2013-06-04,-0.4932568753545819,-0.56620311875126073,-0.65138085363231202
2013-06-05,-0.37290469733272286,-0.79622693573723624,-0.74328527306106262
2013-06-06,-0.34260209519589618,-0.74492644194593305,-0.69611525368701366
2013-06-07,-0.60750651482555929,-0.86978818386011758,-0.89858299818783727
2013-06-10,-0.80564500931692318,-0.84316877528866763,-0.95419437593920908
2013-06-11,-0.78736733615170196,-0.7763373770145735,-0.90779895361209884
2013-06-12,-0.78441127589211634,-0.74046757713267208,-0.88291781056032792
2013-06-13,-0.71930998548964653,-0.78648748621295461,-0.88473262908627448
2013-06-14,-0.69567899920043019,-0.79803689301193836,-0.87739948158399683
2013-06-17,-0.66451424355943378,-0.85133844177117401,-0.9021265065684746
2013-06-18,-0.54484498022883621,-0.94440409835565198,-0.91516974202875379
2013-06-19,-0.54055299745406171,-1.0135305269458001,-0.96211014704758302
2013-06-20,-0.69765747596583372,-1.2694261866562175,-1.2117151334061345
2013-06-21,-0.60853623806870405,-1.1745825837982069,-1.1010523939596695
2013-06-24,-0.63916780652762051,-1.1818817922754887,-1.1270592986746812
2013-06-25,-0.50962521236326186,-1.071966219116425,-1.0015875581379077
2013-06-26,-0.52405334712374585,-1.2962508390830796,-1.1765798887844734
2013-06-27,-0.48518812074053569,-1.4380167905675831,-1.2552250037880488
2013-06-28,-0.22787910735876579,-1.235537604114191,-0.96915250694416444
2013-07-01,-0.29763089261205128,-1.1467059530262078,-0.9543990983218551
2013-07-02,-0.26789254959669245,-1.1329501267408579,-0.93508598231866369
2013-07-03,-0.26626057082624832,-1.2625692774034123,-1.0169322790731303
2013-07-05,-0.41703769148601333,-1.3689405472791956,-1.1626818176960292
2013-07-08,-0.53053227052351892,-1.3883593701043664,-1.2256774860068158
2013-07-09,-0.46179224167845795,-1.2776003269285394,-1.1238026287491401
2013-07-10,-0.44880738986408075,-1.196975656410439,-1.0687745927773744
2013-07-11,-0.34529996814630903,-1.0501170406416682,-0.8957899625217125
2013-07-12,-0.39650085758318648,-0.99132068411404983,-0.88376048736893409
2013-07-15,-0.38488235519682457,-1.0192023292299124,-0.89637327859182359
2013-07-16,-0.46558064886060474,-0.97415644846710991,-0.90055233904438636
2013-07-17,-0.53822489022234887,-1.0952051804515419,-1.0232141031835824
2013-07-18,-0.57062432551145281,-1.0671617837754728,-1.0186921504912694
2013-07-19,-0.61886787732126602,-0.99315263813660903,-0.98680723775642742
2013-07-22,-0.5411314914212394,-0.80908453432161342,-0.81097640401001148
2013-07-23,-0.57426741178810781,-0.7844005198074363,-0.81097640401001148
2013-07-24,-0.54482749044162238,-0.88144479945889187,-0.86806863950180224
2013-07-25,-0.56030349873465646,-0.80977239223902786,-0.82944001617539831
2013-07-26,-0.60348841801296116,-0.82219052745428678,-0.86106850379613209
2013-07-29,-0.61834940155458684,-0.91071226639136271,-0.93179800261638779
2013-07-30,-0.62724701483751277,-0.96283664825426507,-0.97367332893675229
2013-07-31,-0.61069715149404347,-0.99562425698678603,-0.98591501513253643
2013-08-01,-0.72286040548972663,-1.0459981491753796,-1.0659723572891386
2013-08-02,-0.63376244134139381,-1.0253917947367051,-1.0102928706554797
2013-08-05,-0.53475680347755905,-1.0081123063703807,-0.96032661514728401
2013-08-06,-0.47927844076058573,-1.0442394237640358,-0.96293540206989781
2013-08-07,-0.61319463123136841,-1.0863495433263808,-1.0492753683715668
2013-08-08,-0.50756087110272163,-0.99053264648213279,-0.92208416557802531
2013-08-09,-0.50188696409329969,-0.9898630626116347,-0.91439932819305803
2013-08-12,-0.3060838436341865,-0.8990426856350453,-0.75460006328711926
2013-08-13,-0.2300925959939345,-0.97070671901166705,-0.74987492856439386
2013-08-14,-0.21023182201189969,-0.92449617284175989,-0.68472895986528459
2013-08-15,-0.17513346073312072,-0.77306419142250404,-0.47317856923968521
2013-08-16,-0.19812754358221132,-0.70961663403828046,-0.45007943788739752
2013-08-19,-0.21013949866994611,-0.7483288537903533,-0.45127855504703213
2013-08-20,-0.19058438864041183,-0.76220779564637042,-0.52140479251338556
2013-08-21,-0.18414676064349239,-0.78221082731477509,-0.51220019220882307
2013-08-22,-0.18598108747732087,-0.77087864138594198,-0.58081605474197373
2013-08-23,-0.38219422265903008,-0.73975247602380845,-0.49776951138941727
2013-08-26,-0.46402935307243043,-0.77520438340190501,-0.51763608832883035
2013-08-27,-0.4792253882102539,-0.76885922906974136,-0.57724507964608029
2013-08-28,-0.38387767608512741,-0.77291487612708532,-0.61445719291080991
2013-08-29,-0.24013353534272561,-0.78492653245423294,-0.67272618716550425
2013-08-30,-0.12904513974507104,-0.84037574354771494,-0.74864913785974063
2013-09-03,-0.30270620035258478,-0.73678743925561163,-0.61251172979631907
2013-09-04,-0.23426124849560606,-0.79907144302845456,-0.67240413076224204
2013-09-05,-0.088727960434910685,-1.013787349835364,-0.87147571473327767
2013-09-06,-0.037010049632071017,-0.94329560887118724,-0.84452842957760177
2013-09-09,-0.020158685031770134,-0.94714755430451125,-0.853429669448447
2013-09-10,0.19364271990096762,-1.0450900293287286,-0.9910588813706982
2013-09-11,0.22379715543766707,-1.1640954237970724,-1.071349328507504
2013-09-12,0.38162353633028251,-1.2720133752879847,-1.1972592514007536
2013-09-13,0.2600337437167517,-1.2848438058637837,-1.1529038318077058
2013-09-16,0.29185824446818553,-1.3382832610939905,-1.2018856628139563
2013-09-17,0.51961549713332456,-1.4471380285527602,-1.3502523675837712
2013-09-18,0.33174225608247176,-1.2086725910860585,-1.1186236755042482
2013-09-19,0.2553929453543457,-1.1786673604056406,-1.0786705910864012
2013-09-20,0.59362629546291912,-1.3488781778545,-1.3022620099960984
2013-09-23,0.60641326465664602,-1.3652208577712668,-1.321405729913036
2013-09-24,0.59032369317208644,-1.3531430862512102,-1.3056461310626337
2013-09-25,0.57273658815885176,-1.3222115863986279,-1.2828667742243758
2013-09-26,0.42575371586098215,-1.3339654768249212,-1.2421488125431783
2013-09-27,0.42699000468028325,-1.2787311974877984,-1.2128241660910921
2013-09-30,0.50750367481768177,-1.2811358282327634,-1.2400442669393932
2013-10-01,0.53227562167609144,-1.483969105827035,-1.3788586467013029
2013-10-02,0.49703592464618951,-1.366948618158768,-1.2893834019440027
2013-10-03,0.53213139247207397,-1.3740961696098513,-1.3053543839755797
2013-10-04,0.45495747342383214,-1.393070959474044,-1.2901068530575064
2013-10-07,0.2865678154421567,-1.3576821315706522,-1.1971185630452872
2013-10-08,0.34395963098641708,-1.4017626818724205,-1.2426194302067655
2013-10-09,0.3397630966023289,-1.4222823723251556,-1.2609322896940915
2013-10-10,0.19992545905775713,-1.47412805498278,-1.2494258444551563
2013-10-11,0.22571774591522437,-1.5072304557196037,-1.2811666996905944
2013-10-14,0.28986005240330948,-1.4937172567002384,-1.2955915741877877
2013-10-15,0.28417197454406179,-1.4708381307946796,-1.2817792329521525
2013-10-16,0.23229031392400951,-1.4432974201544952,-1.2495069204099616
2013-10-17,0.13673021580979863,-1.228333440394775,-1.0903860953821445
2013-10-18,0.099645480870524772,-1.2808463561802859,-1.1082799642531564
2013-10-21,0.044478890566430285,-1.2793111840384679,-1.0818777794127044
2013-10-22,-0.050101295790019776,-1.1640367555378808,-0.97660103523260555
2013-10-23,-0.13392318771330911,-1.1376014810962849,-0.93303838521348426
2013-10-24,-0.048767214563985063,-1.1090489359404085,-0.94606775690580902
2013-10-25,-0.043457871684749474,-1.0286088854829945,-0.90081310027906292
2013-10-28,0.0085807967844387985,-1.0085291671915471,-0.90810396468497667
2013-10-29,-0.044702843377812614,-1.0715062185288795,-0.94876759612718997
2013-10-30,-0.12563317906503091,-1.0751767286236296,-0.91734816540867858
2013-10-31,0.046878595116771567,-1.1678496551519322,-1.0405201820701135
2013-11-01,-0.005125036383191681,-1.1754320830670582,-1.0385230052511523
2013-11-04,-0.0051250363831916446,-1.085933768055217,-0.95382818096226996
2013-11-05,-0.0051250363831918232,-1.114240580418121,-0.96938644202527191
2013-11-06,-0.0051250363831917096,-1.1850382444688883,-1.0446784421793673
2013-11-07,-0.0051250363831917946,-1.2292365037772117,-1.0516512592187022
2013-11-08,-0.0051250363831915951,-1.3429030137069704,-1.1296678475984649
2013-11-11,-0.0051250363831917955,-1.3538229972544085,-1.1592075545691822
2013-11-12,-0.0051250363831918232,-1.3966238679944669,-1.2285022386004589
2013-11-13,-0.0051250363831917955,-1.3706097214675659,-1.2650098314291485
2013-11-14,0.015387078747295609,-1.3138634048478568,-1.2455446977613907
2013-11-15,-0.0085390278259040615,-1.2822029703005591,-1.2425223576917233
2013-11-18,-0.050388977336289865,-1.3292506079784099,-1.2612570727405532
2013-11-19,-0.078489114502474894,-1.3874440681627231,-1.3591553952088242
2013-11-20,-0.084541424451308911,-1.476076549241514,-1.4359858464446764
2013-11-21,-0.031092171120425834,-1.4881544074369066,-1.4372032747805501
2013-11-22,-0.075031935617747167,-1.5505247407503495,-1.5248888444574038
2013-11-25,-0.053091487998977394,-1.5233419659400431,-1.5053960454706303
2013-11-26,-0.068343270281289017,-1.5282928040147106,-1.5192707776211885
2013-11-27,-0.11445927235616225,-1.4836918256920557,-1.5176912355061969
2013-11-29,-0.081154919123901506,-1.4502959623653671,-1.5205968564399956
2013-12-02,-0.19447071910695843,-1.531469355432413,-1.5664400112718957
2013-12-03,-0.235990197548201,-1.5181156024648312,-1.5887548417126531
2013-12-04,-0.12857849663895049,-1.3848853378315948,-1.427094186351348
2013-12-05,-0.14606078789171484,-1.4391737254137571,-1.4680986716115139
2013-12-06,-0.13388812352111129,-1.4401511361929984,-1.4671908615518539
2013-12-09,-0.063635637334273368,-1.4112625192340549,-1.4150668601531768
2013-12-10,0.0182251542114556,-1.3415959887142541,-1.3335272441757657
2013-12-11,0.036096663797740139,-1.3737160203271612,-1.3288515228525775
2013-12-12,-0.09415751890061512,-1.4705977972110515,-1.4812851242128409
2013-12-13,-0.10835099220421163,-1.3870794165246667,-1.3829858655952947
2013-12-16,-0.019863160762357043,-1.3678911380579026,-1.303835202669116
2013-12-17,0.01487960187438566,-1.4166329237919115,-1.3194377989456827
2013-12-18,0.061370516187517189,-1.392289080493428,-1.2752433238072602
2013-12-19,0.0016745419845931549,-1.4838436665429584,-1.3134695252637139
2013-12-20,-0.018206044096066444,-1.3819913243141142,-1.186550659222587
2013-12-23,0.063511522133409826,-1.414645069487791,-1.1698986080178542
2013-12-24,0.076351225381874874,-1.4013430729478897,-1.1569848994929359
2013-12-26,0.12689069859944813,-1.3797205565322836,-1.1208962021245035
2013-12-27,0.1568422803281623,-1.3754662368602197,-1.1043411534029113
2013-12-30,0.080978040595573869,-1.4235461075984825,-1.1540286003508815
2013-12-31,0.08051167482958313,-1.4377861754298846,-1.2053237277488835
2014-01-02,-0.011837199765411198,-1.3920255468791733,-1.1752684737613213
2014-01-03,0.091969179444490748,-1.2850517185811103,-1.0721730319092058
2014-01-06,0.03802259126170595,-1.2551232112992357,-1.0784813996984626
2014-01-07,0.0044824214072710531,-1.2524014723338242,-1.1167436635649508
2014-01-08,0.0057969885537674359,-1.3131591813876626,-1.1845582467518208
2014-01-09,0.010508030269148115,-1.2975786341167839,-1.1798186626703311
2014-01-10,-0.033053924378114399,-1.2680294574114548,-1.1338252150134185
2014-01-13,0.0031515687651625626,-1.2120788351718093,-1.0553655770086567
2014-01-14,-0.12681780163337289,-1.2683397596658712,-1.1543488479566304
2014-01-15,-0.16376646770167358,-1.3071581960917307,-1.1905735468663994
2014-01-16,-0.18386260433883339,-1.3046650459622395,-1.2074915459369033
2014-01-17,-0.20925223513797359,-1.2794064159968941,-1.2042170394457483
2014-01-21,-0.26042111650778532,-1.3178973725613929,-1.2696811570524489
2014-01-22,-0.25859258875326269,-1.354168151319957,-1.3229517442234626
2014-01-23,-0.25859258875326263,-1.2335793460300868,-1.2920883085981845
2014-01-24,-0.25859258875326274,-1.1652566211977864,-1.2567159264441903
2014-01-27,-0.25859258875326263,-1.1922648316239213,-1.2559545181166629
2014-01-28,-0.25859258875326269,-1.1823629025140165,-1.2268366039860972
2014-01-29,-0.3280828187793034,-1.1428354968730878,-1.2483334024528998
2014-01-30,-0.3726890043641351,-1.2731197773030378,-1.3916276998668464
2014-01-31,-0.41033366376659075,-1.2331903335531536,-1.3522738299495229
2014-02-03,-0.42407060398894503,-1.1919922981449937,-1.3602244300045359
2014-02-04,-0.34205964976345782,-1.220153204106535,-1.3279753942967516
2014-02-05,-0.22637739582241012,-1.2075663930206344,-1.2810938612187146
2014-02-06,-0.18171015079535419,-1.2217269806116451,-1.2699095781864291
2014-02-07,-0.20044676098418276,-1.170423761268502,-1.2199406362402043
2014-02-10,-0.24035896424974623,-1.1342362851669539,-1.2137722023872282
2014-02-11,-0.26728489190743604,-1.0276260626318092,-1.146121301895243
2014-02-12,-0.28004299509998237,-1.0305044680445752,-1.15844293759205
2014-02-13,-0.22019278438081002,-0.9670917069694599,-1.0767238064641877
2014-02-14,0.045122005443302388,-0.88517419883510418,-0.89663652036625863
2014-02-18,0.11644792570252409,-0.80392706453401963,-0.76214381617813531
2014-02-19,0.19258815438851609,-0.83120337621224927,-0.79225924606176246
2014-02-20,0.13848027023708526,-0.67261486392349479,-0.64960504041736988
2014-02-21,0.14806084240410802,-0.70948355643732497,-0.66921288965002346
2014-02-24,0.15623201969619849,-0.66851023917304819,-0.64970327691854868
2014-02-25,0.22608829948009274,-0.70227649334130526,-0.69835247833342795
2014-02-26,0.3710319035225263,-0.79779269898447547,-0.81810901293628158
2014-02-27,0.37462939755999475,-0.746968423956762,-0.77069681128202872
2014-02-28,0.37462939755999486,-0.72172442310697982,-0.73732916053290831
2014-03-03,0.3746293975599948,-0.60607304604617307,-0.70568514644468139
2014-03-04,0.37462939755999475,-0.65733805695161118,-0.73939744749771019
2014-03-05,0.37462939755999475,-0.65226813234506531,-0.75726618627294329
2014-03-06,0.37462939755999464,-0.63194852693301151,-0.75070561402148173
2014-03-07,0.37462939755999486,-0.65334164199435929,-0.8119199223949074
2014-03-10,0.37462939755999464,-0.65252534233139725,-0.83306161923863731
2014-03-11,0.37462939755999475,-0.63491816072933993,-0.829637715518872
2014-03-12,0.37462939755999475,-0.60302543745302684,-0.78322563197762007
2014-03-13,0.37462939755999486,-0.57184889423730989,-0.77194323585206381
2014-03-14,0.37462939755999486,-0.54156583269144021,-0.71845479380597566
2014-03-17,0.37462939755999464,-0.60019151505280632,-0.75971824216881978
2014-03-18,0.37462939755999475,-0.67625815194784789,-0.82191124891417022
2014-03-19,0.37462939755999486,-0.78197866954428297,-0.85207468045598356
2014-03-20,0.37462939755999497,-0.76963451729882537,-0.87925683395889531
2014-03-21,0.37462939755999486,-0.77375780924521664,-0.91958165381334633
2014-03-24,0.37462939755999491,-0.83175013016483712,-0.92135636991971914
2014-03-25,0.37462939755999491,-0.81449702908520838,-0.92951135962968301
2014-03-26,0.37462939755999497,-0.83468961468516412,-0.95047790800625931
2014-03-27,0.37462939755999497,-0.88273426225889562,-0.95146104341939131
2014-03-28,0.3746293975599948,-0.85820706371478039,-0.91025991741085666
2014-03-31,0.37462939755999486,-0.89804629997144358,-0.87705365943888025
2014-04-01,0.42854995259880591,-0.84239977924588494,-0.79517339298805689
2014-04-02,0.41845988082609181,-0.75831734856774202,-0.74549347603916583
2014-04-03,0.42505021440830365,-0.75965423361936657,-0.75417554190857683
2014-04-04,0.43595889257005005,-0.77611573561560487,-0.7852128252876569
2014-04-07,0.42384058137147895,-0.78058397339601548,-0.78197881652546708
2014-04-08,0.28481860885972915,-0.77268363065057366,-0.8497033055438642
2014-04-09,0.25654115856893167,-0.68990224982296622,-0.83004800687040525
2014-04-10,0.26560526046127425,-0.6739535469456962,-0.80690563936129944
2014-04-11,0.31777214465879133,-0.47450048858577981,-0.66833516208913579
2014-04-14,0.62248946811029426,-0.036974195652715577,-0.30581276679547781
2014-04-15,0.52868100448830047,-0.18764290259203509,-0.44927445574647212
2014-04-16,0.60288278359291281,-0.18829412537677115,-0.41614066393989807
2014-04-17,0.69283488691823358,-0.27485448181786726,-0.41028277490950427
2014-04-21,0.75645561401450645,-0.33995463571823625,-0.44658346874130683
2014-04-22,0.82040613425562592,-0.45149837177703328,-0.47207383340579456
2014-04-23,0.90452091536229995,-0.41494778737716709,-0.41243511430605018
2014-04-24,0.91058243748799339,-0.4379167026137073,-0.40746206287922715
2014-04-25,0.76331280055551254,-0.52598214203387061,-0.56842992112789437
2014-04-28,0.8489394780208861,-0.52243764358971745,-0.52959610749629082
2014-04-29,0.78804408228447675,-0.57469681765897607,-0.61045201957459583
2014-04-30,0.84004993271143336,-0.61795786670459518,-0.65178320085583896
2014-05-01,0.94299016148967607,-0.57646607959325835,-0.58814656496443751
2014-05-02,0.93693068152840964,-0.5530764828490804,-0.54851142178179169
2014-05-05,0.86262626638170092,-0.51091974476501112,-0.56115890646058464
2014-05-06,0.90172006759096479,-0.52284368222399125,-0.55249355395864352
2014-05-07,0.83093642571357318,-0.5323318557655331,-0.58150694159720184
2014-05-08,0.94588756187516199,-0.61026198142658772,-0.60771665620431781
2014-05-09,0.92751894209810593,-0.55444860448054389,-0.57832516039961901
2014-05-12,0.83428678623056607,-0.47532778047763968,-0.52489875522170248
2014-05-13,0.81708910972528703,-0.44648493319189947,-0.5049647021704875
2014-05-14,0.86716644300481982,-0.37281980810078047,-0.42583371604441161
2014-05-15,0.95354097214959421,-0.29828221990811782,-0.35378808288194818
2014-05-16,0.86446409979392214,-0.28874093090512754,-0.4065614098614066
2014-05-19,0.87241089981991493,-0.169689477701157,-0.31978799797076751
2014-05-20,0.81664640909968766,-0.33090817059903682,-0.45947691019858034
2014-05-21,0.90814504403264829,-0.25682371270165927,-0.36214531079108042
2014-05-22,0.89064303443841042,-0.20738949615192595,-0.32817121393907112
2014-05-23,0.92224158385592814,-0.32374145896069179,-0.4005925839630215
2014-05-27,0.96322978133947923,-0.40189273317280227,-0.4131641547200855
2014-05-28,0.9741987774217904,-0.41939406347935443,-0.41539976335449208
2014-05-29,0.99198122640676634,-0.48488543410984064,-0.44051229822678289
2014-05-30,1.0105551801790404,-0.5827522856236651,-0.52453052882148399
2014-06-02,1.0293374661908541,-0.50921075054231635,-0.45314663173386377
2014-06-03,1.0001563991857101,-0.60243440098697798,-0.52657600319336006
2014-06-04,0.99591065269015899,-0.56371179295857121,-0.50142909437459726
2014-06-05,1.0094312114674453,-0.53425611657250516,-0.46435456937219949
2014-06-06,1.0180430752803149,-0.57724777870974608,-0.48451596757038634
2014-06-09,1.2027181459359491,-0.45047097166017175,-0.31273851200045155
2014-06-10,1.1418561274107106,-0.44394364709244294,-0.33668031102090973
2014-06-11,1.1872233235068568,-0.41513401963871566,-0.29546884708907112
2014-06-12,1.2094120983980448,-0.40054065835295316,-0.25649169228932084
2014-06-13,1.1729894549362037,-0.36567638875244168,-0.22981801365608623
2014-06-16,1.1168380521316477,-0.41775478208724909,-0.29142002089460423
2014-06-17,1.1569669686544592,-0.3973689003348182,-0.23696181537798536
2014-06-18,1.133047404831063,-0.31383381761866419,-0.18005091181761171
2014-06-19,1.0372326592593986,-0.05928370507878692,0.02709625141568648
2014-06-20,1.1026522025403622,0.21885053762599846,0.33378100956029
2014-06-23,1.0624869088290168,0.16891480441903664,0.25826010606449612
2014-06-24,1.1388011323976732,0.22529858877032952,0.34321339765379272
2014-06-25,1.0797438657897274,0.24668660818729662,0.37457340598900268
2014-06-26,1.0776696023842278,0.48571780149813476,0.59123448888581964
2014-06-27,0.97348585740236726,0.60128529419836541,0.57835178928520303
2014-06-30,0.86655930283689764,0.51073050565443123,0.37878168415708036
2014-07-01,1.0063431553079163,0.39692024262517522,0.37929001506273152
2014-07-02,0.9841941186211931,0.45042235997757818,0.44695680879655453
2014-07-03,0.872597472266879,0.39128747860297675,0.37668636512266329
2014-07-07,1.0506205626196667,0.51956876492114434,0.52352925772298953
2014-07-08,1.0482180413620685,0.45103947817141915,0.48705367535415073
2014-07-09,1.0925399251252306,0.43203458644268716,0.46721816772218661
2014-07-10,1.0756662388573999,0.44832405491881405,0.53326733278147143
2014-07-11,0.92339613751611327,0.30014363796701549,0.33888400010270325
2014-07-14,1.0196443209759019,0.15924765789611664,0.30456581636748231
2014-07-15,1.0148615430790389,0.099655019445226478,0.24678473291421235
2014-07-16,1.0609484091268715,0.086554569785446442,0.24251794785910341
2014-07-17,1.1930127202507188,0.26359947072683954,0.45752085263095882
2014-07-18,1.2743095243634996,0.18459529171798025,0.39138128706114284
2014-07-21,1.2620299211938673,0.14157034411979369,0.3735012783052104
2014-07-22,1.1288593525848725,-0.067063956827571644,0.18990355459978339
2014-07-23,1.1877587203938587,-0.11418920288750248,0.18588583475901366
2014-07-24,1.2935054032541002,-0.071192656390751188,0.14616632386999148
2014-07-25,1.3281926040287684,-0.057378624822043464,0.1992059721701416
2014-07-28,1.4196749257023462,-0.072835055264135432,0.22429198140854265
2014-07-29,1.4538800232415412,-0.076619369287580993,0.25582823477793165
2014-07-30,1.4432193985146098,-0.0780313581862742,0.27902083682973
2014-07-31,1.3812367263054568,-0.14067589523162802,0.21496372490944191
2014-08-01,1.4563115916392748,-0.027246923300164864,0.23848976077596057
2014-08-04,1.4166147339506532,-0.034340703469801975,0.18198480741685868
2014-08-05,1.5589211568174481,-0.0083329782528355368,0.13223260434510925
2014-08-06,1.5724658660277044,0.16464925778124731,0.20816566362451375
2014-08-07,1.5840919705214054,0.18053630828484449,0.19562560961646663
2014-08-08,1.4832510105501628,0.048033596930474688,0.036195108746443556
2014-08-11,1.4269366402176242,0.036790973711727536,0.011471060403986632
2014-08-12,1.2752030248272286,-0.072528446653261122,-0.18125222034982819
2014-08-13,1.2025839264791722,0.0046124888739486284,-0.22730740290120721
2014-08-14,1.2025839264791724,-0.051399089516315943,-0.29098611853605222
2014-08-15,1.2025839264791722,-0.22398382477970727,-0.5634184985859505
2014-08-18,1.1618681165500975,-0.29262111298150489,-0.5979539673468327
2014-08-19,1.2035063612413801,-0.27975847647675284,-0.63574246276239588
2014-08-20,1.1136694175016579,-0.32389027357671252,-0.60295277481218112
2014-08-21,1.1197348966560372,-0.37287759929680853,-0.60020458353014061
2014-08-22,1.1217342711748073,-0.39240026134468409,-0.62532289580859823
2014-08-25,1.3785306648467848,-0.51657171040303262,-0.82526366837041709
2014-08-26,1.4806397501482218,-0.51085451989413433,-0.87752961539502106
2014-08-27,1.4417561252629409,-0.57402377882900157,-0.89476113575547378
2014-08-28,1.3769536991435645,-0.5369767568615833,-0.84711143422490076
2014-08-29,1.2598160531033817,-0.50565483936260536,-0.77712554654000432
2014-09-02,1.1805584457700824,-0.55770534065050792,-0.77157152656176653
2014-09-03,1.428313593360842,-0.61800789511873011,-0.92928081736361978
2014-09-04,1.2655342711232183,-0.57271839302363214,-0.83096830868115701
2014-09-05,1.3162208101883992,-0.42952905587352841,-0.74751852965181986
2014-09-08,1.4471807528591798,-0.59412271621057533,-0.90842101792978536
2014-09-09,1.4063876890626619,-0.57531165495601522,-0.87115660949641605
2014-09-10,1.2619405762957518,-0.50652202423613479,-0.75674469297241787
2014-09-11,1.3446321824456222,-0.5462354181411857,-0.85683095845889634
2014-09-12,1.123254915397885,-0.41597491035695966,-0.64652367107057407
2014-09-15,1.302404031501474,-0.40928377957182932,-0.72019047564713834
2014-09-16,1.1886028793898269,-0.32975392294648603,-0.61159124161406997
2014-09-17,1.1943351677721135,-0.40227074988104311,-0.66217130284551118
2014-09-18,1.4321247433510993,-0.70211907614126734,-1.0099774960457413
2014-09-19,1.3990891823831639,-0.72810330680518009,-1.132060136517981
2014-09-22,1.2441388446768966,-0.55701862118064471,-0.93292326051749519
2014-09-23,1.0815700218835789,-0.48994116585893133,-0.88453111387537486
2014-09-24,1.1303255597029036,-0.5280443464389929,-0.93472710616278676
2014-09-25,0.92160337461698771,-0.57018705275524584,-1.0028295005616492
2014-09-26,1.0586856286243544,-0.53650179959147393,-0.9674637632922608
2014-09-29,0.89574194862347356,-0.60367175266920847,-1.0121344110401165
2014-09-30,0.70065294829672431,-0.60963690463464049,-1.1174376947936793
2014-10-01,0.79966132186688077,-0.38853032747370342,-0.96896515001733219
2014-10-02,0.79565750791609235,-0.53616775398627048,-1.1211329751014962
2014-10-03,0.79848879047528476,-0.66797091656419716,-1.2057105529754808
2014-10-06,1.03214856636397,-0.54190907802700161,-1.0466150476543055
2014-10-07,1.1421237782165583,-0.58488835703234343,-1.237140727818667
2014-10-08,1.1689093618961137,-0.50281362154420739,-1.1646311045869484
2014-10-09,1.0017060637341191,-0.42204283774353868,-1.0854877642998602
2014-10-10,1.0684552729543431,-0.32340377456885594,-1.0281709153610255
2014-10-13,1.0228856756540747,-0.17190760707532507,-0.92816202791776881
2014-10-14,0.95054273359499275,-0.18110143916256469,-0.9382370683356116
2014-10-15,0.88463599891730993,-0.20956945498205939,-0.94399851090494291
2014-10-16,0.81848073207360561,-0.18476385191518024,-0.9413829792370022
2014-10-17,0.7252149503421691,-0.43427616028654997,-1.1141409743959951
2014-10-20,0.82988710273570598,-0.35120525141386882,-1.0814758648495977
2014-10-21,1.0158290913285373,-0.34523068670895385,-1.1321959112762041
2014-10-22,0.8573735591155206,-0.5276635501625333,-1.3493805360068885
2014-10-23,0.95754276154026807,-0.54100369614130595,-1.3091736229045905
2014-10-24,0.9320043950950978,-0.62270137762956423,-1.3380180408499414
2014-10-27,0.78221209638190992,-0.67312995341928072,-1.3258682395719645
2014-10-28,0.80243348417628657,-0.67631576199615018,-1.2966071121750438
2014-10-29,0.96823564228729053,-0.73427968681082445,-1.3324528154665061
2014-10-30,0.79246912450921025,-0.79977475134537557,-1.5315789170587841
2014-10-31,0.60881310103422526,-0.84960015246845788,-1.4694810776460299
2014-11-03,0.72044464719314116,-0.83785150085583515,-1.4712228932843721
2014-11-04,0.62709657025587251,-0.82520903096043463,-1.4561377590992948
2014-11-05,0.37429379143966546,-0.95772017406834631,-1.6586560890204951
2014-11-06,0.47238929450604678,-0.98909743657100491,-1.6259713283009809
2014-11-07,0.35607983416399713,-0.71259587091003362,-1.4856209570571768
2014-11-10,0.47695458270667035,-0.75940488451099297,-1.5097253806224882
2014-11-11,0.45060663408456242,-0.63215128558843459,-1.4223093145093979
2014-11-12,0.4495013193747367,-0.58709307005515243,-1.3174197927455054
2014-11-13,0.39231231810215322,-0.59947321889617888,-1.2840582655436537
2014-11-14,0.52748388780305966,-0.49831437794999589,-1.1080439699459053
2014-11-17,0.51328357303967531,-0.52643672271157327,-1.1356597462163109
2014-11-18,0.50548031165225615,-0.3867286755899817,-1.0425983373295502
2014-11-19,0.62515256616719417,-0.47073237336287271,-1.0495645192797214
2014-11-20,0.59928735263355026,-0.24187561315699674,-0.89999785527631915
2014-11-21,0.60338343105260106,-0.1990272880936679,-0.86455613037118739
2014-11-24,0.68184913501717004,-0.21479437816652386,-0.83993951173234271
2014-11-25,0.75421376520101324,-0.22995833892128381,-0.81261399406546697
2014-11-26,0.72289453459529474,-0.20626452792559632,-0.81079684832401688
2014-11-28,0.37095554749893866,-0.36443991828768951,-1.0374966966223707
2014-12-01,0.50746505641179307,-0.15608387204458785,-0.77489497419567965
2014-12-02,0.75498402175333679,-0.067109980096712152,-0.61194461788848975
2014-12-03,0.68646395667730165,-0.019288723162128318,-0.60788037231323011
2014-12-04,0.62480295354700488,-0.16004033404681942,-0.74740477576967357
2014-12-05,0.67629032280819745,-0.15121195314408784,-0.72024275196247411
2014-12-08,0.60301015312310358,-0.08548994167517282,-0.70776868626871947
2014-12-09,0.66823060604409645,-0.011646983917413025,-0.60992710192624777
2014-12-10,0.6205353168222546,-0.1429372900377836,-0.73058949851134269
2014-12-11,0.59837752572517422,-0.10542268332157594,-0.71630358955109596
2014-12-12,0.7747009327565525,0.02212336480882517,-0.55943707045343161
2014-12-15,0.79217482398856454,-0.21302040580458037,-0.8096132845925007
2014-12-16,0.68597455230857363,-0.19748759285277492,-0.98475452992462553
2014-12-17,0.68581826165794035,-0.17901267424848327,-0.96002532809770591
2014-12-18,0.65060089934438059,-0.068288458178489095,-0.90231727938295203
2014-12-19,0.8471306801584958,0.069997278857887535,-0.72538915365559875
2014-12-22,0.80007874189556527,-0.12744958607619533,-0.87044531258749092
2014-12-23,0.73902626930579818,-0.094428959358020814,-0.87984021249375799
2014-12-24,0.79157165556937326,-0.12374144110070731,-0.8743910672744869
2014-12-26,0.70821993227739477,-0.037072758508558165,-0.85817116522584813
2014-12-29,0.55850115647810994,-0.12667453017774333,-0.98798600525731273
2014-12-30,0.83315319608324845,0.062918088965891669,-0.74459988509805508
2014-12-31,0.62258300207813189,-0.073819060913267051,-0.85238555395035132
2015-01-02,0.61245916123226785,-0.15359216448386265,-0.96893014298228497
2015-01-05,0.71343827143934069,-0.12537677908712971,-0.89219349951340232
2015-01-06,0.80864176799432419,-0.060468876547669533,-0.79350874476469468
2015-01-07,0.87612466259998756,-0.06181180546580279,-0.72311839908580933
2015-01-08,0.78200812081329085,-0.050562907868867024,-0.71278461416469785
2015-01-09,0.75447894762841117,0.0064054964513119549,-0.67766538657268993
2015-01-12,0.70940568108182722,-0.021093129132813082,-0.78313386272507191
2015-01-13,0.96419728002615734,-0.086065285562862415,-0.73044978613567679
2015-01-14,0.84672217654956317,-0.034334365162560589,-0.71586938093702823
2015-01-15,0.84672217654956317,0.14552183762888507,-0.70572175023407335
2015-01-16,0.84672217654956317,0.22400097950875167,-0.46188927501124627
2015-01-20,0.84672217654956305,0.25114775489549657,-0.43831663464482162
2015-01-21,0.84672217654956305,0.32043612267679666,-0.31494768172830401
2015-01-22,0.84672217654956339,0.40129567534981692,-0.22266744909136726
2015-01-23,0.81566688217259908,0.20667780897336885,-0.30026411604025066
2015-01-26,0.91792102760752781,0.11278042872587563,-0.37061155223584386
2015-01-27,0.9169435114340786,0.26102303846279562,-0.25901157847522799
2015-01-28,0.89729391238457101,0.2089929994830049,-0.27478558663962949
2015-01-29,1.2387235291304555,-0.01700876387664816,-0.54693068778183351
2015-01-30,1.3537010500769748,0.27471127109215843,-0.35299047124965538
2015-02-02,1.3962096211876605,0.20192269220493736,-0.36169734130674419
2015-02-03,1.4114036645054493,0.06102178153377126,-0.37800526868597056
2015-02-04,1.3282666218893331,0.10762621442076223,-0.38949940468779259
2015-02-05,1.2123873019925135,0.10269239437274739,-0.47568870333191898
2015-02-06,1.1643158022834392,-0.063559921600330152,-0.63275644820836829
2015-02-09,1.1854986371180178,-0.084371016204888516,-0.57704303474191698
2015-02-10,1.2314639885283118,-0.16223329313936669,-0.61449234908485906
2015-02-11,1.262250986594988,-0.31477062656371668,-0.67794273333243205
2015-02-12,1.2766866640119396,-0.30343452837211676,-0.65524954402936719
2015-02-13,1.2128055880898336,-0.3235954299771171,-0.61907775174283186
2015-02-17,0.95713283547519978,-0.51674978745859601,-0.99459416494203789
2015-02-18,0.87350139971075635,-0.51101113694002998,-1.1188863322302751
2015-02-19,0.78333924081241291,-0.47648571840272652,-1.0372641729814263
2015-02-20,0.85145606135351437,-0.58276526563932329,-1.1591982967512797
2015-02-23,0.83968524950818146,-0.57326361628585232,-1.128081381519439
2015-02-24,0.82963897924559815,-0.65640449181480298,-1.190756973214367
2015-02-25,0.74560770943984678,-0.6424688204045198,-1.0821001497338896
2015-02-26,0.57071771145301564,-0.56687084569287971,-0.96516486873459006
2015-02-27,0.56613852404990428,-0.56639396043411039,-0.96544492660265591
2015-03-02,0.56613852404990439,-0.5638768451343773,-0.99774260825844008
2015-03-03,0.56613852404990439,-0.71904924934522385,-1.0778235720137122
2015-03-04,0.56613852404990439,-0.66018068068952185,-1.0517169658421517
2015-03-05,0.56613852404990439,-0.67731930207927493,-1.0384768743252841
2015-03-06,0.56613852404990439,-0.91104852544058146,-1.192825045612262
2015-03-09,0.56613852404990439,-0.8516346814839193,-1.1055632637243915
2015-03-10,0.56613852404990461,-0.88535006989374188,-1.1132108146893773
2015-03-11,0.56613852404990439,-0.96161039068158172,-1.1698262397860886
2015-03-12,0.56613852404990439,-1.0640973070932989,-1.24403633449004
2015-03-13,0.56613852404990439,-1.0772936516696612,-1.2268836108591445
2015-03-16,0.56613852404990439,-1.126901686755462,-1.2575117401531035
2015-03-17,0.56613852404990439,-1.0924162852721413,-1.2244118637958614
2015-03-18,0.5661385240499045,-0.90557919176608737,-1.0156640435671895
2015-03-19,0.56613852404990439,-0.78985111651016437,-0.94681791092086198
2015-03-20,0.56613852404990417,-0.70097727883875871,-0.72485927539681116
2015-03-23,0.50659010686687833,-0.69041207384996794,-0.64319744295136683
2015-03-24,0.54147636465395677,-0.56113423208389024,-0.5825061252836703
2015-03-25,0.57798435789023883,-0.56396631210059611,-0.59509938742110391
2015-03-26,0.60497031709395033,-0.46877720464588574,-0.53578614022779847
2015-03-27,0.61691805124293719,-0.44990808331126625,-0.55203033297082194
2015-03-30,0.6483929151910981,-0.52207830353085372,-0.62701918127059508
2015-03-31,0.6700129555259855,-0.47762768005114048,-0.6357779668434772
2015-04-01,0.65536974102506695,-0.35111343031357456,-0.55871453690235551
2015-04-02,0.74815785037734284,-0.4190932480307123,-0.6414281710455072
2015-04-06,0.71884358490729539,-0.31679960228907544,-0.54610916097843853
2015-04-07,0.74056366607341262,-0.43783458252134261,-0.59908339922833909
2015-04-08,0.87590723020183214,-0.43948871457653993,-0.67846303020828946
2015-04-09,0.98945510839519524,-0.54749093121534942,-0.77774367715468906
2015-04-10,0.98945510839519524,-0.48365991838589112,-0.6800615913897935
2015-04-13,0.98945510839519535,-0.56612088376723768,-0.75971204904283474
2015-04-14,0.98945510839519502,-0.60136893832760774,-0.76635817235033155
2015-04-15,0.98945510839519524,-0.59189746365529017,-0.73803959205078418
2015-04-16,0.98945510839519502,-0.49728706732788769,-0.68408273791296514
2015-04-17,0.98945510839519513,-0.46701587344720147,-0.68676443107989738
2015-04-20,0.98945510839519502,-0.47551592720633512,-0.75731632108836255
2015-04-21,0.98945510839519513,-0.41060223446099242,-0.70348683007889978
2015-04-22,0.98945510839519502,-0.47291546096875253,-0.76842615280749638
2015-04-23,0.98945510839519513,-0.42357264400711253,-0.73611067090805982
2015-04-24,0.98945510839519513,-0.55602035451369014,-0.8288973373019366
2015-04-27,0.98945510839519535,-0.46639999382777436,-0.65821822542305053
2015-04-28,0.98945510839519513,-0.38140169804039215,-0.58283126922971384
2015-04-29,0.98945510839519513,-0.42551404969200168,-0.5787964428143455
2015-04-30,0.98945510839519524,-0.5035286842328357,-0.61014266394825578
2015-05-01,0.98945510839519535,-0.50388415733699199,-0.57529679732596961
2015-05-04,0.98945510839519524,-0.51155828261756608,-0.59088370472091778
2015-05-05,0.98945510839519524,-0.55406700374744411,-0.59513581456543752
2015-05-06,0.98945510839519513,-0.54523451053999872,-0.59679340019073335
2015-05-07,0.98945510839519502,-0.50710258839743505,-0.59100240056758058
2015-05-08,0.98945510839519524,-0.4755512829448037,-0.52005575788689773
2015-05-11,0.98945510839519502,-0.49668137781782246,-0.56429666800638545
2015-05-12,0.98945510839519513,-0.48495042131892369,-0.58189373097330965
2015-05-13,0.98945510839519502,-0.34970597949146082,-0.43563995597138921
2015-05-14,0.98945510839519502,-0.37778403006884376,-0.41031085797724898
2015-05-15,1.0197502844266093,-0.30600663942614664,-0.33107065827879317
2015-05-18,0.93843220822704032,-0.29269156231477195,-0.26909073311035064
2015-05-19,1.0796051226148118,-0.38434131279321798,-0.3927694110178413
2015-05-20,1.0996447589427329,-0.37948781071594706,-0.39954177534964996
2015-05-21,1.0575021428723783,-0.38554445633006429,-0.39247097605605441
2015-05-22,1.0775189263934497,-0.40495259145376034,-0.42419435945719813
2015-05-26,1.1191464520944423,-0.48815222220732979,-0.48646878088840395
2015-05-27,1.1496258333883449,-0.35652466073927686,-0.43788354947954122
2015-05-28,1.1542702550364632,-0.31508433654191048,-0.41792618674456539
2015-05-29,1.1496204516618767,-0.29680603307417236,-0.41728915416031315
2015-06-01,1.1363531517322079,-0.27542512296854693,-0.36691453488105158
2015-06-02,1.1340661596936852,-0.21058335904753314,-0.33595758084697208
2015-06-03,1.1980112012113386,-0.27308341891595844,-0.41318073965286417
2015-06-04,1.3147353656020799,-0.3046622281082027,-0.49118027453544605
2015-06-05,1.3167691703346278,-0.38732342801169778,-0.55916583645646234
2015-06-08,1.316769170334628,-0.36569435271718526,-0.58168376617651629
2015-06-09,1.316769170334628,-0.35351719327620329,-0.59829877297567602
2015-06-10,1.3167691703346285,-0.33800765345145761,-0.62132792129832892
2015-06-11,1.316769170334628,-0.36825482583003399,-0.61870920066624713
2015-06-12,1.316769170334628,-0.43592335846598151,-0.70614858002768555
2015-06-15,1.3167691703346278,-0.42418708556724743,-0.70075887470284615
2015-06-16,1.316769170334628,-0.41918148604588418,-0.70669020573848929
2015-06-17,1.3167691703346278,-0.381574889354997,-0.69150603141577649
2015-06-18,1.3186414453844086,-0.31804208849764692,-0.71242259683610731
2015-06-19,1.4245026752773058,-0.56660386208310898,-0.92208873632571275
2015-06-22,1.5163990069013018,-0.62633733329405739,-0.92618869203658039
2015-06-23,1.4998288761902918,-0.68728817891355976,-1.0185331747684265
2015-06-24,1.5046338687040068,-0.71135635022184607,-1.0110868553487977
2015-06-25,1.559753961847095,-0.72058700831586842,-1.03907009981309
2015-06-26,1.6056774868315948,-0.70019874404188065,-1.06525805102527
2015-06-29,1.5772055334849642,-0.66656408156462088,-1.0726156898505461
2015-06-30,1.5144285669883273,-0.77998253804941342,-1.0889618829430125
2015-07-01,1.5207391068513356,-0.78525726520212746,-1.1155827054612935
2015-07-02,1.5664473918723443,-0.79810573848932342,-1.1201463910086995
2015-07-06,1.6039175156289149,-0.75284582876520878,-1.1071388520409802
2015-07-07,1.5571487837520037,-0.81952003801699513,-1.2219687552988534
2015-07-08,1.5699592925094756,-0.80241462936587904,-1.2215770172766163
2015-07-09,1.6869278869830244,-0.82675484672610555,-1.1457644684119346
2015-07-10,1.82107628975069,-0.8555523780460117,-1.163506180967341
2015-07-13,1.8242852071303617,-0.89695362359626918,-1.1921487162064619
2015-07-14,1.7695644809989977,-0.7650488995390744,-1.1368948685000608
2015-07-15,1.6266659930877565,-0.73799295005323529,-1.1623915077204352
2015-07-16,1.5906798050866471,-0.78561018767237545,-1.1906168296034156
2015-07-17,1.6308924503956501,-0.96980782901719675,-1.304735380209882
2015-07-20,1.6890521594146628,-1.0846695687638024,-1.3022482329422373
2015-07-21,1.7885713107943062,-1.1161019617082166,-1.2922074902831788
2015-07-22,1.8790223616449502,-1.1202992381495842,-1.2922074902831786
2015-07-23,1.8279742086306381,-1.1431323346578763,-1.3272913618559945
2015-07-24,1.6262864353936961,-1.0121283848137832,-1.2267917240020823
2015-07-27,1.6362252185892949,-1.1219054397800117,-1.3179743524924579
2015-07-28,1.6702461708511702,-1.100780530565995,-1.2759049855612845
2015-07-29,1.7486579819632371,-1.0714921985051287,-1.2310991574940431
2015-07-30,1.8110836629498517,-1.1069931802864443,-1.2481790092184408
2015-07-31,1.7607160724172897,-0.99105924953648838,-1.2109248686861425
2015-08-03,1.6006195272477013,-1.0964884165284614,-1.2570006025477654
2015-08-04,1.5866125621978482,-1.0625234327040474,-1.2175844581781154
2015-08-05,1.4940110308032863,-1.0799362544980824,-1.1384976932704667
2015-08-06,1.4256783898722412,-1.151643638763131,-1.1660875544941844
2015-08-07,1.4771300306597488,-1.1623317434363905,-1.1178213247351829
2015-08-10,1.6314653917109201,-1.0923610648116375,-0.99052076535801969
2015-08-11,1.6111244676095866,-1.0458944589575692,-0.9708432091700977
2015-08-12,1.6111244676095866,-0.9505660513483728,-0.90765743901442753
2015-08-13,1.6111244676095866,-1.0145586144984087,-0.91017073592275566
2015-08-14,1.6111244676095866,-1.0209307438468114,-0.96581035538530569
2015-08-17,1.6111244676095866,-0.96117907605093966,-0.89406731233702785
2015-08-18,1.6111244676095866,-0.93546795489388856,-1.0027325056486405
2015-08-19,1.6111244676095866,-0.82908244344799376,-0.86456958574472242
2015-08-20,1.6111244676095866,-0.68663272710678747,-0.81012404948036876
2015-08-21,1.6111244676095866,-0.5768064564777472,-0.84859986041136781
2015-08-24,1.6111244676095866,-0.62808799263399639,-0.9709331849540187
2015-08-25,1.5893249506895297,-0.68297942720940552,-0.99044049906009879
2015-08-26,1.4213100654825168,-0.80121798471039207,-1.1099773341407637
2015-08-27,1.5522097853637109,-0.79602835791147475,-1.0444750275833483
2015-08-28,1.5493411565466106,-0.77260412101492693,-1.0268084729153768
2015-08-31,1.5824967505041658,-0.7581595714969902,-1.0007572461003498
2015-09-01,1.5181933786159323,-0.6242387703522202,-0.95391679392438999
2015-09-02,1.607182759650301,-0.68535916300746724,-0.93551380752114122
2015-09-03,1.6659678393336492,-0.69607500285625501,-0.9124534329383811
2015-09-04,1.6312038373714337,-0.74842989348533895,-0.96148919080836415
2015-09-08,1.7396415373328384,-0.67743668055310702,-0.87059213839294491
2015-09-09,1.732626695990944,-0.76661605245355635,-0.93253379232241562
2015-09-10,1.749352281912099,-0.71880161274386001,-0.9008295835229424
2015-09-11,1.7421698909804508,-0.69010838949696773,-0.85365202864296985
2015-09-14,1.6319989438723579,-0.62819805652614591,-0.88240946761768391
2015-09-15,1.6446835777930111,-0.66207164267140883,-0.89460483069141017
2015-09-16,1.784904156936413,-0.5836269903934429,-0.76763626703939269
2015-09-17,1.8187837148457993,-0.44689038428075328,-0.67412633554722845
2015-09-18,1.8688806651683985,-0.41185296502638752,-0.66069522493693145
2015-09-21,1.8688806651683985,-0.41419813826757179,-0.5338102430207553
2015-09-22,1.8100978639008298,-0.44468126913371137,-0.6003195187981154
2015-09-23,1.8731681739413761,-0.46064349712105335,-0.60351940592688891
2015-09-24,1.8732710052379131,-0.29208344258923502,-0.49875882894139606
2015-09-25,1.9903334902144856,-0.34997369372224407,-0.47077987197401938
2015-09-28,1.9332862279288419,-0.41181673995394907,-0.60551377722358279
2015-09-29,1.9959525984309354,-0.43597546523132069,-0.57027251239956456
2015-09-30,2.1840962753702953,-0.45693888539573385,-0.50178846371549568
2015-10-01,2.1590032051520915,-0.49569359464098972,-0.52427712782253133
2015-10-02,2.1949701069790071,-0.35558794429245061,-0.32294845746888712
2015-10-05,2.1849919125465935,-0.25463965778989656,-0.16742369827776021
2015-10-06,2.0611927758651074,-0.27001045379579869,-0.23546373432394138
2015-10-07,2.1583828684276534,-0.29745519091930528,-0.15242829548818582
2015-10-08,2.0772668549150684,-0.39133920154097013,-0.27237725268100965
2015-10-09,2.1840745236535879,-0.29786968927934537,-0.22582715440240028
2015-10-12,2.1987727538648079,-0.26988359795707068,-0.22787958860160215
2015-10-13,2.2496194806828704,-0.28894602382376972,-0.24088636123677465
2015-10-14,2.2866865076919458,-0.18085294751200168,-0.16433848317354888
2015-10-15,2.2768008280045602,-0.23094781007196852,-0.17847640909209425
2015-10-16,2.3184958337736141,-0.28746358740228628,-0.19636449608551379
2015-10-19,2.409159289439589,-0.30156675523441873,-0.21783736542452842
2015-10-20,2.4019455845724251,-0.30456274191006366,-0.23208470820502333
2015-10-21,2.4130738711517856,-0.37154410410672606,-0.2995151778873929
2015-10-22,2.4892460599945907,-0.33832689127653581,-0.19132833068949409
2015-10-23,2.3886130404286847,-0.30601579595748851,-0.19802039075339514
2015-10-26,2.3756196369177141,-0.30093872584451437,-0.20051990386926838
2015-10-27,2.4052915703647613,-0.27133954383850428,-0.17721627596645062
2015-10-28,2.1942308631343606,-0.32388713449079698,-0.1607857342075146
2015-10-29,2.2472220000302401,-0.29468372492248252,-0.22874352245169152
2015-10-30,2.5159344290099948,-0.2531705936194017,-0.1212945599642655
2015-11-02,2.4802902945505023,-0.15674667662161479,-0.065239160738165283
2015-11-03,2.4002902686826704,-0.22155842417560959,-0.096450960543947806
2015-11-04,2.5142659170886938,-0.28501428299269954,-0.11902136510123879
2015-11-05,2.7781558595438547,-0.1689807371096004,0.033447555186917735
2015-11-06,2.709021873811968,-0.26641264920313223,-0.067895990560531985
2015-11-09,2.9348026554622266,-0.43438694937485883,-0.1929322370633349
2015-11-10,2.9009671538345185,-0.30719105723088536,-0.18312472567135349
2015-11-11,2.9453361270064935,-0.42466896660541792,-0.26611865980936278
2015-11-12,2.9462907849150759,-0.39188829534291147,-0.24571745115931573
2015-11-13,2.9984942019567571,-0.42025646151887552,-0.24446119642086758
2015-11-16,2.8809872690379041,-0.58383941100588632,-0.41814917894263703
2015-11-17,2.9231692836371734,-0.64527080245677493,-0.40011138233423404
2015-11-18,2.9827495199278293,-0.69899672665451174,-0.42148332366894414
2015-11-19,2.9152908845701266,-0.5462434660725668,-0.37467871460285757
2015-11-20,2.9463658015202361,-0.6470247730618528,-0.43961970075701362
2015-11-23,2.8862593392783316,-0.73103176535405923,-0.50248916874658478
2015-11-24,2.8688614638634671,-0.66980155145939602,-0.48239638603161239
2015-11-25,2.786956080265536,-0.71633739512347905,-0.5299496135984938
2015-11-27,2.834977206516478,-0.78010720102580189,-0.52043752437415214
2015-11-30,3.3855994234456528,-0.56819745109300079,-0.27794418930507453
2015-12-01,3.2489423379270592,-0.84458376023591619,-0.5360014348947133
2015-12-02,3.1534727043193769,-0.86510925411778616,-0.57117867804519318
2015-12-03,3.3007094502139744,-0.86293852257834713,-0.5372373086311838
2015-12-04,3.239141808787291,-0.67261903602956197,-0.41624499745794313
2015-12-07,3.2079964165566368,-0.67564392941818274,-0.44828601284788872
2015-12-08,3.2761545050995369,-0.74818940393960998,-0.5085726013594869
2015-12-09,3.1487369636872327,-0.91571458584591348,-0.68581696405182913
2015-12-10,3.0985608719121767,-0.90827530280063462,-0.71133190977876615
2015-12-11,3.099100317304635,-0.85336309840145985,-0.74740144557640764
2015-12-14,3.0922453042469287,-0.92290635554925171,-0.81362286039319975
2015-12-15,3.1102009262864518,-0.77419636053813679,-0.59667274656817104
2015-12-16,3.2430562780870908,-0.72076292787151641,-0.36249743004397589
2015-12-17,3.0895502989766279,-0.82468774704480385,-0.49464495775703149
2015-12-18,3.1666309718959282,-0.76806543366111235,-0.42056015848124384
2015-12-21,3.0729672057126627,-0.66761719397052977,-0.40876295769060322
2015-12-22,3.2076407860753027,-0.57454500209691828,-0.30051982348280359
2015-12-23,3.2411673034372477,-0.60672436824666498,-0.30534292906623917
2015-12-24,3.1895880691622991,-0.5572819557130545,-0.29756851129218237
2015-12-28,2.8833437733107954,-0.74289252120064697,-0.49301836699972501
2015-12-29,2.9383838522338541,-0.67830176305049361,-0.43403289886960433
2015-12-30,2.831311004527969,-0.82977096781449222,-0.59060784435821778
2015-12-31,3.0840461321282922,-0.73098859393501525,-0.45866515172510008
2016-01-04,2.914991590103742,-0.65905651635412521,-0.473097813444597
2016-01-05,2.8794334551682779,-0.7500157987517031,-0.5485499979293319
2016-01-06,2.6552893918028966,-0.72689873800672034,-0.62762755936320491
2016-01-07,2.6385570816896613,-0.58215832765902609,-0.54597844182679456
2016-01-08,2.490030490553405,-0.58368046586063849,-0.58856337343958198
2016-01-11,2.5519505198063102,-0.7280845063731346,-0.65106205528995764
2016-01-12,2.6170987584079022,-0.84466305440089284,-0.69528187331577107
2016-01-13,2.5761219997573974,-0.78561944769961389,-0.70545302418229017
2016-01-14,2.6566018845887811,-0.88381350553273808,-0.75672183135992921
2016-01-15,2.5792312567738853,-1.0023742085952503,-0.74555238771590249
2016-01-19,2.6733930141930715,-1.1078533139418245,-0.94279771804935597
2016-01-20,2.622320507144722,-1.1106028043477982,-0.96420730040677227
2016-01-21,2.5924099177625011,-1.1040940757723974,-1.0213498232765739
2016-01-22,2.5784607209812935,-1.1970662115270323,-1.1113607726261472
2016-01-25,2.6623226333328764,-1.063910342103265,-1.0171240471402641
2016-01-26,2.6191282968628835,-0.90912626561668686,-0.8428627512382818
2016-01-27,2.5670732117053716,-0.96771669158753348,-0.89942083475203505
2016-01-28,2.5091697589782185,-0.98660611235537587,-0.94879553276164386
2016-01-29,2.2656171499465345,-0.81316545932489692,-0.70981584998216507
2016-02-01,2.1297299286972882,-0.90997260239385003,-0.7702789354893117
2016-02-02,2.079537754959246,-0.84741126561242797,-0.76766123425941446
2016-02-03,2.2103313817240764,-0.68606221646572096,-0.67413867986553944
2016-02-04,2.2510229417308154,-0.62717999964609417,-0.62247329812268037
2016-02-05,2.2012162289631321,-0.52031659819160558,-0.55303220643771511
2016-02-08,2.2460868438602328,-0.23734256517812735,-0.32469624906285971
2016-02-09,2.2036447999896458,-0.28657325627774516,-0.43457458621078671
2016-02-10,2.1371066688425984,-0.18601269523027247,-0.38528990202667529
2016-02-11,1.9479875336462138,0.18957911087320878,-0.22523294752841214
2016-02-12,2.045916763151018,0.13146939013800948,-0.23295021520137896
2016-02-16,2.0312826935187092,-0.11928367344542033,-0.48825421855980744
2016-02-17,1.9773423692757526,0.039472883284202814,-0.28845660746791041
2016-02-18,1.846000751496625,0.18657643356734538,-0.19412026531294177
2016-02-19,1.8217940634773686,0.1688599262953277,-0.21699123804635853
2016-02-22,1.8690435716623506,0.085313654262314048,-0.23599929510020631
2016-02-23,1.7676999891250005,0.17770373265008574,-0.22745150638040382
2016-02-24,1.7066470359190715,0.21023888855003015,-0.21311724214611244
2016-02-25,1.5706555273310538,0.20225577554446361,-0.32951169506719702
2016-02-26,1.3003930367452392,0.13381845683951846,-0.45467713085859029
2016-02-29,1.2863413222166651,0.21630636953981899,-0.40349159867896867
2016-03-01,1.3499238109803846,0.19452059118883758,-0.3529336435904063
2016-03-02,1.3192787198147373,0.25859629096983122,-0.30331980759487587
2016-03-03,1.3077123853613988,0.39351974223953257,-0.19523839896026376
2016-03-04,1.4989594537237028,0.38936361224250948,-0.12428620254140106
2016-03-07,1.5460556076855478,0.61589936187211569,0.019501335784975066
2016-03-08,1.3671025452369705,0.57738733159579414,-0.039535921949958544
2016-03-09,1.3965276324062941,0.55376603133674762,-0.043463531335515546
2016-03-10,1.4285682992366335,0.70050792355088509,0.10264724444313064
2016-03-11,1.5461782032783129,0.58180842704729474,0.047159031910046861
2016-03-14,1.5891133121855014,0.48353003387282584,0.0098139212744675838
2016-03-15,1.5488375149133813,0.4928743650062743,-0.030296717152016806
2016-03-16,1.541977942046945,0.67163091558567711,0.10027065148644557
2016-03-17,1.7480109186292851,0.52051987138617517,0.048893507571725267
2016-03-18,1.7454997576299429,0.50683171294924412,-0.014108205406368963
2016-03-21,1.7454997576299429,0.38448503661405958,-0.17311130807247713
2016-03-22,1.8066722068990202,0.36200222543834892,-0.24242093826033378
2016-03-23,1.7726852366051449,0.19191371867405888,-0.41713546446371463
2016-03-24,1.7370999620498513,0.16676485024477666,-0.43100843642657088
2016-03-28,1.7106167337722127,0.13897866167248424,-0.43844107569840068
2016-03-29,1.6987899873972532,0.28372326621340038,-0.37143830335196187
2016-03-30,1.667945638866577,0.2662920476447756,-0.33882942831979018
2016-03-31,1.6466354075944671,0.3016435707905612,-0.26405486610378687
2016-04-01,1.661327472073673,0.15081718991215851,-0.45508250872527678
2016-04-04,1.5726317934594367,0.12496244893759022,-0.44092240111459885
2016-04-05,1.6024214241200094,0.12998042726537579,-0.44145239209083048
2016-04-06,1.5807973837156235,0.12237386239543672,-0.43321382574852807
2016-04-07,1.4510303244268017,0.25186114195247566,-0.29358857161045204
2016-04-08,1.3379223002838878,0.28767627766738085,-0.16285146053367011
2016-04-11,1.337922300283888,0.30160980648827918,-0.07571638595662622
2016-04-12,1.3379223002838876,0.35009171442791676,0.054207271931982749
2016-04-13,1.3379223002838878,0.31943229971529385,0.089228294068135816
2016-04-14,1.3379223002838878,0.17051728205693342,0.024751934638363105
2016-04-15,1.3468202331268013,0.2382708524642615,0.077627103163280836
2016-04-18,1.3569539155053831,0.19598076282807972,0.068801265742524792
2016-04-19,1.0313102747307781,0.3466611983709495,0.3471853349555849
2016-04-20,0.9689711257460607,0.2759540239567092,0.34397751655156256
2016-04-21,0.9623233733510006,0.38957954252154853,0.4251499170123863
2016-04-22,0.88675456251601958,0.25743850823701386,0.3736193290012958
2016-04-25,0.88955673763539234,0.36940114984794553,0.4291467293884329
2016-04-26,0.8536727987654007,0.26553015623959469,0.28867787828683755
2016-04-27,0.82582455584988046,0.2274977389373932,0.2532756831371264
2016-04-28,0.76706058507295261,0.39658685355426521,0.37658015925640109
2016-04-29,0.82621787799484681,0.63995283034711381,0.54433628520511135
2016-05-02,0.98492928515946077,0.64076148909829267,0.43976088220855497
2016-05-03,1.0044146152657036,0.56744498288976097,0.35420720397974037
2016-05-04,0.99345507399278288,0.50850082191923174,0.30065148751651605
2016-05-05,0.97051299518583167,0.50440329920855309,0.31763445605751717
2016-05-06,0.98560669338351981,0.61812291506393591,0.39973043127052793
2016-05-09,1.0849274018917694,0.447302335132156,0.21226537010580471
2016-05-10,1.0142916227528596,0.49037393816366581,0.31126272280399125
2016-05-11,0.93523903865314373,0.49593877207841974,0.3191053680742918
2016-05-12,1.0525292326764326,0.32989195764685281,0.073806253716868483
2016-05-13,1.0595527975286676,0.32428096421494212,0.0074839276993223444
2016-05-16,1.0143523814829434,0.30961656767619888,-0.0086456658928746651
2016-05-17,1.0714463329488719,0.33267915455227681,-0.021579600245599562
2016-05-18,1.0089987201257555,0.30919350205916463,0.0021212065632432693
2016-05-19,1.1470321036352689,0.28596307814402144,-0.088772658664328027
2016-05-20,1.1638812930328142,0.29925406328164816,-0.088524694962594977
2016-05-23,1.1756600940027691,0.28573200459057924,-0.1035805278563604
2016-05-24,1.0759009443621974,0.26745259467545418,-0.064356014219391466
2016-05-25,0.97468557775466258,0.25076857749984788,-0.023688784967127754
2016-05-26,0.92214725745165504,0.22098563442731803,-0.017730936755943255
2016-05-27,0.93455510761854599,0.16251247190971752,-0.064404916049507002
2016-05-31,1.0829354603291015,0.19292525575228156,-0.12612642167205271
2016-06-01,1.0874849779348428,0.15999890357696325,-0.15199346371419761
2016-06-02,0.97735188690794272,0.19165342834667473,-0.069368620884977
2016-06-03,0.88073953621486156,0.41210106312822253,0.14758174556472098
2016-06-06,0.84161811941266085,0.44867317238940474,0.19439534195853625
2016-06-07,0.8788508229890174,0.4244445548574467,0.19186903567851804
2016-06-08,0.65040649111962212,0.5031579842506394,0.37264443321945195
2016-06-09,0.5519093233919603,0.48467103021790492,0.43456310142536714
2016-06-10,0.57646765580786541,0.53989800505718233,0.43706674134359785
2016-06-13,0.5920696089172649,0.58832387106416351,0.48474429413698311
2016-06-14,0.62352545924660763,0.56704923122834461,0.43042530423048658
2016-06-15,0.60646335497999104,0.63708793984836554,0.4939229670190658
2016-06-16,0.71805196781905534,0.53889301384872379,0.35272501865754208
2016-06-17,0.6712801300435407,0.53838740806192553,0.42757927658891004
2016-06-20,0.58852223058800768,0.51099312780454265,0.45239728841489973
2016-06-21,0.56578464512001236,0.46833315160547356,0.35952246523375697
2016-06-22,0.54801018073692054,0.51387951586663416,0.47260676701183729
2016-06-23,0.4502592212700266,0.48886657655605187,0.47684358842491714
2016-06-24,0.6432348959655122,0.77299935442993661,0.58718398954299178
2016-06-27,0.69973087566330938,0.79844043487677741,0.59952629951253922
2016-06-28,0.57974812141535859,0.70445625695418446,0.63358722576350368
2016-06-29,0.36394120349465242,0.76745930044412947,0.74864901368959869
2016-06-30,0.14101793111592176,0.81871631036025982,0.90686620452012934
2016-07-01,-0.1709358265911827,0.91989366425993035,1.0812695191147164
2016-07-05,-0.22174770711543673,0.95254480602364278,1.123116248407557
2016-07-06,-0.23201605452452614,1.0601769449991676,1.3270571964044313
2016-07-07,-0.063109736437484687,1.0192000523092923,1.2245196410582737
2016-07-08,-0.39239409138271253,1.040336017101479,1.2490814141176063
2016-07-11,-0.55946690396507748,0.97462932456970552,1.2325108246588754
2016-07-12,-0.59209190971221881,0.89757655584119955,1.2047757967445096
2016-07-13,-0.62190410808399232,0.96508261708112264,1.3053754481798925
2016-07-14,-0.52965891670141174,0.94965029766738462,1.3538312001141513
2016-07-15,-0.46221820116953971,0.94831873630010788,1.3390300175066472
2016-07-18,-0.47109445387104282,1.0203563603583825,1.3805972971116751
2016-07-19,-0.46938752340581319,1.2081870979647904,1.3954778847144811
2016-07-20,-0.40157376577383114,1.1357195205484985,1.2458539562120614
2016-07-21,-0.53708666910866842,1.2567984388742304,1.3455530024972056
2016-07-22,-0.45761936440152362,1.2379030357847454,1.3400141399692418
2016-07-25,-0.39727415291869028,1.1373372753127475,1.3035878372753105
2016-07-26,-0.4045215444034494,1.1912806123583601,1.3618532764684297
2016-07-27,-0.64544396013554517,1.2739026350486811,1.4754547791635997
2016-07-28,-0.64284436376025522,1.2476377034205144,1.401519326301597
2016-07-29,-0.65355332184511161,1.3611856789645711,1.4498251975549961
2016-08-01,-0.63280175900427571,1.3350210084761625,1.4701025010438415
2016-08-02,-0.60133526485696054,1.4321164684205223,1.5723347269518291
2016-08-03,-0.54326797934570215,1.3905607643414499,1.5079293524372939
2016-08-04,-0.55220135313381469,1.423191260359205,1.4922796946790975
2016-08-05,-0.37617956868260233,1.2812492329608707,1.3276541857697099
2016-08-08,-0.43709152022150138,1.2612001424002952,1.2992917202852141
2016-08-09,-0.6053341313917262,1.2261818397060997,1.2101680093164158
2016-08-10,-0.68752599077616705,1.2237497353341964,1.2438541927080613
2016-08-11,-0.64720187601088164,1.1006669052429383,1.1487590417839535
2016-08-12,-0.54711687850242363,1.1390328169233805,1.125732642197963
2016-08-15,-0.57154373075173592,1.1602046537294679,1.1969288677631305
2016-08-16,-0.52733524911619989,1.1737702265791052,1.1719025516058346
2016-08-17,-0.45872542077088108,1.1763070288670863,1.2666003342110459
2016-08-18,-0.46334929173510353,1.1270429311046475,1.1889886599763038
2016-08-19,-0.33472743994166726,0.97239867186664519,1.0300212475577015
2016-08-22,-0.16997090912951168,0.92614327761171356,0.98845851854053035
2016-08-23,-0.18611705404343915,0.95845909794929884,1.1285941637745167
2016-08-24,-0.17041246940323834,0.96676602819910329,1.0951166498864773
2016-08-25,-0.05913220546604727,1.0480143019952415,1.2391181267272029
2016-08-26,-0.17048685998510765,1.0358817176399919,1.1880865795738793
2016-08-29,-0.16831221295456542,0.99448636118243938,1.194087084563235
2016-08-30,-0.19425163730961212,0.92466227720178362,1.1156377147386076
2016-08-31,-0.14765436503246465,0.89136109077438297,1.143227783587919
2016-09-01,-0.2217078838356443,0.94880420736100102,1.1706493678316834
2016-09-02,-0.2695207504318563,1.0538530378921018,1.2814445706386106
2016-09-06,-0.24356320511440008,1.1708414128532347,1.4400315983504364
2016-09-07,-0.33804813226975816,1.1481410022160312,1.3190175166052995
2016-09-08,-0.33262937639722551,1.197509024361215,1.3412381042581785
2016-09-09,-0.34585935486972663,1.1422911778911926,1.1990735843838047
2016-09-12,-0.34031181285822115,1.1472480898952657,1.225019117353827
2016-09-13,-0.26181357436305375,1.1025781942879485,1.2172406244641889
2016-09-14,-0.27189818808674648,1.1416012984428141,1.2442128700662658
2016-09-15,-0.40351709801377439,1.0243352772068799,1.1220411840758402
2016-09-16,-0.43167444359500451,0.94870827685593384,1.0210563825961947
2016-09-19,-0.47422791943696385,0.91729318762877976,1.083683465713881
2016-09-20,-0.4742279194369638,0.96174241488139034,1.0939783385859276
2016-09-21,-0.47422791943696385,1.0890529414746084,1.3257569841453294
2016-09-22,-0.47422791943696385,1.0793206747224597,1.3428907901564708
2016-09-23,-0.47422791943696369,0.96332118082648799,1.204698548596435
2016-09-26,-0.4742279194369638,0.99695600787010263,1.1502570070048346
2016-09-27,-0.47422791943696385,1.0319817296083262,1.2394908995305129
2016-09-28,-0.47422791943696369,1.0376418839836374,1.2396986699026258
2016-09-29,-0.47422791943696385,1.0963794469235575,1.2470334236801786
2016-09-30,-0.47422791943696385,1.0826314410695179,1.2587639333741718
2016-10-03,-0.47422791943696385,0.94434769457163104,0.99965850052400729
2016-10-04,-0.47422791943696369,0.72499953449192001,0.66152456320844333
2016-10-05,-0.47422791943696385,0.65596373339608705,0.58873896666700465
2016-10-06,-0.47422791943696385,0.60761448482218972,0.4230489085680873
2016-10-07,-0.43040030939410279,0.64287951005076827,0.54787776544957045
2016-10-10,-0.4502687899076348,0.57061372246104514,0.54439804509648682
2016-10-11,-0.50817419916778495,0.51550579824778431,0.49830366624167904
2016-10-12,-0.50265632662203141,0.49532937390602955,0.51272874945129221
2016-10-13,-0.538091531302333,0.40631536646602368,0.4315020588548239
2016-10-14,-0.50170097987126738,0.40004708798636412,0.4269881475888091
2016-10-17,-0.51611618251324853,0.45996015318986216,0.45991337405703325
2016-10-18,-0.54576136801635011,0.52315597237681122,0.54535245802191745
2016-10-19,-0.56402147698792837,0.51950668588672089,0.54072043738571185
2016-10-20,-0.63343046444328743,0.55581660006447919,0.55908160216175928
2016-10-21,-0.57810062631095083,0.56257365588005237,0.528057570887834
2016-10-24,-0.52524155187186228,0.55928290258767366,0.53792602802213363
2016-10-25,-0.51146076370861071,0.60874293660746104,0.58080789267406241
2016-10-26,-0.54073074617107986,0.56045840051402795,0.53720544386327451
2016-10-27,-0.43191887127909234,0.62163747439436545,0.50628209647026579
2016-10-28,-0.51927134722118484,0.71009278247483332,0.65023124576723412
2016-10-31,-0.50888641708704818,0.75186890618703084,0.69828097968683056
2016-11-01,-0.36042942482349716,0.83160516347978131,0.8268728237151266
2016-11-02,-0.3142008737851798,0.97146430199505562,0.90380390000632893
2016-11-03,-0.43539286766331364,1.064019889921167,0.92919859961285289
2016-11-04,-0.44022800123052186,1.0879726735921145,0.96279115792025838
2016-11-07,-0.38676248801758295,1.0644660593462936,0.98804702087107354
2016-11-08,-0.42037126606823821,1.0207011919547346,1.0739384706329795
2016-11-09,-0.43053939446188733,1.029729550966382,1.1269289747432791
2016-11-10,-0.44645893548708193,0.95475817458369661,1.1915083616084601
2016-11-11,-0.4464589354870821,0.81026330806890978,0.89585824547199344
2016-11-14,-0.44645893548708204,0.77493376934594393,0.78814827447150515
2016-11-15,-0.44645893548708204,0.81785172806393491,0.83270845602734644
2016-11-16,-0.44645893548708221,0.88255725028679943,0.82232956163593385
2016-11-17,-0.4464589354870821,0.84552904189131151,0.76644015481807437
2016-11-18,-0.44645893548708193,0.72568686466393673,0.70808856705753276
2016-11-21,-0.44645893548708204,0.77609792248314036,0.74184582283398637
2016-11-22,-0.44645893548708232,0.82397527422349015,0.7775993189199828
2016-11-23,-0.4464589354870821,0.65854017797621134,0.68556207766092125
2016-11-25,-0.44645893548708204,0.65244285291774529,0.71105835686370245
2016-11-28,-0.4464589354870821,0.78819182851567982,0.76509282241819199
2016-11-29,-0.44645893548708232,0.72023386611753626,0.77371483012551023
2016-11-30,-0.4464589354870821,0.61576551606939744,0.72150142831961128
2016-12-01,-0.4464589354870821,0.70125436909443251,0.76424628796092631
2016-12-02,-0.44645893548708204,0.67048951197052653,0.78054112801835729
2016-12-05,-0.44645893548708204,0.50770225181116613,0.67481206546269235
2016-12-06,-0.44645893548708193,0.58287296402194255,0.74281440890584594
2016-12-07,-0.44645893548708193,0.5946270956848424,0.87066734598360762
2016-12-08,-0.44645893548708204,0.59227623336446078,0.8538382044911843
2016-12-09,-0.44645893548708204,0.53223301353536678,0.82220064943716498
2016-12-12,-0.44645893548708204,0.52224576012295421,0.92355612698823031
2016-12-13,-0.4464589354870821,0.58185955473162476,0.96136068324491364
2016-12-14,-0.45795401638624489,0.50610020462497118,0.9173528118449823
2016-12-15,-0.5779265366990729,0.34809610310936695,0.59965371417567359
2016-12-16,-0.51615650211951203,0.52655621478540371,0.75176688615356013
2016-12-19,-0.59787345451381513,0.46480550421164907,0.61975775878358397
2016-12-20,-0.60679368465181582,0.35244505438088469,0.59051786298115039
2016-12-21,-0.64379310249733412,0.38848955453731643,0.55801722548242028
2016-12-22,-0.68025164225354995,0.39168641138666627,0.51080037581177651
2016-12-23,-0.66702159750680146,0.36676512320726429,0.47074723331370938
2016-12-27,-0.51657620052406739,0.45006147451815409,0.65389869876320506
2016-12-28,-0.51070036432297661,0.47138256897946373,0.67899359103608792
2016-12-29,-0.53256900770969029,0.59892278132700949,0.72978257560566162
2016-12-30,-0.51914138854709857,0.55789335306890031,0.67860546572756841
2017-01-03,-0.42240921109969121,0.52060790759207498,0.76517155386030689
2017-01-04,-0.46769339744923766,0.52497712925010664,0.76505059510450812
2017-01-05,-0.39197718328291464,0.5313104457390051,0.79614460714592272
2017-01-06,-0.43006656222464856,0.39914374345857634,0.68739897894209923
2017-01-09,-0.29173928349537548,0.47734923722533396,0.80295745925131201
2017-01-10,-0.31468482605737952,0.55969305349764653,0.88174036489901209
2017-01-11,-0.32486153874448398,0.61059198813379167,0.88701751894271341
2017-01-12,-0.47058067576832363,0.60274467416371336,0.80140670059965047
2017-01-13,-0.42613438325639158,0.72382948246201972,0.90493241107879563
2017-01-17,-0.37832148006158328,0.7478455297439075,0.97412403222399113
2017-01-18,-0.45394242864873202,0.70002846367040927,0.91412112536156453
2017-01-19,-0.42113869078039512,0.61336006189728265,0.85950471805994999
2017-01-20,-0.4013621431519378,0.62144143950440356,0.88350180111323262
2017-01-23,-0.3919374822761898,0.69048654303085588,0.93367539060746974
2017-01-24,-0.42629604777420443,0.5990724138097161,0.85548741861652178
2017-01-25,-0.47390188598351612,0.47665408722945857,0.75325096042455086
2017-01-26,-0.43974753952202816,0.39465895627970643,0.71174715954545009
2017-01-27,-0.38881805844544481,0.47518524736192402,0.85915771637332261
2017-01-30,-0.37038122215921288,0.47754600727219992,0.85561250929450849
2017-01-31,-0.33574076690494886,0.49913266044399063,0.92893981851238971
2017-02-01,-0.30469456515049786,0.47777046446831006,0.93918383046756926
2017-02-02,-0.40920920627719015,0.44611874877085428,0.8307296974993712
2017-02-03,-0.43762224218239454,0.38715971729871462,0.76944843013324415
2017-02-06,-0.40639888338071428,0.37316160299259499,0.78172983013941622
2017-02-07,-0.43800876272592454,0.27675244529561943,0.70375403446608775
2017-02-08,-0.41111404312545724,0.32961425969171787,0.73911047232497518
2017-02-09,-0.3697843419567815,0.23273926727942615,0.70525393199579256
2017-02-10,-0.26156826332943789,-0.0040971088966494009,0.6607759779328255
2017-02-13,-0.33765013812725631,-0.010111225785200656,0.61741156821240617
2017-02-14,-0.32772794016170176,0.1986779643499304,0.78761448196139672
2017-02-15,-0.29247631825020587,0.18719362314773061,0.78634113982565379
2017-02-16,-0.21104957691497503,0.061838119034678535,0.75101227595571973
2017-02-17,-0.19447734796214136,0.07948868107496837,0.76344667339511529
2017-02-21,-0.22927066087926387,0.20474398182822445,0.81811212669349009
2017-02-22,-0.16381292256701102,0.11287887569395372,0.80598510760126607
2017-02-23,-0.12272161760831135,0.14954747300189636,0.84357654309575025
2017-02-24,-0.034634107814207608,0.17498147927321842,0.91475295807381773
2017-02-27,0.13703478325885146,0.18886026077316626,1.0039112807848134
2017-02-28,0.14753782409772742,0.1065977570414723,0.97500144089498708
2017-03-01,0.097537658209253128,0.14716523418057753,1.0011318155253381
2017-03-02,0.12028122043203401,0.0091646457666466584,0.8108250219553792
2017-03-03,0.12897129921234871,-0.11366889936239495,0.78339699925610684
2017-03-06,-0.045370820968857167,-0.14893528307664591,0.67198523854231496
2017-03-07,-0.083839579846265208,-0.23826229832477905,0.56075405039819182
2017-03-08,0.043670179596346233,-0.24911909776913191,0.58220898486415285
2017-03-09,0.019484853872862966,-0.22762073285348564,0.53992115049952583
2017-03-10,-0.0069295749314157865,-0.32489631841207045,0.48105425448929368
2017-03-13,-0.1126400657821307,-0.20624811125804682,0.48872302506237675
2017-03-14,-0.14899289744529431,-0.15460629957278185,0.50816970910734149
2017-03-15,-0.11712581333505685,-0.029353259589740034,0.63191342370241177
2017-03-16,-0.11154739146899934,-0.15697056237152787,0.53130015478212611
2017-03-17,-0.33636780561776475,-0.11466680627624358,0.4685568290396907
2017-03-20,-0.33420587097093735,-0.061251494023301184,0.51543284536042422
2017-03-21,-0.33420587097093724,0.046226243578755565,0.53247413438042168
2017-03-22,-0.33420587097093729,0.042758505753000033,0.51822781978160548
2017-03-23,-0.33420587097093724,0.19423858640847755,0.71234306665810454
2017-03-24,-0.33420587097093735,0.22264312360970773,0.7719354548907712
2017-03-27,-0.33420587097093724,0.24600131880479523,0.84689720615190145
2017-03-28,-0.33420587097093729,0.086355869654131723,0.81354320228908505
2017-03-29,-0.33420587097093724,0.20465680705861922,0.86371162676633273
2017-03-30,-0.33420587097093735,0.11968468120092839,0.78349303489075839
2017-03-31,-0.33420587097093724,0.17828428004762994,0.91244583624632114
2017-04-03,-0.33420587097093729,0.26442912691877829,0.95301211900063187
2017-04-04,-0.33420587097093724,0.18806335543101468,0.91035155899478371
2017-04-05,-0.33420587097093735,0.23245135307144796,0.93217799900269604
2017-04-06,-0.33420587097093724,0.10324890852264601,0.87548664930416942
2017-04-07,-0.33420587097093729,0.13130640306380481,0.775133758609301
2017-04-10,-0.33420587097093724,0.033416051938478984,0.6209141045521045
2017-04-11,-0.33420587097093735,0.13705163695296871,0.62258661945109339
2017-04-12,-0.33420587097093724,0.26454233304779967,0.65155915425300204
2017-04-13,-0.33420587097093729,0.4025537383888102,0.69762672083822452
2017-04-17,-0.34179070458092037,0.33093186372181127,0.63858453524198411
2017-04-18,-0.35043806637349767,0.37658077158774561,0.62718674689680454
2017-04-19,-0.11221600597747462,0.19844991491526764,0.39587046265343612
2017-04-20,-0.057166299945617012,0.24989122405151648,0.35905557242246133
2017-04-21,-0.051112456029645099,0.24323046484041067,0.32934939019687975
2017-04-24,0.034603388051661334,0.28840446494773775,0.34092405207467918
2017-04-25,-0.031913232973207285,0.19208014990328823,0.25044458300356848
2017-04-26,-0.095047866218432392,0.1988765303306988,0.18825685016856
2017-04-27,-0.13819830594415178,0.15046351416045969,0.11004006266654981
2017-04-28,-0.14722101190745879,0.03518504971934603,-0.014535779766593289
2017-05-01,-0.28098109627479712,-0.17802308081323834,-0.15479971463328232
2017-05-02,-0.47413247203948095,-0.15453487464909313,-0.082741289569360166
2017-05-03,-0.54673434004585875,-0.24063662381801684,-0.15856926885485198
2017-05-04,-0.53349148429046445,-0.2698133464570287,-0.18258630913747886
2017-05-05,-0.49204411134287607,-0.24730232288922493,-0.16778799543295608
2017-05-08,-0.53370208469256064,-0.33204819463761537,-0.22591027683715803
2017-05-09,-0.64196275697064542,-0.22625373707637456,-0.12245987670209234
2017-05-10,-0.55169023022017649,-0.24752910814255913,-0.15243475600259862
2017-05-11,-0.46167191842392247,-0.28920571360247449,-0.2008837001438413
2017-05-12,-0.54710806644837195,-0.20889809359011891,-0.073880003592537907
2017-05-15,-0.48179033105980118,-0.22322542983602528,-0.038347979392989583
2017-05-16,-0.40934748734747201,-0.19582181077818614,0.0020944002244876361
2017-05-17,-0.50361161913835562,-0.08378772218562687,-0.0029507913945383004
2017-05-18,-0.65532058097564894,-0.015338986135590357,0.028022649462426347
2017-05-19,-0.75347165203039079,0.036447665846516673,0.18771884125948593
2017-05-22,-0.61252130382445935,0.07796794132871393,0.26342269778795169
2017-05-23,-0.63000200547682728,0.051607431725405994,0.26998603297254037
2017-05-24,-0.54154439296242785,0.21331086278619585,0.35575003358980295
2017-05-25,-0.49144237129929641,0.22578874656747328,0.31849650587920003
2017-05-26,-0.43461330307210067,0.31835027386333831,0.35669041517429134
2017-05-30,-0.37716277485672162,0.35613773784378,0.4169226607555086
2017-05-31,-0.60014810648914796,0.35756109753899445,0.45436887507315088
2017-06-01,-0.614836024317164,0.37168822170617632,0.45757264277959486
2017-06-02,-0.52297719107147445,0.44462057150961026,0.49989479276164556
2017-06-05,-0.52851018103960545,0.24755258897837917,0.39766855459306621
2017-06-06,-0.52392442333782796,0.33081212894720657,0.412649881079384
2017-06-07,-0.57166167545184043,0.29633402913166373,0.40593590444384764
2017-06-08,-0.39409363361475841,0.13259132387137779,0.18744978764451642
2017-06-09,-0.3254458177474594,0.018890113575099985,0.054857534437301778
2017-06-12,-0.46277307260677225,-0.023903304826702741,-0.01872468640586945
2017-06-13,-0.53511179221957772,-0.073484642934409511,-0.069679939439987779
2017-06-14,-0.5186340441472238,-0.12402407020967945,-0.058577230308196775
2017-06-15,-0.50124953204755385,-0.21394223028496825,-0.12061675516604825
2017-06-16,-0.67561538574830715,-0.13162780767385163,-0.042052080009396246
2017-06-19,-0.6562039261300221,-0.29162552409448156,-0.17754922076097582
2017-06-20,-0.56506130024806078,-0.2617626190105487,-0.19749094386076546
2017-06-21,-0.59301670043752008,-0.090107810654427647,-0.13748747818093807
2017-06-22,-0.52826205430645734,-0.067359769476565898,-0.10683918354300907
2017-06-23,-0.40796545131941298,0.018066076765139279,-0.094010331916143469
2017-06-26,-0.62296426946482708,-0.47705901079775059,-0.2405740207877064
2017-06-27,-0.66247777047454659,-0.49027453265860549,-0.20212115279468384
2017-06-28,-0.47006328873407388,-0.3935432064069852,-0.17460367846633393
2017-06-29,-0.30200329058516917,-0.47103508050688375,-0.35980932799219961
2017-06-30,-0.028320227601632737,-0.53625081820052745,-0.5059189170126126
2017-07-03,0.32118486971852434,-0.80830561209573648,-0.87871248105253597
2017-07-05,0.27754410579784672,-0.84922983365441596,-0.98030951491269802
2017-07-06,0.27747164005292935,-0.90479507594217068,-1.0211798364957072
2017-07-07,-0.12900594262527326,-0.95743195501638245,-1.0524273929921939
2017-07-10,0.23126482448416499,-0.99632513100278652,-1.1614711611100439
2017-07-11,0.52451129221257231,-0.90664890311209312,-1.1276442334993966
2017-07-12,0.58436997196154084,-0.73999392803332631,-1.0560894646645025
2017-07-13,0.5972287647232053,-0.83880352271989522,-1.1932441917216097
2017-07-14,0.64301158206758058,-0.69912580570401273,-1.0865492896528322
2017-07-17,0.60649418853629478,-0.62635542651407461,-0.99778631689960362
2017-07-18,0.63333358924914451,-0.57797644639913748,-0.95026710336381714
2017-07-19,0.49334137258913385,-0.59191374310288269,-0.89885139999020536
2017-07-20,0.28594515031126322,-0.45880430162423619,-0.76991717286940375
2017-07-21,0.49327481370041054,-0.5200730047016574,-0.84033082062310593
2017-07-24,0.40238017555583738,-0.45132817504846873,-0.79279784302031908
2017-07-25,0.43743839026601572,-0.4191938348531381,-0.75555361119291464
2017-07-26,0.4995574593196131,-0.38431978515467502,-0.73618809175319599
2017-07-27,0.89612255186650369,-0.53926487209525809,-0.96394621222000443
2017-07-28,0.80083664862409021,-0.44524949188756274,-0.88033152858545172
2017-07-31,0.83427296186042899,-0.53550830925807502,-0.8886209377050196
2017-08-01,0.80059751642545751,-0.55971424215239074,-0.94409521477086422
2017-08-02,0.76065650137985619,-0.65295582948652231,-1.0269783122002876
2017-08-03,0.65693082124648516,-0.59636235792432779,-0.9555033761417836
2017-08-04,0.42863402226033154,-0.68033630001937995,-1.0509691940922743
2017-08-07,0.10409688726756308,-0.5371721076747964,-0.91343405972369862
2017-08-08,0.29523098220082805,-0.50249286367685109,-0.84270198356556747
2017-08-09,0.52572071238205642,-0.42725456544145402,-0.73444438451225769
2017-08-10,0.79564828384283659,-0.40200873227212885,-0.7495548447364988
2017-08-11,0.63616644759485552,-0.29691465012158103,-0.70105928670003659
2017-08-14,0.45131183614349452,-0.34121410464011775,-0.65099089702740176
2017-08-15,0.50190701174230201,-0.44113376415577432,-0.79729249015025982
2017-08-16,0.41464698064430533,-0.41874121223824845,-0.65830380965388557
2017-08-17,0.27923802148393212,-0.37466908291064782,-0.63095367819308068
2017-08-18,0.28882536353444482,-0.43164078095684655,-0.66128021603708265
2017-08-21,0.0292744620801915,-0.3192008942881428,-0.56268235352977314
2017-08-22,-0.34392470393337909,-0.34596184343559705,-0.46155112587141817
2017-08-23,-0.30629782887534768,-0.31045536863928724,-0.42521529728865115
2017-08-24,-0.30629782887534768,-0.23938324254766788,-0.3768229491826155
2017-08-25,-0.30629782887534779,-0.19812261746325119,-0.3544136044584032
2017-08-28,-0.30629782887534768,-0.041223146293677633,-0.25633728451850074
2017-08-29,-0.3062978288753479,-0.078335325871970146,-0.33174385230274844
2017-08-30,-0.30629782887534768,0.0073330981365126498,-0.25571099099330025
2017-08-31,-0.30629782887534779,0.13004460847550503,-0.2116617854597368
2017-09-01,-0.30629782887534768,0.11062787775604821,-0.25019575221466678
2017-09-05,-0.3062978288753479,0.11848935905883583,-0.33890766735852884
2017-09-06,-0.30629782887534784,-0.078901625608315554,-0.52580492466270845
2017-09-07,-0.30629782887534795,0.045729942023810387,-0.38304650167747667
2017-09-08,-0.30629782887534801,0.082254676378307148,-0.36356290891131859
2017-09-11,-0.3062978288753479,0.016219374111783858,-0.30043582325167711
2017-09-12,-0.30629782887534779,0.053727159749247196,-0.28040284833499707
2017-09-13,-0.30629782887534795,0.04591715476454418,-0.25229286075420282
2017-09-14,-0.30629782887534812,0.054474697228872312,-0.27529004740965157
2017-09-15,-0.30629782887534795,0.067259635198617163,-0.32703730291637328
2017-09-18,-0.30629782887534779,0.0060060802032860777,-0.38263771383596451
2017-09-19,-0.30629782887534795,0.0061103738047289377,-0.45426364993329521
2017-09-20,-0.30629782887534768,-0.073761857692140706,-0.52734629486506579
2017-09-21,-0.30629782887534795,-0.27279266687239034,-0.75215371697220867
2017-09-22,-0.30629782887534757,-0.25288089986386675,-0.75958315720855241
2017-09-25,-0.3062978288753479,-0.16416363382733939,-0.6465512914401812
2017-09-26,-0.30629782887534768,-0.25531736760249196,-0.66658994170650843
2017-09-27,-0.3062978288753479,-0.27379956651398801,-0.62590121956459654
2017-09-28,-0.30629782887534757,-0.22921804546297028,-0.60739645445482693
2017-09-29,-0.3062978288753479,-0.26406599546636905,-0.63703300101219906
2017-10-02,-0.30629782887534768,-0.29244378708605218,-0.68640731160384394
2017-10-03,-0.3062978288753479,-0.26562654543626413,-0.58064706981848757
2017-10-04,-0.30629782887534768,0.069068234069752404,-0.32632950974719604
2017-10-05,-0.30629782887534768,0.033842100914639579,-0.29744953745564107
2017-10-06,-0.30629782887534768,0.16402866668784258,-0.10971816749616554
2017-10-09,-0.306863352129151,0.23311770250116665,-0.10422418401182003
2017-10-10,-0.37419106426957505,0.22495695989276809,-0.10265841312149564
2017-10-11,-0.29596281017421494,0.30175250569995726,-0.012777284024956292
2017-10-12,-0.35590356402818951,0.29458765746656751,-0.039312373653738124
2017-10-13,-0.28199587247520963,0.34157452935779786,0.024663822664676986
2017-10-16,-0.32238710326170344,0.32947124082750195,-0.012376557195805963
2017-10-17,-0.29038966395009319,0.24107517218107458,-0.069655500302787179
2017-10-18,-0.33518377176299413,0.14937105025941963,-0.12966963763116346
2017-10-19,-0.31125580588870677,0.15109141766987794,-0.080682041173214591
2017-10-20,-0.2196300341469502,0.12027267016323412,-0.095629644600598473
2017-10-23,-0.21729396952158669,0.12780076178569644,-0.078483292700137514
2017-10-24,-0.30090849031338668,0.11276706153080449,-0.13549837125808931
2017-10-25,-0.33311057523281945,0.04478649209248628,-0.19156263940332885
2017-10-26,-0.28081157085569636,0.018802715553618385,-0.19750786332595716
2017-10-27,-0.27087961651003362,0.045673142290606851,-0.18330200179871514
2017-10-30,-0.32927764541285776,0.019795950088632979,-0.22934498559347744
2017-10-31,-0.37722198397262385,-0.042565640223231387,-0.30306156150529556
2017-11-01,-0.72767182750700798,-0.068781964998088252,-0.31008542608853296
2017-11-02,-0.75154446075864967,-0.13148507752442679,-0.36113235513588865
2017-11-03,-0.53668186359739301,-0.22454105802399793,-0.40119263415255213
2017-11-06,-0.56507422034588928,-0.15167087674528948,-0.29127906162880129
2017-11-07,-0.71629343213152485,-0.019046686490782901,-0.32445359688055914
2017-11-08,-0.91875798116895613,0.052467824277943706,-0.34217847002414542
2017-11-09,-1.0148808135450311,0.097036043308050587,-0.35443573465363337
2017-11-10,-1.0148808135450311,0.16082713485590241,-0.42909557880660626
2017-11-13,-1.0148808135450311,0.39195402420388981,-0.047468898004667449
2017-11-14,-1.0148808135450309,0.49488201252652125,0.11468418758576247
2017-11-15,-1.0148808135450311,0.40021295769393239,0.027351454026951209
2017-11-16,-1.0148808135450309,0.4285921583593289,0.096286182075057319
2017-11-17,-1.0148808135450313,0.59201221985040675,0.25650424732586313
2017-11-20,-1.0148808135450313,0.55283077818221105,0.17756068108452769
2017-11-21,-1.0148808135450313,0.53303639771801303,0.19217992606286427
2017-11-22,-1.0148808135450309,0.62269759466845409,0.22045455575303166
2017-11-24,-1.0148808135450311,0.80320711334233219,0.29254581107289807
2017-11-27,-1.0148808135450311,0.89999644092965592,0.25861428963556948
2017-11-28,-1.0148808135450311,0.79914333813111715,0.13710287422605774
2017-11-29,-1.0148808135450313,0.78259950091106822,0.034126531790642768
2017-11-30,-0.91855892805781147,0.84378875400862996,0.030009697858548724
2017-12-01,-0.96595315566059614,0.90190178938419041,0.037500573136663558
2017-12-04,-1.0082543441345535,0.81600592054173982,-0.059323039351444555
2017-12-05,-1.1160497314174815,0.7978702552336755,-0.15637495318944977
2017-12-06,-1.2207232409720934,0.78694926383650421,-0.19471048729530863
2017-12-07,-1.2528534230110062,0.61671122672859202,-0.42447302147132454
2017-12-08,-1.1425186770504512,0.63882388492385722,-0.35678537418081507
2017-12-11,-1.1973351483587755,0.70592946531703238,-0.33857040727641452
2017-12-12,-1.2061582671433249,0.6805799002621532,-0.41641068418868188
2017-12-13,-1.0088097414435555,0.79614721410933409,-0.24662930797518509
2017-12-14,-1.1121649003717016,0.93017779384730315,-0.25654903522407502
2017-12-15,-0.99803505330395326,1.0973972864813486,0.070473071294673312
2017-12-18,-0.99810435088916272,1.0785047244785504,0.062580716572143938
2017-12-19,-1.0105569828810208,1.0370453428324895,0.10225408830290071
2017-12-20,-1.0222573255407461,1.1409629740750249,0.086288089125245687
2017-12-21,-1.0770723319749858,1.1495449105544433,0.12217072772938424
2017-12-22,-0.96226369581122639,1.2255754394694149,0.24970301642457277
2017-12-26,-0.86742733550176643,1.260658143027416,0.3518765068211121
2017-12-27,-0.77701173190786965,1.2411054247434721,0.31778028290070437
2017-12-28,-0.69925638554862901,1.2632865382562406,0.34707471626351205
2017-12-29,-0.69064963275008251,1.2043617395707626,0.34130947953470253
2018-01-02,-0.65967774878225183,1.3827590968153751,0.50757469654318987
2018-01-03,-0.65751858049068257,1.2802074894674325,0.36357421109564014
2018-01-04,-0.6801338111120655,1.2954927248505075,0.33129758217220884
2018-01-05,-0.67316861916084958,1.1419172339036643,0.25757170923718742
2018-01-08,-0.74272395750783637,1.2192654768722919,0.27798421931925926
2018-01-09,-0.79063559787798832,1.0898348945948764,0.20876072080454694
2018-01-10,-0.84065824016400337,1.0714540759488216,0.12344059522640399
2018-01-11,-0.90472201107365202,1.073300758423686,0.13506821035051988
2018-01-12,-0.8322559641022319,1.1527638353614569,0.21832006976734117
2018-01-16,-0.88054879869794178,1.1429939223467724,0.19927624170204555
2018-01-17,-0.94086786538531642,0.92031945241999058,-0.0026854095221045728
2018-01-18,-0.99668265594743477,0.98793828555458163,-0.0031512330950793734
2018-01-19,-0.98747740211553614,1.0418101298206099,0.054256758136312616
2018-01-22,-1.028160803011428,1.0355552771493992,0.02372224970200992
2018-01-23,-1.0698115895897529,1.0214170757408825,0.0010615981811090962
2018-01-24,-0.73883628157407111,1.1856658037738177,0.20789962692598446
2018-01-25,-0.87113010117228329,1.2032386997400877,0.16074843737748562
2018-01-26,-0.78108564915847445,1.3127118082744984,0.26190389878273707
2018-01-29,-0.88338534944827485,1.2317118160660563,0.078378487559716964
2018-01-30,-0.87338090456986761,1.1434293981460035,0.052170368119250757
2018-01-31,-0.77947772904838886,1.0780285975093533,-0.022385899679455847
2018-02-01,-0.91987932697181907,1.1435947041207173,-0.052404402085231595
2018-02-02,-1.209003363367132,0.94261302378436151,-0.24989884030598838
2018-02-05,-1.1716673834958207,0.94289812764362579,-0.22290525764848265
2018-02-06,-1.0949021694785295,0.69871943836486827,-0.34828244779838141
2018-02-07,-1.2331907844369008,0.67059772058197586,-0.42769130480607032
2018-02-08,-1.2091209142726937,0.62350152831067895,-0.42608728535063639
2018-02-09,-1.2478908601597329,0.68672539398030041,-0.42127514806345401
2018-02-12,-1.1475371331050506,0.70852371786637147,-0.44866261373205391
2018-02-13,-1.1836096121985893,0.8381237839680481,-0.38410459924614782
2018-02-14,-1.1687807878099734,0.98816530693827043,-0.31386458798847106
2018-02-15,-1.1860248237832567,0.95559446486983091,-0.32438009646398069
2018-02-16,-1.2929995400007888,0.86815304157962903,-0.42951700763266981
2018-02-20,-1.2660289386458308,0.75873450263697573,-0.4691572503988648
2018-02-21,-1.1961476586131934,0.70545224430837239,-0.45874569023744827
2018-02-22,-1.1606453709126299,0.74229945333906611,-0.4405043730928821
2018-02-23,-1.2042531171265647,0.6437641265607762,-0.51242945815478835
2018-02-26,-1.1574159279631477,0.60501303251363636,-0.533754505965786
2018-02-27,-1.1856281210571813,0.54587043670998059,-0.56409542294122228
2018-02-28,-1.1887243576162498,0.52604933156742206,-0.60646402023104051
2018-03-01,-1.0786646569419005,0.51774998579647857,-0.59955499881736762
2018-03-02,-1.135087436071514,0.70209767121559252,-0.3834035825783404
2018-03-05,-1.1728699527463939,0.69102869737007877,-0.47668122577345651
2018-03-06,-1.0615084120250169,0.86606188220173119,-0.3074216310338484
2018-03-07,-1.1816494548033434,0.88391659615905627,-0.30275814682497798
2018-03-08,-1.1287661064998049,0.92445533094558852,-0.21155521857627915
2018-03-09,-1.0701303492187046,0.98775787910396018,-0.083870147520161073
2018-03-12,-1.0874837420199213,0.96570670092036515,-0.12593272575237519
2018-03-13,-1.1138881882380638,0.98325800738366298,-0.095740956305432307
2018-03-14,-1.1049034289025472,1.0334832670657559,-0.065372154946460856
2018-03-15,-1.154373167441626,0.79058640544978431,-0.29983002794293495
2018-03-16,-1.1732900734872238,0.72332622622289899,-0.31249280475924018
2018-03-19,-1.202975993887698,0.72270996666984078,-0.33902184228777266
2018-03-20,-1.2362876556877986,0.62584881864208675,-0.39796096725356567
2018-03-21,-1.1500591464092247,0.71145379254869923,-0.28269384186894281
2018-03-22,-1.2677883487203063,0.64560280917681589,-0.36726504400226351
2018-03-23,-1.3245633127616427,0.78505645232758181,-0.32985407461779975
2018-03-26,-1.2753792712550527,0.82106653736036594,-0.32621300848719226
2018-03-27,-1.3171714154668843,0.70123575007011874,-0.51061444757933205
2018-03-28,-1.304689293797785,0.59763386051429679,-0.60205157722926861
2018-03-29,-1.2669399433611443,0.57814397722632327,-0.60713022925636451
2018-04-02,-1.2198556412657453,0.76463830718820103,-0.47462182943001774
2018-04-03,-1.2763394368296941,0.66631014012840972,-0.58283003730414829
2018-04-04,-1.3573787839726306,0.6260670289026441,-0.61046547710923715
2018-04-05,-1.2143767065300066,0.55158989347088005,-0.61460559758160849
2018-04-06,-1.2914962017402614,0.59769598337343,-0.61895094241982862
2018-04-09,-1.2246838110700735,0.66830731991803149,-0.5461122977923395
2018-04-10,-1.2059524348993123,0.66846595675200549,-0.44321484783163967
2018-04-11,-1.2522307544511115,0.74387467711434418,-0.40511602261292462
2018-04-12,-1.235206525057194,0.48627651996164728,-0.58427625158465957
2018-04-13,-1.1878478629676321,0.48344546241398673,-0.573897833627806
2018-04-16,-1.1732707095965544,0.45062322674681232,-0.58290642378691471
2018-04-17,-1.1168715171840631,0.48947221843534683,-0.51705798835967876
2018-04-18,-0.7722088599296586,0.45043754611140008,-0.33532392512540443
2018-04-19,-0.6976011413206975,0.52150793675191276,-0.2500380242754498
2018-04-20,-0.69070741281617409,0.42519534007927945,-0.25607233679377939
2018-04-23,-0.42813048488382022,0.31593975759249587,-0.40825986033717682
2018-04-24,-0.46347506916091208,0.43244131067803943,-0.35986653755088205
2018-04-25,-0.34189973715806182,0.47007806574919159,-0.31258003924448174
2018-04-26,-0.22740558807454544,0.38607832281869714,-0.28485787377294502
2018-04-27,-0.072822821341664179,0.46575193198682724,-0.21709105487135619
2018-04-30,0.070037582744749957,0.36077644469050496,-0.26399003114752623
2018-05-01,0.17653964467418168,0.3818369946386615,-0.20571979890358305
2018-05-02,0.21865325232365782,0.37865234600650594,-0.11193347834560557
2018-05-03,0.29830473805722701,0.5742761028740434,0.031838193018205951
2018-05-04,0.29392048469177406,0.70086863557007406,0.12533337584168669
2018-05-07,0.26495697158748904,0.68429649036899276,0.090111406375312689
2018-05-08,0.30490821827073922,0.70869479416975523,0.12144563309427028
2018-05-09,0.31410104499625402,0.74967425866777393,0.17267199118443294
2018-05-10,0.27621991106482618,0.81824899797433526,0.23413040254108314
2018-05-11,0.24976313687858118,0.76385944705668418,0.17948948060942704
2018-05-14,0.19533392147911066,0.69325354963342323,0.078524731554005647
2018-05-15,0.094748475700695903,0.49590860046680979,-0.080645616174805215
2018-05-16,0.014258170169355771,0.43712894082766535,-0.11836642675584702
2018-05-17,0.18587919440418482,0.26507820780041758,-0.12140444731991896
2018-05-18,0.30385424293924601,0.35381822783996403,-0.0078886616898687246
2018-05-21,0.19212942365934255,0.30928776257362317,-0.073679629331741367
2018-05-22,0.056327309534983133,0.26081219610220446,-0.17014517951738678
2018-05-23,0.11481699067887496,0.33732721105955277,-0.17140268092004149
2018-05-24,0.01983271895647086,0.38363495801764896,-0.14529646214191627
2018-05-25,0.13444581592011443,0.36312566083356551,-0.18869671264497123
2018-05-29,0.18761810610047991,0.27182020868153428,-0.28880473665311529
2018-05-30,0.021826788838916051,0.3210715947647842,-0.27111009126170993
2018-05-31,0.17950550255095093,0.25766879565033907,-0.27676512632370831
2018-06-01,0.15091742550330434,0.19794500784152952,-0.28094978503882673
2018-06-04,0.064475961643852497,0.11251181253029485,-0.35671001119793833
2018-06-05,0.039499841176618138,0.1426281660471051,-0.34357237604663499
2018-06-06,-0.05230019530312683,0.032934052712393885,-0.31987351494689731
2018-06-07,-0.059942934449483773,0.082688071784466688,-0.27195752652146121
2018-06-08,-0.056124523861148051,0.16348573384330872,-0.1897351422293061
2018-06-11,-0.12051729416070874,0.27817226385029048,-0.049056869192461737
2018-06-12,0.058357300731165122,0.25889257135668986,0.014746195130218621
2018-06-13,0.0073847735195775718,0.27981113012906811,0.13088421030175115
2018-06-14,-0.11819432886829739,0.35361872718564574,0.16529673476411866
2018-06-15,0.13319308390818671,0.22133524228794507,-0.024307521100759951
2018-06-18,0.25112896909559834,0.20003491889421651,-0.02491965262629665
2018-06-19,0.37739683481017805,0.25292927046581049,-0.014519582797222768
2018-06-20,0.32752884128797388,0.22836072921046616,-0.014645243015505464
2018-06-21,0.36466603841931328,0.18068303255880031,0.01254240569757752
2018-06-22,0.21945131001694579,0.17082823534409364,0.013178297805281703
2018-06-25,0.24728897432724731,0.087934964609118565,-0.079627087552545051
2018-06-26,0.18601156589608253,0.12655963272324475,-0.053374193284563907
2018-06-27,0.24680267392665189,0.028081184969180523,-0.17783268840690966
2018-06-28,0.16305533668030817,-0.011170693448638745,-0.24751311003192941
2018-06-29,0.22539036480642186,0.076955357893922063,-0.14397351873574218
2018-07-02,0.27788455073915064,-0.00060345239148018603,-0.23084699548459359
2018-07-03,0.41054100376761843,0.27458456226815303,-0.026036198130947485
2018-07-05,0.53662928108256047,0.27116046702617802,0.049929453558983927
2018-07-06,0.55100655020611,0.25899786000610536,0.053893539740889562
2018-07-09,0.71727843624886234,0.39268085984301249,0.26231916400514627
2018-07-10,0.67810824591158803,0.35613548504913939,0.20027945753353707
2018-07-11,0.64802557044363429,0.22776822780433045,0.02757960404522667
2018-07-12,0.58187476899789781,0.23413599856981254,0.060800407937819677
2018-07-13,0.705365034818907,0.20705198377796649,0.085235277853592958
2018-07-16,0.64489334836144196,0.11713605015125698,-0.014021751553859036
2018-07-17,0.59208683467494183,-0.041400375027349244,-0.14592605382337934
2018-07-18,0.55618489024652229,-0.11138901105551431,-0.22798169780399266
2018-07-19,0.53709291450977048,-0.1532182015303824,-0.3234281774409874
2018-07-20,0.53892598462670416,-0.099903361354706524,-0.25819678702206644
2018-07-23,0.509198521748633,-0.23953644885521677,-0.38083904160844906
2018-07-24,0.53069496396144733,-0.24030952521924639,-0.3258781914769171
2018-07-25,0.48025221068443902,-0.14900365472859714,-0.28745434547143273
2018-07-26,0.45963426879052421,-0.31360928363596147,-0.42933531406294179
2018-07-27,0.50566928108217712,-0.30045285763070756,-0.36817615815797783
2018-07-30,0.50209318440436979,-0.39566197563195821,-0.41531191920152416
2018-07-31,0.43818233725617306,-0.37007654274649077,-0.43785316625921028
2018-08-01,0.51595100204675015,-0.43643198047576526,-0.44974472073992144
2018-08-02,0.58533311543979816,-0.47017162079599706,-0.42466363754201314
2018-08-03,0.56655715419609765,-0.45009826904846822,-0.41436239594269231
2018-08-06,0.7449102189044311,-0.42332962197969287,-0.32652815867617058
2018-08-07,0.77016116169338011,-0.38752850653366239,-0.29356170467638304
2018-08-08,0.62835896722741125,-0.38895557903396505,-0.35776913671085597
2018-08-09,0.45613087469336588,-0.53395414044397105,-0.52438855594397382
2018-08-10,0.39487859335846759,-0.61798955508058862,-0.65246027018107955
2018-08-13,0.47758451907751343,-0.8171171818528179,-0.77753514368030496
2018-08-14,0.47758451907751354,-0.73531134375528995,-0.73060656740363328
2018-08-15,0.47758451907751354,-0.81865603731129377,-0.82517343724063386
2018-08-16,0.49911064105041647,-0.90541594132005998,-0.90239749914215461
2018-08-17,0.52138289696569184,-0.85940347541547568,-0.82169370111306428
2018-08-20,0.41062498948349424,-0.79102737992998995,-0.83166523666615866
2018-08-21,0.37995218109307893,-0.79983055314113327,-0.81576667268748304
2018-08-22,0.33916412162031945,-0.73157300976447515,-0.8202012540291197
2018-08-23,0.24138336985240327,-0.86419376524575076,-0.94876884284203267
2018-08-24,0.26848423705817942,-0.64338616387192116,-0.77666694426148986
2018-08-27,0.28503644133800854,-0.64248859635258904,-0.77642902914311573
2018-08-28,0.24794610230673395,-0.89179333837603758,-0.99856620637710292
2018-08-29,0.21392005632029551,-0.82230872802140054,-0.95563253213697996
2018-08-30,0.11385605516949818,-0.86632420414419187,-1.0434599301373353
2018-08-31,0.080349785981120941,-1.0047998516123176,-1.1396606465298571
2018-09-04,-0.17830183725745538,-1.0756633765811554,-1.3087479985504582
2018-09-05,-0.18624932242189865,-1.1611237263363225,-1.3589685164225953
2018-09-06,-0.25053647841985055,-1.0896134456078492,-1.3627577585398949
2018-09-07,-0.20367029357967192,-1.2323313043804835,-1.4469690332399467
2018-09-10,-0.20376866422408949,-1.2267503666483663,-1.4232990617832366
2018-09-11,-0.24078718951836303,-1.0868429609306605,-1.3519543889040864
2018-09-12,-0.24803443848120196,-1.0260071270365447,-1.3445315612865676
2018-09-13,-0.23769420155501514,-0.98737414471469143,-1.3166529051725793
2018-09-14,-0.26497259051137712,-1.1002077881276346,-1.3739245089239431
2018-09-17,-0.25822055445733549,-0.99301292795474683,-1.2822949608182992
2018-09-18,-0.23792075362104695,-0.91533868669725948,-1.1620000053978452
2018-09-19,-0.20359708791113654,-0.89601517195085045,-1.1540074129064823
2018-09-20,-0.20191827040060314,-0.7780694622065798,-1.0681203896814608
2018-09-21,-0.11848587347404789,-0.77036102212111979,-1.0131369511507375
2018-09-24,-0.14467750229937434,-0.82123861450443525,-1.0347627872698708
2018-09-25,0.0057225659655615289,-0.92043906904722661,-1.0116508863734062
2018-09-26,-0.018435189388283556,-0.86268728982488374,-0.94757799113040975
2018-09-27,0.022572713107415477,-0.85706744117286671,-0.95303538164406432
2018-09-28,0.23442090721506173,-0.8078733095320132,-0.83080677460217411
2018-10-01,0.1554852644107054,-0.77196049985278381,-0.81143053332866144
2018-10-02,0.16379037249167253,-0.57507783810764523,-0.70491779910707242
2018-10-03,0.2050317725903176,-0.62166529055497777,-0.72520915197543045
2018-10-04,0.13467288265214877,-0.64613057569485544,-0.748342158562041
2018-10-05,0.13504302728157253,-0.56012627471661924,-0.73023868873096387
2018-10-08,0.07691105421514699,-0.72361951019293258,-0.88925132497449744
2018-10-09,0.070189231161893351,-0.80728929366050151,-0.95737289657175095
2018-10-10,-0.033438068616402375,-0.80874663363092392,-1.0446199300433994
2018-10-11,-0.15773303032789729,-0.55074835288762758,-0.97754490872547717
2018-10-12,-0.03295159893413039,-0.60689625314076223,-0.94937402316522113
2018-10-15,-0.064324000264372919,-0.61633806750895215,-0.98045915636359804
2018-10-16,-0.060095169165940522,-0.56515337065042981,-0.93100838838539202
2018-10-17,-0.094579401739747992,-0.49737441297657087,-0.88971603862624871
2018-10-18,-0.14441780885932098,-0.44755789643684935,-0.89609025138121512
2018-10-19,-0.11861259599291922,-0.5012099031009658,-0.9617570421890963
2018-10-22,-0.13898126452739787,-0.46312009448235897,-0.91854294491603838
2018-10-23,-0.080092610050640695,-0.41799691207173223,-0.87189078526649499
2018-10-24,-0.1449823481574681,-0.35469974634744389,-0.84453527537111417
2018-10-25,-0.16081133649475668,-0.37920079850869848,-0.86291620365745314
2018-10-26,-0.13923828400874511,-0.26103288251015933,-0.77060751136728323
2018-10-29,-0.28117621387430608,-0.35057771947110228,-0.88876739565057894
2018-10-30,-0.2071071295605765,-0.41507091313018396,-0.87964373792876316
2018-10-31,-0.31056253976050457,-0.43338828462309525,-0.92103408897411077
2018-11-01,-0.10030119616478174,-0.33590742513936506,-0.87416075078080513
2018-11-02,-0.076821425949743311,-0.34090850091249764,-0.85705509438948513
2018-11-05,-0.13224618049485276,-0.31766516801614059,-0.80950084911571185
2018-11-06,-0.19084681664049372,-0.43541651428182904,-1.001363556314198
2018-11-07,-0.17270896546534195,-0.39947263256551541,-0.89776760284654933
2018-11-08,-0.23952811049793235,-0.45734185188741627,-0.96618007640762482
2018-11-09,-0.30632969787537639,-0.6114502855229188,-1.0736295352246135
2018-11-12,-0.34746354103752991,-0.60146580903860658,-1.0956123290084909
2018-11-13,-0.36869489319373938,-0.61313543320711372,-1.1608833583803091
2018-11-14,-0.35695553290022425,-0.54780503416809312,-1.0938375262431261
2018-11-15,-0.24969558428907707,-0.52367527689313487,-1.0076628694291974
2018-11-16,-0.24560437437006127,-0.44609729305129719,-0.991102562419655
2018-11-19,-0.23391200510332405,-0.5681801657646246,-1.0572545015440686
2018-11-20,-0.31726432175003549,-0.4427221644987902,-0.98461646846284678
2018-11-21,-0.20918540746626788,-0.44278523563895283,-0.92492033700846721
2018-11-23,-0.3469467302721308,-0.54845063798318527,-1.0672649956606088
2018-11-26,-0.35852151241213631,-0.53402185149754944,-1.0471699135299997
2018-11-27,-0.37069570821140757,-0.6386151057726227,-1.0999943336224627
2018-11-28,-0.29750606663709067,-0.59767452951344568,-0.96238259739354715
2018-11-29,-0.33421220788201578,-0.50119064957863713,-0.86226180508581696
2018-11-30,-0.46206537839691708,-0.44056670745759235,-0.86154113061135762
2018-12-03,-0.37953478281615349,-0.40345399416164396,-0.78787692753956051
2018-12-04,-0.31752156263846903,-0.30476985168164322,-0.6916654485748005
2018-12-06,-0.26499551028492196,-0.23012408233065848,-0.6189383674810891
2018-12-07,-0.18458332629460131,-0.12393779773998027,-0.50675463538222276
2018-12-10,-0.18816709406136795,-0.023917484236386701,-0.45030180732688868
2018-12-11,-0.23185933692819041,-0.035450503060279269,-0.48366260376957199
2018-12-12,-0.087638142174182018,0.028163334106976381,-0.36466652812889067
2018-12-13,-0.022419921708976935,-0.0072738474408232112,-0.35084605250815348
2018-12-14,-0.24562420075002575,-0.13961347914100194,-0.54604182783610844
2018-12-17,-0.17492418877415206,-0.045926751878177088,-0.46114820258218886
2018-12-18,-0.24618110333745186,-0.043066844299697149,-0.52493967131217456
2018-12-19,-0.24613549738692589,-0.15482874577555519,-0.58110493476331126
2018-12-20,-0.23789726568695516,-0.0017413006960482179,-0.50672317714898907
2018-12-21,-0.23015891565577012,-0.074166375314015487,-0.56784723648748603
2018-12-24,-0.19311236063101286,0.023896102776310806,-0.49588741079711957
2018-12-26,-0.26577184346049071,-0.060465373750321245,-0.46044569416412234
2018-12-27,-0.32715389986579579,-0.052833232396252823,-0.45320763808286052
2018-12-28,-0.38649270094116817,-0.0498943863777438,-0.45693943134837967
2018-12-31,-0.43822336021622704,-0.085866470418921453,-0.47343069697493095
2019-01-02,-0.44405305613633317,-0.14618863940874566,-0.4996702261154391
2019-01-03,-0.46496294449822445,-0.17829702536264175,-0.50425276302335742
2019-01-04,-0.45755747296387356,-0.23376535980828625,-0.49739694089330605
2019-01-07,-0.35637010295487259,-0.25111460035665573,-0.54566669224433595
2019-01-08,-0.40604308085739566,-0.26822808044525082,-0.53336805198253268
2019-01-09,-0.35461083355545281,-0.20013582429741322,-0.46841589309850401
2019-01-10,-0.25094681684123321,-0.21289866637149418,-0.49696850637742335
2019-01-11,-0.22738991237240289,-0.21988517022525375,-0.47608344654807977
2019-01-14,-0.17134488911563955,-0.22916028061231636,-0.46375318637548635
2019-01-15,-0.19334994944025757,-0.37401986019611749,-0.59243649151854094
2019-01-16,-0.14667738946077333,-0.35788613816244569,-0.57197249563482111
2019-01-17,-0.073722029117710003,-0.28867329721667317,-0.5259755097265989
2019-01-18,0.016484666191684798,-0.35680786327854724,-0.57486696958037131
2019-01-22,0.034378652552355775,-0.3662100410108502,-0.59762751610681109
2019-01-23,0.024849277378112895,-0.39951946726371601,-0.58073899100254966
2019-01-24,0.081731350151977036,-0.46772413333246987,-0.62200087069360888
2019-01-25,-0.25037878455702861,-0.44091776247963799,-0.6454678942658465
2019-01-28,-0.14712459453102011,-0.33653128877329413,-0.53231740603612632
2019-01-29,-0.21656312489986915,-0.28631956986813967,-0.53261161618561426
2019-01-30,-0.201695095984881,-0.16929756957953382,-0.38485806853066162
2019-01-31,-0.20349906079353172,-0.11993723006365778,-0.36177462467270016
2019-02-01,-0.19407737817496126,-0.21024576771806011,-0.49426565448354609
2019-02-04,-0.10145384989449577,-0.28901651972602493,-0.47298266842386716
2019-02-05,0.224982061143182,-0.12785930098056719,-0.25602781041152012
2019-02-06,0.26459629239331983,-0.22428070298341873,-0.37027071303310177
2019-02-07,0.15973126894692979,-0.090261937312648352,-0.29407151674187965
2019-02-08,0.28839811642952162,-0.0012659888289374428,-0.17020009155690341
2019-02-11,0.29706820297308323,-0.068541269886439771,-0.23879640120358819
2019-02-12,0.34887710892808893,-0.028970606198481984,-0.20530234809662376
2019-02-13,0.33245551973872667,-0.12067042216796321,-0.34243075091409358
2019-02-14,0.38377564065037983,-0.12141118134120341,-0.33656286921947159
2019-02-15,0.38021921674445358,-0.24082301077801918,-0.3832243071960853
2019-02-19,0.39538702781346674,-0.09049750813312657,-0.29453676660000461
2019-02-20,0.49811593573490986,-0.074447487165975601,-0.20042087867048558
2019-02-21,0.47496654081246781,-0.052219547257313745,-0.22482527159088883
2019-02-22,0.41665995581276738,0.033906234772130818,-0.17230439371835513
2019-02-25,0.38613107438484318,-0.030582082257385578,-0.24396158207299931
2019-02-26,0.4260448973692354,0.00039440267064171357,-0.19779918914609651
2019-02-27,0.38597286044144385,-0.099856786810798848,-0.3164345477948628
2019-02-28,0.41154986936001775,-0.049390397599115309,-0.28723727128243193
2019-03-01,0.41430327810477163,-0.21452829217919633,-0.46054182204649979
2019-03-04,0.32316052017572638,-0.21850998341565173,-0.5159166735099342
2019-03-05,0.37597854984694079,-0.26101258302243574,-0.5015335298141953
2019-03-06,0.4109691560987262,-0.25302031238222955,-0.49540278330980497
2019-03-07,0.31741773603692097,-0.37614513740033673,-0.6456968172917269
2019-03-08,0.43875403342140246,-0.19370197590422356,-0.39692572317710678
2019-03-11,0.39173966095092727,-0.21951849988162131,-0.42271188416469302
2019-03-12,0.33951299984015243,-0.16613448107793535,-0.4064887700268397
2019-03-13,0.35583433768678646,-0.093236364448737022,-0.38517678672859168
2019-03-14,0.38085201062924889,-0.23109347463564175,-0.49992290565836356
2019-03-15,0.37255395964844407,-0.17727250033826228,-0.4596674300307545
2019-03-18,0.42039019916717257,-0.10622804065536659,-0.36929995188454623
2019-03-19,0.43827790287897145,-0.053019694610263637,-0.3404938768698077
2019-03-20,0.466624726115973,-0.0085416480809557705,-0.27858045170868723
2019-03-21,0.49858548989055657,-0.0038323796822748997,-0.25109499231762145
2019-03-22,0.42297227861395903,-0.16178414816548475,-0.43057286855750082
2019-03-25,0.54714364252361281,-0.040317070754817157,-0.29708067882901601
2019-03-26,0.60438233603680358,-0.22871984020095493,-0.39500106151207981
2019-03-27,0.55932055205641729,-0.33886858456815455,-0.51871231475843604
2019-03-28,0.60102962012278083,-0.41916940917187934,-0.56694590775779863
2019-03-29,0.59832388077417908,-0.26871606453126529,-0.43213525616646592
2019-04-01,0.58598817859962549,-0.31488575584991624,-0.46652079998025903
2019-04-02,0.50454782417878874,-0.40162256535138613,-0.56439838796313713
2019-04-03,0.61528865286076784,-0.33838558031051402,-0.46957826011521886
2019-04-04,0.68628492205682134,-0.3238698627658031,-0.4273864324654531
2019-04-05,0.53066743123634219,-0.28098647637628521,-0.47947406976810997
2019-04-08,0.68211395388342322,-0.28470593408835293,-0.40662135007829736
2019-04-09,0.52344938856080547,-0.26509120280072213,-0.47497347611103419
2019-04-10,0.46515362987286929,-0.25738175755478143,-0.49997853273103243
2019-04-11,0.44298731308621536,-0.47334614710578898,-0.64216885035277316
2019-04-12,0.46557217504445375,-0.36356164039670646,-0.56030367814533932
2019-04-15,0.45314586818366676,-0.45449241559157322,-0.62332539742935966
2019-04-16,0.55732716037041274,-0.56278679877935134,-0.63525307379574514
2019-04-17,0.5100691654424534,-0.59299479841195213,-0.67753197768891904
2019-04-18,0.21429474061830459,-0.59336377518773631,-0.83822660080240241
2019-04-22,0.15410942331780814,-0.57269167474298344,-0.86165623378689093
2019-04-23,0.014796472319935411,-0.5154994928548523,-0.88678493612806575
2019-04-24,-0.21857391695765752,-0.40065826503688123,-0.66963242991508931
2019-04-25,-0.21946717093317986,-0.44429015476547412,-0.70820759825636936
2019-04-26,-0.25107214314489873,-0.30369155528444591,-0.59826952186559268
2019-04-29,-0.27455314561164618,-0.31362301165077128,-0.63647297480633658
2019-04-30,-0.35308601993637073,-0.32639409806736425,-0.61795446215654448
2019-05-01,-0.57969764365282372,-0.31959966348581847,-0.66148535774632533
2019-05-02,-0.55756114548136249,-0.285462402985937,-0.62165085203505299
2019-05-03,-0.39117208857248253,-0.2163278336288609,-0.57681143813331714
2019-05-06,-0.38982870998773234,-0.25703047459609485,-0.58450573642387116
2019-05-07,-0.43327716546976874,-0.24387083800254766,-0.61889252381262794
2019-05-08,-0.48476824901828991,-0.2728800470508691,-0.65222940707764854
2019-05-09,-0.57116617662366764,-0.24882402731334791,-0.67613574054985537
2019-05-10,-0.58689702206815686,-0.20616646847630407,-0.67987691262689187
2019-05-13,-0.71661036244061171,-0.16946876343683723,-0.77188635219019219
2019-05-14,-0.67414574951790096,-0.17238411940235498,-0.7456228130323711
2019-05-15,-0.675906355379568,-0.1350725439251057,-0.6926889394552137
2019-05-16,-0.76476045751494748,-0.039906624653903579,-0.69058367324396253
2019-05-17,-0.79281294767035626,-0.099367621148054516,-0.78706223156744948
2019-05-20,-0.76313602237609079,-0.10643371078535006,-0.79831429807955157
2019-05-21,-0.75132079077627856,-0.13581867953167359,-0.81232243361478329
2019-05-22,-0.72864936538110892,-0.15272129402861734,-0.83333854080415415
2019-05-23,-0.73218930803863891,-0.062991753143862642,-0.78024582805842091
2019-05-24,-0.85770096447406841,-0.062874957024948955,-0.76118698995957657
2019-05-28,-0.93179525395084184,-0.1971822117225043,-0.93328659533039637
2019-05-29,-0.9758884573635721,-0.16056540145709408,-0.83803287440541452
2019-05-30,-1.0661501483846751,-0.085439236597000229,-0.76058130424813208
2019-05-31,-1.119370125851564,0.043308863140109261,-0.7840052440101255
2019-06-03,-1.1542900157314488,0.21770838444873494,-0.63606127683645608
2019-06-04,-1.0926351838062685,0.27359873230946263,-0.61807224797390536
2019-06-05,-1.1152556953529624,0.31078007743666419,-0.62706101267251735
2019-06-06,-1.1151555215525815,0.30395941466021859,-0.63806966482548777
2019-06-07,-0.92573546614204816,0.35678492521181188,-0.64866870784911956
2019-06-10,-1.0217494848524618,0.2557889161075641,-0.78153237173299395
2019-06-11,-0.94190780857393053,0.23049341840359341,-0.79241169647375442
2019-06-12,-0.8785468210527978,0.26576313093442483,-0.84626499212901185
2019-06-13,-0.86411491625009185,0.36396930497684699,-0.75980441987571512
2019-06-14,-0.77590312833885988,0.32938838060404174,-0.87284627877731713
2019-06-17,-0.7212253750297678,0.3067163964098325,-0.91495278795647261
2019-06-18,-0.94748010060655208,0.53970271796999858,-0.6280204059888177
2019-06-19,-0.97169072961255343,0.62286216358581536,-0.5313573698924331
2019-06-20,-1.1635549360120481,0.88615706062399724,-0.33166920662549076
2019-06-21,-1.2896703297629917,0.99887768866655091,-0.36418969913534377
2019-06-24,-1.3659163474700851,1.1561726659087117,-0.32617270412919736
2019-06-25,-1.3830855036485759,1.1514727412236796,-0.42408202037240972
2019-06-26,-1.3619805695396383,1.0924312399649594,-0.39648087626578005
2019-06-27,-1.352031320077671,1.1372701080041263,-0.39774398817457796
2019-06-28,-1.4591592533192155,1.2241833184222375,-0.28421309684329255
2019-07-01,-1.2994183891677584,1.039077426365018,-0.33138931732946764
2019-07-02,-1.4565822481908492,1.189945485551223,-0.31481513773996234
2019-07-03,-1.5308808064055643,1.3101695906529354,-0.19623275018174752
2019-07-05,-1.6373774879263745,1.1002077439315234,-0.36979950652098525
2019-07-08,-1.5296220818808079,1.0028741341496239,-0.40580292421173852
2019-07-09,-1.4898061203706137,1.0521875602058695,-0.35390524112414767
2019-07-10,-1.5535616980012219,1.1691886888662604,-0.33684280724158322
2019-07-11,-1.5312466698036502,1.1019683630414585,-0.3566992356252307
2019-07-12,-1.6220605100006791,1.271450353523961,-0.20112807310060193
2019-07-15,-1.3901252837680331,1.2321061538647695,-0.18893240954510601
2019-07-16,-1.1216730567537316,1.1898824336978702,-0.079804497867210722
2019-07-17,-0.97947099580367336,1.3373670596063576,0.11561611164212902
2019-07-18,-0.85792771826006919,1.5703019764478376,0.34637852883017267
2019-07-19,-0.64500234735591333,1.4134175973194529,0.31261691266035996
2019-07-22,-0.64500234735591344,1.4538287151327123,0.48413740897603652
2019-07-23,-0.64500234735591333,1.339757038396961,0.40414058068885145
2019-07-24,-0.64500234735591322,1.4331106826942341,0.5340049985768559
2019-07-25,-0.64500234735591344,1.3599954001638812,0.41648307774351667
2019-07-26,-0.64500234735591333,1.32515929586285,0.35073915071773143
2019-07-29,-0.64500234735591344,1.4628174283004609,0.47505925255488374
2019-07-30,-0.64500234735591333,1.4888594333780996,0.48131196551032457
2019-07-31,-0.64500234735591344,1.3693518442956434,0.35162360870055859
2019-08-01,-0.64500234735591333,1.5299168430040149,0.39323459017191453
2019-08-02,-0.64500234735591333,1.5647517227493197,0.3873852900995865
2019-08-05,-0.64500234735591333,1.7312378830361266,0.46889488110435174
2019-08-06,-0.64500234735591344,1.7698261125800046,0.45871722318015451
2019-08-07,-0.64500234735591344,1.9400104252941182,0.73079209086136632
2019-08-08,-0.64500234735591344,1.9635736638769623,0.68576623795682146
2019-08-09,-0.64500234735591333,1.9077044604160791,0.65549363434316521
2019-08-12,-0.64500234735591355,2.0021000110610396,0.68210549555611222
2019-08-13,-0.64500234735591333,1.9491858713357797,0.68660509621144339
2019-08-14,-0.64500234735591355,2.1640817849870992,0.9111235057085918
2019-08-15,-0.64500234735591344,2.2123322556499558,0.89960690442167213
2019-08-16,-0.64500234735591355,2.328614426751638,1.1676015426773501
2019-08-19,-0.66421505386054447,2.2152114984574713,0.97566772695171566
2019-08-20,-0.68411958387337179,2.2039010308374989,1.0091153674293865
2019-08-21,-0.59117574387213112,2.130108329075163,1.0282071500485777
2019-08-22,-0.56418085799006656,2.0800074021677473,0.99014596770811081
2019-08-23,-0.52836213970862045,2.2059676801287389,1.137712480026118
2019-08-26,-0.44361903868947405,2.3013347998872304,1.3181171114655619
2019-08-27,-0.46828127121110258,2.2485983181338178,1.3744868229248473
2019-08-28,-0.5189267858168799,2.1886246769059743,1.3939483741287506
2019-08-29,-0.50198033588638657,2.1968176130517798,1.428074552735219
2019-08-30,-0.55757830505115336,2.1324432918554765,1.4439063362773641
2019-09-03,-0.7815052014009759,2.2898343146294557,1.743402021386854
2019-09-04,-0.96191788143957746,2.3539949419471786,1.9025320461808726
2019-09-05,-0.38104466023459133,2.1345445592935883,1.6801414154567198
2019-09-06,-0.11760596559059948,2.0231328525617807,1.4518473281031983
2019-09-09,-0.079248341765182015,1.9720185652964355,1.455610796095691
2019-09-10,-0.21584674469776999,1.9156012713489186,1.4581624269797411
2019-09-11,-0.21560491693451983,1.9726906174697854,1.4966450321371851
2019-09-12,-0.14617678419115687,1.9850941088869338,1.4995447152542878
2019-09-13,0.14274520592163514,1.8382914652799272,1.2138605501556985
2019-09-16,-0.034114899881302868,1.9393144292658702,1.3673304650223672
2019-09-17,-0.063295270237201093,2.0170005121524635,1.4600672080053951
2019-09-18,0.04961685458160621,1.9146359415308805,1.3145163757538105
2019-09-19,0.032696314501710282,1.9624562210204974,1.3380946367645121
2019-09-20,0.016455051210165602,2.0229617127541051,1.3595979714387902
2019-09-23,-0.31684099848662989,2.040539830837651,1.5354349910407499
2019-09-24,-0.28824839987333456,2.1485253808500246,1.5171075297305499
2019-09-25,-0.043189515826133063,1.9619207630000182,1.2659859108673883
2019-09-26,-0.1307095581991124,1.9459168222604819,1.184189348708133
2019-09-27,0.0043617827089598975,1.9471472568389718,1.1192327121381576
2019-09-30,0.069478844605855669,1.8782265158859668,0.99766285148991318
2019-10-01,-0.15740269976761662,1.871492173768821,0.95273092412608151
2019-10-02,-0.14615360179904038,1.9769670621570326,1.0837392237755685
2019-10-03,-0.11262447533342725,1.9246047908505985,1.0198746938803529
2019-10-04,-0.13247849051576932,1.9597104235336922,1.0172509785510642
2019-10-07,-0.098480497740191478,1.8768886755959138,1.0083714654348703
2019-10-08,-0.1842993603018365,1.9229751023635786,1.0884061238560143
2019-10-09,-0.12873840338961906,2.0346268147950393,1.1739387851257723
2019-10-10,-0.07990579903656804,1.9495155096635741,1.0975221844077512
2019-10-11,-0.051990658437150887,1.8790474016160339,1.1293339770165405
2019-10-14,0.012358090099975891,1.734043448995894,1.0848202719377029
2019-10-15,-0.025615054382815444,1.7129889901402175,0.98487634276609737
2019-10-16,0.052975286198440032,1.7054377800359126,0.95879802201000419
2019-10-17,-0.019756802171864742,1.7329768531009184,1.0109718958182394
2019-10-18,0.0062074299722675134,1.7243456984834498,1.029648381304539
2019-10-21,0.043868665238812006,1.6715994235017961,1.0451602193142639
2019-10-22,0.024451774566647811,1.6898870240865373,1.0168772466291733
2019-10-23,0.039839851450721421,1.733017616949859,1.0466767882776244
2019-10-24,-0.0044876395965724293,1.74277908287307,1.0706302643847503
2019-10-25,0.044889055996927732,1.7428790066888049,1.1588725224416327
2019-10-28,0.056922561989546566,1.6830556971187649,1.1102851788159245
2019-10-29,0.040575655539473371,1.6315398294405414,1.0743800092675526
2019-10-30,0.15151652760532816,1.712493937168964,1.1872586578061375
2019-10-31,0.094924076067482835,1.8321115731261564,1.2373247932885965
2019-11-01,0.17705649773069959,1.8909437707372969,1.3188610482015461
2019-11-04,0.014457712646523515,1.764505634740398,1.1466640778348796
2019-11-05,-0.0045458005066672871,1.6063878252799191,0.99650071180887634
2019-11-06,0.040578780648908047,1.6633177288362924,1.0451725833792851
2019-11-07,0.088560447272068743,1.5409879572398761,0.92645697734266497
2019-11-08,0.073813420615803441,1.4852869566669487,0.81651634892530778
2019-11-11,0.12890811066190677,1.4831221103046943,0.87578313981099465
2019-11-12,0.18440453742151086,1.6086508317938384,0.96240430760654916
2019-11-13,0.21854865047374678,1.7065712513983173,1.0594783309977125
2019-11-14,0.23610949547327689,1.7385799428128259,1.0904917499729625
2019-11-15,0.22648511547143896,1.6495998889812646,1.0231666392986343
2019-11-18,0.1399330570127876,1.6649050296837866,0.99217060686770397
2019-11-19,0.13653778271508454,1.6087870245835716,0.98245331478308517
2019-11-20,0.12684621418921815,1.6094050608696322,0.9812505483558206
2019-11-21,0.19750730813283343,1.5605837646645861,1.0043499380928265
2019-11-22,0.10862818739007896,1.5302530038656361,0.91702610334551882
2019-11-25,0.22942215118808668,1.4945865761307406,0.94861352774907004
2019-11-26,0.23938833769734535,1.5442800182191989,1.0283915376824007
2019-11-27,0.24987478495376875,1.550419903040547,1.0178363477398837
2019-11-29,0.18808124053974354,1.5701555970925836,0.99007204386811265
2019-12-02,0.2200458559135795,1.5395947468499962,0.94951393719665
2019-12-03,0.28168540389957453,1.6313501069231109,1.0735721243313923
2019-12-04,0.23699568178577987,1.5583565261232197,0.90918723110517574
2019-12-05,0.20676154037043487,1.5130986527357573,0.8893199019030007
2019-12-06,0.22294117190122895,1.4215976276628077,0.76878917128133162
2019-12-09,0.22736677919619586,1.3532329123537277,0.72663705498989462
2019-12-10,0.26460886041273995,1.4072773214501524,0.78069151090886946
2019-12-11,0.28992708046527915,1.4738532074724691,0.83566108097460345
2019-12-12,0.29271261767076523,1.4251935834462162,0.80879151465605936
2019-12-13,0.19225954967342834,1.4814339758606045,0.79049983720125894
2019-12-16,0.33087041955253171,1.5158202174790074,0.87510472645278614
2019-12-17,0.3144359045087215,1.45741101182485,0.83881599648481131
2019-12-18,0.32604261189378358,1.4380162736090416,0.85299326857252478
2019-12-19,0.32573877290032693,1.5139435212892496,0.88910564841061912
2019-12-20,0.37710982681303667,1.4026697774921195,0.86194524359608071
2019-12-23,0.49128921283146121,1.4674094402881854,0.97976007816631494
2019-12-24,0.56347508791141543,1.4559576411345332,1.0231812290231745
2019-12-26,0.56347508791141521,1.5468817330974216,0.9830360341416513
2019-12-27,0.56347508791141532,1.4813116093779048,0.86704278964296755
2019-12-30,0.56347508791141543,1.4650448542999168,0.87335240589819474
2019-12-31,0.56347508791141532,1.467783355967895,0.81878080032013034
2020-01-02,0.56347508791141521,1.5226645950249953,0.84450748558334143
2020-01-03,0.56347508791141543,1.5536362286104668,0.78747182877225252
2020-01-06,0.55597031688605347,1.7111805601239665,0.82527129648120978
2020-01-07,0.48545590193429328,1.7150737586275491,0.91557232544961054
2020-01-08,0.52464119272522536,1.6707378904567003,0.83325094443292658
2020-01-09,0.5215975510759272,1.5674758965264839,0.73564466295442532
2020-01-10,0.46249091368834711,1.6698479259781807,0.8522977017040918
2020-01-13,0.47188751264545248,1.5881526771770396,0.80378745561920673
2020-01-14,0.4620716751532441,1.5603568077959962,0.74623819014061521
2020-01-15,0.43987649911836285,1.6233641591128192,0.82556575633795914
2020-01-16,0.4286975547998495,1.5829133305082037,0.80255963988725898
2020-01-17,0.40264908244648229,1.6098630820081101,0.8393722061254143
2020-01-21,0.35937612118278295,1.7007070462200149,0.8559137600441169
2020-01-22,0.33871640843539358,1.6737956939951626,0.85493356661895459
2020-01-23,0.3714844798980661,1.7050445838715351,0.828476598893228
2020-01-24,0.34777674859342927,1.7669416741767932,0.93999396312963834
2020-01-27,0.45671715813061003,1.7102312260941368,0.80456288708435741
2020-01-28,0.45527876711254628,1.5987205293861517,0.60183159393791508
2020-01-29,0.48466811845145286,1.5972943838720082,0.59895713958979591
2020-01-30,0.69094226825216487,1.5503678575284481,0.6236082158374181
2020-01-31,0.71228849590986942,1.5942609752584149,0.66598991463288215
2020-02-03,0.52130475642208207,1.5533724399860758,0.61053522622137024
2020-02-04,0.62946143547272937,1.4707623128175817,0.60873863446096987
2020-02-05,0.59288694289525157,1.4594780130522402,0.61526392577176703
2020-02-06,0.58477902255551228,1.5643277988004574,0.73364374999110304
2020-02-07,0.54116825901960075,1.5661124437957927,0.67479072377717975
2020-02-10,0.55914200024834615,1.5560402435020941,0.67564542778111747
2020-02-11,0.49357556495859917,1.5693251054738804,0.67350195366166665
2020-02-12,0.39998390570314479,1.5445374500543005,0.62292193835618603
2020-02-13,0.37110040239442738,1.6263215089980516,0.71221121075700122
2020-02-14,0.37432984630800875,1.6149955384354737,0.72203812273844781
2020-02-18,0.50026918351514338,1.6660916412388533,0.79526161399747786
2020-02-19,0.56854965223326759,1.5972069704644543,0.79256752767689376
2020-02-20,0.47753776986193341,1.6464723152623364,0.74909859384470734
2020-02-21,0.41341629220340265,1.8668907512305521,0.87323667017841278
2020-02-24,0.39462547615669868,1.9086252128719674,0.86760074718229852
2020-02-25,0.17489977624579167,1.7441600510978894,0.66992131735232718
2020-02-26,0.11680534226126754,1.7659952129448895,0.64767426115228877
2020-02-27,-0.0022712577454001024,1.8309757707764933,0.64833475653101447
2020-02-28,-0.17832338675758341,1.5019762953057907,0.39006539013021613
2020-03-02,-0.21171556879204795,1.6988696299484933,0.54526323297752399
2020-03-03,-0.2432432746477689,1.9173535043367418,0.69822112463383101
2020-03-04,-0.22079439643847334,1.9207677943415722,0.70217210623734216
2020-03-05,-0.30689428737108942,2.070808744527481,0.78016342345694023
2020-03-06,-0.37641998911180818,2.0803367323814546,0.76491281008839584
2020-03-09,-0.55052390027970255,2.0141750894303732,0.56893883229451625
2020-03-10,-0.42709851603489962,1.8624872166633646,0.5365351227048446
2020-03-11,-0.44851330294788821,1.7890004519926368,0.4696955086685885
2020-03-12,-0.62065413752886356,1.3651479172502705,0.14458686895013731
2020-03-13,-0.83373016005418066,1.1996229249209165,-0.058359682293719309
2020-03-16,-1.2794601590356767,1.0810275608586972,-0.55260474243279467
2020-03-17,-1.4113937305274122,1.1688932594989796,-0.60710940445046402
2020-03-18,-1.5501915608666714,0.99682960886918992,-0.80901049289701177
2020-03-19,-1.3497350998148072,0.81104582329508501,-0.80865799794546078
2020-03-20,-1.3181733590085716,0.93960410120228155,-0.69457238873712901
2020-03-23,-1.3148536092095275,1.1775899925786373,-0.44744549646245779
2020-03-24,-1.2258469750351961,1.3825787455900969,-0.1763754431969938
2020-03-25,-1.0163254946591476,1.3224406163488289,-0.096295722114176696
2020-03-26,-1.0922501609570276,1.4335797997086537,-0.054741477457727665
2020-03-27,-1.0843592924651009,1.4872791267918657,-0.016807669506648529
2020-03-30,-1.2213888037290435,1.509072734707545,-0.1173501600608062
2020-03-31,-1.0406427160698934,1.3050616580944285,-0.13921152608488455
2020-04-01,-1.0941288875611441,1.3390443442620921,-0.14975490906917238
2020-04-02,-1.0185522291710385,1.4432328114070792,-0.022008825491837379
2020-04-03,-1.070537298175555,1.4576125967071996,-0.044883367069486924
2020-04-06,-1.0143971429249066,1.6133303669911674,0.11331256211831583
2020-04-07,-1.0258058317449008,1.553461195954688,0.069567966675027584
2020-04-08,-0.94286716433252471,1.4653614201568566,0.064480963776382572
2020-04-09,-0.94272837887176242,1.5869354524877655,0.16241764843828188
2020-04-13,-1.0019977092236889,1.7645485111481409,0.23954145755260117
2020-04-14,-0.97560861127430154,1.8163105848726215,0.29126339719869565
2020-04-15,-1.0172329928752857,1.7960790856917388,0.25123713359430994
2020-04-16,-1.0601660361127054,1.8478722425954133,0.25352511024755253
2020-04-17,-1.0683550732161664,1.7299286820929176,0.17285168302064746
2020-04-20,-1.0739058544084401,1.7667911989659288,0.1968652052175896
2020-04-21,-1.1786712430175028,1.7242657085533319,0.10076740052589232
2020-04-22,-1.1753550646555142,1.8427510040710167,0.19302137153228591
2020-04-23,-1.2182092740775718,1.881951114819939,0.19993049315645595
2020-04-24,-1.1820912984935168,1.8507740710676159,0.19993049315645595
2020-04-27,-1.1362296954305839,1.7714671469173724,0.17574879038679728
2020-04-28,-1.1294324082934621,1.7714212933163753,0.17595468793813682
2020-04-29,-1.0911380586979331,1.7855123079985125,0.21180792203847446
2020-04-30,-1.0131555557651082,1.7083815580051798,0.20578972531008785
2020-05-01,-1.0827663172659043,1.7669509580673761,0.20109153947653174
2020-05-04,-1.2336112039601899,1.7533105286346289,0.10290829514745575
2020-05-05,-1.1994162980175136,1.7701179182684283,0.13736506859447375
2020-05-06,-1.0897640625381457,1.6698206704350307,0.13493083671529768
2020-05-07,-1.039435633440537,1.768295102379112,0.23881349806512076
2020-05-08,-0.88417555362817846,1.7178469705749362,0.29585011389133409
2020-05-11,-0.83418388527211118,1.6689949175636434,0.29340835551517613
2020-05-12,-0.81132218867364514,1.6343140019865983,0.28872632820673677
2020-05-13,-0.84458383213782662,1.6984519493943522,0.31415766456131816
2020-05-14,-0.80365201159760025,1.7515820159917603,0.37625870167647246
2020-05-15,-0.52120152288342469,1.8277290754441493,0.57778184277564815
2020-05-18,-0.36175415857284077,1.8246414772354753,0.66896328223455759
2020-05-19,-0.37389794105471025,1.8790457970213152,0.73948629441683122
2020-05-20,-0.37876232225170914,1.9066955524390452,0.78290280157371872
2020-05-21,-0.38807202648794642,1.8202513951892136,0.69688028993310513
2020-05-22,-0.40052463199318711,1.8103541671252474,0.67954349759177102
2020-05-26,-0.38310604383581992,1.7150517056490873,0.67229857743524091
2020-05-27,-0.33099337660523254,1.7485080562659832,0.75604627955454906
2020-05-28,-0.35269748983606036,1.7658035926972857,0.74953448563350555
2020-05-29,-0.34677210404743808,1.7689158354938508,0.82256095781631788
2020-06-01,-0.292433844494009,1.7217666970887937,0.89436725547518692
2020-06-02,-0.27123781344058512,1.604142629985492,0.79137210200211405
2020-06-03,-0.26201035202354506,1.4859972752814585,0.7145421885169958
2020-06-04,-0.20682698024642227,1.5296177074544326,0.72879938255507271
2020-06-05,-0.20396635619969469,1.3841410177843565,0.65047870548917697
2020-06-08,-0.29325211986641336,1.4119570387691567,0.69456507413040247
2020-06-09,-0.13516470803298686,1.5247063032994628,0.72725829346510884
2020-06-10,-0.24679822129365683,1.6087237627958335,0.8230069206454762
2020-06-11,-0.1029491267517912,1.536901730092405,0.71268990810820287
2020-06-12,-0.057730428533049043,1.5108148148205518,0.6530979424047203
2020-06-15,-0.034163315420624549,1.5023280184787215,0.65475996656649738
2020-06-16,-0.045665773256408478,1.5031302341960426,0.66305179795284752
2020-06-17,-0.086526187636573978,1.4856086027333002,0.64240769322545899
2020-06-18,-0.071577287592836658,1.4403867704426319,0.59107646410315173
2020-06-19,-0.064266782095269856,1.3708040029691699,0.5833159140543438
2020-06-22,0.040478326485434715,1.3698543246781019,0.60555244050562962
2020-06-23,0.054699799023101778,1.3360420774868116,0.63335320137533979
2020-06-24,0.22592102444809223,1.3044954004206855,0.55635696778196975
2020-06-25,0.096022807722285677,1.3558804156521773,0.62996979338900205
2020-06-26,0.11695584177583505,1.3869659799431659,0.64670800578810428
2020-06-29,0.11053931043317192,1.3745590114277721,0.63935316681425247
2020-06-30,-0.033542223088635824,1.5216624364084634,0.74119523253580266
2020-07-01,0.083312054567782845,1.3810582780788674,0.68019212221275882
2020-07-02,0.12661400730925601,1.3840154062450547,0.65234163787577237
2020-07-06,0.088363151621629443,1.4869598033030307,0.77558054844424562
2020-07-07,0.099839841990190095,1.5621020667323229,0.77031345686527408
2020-07-08,-0.027090261564329515,1.5773639799949988,0.83709784687995592
2020-07-09,0.038677129609707178,1.4745394473240374,0.78996824455001446
2020-07-10,-0.0065390431182883145,1.5108049307540676,0.81949131241885675
2020-07-13,-0.088999497165397221,1.4820930624514677,0.85313155916756933
2020-07-14,-0.19926008183752877,1.509145835405034,0.8602842697733406
2020-07-15,-0.35358098777489477,1.5664276970481519,0.86901658687025762
2020-07-16,-0.3397113408756523,1.4172827976352544,0.71372300172558523
2020-07-17,-0.41546261453040406,1.3855518937397493,0.68153192255288253
2020-07-20,-0.63274379268416758,1.5070684090031952,0.79598475967860849
2020-07-21,-0.88691828239709281,1.576050410214205,0.93735123987072166
2020-07-22,-1.2269027532649646,1.6948496216416524,1.1763359431847795
2020-07-23,-1.0427454288000437,1.7156051215443051,1.0817657741357576
2020-07-24,-1.0489689898641372,1.8082761928756588,1.1390039254548801
2020-07-27,-1.3263076793992965,1.9036913963644191,1.3451437017083749
2020-07-28,-1.2623303958179484,1.9128579529526375,1.3201414217159528
2020-07-29,-1.1610069711276776,1.9361164356538809,1.274782456702527
2020-07-30,-0.96187082485826181,1.9740693690995734,1.2191035420954421
2020-07-31,-1.1311542108721955,1.9014556983753044,1.3053767074287734
2020-08-03,-1.1490966886907066,1.9315874854055179,1.3460640852071759
2020-08-04,-1.3847209671768383,1.9665500271469041,1.4866417377677748
2020-08-05,-1.5289785228980941,1.9727704209186829,1.5654901565211308
2020-08-06,-1.8001681582831719,1.9631761835781543,1.6396833881351012
2020-08-07,-1.6948245762245382,1.8308628359308783,1.5772220146876097
2020-08-10,-1.8756632333141825,1.8299831863239029,1.6584096554168386
2020-08-11,-0.99391438555701694,1.3892981826909594,1.179255908195425
2020-08-12,-1.0279760498936961,1.3968757221729005,1.207486564130722
2020-08-13,-1.280129022172674,1.4796776899192838,1.3662338247424357
2020-08-14,-1.1100324704532643,1.418871013671587,1.2660781171812054
2020-08-17,-1.2212460454430263,1.5659378532909383,1.3835813718225465
2020-08-18,-1.2375994241511472,1.6829205719492741,1.4462695435994188
2020-08-19,-1.1601649786401118,1.4427601709646962,1.3013602303648324
2020-08-20,-1.2665845210048747,1.4972716742739467,1.3717673902758309
2020-08-21,-1.1516625487482088,1.4659735868383992,1.3114026547693745
2020-08-24,-1.1144506904456708,1.3346436395454526,1.223002034564473
2020-08-25,-1.1398197396348346,1.3405376187585269,1.2134688405938734
2020-08-26,-1.2431291865812677,1.3518827470163692,1.2176521482212783
2020-08-27,-1.1982741298234851,1.3013718960965928,1.1560561099005016
2020-08-28,-1.217683238030127,1.4307719391286926,1.2144746311554719
2020-08-31,-1.3008262281961485,1.4579179807628673,1.2612444552026998
2020-09-01,-1.2044120798230338,1.3922341223919024,1.1512626151442009
2020-09-02,-1.0846722022554265,1.2834699336739468,1.0316666776816703
2020-09-03,-1.0363056221524891,1.380918164552938,1.0848096604166377
2020-09-04,-1.1482747466801841,1.4446135844066881,1.1990133082063412
2020-09-08,-1.0920655514911359,1.4548316317856798,1.1730891803362415
2020-09-09,-1.1120702179915818,1.5554364201748632,1.212979036475299
2020-09-10,-1.0625241765083495,1.5046291862724388,1.1652707874302242
2020-09-11,-1.0800150415584209,1.4930404704368843,1.1738287531620202
2020-09-14,-1.1990262081766379,1.5827616160013029,1.309319073110345
2020-09-15,-1.1531391028625579,1.5247226226144497,1.2389422848889209
2020-09-16,-1.1297057863259328,1.5293574196956672,1.2208759751550105
2020-09-17,-1.181242173537939,1.5339837450928013,1.2691350384662128
2020-09-18,-1.1176952658244546,1.5191363166981398,1.2275014610339441
2020-09-21,-0.80859435707239036,1.3371740800844365,0.98788841539452521
2020-09-22,-0.69600432184103211,1.2798575825461505,0.86091316409180352
2020-09-23,-0.50449461587851396,1.1247000749770752,0.68219105489994791
2020-09-24,-0.47808280747025572,1.252354518609951,0.83442304856695426
2020-09-25,-0.48314788021732658,1.2381087752976756,0.81012504156181442
2020-09-28,-0.51548718425581108,1.3201599546775953,0.93769573541402418
2020-09-29,-0.5415436181404597,1.4555057990978202,1.0590454038789789
2020-09-30,-0.52175463025381974,1.3921106651924429,0.92503043346436131
2020-10-01,-0.50930891407454426,1.3781181046576731,0.93318384023283685
2020-10-02,-0.52011156472210429,1.3486155462364751,0.93763869653495402
2020-10-05,-0.52296161459156831,1.3749860517217498,0.99377544118598848
2020-10-06,-0.51830933152093661,1.3558307446028568,0.90928431093935702
2020-10-07,-0.49495661672505398,1.3067365605202304,0.9035146110564326
2020-10-08,-0.498586581383403,1.3210352524367925,0.9149296145981558
2020-10-09,-0.5106013450423269,1.4637225189557277,1.0756880075232242
2020-10-12,-0.49751330803784899,1.478889603424143,1.0673325393732818
2020-10-13,-0.48980859796276949,1.3657345793910323,0.95841877874259007
2020-10-14,-0.50482928597593857,1.4216705722014165,0.99662971552437951
2020-10-15,-0.5198041950929787,1.4106573003873542,1.0034845966719088
2020-10-16,-0.50098539597252889,1.3836540729727862,0.96442220714230698
2020-10-19,-0.500985395972529,1.3922828023470599,0.9800963209129725
2020-10-20,-0.50098539597252889,1.4448484298097142,1.0261966170114143
2020-10-21,-0.50098539597252889,1.4690230554093517,1.060111209999608
2020-10-22,-0.50098539597252889,1.4005447615315298,1.022243242921353
2020-10-23,-0.50098539597252867,1.3568265281412146,0.98247741469574013
2020-10-26,-0.50098539597252889,1.3414239709943754,0.91279943019367304
2020-10-27,-0.50098539597252889,1.4042688302062984,0.95606907880960335
2020-10-28,-0.50098539597252889,1.3260917573468187,0.85496674372611559
2020-10-29,-0.50098539597252878,1.2738274314250009,0.83570803129251259
2020-10-30,-0.50098539597252878,1.2456582457516132,0.83932289964274853
2020-11-02,-0.50098539597252889,1.2918380294774003,0.8843411332343184
2020-11-03,-0.50098539597252889,1.3379880713760317,0.897544543064273
2020-11-04,-0.50098539597252878,1.4287065524373825,0.93600979269862317
2020-11-05,-0.50098539597252889,1.5197755861588438,1.0684538870335856
2020-11-06,-0.50098539597252889,1.6178297964722799,1.1572912418353287
2020-11-09,-0.50098539597252889,1.3723869608665185,1.0645777146102573
2020-11-10,-0.50098539597252889,1.4026181863555487,1.0496321114865603
2020-11-11,-0.50098539597252878,1.3651121400003225,1.0636430256087697
2020-11-12,-0.50098539597252878,1.3756366220157625,1.0503324510583651
2020-11-13,-0.50098539597252889,1.3889576839427651,1.0760196161600282
2020-11-16,-0.50098539597252878,1.4021797802192264,1.0958691320579548
2020-11-17,-0.50098539597252889,1.366900401696836,1.0561399312152582
2020-11-18,-0.50098539597252889,1.3332938310714804,1.0213440999823225
2020-11-19,-0.50098539597252889,1.3206027304889578,1.0046303507105028
2020-11-20,-0.500985395972529,1.3660357049894938,1.0194188291168407
2020-11-23,-0.50098539597252922,1.2649810506153389,0.97215233671501944
2020-11-24,-0.500985395972529,1.2060338200867962,0.95730123611595019
2020-11-25,-0.500985395972529,1.1786848481888734,0.93609731076043856
2020-11-27,-0.500985395972529,1.1520950201031792,0.88323385722552095
2020-11-30,-0.500985395972529,1.0845932989862104,0.87139006924277551
2020-12-01,-0.500985395972529,1.1903414271393469,1.0195052664849662
2020-12-02,-0.500985395972529,1.1801820280053441,0.98631842487519927
2020-12-03,-0.50098539597252889,1.227337185403349,1.0399540879013753
2020-12-04,-0.50098539597252889,1.20944471629628,1.0318752063677021
2020-12-07,-0.500985395972529,1.3366937691135041,1.1230279300912129
2020-12-08,-0.50443179598460453,1.3561570993095828,1.1199998820026305
2020-12-09,-0.50859045034128292,1.247683758294363,1.0468781626050077
2020-12-10,-0.52024404081209197,1.2028148668268466,1.0296213739449565
2020-12-11,-0.54499531815153801,1.2308690708029586,1.0085537804749092
2020-12-14,-0.53245714315151171,1.1789657630418029,0.9994600745958675
2020-12-15,-0.54374250519403955,1.2485779312173675,1.0543969623648872
2020-12-16,-0.53954473078002163,1.2777214863981696,1.138921668501907
2020-12-17,-0.55585784120699877,1.329819346248631,1.1867119275792368
2020-12-18,-0.54038379583632634,1.3077372534699878,1.162348803384748
2020-12-21,-0.60377998332568839,1.2860025230682437,1.1877098340253069
2020-12-22,-0.55377616928973605,1.2284472628161851,1.0585918206426801
2020-12-23,-0.59426002401151046,1.2148131591622284,1.0527409006638393
2020-12-24,-0.60085796749948039,1.1955695636464043,1.0474594285307874
2020-12-28,-0.65666771462642159,1.1784571092136895,1.1127923033719258
2020-12-29,-0.64351303781709701,1.1862331678360627,1.0869108454164753
2020-12-30,-0.66257540383499403,1.2150723987418808,1.1297094776890906
2020-12-31,-0.63343105177377779,1.1969765843051092,1.0938962306653672
2021-01-04,-0.65789168241504647,1.2381399881077035,1.1601908503061515
2021-01-05,-0.68309684773723589,1.2010633425174109,1.1752555745021922
2021-01-06,-0.69071508089252887,1.0938305440792297,1.1142553340798447
2021-01-07,-0.68833547395353678,1.1210231238413839,1.1398055765044464
2021-01-08,-0.59075726131137218,0.96069577202676504,0.99628776217769344
2021-01-11,-0.56488149109149421,0.92083063315690161,0.94390620788108803
2021-01-12,-0.60050535669953098,0.99103502035172275,1.0076531396288673
2021-01-13,-0.58236411694627621,0.97358792894639823,1.0023625071266458
2021-01-14,-0.61061233569506779,0.94196340216357155,1.0025548211748032
2021-01-15,-0.5624951547011221,0.88563370110231421,0.93259109962087738
2021-01-19,-0.58572070499332074,0.9181814813570558,0.96748370270670359
2021-01-20,-0.6105526455970246,0.99128439297452764,1.0512300248259137
2021-01-21,-0.62618591323579142,0.98642747149096466,1.0616307903049214
2021-01-22,-0.59514837658873299,0.93502592206318791,1.0214160154784779
2021-01-25,-0.58192884938401479,0.9104562835009341,0.97080329045214264
2021-01-26,-0.59781120875893157,0.86434779918506444,0.98304756379081581
2021-01-27,-0.58966042228873594,0.87776100467278029,1.0402069546457582
2021-01-28,-0.71912447546997682,0.85556436380801459,1.1448721773697772
2021-01-29,-0.78799387176267,0.85319317806674078,1.1328276103359667
2021-02-01,-0.94325678393256707,0.87060815036596317,1.2581944276434867
2021-02-02,-0.69390101899167866,0.8410824210448683,1.0980311902942985
2021-02-03,-0.75895546409285031,0.90048893048519429,1.1388822365507414
2021-02-04,-0.76285540295668974,0.78189789875060467,1.0971191699462894
2021-02-05,-0.7989954664638298,0.80355001130568926,1.1158551421740333
2021-02-08,-0.80104983884935643,0.83952879760294263,1.1655507274984636
2021-02-09,-0.78605220037294066,0.84293670737902127,1.1467988721925237
2021-02-10,-0.74543345142175776,0.87825096592525409,1.1457263013691041
2021-02-11,-0.74834435234714325,0.83832127662289468,1.1676268727715515
2021-02-12,-0.78264970766853048,0.79518185715033396,1.1693579039166506
2021-02-16,-0.81553004192059042,0.7015334446014948,1.1518200261964469
2021-02-17,-0.89025364089479742,0.58214541619563165,1.1063372243423646
2021-02-18,-0.87244835540492727,0.55321890083019631,1.0486398503775785
2021-02-19,-0.86110877290413557,0.55353235460235295,1.0774715281814302
2021-02-22,-0.91172888898678972,0.55326606141024282,1.1430311485959517
2021-02-23,-0.8533055904160004,0.49786337200083491,1.0802721371142632
2021-02-24,-0.82517979801325458,0.58521416765617085,1.1905541679095877
2021-02-25,-0.7992043779153577,0.46794168128410346,1.1476972200329711
2021-02-26,-0.74865372935953622,0.34479768529721894,1.1096829319360426
2021-03-01,-0.70066945529974434,0.52419100030295973,1.238688195650679
2021-03-02,-0.70003684181333381,0.52380446477443066,1.2521657464128173
2021-03-03,-0.66309115308580657,0.31510922773497596,1.1420479750689476
2021-03-04,-0.61681154767756974,0.2562816601301155,1.064908974927526
2021-03-05,-0.57234706023141668,0.15145552104030624,1.0178445107892808
2021-03-08,-0.57211543048385149,0.09681389047624972,1.0303786231077803
2021-03-09,-0.55149945218232099,0.19504907107208933,1.1382029971322354
2021-03-10,-0.60023979878117439,0.32875968995328569,1.1835151068374148
2021-03-11,-0.58921594655707044,0.34245837399982276,1.1912522145549682
2021-03-12,-0.51825898702883344,0.55517353514374379,1.3265468766596533
2021-03-15,-0.47453884118653072,0.74528465159428059,1.5105169841079076
2021-03-16,-0.22443396499048432,0.81171936671662959,1.8392133843393588
2021-03-17,-0.18674199060308433,0.77941531118170393,1.8937289311434646
2021-03-18,-0.10769120546271542,0.85817309621070936,2.0125556766942267
2021-03-19,-0.18873202858110877,0.98539209503779479,2.0100473793024038
2021-03-22,-0.16546936155765571,0.90043337912416943,1.9131248102602476
2021-03-23,-0.10876777256275233,0.64316045266173905,1.7128703627005757
2021-03-24,-0.16219938260914946,0.41092783379018277,1.5527434839513476
2021-03-25,-0.23769419626623256,0.46937866443882975,1.5190037255375131
2021-03-26,-0.20607510815677141,0.41358311369420869,1.5091431847412793
2021-03-29,-0.20922781590414777,0.38192289296675047,1.4912374108872677
2021-03-30,-0.15120374861083816,0.25829055627258174,1.4713871333563473
2021-03-31,-0.22305342470082318,0.53191832618166368,1.5380775003976439
2021-04-01,-0.19272932879832033,0.54953026331543697,1.5898857419273802
2021-04-05,-0.23277953049346659,0.45523921970613607,1.4954758687166023
2021-04-06,-0.20766903477665635,0.47275922896134803,1.5339237438459847
2021-04-07,-0.22490754854904677,0.30062457583136748,1.4376476436984809
2021-04-08,-0.23360743162225417,0.39405576724820301,1.4742636871602335
2021-04-09,-0.25067194465627185,0.40219965178702222,1.4610230108715199
2021-04-12,-0.24322953399702346,0.21695144566971059,1.3549865545033417
2021-04-13,-0.20389793045261956,0.15837825297153513,1.3928694659835383
2021-04-14,-0.22221529582700494,0.086176551617416677,1.360050226696752
2021-04-15,-0.21088543776592628,0.21123815594415432,1.4311560160090389
2021-04-16,-0.21676940680247692,0.25185848273022726,1.4338586881068971
2021-04-19,-0.21446612387873906,0.35232664703077099,1.485804520324715
2021-04-20,-0.21205333660297537,0.33136148528345249,1.4650356101201476
2021-04-21,-0.16909683589243313,0.43039641364479858,1.6045946762510943
2021-04-22,-0.14669946728348035,0.27687146252836176,1.5183558329918778
2021-04-23,-0.1370316484436585,0.1948798007314943,1.4907844330140123
2021-04-26,-0.15006151696561756,0.2363497994296592,1.5067734065743699
2021-04-27,-0.17012789622882693,0.26117902869731419,1.5157564541174331
2021-04-28,-0.16499425352513036,0.30552636777618292,1.5359349226729431
2021-04-29,-0.17875456861674635,0.24772788447757657,1.4902905370283119
2021-04-30,-0.18259736946057498,0.33794826973713465,1.5189697358339842
2021-05-03,-0.15456343530861383,0.3780495496548455,1.6189722903038486
2021-05-04,-0.11901765405343584,0.31272021326429944,1.60654269041331
2021-05-05,-0.13345514020155383,0.31213160763704284,1.5788451376646153
2021-05-06,-0.17046641155002806,0.48850049118466343,1.6549024620558339
2021-05-07,-0.18241415110917591,0.45166846166546026,1.607792913952391
2021-05-10,-0.23076270523155062,0.50627003153969996,1.5662165601291655
2021-05-11,-0.24911764001383888,0.54520915640701695,1.596216792900772
2021-05-12,-0.23451829230741303,0.4612934304184535,1.5423132193286531
2021-05-13,-0.22792328659125605,0.42873926208716912,1.5275206501638829
2021-05-14,-0.24498413557312312,0.43030108628786451,1.5138611687572483
2021-05-17,-0.34592618296015454,0.46550125452063346,1.4747763098232018
2021-05-18,-0.41087934422328881,0.52313779346037159,1.4284203604915424
2021-05-19,-0.41087934422328876,0.47002183581529222,1.3319227691171631
2021-05-20,-0.41087934422328881,0.48309534333731763,1.3094897556672844
2021-05-21,-0.41087934422328876,0.57584858656132409,1.3464754426322956
2021-05-24,-0.41087934422328876,0.55103858605171474,1.3550808784572301
2021-05-25,-0.41087934422328876,0.69353572923973505,1.388223131744033
2021-05-26,-0.41087934422328876,0.67202428960370209,1.3305543656232812
2021-05-27,-0.41087934422328881,0.65421716760616611,1.341450918736941
2021-05-28,-0.41087934422328876,0.63290617139954464,1.2785325017796731
2021-06-01,-0.41087934422328876,0.58876461829605986,1.2108510071890999
2021-06-02,-0.42275424790121618,0.65802986967649946,1.2777546864103355
2021-06-03,-0.42961590027781721,0.6506585090100464,1.2645898715930011
2021-06-04,-0.44614989335853883,0.65215355954895549,1.2858880203517735
2021-06-07,-0.44609442238768576,0.80558878008322765,1.3492091046249197
2021-06-08,-0.41598395672854266,0.72185462006880374,1.264488516002177
2021-06-09,-0.46403884003941731,0.65208265693930889,1.3061439241799455
2021-06-10,-0.42168634784459857,0.59260679585805986,1.2473772717302616
2021-06-11,-0.47969354535772396,0.56693750218116368,1.317010066350236
2021-06-14,-0.50611330777505226,0.5218801692398336,1.3385560634679137
2021-06-15,-0.50892848557854331,0.50952233689574433,1.3278003958763105
2021-06-16,-0.50349702316937095,0.40665827747663424,1.2848157663219095
2021-06-17,-0.49814413892206588,0.20385098060519857,1.1483373590432457
2021-06-18,-0.51051204213421042,0.18230528902964527,1.1490352808120368
2021-06-21,-0.49726632170690632,0.18948756062733371,1.128047881788806
2021-06-22,-0.51159411253414155,0.12572390526994215,1.1029090537842456
2021-06-23,-0.49530100019671369,0.071403690648916079,1.0733521963078558
2021-06-24,-0.5560448290234713,0.088711755366178341,1.1574206579394906
2021-06-25,-0.51140804135504481,0.11218331656391559,1.1261010674704763
2021-06-28,-0.51668711297280145,0.085077807393045532,1.1232420737513731
2021-06-29,-0.51517567650782281,0.018752133097137875,1.0872840904502461
2021-06-30,-0.47530999377672217,0.021221258908646588,1.0690207922778552
2021-07-01,-0.49143754489037589,0.068678005562433156,1.0856272125299822
2021-07-02,-0.51265391117588854,0.094954551506991988,1.1455211169013899
2021-07-06,-0.47930653780540405,0.088823309013336252,1.0643860176472961
2021-07-07,-0.50100611323813682,0.073868785686729665,1.0711743187956293
2021-07-08,-0.4486433007665912,0.032782768484058693,0.98074867143460887
2021-07-09,-0.45119682613148049,0.068889674860864628,1.0145780397687458
2021-07-12,-0.42501043723081749,0.077004824253078391,1.0166347308693733
2021-07-13,-0.40873006519977184,0.077367645285281103,0.95476179107435488
2021-07-14,-0.38676781985940906,0.113689270118447,0.94722449306756762
2021-07-15,-0.35510852289641126,0.1094661830021172,0.92525370186500044
2021-07-16,-0.42642308241298127,0.10794915429524728,0.91605421643800111
2021-07-19,-0.46623902360207869,0.065800059564890698,0.83408729587922092
2021-07-20,-0.41570171637895559,0.02916678160093026,0.74927934163237331
2021-07-21,-0.24092160902368157,-0.065494568447314078,0.63491619941783783
2021-07-22,5.3900831896414421e-05,-0.14567359104298508,0.43755798823051106
2021-07-23,-0.11010338588789426,-0.21809812023845898,0.46395145523320658
2021-07-26,-0.099214433150608031,-0.28461928113485246,0.44336054830059896
2021-07-27,0.059859797118853551,-0.396908616605672,0.20924176731444516
2021-07-28,0.031740062892070771,-0.41733786841554715,0.2396829080396744
2021-07-29,0.0037282798401543455,-0.39491078317919115,0.32339650137972076
2021-07-30,-0.10014750097650793,-0.39782129507522845,0.40817253985801188
2021-08-02,0.013314454126804581,-0.46143138551497959,0.29256278997536422
2021-08-03,0.044091315802556479,-0.4726696924947868,0.2988098278470776
2021-08-04,0.22398581063831766,-0.60631474806416796,0.11166582168779969
2021-08-05,0.3234301665907931,-0.6888176670939492,-0.0028066810082666726
2021-08-06,0.62884757084832199,-0.91750234712582446,-0.29057693077617758
2021-08-09,0.50879147992668272,-0.92777297936106562,-0.31301887201580841
2021-08-10,0.68642436574843402,-0.90488235626095248,-0.41396474698628116
2021-08-11,0.12683872985319966,-0.51890652789294622,-0.020095262337426048
2021-08-12,0.11671065691030137,-0.48748961168184002,-0.076506955118777378
2021-08-13,0.56981022071117093,-0.55143001448456075,-0.27310211740488116
2021-08-16,0.36019688016391993,-0.49100563584259554,-0.15372634700507587
2021-08-17,0.51488125543499785,-0.64801477254008244,-0.31085274211058045
2021-08-18,0.51177360779757153,-0.70324951620899856,-0.36118766723787948
2021-08-19,0.37142144452482279,-0.52644199140104131,-0.28049020589029644
2021-08-20,0.52096093967606705,-0.56984290803952753,-0.39441525642679098
2021-08-23,0.40320155916930722,-0.43337945998575578,-0.23334964380179882
2021-08-24,0.38479047455372289,-0.39891631869532818,-0.16836077202997546
2021-08-25,0.45738707849059801,-0.45312861490833328,-0.18697601122328489
2021-08-26,0.59169724925996048,-0.52632050926121343,-0.32227926839539145
2021-08-27,0.55656894986174255,-0.34684288754401676,-0.20480581201455983
2021-08-30,0.60345344588720362,-0.49967177791476225,-0.26998632142698725
2021-08-31,0.76057679109212606,-0.50224733103846431,-0.36233432572358981
2021-09-01,0.76727421161266207,-0.50990428804135168,-0.31940460138905657
2021-09-02,0.63261737461652146,-0.44080892449793213,-0.28193093188607138
2021-09-03,0.52587770493384567,-0.31310369241051705,-0.080071098446444361
2021-09-07,0.63227051406734991,-0.46036012651832497,-0.17012936819266244
2021-09-08,0.49352444257896894,-0.46420923919501444,-0.17852871435227502
2021-09-09,0.57187744055620504,-0.50052885089494281,-0.21863255843014229
2021-09-10,0.46040968706815483,-0.51269576588708443,-0.21821614301220285
2021-09-13,0.45796500522448219,-0.48968483229613036,-0.22320547431867599
2021-09-14,0.52705070728953396,-0.49969237186796123,-0.25651814103441051
2021-09-15,0.54396068274342146,-0.52269666037295826,-0.25337341787031126
2021-09-16,0.47211848747248492,-0.68621596615547586,-0.36624539052429678
2021-09-17,0.41216882689809886,-0.66064335129847851,-0.43906064044684234
2021-09-20,0.24735599970504601,-0.62115239918799081,-0.42491083667323887
2021-09-21,-0.243949042456862,-0.44698391311298946,-0.15744561772328658
2021-09-22,-0.241443616565306,-0.43963499749668633,-0.10179218877395863
2021-09-23,-0.67388013065922558,-0.37512899716270692,0.11377076816828183
2021-09-24,-0.92784201237524055,-0.40897579616522806,0.023007784407230798
2021-09-27,-0.88131180128355069,-0.37574470499761448,0.09826745445455369
2021-09-28,-0.86452750475463591,-0.50925376748250739,-0.036580899461263042
2021-09-29,-1.0291110278112379,-0.59730087107222252,-0.23692443648105796
2021-09-30,-0.98922820936745059,-0.43239221861072286,-0.020019255773209628
2021-10-01,-0.92336743725917303,-0.47794923677297974,-0.038598274480564722
2021-10-04,-0.91339878855676337,-0.44026430290775331,-0.021005430153777982
2021-10-05,-0.90106594213496127,-0.5043331887920236,-0.1028252419449168
2021-10-06,-0.90664560397145555,-0.40854267475972145,0.032371986578959955
2021-10-07,-0.89076904506761412,-0.44075383400610296,-0.031748398891482371
2021-10-08,-0.88088829070201247,-0.46195873132036969,-0.037305239464212887
2021-10-11,-0.88720839087207193,-0.60159897222174974,-0.23550744065012263
2021-10-12,-0.90076309314558145,-0.55126474526661695,-0.21598275106598291
2021-10-13,-0.90511063996222596,-0.32324785442361886,-0.03095010042994565
2021-10-14,-0.79977845629227673,-0.32766524698418276,0.035866667122363485
2021-10-15,-0.76026210229518865,-0.45752063022492878,-0.0055946613994957853
2021-10-18,-0.7678544639622964,-0.4509399355958309,0.0057009048136382832
2021-10-19,-0.68741846744711677,-0.43258256535077128,0.044271807592514971
2021-10-20,-0.63963377149893741,-0.40552121257113755,0.076843926798847079
2021-10-21,-0.63963377149893741,-0.46284416896352781,0.010740781220016312
2021-10-22,-0.63963377149893741,-0.35607032631845686,0.086840265808604891
2021-10-25,-0.63963377149893741,-0.30195123725015582,0.11949501915022223
2021-10-26,-0.63963377149893752,-0.34797677348624811,0.1131317564000051
2021-10-27,-0.63963377149893741,-0.34803276943005512,0.083343272299718413
2021-10-28,-0.63963377149893752,-0.24245858721162311,0.22274666551737318
2021-10-29,-0.63963377149893741,-0.27164126459546872,0.20618332124909469
2021-11-01,-0.63963377149893752,-0.2671440819907529,0.18409736969378934
2021-11-02,-0.63963377149893741,-0.34797829158940607,0.053796951087888144
2021-11-03,-0.63963377149893741,-0.44240568898832877,0.050815238684977948
2021-11-04,-0.6396337714989373,-0.36078378532886207,0.11054707727659756
2021-11-05,-0.63963377149893752,-0.43128574809274384,-0.045237440028331653
2021-11-08,-0.63963377149893741,-0.41640851146756702,-0.025152338158569966
2021-11-09,-0.63963377149893741,-0.085781139074445095,0.14661955836792123
2021-11-10,-0.63963377149893741,-0.031929200482503126,0.21041658874260857
2021-11-11,-0.63963377149893741,0.038606120899603774,0.26940105514990104
2021-11-12,-0.63963377149893741,0.0090262205714254015,0.27523126394094377
2021-11-15,-0.63963377149893741,-0.050516192353349712,0.19406414765676666
2021-11-16,-0.63963377149893741,-0.1014659673450411,0.13328000272872401
2021-11-17,-0.63963377149893741,-0.010421721547205821,0.20811250557405964
2021-11-18,-0.63963377149893741,0.007413951478694906,0.20561170209037777
2021-11-19,-0.63963377149893741,-0.033472221500257679,0.19368567720712079
2021-11-22,-0.63963377149893741,-0.21127254708760984,0.1192858171484206
2021-11-23,-0.63963377149893741,-0.13498377530790587,0.14087017302333299
2021-11-24,-0.63963377149893741,-0.033751874701879826,0.16820188325320451
2021-11-26,-0.63963377149893741,-0.041869662318402716,0.085759455992503064
2021-11-29,-0.63963377149893741,0.020424778571320121,0.16022033559353063
2021-11-30,-0.63963377149893741,0.020090887489510156,0.14356122236085853
2021-12-01,-0.63963377149893741,-0.10252305115068897,-0.15018062878149668
2021-12-02,-0.63237457917916218,-0.19662527695025708,-0.13405029666227355
2021-12-03,-0.63604859991020257,-0.19270355996732863,-0.12234446034935796
2021-12-06,-0.65955885014556537,-0.19001379934127424,-0.15437548934233197
2021-12-07,-0.65252357305347286,-0.27334790750941051,-0.19154202550546723
2021-12-08,-0.66881065374888282,-0.29479176547624952,-0.20016041198709192
2021-12-09,-0.75487485827254974,-0.21669827961937355,-0.18710506438338817
2021-12-10,-0.72428382086189003,-0.17191576471368838,-0.16616037805362466
2021-12-13,-0.70878639018079448,-0.16707306478807216,-0.13721220230474523
2021-12-14,-0.73659572959382036,-0.19471753285879254,-0.17314009813947706
2021-12-15,-0.73357814890075168,-0.26656543474293037,-0.26045095152933834
2021-12-16,-0.69864381585614077,-0.21778533205905354,-0.32503825860158952
2021-12-17,-0.68634317876139461,-0.31097020649803309,-0.42706601436561847
2021-12-20,-0.72668636572936962,-0.32936595298902793,-0.41787545953141969
2021-12-21,-0.56000534882658026,-0.30931077217159403,-0.44695617422348372
2021-12-22,-0.7117455295991082,-0.18270340022787018,-0.24896186470071763
2021-12-23,-0.65984848033034826,-0.21502048039346358,-0.29707265259781929
2021-12-27,-0.6119076788459914,-0.22691273277826618,-0.29220271393905323
2021-12-28,-0.47743482703306805,-0.23185942404432103,-0.37580616430315222
2021-12-29,-0.54931279640709585,-0.26075714668909011,-0.39740312508698028
2021-12-30,-0.48388364950420815,-0.26430498716221451,-0.41350841396749705
2021-12-31,-0.54501521237305239,-0.24128077816925303,-0.35568947846997406
2022-01-03,-0.48899964045679456,-0.52024276953709125,-0.53260742018450935
2022-01-04,-0.43486884318849878,-0.4871744928137941,-0.55541606468915394
2022-01-05,-0.48624578225740778,-0.39251666037804139,-0.56319925684570449
2022-01-06,-0.55431039845902197,-0.46410130735808697,-0.63594074052991501
2022-01-07,-0.78966343083185997,-0.1840224640274036,-0.37172899490977629
2022-01-10,-0.83084527643241846,-0.14590546781383015,-0.2970990054748599
2022-01-11,-0.7369917293769862,-0.10302502224032437,-0.32847930693517735
2022-01-12,-0.68005566977746368,-0.050283575815200272,-0.2098064823374263
2022-01-13,-0.62655293135247203,-0.072113457275999313,-0.27563118708287387
2022-01-14,-0.7648273147750797,0.0002153115441933853,-0.17732529840606723
2022-01-18,-0.55389414076218191,-0.077113244314513288,-0.16018938589714099
2022-01-19,-0.44124650692680506,-0.080212843108478982,-0.1429151667895309
2022-01-20,-0.40390891132958939,-0.094499567562496292,-0.12224441180391965
2022-01-21,-0.47894344739092359,-0.059361431597052247,-0.085174412332894009
2022-01-24,-0.51088493336914087,-0.02390066715081501,-0.11367536618044057
2022-01-25,-0.47281699842090735,0.019426793518576579,-0.14573332970438563
2022-01-26,-0.49250182862371156,-0.055363134700205749,-0.16065264647903668
2022-01-27,-0.19150027335874351,-0.15961447024734565,-0.50657424832071984
2022-01-28,-0.1184815272197063,-0.17905915004165637,-0.60670867506005266
2022-01-31,0.31996605981450488,-0.2055300667887987,-0.90280145155537639
2022-02-01,-0.3197253820578182,-0.10757620105263999,-0.57023138508149684
2022-02-02,-0.17114140462153191,-0.068510258873948793,-0.64263035607434293
2022-02-03,-0.15204622460852049,0.085437598269469284,-0.61114774481846423
2022-02-04,-0.063922844016127051,0.021338124363134807,-0.68014239865318382
2022-02-07,0.011866746944100918,0.00073536898871588035,-0.65495434012353648
2022-02-08,-0.056700579774569895,-0.00087412380732338727,-0.59893429429144684
2022-02-09,-0.16621332638639605,-0.0029002676666535737,-0.54684972665814435
2022-02-10,-0.084341607777027011,0.034979770369681522,-0.57242308914938089
2022-02-11,0.023331288075587524,0.20403990071123598,-0.52584577828950296
2022-02-14,0.13005289505228051,0.35708720909855951,-0.47312001936600989
2022-02-15,0.28481581689564789,0.37181212981781886,-0.58164146130718752
2022-02-16,0.15515622543567931,0.45030582730381297,-0.47198849713709995
2022-02-17,0.19645597971171716,0.52102548696734985,-0.47289998188955495
2022-02-18,0.47335800358275121,0.40333150344005331,-0.6395979531484105
2022-02-22,0.27206291748770506,0.43720584903570348,-0.51022942312003472
2022-02-23,0.37576067237319249,0.47717542147414915,-0.4654984035884151
2022-02-24,0.33111074910581234,0.577981977988271,-0.45563310290967363
2022-02-25,0.2506870291272919,0.75377899186392272,-0.31248295888195371
2022-02-28,0.24156154077433639,0.84707810515888193,-0.25801389006851716
2022-03-01,0.27517337581598778,0.9390580480760724,-0.11241004708986976
2022-03-02,0.071708766420266773,0.94427345964720277,-0.052769790533479091
2022-03-03,-0.049615725808709363,1.0704874845516461,0.062350328972111894
2022-03-04,-0.13079540485217261,1.1820046065377634,0.16571762425358724
2022-03-07,0.068097234930107747,1.375269744995512,0.18441248930512652
2022-03-08,0.14540815088808021,1.4103556747767407,0.18587821000078528
2022-03-09,0.17812275672081626,1.1125129203786006,0.019461825195262874
2022-03-10,0.099663455238734905,1.1423128543350141,0.070592001900388154
2022-03-11,-0.0040703890572509459,1.0891793396552092,0.084797643025840419
2022-03-14,0.22829581589997497,0.93722100110395934,-0.099159824094632351
2022-03-15,0.006356073679189906,0.78307021215497097,-0.088143510707350811
2022-03-16,0.089090122515479792,0.77678710685437868,-0.12523170821023308
2022-03-17,-0.036214970647700025,0.85613300054527508,-0.026829346385442057
2022-03-18,0.057526524225589994,0.75894355610220876,-0.12250112894583755
2022-03-21,-0.12135803082181131,0.82494986389366265,-0.0071803584057239973
2022-03-22,-0.26647368731233234,0.82533352894829182,0.049239542127167676
2022-03-23,-0.20037694709175952,0.89633062873403413,0.11410347391325071
2022-03-24,-0.28604436013172518,0.97534635700460459,0.17385340819373438
2022-03-25,-0.27153060495825571,0.92418827915160517,0.16104486247734479
2022-03-28,-0.21820866206512665,0.87347486856101131,0.1185897875003904
2022-03-29,-0.20509795458395538,1.0094086276589218,0.23986880757866302
2022-03-30,-0.13764676041370222,0.9612186756527753,0.15967811340471125
2022-03-31,-0.10797613622710858,0.87455938185186044,0.061334133854763301
2022-04-01,-0.046337527563876262,0.82916915163610205,0.045768901755103897
2022-04-04,-0.04633752756387613,0.80650760872303473,-0.023298055332226595
2022-04-05,-0.04633752756387613,0.78028653513572543,-0.073943500614502222
2022-04-06,-0.046337527563875977,0.72020375666201775,-0.087387526856045741
2022-04-07,-0.04633752756387613,0.80524203106651648,-0.022808558373339897
2022-04-08,-0.046337527563876262,0.89693981668872724,0.070369365317258625
2022-04-11,-0.04633752756387613,0.88172967301020555,0.044210786458177942
2022-04-12,-0.04633752756387613,0.97024622852549869,0.090204398131160213
2022-04-13,-0.046337527563875977,0.89145537363301464,0.060606498296041721
2022-04-14,-0.04633752756387613,0.82201841688896871,0.029020980214078923
2022-04-18,-0.046337527563875845,0.86589769447551668,0.092278349032977047
2022-04-19,-0.046337527563875977,0.72173361509830214,-0.020714932615835433
2022-04-20,-0.046337527563875845,0.68583355212909614,-0.15032919769310732
2022-04-21,-0.046337527563875977,0.7082155278861495,-0.15562346665215052
2022-04-22,-0.04633752756387613,0.66281028654092755,-0.2352253652221595
2022-04-25,-0.046337527563875977,0.5051102933875915,-0.35811583659543589
2022-04-26,-0.046337527563875845,0.53495664999364922,-0.41050324513296416
2022-04-27,-0.14458045646463633,0.45697403026882671,-0.44459646878842746
2022-04-28,-0.22981496576747953,0.52694826355158397,-0.43199691894680026
2022-04-29,-0.3976732504964961,0.55107702380870205,-0.46553177698860132
2022-05-02,-0.28869397665266222,0.31770038319479371,-0.6849192526066108
2022-05-03,-0.33214615257697644,0.39122674522736145,-0.62525103840022722
2022-05-04,-0.22249556889847383,0.4319416744487547,-0.52622792732445978
2022-05-05,-0.40248031362741421,0.28411638963745089,-0.77973449154779262
2022-05-06,-0.47064412722942001,0.23056284799127971,-0.82312028104589163
2022-05-09,-0.60581823095922471,0.10085618073674292,-0.93027329518431257
2022-05-10,-0.73281543989131825,0.037559763012694106,-1.0886241533419694
2022-05-11,-0.66590013715813279,0.17022750402055811,-0.91815692861768594
2022-05-12,-0.83847220257839994,0.02760983097810505,-1.0832232331222784
2022-05-13,-0.619055413950371,-0.097912725959237168,-1.0656463387362112
2022-05-16,-0.48262927002419848,-0.11335880920508572,-1.0775702904078848
2022-05-17,-0.43115523832733915,-0.17321770879290091,-1.0730932987077324
2022-05-18,-0.51298071149977864,-0.17434172411379661,-1.0461594018122682
2022-05-19,-0.41405394843245014,-0.099972447508812151,-0.92966583633270572
2022-05-20,-0.50060761163025858,-0.09820659654750942,-0.92876874834382528
2022-05-23,-0.52872718214885095,-0.077214789789788602,-0.96044771707728138
2022-05-24,-0.47446068439023081,-0.088517484427917265,-0.93710841460840333
2022-05-25,-0.44154139325161484,-0.11951512937633806,-0.89542459926169182
2022-05-26,-0.43765755800310818,-0.13575884148759654,-0.93282895658938969
2022-05-27,-0.42165145731737935,-0.15936483354108599,-0.93050755728381929
2022-05-31,-0.54396691324181889,-0.21107793309639342,-1.0255671512588205
2022-06-01,-0.47927181170079652,-0.20029468550339585,-1.0135365805382028
2022-06-02,-0.39714300509699846,0.030400017107817832,-0.80160865527610059
2022-06-03,-0.45363236808104879,-0.12190322396635014,-0.93062372484854705
2022-06-06,-0.35750545116053961,-0.18309102357691415,-0.92058182174715586
2022-06-07,-0.35274187329349893,-0.11306937854655794,-0.84078492857698861
2022-06-08,-0.41214667711043029,-0.10586476481387258,-0.90522033045289652
2022-06-09,-0.53320795319738001,-0.16025850149642895,-1.0153251847741978
2022-06-10,-0.55903658507879683,0.019045235657407025,-0.95009248708176053
2022-06-13,-0.60713431410249596,-0.12793910195737085,-1.0811157216596439
2022-06-14,-0.59188973190238559,-0.15789590919283622,-1.078273505632825
2022-06-15,-0.46004245933661386,0.055675185373129613,-0.87754169418034189
2022-06-16,-0.44287956394119504,0.36357973891844714,-0.62701916030337124
2022-06-17,-0.47614493544064523,0.34368615579388878,-0.65125298262283193
2022-06-21,-0.44470849767269705,0.2278410090420904,-0.68781488868275875
2022-06-22,-0.56062787012146864,0.28776112584791597,-0.69391944507281023
2022-06-23,-0.66005481313415404,0.24745918897785538,-0.79080472816139014
2022-06-24,-0.59519442815859325,0.2445528969702378,-0.77926035749363221
2022-06-27,-0.59384583498319121,0.21219517292384282,-0.80896853477744846
2022-06-28,-0.69444686774524389,0.20055790445511767,-0.87866771466081373
2022-06-29,-0.7077575598306719,0.27264473930967109,-0.83436444603436988
2022-06-30,-0.84572561876585872,0.19233714297285598,-1.0017897941809326
2022-07-01,-0.96171639713221269,0.16103840341499417,-1.0554528612121781
2022-07-05,-1.0153196748442614,-0.042265995295113219,-1.2618381128706235
2022-07-06,-0.89842009118276656,-0.19213640775855709,-1.2176601265288911
2022-07-07,-0.87920264231304968,-0.21568485911879942,-1.2048116056121954
2022-07-08,-0.86693205428640219,-0.20786468633495331,-1.155571849750858
2022-07-11,-0.92716970787961273,-0.27042128005817939,-1.2371225572511215
2022-07-12,-0.99333311014293613,-0.28819902332380987,-1.2864866756671751
2022-07-13,-0.85683405945384761,-0.26289989119888341,-1.1886049475420994
2022-07-14,-1.0007750880707877,-0.44088400114399301,-1.3819075724509917
2022-07-15,-0.92313846776211095,-0.45656397877607546,-1.3419832797661246
2022-07-18,-0.80211508589151914,-0.38082991433852326,-1.2360499070585338
2022-07-19,-0.63290150600642314,-0.37207854832558473,-1.1374402145051343
2022-07-20,-0.55925788631296713,-0.42959293869922505,-1.1347367503865771
2022-07-21,-0.71682330279539985,-0.29980392136928979,-1.1342156846218063
2022-07-22,-0.86503512626956314,-0.29591546202043856,-1.2209236035392075
2022-07-25,-0.86136009467517749,-0.29309769728301532,-1.222626032432327
2022-07-26,-0.80103257176598563,-0.28462550179147333,-1.1783545406820248
2022-07-27,-0.56169000845324635,-0.22302699850711008,-0.99443287511805345
2022-07-28,-0.35229774402543662,-0.17149792621271231,-0.81934507728660289
2022-07-29,-0.36648759486653737,-0.23123321229035007,-0.85936467503307512
2022-08-01,-0.43535908471656393,-0.13454887935131446,-0.82370654436466284
2022-08-02,-0.41219736927799677,-0.16800140267605332,-0.88689164726705838
2022-08-03,-0.46853667004756777,-0.14552101133618969,-0.89542567997241351
2022-08-04,-0.42063566979229444,-0.028940213360474022,-0.83737564872874148
2022-08-05,-0.37288737690419038,-0.0804182063772753,-0.86263921892011486
2022-08-08,-0.31372187546010566,0.15832281562080716,-0.56643009302151448
2022-08-09,-0.1960683328130767,0.30989708016936635,-0.45235192736225471
2022-08-10,-0.14940668716299338,0.2894540870731252,-0.42342309186750587
2022-08-11,-0.11590515673999367,0.17158985939443569,-0.52602816279399933
2022-08-12,0.0029406354609192724,0.23608106217167238,-0.34979483631291608
2022-08-15,-0.044185039688903686,0.039129372607451467,-0.54396511868035546
2022-08-16,-0.048249729849953689,-0.0097352297010771405,-0.59247070418119985
2022-08-17,0.0089704572653577595,-0.045769535209982261,-0.62496220368785849
2022-08-18,0.06453527544554663,-0.070363336798047446,-0.64544817106754127
2022-08-19,0.12813782248138017,-0.1020425190451948,-0.70613625830232463
2022-08-22,0.18963372415463664,-0.15381842118785372,-0.68767663000122892
2022-08-23,0.10442358881737233,-0.19182311668750732,-0.76468816400093331
2022-08-24,0.0294236817000645,-0.16696941587333908,-0.80044533193089751
2022-08-25,-0.033322117759262491,-0.094589633276059598,-0.77879219839797409
2022-08-26,0.061470717094766918,-0.19025399971153212,-0.8177010148235051
2022-08-29,0.018316296228046324,-0.29618742825939315,-0.92793415061329054
2022-08-30,0.00055838608458724109,-0.32056842600378344,-0.99068565316780166
2022-08-31,0.060747019418761906,-0.39071493055691253,-1.0564340456309984
2022-09-01,-0.012275289091515372,-0.45401346053224478,-1.1480916637327983
2022-09-02,0.070437338905625549,-0.37035298480239393,-1.058182328740656
2022-09-06,-0.070459680382245135,-0.49092415837538678,-1.213910751250147
2022-09-07,0.040349691065853344,-0.27746103658626514,-1.0275430883303123
2022-09-08,0.20594174591019396,-0.30273686586428367,-0.96000865249896183
2022-09-09,0.3081924909870703,-0.29640061200804407,-0.90641796796065721
2022-09-12,0.69797087825177451,-0.22261055804739821,-0.64160699386031217
2022-09-13,0.76569688774990807,-0.3404036045693366,-0.7148416402636476
2022-09-14,0.78064269314796741,-0.41536651437505878,-0.69629224785713306
2022-09-15,0.74357022496107938,-0.50431720605202124,-0.77067924466126292
2022-09-16,0.84129854842362439,-0.30502981223012904,-0.54491626585200881
2022-09-19,1.016303060657952,-0.28786560176361947,-0.45052335942196925
2022-09-20,1.1343504900504584,-0.38181097118101481,-0.47907190310827663
2022-09-21,1.1018318590211147,-0.39684641241292384,-0.45223721527121369
2022-09-22,1.0209302449008557,-0.37392408182749681,-0.47472342230929526
2022-09-23,0.95511868128400745,-0.4139775955862855,-0.61400961381606323
2022-09-26,1.0169821726316399,-0.48757396915081014,-0.67390637779298224
2022-09-27,0.95452012144296672,-0.4878092647694916,-0.72333650819776663
2022-09-28,0.93116876633640977,-0.26431178303063918,-0.55947618041205316
2022-09-29,1.2294783862641838,-0.23346928479937348,-0.42562712600156383
2022-09-30,1.1730627240341347,-0.36529412077008622,-0.51269615222153642
2022-10-03,1.0823100260963658,-0.20231185451835146,-0.19477361404880941
2022-10-04,1.1186760422046857,-0.13282044145578931,-0.17048478689463764
2022-10-05,1.2069501642637253,-0.13905221264174586,-0.23100299172627156
2022-10-06,1.1838565617058712,-0.16606158042808072,-0.22829386933905574
2022-10-07,1.2893856502513581,-0.20600635684337149,-0.32213435061051532
2022-10-10,1.3237634272967818,-0.31495347631384257,-0.41236222899721509
2022-10-11,1.472529822930108,-0.31615030354472173,-0.482570778798183
2022-10-12,1.5672341869185231,-0.31020168850618524,-0.51025777844131248
2022-10-13,1.6015155446687952,-0.48773214436470047,-0.62434698813444534
2022-10-14,1.5967131775182732,-0.59137794663153931,-0.82682222688584417
2022-10-17,1.4142303978848165,-0.46140854057459646,-0.71990967621952806
2022-10-18,1.4254952850861085,-0.42847176791622349,-0.68062256285964196
2022-10-19,1.3192107900552439,-0.54438367745607519,-0.79767200232336055
2022-10-20,1.2525476286305697,-0.61891691255521963,-0.8757780362244223
2022-10-21,1.2525476286305701,-0.48204164900863733,-0.71256464257118679
2022-10-24,1.2525476286305701,-0.54836265721971733,-0.76087283414016316
2022-10-25,1.2525476286305701,-0.58168014925200051,-0.75591076037278615
2022-10-26,1.2525476286305699,-0.48469872885487592,-0.67200231165109781
2022-10-27,1.2525476286305701,-0.51421514425600146,-0.6588362534949489
2022-10-28,1.2525476286305703,-0.58313655948921206,-0.70403190467730259
2022-10-31,1.2525476286305706,-0.58077873710508787,-0.69925490130367374
2022-11-01,1.2525476286305699,-0.54462791020956358,-0.6301329884187562
2022-11-02,1.2525476286305703,-0.5779215722495743,-0.62444569139502593
2022-11-03,1.2525476286305703,-0.54698144763944345,-0.58199565375160633
2022-11-04,1.2525476286305703,-0.40285367287155421,-0.33195790745725129
2022-11-07,1.2613304035865236,-0.52214053381875858,-0.40918866027790102
2022-11-08,1.2142741779267809,-0.38243478497121308,-0.35342995953698808
2022-11-09,1.3108563153047839,-0.45037420837100878,-0.39506065906242732
2022-11-10,1.3041476390610285,-0.31075863791183328,-0.33550227178770375
2022-11-11,1.3661666055014359,-0.30394308159687183,-0.41389524150435048
2022-11-14,1.2559267301979791,-0.30197546863444741,-0.37276911317902495
2022-11-15,1.4150150002396455,-0.26797934982640553,-0.4076643448484743
2022-11-16,1.4523342761343991,-0.23515298114624991,-0.39030614608312697
2022-11-17,1.5646907360864717,-0.34540805542771424,-0.50128262957214609
2022-11-18,1.5233937721855897,-0.3698298538609015,-0.47699161434238552
2022-11-21,1.4978153147462168,-0.35625655964204989,-0.45422591960769859
2022-11-22,1.4091701228762352,-0.2002360364355979,-0.3493225089875574
2022-11-23,1.2985721291013033,-0.099340114538093993,-0.21457470820664118
2022-11-25,1.3408308149810479,-0.087018154241525758,-0.20972270454046635
2022-11-28,1.4521668874795388,-0.12953005962476832,-0.22370897394164632
2022-11-29,1.3673952310283466,-0.086642375846241404,-0.13450264753077357
2022-11-30,1.0906584277376332,0.045395264754769286,0.037417599116070836
2022-12-01,1.018636657879374,0.141648804813922,0.21093195823080277
2022-12-02,0.84959048023188799,0.15567766568117736,0.24159419174994765
2022-12-05,1.0302353413728413,-0.015861465834976139,0.076262579157678784
2022-12-06,1.0827382697817092,0.018847249104677367,0.099271550564281039
2022-12-07,0.95471186774633476,0.055417353357582834,0.16263864582066109
2022-12-08,0.86786448845010777,0.057431385597410685,0.21792476878280256
2022-12-09,0.8785780038624893,0.12187549268995565,0.35023595128667068
2022-12-12,0.81269835500477594,0.038576315000878485,0.30087339236324179
2022-12-13,0.78434422837553741,0.13474059026137541,0.34091869393698165
2022-12-14,0.73801754422664756,0.18081178719756769,0.41599050468663951
2022-12-15,0.88208069748209839,0.043582994791384028,0.28082235351907647
2022-12-16,0.85622128864980707,0.021260969015346819,0.23885959301507306
2022-12-19,0.9488966351077408,0.016786146821110397,0.21695289409030102
2022-12-20,0.64162442762696537,0.15351539579237242,0.40713027099418475
2022-12-21,0.61963924590150865,0.1453791230437925,0.35061994644711741
2022-12-22,0.62283110316483192,0.0042261050137716062,0.23983897101657389
2022-12-23,0.58246516901828549,0.0091088979360143211,0.25492713230017067
2022-12-27,0.51177635411243372,0.048814178858712289,0.26773066889920044
2022-12-28,0.64665011750238222,0.047530002831205738,0.19948623177385638
2022-12-29,0.60335144519755068,0.086089132243588967,0.28123001639327333
2022-12-30,0.59503444594765065,0.069776718162986279,0.25271390876816791
2023-01-03,0.63811847830027257,0.079819040167589991,0.23081093092704633
2023-01-04,0.76031023243788254,0.24296911034323787,0.25799654769103797
2023-01-05,0.84501992867016706,0.1125261105490557,0.15941305574829004
2023-01-06,0.88063777075611926,0.25302503247377378,0.29104844264899882
2023-01-09,1.0345039803657374,0.34842471937401848,0.34212507758884336
2023-01-10,1.0601274718875946,0.34276190572028509,0.32280232584320712
2023-01-11,1.0915246327087564,0.31847774923679772,0.27261871839152041
2023-01-12,1.0513110996664505,0.31531228565353975,0.27702909705420553
2023-01-13,0.87875701795766437,0.37537561625639848,0.28213485858240017
2023-01-17,0.95374035617120112,0.35462456805230491,0.25284794045797726
2023-01-18,1.09772876737564,0.35467608845532816,0.20628650498359966
2023-01-19,0.96933154180708558,0.46632297733850914,0.18982569533315641
2023-01-20,0.91035606596790353,0.34356646030754173,0.095400864593174192
2023-01-23,0.91035606596790353,0.37220414105907779,-0.0084990374390164214
2023-01-24,0.91035606596790331,0.41699383592021111,0.054620326727385198
2023-01-25,0.91035606596790353,0.41127470472295929,0.12698816325411993
2023-01-26,0.91035606596790353,0.33097541689792787,0.14359740508738303
2023-01-27,0.91035606596790331,0.42941417511931385,0.14200966614719643
2023-01-30,0.91035606596790353,0.49871229570280712,0.24777439379832072
2023-01-31,0.91035606596790364,0.54212764078957931,0.3238212118918557
2023-02-01,0.91035606596790364,0.5843906820994107,0.34745278279860609
2023-02-02,0.91035606596790364,0.4390158658211824,0.24673500646490529
2023-02-03,0.91035606596790353,0.25050779473846801,0.092222577937223257
2023-02-06,0.91035606596790364,0.27287228728999907,0.11254856990427141
2023-02-07,0.91035606596790364,0.2689029262980081,0.083639312905765345
2023-02-08,0.91035606596790353,0.23758714563311284,0.023620119707086506
2023-02-09,0.91035606596790353,0.16715140735543316,-0.052928243495819899
2023-02-10,0.91035606596790353,0.15763292477385599,-0.055434437537348204
2023-02-13,0.91035606596790353,0.14941115153136031,-0.045065397869225476
2023-02-14,0.91035606596790353,0.032603625532406526,-0.1218131452502613
2023-02-15,0.91035606596790353,-0.065985936041878718,-0.19316683244879485
2023-02-16,0.91035606596790331,-0.010152149828344077,-0.13558697485900853
2023-02-17,0.91035606596790353,-0.057308812255545828,-0.14716069922836481
2023-02-21,0.91035606596790353,-0.17035927015796065,-0.16309158400454921
2023-02-22,0.91035606596790331,-0.2019539889498157,-0.22792850116520236
2023-02-23,0.91035606596790353,-0.21894736876643697,-0.27673378384031105
2023-02-24,0.91035606596790353,-0.29459964543902584,-0.42988323048929689
2023-02-27,0.84618363278021469,-0.22755109408338375,-0.39696362041137528
2023-02-28,0.91515010400883101,-0.17641046884707065,-0.35901765253698931
2023-03-01,0.90084519072917835,-0.20648951600766005,-0.37970624957701793
2023-03-02,0.88726507016039091,-0.33048016348734738,-0.52829609493178831
2023-03-03,0.98657742937613069,-0.19236111497376318,-0.44950840862962882
2023-03-06,0.87857990107540274,-0.26427190913004112,-0.47710937515242335
2023-03-07,0.6752916041403535,-0.48219689599203641,-0.67151995348817917
2023-03-08,0.58071792031429681,-0.58522910689552621,-0.68893387155777275
2023-03-09,0.55460496942127491,-0.71040533601229838,-0.7911504425909277
2023-03-10,0.57994599482356579,-0.37222951416934519,-0.62704122302640242
2023-03-13,0.83652663727819798,-0.23629248132800673,-0.44596075733165735
2023-03-14,0.84664133959700794,-0.2281615191322009,-0.44488737527045324
2023-03-15,0.73801003112759389,-0.076536218621212598,-0.33105921559092161
2023-03-16,0.77562564893639108,0.062049893079611583,-0.32156257247053188
2023-03-17,0.80693688094344707,0.21173823925267463,-0.21874438503589447
2023-03-20,0.85427027423506452,0.18209396595660252,-0.24041411731136147
2023-03-21,0.90433094426194605,0.11483206708411277,-0.22085836504863637
2023-03-22,0.99648288523258277,0.17549007151058524,-0.16816482378206801
2023-03-23,0.90758577139819674,0.30401436690548567,-0.084597183421313255
2023-03-24,0.97697926177661143,0.1419126412456434,-0.14522559934328269
2023-03-27,1.0952326319993531,0.034182256075913291,-0.19742978275311637
2023-03-28,1.0996881153414277,0.11410865174375708,-0.1470625503868139
2023-03-29,1.1030386180563856,0.20164070242496002,-0.069260386892632642
2023-03-30,1.1613760103936817,0.25750590717614058,0.009931109104320093
2023-03-31,1.1196400112603084,0.17095418797719084,0.032430697753455535
2023-04-03,1.1009188596578126,0.21534532119650907,0.032114153212617097
2023-04-04,1.0624187199818351,0.37646565228604245,0.18509284254511876
2023-04-05,1.0624187199818351,0.3399352067433169,0.1965417543371869
2023-04-06,1.0624187199818351,0.33419989553256219,0.22826627962499821
2023-04-10,1.0624187199818351,0.27057887477993942,0.19652516899163272
2023-04-11,1.0624187199818351,0.2868887075172164,0.20050408867754371
2023-04-12,1.0624187199818349,0.27801748418968658,0.23789633330918109
2023-04-13,1.0624187199818351,0.33246123277099515,0.23395791719253436
2023-04-14,1.0624187199818351,0.16731299797219887,0.13052267192988468
2023-04-17,1.0624187199818349,0.10785492866258475,0.051725116362608486
2023-04-18,1.0624187199818351,0.15406786141342946,0.084949951304445104
2023-04-19,1.0624187199818351,0.10336935081919467,0.064697877676130541
2023-04-20,1.0624187199818351,0.22692028631083366,0.14221950670620459
2023-04-21,1.0624187199818349,0.1312037470210009,0.1099769003581389
2023-04-24,1.0624187199818351,0.1737719869964291,0.19283344221257326
2023-04-25,1.0624187199818351,0.26970812523543575,0.24922789644187393
2023-04-26,1.0624187199818351,0.35289516811523564,0.29734832526311833
2023-04-27,1.0624187199818351,0.34334487809817338,0.33299787404419029
2023-04-28,1.1280612352222312,0.39474457251017342,0.37294226535191294
2023-05-01,1.1854446569894472,0.33039507866794215,0.36792908338362929
2023-05-02,1.3066181794738645,0.45327623989472926,0.49148004864866907
2023-05-03,1.2385261576076672,0.63169539551330567,0.52927372046362464
2023-05-04,1.2683450845157831,0.65964595148009275,0.605280335557005
2023-05-05,1.1989188586557256,0.49247980909102479,0.48487542621483753
2023-05-08,1.335862703939021,0.52526674717502575,0.55217563768969424
2023-05-09,1.3855031013785124,0.5599087798733654,0.56981555904672121
2023-05-10,1.4909699127952449,0.64729213239544214,0.64917225286700975
2023-05-11,1.5924075426980608,0.64636425216082138,0.5660175622957907
2023-05-12,1.5471370249694589,0.58287952893636275,0.48664473083565396
2023-05-15,1.6969704929368812,0.70021083817380769,0.6266383385251969
2023-05-16,1.5624561508044292,0.67014960576190463,0.53194639290090628
2023-05-17,1.4690197196046586,0.58616751082289209,0.44865197491922926
2023-05-18,1.4307801732641157,0.54087060304085588,0.41061462183420316
2023-05-19,1.4986255552787549,0.60075644412161033,0.4877922674167523
2023-05-22,1.4271422079380802,0.49200526872931077,0.37014546690448136
2023-05-23,1.5001516570362166,0.49528278172262696,0.37845824502505748
2023-05-24,1.5229042085055138,0.41175034665840587,0.31915638386902423
2023-05-25,1.4818705055820331,0.29962535845075422,0.22458780463586597
2023-05-26,1.4564734084439908,0.36517778942905971,0.31405869442020584
2023-05-30,1.4534053714928159,0.4173416347350104,0.30656792354903933
2023-05-31,1.4408797633363413,0.42395794212198906,0.34603243608693146
2023-06-01,1.549041107646451,0.54045755990806787,0.48302463161764841
2023-06-02,1.4997797680907268,0.40105947438520306,0.39583204500565744
2023-06-05,1.4376666112593781,0.36105284082590183,0.3136772522118571
2023-06-06,1.4856010654656115,0.43533328601371846,0.37371095841561458
2023-06-07,1.4129544999485661,0.38461072827066184,0.32933269078577015
2023-06-08,1.4090730593763139,0.42702011413736696,0.42369771310799198
2023-06-09,1.4600210938543261,0.41553237178390479,0.44671720064061399
2023-06-12,1.5710730206741488,0.43058903471467225,0.48086197315190238
2023-06-13,1.5931029462057378,0.29637928611475733,0.39344215624523798
2023-06-14,1.6351195090867998,0.47921982738297053,0.54421125479322452
2023-06-15,1.6225731414038544,0.57890835707480204,0.56193986157794928
2023-06-16,1.5242500054502537,0.48409827908362651,0.49937049149612278
2023-06-20,1.5099425658365304,0.34084045617829606,0.31177169992505799
2023-06-21,1.5389288041648281,0.38641081647487935,0.28859475514321054
2023-06-22,1.5130072677868605,0.34465623590377098,0.23924129046914336
2023-06-23,1.6230273100681547,0.33656591182752771,0.28371769006024594
2023-06-26,1.7181143124404985,0.38911714161233346,0.40039426243153792
2023-06-27,1.6653733772655639,0.36506124312360544,0.38925153116441269
2023-06-28,1.664200959205995,0.35712205501316568,0.3705180094537967
2023-06-29,1.7622759752820079,0.36096220562152986,0.40276598759494164
2023-06-30,1.7741643570981815,0.40992064781084353,0.43834668906077157
2023-07-03,1.9195074663176026,0.4580695143747317,0.54561369102393353
2023-07-05,2.0425797661885445,0.44002335437341661,0.63674946169715374
2023-07-06,2.0954667077155698,0.56669806543094492,0.68509049683208445
2023-07-07,2.003716563308223,0.72668540537343895,0.74757158999673945
2023-07-10,1.9863966328305349,0.72822368840366403,0.74572232646904335
2023-07-11,1.9752322537909799,0.75037514947001427,0.73193464839849676
2023-07-12,2.0135149301667705,0.8749591380320263,0.9114491706774126
2023-07-13,2.0379132918212499,0.90508014160437278,1.0277207719479404
2023-07-14,1.9848788644868742,0.85160614733940465,0.9930812243784829
2023-07-17,2.1561344363961665,0.95538824682119738,1.1209892752223596
2023-07-18,2.0786469875835967,1.0436187311729428,1.1132851057890807
2023-07-19,2.0744308190185774,1.038365119662751,1.123291576923052
2023-07-20,2.0659890547448061,0.98755169142496324,1.0473769975432985
2023-07-21,2.0357202993822803,1.0322253400349257,1.0505372242496192
2023-07-24,2.0601385028843149,0.91156328174689716,0.97481680392962056
2023-07-25,2.1878663601708563,0.93189030005153062,1.0679557537096422
2023-07-26,2.2291252603372627,0.98323364323675277,1.1411992407277658
2023-07-27,2.1588618762518625,0.8797485561317443,0.98389012094224959
2023-07-28,2.0775761664293872,0.86567870924341861,0.9334893924134543
2023-07-31,1.9039408828758875,0.80424317697815351,0.84132362058079868
2023-08-01,1.8298179475606735,0.71352573887596205,0.73310633106781842
2023-08-02,1.8654124452407199,0.64332272673375201,0.63425792215039489
2023-08-03,1.8654124452407197,0.68165602445796802,0.68458357479459286
2023-08-04,1.8654124452407199,0.68952189211710935,0.67478931483512661
2023-08-07,1.8654124452407197,0.56607681797025688,0.5773922784520602
2023-08-08,1.8654124452407199,0.60055004565559011,0.58429234325793733
2023-08-09,1.8654124452407197,0.51122102252817958,0.44504477539793635
2023-08-10,1.8654124452407199,0.48323244809217464,0.46753658552379096
2023-08-11,1.8654124452407197,0.50039492324489432,0.4591724847611518
2023-08-14,1.8654124452407199,0.49763089187775478,0.4963465294269328
2023-08-15,1.8654124452407197,0.41775651734168751,0.40007848682716057
2023-08-16,1.8654124452407199,0.4675164615678668,0.46986993523928405
2023-08-17,1.8654124452407197,0.46897473988427735,0.52890454915379903
2023-08-18,1.8654124452407199,0.51487500567905065,0.59947163298030715
2023-08-21,1.8654124452407197,0.55151859584946183,0.71622492366952428
2023-08-22,1.8654124452407199,0.61367767018447938,0.82729324190373776
2023-08-23,1.8654124452407197,0.7279325158687191,0.96026108868906801
2023-08-24,1.8654124452407199,0.67926390060281183,0.90981038663036384
2023-08-25,1.8654124452407197,0.65027653307835909,0.9245416160210902
2023-08-28,1.8654124452407199,0.64898050673275343,0.90558737015822832
2023-08-29,1.8654124452407197,0.80041476165220138,1.050089976435036
2023-08-30,1.8654124452407199,0.81325509359968517,1.0427632803047682
2023-08-31,1.8654124452407197,0.86053593702997133,1.0821181920006844
2023-09-01,1.8654124452407199,0.91852307653827991,1.127284982725655
2023-09-05,1.8569552582908995,0.9230958031449773,1.0761639941212906
2023-09-06,1.8354089599630614,0.83214406810648611,0.98151531686602245
2023-09-07,1.8046130942001457,0.88057584051134208,0.95703481937984225
2023-09-08,1.6812242425484962,0.8145950190204081,0.86069474226262666
2023-09-11,1.6227063663370991,0.86973125297092535,0.87863403910226134
2023-09-12,1.5335675419726755,0.79733022814540355,0.81761635974344482
2023-09-13,1.256245322132423,0.74654007178500048,0.62799647716550955
2023-09-14,1.2129446152849181,0.84377695198750924,0.6603686010090154
2023-09-15,1.2129446152849181,0.91600869122023698,0.6895610987724925
2023-09-18,1.2129446152849181,1.0958002982687971,0.79249362996967754
2023-09-19,1.2129446152849181,1.0508579661677839,0.71925307350394896
2023-09-20,1.2129446152849181,1.050545326776267,0.73053905530177909
2023-09-21,1.2129446152849179,1.0391801029780945,0.79734672009735374
2023-09-22,1.2129446152849177,1.0293243313372469,0.75704404314303819
2023-09-25,1.2129446152849181,0.99650993423796586,0.68923617824269479
2023-09-26,1.2129446152849181,1.0679964566798432,0.79646138880869921
2023-09-27,1.2129446152849181,1.0623407277124475,0.84401060707231046
2023-09-28,1.2129446152849179,1.0119922256291298,0.85487563739279604
2023-09-29,1.2129446152849177,0.79932039374896158,0.67683625695572025
2023-10-02,1.2129446152849181,0.72410959614973491,0.52806925243209057
2023-10-03,1.2855507986388486,0.70305262693628712,0.50593524258125289
2023-10-04,1.2280140488288238,0.53826636889277635,0.17609798123812997
2023-10-05,1.1662910352884497,0.4245335775606503,0.11542889249353613
2023-10-06,1.2099432528712954,0.50168924596667963,0.27534614402415997
2023-10-09,1.2304072354678242,0.63693918247217152,0.32600101479700239
2023-10-10,1.0798448516544923,0.70554479899725686,0.41666949743998727
2023-10-11,1.054294136720983,0.87133634866915766,0.53555255972515114
2023-10-12,0.83475445980139718,0.86405590706568047,0.58018080695147412
2023-10-13,0.83468057330080492,1.031226031424352,0.74161240165352471
2023-10-16,0.80520520054198452,1.0463870228621459,0.76600663257786605
2023-10-17,0.75169850070201794,1.1519109700203156,0.93590940146305368
2023-10-18,0.75934295558739595,1.2281076718327961,0.87548749767437462
2023-10-19,0.7178451554127615,1.2950542517664994,0.87984278548416006
2023-10-20,0.81644692049713397,1.4149577489079943,0.97717681369429898
2023-10-23,0.68936478523279598,1.4019085809384855,0.88136458978193699
2023-10-24,0.67722214485920484,1.2849672048603435,0.75606599361662563
2023-10-25,0.60244315372727497,1.3379390959722741,0.75867845653824173
2023-10-26,0.54790570982385955,1.3330346236202417,0.70557732029806863
2023-10-27,0.58526197415043857,1.3673892937415351,0.73822141095816307
2023-10-30,0.70209881644833472,1.337234797404282,0.76582486043368769
2023-10-31,0.59340202056882752,1.3736672198993969,0.75227726834172393
2023-11-01,0.61734727793008892,1.4114627589589694,0.77571760687371527
2023-11-02,0.54310136468621051,1.3654918117255372,0.67070274742882219
2023-11-03,0.65637488692248513,1.442856531212638,0.79868112494221366
2023-11-06,0.66652088863766767,1.4125804075393329,0.7308175708391067
2023-11-07,0.55132098016159448,1.1915891742403808,0.41165527993777651
2023-11-08,0.59571356677635445,1.1451299323774073,0.41881720281329105
2023-11-09,0.62390468897759954,1.0198468539357279,0.31798608393959193
2023-11-10,0.47032912365811352,0.97387003291624397,0.31933588585931516
2023-11-13,0.46682836541172906,0.81077135125507749,0.21639543689333413
2023-11-14,0.62326501150721714,0.82735306695219113,0.35757339480377942
2023-11-15,0.85833094650279995,0.79101065033243634,0.35262406108971001
2023-11-16,0.80391462420115511,0.84672551679255015,0.4772165006084727
2023-11-17,0.76598169631412627,0.86326459141310097,0.50279406786238123
2023-11-20,0.64646916350592554,0.90683827449080323,0.54435406338478609
2023-11-21,0.68782150143960608,1.037942623403991,0.60384505344245454
2023-11-22,0.71366360477126356,1.0483088703798895,0.59606210882586841
2023-11-24,0.80221161977642197,1.0778244518757716,0.65377186626152917
2023-11-27,0.91446227929776336,1.0814283726472991,0.62960603557052419
2023-11-28,0.86991995420761092,1.1694324789900303,0.70744308217464313
2023-11-29,0.74865918859048064,1.2418140335241394,0.79378472863116711
2023-11-30,0.83692376504180943,1.1736897034843006,0.7765083003228247
2023-12-01,1.1926641197763237,1.2028520372946909,0.64711201912797234
2023-12-04,1.3995341599966418,0.90113246178406514,0.39329281982590164
2023-12-05,1.6830934524831636,0.89867154615391165,0.27667268656126176
2023-12-06,1.5887191061751877,1.0617662825856828,0.40350277231120268
2023-12-07,1.6036171440609224,1.0537604283178104,0.37820250907649033
2023-12-08,1.7583754232186135,0.88383133898451594,0.16028415042183924
2023-12-11,1.9037441540617437,0.79255163104947868,0.070569239723463364
2023-12-12,2.0562410989820097,0.76244049795244806,-0.0074350502623210125
2023-12-13,2.0918692440721571,0.97981960215765673,0.18373460703112218
2023-12-14,2.1027847628053458,0.90361518823118792,0.1845536876604203
2023-12-15,2.2188597707093707,0.8519727419184373,0.099982277142043427
2023-12-18,2.0554124248644401,1.0132603457302918,0.22879399816489429
2023-12-19,2.0321675937231394,0.99996561529341155,0.24597094788344945
2023-12-20,1.9442813973511126,0.9798000608497599,0.29375962345601286
2023-12-21,2.5267037841946407,0.91463851268713681,0.13895111308803396
2023-12-22,2.4619412441999549,0.95978340668175344,0.13366571698071472
2023-12-26,2.3955840441012377,1.1101549711660252,0.21729550838115369
2023-12-27,2.4543587522951005,1.1213641614620571,0.19327783088019007
2023-12-28,2.5059730291556943,1.0154259473977059,0.10249610495990422
2023-12-29,2.3335582506252761,1.0380338494910284,0.15714179033809175
2024-01-02,2.5050230523965014,0.97896692537728125,0.064519835547011073
2024-01-03,2.4783495235820365,0.87996542666626076,-0.053971843162783639
2024-01-04,2.4642139960289824,0.82632594605786636,-0.055623182030484455
2024-01-05,2.3664709444738601,0.75873024287904656,-0.0019310116388213346
2024-01-08,2.2915796288330559,0.79574083466562739,0.0746613266874291
2024-01-09,2.3013997956065011,0.66365565367190271,-0.049814242737563789
2024-01-10,2.1798815194444456,0.62913124592735792,-0.02821844892845958
2024-01-11,2.0376740825532491,0.61633931317995538,-0.049486589804213221
2024-01-12,2.0312973588481906,0.69425781584258972,0.05557406244158019
2024-01-16,2.0642484122074962,0.53502430204618068,-0.04988767533559485
2024-01-17,2.1423083232649298,0.36041702175518825,-0.1927915443706171
2024-01-18,2.0442934707448992,0.4723849115338663,-0.10372701013096416
2024-01-19,1.7468444317835119,0.51689975221759044,-0.05023660777427754
2024-01-22,1.4725913499158205,0.37023197520325646,-0.2116212037068429
2024-01-23,1.5842696607517892,0.42549666181284762,-0.16027482651321359
2024-01-24,1.741951725231389,0.34729929359544565,-0.044145156215176812
2024-01-25,1.8138867331831745,0.34995296952087956,-0.032922703222505345
2024-01-26,1.7788779944823876,0.30972294204220047,-0.087567160227595822
2024-01-29,1.8745020620007347,0.43314075761650761,-0.023171141399839629
2024-01-30,1.8488601415496602,0.45434140285817753,0.030092038412337922
2024-01-31,1.6977137956418908,0.46837017995387753,-0.019683498783891768
2024-02-01,1.7387191050504724,0.51865868795637127,0.0066032146484115168
2024-02-02,1.5919846027328577,0.35126603096176717,-0.12697938758703087
2024-02-05,1.503111738663061,0.4732272371363177,-0.088525456821638288
2024-02-06,1.4675362578710891,0.71973588972311897,0.10868535662369684
2024-02-07,1.3737541990293809,0.70136956160449415,0.090530814097062831
2024-02-08,1.5236476347581902,0.68699864807359556,0.17502626301543059
2024-02-09,1.5763687486411917,0.63677486522851812,0.16087514298845779
2024-02-12,1.6393328858293263,0.67973171979568392,0.23732073881918678
2024-02-13,1.4907066155002087,0.55263836071121564,0.11343828604712487
2024-02-14,1.6025438294514094,0.58824524034780457,0.16989685794212234
2024-02-15,1.752333334965245,0.63425755333660516,0.28460082371003215
2024-02-16,1.9014241276213784,0.74316432919693243,0.41732822246567602
2024-02-20,1.6852486720458801,0.79647248768668033,0.3661892018988111
2024-02-21,1.6852486720458804,0.77361080884126487,0.31049091994525441
2024-02-22,1.6852486720458799,0.80671744802986711,0.2712294761887652
2024-02-23,1.6852486720458804,0.89554337446239551,0.36939120607635878
2024-02-26,1.6852486720458801,0.88204992126878456,0.32182973032621087
2024-02-27,1.6852486720458801,0.93183238018955883,0.42595085894215756
2024-02-28,1.7833927903681128,0.91550564767475173,0.45638634638660802
2024-02-29,1.6881505465171205,0.92003355081687599,0.43021986122274519
2024-03-01,1.7094499674606138,1.0136509369093283,0.50014908672806369
2024-03-04,1.7296827867753206,1.1358937623239944,0.63774506172283807
2024-03-05,1.6789250485748342,1.1019409016750776,0.53849668691691077
2024-03-06,1.7505418528988259,1.2037872666057647,0.66481781658740779
2024-03-07,2.1056886821941911,1.3960933217843585,0.88669047511124244
2024-03-08,2.1287184126192629,1.4632817303348566,0.89603287048590907
2024-03-11,2.217182752131114,1.4042527551959831,0.90909731837662799
2024-03-12,2.2143317104349274,1.1607817501928279,0.77028475693219267
2024-03-13,1.9777218882324021,1.0501043631147222,0.66708287156760793
2024-03-14,1.9739784838427825,1.0636668635505744,0.67929113808598807
2024-03-15,2.0015585527989948,0.97671042339379166,0.71067284935783737
2024-03-18,2.0773348699463399,0.9733907269647819,0.70551201729083524
2024-03-19,2.0103925849238098,0.7505347306004172,0.53967910545790765
2024-03-20,1.9806590442726228,0.84188071282041621,0.61788674088355611
2024-03-21,1.8569323570937486,1.0010786707697046,0.52900193249780292
2024-03-22,1.7452945645291997,0.79839294317626852,0.40037169976838161
2024-03-25,1.7942705887975956,0.72367676503746536,0.36830398415515619
2024-03-26,1.6993788906732561,0.84952856627282247,0.33496946770448838
2024-03-27,1.5963093969742628,0.99079564186275371,0.36692411772040501
2024-03-28,1.5722941912929467,1.0272124179157616,0.37010467388778745
2024-04-01,1.5092182108310634,1.1526886934342675,0.3884679227002189
2024-04-02,1.3961060343518938,1.1954639026593705,0.46565098601956939
2024-04-03,1.3961060343518936,1.3112299409794383,0.58061194660513959
2024-04-04,1.4051619055929456,1.2029771548569583,0.55132496887306637
2024-04-05,1.3466699474307873,1.1924079649758577,0.47707885722564097
2024-04-08,1.2400418230131069,1.2500661848140964,0.54312438912322747
2024-04-09,1.1509045020978435,1.3577290484251892,0.60383502030909342
2024-04-10,1.1653687989922255,1.3386256475091001,0.56147372940957074
2024-04-11,1.130001042998207,1.4324723334324523,0.6214932971800492
2024-04-12,1.1497220170076794,1.274504693661733,0.49132478457043272
2024-04-15,0.9953353913628169,1.3102098670230311,0.55893391903319822
2024-04-16,1.2396485336899279,1.4823920673027293,0.53749732186764976
2024-04-17,1.128415348039675,1.4562859929829992,0.59730832755866192
2024-04-18,1.1615480461762884,1.4525697322601197,0.57583025996925663
2024-04-19,1.0409315962076899,1.5193558333984605,0.61486306694980575
2024-04-22,1.2717552349808765,1.2548289901485883,0.41823613080482119
2024-04-23,1.2195594529327918,1.3195241789956931,0.46116386289700745
2024-04-24,1.2375756904258695,1.2796175832839207,0.4291534985256561
2024-04-25,1.2327009347324791,1.2863909950116756,0.47064180477394324
2024-04-26,1.3303174135096096,1.358398247678595,0.47135920242067081
2024-04-29,1.3340316277766295,1.3411020448755835,0.45107073500103784
2024-04-30,1.4405236030526418,1.1603029664207409,0.30290051359866743
2024-05-01,1.4415540269020399,1.267305180612744,0.35835966558356458
2024-05-02,1.3703556359579774,1.0997877050792912,0.29386177292845006
2024-05-03,1.4178821156244226,1.0266449712801018,0.25709286563002259
2024-05-06,1.1452679862862973,1.0529596043156637,0.30856937414654961
2024-05-07,1.1592550878222945,1.151560001435002,0.34682214486131308
2024-05-08,1.1171611802402439,1.1170479602009382,0.36518032904975894
2024-05-09,0.89084220787462631,1.1806224305851125,0.50699037131236224
2024-05-10,1.0002623216116313,1.2559208535446542,0.52199988347000481
2024-05-13,0.87134693388447804,1.2324537967347873,0.72782568569062644
2024-05-14,0.82458553865547235,1.3123499184132428,0.8113866288842585
2024-05-15,0.54748788075787813,1.3921112296165745,0.93868211461777529
2024-05-16,0.53228658157106601,1.4686057427835408,0.98349915487403516
2024-05-17,0.029343099895333308,1.6177180963090687,1.1990373920726676
2024-05-20,-0.00070349392979199797,1.7643144351593971,1.271891741853139
2024-05-21,-0.11519581320733865,1.6768216400652953,1.2575768883463809
2024-05-22,0.084238263510499664,1.5293453663372836,1.1415727292689419
2024-05-23,0.13886758942073327,1.3420979948140643,1.0745991452029178
2024-05-24,0.082272203736737215,1.4164282986911405,1.1652906534469774
2024-05-28,-0.31091040652464103,1.576157759965966,1.4003301516882152
2024-05-29,-0.36351487911582564,1.4668128477597104,1.3027504290081344
2024-05-30,-0.10332777968660824,1.4342305132303068,1.2138948435412329
2024-05-31,0.053112634280616862,1.3739880490576561,1.0691265815973132
2024-06-03,0.080769965115180628,1.3813465422691316,1.0292759373227469
2024-06-04,0.26814284402805694,1.433295889338875,0.95103044184116792
2024-06-05,0.24363774036354799,1.4749688104697183,1.0108144443258422
2024-06-06,-0.028532174264099982,1.5225337137365298,1.1496225480486777
2024-06-07,0.23447115403457597,1.290071618894719,0.9074482694839624
2024-06-10,0.17346440617639075,1.2624380120999259,0.84208407127607743
2024-06-11,0.3008811719023009,1.3049455111488255,0.79127450308717528
2024-06-12,0.23296028882565289,1.331898128854283,0.86471885166855067
2024-06-13,0.33681658588736352,1.3254159908926475,0.83886395122846169
2024-06-14,0.2678963662441175,1.4138379268375847,0.87761508668873867
2024-06-17,0.25740024674047157,1.3212381551028509,0.87051241870063001
2024-06-18,0.27309261422610803,1.3631201294082151,0.83725920289622524
2024-06-20,0.080011787664948833,1.5358521131740803,1.1265243248817096
2024-06-21,0.24162890637645135,1.4186434675844013,1.0600692528942595
2024-06-24,0.26163899679356006,1.5276912125273265,1.1175627913785271
2024-06-25,0.38027409739843931,1.4681452679707341,1.0259676949273313
2024-06-26,0.34508667490597167,1.3814647588289264,0.95968111707992276
2024-06-27,0.37986886548309456,1.4978373134087326,0.96493531663586607
2024-06-28,0.35024115951747098,1.5162556404821099,1.0051647108323496
2024-07-01,0.29583404004459984,1.5438834584758152,1.0629412603250477
2024-07-02,0.26521849073992398,1.4949081112207536,1.0498965466241688
2024-07-03,0.11559876628877078,1.5663760067561796,1.137530094531934
2024-07-05,0.039919714013160204,1.6872737200988512,1.1822297660640335
2024-07-08,0.048139556307064207,1.6096723526897938,1.2034984337183614
2024-07-09,0.061524587785657954,1.5684199299476174,1.1445303946558862
2024-07-10,0.074850492185595724,1.5894756686546381,1.1395529321922855
2024-07-11,0.057371067956891141,1.6806910411207725,1.2094575182541634
2024-07-12,0.19309711334914179,1.5829451972806752,0.99119580559533527
2024-07-15,0.23584520537605458,1.6013274450776747,0.882434203834502
2024-07-16,0.2202578817259935,1.7560476923146768,0.94171149175030966
2024-07-17,0.41370230777476963,1.715236861867897,0.82917840691585665
2024-07-18,0.40421427823877359,1.5868532899325059,0.73651664354658031
2024-07-19,0.40421427823877359,1.4401401349789984,0.65159268165984785
2024-07-22,0.40421427823877365,1.4806514650726359,0.70950426996589788
2024-07-23,0.40421427823877359,1.5289326271331232,0.73349258550043839
2024-07-24,0.40421427823877348,1.5348982186944726,0.73809835741647056
2024-07-25,0.40421427823877359,1.3712173242520211,0.5503872536745642
2024-07-26,0.40421427823877359,1.4092682419016469,0.51547024742094982
2024-07-29,0.40421427823877359,1.5234219813992353,0.63780765918588944
2024-07-30,0.40421427823877359,1.5366763716123066,0.65792224630964724
2024-07-31,0.40421427823877371,1.6360820049126377,0.67520432128852259
2024-08-01,0.40421427823877365,1.6908283138162894,0.68988179993279475
2024-08-02,0.40421427823877371,1.7126354500045293,0.78012835262729252
2024-08-05,0.40421427823877371,1.6153475506531689,0.63033089138340714
2024-08-06,0.44868206813227035,1.528758409417327,0.59407322493083659
2024-08-07,0.38010572128176695,1.5405352980032834,0.62391328451385375
2024-08-08,0.44779502947971594,1.6917412561723664,0.7710865960785398
2024-08-09,0.43144919323739556,1.7447876027476792,0.78659382117059284
2024-08-12,0.44603710359084581,1.8630984815548728,0.84839045988663053
2024-08-13,0.43885045143920548,1.8519228329920903,0.84378354170438796
2024-08-14,0.41946443881007439,1.8123678180292802,0.81669799520196062
2024-08-15,0.56312914320520036,1.8539841854762233,0.92222635704338496
2024-08-16,0.56479555233659318,2.0334019029781336,1.0149170829691077
2024-08-19,0.66094238626015678,2.0326691883442911,1.0263965114812088
2024-08-20,0.64888561955083524,2.0570237521086572,1.0199275046714324
2024-08-21,0.67406046421871957,2.0281839700566868,0.95171056233262186
2024-08-22,0.6172537516437685,1.9241293222871427,0.86076955538919575
2024-08-23,0.72730147168547088,1.9325693766460055,0.83580933548401526
2024-08-26,0.73559764436646891,1.9563552761089318,0.87962232018300768
2024-08-27,0.72907645386188236,1.9845260917554739,0.86748606430024922
2024-08-28,0.61882066097094401,1.9122407478288557,0.77920262479542401
2024-08-29,0.61598994965183629,1.8828596759841034,0.72023536195318982
2024-08-30,0.55439512464461327,1.8125545498373303,0.68089282370452231
2024-09-03,0.40509670942233073,1.7930178793659661,0.60416792281372567
2024-09-04,0.42366110793767447,1.7937768782900803,0.65199165411297777
2024-09-05,0.49658414139871065,1.9105284468421491,0.81788826846703977
2024-09-06,0.37179555952014059,1.8885953022105475,0.77234935379067904
2024-09-09,0.42856768354493524,1.9100573411763189,0.8528570093725204
2024-09-10,0.42357062520567473,1.9379721437683444,0.87142398847461378
2024-09-11,0.47109558099608939,1.9136141612391968,0.87074571979312831
2024-09-12,0.61521023151593979,2.0606776332661791,1.0163549467569295
2024-09-13,0.71483635425982017,2.1424335850794289,1.1386324520665008
2024-09-16,0.72566234167954924,2.1382676478026927,1.177993382251513
2024-09-17,0.73316575669270911,2.0533537792780883,1.1039848232027403
2024-09-18,0.71021638881529625,1.9564893864873794,0.98178437767192306
2024-09-19,0.71021638881529625,2.0605790103555428,1.0868675014108637
2024-09-20,0.71021638881529625,2.136411496482451,1.1135947086961653
2024-09-23,0.71021638881529636,2.2032376681723038,1.0451708478181483
2024-09-24,0.71021638881529614,2.2688399557303178,1.1761393048875866
2024-09-25,0.71021638881529625,2.2965328243720258,1.1998785675672343
2024-09-26,0.71021638881529614,2.3903490062196875,1.2614223867856758
2024-09-27,0.71021638881529614,2.4266671885813271,1.2569468218268287
2024-09-30,0.71021638881529614,2.4032878004186222,1.1966355247738274
2024-10-01,0.71021638881529625,2.5494311860416166,1.2836062731508266
2024-10-02,0.71021638881529614,2.632049995811065,1.5004186959980286
2024-10-03,0.66341471380722106,2.6481480251131595,1.5233625484757161
2024-10-04,0.69865019952420238,2.6345575589815726,1.5614785562797415
2024-10-07,0.70542614176039198,2.6230061304020933,1.5204292468171703
2024-10-08,0.60444239278405243,2.5325404225932573,1.3250094840066802
2024-10-09,0.61134331054068858,2.3819138037428935,1.2522008038573382
2024-10-10,0.62420364920915827,2.4429544035439092,1.3263315923522838
2024-10-11,0.60884454872101523,2.464680928647625,1.3416124953782187
2024-10-14,0.65299679740312966,2.4751497134416898,1.348225685450074
2024-10-15,0.6028752074580388,2.3300606957528309,1.241302181546845
2024-10-16,0.60312997149944603,2.4015060141641609,1.2812224140992787
2024-10-17,0.54870697508090782,2.4295261504628685,1.2403124825376386
2024-10-18,0.62206929914884079,2.4074567978084085,1.4125129275292352
2024-10-21,0.66254534143489985,2.3257819647725846,1.4099801624247026
2024-10-22,0.5019037885367218,2.3778795884016088,1.4553904060460485
2024-10-23,0.68838920047805618,2.3070597534595634,1.3956954803424269
2024-10-24,0.73914920263616724,2.3600180629791065,1.3982766501291972
2024-10-25,0.80683953079525217,2.3452528294384143,1.4045024005193543
2024-10-28,0.82442612834870133,2.3342705726235646,1.4296768869545307
2024-10-29,0.74539124074521579,2.3299270077548644,1.4467856308289289
2024-10-30,0.79238081745695843,2.4107227067282109,1.3583601225245923
2024-10-31,0.94302362005443618,2.3257521195438535,1.3014014155652955
2024-11-01,0.95105670604478476,2.3185067412189166,1.2725992637274151
2024-11-04,0.99094679714805767,2.3053750435190143,1.298405655616649
2024-11-05,0.90987104608427993,2.295887081859846,1.258345566763609
2024-11-06,0.96334386701397157,2.0894850351161178,1.1225066272376498
2024-11-07,1.0083591752170311,2.2186836494218327,1.2525266498012184
2024-11-08,0.97382910423520341,2.2438831592559616,1.1918371249811655
2024-11-11,0.98545343537014374,2.0266596183272299,1.1256240383919796
2024-11-12,1.0203862606935703,2.0444343665988689,1.193665684898729
2024-11-13,1.0270162119427515,1.9335825070831896,1.1247290012593247
2024-11-14,0.88346166393346093,1.857649783600265,1.0378251026001415
2024-11-15,0.79456635313997026,1.8637383697592418,0.9672459779754411
2024-11-18,0.71781115655048611,1.908986803444183,1.013394415988913
2024-11-19,0.717811156550486,1.9735524588017441,1.0273730117268536
2024-11-20,0.717811156550486,2.0330360945705683,1.0384339764542405
2024-11-21,0.71781115655048588,2.0010593911323675,0.97702572534579468
2024-11-22,0.717811156550486,2.1293888602609696,1.0481152940857725
2024-11-25,0.71781115655048577,1.8099543312851203,0.82569468285934344
2024-11-26,0.717811156550486,1.781077356835818,0.81116598327067557
2024-11-27,0.717811156550486,1.7238001237222624,0.73606446525922076
2024-11-29,0.71781115655048611,1.7531786568074199,0.79343832250974011
2024-12-02,0.71781115655048577,1.7534893556505311,0.74945431230957815
2024-12-03,0.6835999210189313,1.6466786603177324,0.76626129214968863
2024-12-04,0.60120261188363666,1.8276106215195009,0.9257252764910866
2024-12-05,0.54336447360454665,1.8013085141019143,0.9703441509400631
2024-12-06,0.48088849190129246,1.7850373309750649,0.97321091768015888
2024-12-09,0.45567813040401722,1.8511068482027457,1.0911019772655821
2024-12-10,0.45567813040401739,2.0315886725575876,1.2023490031602053
2024-12-11,0.45567813040401722,2.1625044816057897,1.2356203000256705
2024-12-12,0.45567813040401745,2.063853930343488,1.1290381777680476
2024-12-13,0.45567813040401717,1.832623981495771,0.95472476521246852
2024-12-16,0.45567813040401739,1.8107779516620794,0.89801344607421452
2024-12-17,0.45567813040401722,1.8663191756670683,0.94395761842593096
2024-12-18,0.45567813040401717,1.6800617750032691,0.83663927167340191
2024-12-19,0.45567813040401722,1.6321101406908376,0.7359723054759304
2024-12-20,0.52152504211882866,1.7398107936305145,0.80032499372295285
2024-12-23,0.56538652010081458,1.6646281037574702,0.77335282127340976
2024-12-24,0.53059801051271305,1.6602971787104659,0.79280660999363051
2024-12-26,0.55355902570918203,1.6352274249073746,0.80608451640950685
2024-12-27,0.5039268481006246,1.5805254610678694,0.76051313967114154
2024-12-30,0.44156797183790325,1.5848015873262156,0.7417471939812611
2024-12-31,0.38994618470828513,1.6436985178900658,0.76687330245069318
2025-01-02,0.45271542584957142,1.7299004393678907,0.85897482464689623
2025-01-03,0.50385366899622064,1.735354174121694,0.95677365269012937
2025-01-06,0.52914524278378106,1.7232057880720495,0.98566571197578923
2025-01-07,0.49512892028464101,1.7605070386299144,0.98354865596793095
2025-01-08,0.44555788743888236,1.843933852356699,0.99349761756058041
2025-01-10,0.47650455022875121,1.9194543317479926,1.0508907292241296
2025-01-13,0.39601437012253288,1.8672009192608108,0.97870064274262414
2025-01-14,0.4483100741197219,1.863338329752827,1.0082832584275987
2025-01-15,0.50948728616167571,1.8523578696430079,1.0366068753897277
2025-01-16,0.51335996864049993,1.9700984782815167,1.0952358613330293
2025-01-17,0.46762242509392549,2.0131127368915696,1.0885921702212151
2025-01-21,0.47141574145813064,2.063328808018261,1.1184210711716294
2025-01-22,0.51519686293588784,2.0577921310278557,1.1425501920411651
2025-01-23,0.53066749941745506,2.0952760172785951,1.174728054924292
2025-01-24,0.46604460618521565,2.102577903448374,1.1393374717527456
2025-01-27,0.36460125809336902,2.0763228003042959,1.0648090725819934
2025-01-28,0.33157536969202106,2.1041543917495584,1.0596861384364697
2025-01-29,0.43064183797325811,2.099321783305645,1.1143102910658342
2025-01-30,0.42459367274892623,2.1333625060833277,1.127024728724193
2025-01-31,0.39196289282327484,2.1384752263650135,1.1118565200229473
2025-02-03,0.4630598767820916,2.1848462266298987,1.1780245381603456
2025-02-04,0.46595706838435447,2.1754045975308558,1.1735142310185427
2025-02-05,0.56337985683083991,2.2932380049321135,1.288122293490531
2025-02-06,0.59898838101668628,2.3072162202610556,1.3176345637784344
2025-02-07,0.53402096805417809,2.2873903070372572,1.2727341977496041
2025-02-10,0.51690823445257705,2.4075243234032895,1.3357305120034753
2025-02-11,0.41229529546999988,2.3326713862454365,1.2379244541961953
2025-02-12,0.46101737937854081,2.3875087217514483,1.2888245419802682
2025-02-13,0.38619082290239559,2.455348174140791,1.2807779300007622
2025-02-14,0.52542598773758964,2.4447637840111742,1.361271291938658
2025-02-18,0.49626294561738271,2.5392238326477319,1.3902177353512859
2025-02-19,0.3551664363367853,2.5174670936574794,1.298264969392944
2025-02-20,0.29126631519535856,2.4941692703898717,1.2474922545876121
2025-02-21,0.33358820157645802,2.4470854634373205,1.2599212303542124
2025-02-24,0.24427055528289937,2.4785369485458877,1.2456825367941107
2025-02-25,0.20143297064897697,2.4137738516599381,1.2138252820934774
2025-02-26,0.25959781695294004,2.3454825755017779,1.2032871840373771
2025-02-27,0.2164762939496101,2.2755491486918369,1.1974297292235849
2025-02-28,0.23036696392406486,2.2531193349984018,1.198468464763577
2025-03-03,0.26369225680150971,2.3034543473418649,1.2527525924259839
2025-03-04,0.25010994933255726,2.3225142192311417,1.2447906062555072
2025-03-05,0.37521104602751293,2.2127997657407987,1.2441569155075083
2025-03-06,0.39991771385577196,2.0928304672636919,1.1455510656903749
2025-03-07,0.37445084044953386,2.067257841748078,1.1667032664345784
2025-03-10,0.33780173084940712,1.9506372723164471,1.0517891441879483
2025-03-11,0.42511256427426725,1.9852087954725604,1.1146830915123052
2025-03-12,0.44598818541166452,1.9703394553018834,1.1566433614560567
2025-03-13,0.44598818541166452,2.0589636257604234,1.1943916454046259
2025-03-14,0.44598818541166452,2.1380367359667471,1.2193124368635888
2025-03-17,0.44598818541166452,2.1264173857258974,1.1251492538910517
2025-03-18,0.44598818541166457,2.2206955521495151,1.1538684731153324
2025-03-19,0.44598818541166452,2.2729556389460264,1.1072975670213308
2025-03-20,0.44598818541166435,2.2558001684198259,1.0900582298353023
2025-03-21,0.44598818541166452,2.2039677545978664,1.0499718936008
2025-03-24,0.44598818541166441,2.1076096496823618,0.97536100138048798
2025-03-25,0.44598818541166441,2.1398299175843896,1.1392284463724009
2025-03-26,0.44598818541166452,2.1953536640844074,1.150233054037147
2025-03-27,0.44598818541166452,2.2443911703345902,1.2190910484291799
2025-03-28,0.44598818541166435,2.2820489173095,1.2216305337695901
2025-03-31,0.44598818541166435,2.3064626901139196,1.1938079517310278
2025-04-01,0.44598818541166435,2.216415559674668,1.1206141842071629
2025-04-02,0.36841070059800252,2.2508095014281051,1.1176643995313098
2025-04-03,0.16792392268174389,2.0434737234362852,0.79623427433908256
2025-04-04,-0.065761602578690168,1.8017781368576093,0.42765936593118098
2025-04-07,0.089427678130670304,1.710934954037882,0.5029494427077249
2025-04-08,0.037691403918960996,1.6087300204248942,0.37887880629452347
2025-04-09,0.11829974465708108,1.7565862487182606,0.47942371996856858
2025-04-10,0.03909484010718467,1.891166309321191,0.47565317457055606
2025-04-11,0.10055661681452771,2.041309047052382,0.60640237925941776
2025-04-14,0.16405027868425376,1.8838656978500048,0.5420445114794632
2025-04-15,0.10356420403453689,2.0364372718225474,0.59380840078772945
2025-04-16,0.065267359602176722,2.0876351184986928,0.54082599617907678
2025-04-17,-0.058706289529549149,2.0200364272357954,0.58640045039913846
2025-04-21,-0.16255327897568475,2.2317383360507925,0.60572323197535094
2025-04-22,-0.045846533441440365,2.0049533501746271,0.5799620856865132
2025-04-23,0.2014419309964976,1.9527991969123133,0.64313997984660598
2025-04-24,0.027051541449833367,2.1720093548641461,0.80505038575660981
2025-04-25,0.023705669057961433,2.1189004366724622,0.7420903788807478
2025-04-28,-0.015221117781418417,2.1759748470743148,0.76201645210710667
2025-04-29,-0.0055688431218256593,2.0998830344057007,0.72263741584511165
2025-04-30,-0.035861397207404055,2.0007160796805681,0.71217168688141874
2025-05-01,-0.0033495164446775451,1.9408044467013872,0.70248830845823873
2025-05-02,-0.1238148673331865,2.0783863117911818,0.76575091458045519
2025-05-05,-0.20543253392921385,2.1717270739347727,0.78523974687786291
2025-05-06,-0.18262207454216134,2.2906460544897995,0.83541592058094838
2025-05-07,-0.27171610277338826,2.248611020668239,0.78229364202480334
2025-05-08,-0.063441364905246905,2.0731413794527267,0.67105895602484844
2025-05-09,-0.037474253473303923,2.1257423980897343,0.72743040378923596
2025-05-12,0.10751879444768996,1.9539635580180525,0.70636204999412644
2025-05-13,0.23175377191816007,1.9029184849446314,0.62833824568190677
2025-05-14,0.16710285454513568,1.7329088712562175,0.56416099405171527
2025-05-15,0.21046266631513239,1.8803253151625587,0.60042524723850832
2025-05-16,0.20100361298242952,1.824280766029478,0.53170606534128206
2025-05-19,0.35293210020964882,1.7427343541852831,0.41697313817685383
2025-05-20,0.36151704336454343,1.8726671048072918,0.49712767739363678
2025-05-21,0.65694981703796573,1.8313408757982617,0.33082102748776254
2025-05-22,0.64847899890847083,1.7751660342407387,0.27134607966182372
2025-05-23,0.68106174223113014,1.8826934281366079,0.2820689469472531
2025-05-27,0.61884532327913333,1.8966927987940629,0.38162403007213175
2025-05-28,0.60333680641252452,1.9286430505850896,0.41942068502570817
2025-05-29,0.61384471464114565,2.0113847710774828,0.44054894168206266
2025-05-30,0.91168636464674779,1.9185646777217469,0.23969298863108759
2025-06-02,1.0571235318100642,2.1072057602693914,0.41457258687677712
2025-06-03,0.90612466623436683,2.0515837050437278,0.48557540704935603
2025-06-04,0.77809710318090197,2.1123308488040107,0.55690501032996687
2025-06-05,0.7568926714818266,2.0369140166976352,0.65470248506411177
2025-06-06,0.61527797054232469,2.0018223875730343,0.78742963956891288
2025-06-09,0.63480436592356237,1.9657124738617227,0.81352147605010983
2025-06-10,0.87309673358221784,1.9258315043435053,0.66071149902192328
2025-06-11,0.66121304643090151,2.2259717889561372,0.87610957144755697
2025-06-12,0.71685313050505539,2.2277282985789628,0.82674559818195203
2025-06-13,0.60380398742530472,2.2739819481430459,0.86953653861863589
2025-06-16,0.66677905684377659,2.198316085201399,0.83518498472546243
2025-06-17,0.57228698693996549,2.2227563148869764,0.98533393978908324
2025-06-18,0.63699272211526059,2.1312808266116083,0.87769016610800266
2025-06-20,0.64680427268802088,2.1427032409685665,0.81461893680614839
2025-06-23,0.63219726313511493,2.0870895510372964,0.79569889635943092
2025-06-24,0.82453551915110179,1.9861297118788848,0.67820617549025108
2025-06-25,0.67368378533011897,2.1044323947038515,0.85057804355414646
2025-06-26,0.65391163903253813,2.0573038014725991,0.87733517166884822
2025-06-27,0.53740779908778125,1.9907324898737808,0.88968571792652851
2025-06-30,0.57294133675001346,2.1091998215962859,0.92194631373060654
2025-07-01,0.53801442380671849,2.0879732128907622,0.89484110158329278
2025-07-02,0.56798409814756923,2.1133335907900546,0.90964309458884174
2025-07-03,0.6234051439243935,2.0547414916455895,0.91591899966365176
2025-07-07,0.65460797093750067,2.0681808332222902,0.89298581466044569
2025-07-08,0.81447599259218006,1.9474832568080256,0.76145508771887849
2025-07-09,0.89577986287946132,1.9031911807061153,0.66768403600863258
2025-07-10,0.88721283418296482,1.989532940036179,0.78154230390116397
2025-07-11,0.87329237707639262,2.0339072550137822,0.90514196959522242
2025-07-14,0.92745254067606031,1.9974229862275454,0.87891044130001794
2025-07-15,0.99305724595622014,1.8796636488540965,0.77071253806640283
2025-07-16,0.86339076148546967,1.9038612529207604,0.85136360330560024
2025-07-17,0.77172260071183607,1.8781102635576741,0.88493435138287402
2025-07-18,0.80888124549158069,1.7980623289064517,0.81633969807794582
2025-07-21,0.55643281302501579,1.8948565009372234,1.0124519902330442
2025-07-22,0.58585587270392991,1.9826691722616658,1.0964503284375193
2025-07-23,0.49917845160024704,2.0282536669705515,1.1736691561768653
2025-07-24,0.49256660242786815,1.991784912203999,1.1645406184166731
2025-07-25,0.5793548496850911,1.9108817888458314,1.0677741442772621
2025-07-28,0.5416455237427259,1.8919471339324738,1.0995870038164743
2025-07-29,0.55413655040588095,2.0107270849914833,1.2546558672632648
2025-07-30,0.64233880832891777,1.8718759180685369,1.1376865579631619
2025-07-31,0.72434455469684766,1.8910929729148107,1.0978787799091623
2025-08-01,0.79156579609969202,1.9507833286910297,1.0846124948766902
2025-08-04,0.76306511768863761,1.8801208530182441,1.0426764324590909
2025-08-05,0.71086605373001233,1.9082810182007335,1.1287683185874009
2025-08-06,0.68175194411344719,1.8965725815544308,1.130523254379002
2025-08-07,0.65963170572046037,2.0256961787242003,1.3570807483616345
2025-08-08,0.6139208838834127,2.0728224480640698,1.3878561358847774
2025-08-11,0.69473481766208889,1.9750117519835919,1.368596659271508
2025-08-12,0.60088212985582634,1.9042778269147749,1.2936569096642503
2025-08-13,0.53535469537453595,1.9061503951535992,1.3530810362613315
2025-08-14,0.55238999774806852,1.7691753584526062,1.2345410899486382
2025-08-15,0.56907306961925697,1.7847391143465599,1.2435334559059534
2025-08-18,0.56810153662546647,1.8207773286448199,1.2914483283492595
2025-08-19,0.4873367739672913,1.7743311823238086,1.1241700586338097
2025-08-20,0.45757983143538428,1.7101028135205527,1.0974253452711433
2025-08-21,0.29879488628603468,1.7023207772512692,1.0626653820858696
2025-08-22,0.25209120142192981,1.7466906402691242,1.134014052059739
2025-08-25,0.26702723399051542,1.7153292269952298,1.0723519507815278
2025-08-26,0.35454666786007338,1.8488108585850844,1.1772174727068498
2025-08-27,0.25159125620627948,1.7969121555746421,1.0643977808478307
2025-08-28,0.20887532485170929,1.8075963402453348,1.0863124337760828
2025-08-29,0.15918937264445179,1.8556481079211975,1.1543615853493281
2025-09-02,0.25182596921770783,2.0094509093089954,1.3416932747238945
2025-09-03,0.28265477939555711,2.0241844161755487,1.3390814029523925
2025-09-04,0.39317012799423989,2.0581029546226253,1.3767178608145254
2025-09-05,0.60042677827467617,2.1431770249300111,1.5166384108583595
2025-09-08,0.60833842882020372,2.2032187131884644,1.5296231052726945
2025-09-09,0.58719952365645411,2.1556436984266636,1.416086248774244
2025-09-10,0.70703490420349246,2.2116331955918276,1.5566375692470489
2025-09-11,0.56219725928260056,2.1725013426983089,1.5347715543266927
2025-09-12,0.47194325362945427,2.1691752739958785,1.5840677631839997
2025-09-15,0.4121117217806109,2.2267063232311792,1.591853807196755
2025-09-16,0.26570961040414381,2.1615446939410132,1.4466206921648752
2025-09-17,0.2195817679172388,2.065621333825816,1.2776679769325996
2025-09-18,0.1691601763663178,2.0179234530530077,1.2599366053722303
2025-09-19,0.033966764019020691,2.1178116244737213,1.3807308131809259
2025-09-22,0.012609146667504864,2.250983787507181,1.5670207894205592
2025-09-23,0.061222600558758583,2.1952687644650264,1.4515077448634872
2025-09-24,0.014679537092473544,2.0922183492791167,1.4113468193111509
2025-09-25,-0.13823519789790337,2.0847961483127455,1.5475949254702452
2025-09-26,-0.29482180096004063,2.0446388468029308,1.4788226642616311
2025-09-29,-0.27979118847707379,2.1456911184714258,1.577397841622769
2025-09-30,-0.21032183064623791,2.1562961602033215,1.5437130097022467
2025-10-01,-0.30126518066642644,2.2054355236387218,1.6427322058350839
2025-10-02,-0.25948761499002904,2.2503920873149736,1.6829478748607622
2025-10-03,-0.37397538219656551,2.2327848158182828,1.7377504451792627
2025-10-06,-0.29815990422039368,2.3387957313193155,1.7239450049982821
2025-10-07,-0.16724603699190055,2.3741992490160682,1.6516225205363873
2025-10-08,-0.26048632378232189,2.4111571995355496,1.694389677517756
2025-10-09,-0.39369006258736594,2.3987141169505533,1.7976543533504203
2025-10-10,-0.41370101058193504,2.4842092875009354,1.9700414656645511
2025-10-13,-0.69095442941153884,2.6455421423633898,2.1754493828465931
2025-10-14,-0.46965575396516646,2.6485627996294601,2.0387298591022125
2025-10-15,-0.55571064274662541,2.6482920107147057,2.0589238469141433
2025-10-16,-0.46574800729444943,2.8119253231394348,2.1750701460615813
2025-10-17,-0.26469016693175296,2.6216496354451588,1.9447865359775587
2025-10-20,-0.18548240066397056,2.7098290280223516,1.9676486415369061
2025-10-21,0.026340178222910932,2.2208141258880842,1.5739009620330575
2025-10-22,0.018396472513053097,2.1685283550695469,1.3968510272525458
2025-10-23,-0.056016130569827183,2.2055193489062797,1.4271473931478207
2025-10-24,0.082359745471801901,2.1401082559982534,1.3009359964463871
2025-10-27,-0.01633804746983197,2.0434831063845396,1.3130470349595749
2025-10-28,-0.14255667341907777,1.9584827634951583,1.3279329571880329
2025-10-29,-0.28079935907113662,1.9265831738563677,1.382124871403527
2025-10-30,-0.31385767779698942,2.0240026032360574,1.4628565977826942
2025-10-31,-0.23997259860116663,1.9280284369151686,1.3521138267646524
2025-11-03,-0.29330614906433494,1.8863924867471118,1.3692024283342883
2025-11-04,-0.34739737382122343,1.9033928089330618,1.430704878970271
2025-11-05,-0.45529364793068566,1.9648995545277423,1.533719882095159
2025-11-06,-0.42969768590187862,1.9839769419358138,1.5317916312611017
2025-11-07,-0.43353584078560481,1.9812688001064236,1.5296041028223077
2025-11-10,-0.61713799274280046,2.3021599270285642,1.8624255199581747
2025-11-11,-0.63343494065513495,2.2345918215306302,1.8100114250444859
2025-11-12,-0.81978958787989165,2.3513351015543771,2.0280321989631256
2025-11-13,-0.76668451449690556,2.4589786583365028,2.0517654281424442
2025-11-14,-0.62169813606734892,2.362401746648783,1.8737299616729481
2025-11-17,-0.62117489824308125,2.3592668337534946,1.8985474161998914
2025-11-18,-0.66351907234760654,2.4140321985665878,1.920535976869475
2025-11-19,-0.73226686253231432,2.4547304786185515,2.00522756048621
2025-11-20,-0.64025633941900661,2.3329198427162692,1.8421915923511405
2025-11-21,-0.55498315064931691,2.2738586372591976,1.7782293459038181
2025-11-24,-0.60539858155941095,2.3096862521312378,1.8842455376057641
2025-11-25,-0.64002672251681325,2.3009982977478138,1.9340676245716206
2025-11-26,-0.84781717646271038,2.2487815018546384,1.9875359582611081
2025-11-28,-1.117703351824723,2.5424357116388476,2.311440668504817
2025-12-01,-1.2601002000742549,2.5294611583617694,2.3477516619983612
2025-12-02,-1.3825295001296145,2.4883713033693171,2.420417568429432
2025-12-03,-1.400809879480833,2.4573332590173989,2.3741446221681874
2025-12-04,-1.2076300271389133,2.4656575072833471,2.2932934637002731
2025-12-05,-1.3590396484791889,2.470031105337231,2.3186357245872085
2025-12-08,-1.3190200073267884,2.4468268213499562,2.261336670927125
2025-12-09,-1.5737544663373824,2.5031074285316777,2.4000410299580119
2025-12-10,-1.7141855427448784,2.531081189141311,2.5074075087106387
2025-12-11,-1.7945545818445345,2.5119163228053312,2.4664028064089516
2025-12-12,-1.5378859397745026,2.4819885674655713,2.3876855924570113
2025-12-15,-1.7097876792956888,2.4500955078539435,2.4683547548698872
2025-12-16,-1.7172627095147404,2.5372841678076941,2.6109209184384174
2025-12-17,-1.9300257956780331,2.6426242264099802,2.7680244437987223
2025-12-18,-1.8190231574388884,2.6194299288123788,2.7200440968998323
2025-12-19,-1.9933041700782648,2.6439681229263998,2.8103224834653435
2025-12-22,-2.0358661868667087,2.8970169282912206,3.0258859559579552
2025-12-23,-2.2334738306305808,2.949963856984517,3.2136278112499785
2025-12-24,-2.3701361826954219,2.8538236519240585,3.1660456557746484
2025-12-26,-2.5157900468041761,2.9351877251844587,3.3198850951519776
2025-12-29,-1.8693317427079934,2.6205157424455825,2.9713372470732629
2025-12-30,-2.0339597680857584,2.6009514753533041,3.0218323620598522
2025-12-31,-1.6904109115780259,2.5869193594012967,2.9136397078540894
2026-01-02,-1.7592428471063626,2.6447930261260555,3.0301604966407978
2026-01-05,-1.8849872521357478,2.7098756734304503,3.14543952660219
2026-01-06,-2.1677803571075742,2.7147568871654748,3.2391707906215061
2026-01-07,-1.679232576676595,2.7061903219622336,3.017236323146415
2026-01-08,-1.5248512225316015,2.7210184209042008,2.9074344210742575
2026-01-09,-1.7364171953438017,2.7454413400210917,3.0192907811909508
2026-01-12,-1.9148528342897397,2.7995682795432035,3.1377489430498393
2026-01-13,-2.1352530327492096,2.7668508565816432,3.223714798536828
2026-01-14,-2.3194552849622201,2.8249826841705796,3.4088643211130774
2026-01-15,-2.1674616881493534,2.7998582724345558,3.3398841531266745
2026-01-16,-2.1832721133175128,2.7562758183294629,3.2595528055156899
2026-01-20,-2.3555087001193171,2.8684614275621652,3.360493259478575
2026-01-21,-1.9139701029827765,2.9096024861503325,3.2885261198915119
2026-01-22,-2.1068303483590336,2.9663926809316838,3.3665960929908967
2026-01-23,-2.3349090918205331,2.9836070453583377,3.5050916189433208
2026-01-26,-2.4243618329073993,3.0146944878751416,3.5920119772786205
2026-01-27,-2.6230591888536527,3.1009565307731282,3.7131847663527826
2026-01-28,-2.6733588200543359,3.3314465912796991,3.848458773037708
2026-01-29,-2.6859317148977189,3.1767789304780307,3.7916737955740611
2026-01-30,-0.017533540447708794,2.4987837994945035,2.4084598997311022
2026-02-02,-0.0008807225553905001,2.3433025798841038,2.297650737276121
2026-02-03,-0.010465794304515903,2.4907168323877773,2.3927425097830106
2026-02-04,-0.076996501433777662,2.4572500900356249,2.4642385252588395
2026-02-05,0.2135096459052116,2.1740152895252423,1.7905159231879557
2026-02-06,0.18051057816957436,2.2851931161936916,1.9337077392401123
2026-02-09,0.18107405083369096,2.3399358941464428,2.0275679010580174
2026-02-10,0.18721863601642946,2.3474220759857185,2.0507522250394263
2026-02-11,0.19191768027302464,2.2866582806918077,2.054977737988485
2026-02-12,0.19331083591545084,2.2166766582440736,1.8830901988996709
2026-02-13,0.18735396502152285,2.2826789942687467,1.9036505781681639
2026-02-17,0.1904204527820561,2.0955055687622548,1.7740577224932279
2026-02-18,0.18517721676127799,2.2286365456087545,1.8734007869240594
2026-02-19,0.1825104349714603,2.2029736401265625,1.8827992525874599
2026-02-20,0.18624970826541806,2.273294504131131,2.0183191641880072
2026-02-23,0.18394559668317029,2.3475253629627746,2.0662433245352454
2026-02-24,0.1885619619550887,2.2938174693442361,2.0840049474327866
2026-02-25,0.19521371112041316,2.3008018200545339,2.1391285164460982
2026-02-26,0.19843684668830125,2.3269572362936293,2.1535270413534393
2026-02-27,0.19400720249874673,2.4261949561593585,2.2467807707497536
2026-03-02,0.19725902542776327,2.5184453449980615,2.208850260926793
2026-03-03,0.19620436763150415,2.351071561887502,2.0422988338954031
2026-03-04,0.19366725358025144,2.3367866757289013,2.0322533506421667
2026-03-05,0.19469587804405261,2.2340499914062057,1.9822555968631432
2026-03-06,0.18498277878814404,2.3010152406161426,1.9894361442374342
2026-03-09,0.18308491669354399,2.2892467651557222,2.0459213435497414
2026-03-10,0.18502351092322955,2.3216544383786681,2.0724261082115629
2026-03-11,0.18781094089651015,2.3105199065856903,2.017841524418051
2026-03-12,0.18100269049789039,2.2403857197514894,1.9608167930441176
2026-03-13,0.17939144080106392,2.1505199808269415,1.8573475231084986
2026-03-16,0.17939144080106398,2.0857605659015603,1.8385767339661185
2026-03-17,0.17939144080106395,2.0780630913000104,1.8042777878274074
2026-03-18,0.17939144080106395,1.9103704627899449,1.7232522458984505
2026-03-19,0.17939144080106406,1.7014871054371259,1.6285681493834951
2026-03-20,0.17939144080106401,1.5521456824825588,1.5128151860746049
2026-03-23,0.17939144080106401,1.5080503088126058,1.5730369706506169
2026-03-24,0.17939144080106417,1.6244466814398086,1.6788537985182985
2026-03-25,0.1793914408010642,1.6003644292327059,1.6238275504702959
2026-03-26,0.17939144080106414,1.4977475756797485,1.5355162900386872
2026-03-27,0.17939144080106423,1.5728857891656167,1.5640321012157923
2026-03-30,0.17939144080106428,1.54731581379592,1.5297108515493629
2026-03-31,0.17939144080106426,1.6427358480180978,1.6605542939401929
2026-04-01,0.17939144080106426,1.6666928494700732,1.6711655267846588
2026-04-02,0.17939144080106428,1.5907008090789243,1.6272977598016094
2026-04-06,0.18527436339842782,1.5144435220731771,1.6254262548880301
2026-04-07,0.20051097713637633,1.6999243836169655,1.8082017801070127
2026-04-08,0.21907381867835549,1.7052345412950611,1.8827185457650797
2026-04-09,0.20612949709763881,1.8137744995644456,1.8957785471568565
2026-04-10,0.21236188684669749,1.8080940810067982,1.9424113985721807
2026-04-13,0.20932112322338908,1.6919563303792418,1.8577468542228315
2026-04-14,0.21885656474376788,1.6402450359078014,1.91890065595932
2026-04-15,0.21324092641364806,1.5705423017244429,1.8633324633651855
2026-04-16,0.20922078892895885,1.5787136966319035,1.8449947885078177
2026-04-17,0.21350507439250693,1.5691836971916973,1.8893732143381827
2026-04-20,0.22186664401590228,1.4565648535647813,1.8445732309973535
2026-04-21,0.22131237147444074,1.4249703907374103,1.801070795309637
2026-04-22,0.23402601776847326,1.2970561928707853,1.7907518736302526
2026-04-23,0.22304959023931428,1.3899549306851924,1.7571560570456686
2026-04-24,0.20631330803313752,1.424684095758914,1.705480226192823
2026-04-27,0.21055607823380304,1.3750437574931944,1.7119176429669389
2026-04-28,0.21285695976722807,1.3361919982975197,1.6795672577763496
2026-04-29,0.21544576985690159,1.2756073557334409,1.6360061584477976
2026-04-30,0.21481753040268114,1.353560936638484,1.7057237869572983
2026-05-01,0.21321817317130681,1.3889724737429272,1.7469930786492247
2026-05-04,0.21030414292924143,1.35748261572139,1.6907464424984009
2026-05-05,0.21592970576522846,1.4110082070983165,1.7392261472728139
2026-05-06,0.2229044082852232,1.3874371562666792,1.7939827082723649
2026-05-07,0.22368643239374558,1.3237043476711572,1.7969941346987166
2026-05-08,0.22935946809481972,1.3603806147744399,1.8629475932912491
2026-05-11,0.22125068483555516,1.4739610300292973,1.9899503472727009
2026-05-12,0.20602932132355384,1.4171806276641783,1.9701425320144275
2026-05-13,0.19105288536409792,1.5127176279269601,1.9879364892877307
2026-05-14,0.20569880178888575,1.4560653381612301,1.882097338431457
2026-05-15,0.23301598780765795,1.4424699456213042,1.7489701256179115
2026-05-18,0.22528788671535654,1.4174585502395769,1.7843622648645827
2026-05-19,0.24142482179540639,1.3444778009377267,1.6953830178694496
2026-05-20,0.23649377345119099,1.3966808850660692,1.7309906229678502
2026-05-21,0.23238345530672594,1.3142434102233644,1.709221780152083
2026-05-22,0.23457488192793513,1.2591290562305908,1.6677426545981455
2026-05-26,0.22926280036689248,1.2934639453968688,1.7274050044838765
2026-05-27,0.23928449907810384,1.160594509815462,1.643089492396584
2026-05-28,0.23324297527028323,1.2615253770636818,1.6773902854261304
2026-05-29,0.23697519897256397,1.3614953973256101,1.6937369174450267
2026-06-01,0.23639622965686788,1.2478643499705049,1.6603148236980163
2026-06-02,0.23707343263260355,1.2673061743016609,1.6702760915951393
2026-06-03,0.23431066753504387,1.1503239374305712,1.5519225685096025
2026-06-04,0.23024898337436708,1.1842312678936133,1.5744789664322767
2026-06-05,0.24780209253331231,1.0425665767912875,1.4291590370741161
2026-06-08,0.25006647144210159,1.0535432183134537,1.3739199016236983
2026-06-09,0.25006647144210153,1.0278596062020875,1.2863744689386627
2026-06-10,0.25006647144210148,0.84330763387872232,1.1773894693976901
2026-06-11,0.25006647144210159,0.98934953846702489,1.3163399467049133
2026-06-12,0.25006647144210148,0.94923332578861619,1.3386247663096049
2026-06-15,0.25006647144210148,0.99479719930378141,1.3814502304467016
2026-06-16,0.25006647144210148,0.96453052720614696,1.384860751198562
2026-06-17,0.25006647144210148,0.95794551076171686,1.3445069289679754
2026-06-18,0.25006647144210148,0.89421715320903783,1.2359401989382919
2026-06-22,0.25006647144210159,0.90759138733538125,1.2430603419588042
2026-06-23,0.25006647144210159,0.83999211171426391,1.1906996069019831
2026-06-24,0.25006647144210153,0.77935203430942868,1.0878427599380547
2026-06-25,0.2499461876853436,0.80532057952263691,1.08154749615587
2026-06-26,0.25372054269937483,0.8536654440940904,1.1060259664569414
2026-06-29,0.25530781581421785,0.80494668313568807,1.0705602748051208
2026-06-30,0.25647539967809208,0.85227691066420741,1.101832460574599
2026-07-01,0.25801487946757051,0.83693984925727072,1.1103305977799662
2026-07-02,0.26297252657964593,0.89003604594588992,1.167439619094099
2026-07-06,0.26482959778882614,0.89861655221678161,1.1711997245880368
2026-07-07,0.25579231018011667,0.87422747491411168,1.0944820027855917
2026-07-08,0.24958075970193069,0.84692950202613648,1.0654408424175039
2026-07-09,0.25583651599082702,0.92465899617557012,1.1177304365907934
2026-07-10,0.25522273666525075,0.90293765685101246,1.1202287592218838
2026-07-13,0.25135588514940183,0.78703766650364726,1.0256349912880354
2026-07-14,0.2540834700352021,0.79853821667377556,0.99996991620518116
2026-07-15,0.24198288406743326,0.81356245560026208,0.98303646748751627
2026-07-16,0.2303640642230998,0.76455402026140085,0.94046915379375218
2026-07-17,0.22984612487452896,0.77763132264826429,0.94721074136361516
2026-07-20,0.23614320271440173,0.77711097091667269,0.94741461498957957
2026-07-21,0.24546086324199293,0.82423629667625231,1.0148996674604476
2026-07-22,0.24947280236336064,0.82320403146690246,1.0034910163422162
2026-07-23,0.24156189671572043,0.71611003206563384,0.93443347447193437
2026-07-24,0.25089365428662597,0.76726402586109577,0.95053307503248941
2026-07-27,0.25076055807028064,0.79904637592172489,0.96091751145800919
2026-07-28,0.24191735964347835,0.79001321027172966,0.96796639063188561
2026-07-29,0.24562539676916675,0.86610410591686393,0.99763420445083717
2026-07-30,0.2483574046358798,0.87495522229974199,1.0182930262009549
2026-07-31,0.2384581850544775,0.86733203265699377,1.024164991988429
2026-08-03,0.23601995855270111,0.8676723063338565,1.059348980788076
2026-08-04,0.2384964129178799,0.80674685119398482,1.0752493650491732
2026-08-05,0.23925770732659529,0.95613785839357412,1.1323041689708706
2026-08-06,0.24089603820052077,0.92934227567800076,1.0999689393230778
2026-08-07,0.2481647359515971,1.0274515099792776,1.155816301541355
2026-08-10,0.25847681480351264,1.02930523033151,1.1802950488459392
2026-08-11,0.25409947135291455,1.0050965486739341,1.1554879563939071
2026-08-12,0.2530973506506643,1.0951520620067137,1.1955820907286365
2026-08-13,0.25492940707567474,1.044695204142966,1.1696863506058301
2026-08-14,0.26007246582953403,1.0527378183526124,1.1508417404835611
2026-08-17,0.26123598684537119,1.1157056336091489,1.1994525262884388
2026-08-18,0.24882661103733605,1.0362314149682654,1.1244693633617344
2026-08-19,0.26045885884423969,1.1752440652632501,1.2165613518720688
2026-08-20,0.26282578694342545,1.2039077550682784,1.275317061990987
2026-08-21,0.26811565478239563,1.2357971970147859,1.2744695550475391
2026-08-24,0.27135228601571876,1.2935779064092003,1.2771454769529018
2026-08-25,0.27524528240813756,1.2362120040566298,1.2206379280165749
2026-08-26,0.27240441497197687,1.2337352759801345,1.2475370452480221
2026-08-27,0.27082470280085363,1.174036961123617,1.2418598653035755
2026-08-28,0.26924207115395643,1.0646804388977542,1.1810722214505749
2026-08-31,0.27138152107129271,1.0388850860590857,1.167639623911932
2026-09-01,0.27505880684488615,0.89684660851864073,1.0760402383202934
2026-09-02,0.27705437467711785,0.8710327913867425,1.063959292059719
2026-09-03,0.27527626698036811,0.91677858826828218,1.0962789384220517
2026-09-04,0.27271417268644421,0.88543261896996872,1.0914449716610846
2026-09-08,0.27075787130249379,0.78264077034537671,1.0665256486811636
2026-09-09,0.26884725628494011,0.77629404202163677,1.0908374518927135
2026-09-10,0.26465752253662622,0.7153069849248217,1.0154291596105791
2026-09-11,0.26676296363008101,0.73148423607251001,1.0290200486762444
2026-09-14,0.27142704286246006,0.69527976515487544,0.98294415901979171
2026-09-15,0.27732465148270791,0.67873056408883348,0.96959650284967935
2026-09-16,0.27746604533018238,0.63923129552163771,0.94516045183380082
2026-09-17,0.27541105522197434,0.68285702707157681,0.9973146368518786
2026-09-18,0.27036344153680508,0.73204640742059512,1.0501873504472892
2026-09-21,0.27261464472406621,0.74969786162111607,1.0598960097302539
2026-09-22,0.28033637101883213,0.70559867291954748,1.0309204605246589
2026-09-23,0.28698603708540676,0.59119919813383226,0.92103399088233195
2026-09-24,0.28599569539103148,0.55707297102658881,0.90747236122937669
2026-09-25,0.2868457614026968,0.59441666950546301,0.92287189817093729
2026-09-28,0.30301496596097227,0.46182415362134077,0.80291837987442916
2026-09-29,0.31375078033216153,0.48721732172155086,0.78104607044789376
2026-09-30,0.3174807639798507,0.40556351245073813,0.72787721262496607
2026-10-01,0.31251494081888997,0.40210269382558639,0.7508622192840646
