session,sample,ret,equity,bench_ew_ret,bench_spy_ret,exposure
2016-01-19,IS,0.0000000000,1.0000000000,-0.0167443333,0.0000000000,0
2016-01-20,IS,0.0000000000,1.0000000000,-0.0000072138,0.0000000000,0
2016-01-21,IS,0.0000000000,1.0000000000,0.0129839807,0.0000000000,0
2016-01-22,IS,0.0000000000,1.0000000000,0.0287266653,0.0000000000,0
2016-01-25,IS,0.0000000000,1.0000000000,-0.0143196337,0.0000000000,0
2016-01-26,IS,0.0000000000,1.0000000000,0.0167046787,0.0000000000,0
2016-01-27,IS,0.0000000000,1.0000000000,-0.0034035224,0.0000000000,0
2016-01-28,IS,0.0000000000,1.0000000000,-0.0046893270,0.0000000000,0
2016-01-29,IS,0.0000000000,1.0000000000,0.0287503528,0.0000000000,0
2016-02-01,IS,0.0000000000,1.0000000000,-0.0012026751,0.0000000000,0
2016-02-02,IS,0.0000000000,1.0000000000,-0.0156816748,0.0000000000,0
2016-02-03,IS,0.0000000000,1.0000000000,0.0032343218,0.0000000000,0
2016-02-04,IS,0.0000000000,1.0000000000,0.0200534811,0.0000000000,0
2016-02-05,IS,0.0000000000,1.0000000000,-0.0165187588,0.0000000000,0
2016-02-08,IS,0.0000000000,1.0000000000,-0.0108392246,0.0000000000,0
2016-02-09,IS,0.0000000000,1.0000000000,-0.0139687599,0.0000000000,0
2016-02-10,IS,0.0000000000,1.0000000000,0.0033423164,0.0000000000,0
2016-02-11,IS,0.0000000000,1.0000000000,-0.0051197096,0.0000000000,0
2016-02-12,IS,0.0000000000,1.0000000000,0.0148955016,0.0000000000,0
2016-02-16,IS,0.0000000000,1.0000000000,0.0087390190,0.0000000000,0
2016-02-17,IS,0.0000000000,1.0000000000,0.0219248937,0.0000000000,0
2016-02-18,IS,0.0000000000,1.0000000000,0.0013084238,0.0000000000,0
2016-02-19,IS,0.0000000000,1.0000000000,-0.0028255516,0.0000000000,0
2016-02-22,IS,0.0000000000,1.0000000000,0.0129888541,0.0000000000,0
2016-02-23,IS,0.0000000000,1.0000000000,-0.0097142629,0.0000000000,0
2016-02-24,IS,0.0000000000,1.0000000000,0.0058247474,0.0000000000,0
2016-02-25,IS,0.0000000000,1.0000000000,0.0025661308,0.0000000000,0
2016-02-26,IS,0.0000000000,1.0000000000,0.0190272528,0.0000000000,0
2016-02-29,IS,0.0000000000,1.0000000000,0.0015199604,0.0000000000,0
2016-03-01,IS,0.0000000000,1.0000000000,0.0197965551,0.0000000000,0
2016-03-02,IS,0.0000000000,1.0000000000,0.0077057856,0.0000000000,0
2016-03-03,IS,0.0000000000,1.0000000000,0.0185698697,0.0000000000,0
2016-03-04,IS,0.0000000000,1.0000000000,0.0052985374,0.0000000000,0
2016-03-07,IS,0.0000000000,1.0000000000,0.0301206637,0.0000000000,0
2016-03-08,IS,0.0000000000,1.0000000000,-0.0177740497,0.0000000000,0
2016-03-09,IS,0.0000000000,1.0000000000,-0.0033278832,0.0000000000,0
2016-03-10,IS,0.0000000000,1.0000000000,-0.0056082994,0.0000000000,0
2016-03-11,IS,0.0000000000,1.0000000000,0.0190124808,0.0000000000,0
2016-03-14,IS,0.0000000000,1.0000000000,-0.0074938978,0.0000000000,0
2016-03-15,IS,0.0000000000,1.0000000000,-0.0127885676,0.0000000000,0
2016-03-16,IS,0.0000000000,1.0000000000,0.0040568732,0.0000000000,0
2016-03-17,IS,0.0000000000,1.0000000000,0.0147554204,0.0000000000,0
2016-03-18,IS,0.0000000000,1.0000000000,0.0074974094,0.0000000000,0
2016-03-21,IS,0.0000000000,1.0000000000,-0.0050328627,0.0000000000,0
2016-03-22,IS,0.0000000000,1.0000000000,0.0030856562,0.0000000000,0
2016-03-23,IS,0.0000000000,1.0000000000,-0.0133529269,0.0000000000,0
2016-03-24,IS,0.0000000000,1.0000000000,-0.0027998940,0.0000000000,0
2016-03-28,IS,0.0000000000,1.0000000000,0.0023068223,0.0000000000,0
2016-03-29,IS,0.0000000000,1.0000000000,0.0203596299,0.0000000000,0
2016-03-30,IS,0.0000000000,1.0000000000,-0.0010502760,0.0000000000,0
2016-03-31,IS,0.0000000000,1.0000000000,0.0055134939,0.0000000000,0
2016-04-01,IS,0.0000000000,1.0000000000,-0.0052014194,0.0000000000,0
2016-04-04,IS,0.0000000000,1.0000000000,-0.0156897613,0.0000000000,0
2016-04-05,IS,0.0000000000,1.0000000000,-0.0094791971,0.0000000000,0
2016-04-06,IS,0.0000000000,1.0000000000,0.0073395152,0.0000000000,0
2016-04-07,IS,0.0000000000,1.0000000000,-0.0090075973,0.0000000000,0
2016-04-08,IS,0.0000000000,1.0000000000,0.0133863873,0.0000000000,0
2016-04-11,IS,0.0000000000,1.0000000000,-0.0010153639,0.0000000000,0
2016-04-12,IS,0.0000000000,1.0000000000,0.0083044366,0.0000000000,0
2016-04-13,IS,0.0000000000,1.0000000000,0.1167069971,0.0000000000,0
2016-04-14,IS,0.0000000000,1.0000000000,0.0066718870,0.0000000000,0
2016-04-15,IS,0.0000000000,1.0000000000,0.0081894030,0.0000000000,0
2016-04-18,IS,0.0000000000,1.0000000000,0.0032166648,0.0000000000,0
2016-04-19,IS,0.0000000000,1.0000000000,0.0036302546,0.0000000000,0
2016-04-20,IS,0.0000000000,1.0000000000,-0.0011490781,0.0000000000,0
2016-04-21,IS,0.0000000000,1.0000000000,-0.0079667288,0.0000000000,0
2016-04-22,IS,0.0000000000,1.0000000000,0.0074375651,0.0000000000,0
2016-04-25,IS,0.0000000000,1.0000000000,-0.0094857126,0.0000000000,0
2016-04-26,IS,0.0000000000,1.0000000000,0.0119779974,0.0000000000,0
2016-04-27,IS,0.0000000000,1.0000000000,0.0101368739,0.0000000000,0
2016-04-28,IS,0.0000000000,1.0000000000,-0.0012512350,0.0000000000,0
2016-04-29,IS,0.0000000000,1.0000000000,0.0117973446,0.0000000000,0
2016-05-02,IS,0.0000000000,1.0000000000,-0.0122386039,0.0000000000,0
2016-05-03,IS,0.0000000000,1.0000000000,-0.0146508314,0.0000000000,0
2016-05-04,IS,0.0000000000,1.0000000000,0.0043490779,0.0000000000,0
2016-05-05,IS,0.0000000000,1.0000000000,-0.0178097040,0.0000000000,0
2016-05-06,IS,0.0000000000,1.0000000000,0.0084337315,0.0000000000,0
2016-05-09,IS,0.0000000000,1.0000000000,-0.0031327397,0.0000000000,0
2016-05-10,IS,0.0000000000,1.0000000000,0.0100632764,0.0000000000,0
2016-05-11,IS,0.0000000000,1.0000000000,-0.0115748409,0.0000000000,0
2016-05-12,IS,0.0000000000,1.0000000000,-0.0164442176,0.0000000000,0
2016-05-13,IS,0.0000000000,1.0000000000,0.0012971005,0.0000000000,0
2016-05-16,IS,0.0000000000,1.0000000000,0.0123619303,0.0000000000,0
2016-05-17,IS,0.0000000000,1.0000000000,-0.0111394687,0.0000000000,0
2016-05-18,IS,0.0000000000,1.0000000000,-0.0126100196,0.0000000000,0
2016-05-19,IS,0.0000000000,1.0000000000,-0.0018847498,0.0000000000,0
2016-05-20,IS,0.0000000000,1.0000000000,0.0012128679,0.0000000000,0
2016-05-23,IS,0.0000000000,1.0000000000,0.0022613920,0.0000000000,0
2016-05-24,IS,0.0000000000,1.0000000000,0.0145433035,0.0000000000,0
2016-05-25,IS,0.0000000000,1.0000000000,-0.0027052897,0.0000000000,0
2016-05-26,IS,0.0000000000,1.0000000000,0.0003985922,0.0000000000,0
2016-05-27,IS,0.0000000000,1.0000000000,0.0125386739,0.0000000000,0
2016-05-31,IS,0.0000000000,1.0000000000,0.0068069170,0.0000000000,0
2016-06-01,IS,0.0000000000,1.0000000000,0.0145641710,0.0000000000,0
2016-06-02,IS,0.0000000000,1.0000000000,0.0032438945,0.0000000000,0
2016-06-03,IS,0.0000000000,1.0000000000,-0.0025175046,0.0000000000,0
2016-06-06,IS,0.0000000000,1.0000000000,0.0025263590,0.0000000000,0
2016-06-07,IS,0.0000000000,1.0000000000,0.0045717830,0.0000000000,0
2016-06-08,IS,0.0000000000,1.0000000000,0.0105012504,0.0000000000,0
2016-06-09,IS,0.0000000000,1.0000000000,0.0136183698,0.0000000000,0
2016-06-10,IS,0.0000000000,1.0000000000,-0.0175815372,0.0000000000,0
2016-06-13,IS,0.0000000000,1.0000000000,-0.0183267459,0.0000000000,0
2016-06-14,IS,0.0000000000,1.0000000000,-0.0057755926,0.0000000000,0
2016-06-15,IS,0.0000000000,1.0000000000,-0.0018108334,0.0000000000,0
2016-06-16,IS,0.0000000000,1.0000000000,0.0016411771,0.0000000000,0
2016-06-17,IS,0.0000000000,1.0000000000,0.0113327340,0.0000000000,0
2016-06-20,IS,0.0000000000,1.0000000000,-0.0165682582,0.0000000000,0
2016-06-21,IS,0.0000000000,1.0000000000,0.0123199589,0.0000000000,0
2016-06-22,IS,0.0000000000,1.0000000000,0.0005836968,0.0000000000,0
2016-06-23,IS,0.0000000000,1.0000000000,0.0243281649,0.0000000000,0
2016-06-24,IS,0.0000000000,1.0000000000,-0.0344513434,0.0000000000,0
2016-06-27,IS,0.0000000000,1.0000000000,-0.0201706928,0.0000000000,0
2016-06-28,IS,0.0000000000,1.0000000000,0.0144232121,0.0000000000,0
2016-06-29,IS,0.0000000000,1.0000000000,0.0405569595,0.0000000000,0
2016-06-30,IS,0.0000000000,1.0000000000,0.0055388935,0.0000000000,0
2016-07-01,IS,0.0000000000,1.0000000000,0.0109028538,0.0000000000,0
2016-07-05,IS,0.0000000000,1.0000000000,-0.0245729418,0.0000000000,0
2016-07-06,IS,0.0000000000,1.0000000000,0.0048167915,0.0000000000,0
2016-07-07,IS,0.0000000000,1.0000000000,0.0005164868,0.0000000000,0
2016-07-08,IS,0.0000000000,1.0000000000,0.0405006820,0.0000000000,0
2016-07-11,IS,0.0000000000,1.0000000000,-0.0052623195,0.0000000000,0
2016-07-12,IS,0.0000000000,1.0000000000,0.0325858257,0.0000000000,0
2016-07-13,IS,0.0000000000,1.0000000000,0.0045392975,0.0000000000,0
2016-07-14,IS,0.0000000000,1.0000000000,-0.0026156794,0.0000000000,0
2016-07-15,IS,0.0000000000,1.0000000000,0.0025957187,0.0000000000,0
2016-07-18,IS,0.0000000000,1.0000000000,0.0101615412,0.0000000000,0
2016-07-19,IS,0.0000000000,1.0000000000,0.0235245002,0.0000000000,0
2016-07-20,IS,0.0000000000,1.0000000000,-0.0023884555,0.0000000000,0
2016-07-21,IS,0.0000000000,1.0000000000,0.0040102263,0.0000000000,0
2016-07-22,IS,0.0000000000,1.0000000000,-0.0028437048,0.0000000000,0
2016-07-25,IS,0.0000000000,1.0000000000,-0.0058874364,0.0000000000,0
2016-07-26,IS,0.0000000000,1.0000000000,0.0006612574,0.0000000000,0
2016-07-27,IS,0.0000000000,1.0000000000,-0.0034275208,0.0000000000,0
2016-07-28,IS,0.0000000000,1.0000000000,0.0048167828,0.0000000000,0
2016-07-29,IS,0.0000000000,1.0000000000,0.0091540650,0.0000000000,0
2016-08-01,IS,0.0000000000,1.0000000000,-0.0045829030,0.0000000000,0
2016-08-02,IS,0.0000000000,1.0000000000,-0.0080738160,0.0000000000,0
2016-08-03,IS,0.0000000000,1.0000000000,0.0069087615,0.0000000000,0
2016-08-04,IS,0.0000000000,1.0000000000,-0.0006062023,0.0000000000,0
2016-08-05,IS,0.0000000000,1.0000000000,0.0024050486,0.0000000000,0
2016-08-08,IS,0.0000000000,1.0000000000,0.0091540231,0.0000000000,0
2016-08-09,IS,0.0000000000,1.0000000000,-0.0074735843,0.0000000000,0
2016-08-10,IS,0.0000000000,1.0000000000,-0.0109864345,0.0000000000,0
2016-08-11,IS,0.0000000000,1.0000000000,0.0064242228,0.0000000000,0
2016-08-12,IS,0.0000000000,1.0000000000,0.0022865918,0.0000000000,0
2016-08-15,IS,0.0000000000,1.0000000000,0.0057296743,0.0000000000,0
2016-08-16,IS,0.0000000000,1.0000000000,-0.0111431900,0.0000000000,0
2016-08-17,IS,0.0000000000,1.0000000000,-0.0133302902,0.0000000000,0
2016-08-18,IS,0.0000000000,1.0000000000,0.0099539569,0.0000000000,0
2016-08-19,IS,0.0000000000,1.0000000000,0.0029156199,0.0000000000,0
2016-08-22,IS,0.0000000000,1.0000000000,-0.0065949691,0.0000000000,0
2016-08-23,IS,0.0000000000,1.0000000000,0.0154303809,0.0000000000,0
2016-08-24,IS,0.0000000000,1.0000000000,0.0026718359,0.0000000000,0
2016-08-25,IS,0.0000000000,1.0000000000,0.0033897724,0.0000000000,0
2016-08-26,IS,0.0000000000,1.0000000000,-0.0041598492,0.0000000000,0
2016-08-29,IS,0.0000000000,1.0000000000,0.0146714980,0.0000000000,0
2016-08-30,IS,0.0000000000,1.0000000000,-0.0016871395,0.0000000000,0
2016-08-31,IS,0.0000000000,1.0000000000,-0.0044119025,0.0000000000,0
2016-09-01,IS,0.0000000000,1.0000000000,-0.0017721838,0.0000000000,0
2016-09-02,IS,0.0000000000,1.0000000000,0.0107124651,0.0000000000,0
2016-09-06,IS,0.0000000000,1.0000000000,-0.0023998443,0.0000000000,0
2016-09-07,IS,0.0000000000,1.0000000000,0.0074960219,0.0000000000,0
2016-09-08,IS,0.0000000000,1.0000000000,0.0090054137,0.0000000000,0
2016-09-09,IS,0.0000000000,1.0000000000,-0.0235357073,0.0000000000,0
2016-09-12,IS,0.0000000000,1.0000000000,0.0158161531,0.0000000000,0
2016-09-13,IS,0.0000000000,1.0000000000,-0.0221924770,0.0000000000,0
2016-09-14,IS,0.0000000000,1.0000000000,0.0026308427,0.0000000000,0
2016-09-15,IS,0.0000000000,1.0000000000,0.0078610158,0.0000000000,0
2016-09-16,IS,0.0000000000,1.0000000000,0.0004855063,0.0000000000,0
2016-09-19,IS,0.0000000000,1.0000000000,-0.0009414090,0.0000000000,0
2016-09-20,IS,0.0000000000,1.0000000000,-0.0017668172,0.0000000000,0
2016-09-21,IS,0.0000000000,1.0000000000,0.0126134544,0.0000000000,0
2016-09-22,IS,0.0000000000,1.0000000000,0.0134650785,0.0000000000,0
2016-09-23,IS,0.0000000000,1.0000000000,-0.0034246593,0.0000000000,0
2016-09-26,IS,0.0000000000,1.0000000000,-0.0140745774,0.0000000000,0
2016-09-27,IS,0.0000000000,1.0000000000,0.0041301716,0.0000000000,0
2016-09-28,IS,0.0000000000,1.0000000000,0.0043460569,0.0000000000,0
2016-09-29,IS,0.0000000000,1.0000000000,-0.0129541278,0.0000000000,0
2016-09-30,IS,0.0000000000,1.0000000000,0.0125345253,0.0000000000,0
2016-10-03,IS,0.0000000000,1.0000000000,-0.0035349464,0.0000000000,0
2016-10-04,IS,0.0000000000,1.0000000000,-0.0070409562,0.0000000000,0
2016-10-05,IS,0.0000000000,1.0000000000,0.0049185320,0.0000000000,0
2016-10-06,IS,0.0000000000,1.0000000000,0.0235188691,0.0000000000,0
2016-10-07,IS,0.0000000000,1.0000000000,-0.0040311942,0.0000000000,0
2016-10-10,IS,0.0000000000,1.0000000000,0.0058952241,0.0000000000,0
2016-10-11,IS,0.0000000000,1.0000000000,-0.0151431821,0.0000000000,0
2016-10-12,IS,0.0000000000,1.0000000000,0.0072837580,0.0000000000,0
2016-10-13,IS,0.0000000000,1.0000000000,-0.0066164015,0.0000000000,0
2016-10-14,IS,0.0000000000,1.0000000000,0.0021394699,0.0000000000,0
2016-10-17,IS,0.0000000000,1.0000000000,-0.0020565827,0.0000000000,0
2016-10-18,IS,0.0000000000,1.0000000000,0.0057105889,0.0000000000,0
2016-10-19,IS,0.0000000000,1.0000000000,0.0068054075,0.0000000000,0
2016-10-20,IS,0.0000000000,1.0000000000,-0.0023744663,0.0000000000,0
2016-10-21,IS,0.0000000000,1.0000000000,-0.0067121945,0.0000000000,0
2016-10-24,IS,0.0000000000,1.0000000000,0.0132780700,0.0000000000,0
2016-10-25,IS,0.0000000000,1.0000000000,-0.0019924306,0.0000000000,0
2016-10-26,IS,0.0000000000,1.0000000000,-0.0121919761,0.0000000000,0
2016-10-27,IS,0.0000000000,1.0000000000,-0.0329045673,0.0000000000,0
2016-10-28,IS,0.0000000000,1.0000000000,0.0058310174,0.0000000000,0
2016-10-31,IS,0.0000000000,1.0000000000,0.0052491738,0.0000000000,0
2016-11-01,IS,0.0000000000,1.0000000000,-0.0156502247,0.0000000000,0
2016-11-02,IS,0.0000000000,1.0000000000,-0.0061471621,0.0000000000,0
2016-11-03,IS,0.0000000000,1.0000000000,0.0045578688,0.0000000000,0
2016-11-04,IS,0.0000000000,1.0000000000,0.0121299821,0.0000000000,0
2016-11-07,IS,0.0000000000,1.0000000000,0.0079362183,0.0000000000,0
2016-11-08,IS,0.0000000000,1.0000000000,-0.0054787413,0.0000000000,0
2016-11-09,IS,0.0000000000,1.0000000000,0.0159186714,0.0000000000,0
2016-11-10,IS,0.0000000000,1.0000000000,0.0154330350,0.0000000000,0
2016-11-11,IS,0.0000000000,1.0000000000,0.0396020163,0.0000000000,0
2016-11-14,IS,0.0000000000,1.0000000000,0.0132232103,0.0000000000,0
2016-11-15,IS,0.0000000000,1.0000000000,0.0107384529,0.0000000000,0
2016-11-16,IS,0.0000000000,1.0000000000,0.0156684586,0.0000000000,0
2016-11-17,IS,0.0000000000,1.0000000000,-0.0016019530,0.0000000000,0
2016-11-18,IS,0.0000000000,1.0000000000,0.0050594325,0.0000000000,0
2016-11-21,IS,0.0000000000,1.0000000000,0.0016052266,0.0000000000,0
2016-11-22,IS,0.0000000000,1.0000000000,0.0061132311,0.0000000000,0
2016-11-23,IS,0.0000000000,1.0000000000,0.0150028527,0.0000000000,0
2016-11-25,IS,0.0000000000,1.0000000000,0.0024214801,0.0000000000,0
2016-11-28,IS,0.0000000000,1.0000000000,-0.0096839695,0.0000000000,0
2016-11-29,IS,0.0000000000,1.0000000000,-0.0081797985,0.0000000000,0
2016-11-30,IS,0.0000000000,1.0000000000,-0.0098677994,0.0000000000,0
2016-12-01,IS,0.0000000000,1.0000000000,-0.0055365107,0.0000000000,0
2016-12-02,IS,0.0000000000,1.0000000000,0.0087076548,0.0000000000,0
2016-12-05,IS,0.0000000000,1.0000000000,0.0033631541,0.0000000000,0
2016-12-06,IS,0.0000000000,1.0000000000,0.0211720867,0.0000000000,0
2016-12-07,IS,0.0000000000,1.0000000000,0.0026867757,0.0000000000,0
2016-12-08,IS,0.0000000000,1.0000000000,0.0105589275,0.0000000000,0
2016-12-09,IS,0.0000000000,1.0000000000,0.0081535321,0.0000000000,0
2016-12-12,IS,0.0000000000,1.0000000000,-0.0134497164,0.0000000000,0
2016-12-13,IS,0.0000000000,1.0000000000,0.0050043849,0.0000000000,0
2016-12-14,IS,0.0000000000,1.0000000000,-0.0059361597,0.0000000000,0
2016-12-15,IS,0.0000000000,1.0000000000,0.0133631373,0.0000000000,0
2016-12-16,IS,0.0000000000,1.0000000000,-0.0006814910,0.0000000000,0
2016-12-19,IS,0.0000000000,1.0000000000,0.0023806620,0.0000000000,0
2016-12-20,IS,0.0000000000,1.0000000000,0.0026702170,0.0000000000,0
2016-12-21,IS,0.0000000000,1.0000000000,-0.0001008210,0.0000000000,0
2016-12-22,IS,0.0000000000,1.0000000000,-0.0073381012,0.0000000000,0
2016-12-23,IS,0.0000000000,1.0000000000,-0.0038982889,0.0000000000,0
2016-12-27,IS,0.0000000000,1.0000000000,0.0104167691,0.0000000000,0
2016-12-28,IS,0.0000000000,1.0000000000,-0.0112167325,0.0000000000,0
2016-12-29,IS,0.0000000000,1.0000000000,0.0020499085,0.0000000000,0
2016-12-30,IS,0.0000000000,1.0000000000,0.0018864056,0.0000000000,0
2017-01-03,IS,0.0000000000,1.0000000000,0.0152163140,0.0000000000,0
2017-01-04,IS,0.0000000000,1.0000000000,0.0196881586,0.0000000000,0
2017-01-05,IS,0.0000000000,1.0000000000,-0.0137180652,0.0000000000,0
2017-01-06,IS,0.0000000000,1.0000000000,-0.0030687683,0.0000000000,0
2017-01-09,IS,0.0000000000,1.0000000000,-0.0086455143,0.0000000000,0
2017-01-10,IS,0.0000000000,1.0000000000,0.0095247705,0.0000000000,0
2017-01-11,IS,0.0000000000,1.0000000000,0.0006203317,0.0000000000,0
2017-01-12,IS,0.0000000000,1.0000000000,-0.0195934594,0.0000000000,0
2017-01-13,IS,0.0000000000,1.0000000000,0.0097047282,0.0000000000,0
2017-01-17,IS,0.0000000000,1.0000000000,-0.0091678592,0.0000000000,0
2017-01-18,IS,0.0000000000,1.0000000000,-0.0083079873,0.0000000000,0
2017-01-19,IS,0.0000000000,1.0000000000,-0.0000110907,0.0000000000,0
2017-01-20,IS,0.0000000000,1.0000000000,0.0061767343,0.0000000000,0
2017-01-23,IS,0.0000000000,1.0000000000,-0.0126924377,0.0000000000,0
2017-01-24,IS,0.0000000000,1.0000000000,0.0158697002,0.0000000000,0
2017-01-25,IS,0.0000000000,1.0000000000,0.0184659892,0.0000000000,0
2017-01-26,IS,0.0000000000,1.0000000000,-0.0027487004,0.0000000000,0
2017-01-27,IS,0.0000000000,1.0000000000,-0.0076414490,0.0000000000,0
2017-01-30,IS,0.0000000000,1.0000000000,-0.0150856043,0.0000000000,0
2017-01-31,IS,0.0000000000,1.0000000000,0.0032623436,0.0000000000,0
2017-02-01,IS,0.0000000000,1.0000000000,-0.0061279674,0.0000000000,0
2017-02-02,IS,0.0000000000,1.0000000000,0.0020203881,0.0000000000,0
2017-02-03,IS,0.0000000000,1.0000000000,0.0166697265,0.0000000000,0
2017-02-06,IS,0.0000000000,1.0000000000,0.0010702722,0.0000000000,0
2017-02-07,IS,0.0000000000,1.0000000000,-0.0080679862,0.0000000000,0
2017-02-08,IS,0.0000000000,1.0000000000,-0.0105586211,0.0000000000,0
2017-02-09,IS,0.0000000000,1.0000000000,0.0145765463,0.0000000000,0
2017-02-10,IS,0.0000000000,1.0000000000,0.0178636571,0.0000000000,0
2017-02-13,IS,0.0000000000,1.0000000000,-0.0012478700,0.0000000000,0
2017-02-14,IS,0.0000000000,1.0000000000,0.0000845319,0.0000000000,0
2017-02-15,IS,0.0000000000,1.0000000000,0.0099022644,0.0000000000,0
2017-02-16,IS,0.0000000000,1.0000000000,-0.0066221323,0.0000000000,0
2017-02-17,IS,0.0000000000,1.0000000000,-0.0058499182,0.0000000000,0
2017-02-21,IS,0.0000000000,1.0000000000,0.0252934321,0.0000000000,0
2017-02-22,IS,0.0000000000,1.0000000000,0.0022531120,0.0000000000,0
2017-02-23,IS,0.0000000000,1.0000000000,-0.0052534499,0.0000000000,0
2017-02-24,IS,0.0000000000,1.0000000000,-0.0029224302,0.0000000000,0
2017-02-27,IS,0.0000000000,1.0000000000,0.0086741571,0.0000000000,0
2017-02-28,IS,0.0000000000,1.0000000000,-0.0138904944,0.0000000000,0
2017-03-01,IS,0.0000000000,1.0000000000,0.0123299026,0.0000000000,0
2017-03-02,IS,0.0000000000,1.0000000000,-0.0084483649,0.0000000000,0
2017-03-03,IS,0.0000000000,1.0000000000,-0.0116661103,0.0000000000,0
2017-03-06,IS,0.0000000000,1.0000000000,-0.0148015618,0.0000000000,0
2017-03-07,IS,0.0000000000,1.0000000000,-0.0086398851,0.0000000000,0
2017-03-08,IS,0.0000000000,1.0000000000,-0.0050114861,0.0000000000,0
2017-03-09,IS,0.0000000000,1.0000000000,-0.0079677717,0.0000000000,0
2017-03-10,IS,0.0000000000,1.0000000000,0.0052359008,0.0000000000,0
2017-03-13,IS,0.0000000000,1.0000000000,0.0000678750,0.0000000000,0
2017-03-14,IS,0.0000000000,1.0000000000,0.0038270949,0.0000000000,0
2017-03-15,IS,0.0000000000,1.0000000000,0.0173074899,0.0000000000,0
2017-03-16,IS,0.0000000000,1.0000000000,0.0037294308,0.0000000000,0
2017-03-17,IS,0.0000000000,1.0000000000,-0.0003447170,0.0000000000,0
2017-03-20,IS,0.0000000000,1.0000000000,-0.0064121686,0.0000000000,0
2017-03-21,IS,0.0000000000,1.0000000000,-0.0272658175,0.0000000000,0
2017-03-22,IS,0.0000000000,1.0000000000,-0.0086614574,0.0000000000,0
2017-03-23,IS,0.0000000000,1.0000000000,0.0161046091,0.0000000000,0
2017-03-24,IS,0.0000000000,1.0000000000,0.0061896885,0.0000000000,0
2017-03-27,IS,0.0000000000,1.0000000000,0.0064068880,0.0000000000,0
2017-03-28,IS,0.0000000000,1.0000000000,0.0065652261,0.0000000000,0
2017-03-29,IS,0.0000000000,1.0000000000,-0.0024774560,0.0000000000,0
2017-03-30,IS,0.0000000000,1.0000000000,0.0044708827,0.0000000000,0
2017-03-31,IS,0.0000000000,1.0000000000,0.0079518769,0.0000000000,0
2017-04-03,IS,0.0000000000,1.0000000000,-0.0078092694,0.0000000000,0
2017-04-04,IS,0.0000000000,1.0000000000,-0.0030855097,0.0000000000,0
2017-04-05,IS,0.0000000000,1.0000000000,-0.0058533251,0.0000000000,0
2017-04-06,IS,0.0000000000,1.0000000000,0.0098208686,0.0000000000,0
2017-04-07,IS,0.0000000000,1.0000000000,0.0048574916,0.0000000000,0
2017-04-10,IS,0.0000000000,1.0000000000,-0.0042168696,0.0000000000,0
2017-04-11,IS,0.0000000000,1.0000000000,0.0090519662,0.0000000000,0
2017-04-12,IS,0.0000000000,1.0000000000,-0.0160847814,0.0000000000,0
2017-04-13,IS,0.0000000000,1.0000000000,-0.0072611341,0.0000000000,0
2017-04-17,IS,0.0000000000,1.0000000000,0.0114216429,0.0000000000,0
2017-04-18,IS,0.0000000000,1.0000000000,-0.0024579337,0.0000000000,0
2017-04-19,IS,0.0000000000,1.0000000000,-0.0013730917,0.0000000000,0
2017-04-20,IS,0.0000000000,1.0000000000,0.0111896970,0.0000000000,0
2017-04-21,IS,0.0000000000,1.0000000000,-0.0089738006,0.0000000000,0
2017-04-24,IS,0.0000000000,1.0000000000,0.0069409803,0.0000000000,0
2017-04-25,IS,0.0000000000,1.0000000000,0.0084885362,0.0000000000,0
2017-04-26,IS,0.0000000000,1.0000000000,0.0038013571,0.0000000000,0
2017-04-27,IS,0.0000000000,1.0000000000,0.0110134406,0.0000000000,0
2017-04-28,IS,0.0000000000,1.0000000000,0.0072025161,0.0000000000,0
2017-05-01,IS,0.0000000000,1.0000000000,0.0095501322,0.0000000000,0
2017-05-02,IS,0.0000000000,1.0000000000,0.0112547187,0.0000000000,0
2017-05-03,IS,0.0000000000,1.0000000000,-0.0139134826,0.0000000000,0
2017-05-04,IS,0.0000000000,1.0000000000,0.0015934061,0.0000000000,0
2017-05-05,IS,0.0000000000,1.0000000000,-0.0065972434,0.0000000000,0
2017-05-08,IS,0.0000000000,1.0000000000,0.0008015634,0.0000000000,0
2017-05-09,IS,0.0000000000,1.0000000000,0.0015227400,0.0000000000,0
2017-05-10,IS,0.0000000000,1.0000000000,0.0046441900,0.0000000000,0
2017-05-11,IS,0.0000000000,1.0000000000,-0.0051492119,0.0000000000,0
2017-05-12,IS,0.0000000000,1.0000000000,-0.0033227347,0.0000000000,0
2017-05-15,IS,0.0000000000,1.0000000000,0.0008788031,0.0000000000,0
2017-05-16,IS,0.0000000000,1.0000000000,-0.0076591655,0.0000000000,0
2017-05-17,IS,0.0000000000,1.0000000000,-0.0270296038,0.0000000000,0
2017-05-18,IS,0.0000000000,1.0000000000,-0.0053211556,0.0000000000,0
2017-05-19,IS,0.0000000000,1.0000000000,0.0149367163,0.0000000000,0
2017-05-22,IS,0.0000000000,1.0000000000,0.0070996342,0.0000000000,0
2017-05-23,IS,0.0000000000,1.0000000000,0.0064934445,0.0000000000,0
2017-05-24,IS,0.0000000000,1.0000000000,0.0014616849,0.0000000000,0
2017-05-25,IS,0.0000000000,1.0000000000,-0.0045698914,0.0000000000,0
2017-05-26,IS,0.0000000000,1.0000000000,-0.0005894130,0.0000000000,0
2017-05-30,IS,0.0000000000,1.0000000000,-0.0045508407,0.0000000000,0
2017-05-31,IS,0.0000000000,1.0000000000,0.0058061156,0.0000000000,0
2017-06-01,IS,0.0000000000,1.0000000000,0.0266625606,0.0000000000,0
2017-06-02,IS,0.0000000000,1.0000000000,0.0031045240,0.0000000000,0
2017-06-05,IS,0.0000000000,1.0000000000,-0.0051266546,0.0000000000,0
2017-06-06,IS,0.0000000000,1.0000000000,-0.0036687604,0.0000000000,0
2017-06-07,IS,0.0000000000,1.0000000000,0.0131978806,0.0000000000,0
2017-06-08,IS,0.0000000000,1.0000000000,-0.0000364940,0.0000000000,0
2017-06-09,IS,0.0000000000,1.0000000000,0.0002319556,0.0000000000,0
2017-06-12,IS,0.0000000000,1.0000000000,-0.0012032509,0.0000000000,0
2017-06-13,IS,0.0000000000,1.0000000000,0.0056756709,0.0000000000,0
2017-06-14,IS,0.0000000000,1.0000000000,-0.0023840558,0.0000000000,0
2017-06-15,IS,0.0000000000,1.0000000000,-0.0085381868,0.0000000000,0
2017-06-16,IS,0.0000000000,1.0000000000,-0.0099021024,0.0000000000,0
2017-06-19,IS,0.0000000000,1.0000000000,0.0071150723,0.0000000000,0
2017-06-20,IS,0.0000000000,1.0000000000,-0.0071301739,0.0000000000,0
2017-06-21,IS,0.0000000000,1.0000000000,-0.0043856586,0.0000000000,0
2017-06-22,IS,0.0000000000,1.0000000000,0.0061474011,0.0000000000,0
2017-06-23,IS,0.0000000000,1.0000000000,0.0063732015,0.0000000000,0
2017-06-26,IS,0.0000000000,1.0000000000,0.0078610575,0.0000000000,0
2017-06-27,IS,0.0000000000,1.0000000000,-0.0015333779,0.0000000000,0
2017-06-28,IS,0.0000000000,1.0000000000,0.0112684145,0.0000000000,0
2017-06-29,IS,0.0000000000,1.0000000000,-0.0043863857,0.0000000000,0
2017-06-30,IS,0.0000000000,1.0000000000,0.0013518736,0.0000000000,0
2017-07-03,IS,0.0000000000,1.0000000000,0.0045181910,0.0000000000,0
2017-07-05,IS,0.0000000000,1.0000000000,-0.0029811963,0.0000000000,0
2017-07-06,IS,0.0000000000,1.0000000000,-0.0177278058,0.0000000000,0
2017-07-07,IS,0.0000000000,1.0000000000,0.0092322775,0.0000000000,0
2017-07-10,IS,0.0000000000,1.0000000000,-0.0062507012,0.0000000000,0
2017-07-11,IS,0.0000000000,1.0000000000,-0.0066031492,0.0000000000,0
2017-07-12,IS,0.0000000000,1.0000000000,0.0225119403,0.0000000000,0
2017-07-13,IS,0.0000000000,1.0000000000,-0.0003779443,0.0000000000,0
2017-07-14,IS,0.0000000000,1.0000000000,-0.0011318605,0.0000000000,0
2017-07-17,IS,0.0000000000,1.0000000000,0.0059491315,0.0000000000,0
2017-07-18,IS,0.0000000000,1.0000000000,-0.0034288736,0.0000000000,0
2017-07-19,IS,0.0000000000,1.0000000000,0.0038869587,0.0000000000,0
2017-07-20,IS,0.0000000000,1.0000000000,-0.0043866977,0.0000000000,0
2017-07-21,IS,0.0000000000,1.0000000000,-0.0061023171,0.0000000000,0
2017-07-24,IS,0.0000000000,1.0000000000,0.0015214078,0.0000000000,0
2017-07-25,IS,0.0000000000,1.0000000000,0.0040921972,0.0000000000,0
2017-07-26,IS,0.0000000000,1.0000000000,-0.0033430206,0.0000000000,0
2017-07-27,IS,0.0000000000,1.0000000000,-0.0085533442,0.0000000000,0
2017-07-28,IS,0.0000000000,1.0000000000,0.0040830310,0.0000000000,0
2017-07-31,IS,0.0000000000,1.0000000000,-0.0027172843,0.0000000000,0
2017-08-01,IS,0.0000000000,1.0000000000,-0.0013950775,0.0000000000,0
2017-08-02,IS,0.0000000000,1.0000000000,-0.0131786136,0.0000000000,0
2017-08-03,IS,0.0000000000,1.0000000000,-0.0061234886,0.0000000000,0
2017-08-04,IS,0.0000000000,1.0000000000,-0.0029598352,0.0000000000,0
2017-08-07,IS,0.0000000000,1.0000000000,-0.0148109223,0.0000000000,0
2017-08-08,IS,0.0000000000,1.0000000000,0.0117546951,0.0000000000,0
2017-08-09,IS,0.0000000000,1.0000000000,-0.0104129001,0.0000000000,0
2017-08-10,IS,0.0000000000,1.0000000000,-0.0197477224,0.0000000000,0
2017-08-11,IS,0.0000000000,1.0000000000,0.0234813638,0.0000000000,0
2017-08-14,IS,0.0000000000,1.0000000000,0.0099921524,0.0000000000,0
2017-08-15,IS,0.0000000000,1.0000000000,-0.0150083477,0.0000000000,0
2017-08-16,IS,0.0000000000,1.0000000000,0.0043409042,0.0000000000,0
2017-08-17,IS,0.0000000000,1.0000000000,-0.0047504869,0.0000000000,0
2017-08-18,IS,0.0000000000,1.0000000000,0.0042069756,0.0000000000,0
2017-08-21,IS,0.0000000000,1.0000000000,-0.0044427322,0.0000000000,0
2017-08-22,IS,0.0000000000,1.0000000000,0.0077381954,0.0000000000,0
2017-08-23,IS,0.0000000000,1.0000000000,0.0038117633,0.0000000000,0
2017-08-24,IS,0.0000000000,1.0000000000,0.0018972181,0.0000000000,0
2017-08-25,IS,0.0000000000,1.0000000000,0.0120552648,0.0000000000,0
2017-08-28,IS,0.0000000000,1.0000000000,-0.0020737595,0.0000000000,0
2017-08-29,IS,0.0000000000,1.0000000000,-0.0110718854,0.0000000000,0
2017-08-30,IS,0.0000000000,1.0000000000,0.0022767795,0.0000000000,0
2017-08-31,IS,0.0000000000,1.0000000000,0.0054803900,0.0000000000,0
2017-09-01,IS,0.0000000000,1.0000000000,0.0210477428,0.0000000000,0
2017-09-05,IS,0.0000000000,1.0000000000,-0.0097510249,0.0000000000,0
2017-09-06,IS,0.0000000000,1.0000000000,0.0045082149,0.0000000000,0
2017-09-07,IS,0.0000000000,1.0000000000,0.0055018594,0.0000000000,0
2017-09-08,IS,0.0000000000,1.0000000000,0.0118405283,0.0000000000,0
2017-09-11,IS,0.0000000000,1.0000000000,0.0094348337,0.0000000000,0
2017-09-12,IS,0.0000000000,1.0000000000,0.0025227219,0.0000000000,0
2017-09-13,IS,0.0000000000,1.0000000000,0.0051725960,0.0000000000,0
2017-09-14,IS,0.0000000000,1.0000000000,0.0041506934,0.0000000000,0
2017-09-15,IS,0.0000000000,1.0000000000,0.0154725440,0.0000000000,0
2017-09-18,IS,0.0000000000,1.0000000000,0.0132324267,0.0000000000,0
2017-09-19,IS,0.0000000000,1.0000000000,-0.0008338472,0.0000000000,0
2017-09-20,IS,0.0000000000,1.0000000000,0.0014506050,0.0000000000,0
2017-09-21,IS,0.0000000000,1.0000000000,-0.0095638961,0.0000000000,0
2017-09-22,IS,0.0000000000,1.0000000000,0.0046889042,0.0000000000,0
2017-09-25,IS,0.0000000000,1.0000000000,0.0107001535,0.0000000000,0
2017-09-26,IS,0.0000000000,1.0000000000,0.0152094428,0.0000000000,0
2017-09-27,IS,0.0000000000,1.0000000000,0.0124402789,0.0000000000,0
2017-09-28,IS,0.0000000000,1.0000000000,-0.0012979969,0.0000000000,0
2017-09-29,IS,0.0000000000,1.0000000000,-0.0085148360,0.0000000000,0
2017-10-02,IS,0.0000000000,1.0000000000,0.0092086769,0.0000000000,0
2017-10-03,IS,0.0000000000,1.0000000000,0.0096656105,0.0000000000,0
2017-10-04,IS,0.0000000000,1.0000000000,-0.0074890885,0.0000000000,0
2017-10-05,IS,0.0000000000,1.0000000000,-0.0022017278,0.0000000000,0
2017-10-06,IS,0.0000000000,1.0000000000,0.0019900802,0.0000000000,0
2017-10-09,IS,0.0000000000,1.0000000000,-0.0128827691,0.0000000000,0
2017-10-10,IS,0.0000000000,1.0000000000,0.0091455644,0.0000000000,0
2017-10-11,IS,0.0000000000,1.0000000000,-0.0039554185,0.0000000000,0
2017-10-12,IS,0.0000000000,1.0000000000,-0.0206014426,0.0000000000,0
2017-10-13,IS,0.0000000000,1.0000000000,0.0010838053,0.0000000000,0
2017-10-16,IS,0.0000000000,1.0000000000,0.0046075602,0.0000000000,0
2017-10-17,IS,0.0000000000,1.0000000000,-0.0066468437,0.0000000000,0
2017-10-18,IS,0.0000000000,1.0000000000,0.0019913024,0.0000000000,0
2017-10-19,IS,0.0000000000,1.0000000000,-0.0057944400,0.0000000000,0
2017-10-20,IS,0.0000000000,1.0000000000,0.0116133206,0.0000000000,0
2017-10-23,IS,0.0000000000,1.0000000000,-0.0033186349,0.0000000000,0
2017-10-24,IS,0.0000000000,1.0000000000,0.0015042126,0.0000000000,0
2017-10-25,IS,0.0000000000,1.0000000000,-0.0027751043,0.0000000000,0
2017-10-26,IS,0.0000000000,1.0000000000,-0.0000546445,0.0000000000,0
2017-10-27,IS,0.0000000000,1.0000000000,0.0104429669,0.0000000000,0
2017-10-30,IS,0.0000000000,1.0000000000,-0.0142974716,0.0000000000,0
2017-10-31,IS,0.0000000000,1.0000000000,0.0080452646,0.0000000000,0
2017-11-01,IS,0.0000000000,1.0000000000,-0.0025727680,0.0000000000,0
2017-11-02,IS,0.0000000000,1.0000000000,-0.0188509545,0.0000000000,0
2017-11-03,IS,0.0000000000,1.0000000000,0.0026751850,0.0000000000,0
2017-11-06,IS,0.0000000000,1.0000000000,0.0082026303,0.0000000000,0
2017-11-07,IS,0.0000000000,1.0000000000,-0.0054662790,0.0000000000,0
2017-11-08,IS,0.0000000000,1.0000000000,-0.0096426380,0.0000000000,0
2017-11-09,IS,0.0000000000,1.0000000000,0.0166057785,0.0000000000,0
2017-11-10,IS,0.0000000000,1.0000000000,0.0002648300,0.0000000000,0
2017-11-13,IS,0.0000000000,1.0000000000,-0.0009393886,0.0000000000,0
2017-11-14,IS,0.0000000000,1.0000000000,-0.0038423919,0.0000000000,0
2017-11-15,IS,0.0000000000,1.0000000000,-0.0013657929,0.0000000000,0
2017-11-16,IS,0.0000000000,1.0000000000,0.0200527327,0.0000000000,0
2017-11-17,IS,0.0000000000,1.0000000000,0.0177570527,0.0000000000,0
2017-11-20,IS,0.0000000000,1.0000000000,0.0027808090,0.0000000000,0
2017-11-21,IS,0.0000000000,1.0000000000,0.0166372757,0.0000000000,0
2017-11-22,IS,0.0000000000,1.0000000000,0.0053681611,0.0000000000,0
2017-11-24,IS,0.0000000000,1.0000000000,0.0079608652,0.0000000000,0
2017-11-27,IS,0.0000000000,1.0000000000,0.0042513426,0.0000000000,0
2017-11-28,IS,0.0000000000,1.0000000000,0.0098229487,0.0000000000,0
2017-11-29,IS,0.0000000000,1.0000000000,0.0025171952,0.0000000000,0
2017-11-30,IS,0.0000000000,1.0000000000,0.0123678522,0.0000000000,0
2017-12-01,IS,0.0000000000,1.0000000000,-0.0088216583,0.0000000000,0
2017-12-04,IS,0.0000000000,1.0000000000,0.0020843216,0.0000000000,0
2017-12-05,IS,0.0000000000,1.0000000000,-0.0246897243,0.0000000000,0
2017-12-06,IS,0.0000000000,1.0000000000,0.0167525171,0.0000000000,0
2017-12-07,IS,0.0000000000,1.0000000000,0.0020217125,0.0000000000,0
2017-12-08,IS,0.0000000000,1.0000000000,0.0025059169,0.0000000000,0
2017-12-11,IS,0.0000000000,1.0000000000,-0.0026768310,0.0000000000,0
2017-12-12,IS,0.0000000000,1.0000000000,0.0005608658,0.0000000000,0
2017-12-13,IS,0.0000000000,1.0000000000,0.0035326214,0.0000000000,0
2017-12-14,IS,0.0000000000,1.0000000000,-0.0217329571,0.0000000000,0
2017-12-15,IS,0.0000000000,1.0000000000,0.0130331649,0.0000000000,0
2017-12-18,IS,0.0000000000,1.0000000000,0.0166605952,0.0000000000,0
2017-12-19,IS,0.0000000000,1.0000000000,-0.0079341362,0.0000000000,0
2017-12-20,IS,0.0000000000,1.0000000000,0.0094948332,0.0000000000,0
2017-12-21,IS,0.0000000000,1.0000000000,0.0021594405,0.0000000000,0
2017-12-22,IS,0.0000000000,1.0000000000,-0.0035865709,0.0000000000,0
2017-12-26,IS,0.0000000000,1.0000000000,0.0063071748,0.0000000000,0
2017-12-27,IS,0.0000000000,1.0000000000,0.0017446961,0.0000000000,0
2017-12-28,IS,0.0000000000,1.0000000000,0.0084610230,0.0000000000,0
2017-12-29,IS,0.0000000000,1.0000000000,-0.0031923007,0.0000000000,0
2018-01-02,IS,0.0000000000,1.0000000000,0.0136794749,0.0000000000,0
2018-01-03,IS,0.0000000000,1.0000000000,-0.0109868867,0.0000000000,0
2018-01-04,IS,0.0000000000,1.0000000000,0.0408061734,0.0000000000,0
2018-01-05,IS,0.0000000000,1.0000000000,0.0041173139,0.0000000000,0
2018-01-08,IS,0.0000000000,1.0000000000,-0.0013955967,0.0000000000,0
2018-01-09,IS,0.0000000000,1.0000000000,-0.0072764169,0.0000000000,0
2018-01-10,IS,0.0000000000,1.0000000000,-0.0049405515,0.0000000000,0
2018-01-11,IS,0.0000000000,1.0000000000,0.0074714544,0.0000000000,0
2018-01-12,IS,0.0000000000,1.0000000000,0.0023140794,0.0000000000,0
2018-01-16,IS,0.0000000000,1.0000000000,-0.0011768522,0.0000000000,0
2018-01-17,IS,0.0000000000,1.0000000000,0.0060448151,0.0000000000,0
2018-01-18,IS,0.0000000000,1.0000000000,0.0038733905,0.0000000000,0
2018-01-19,IS,0.0000000000,1.0000000000,0.0102825506,0.0000000000,0
2018-01-22,IS,0.0000000000,1.0000000000,0.0080130149,0.0000000000,0
2018-01-23,IS,0.0000000000,1.0000000000,-0.0070923183,0.0000000000,0
2018-01-24,IS,0.0000000000,1.0000000000,-0.0133993974,0.0000000000,0
2018-01-25,IS,0.0000000000,1.0000000000,0.0014270569,0.0000000000,0
2018-01-26,IS,0.0000000000,1.0000000000,0.0053118270,0.0000000000,0
2018-01-29,IS,0.0000000000,1.0000000000,0.0058179103,0.0000000000,0
2018-01-30,IS,0.0000000000,1.0000000000,-0.0094562111,0.0000000000,0
2018-01-31,IS,0.0000000000,1.0000000000,-0.0052271866,0.0000000000,0
2018-02-01,IS,0.0000000000,1.0000000000,0.0040994731,0.0000000000,0
2018-02-02,IS,0.0000000000,1.0000000000,-0.0354359574,0.0000000000,0
2018-02-05,IS,0.0000000000,1.0000000000,-0.0363932800,0.0000000000,0
2018-02-06,IS,0.0000000000,1.0000000000,0.0054382694,0.0000000000,0
2018-02-07,IS,0.0000000000,1.0000000000,0.0081493466,0.0000000000,0
2018-02-08,IS,0.0000000000,1.0000000000,-0.0166326924,0.0000000000,0
2018-02-09,IS,0.0000000000,1.0000000000,0.0002268663,0.0000000000,0
2018-02-12,IS,0.0000000000,1.0000000000,0.0025490550,0.0000000000,0
2018-02-13,IS,0.0000000000,1.0000000000,0.0110195851,0.0000000000,0
2018-02-14,IS,0.0000000000,1.0000000000,0.0283010553,0.0000000000,0
2018-02-15,IS,0.0000000000,1.0000000000,0.0181731856,0.0000000000,0
2018-02-16,IS,0.0000000000,1.0000000000,-0.0048790660,0.0000000000,0
2018-02-20,IS,0.0000000000,1.0000000000,-0.0144794708,0.0000000000,0
2018-02-21,IS,0.0000000000,1.0000000000,0.0010487614,0.0000000000,0
2018-02-22,IS,0.0000000000,1.0000000000,-0.0015746037,0.0000000000,0
2018-02-23,IS,0.0000000000,1.0000000000,0.0076298575,0.0000000000,0
2018-02-26,IS,0.0000000000,1.0000000000,0.0098358470,0.0000000000,0
2018-02-27,IS,0.0000000000,1.0000000000,-0.0076657212,0.0000000000,0
2018-02-28,IS,0.0000000000,1.0000000000,-0.0239559948,0.0000000000,0
2018-03-01,IS,0.0000000000,1.0000000000,-0.0074107271,0.0000000000,0
2018-03-02,IS,0.0000000000,1.0000000000,0.0195634315,0.0000000000,0
2018-03-05,IS,0.0000000000,1.0000000000,0.0052023359,0.0000000000,0
2018-03-06,IS,0.0000000000,1.0000000000,0.0049759310,0.0000000000,0
2018-03-07,IS,0.0000000000,1.0000000000,-0.0051899481,0.0000000000,0
2018-03-08,IS,0.0000000000,1.0000000000,-0.0111453276,0.0000000000,0
2018-03-09,IS,0.0000000000,1.0000000000,-0.0000041127,0.0000000000,0
2018-03-12,IS,-0.0194510036,0.9805489964,0.0089896967,0.0000000000,1
2018-03-13,IS,-0.0172207938,0.9636631643,-0.0021440208,0.0000000000,1
2018-03-14,IS,0.0105427730,0.9738228463,-0.0072462981,0.0000000000,1
2018-03-15,IS,-0.0854755728,0.8905847807,-0.0181110664,0.0000000000,1
2018-03-16,IS,-0.0252515040,0.8680961755,0.0088631532,0.0000000000,1
2018-03-19,IS,-0.0018583393,0.8664829583,-0.0097649260,0.0000000000,0
2018-03-20,IS,0.0000000000,0.8664829583,-0.0105720168,0.0000000000,0
2018-03-21,IS,0.0000000000,0.8664829583,0.0072846313,0.0000000000,0
2018-03-22,IS,0.0000000000,0.8664829583,-0.0251396918,0.0000000000,0
2018-03-23,IS,0.0000000000,0.8664829583,-0.0077459818,0.0000000000,0
2018-03-26,IS,0.0000000000,0.8664829583,0.0000396464,0.0000000000,0
2018-03-27,IS,0.0000000000,0.8664829583,-0.0139344529,0.0000000000,0
2018-03-28,IS,0.0000000000,0.8664829583,0.0033734325,0.0000000000,0
2018-03-29,IS,0.0000000000,0.8664829583,0.0130625991,0.0000000000,0
2018-04-02,IS,0.0000000000,0.8664829583,-0.0158060125,0.0000000000,0
2018-04-03,IS,0.0000000000,0.8664829583,0.0013585746,0.0000000000,0
2018-04-04,IS,0.0000000000,0.8664829583,0.0092276209,0.0000000000,0
2018-04-05,IS,0.0000000000,0.8664829583,0.0128315465,0.0000000000,0
2018-04-06,IS,0.0000000000,0.8664829583,-0.0132340215,0.0000000000,0
2018-04-09,IS,0.0000000000,0.8664829583,-0.0077254658,0.0000000000,0
2018-04-10,IS,0.0000000000,0.8664829583,0.0207876853,0.0000000000,0
2018-04-11,IS,0.0000000000,0.8664829583,0.0087771706,0.0000000000,0
2018-04-12,IS,0.0000000000,0.8664829583,-0.0073788955,0.0000000000,0
2018-04-13,IS,0.0000000000,0.8664829583,-0.0065014437,0.0000000000,0
2018-04-16,IS,0.0000000000,0.8664829583,0.0116588947,0.0000000000,0
2018-04-17,IS,0.0000000000,0.8664829583,0.0048857948,0.0000000000,0
2018-04-18,IS,0.0000000000,0.8664829583,0.0064893076,0.0000000000,0
2018-04-19,IS,0.0000000000,0.8664829583,-0.0083282653,0.0000000000,0
2018-04-20,IS,0.0000000000,0.8664829583,-0.0163088934,0.0000000000,0
2018-04-23,IS,0.0000000000,0.8664829583,-0.0168520179,0.0000000000,0
2018-04-24,IS,0.0000000000,0.8664829583,0.0041859976,0.0000000000,0
2018-04-25,IS,0.0000000000,0.8664829583,0.0069135415,0.0000000000,0
2018-04-26,IS,0.0000000000,0.8664829583,0.0082659476,0.0000000000,0
2018-04-27,IS,0.0000000000,0.8664829583,0.0018264062,0.0000000000,0
2018-04-30,IS,0.0000000000,0.8664829583,-0.0015847594,0.0000000000,0
2018-05-01,IS,0.0000000000,0.8664829583,-0.0022706332,0.0000000000,0
2018-05-02,IS,0.0000000000,0.8664829583,0.0140253183,0.0000000000,0
2018-05-03,IS,0.0000000000,0.8664829583,-0.0119448229,0.0000000000,0
2018-05-04,IS,0.0000000000,0.8664829583,0.0137808765,0.0000000000,0
2018-05-07,IS,0.0000000000,0.8664829583,0.0131562645,0.0000000000,0
2018-05-08,IS,0.0000000000,0.8664829583,-0.0010938734,0.0000000000,0
2018-05-09,IS,0.0000000000,0.8664829583,0.0087410989,0.0000000000,0
2018-05-10,IS,0.0000000000,0.8664829583,-0.0128512657,0.0000000000,0
2018-05-11,IS,0.0000000000,0.8664829583,0.0018401749,0.0000000000,0
2018-05-14,IS,0.0000000000,0.8664829583,0.0089687694,0.0000000000,0
2018-05-15,IS,0.0000000000,0.8664829583,-0.0014590685,0.0000000000,0
2018-05-16,IS,0.0000000000,0.8664829583,0.0128277546,0.0000000000,0
2018-05-17,IS,0.0000000000,0.8664829583,0.0044003794,0.0000000000,0
2018-05-18,IS,0.0000000000,0.8664829583,-0.0043431243,0.0000000000,0
2018-05-21,IS,0.0000000000,0.8664829583,0.0064395431,0.0000000000,0
2018-05-22,IS,0.0000000000,0.8664829583,-0.0024511935,0.0000000000,0
2018-05-23,IS,0.0000000000,0.8664829583,0.0039248392,0.0000000000,0
2018-05-24,IS,0.0000000000,0.8664829583,0.0089287205,0.0000000000,0
2018-05-25,IS,0.0000000000,0.8664829583,-0.0037503511,0.0000000000,0
2018-05-29,IS,0.0000000000,0.8664829583,0.0006883518,0.0000000000,0
2018-05-30,IS,0.0000000000,0.8664829583,0.0125313556,0.0000000000,0
2018-05-31,IS,0.0000000000,0.8664829583,0.0050949513,0.0000000000,0
2018-06-01,IS,0.0000000000,0.8664829583,-0.0023395710,0.0000000000,0
2018-06-04,IS,0.0000000000,0.8664829583,0.0109593090,0.0000000000,0
2018-06-05,IS,0.0000000000,0.8664829583,0.0295677757,0.0000000000,0
2018-06-06,IS,0.0000000000,0.8664829583,0.0127239402,0.0000000000,0
2018-06-07,IS,0.0000000000,0.8664829583,0.0023176903,0.0000000000,0
2018-06-08,IS,0.0000000000,0.8664829583,-0.0048185262,0.0000000000,0
2018-06-11,IS,0.0000000000,0.8664829583,0.0062370564,0.0000000000,0
2018-06-12,IS,0.0000000000,0.8664829583,-0.0021896892,0.0000000000,0
2018-06-13,IS,0.0000000000,0.8664829583,-0.0067369237,0.0000000000,0
2018-06-14,IS,0.0000000000,0.8664829583,-0.0020077979,0.0000000000,0
2018-06-15,IS,0.0000000000,0.8664829583,-0.0015016180,0.0000000000,0
2018-06-18,IS,0.0000000000,0.8664829583,0.0039868889,0.0000000000,0
2018-06-19,IS,0.0000000000,0.8664829583,0.0060780748,0.0000000000,0
2018-06-20,IS,0.0000000000,0.8664829583,0.0014007563,0.0000000000,0
2018-06-21,IS,0.0000000000,0.8664829583,0.0011377229,0.0000000000,0
2018-06-22,IS,0.0000000000,0.8664829583,0.0062361784,0.0000000000,0
2018-06-25,IS,0.0000000000,0.8664829583,-0.0133092718,0.0000000000,0
2018-06-26,IS,0.0000000000,0.8664829583,0.0058256182,0.0000000000,0
2018-06-27,IS,0.0000000000,0.8664829583,-0.0193852691,0.0000000000,0
2018-06-28,IS,0.0000000000,0.8664829583,0.0047021061,0.0000000000,0
2018-06-29,IS,0.0000000000,0.8664829583,-0.0166759146,0.0000000000,0
2018-07-02,IS,0.0000000000,0.8664829583,0.0065513403,0.0000000000,0
2018-07-03,IS,0.0000000000,0.8664829583,0.0093559473,0.0000000000,0
2018-07-05,IS,0.0000000000,0.8664829583,0.0094579515,0.0000000000,0
2018-07-06,IS,0.0000000000,0.8664829583,-0.0003458530,0.0000000000,0
2018-07-09,IS,0.0000000000,0.8664829583,0.0100980515,0.0000000000,0
2018-07-10,IS,0.0000000000,0.8664829583,-0.0061997984,0.0000000000,0
2018-07-11,IS,0.0000000000,0.8664829583,-0.0134174084,0.0000000000,0
2018-07-12,IS,0.0000000000,0.8664829583,-0.0029252276,0.0000000000,0
2018-07-13,IS,0.0000000000,0.8664829583,-0.0027781369,0.0000000000,0
2018-07-16,IS,0.0000000000,0.8664829583,-0.0159256472,0.0000000000,0
2018-07-17,IS,0.0000000000,0.8664829583,0.0076603248,0.0000000000,0
2018-07-18,IS,0.0000000000,0.8664829583,0.0068539115,0.0000000000,0
2018-07-19,IS,0.0000000000,0.8664829583,0.0020496690,0.0000000000,0
2018-07-20,IS,0.0000000000,0.8664829583,-0.0089545724,0.0000000000,0
2018-07-23,IS,0.0000000000,0.8664829583,0.0108090361,0.0000000000,0
2018-07-24,IS,0.0000000000,0.8664829583,-0.0043604083,0.0000000000,0
2018-07-25,IS,0.0000000000,0.8664829583,0.0019366549,0.0000000000,0
2018-07-26,IS,0.0000000000,0.8664829583,0.0158709727,0.0000000000,0
2018-07-27,IS,0.0000000000,0.8664829583,-0.0224660040,0.0000000000,0
2018-07-30,IS,0.0000000000,0.8664829583,0.0058286776,0.0000000000,0
2018-07-31,IS,0.0000000000,0.8664829583,0.0016970956,0.0000000000,0
2018-08-01,IS,0.0000000000,0.8664829583,-0.0029732354,0.0000000000,0
2018-08-02,IS,0.0000000000,0.8664829583,0.0118063084,0.0000000000,0
2018-08-03,IS,0.0000000000,0.8664829583,-0.0066609178,0.0000000000,0
2018-08-06,IS,0.0000000000,0.8664829583,0.0078198424,0.0000000000,0
2018-08-07,IS,0.0000000000,0.8664829583,0.0008670681,0.0000000000,0
2018-08-08,IS,0.0000000000,0.8664829583,0.0005554094,0.0000000000,0
2018-08-09,IS,0.0000000000,0.8664829583,0.0119866170,0.0000000000,0
2018-08-10,IS,0.0000000000,0.8664829583,0.0015780645,0.0000000000,0
2018-08-13,IS,0.0000000000,0.8664829583,-0.0047294436,0.0000000000,0
2018-08-14,IS,0.0000000000,0.8664829583,0.0135286428,0.0000000000,0
2018-08-15,IS,0.0000000000,0.8664829583,-0.0137580547,0.0000000000,0
2018-08-16,IS,0.0000000000,0.8664829583,0.0073213971,0.0000000000,0
2018-08-17,IS,0.0000000000,0.8664829583,0.0104718318,0.0000000000,0
2018-08-20,IS,0.0000000000,0.8664829583,0.0059246762,0.0000000000,0
2018-08-21,IS,0.0000000000,0.8664829583,-0.0044754505,0.0000000000,0
2018-08-22,IS,0.0000000000,0.8664829583,0.0061476105,0.0000000000,0
2018-08-23,IS,0.0000000000,0.8664829583,-0.0079341217,0.0000000000,0
2018-08-24,IS,0.0000000000,0.8664829583,0.0004335300,0.0000000000,0
2018-08-27,IS,0.0000000000,0.8664829583,-0.0030854692,0.0000000000,0
2018-08-28,IS,0.0000000000,0.8664829583,-0.0019389356,0.0000000000,0
2018-08-29,IS,0.0000000000,0.8664829583,0.0120685506,0.0000000000,0
2018-08-30,IS,0.0000000000,0.8664829583,-0.0004651447,0.0000000000,0
2018-08-31,IS,0.0000000000,0.8664829583,0.0034198185,0.0000000000,0
2018-09-04,IS,0.0000000000,0.8664829583,-0.0153467126,0.0000000000,0
2018-09-05,IS,0.0000000000,0.8664829583,-0.0033063827,0.0000000000,0
2018-09-06,IS,0.0000000000,0.8664829583,-0.0115560189,0.0000000000,0
2018-09-07,IS,0.0000000000,0.8664829583,-0.0018807703,0.0000000000,0
2018-09-10,IS,-0.0152851335,0.8532386506,-0.0028872042,0.0000000000,1
2018-09-11,IS,0.0406474846,0.8879206555,-0.0239918049,0.0000000000,1
2018-09-12,IS,0.0191450611,0.9049199507,0.0139892521,0.0000000000,1
2018-09-13,IS,0.0028598276,0.9075078657,-0.0068515733,0.0000000000,1
2018-09-14,IS,-0.0090703553,0.8992764470,0.0029889700,0.0000000000,1
2018-09-17,IS,0.0139527578,0.9118238334,-0.0126244675,0.0000000000,1
2018-09-18,IS,-0.0098400638,0.9028514288,-0.0032905917,0.0000000000,1
2018-09-19,IS,-0.0008935576,0.9020446790,0.0008388284,0.0000000000,1
2018-09-20,IS,-0.0060021611,0.8966304616,0.0166310956,0.0000000000,1
2018-09-21,IS,-0.0078507677,0.8895912241,-0.0068233572,0.0000000000,1
2018-09-24,IS,0.0013035887,0.8907508852,-0.0107356904,0.0000000000,1
2018-09-25,IS,-0.0033421136,0.8877738945,0.0019397809,0.0000000000,1
2018-09-26,IS,-0.0043353636,0.8839250719,-0.0077513057,0.0000000000,1
2018-09-27,IS,0.0056647592,0.8889322945,0.0075623417,0.0000000000,1
2018-09-28,IS,0.0107562819,0.8984939008,0.0016084851,0.0000000000,1
2018-10-01,IS,-0.0035867223,0.8952712528,-0.0171924943,0.0000000000,0
2018-10-02,IS,0.0000000000,0.8952712528,-0.0277249753,0.0000000000,0
2018-10-03,IS,0.0000000000,0.8952712528,0.0072720935,0.0000000000,0
2018-10-04,IS,0.0000000000,0.8952712528,-0.0071326648,0.0000000000,0
2018-10-05,IS,0.0000000000,0.8952712528,-0.0064954603,0.0000000000,0
2018-10-08,IS,0.0000000000,0.8952712528,0.0036229968,0.0000000000,0
2018-10-09,IS,0.0000000000,0.8952712528,-0.0086064059,0.0000000000,0
2018-10-10,IS,0.0000000000,0.8952712528,-0.0339344493,0.0000000000,0
2018-10-11,IS,0.0000000000,0.8952712528,-0.0187675595,0.0000000000,0
2018-10-12,IS,0.0000000000,0.8952712528,0.0120143848,0.0000000000,0
2018-10-15,IS,0.0000000000,0.8952712528,0.0109587827,0.0000000000,0
2018-10-16,IS,0.0000000000,0.8952712528,0.0081181983,0.0000000000,0
2018-10-17,IS,0.0000000000,0.8952712528,0.0035662653,0.0000000000,0
2018-10-18,IS,0.0000000000,0.8952712528,-0.0143761745,0.0000000000,0
2018-10-19,IS,0.0000000000,0.8952712528,-0.0150442603,0.0000000000,0
2018-10-22,IS,-0.0054543471,0.8903881326,-0.0037637718,0.0000000000,1
2018-10-23,IS,-0.0011936855,0.8893252893,0.0074038716,0.0000000000,1
2018-10-24,IS,-0.0070050568,0.8830955151,-0.0253381965,0.0000000000,1
2018-10-25,IS,0.0007474664,0.8837555993,0.0108902394,0.0000000000,1
2018-10-26,IS,0.0468395707,0.9251503322,-0.0015601033,0.0000000000,1
2018-10-29,IS,-0.0030104132,0.9223652474,0.0006573964,0.0000000000,0
2018-10-30,IS,0.0000000000,0.9223652474,-0.0048985959,0.0000000000,0
2018-10-31,IS,0.0000000000,0.9223652474,0.0073335151,0.0000000000,0
2018-11-01,IS,0.0000000000,0.9223652474,0.0261799448,0.0000000000,0
2018-11-02,IS,0.0000000000,0.9223652474,0.0199475320,0.0000000000,0
2018-11-05,IS,-0.0148963403,0.9086253808,-0.0071849307,0.0000000000,1
2018-11-06,IS,0.0095612943,0.9173130155,0.0049569446,0.0000000000,1
2018-11-07,IS,-0.0187794289,0.9000864009,0.0176226316,0.0000000000,1
2018-11-08,IS,0.0038422552,0.9035447626,-0.0150768904,0.0000000000,1
2018-11-09,IS,0.0136853938,0.9159101285,-0.0144204513,0.0000000000,1
2018-11-12,IS,-0.0009586168,0.9150321216,-0.0254945213,0.0000000000,0
2018-11-13,IS,0.0000000000,0.9150321216,0.0124831586,0.0000000000,0
2018-11-14,IS,0.0000000000,0.9150321216,-0.0054008087,0.0000000000,0
2018-11-15,IS,0.0000000000,0.9150321216,0.0161262332,0.0000000000,0
2018-11-16,IS,0.0000000000,0.9150321216,-0.0042562284,0.0000000000,0
2018-11-19,IS,-0.0098568861,0.9060127542,-0.0118358310,0.0000000000,1
2018-11-20,IS,-0.0151704369,0.8922681449,-0.0094198950,0.0000000000,1
2018-11-21,IS,0.0078841420,0.8993029137,0.0145499547,0.0000000000,1
2018-11-23,IS,-0.0050820412,0.8947326193,-0.0059432302,0.0000000000,1
2018-11-26,IS,-0.0080871000,0.8874968272,-0.0014904715,0.0000000000,1
2018-11-27,IS,-0.0119631475,0.8768795717,-0.0045706549,0.0000000000,1
2018-11-28,IS,-0.0027985879,0.8744255471,0.0219430574,0.0000000000,1
2018-11-29,IS,0.0067207853,0.8803023735,0.0102327248,0.0000000000,1
2018-11-30,IS,0.0188634691,0.8969079302,-0.0017365856,0.0000000000,1
2018-12-03,IS,-0.0042525007,0.8930938285,0.0276849703,0.0000000000,1
2018-12-04,IS,0.0245443095,0.9150141998,-0.0327707089,0.0000000000,1
2018-12-05,IS,-0.0000634541,0.9149561384,0.0000000000,0.0000000000,1
2018-12-06,IS,-0.0008436972,0.9141841925,0.0000000000,0.0000000000,1
2018-12-07,IS,0.0079507259,0.9214526205,-0.0188595485,0.0000000000,1
2018-12-10,IS,0.0173589360,0.9374480575,-0.0140118126,0.0000000000,1
2018-12-11,IS,-0.0081525097,0.9298055032,-0.0132459694,0.0000000000,1
2018-12-12,IS,0.0124475045,0.9413792614,0.0256125749,0.0000000000,1
2018-12-13,IS,-0.0042711519,0.9373584876,-0.0117894848,0.0000000000,1
2018-12-14,IS,0.0013503199,0.9386242214,-0.0102716126,0.0000000000,1
2018-12-17,IS,-0.0028310733,0.9359669075,-0.0280694567,0.0000000000,1
2018-12-18,IS,0.0005835246,0.9365130672,0.0042302076,0.0000000000,1
2018-12-19,IS,-0.0073503213,0.9296293953,-0.0077916011,0.0000000000,1
2018-12-20,IS,0.0079444059,0.9370147485,-0.0207939887,0.0000000000,1
2018-12-21,IS,0.0075872279,0.9441240930,-0.0063898520,0.0000000000,1
2018-12-24,IS,-0.0252272164,0.9203064702,-0.0156760135,0.0000000000,1
2018-12-26,IS,-0.0001438845,0.9201740523,0.0294622817,0.0000000000,1
2018-12-27,IS,0.0153852849,0.9343311923,-0.0047674448,0.0000000000,1
2018-12-28,IS,0.0085970343,0.9423636696,0.0026453178,0.0000000000,1
2018-12-31,IS,-0.0109440964,0.9320503508,0.0015694366,0.0000000000,1
2019-01-02,IS,-0.0045511305,0.9278084681,0.0370502591,0.0000000000,1
2019-01-03,IS,0.0134307571,0.9402696382,0.0153215308,0.0000000000,1
2019-01-04,IS,-0.0004686664,0.9398289654,0.0206613474,0.0000000000,1
2019-01-07,IS,-0.0063754869,0.9338370982,0.0081492037,0.0000000000,1
2019-01-08,IS,0.0020998849,0.9357980486,0.0124943717,0.0000000000,1
2019-01-09,IS,-0.0232446898,0.9140457133,0.0117401931,0.0000000000,1
2019-01-10,IS,-0.0125338015,0.9025892457,0.0083175604,0.0000000000,1
2019-01-11,IS,0.0046607322,0.9067959725,0.0046541566,0.0000000000,1
2019-01-14,IS,-0.0037405317,0.9034040734,-0.0071441307,0.0000000000,1
2019-01-15,IS,0.0084079382,0.9109998390,0.0091498152,0.0000000000,1
2019-01-16,IS,-0.0021407857,0.9090495836,0.0034124960,0.0000000000,1
2019-01-17,IS,-0.0092438665,0.9006464506,0.0024630944,0.0000000000,1
2019-01-18,IS,-0.0029958956,0.8979482079,0.0166011304,0.0000000000,1
2019-01-22,IS,0.0066695773,0.9039371429,0.0133657119,0.0000000000,1
2019-01-23,IS,0.0077518158,0.9109442971,-0.0014859464,0.0000000000,1
2019-01-24,IS,-0.0030513224,0.9081647124,0.0069561241,0.0000000000,1
2019-01-25,IS,-0.0067361257,0.9020472007,0.0106484817,0.0000000000,1
2019-01-28,IS,-0.0256652659,0.8788959194,-0.0032715237,0.0000000000,1
2019-01-29,IS,0.0033223977,0.8818159612,0.0069775896,0.0000000000,1
2019-01-30,IS,-0.0035868864,0.8786529875,-0.0022852549,0.0000000000,1
2019-01-31,IS,0.0116320559,0.8888735282,0.0104179595,0.0000000000,1
2019-02-01,IS,0.0008005351,0.8895851026,-0.0059813340,0.0000000000,1
2019-02-04,IS,0.0144551111,0.9024441541,0.0086113100,0.0000000000,1
2019-02-05,IS,0.0192732372,0.9198371743,0.0024097135,0.0000000000,1
2019-02-06,IS,0.0148193037,0.9334685208,0.0046555262,0.0000000000,1
2019-02-07,IS,0.0436973470,0.9742586187,-0.0136064654,0.0000000000,1
2019-02-08,IS,-0.0232025835,0.9516533017,0.0097624158,0.0000000000,1
2019-02-11,IS,0.0020228216,0.9535783265,-0.0017404891,0.0000000000,1
2019-02-12,IS,0.0063100586,0.9595954616,0.0066448840,0.0000000000,1
2019-02-13,IS,-0.0032135644,0.9565117398,0.0094272464,0.0000000000,1
2019-02-14,IS,-0.0085573932,0.9483264927,-0.0106463186,0.0000000000,1
2019-02-15,IS,0.0099972177,0.9578071191,0.0211552120,0.0000000000,1
2019-02-19,IS,-0.0047692017,0.9532391437,0.0061239728,0.0000000000,1
2019-02-20,IS,-0.0135075124,0.9403632541,0.0060753263,0.0000000000,1
2019-02-21,IS,0.0030506675,0.9432319898,0.0051512913,0.0000000000,1
2019-02-22,IS,0.0093572022,0.9520580022,0.0231861270,0.0000000000,1
2019-02-25,IS,0.0040535255,0.9559171936,-0.0044820566,0.0000000000,0
2019-02-26,IS,0.0000000000,0.9559171936,-0.0129546907,0.0000000000,0
2019-02-27,IS,0.0000000000,0.9559171936,-0.0102814371,0.0000000000,0
2019-02-28,IS,0.0000000000,0.9559171936,-0.0038370287,0.0000000000,0
2019-03-01,IS,0.0000000000,0.9559171936,0.0096695986,0.0000000000,0
2019-03-04,IS,0.0000000000,0.9559171936,0.0027956620,0.0000000000,0
2019-03-05,IS,0.0000000000,0.9559171936,-0.0029562450,0.0000000000,0
2019-03-06,IS,0.0000000000,0.9559171936,-0.0048642232,0.0000000000,0
2019-03-07,IS,0.0000000000,0.9559171936,0.0047431778,0.0000000000,0
2019-03-08,IS,0.0000000000,0.9559171936,0.0007424149,0.0000000000,0
2019-03-11,IS,0.0000000000,0.9559171936,0.0210383202,0.0000000000,0
2019-03-12,IS,0.0000000000,0.9559171936,-0.0036272425,0.0000000000,0
2019-03-13,IS,0.0000000000,0.9559171936,0.0072029670,0.0000000000,0
2019-03-14,IS,0.0000000000,0.9559171936,-0.0097711193,0.0000000000,0
2019-03-15,IS,0.0000000000,0.9559171936,-0.0054983051,0.0000000000,0
2019-03-18,IS,0.0000000000,0.9559171936,0.0183587048,0.0000000000,0
2019-03-19,IS,0.0000000000,0.9559171936,-0.0029932360,0.0000000000,0
2019-03-20,IS,0.0000000000,0.9559171936,-0.0056976989,0.0000000000,0
2019-03-21,IS,0.0000000000,0.9559171936,0.0091051319,0.0000000000,0
2019-03-22,IS,0.0000000000,0.9559171936,-0.0300968522,0.0000000000,0
2019-03-25,IS,0.0000000000,0.9559171936,-0.0005722725,0.0000000000,0
2019-03-26,IS,0.0000000000,0.9559171936,0.0029131132,0.0000000000,0
2019-03-27,IS,0.0000000000,0.9559171936,-0.0023711342,0.0000000000,0
2019-03-28,IS,0.0000000000,0.9559171936,0.0126051315,0.0000000000,0
2019-03-29,IS,0.0000000000,0.9559171936,0.0039486441,0.0000000000,0
2019-04-01,IS,0.0000000000,0.9559171936,0.0150814677,0.0000000000,0
2019-04-02,IS,0.0000000000,0.9559171936,0.0002583491,0.0000000000,0
2019-04-03,IS,0.0000000000,0.9559171936,0.0013642956,0.0000000000,0
2019-04-04,IS,0.0000000000,0.9559171936,0.0170671355,0.0000000000,0
2019-04-05,IS,0.0000000000,0.9559171936,-0.0009210344,0.0000000000,0
2019-04-08,IS,0.0000000000,0.9559171936,-0.0086097872,0.0000000000,0
2019-04-09,IS,0.0000000000,0.9559171936,-0.0119379199,0.0000000000,0
2019-04-10,IS,0.0000000000,0.9559171936,0.0088107540,0.0000000000,0
2019-04-11,IS,0.0000000000,0.9559171936,-0.0130419941,0.0000000000,0
2019-04-12,IS,0.0000000000,0.9559171936,-0.0056528535,0.0000000000,0
2019-04-15,IS,0.0000000000,0.9559171936,-0.0043825326,0.0000000000,0
2019-04-16,IS,0.0000000000,0.9559171936,-0.0113923609,0.0000000000,0
2019-04-17,IS,0.0000000000,0.9559171936,0.0039630850,0.0000000000,0
2019-04-18,IS,0.0000000000,0.9559171936,0.0032063358,0.0000000000,0
2019-04-22,IS,0.0000000000,0.9559171936,-0.0042365625,0.0000000000,0
2019-04-23,IS,0.0000000000,0.9559171936,0.0174236622,0.0000000000,0
2019-04-24,IS,0.0000000000,0.9559171936,0.0104961054,0.0000000000,0
2019-04-25,IS,0.0000000000,0.9559171936,-0.0061682313,0.0000000000,0
2019-04-26,IS,0.0000000000,0.9559171936,0.0013414900,0.0000000000,0
2019-04-29,IS,0.0000000000,0.9559171936,0.0076859644,0.0000000000,0
2019-04-30,IS,0.0000000000,0.9559171936,-0.0151123631,0.0000000000,0
2019-05-01,IS,0.0000000000,0.9559171936,-0.0012226455,0.0000000000,0
2019-05-02,IS,0.0000000000,0.9559171936,-0.0041229929,0.0000000000,0
2019-05-03,IS,0.0000000000,0.9559171936,0.0231928579,0.0000000000,0
2019-05-06,IS,0.0000000000,0.9559171936,0.0024699568,0.0000000000,0
2019-05-07,IS,0.0000000000,0.9559171936,-0.0182603089,0.0000000000,0
2019-05-08,IS,0.0000000000,0.9559171936,-0.0036819123,0.0000000000,0
2019-05-09,IS,0.0000000000,0.9559171936,-0.0029257739,0.0000000000,0
2019-05-10,IS,0.0000000000,0.9559171936,-0.0061540285,0.0000000000,0
2019-05-13,IS,0.0000000000,0.9559171936,-0.0205987329,0.0000000000,0
2019-05-14,IS,0.0000000000,0.9559171936,0.0018017481,0.0000000000,0
2019-05-15,IS,0.0000000000,0.9559171936,0.0096986708,0.0000000000,0
2019-05-16,IS,0.0000000000,0.9559171936,0.0003019483,0.0000000000,0
2019-05-17,IS,0.0000000000,0.9559171936,-0.0129734361,0.0000000000,0
2019-05-20,IS,0.0000000000,0.9559171936,-0.0056575675,0.0000000000,0
2019-05-21,IS,0.0000000000,0.9559171936,0.0091100664,0.0000000000,0
2019-05-22,IS,0.0000000000,0.9559171936,-0.0044463054,0.0000000000,0
2019-05-23,IS,0.0000000000,0.9559171936,-0.0199821916,0.0000000000,0
2019-05-24,IS,0.0000000000,0.9559171936,-0.0012204092,0.0000000000,0
2019-05-28,IS,0.0000000000,0.9559171936,0.0006238123,0.0000000000,0
2019-05-29,IS,0.0000000000,0.9559171936,-0.0210143551,0.0000000000,0
2019-05-30,IS,0.0000000000,0.9559171936,-0.0217304318,0.0000000000,0
2019-05-31,IS,0.0000000000,0.9559171936,-0.0239972379,0.0000000000,0
2019-06-03,IS,0.0000000000,0.9559171936,-0.0019702532,0.0000000000,0
2019-06-04,IS,0.0000000000,0.9559171936,0.0224792130,0.0000000000,0
2019-06-05,IS,0.0000000000,0.9559171936,-0.0065595486,0.0000000000,0
2019-06-06,IS,0.0000000000,0.9559171936,-0.0077687128,0.0000000000,0
2019-06-07,IS,0.0000000000,0.9559171936,0.0179999986,0.0000000000,0
2019-06-10,IS,0.0000000000,0.9559171936,0.0043064925,0.0000000000,0
2019-06-11,IS,0.0000000000,0.9559171936,-0.0120672733,0.0000000000,0
2019-06-12,IS,0.0000000000,0.9559171936,0.0035583391,0.0000000000,0
2019-06-13,IS,0.0000000000,0.9559171936,0.0059431534,0.0000000000,0
2019-06-14,IS,0.0000000000,0.9559171936,-0.0161901511,0.0000000000,0
2019-06-17,IS,0.0000000000,0.9559171936,0.0062541078,0.0000000000,0
2019-06-18,IS,0.0000000000,0.9559171936,0.0068644760,0.0000000000,0
2019-06-19,IS,0.0000000000,0.9559171936,-0.0003699054,0.0000000000,0
2019-06-20,IS,0.0000000000,0.9559171936,0.0039743181,0.0000000000,0
2019-06-21,IS,0.0000000000,0.9559171936,-0.0138366261,0.0000000000,0
2019-06-24,IS,0.0000000000,0.9559171936,-0.0078115151,0.0000000000,0
2019-06-25,IS,0.0000000000,0.9559171936,-0.0057439865,0.0000000000,0
2019-06-26,IS,0.0000000000,0.9559171936,0.0005055230,0.0000000000,0
2019-06-27,IS,0.0000000000,0.9559171936,0.0343393594,0.0000000000,0
2019-06-28,IS,0.0000000000,0.9559171936,0.0070509376,0.0000000000,0
2019-07-01,IS,0.0000000000,0.9559171936,0.0020695135,0.0000000000,0
2019-07-02,IS,0.0000000000,0.9559171936,-0.0024817253,0.0000000000,0
2019-07-03,IS,0.0000000000,0.9559171936,-0.0004574575,0.0000000000,0
2019-07-05,IS,0.0000000000,0.9559171936,0.0136298244,0.0000000000,0
2019-07-08,IS,0.0000000000,0.9559171936,-0.0064735675,0.0000000000,0
2019-07-09,IS,0.0000000000,0.9559171936,-0.0033969964,0.0000000000,0
2019-07-10,IS,0.0000000000,0.9559171936,-0.0032535907,0.0000000000,0
2019-07-11,IS,0.0000000000,0.9559171936,-0.0071391186,0.0000000000,0
2019-07-12,IS,0.0000000000,0.9559171936,-0.0086314253,0.0000000000,0
2019-07-15,IS,0.0000000000,0.9559171936,0.0001940743,0.0000000000,0
2019-07-16,IS,0.0000000000,0.9559171936,-0.0021907733,0.0000000000,0
2019-07-17,IS,0.0000000000,0.9559171936,-0.0101882812,0.0000000000,0
2019-07-18,IS,0.0000000000,0.9559171936,-0.0042470021,0.0000000000,0
2019-07-19,IS,0.0000000000,0.9559171936,0.0011388764,0.0000000000,0
2019-07-22,IS,0.0000000000,0.9559171936,0.0028426065,0.0000000000,0
2019-07-23,IS,0.0000000000,0.9559171936,0.0014343860,0.0000000000,0
2019-07-24,IS,0.0000000000,0.9559171936,0.0075816930,0.0000000000,0
2019-07-25,IS,0.0000000000,0.9559171936,-0.0108059303,0.0000000000,0
2019-07-26,IS,0.0000000000,0.9559171936,0.0001087288,0.0000000000,0
2019-07-29,IS,0.0000000000,0.9559171936,0.0039878460,0.0000000000,0
2019-07-30,IS,0.0000000000,0.9559171936,0.0078520235,0.0000000000,0
2019-07-31,IS,0.0000000000,0.9559171936,-0.0047864875,0.0000000000,0
2019-08-01,IS,0.0000000000,0.9559171936,-0.0132759002,0.0000000000,0
2019-08-02,IS,0.0000000000,0.9559171936,0.0079238793,0.0000000000,0
2019-08-05,IS,0.0000000000,0.9559171936,-0.0269045278,0.0000000000,0
2019-08-06,IS,0.0000000000,0.9559171936,0.0126168447,0.0000000000,0
2019-08-07,IS,0.0000000000,0.9559171936,-0.0074943522,0.0000000000,0
2019-08-08,IS,0.0000000000,0.9559171936,0.0222520519,0.0000000000,0
2019-08-09,IS,0.0000000000,0.9559171936,-0.0063566460,0.0000000000,0
2019-08-12,IS,0.0000000000,0.9559171936,-0.0160222354,0.0000000000,0
2019-08-13,IS,0.0000000000,0.9559171936,0.0141336615,0.0000000000,0
2019-08-14,IS,0.0000000000,0.9559171936,-0.0267335235,0.0000000000,0
2019-08-15,IS,0.0000000000,0.9559171936,-0.0202201643,0.0000000000,0
2019-08-16,IS,0.0000000000,0.9559171936,0.0167257508,0.0000000000,0
2019-08-19,IS,0.0000000000,0.9559171936,0.0031755090,0.0000000000,0
2019-08-20,IS,0.0000000000,0.9559171936,-0.0007862929,0.0000000000,0
2019-08-21,IS,0.0000000000,0.9559171936,-0.0055473188,0.0000000000,0
2019-08-22,IS,0.0000000000,0.9559171936,-0.0094725672,0.0000000000,0
2019-08-23,IS,0.0000000000,0.9559171936,-0.0186143159,0.0000000000,0
2019-08-26,IS,0.0000000000,0.9559171936,0.0607328421,0.0000000000,0
2019-08-27,IS,0.0000000000,0.9559171936,-0.0349446857,0.0000000000,0
2019-08-28,IS,0.0000000000,0.9559171936,0.0169339994,0.0000000000,0
2019-08-29,IS,0.0000000000,0.9559171936,0.0170470482,0.0000000000,0
2019-08-30,IS,0.0000000000,0.9559171936,-0.0060807002,0.0000000000,0
2019-09-03,IS,0.0000000000,0.9559171936,0.0110046918,0.0000000000,0
2019-09-04,IS,0.0000000000,0.9559171936,0.0111160558,0.0000000000,0
2019-09-05,IS,0.0000000000,0.9559171936,0.0176030352,0.0000000000,0
2019-09-06,IS,0.0000000000,0.9559171936,0.0236849071,0.0000000000,0
2019-09-09,IS,0.0000000000,0.9559171936,0.0067948894,0.0000000000,0
2019-09-10,IS,0.0000000000,0.9559171936,0.0143263571,0.0000000000,0
2019-09-11,IS,0.0000000000,0.9559171936,0.0189679136,0.0000000000,0
2019-09-12,IS,0.0000000000,0.9559171936,0.0238927414,0.0000000000,0
2019-09-13,IS,0.0000000000,0.9559171936,0.0037936019,0.0000000000,0
2019-09-16,IS,0.0000000000,0.9559171936,0.0042646863,0.0000000000,0
2019-09-17,IS,0.0000000000,0.9559171936,-0.0070817253,0.0000000000,0
2019-09-18,IS,0.0000000000,0.9559171936,-0.0059097755,0.0000000000,0
2019-09-19,IS,0.0000000000,0.9559171936,-0.0044093248,0.0000000000,0
2019-09-20,IS,0.0000000000,0.9559171936,-0.0009457471,0.0000000000,0
2019-09-23,IS,0.0000000000,0.9559171936,-0.0013402125,0.0000000000,0
2019-09-24,IS,0.0000000000,0.9559171936,-0.0137996653,0.0000000000,0
2019-09-25,IS,0.0000000000,0.9559171936,0.0042781527,0.0000000000,0
2019-09-26,IS,0.0000000000,0.9559171936,-0.0038145839,0.0000000000,0
2019-09-27,IS,0.0000000000,0.9559171936,-0.0025748287,0.0000000000,0
2019-09-30,IS,0.0000000000,0.9559171936,-0.0021520925,0.0000000000,0
2019-10-01,IS,0.0000000000,0.9559171936,-0.0112867210,0.0000000000,0
2019-10-02,IS,0.0000000000,0.9559171936,-0.0155484511,0.0000000000,0
2019-10-03,IS,0.0000000000,0.9559171936,0.0057548447,0.0000000000,0
2019-10-04,IS,0.0000000000,0.9559171936,0.0045240010,0.0000000000,0
2019-10-07,IS,0.0000000000,0.9559171936,-0.0039209806,0.0000000000,0
2019-10-08,IS,0.0000000000,0.9559171936,-0.0098765940,0.0000000000,0
2019-10-09,IS,0.0000000000,0.9559171936,0.0002512461,0.0000000000,0
2019-10-10,IS,0.0000000000,0.9559171936,-0.0117790252,0.0000000000,0
2019-10-11,IS,0.0000000000,0.9559171936,0.0109328948,0.0000000000,0
2019-10-14,IS,0.0000000000,0.9559171936,-0.0065896044,0.0000000000,0
2019-10-15,IS,0.0000000000,0.9559171936,-0.0002657371,0.0000000000,0
2019-10-16,IS,0.0000000000,0.9559171936,0.0103884276,0.0000000000,0
2019-10-17,IS,0.0000000000,0.9559171936,0.0127111710,0.0000000000,0
2019-10-18,IS,0.0000000000,0.9559171936,-0.0011277066,0.0000000000,0
2019-10-21,IS,0.0000000000,0.9559171936,0.0144122786,0.0000000000,0
2019-10-22,IS,0.0000000000,0.9559171936,0.0091203777,0.0000000000,0
2019-10-23,IS,0.0000000000,0.9559171936,0.0059900132,0.0000000000,0
2019-10-24,IS,0.0000000000,0.9559171936,-0.0066848217,0.0000000000,0
2019-10-25,IS,0.0000000000,0.9559171936,0.0132725054,0.0000000000,0
2019-10-28,IS,0.0000000000,0.9559171936,0.0071634961,0.0000000000,0
2019-10-29,IS,0.0000000000,0.9559171936,0.0066795638,0.0000000000,0
2019-10-30,IS,0.0000000000,0.9559171936,-0.0121984177,0.0000000000,0
2019-10-31,IS,0.0000000000,0.9559171936,-0.0074767849,0.0000000000,0
2019-11-01,IS,0.0000000000,0.9559171936,0.0048040323,0.0000000000,0
2019-11-04,IS,0.0000000000,0.9559171936,0.0119480066,0.0000000000,0
2019-11-05,IS,0.0000000000,0.9559171936,0.0114597622,0.0000000000,0
2019-11-06,IS,0.0000000000,0.9559171936,-0.0028118965,0.0000000000,0
2019-11-07,IS,0.0000000000,0.9559171936,-0.0032243087,0.0000000000,0
2019-11-08,IS,0.0000000000,0.9559171936,0.0080671877,0.0000000000,0
2019-11-11,IS,0.0000000000,0.9559171936,-0.0136813864,0.0000000000,0
2019-11-12,IS,0.0000000000,0.9559171936,-0.0041541265,0.0000000000,0
2019-11-13,IS,0.0000000000,0.9559171936,-0.0095224625,0.0000000000,0
2019-11-14,IS,0.0000000000,0.9559171936,-0.0086349689,0.0000000000,0
2019-11-15,IS,0.0000000000,0.9559171936,0.0064526284,0.0000000000,0
2019-11-18,IS,0.0000000000,0.9559171936,-0.0088378274,0.0000000000,0
2019-11-19,IS,0.0000000000,0.9559171936,-0.0012001271,0.0000000000,0
2019-11-20,IS,0.0000000000,0.9559171936,0.0011604148,0.0000000000,0
2019-11-21,IS,0.0000000000,0.9559171936,-0.0021932019,0.0000000000,0
2019-11-22,IS,0.0000000000,0.9559171936,-0.0037344377,0.0000000000,0
2019-11-25,IS,0.0000000000,0.9559171936,0.0244472427,0.0000000000,0
2019-11-26,IS,0.0000000000,0.9559171936,-0.0029217721,0.0000000000,0
2019-11-27,IS,0.0000000000,0.9559171936,0.0151576354,0.0000000000,0
2019-11-29,IS,0.0000000000,0.9559171936,-0.0012326936,0.0000000000,0
2019-12-02,IS,0.0000000000,0.9559171936,-0.0138421383,0.0000000000,0
2019-12-03,IS,0.0000000000,0.9559171936,-0.0124217876,0.0000000000,0
2019-12-04,IS,0.0000000000,0.9559171936,0.0067541620,0.0000000000,0
2019-12-05,IS,0.0000000000,0.9559171936,0.0012188141,0.0000000000,0
2019-12-06,IS,0.0000000000,0.9559171936,0.0213230631,0.0000000000,0
2019-12-09,IS,0.0000000000,0.9559171936,-0.0025577746,0.0000000000,0
2019-12-10,IS,0.0000000000,0.9559171936,-0.0067680527,0.0000000000,0
2019-12-11,IS,0.0000000000,0.9559171936,0.0006674971,0.0000000000,0
2019-12-12,IS,0.0000000000,0.9559171936,0.0054813356,0.0000000000,0
2019-12-13,IS,0.0000000000,0.9559171936,0.0025540722,0.0000000000,0
2019-12-16,IS,0.0000000000,0.9559171936,-0.0031269874,0.0000000000,0
2019-12-17,IS,0.0000000000,0.9559171936,-0.0070868684,0.0000000000,0
2019-12-18,IS,0.0000000000,0.9559171936,0.0026694383,0.0000000000,0
2019-12-19,IS,0.0000000000,0.9559171936,0.0018858479,0.0000000000,0
2019-12-20,IS,0.0000000000,0.9559171936,-0.0008738583,0.0000000000,0
2019-12-23,IS,0.0000000000,0.9559171936,0.0117875970,0.0000000000,0
2019-12-24,IS,0.0000000000,0.9559171936,0.0011001764,0.0000000000,0
2019-12-26,IS,0.0000000000,0.9559171936,-0.0011499665,0.0000000000,0
2019-12-27,IS,0.0000000000,0.9559171936,0.0089992084,0.0000000000,0
2019-12-30,IS,0.0000000000,0.9559171936,-0.0039652897,0.0000000000,0
2019-12-31,IS,0.0000000000,0.9559171936,0.0150090537,0.0000000000,0
2020-01-02,IS,0.0000000000,0.9559171936,-0.0053667080,0.0000000000,0
2020-01-03,IS,0.0000000000,0.9559171936,0.0000614536,0.0000000000,0
2020-01-06,IS,0.0000000000,0.9559171936,-0.0034370299,0.0000000000,0
2020-01-07,IS,0.0000000000,0.9559171936,-0.0058935852,0.0000000000,0
2020-01-08,IS,0.0000000000,0.9559171936,-0.0082143811,0.0000000000,0
2020-01-09,IS,0.0000000000,0.9559171936,-0.0017907138,0.0000000000,0
2020-01-10,IS,0.0000000000,0.9559171936,-0.0001114197,0.0000000000,0
2020-01-13,IS,0.0000000000,0.9559171936,0.0138038249,0.0000000000,0
2020-01-14,IS,0.0000000000,0.9559171936,0.0019050405,0.0000000000,0
2020-01-15,IS,0.0000000000,0.9559171936,0.0123634727,0.0000000000,0
2020-01-16,IS,0.0000000000,0.9559171936,0.0195614001,0.0000000000,0
2020-01-17,IS,0.0000000000,0.9559171936,0.0061781402,0.0000000000,0
2020-01-21,IS,0.0000000000,0.9559171936,0.0051592807,0.0000000000,0
2020-01-22,IS,0.0000000000,0.9559171936,-0.0024014109,0.0000000000,0
2020-01-23,IS,0.0000000000,0.9559171936,-0.0016950938,0.0000000000,0
2020-01-24,IS,0.0000000000,0.9559171936,-0.0068725142,0.0000000000,0
2020-01-27,IS,0.0000000000,0.9559171936,-0.0065808342,0.0000000000,0
2020-01-28,IS,0.0000000000,0.9559171936,0.0036214173,0.0000000000,0
2020-01-29,IS,0.0000000000,0.9559171936,0.0051052424,0.0000000000,0
2020-01-30,IS,0.0000000000,0.9559171936,-0.0046316194,0.0000000000,0
2020-01-31,IS,0.0000000000,0.9559171936,-0.0213911278,0.0000000000,0
2020-02-03,IS,0.0000000000,0.9559171936,-0.0015400286,0.0000000000,0
2020-02-04,IS,0.0000000000,0.9559171936,0.0005813414,0.0000000000,0
2020-02-05,IS,0.0000000000,0.9559171936,0.0214291982,0.0000000000,0
2020-02-06,IS,0.0000000000,0.9559171936,-0.0060232988,0.0000000000,0
2020-02-07,IS,0.0000000000,0.9559171936,-0.0112539808,0.0000000000,0
2020-02-10,IS,0.0000000000,0.9559171936,0.0056378249,0.0000000000,0
2020-02-11,IS,0.0000000000,0.9559171936,0.0105749414,0.0000000000,0
2020-02-12,IS,0.0000000000,0.9559171936,0.0068663543,0.0000000000,0
2020-02-13,IS,0.0000000000,0.9559171936,-0.0017699192,0.0000000000,0
2020-02-14,IS,0.0000000000,0.9559171936,-0.0033326964,0.0000000000,0
2020-02-18,IS,0.0000000000,0.9559171936,-0.0133513070,0.0000000000,0
2020-02-19,IS,0.0000000000,0.9559171936,0.0049640648,0.0000000000,0
2020-02-20,IS,0.0000000000,0.9559171936,0.0191692545,0.0000000000,0
2020-02-21,IS,0.0000000000,0.9559171936,-0.0067205608,0.0000000000,0
2020-02-24,IS,0.0000000000,0.9559171936,-0.0355748489,0.0000000000,0
2020-02-25,IS,0.0000000000,0.9559171936,-0.0402179242,0.0000000000,0
2020-02-26,IS,0.0000000000,0.9559171936,0.0128365439,0.0000000000,0
2020-02-27,IS,0.0000000000,0.9559171936,-0.0298112585,0.0000000000,0
2020-02-28,IS,0.0000000000,0.9559171936,-0.0146164275,0.0000000000,0
2020-03-02,IS,0.0000000000,0.9559171936,0.0149841149,0.0000000000,0
2020-03-03,IS,0.0000000000,0.9559171936,-0.0094757430,0.0000000000,0
2020-03-04,IS,0.0000000000,0.9559171936,0.0202565812,0.0000000000,0
2020-03-05,IS,0.0000000000,0.9559171936,-0.0194690534,0.0000000000,0
2020-03-06,IS,0.0000000000,0.9559171936,-0.0383320921,0.0000000000,0
2020-03-09,IS,0.0000000000,0.9559171936,-0.0786171286,0.0000000000,0
2020-03-10,IS,0.0000000000,0.9559171936,0.0233507288,0.0000000000,0
2020-03-11,IS,0.0000000000,0.9559171936,-0.0464634155,0.0000000000,0
2020-03-12,IS,0.0000000000,0.9559171936,-0.1323600651,0.0000000000,0
2020-03-13,IS,0.0000000000,0.9559171936,0.0687609431,0.0000000000,0
2020-03-16,IS,0.0000000000,0.9559171936,-0.0654287445,0.0000000000,0
2020-03-17,IS,0.0000000000,0.9559171936,0.0330557466,0.0000000000,0
2020-03-18,IS,0.0000000000,0.9559171936,-0.0871105422,0.0000000000,0
2020-03-19,IS,0.0000000000,0.9559171936,0.0555915343,0.0000000000,0
2020-03-20,IS,0.0000000000,0.9559171936,-0.0198180828,0.0000000000,0
2020-03-23,IS,0.0000000000,0.9559171936,-0.0202643028,0.0000000000,0
2020-03-24,IS,0.0000000000,0.9559171936,0.0941553199,0.0000000000,0
2020-03-25,IS,0.0000000000,0.9559171936,0.0154856357,0.0000000000,0
2020-03-26,IS,0.0000000000,0.9559171936,0.0455480763,0.0000000000,0
2020-03-27,IS,0.0000000000,0.9559171936,-0.0357992188,0.0000000000,0
2020-03-30,IS,0.0000000000,0.9559171936,0.0203642490,0.0000000000,0
2020-03-31,IS,0.0000000000,0.9559171936,0.0144564631,0.0000000000,0
2020-04-01,IS,0.0000000000,0.9559171936,-0.0750846448,0.0000000000,0
2020-04-02,IS,0.0000000000,0.9559171936,-0.0048226938,0.0000000000,0
2020-04-03,IS,0.0000000000,0.9559171936,-0.0328118408,0.0000000000,0
2020-04-06,IS,0.0000000000,0.9559171936,0.0711159196,0.0000000000,0
2020-04-07,IS,0.0000000000,0.9559171936,0.0225210704,0.0000000000,0
2020-04-08,IS,0.0000000000,0.9559171936,0.0575033871,0.0000000000,0
2020-04-09,IS,0.0000000000,0.9559171936,0.0305406943,0.0000000000,0
2020-04-13,IS,0.0000000000,0.9559171936,-0.0130358241,0.0000000000,0
2020-04-14,IS,0.0000000000,0.9559171936,0.0179462379,0.0000000000,0
2020-04-15,IS,0.0000000000,0.9559171936,-0.0257362369,0.0000000000,0
2020-04-16,IS,0.0000000000,0.9559171936,-0.0078962947,0.0000000000,0
2020-04-17,IS,0.0000000000,0.9559171936,0.0315858583,0.0000000000,0
2020-04-20,IS,0.0000000000,0.9559171936,-0.0103932454,0.0000000000,0
2020-04-21,IS,0.0000000000,0.9559171936,-0.0159557789,0.0000000000,0
2020-04-22,IS,0.0000000000,0.9559171936,0.0010723601,0.0000000000,0
2020-04-23,IS,0.0000000000,0.9559171936,0.0266843481,0.0000000000,0
2020-04-24,IS,0.0000000000,0.9559171936,0.0217751687,0.0000000000,0
2020-04-27,IS,0.0000000000,0.9559171936,0.0699785357,0.0000000000,0
2020-04-28,IS,0.0000000000,0.9559171936,0.0140857195,0.0000000000,0
2020-04-29,IS,0.0000000000,0.9559171936,0.0288131300,0.0000000000,0
2020-04-30,IS,0.0000000000,0.9559171936,-0.0228434321,0.0000000000,0
2020-05-01,IS,0.0000000000,0.9559171936,-0.0347445627,0.0000000000,0
2020-05-04,IS,0.0000000000,0.9559171936,-0.0010281224,0.0000000000,0
2020-05-05,IS,0.0000000000,0.9559171936,-0.0118307816,0.0000000000,0
2020-05-06,IS,0.0000000000,0.9559171936,0.0105931429,0.0000000000,0
2020-05-07,IS,0.0000000000,0.9559171936,0.0144763213,0.0000000000,0
2020-05-08,IS,0.0000000000,0.9559171936,0.0260915656,0.0000000000,0
2020-05-11,IS,0.0000000000,0.9559171936,-0.0159293179,0.0000000000,0
2020-05-12,IS,0.0000000000,0.9559171936,-0.0333254105,0.0000000000,0
2020-05-13,IS,0.0000000000,0.9559171936,-0.0359248851,0.0000000000,0
2020-05-14,IS,0.0000000000,0.9559171936,0.0000174705,0.0000000000,0
2020-05-15,IS,0.0000000000,0.9559171936,0.0330253750,0.0000000000,0
2020-05-18,IS,0.0000000000,0.9559171936,0.0514803745,0.0000000000,0
2020-05-19,IS,0.0000000000,0.9559171936,-0.0269412731,0.0000000000,0
2020-05-20,IS,0.0000000000,0.9559171936,0.0300980364,0.0000000000,0
2020-05-21,IS,0.0000000000,0.9559171936,-0.0023392895,0.0000000000,0
2020-05-22,IS,0.0000000000,0.9559171936,0.0120022919,0.0000000000,0
2020-05-26,IS,0.0000000000,0.9559171936,0.0230586229,0.0000000000,0
2020-05-27,IS,0.0000000000,0.9559171936,0.0283878315,0.0000000000,0
2020-05-28,IS,0.0000000000,0.9559171936,-0.0193254282,0.0000000000,0
2020-05-29,IS,0.0000000000,0.9559171936,-0.0119811727,0.0000000000,0
2020-06-01,IS,0.0000000000,0.9559171936,0.0009263077,0.0000000000,0
2020-06-02,IS,0.0000000000,0.9559171936,0.0252824659,0.0000000000,0
2020-06-03,IS,0.0000000000,0.9559171936,0.0400981917,0.0000000000,0
2020-06-04,IS,0.0000000000,0.9559171936,0.0080100588,0.0000000000,0
2020-06-05,IS,0.0000000000,0.9559171936,0.0324704986,0.0000000000,0
2020-06-08,IS,0.0000000000,0.9559171936,0.0510507602,0.0000000000,0
2020-06-09,IS,0.0000000000,0.9559171936,-0.0088320829,0.0000000000,0
2020-06-10,IS,0.0000000000,0.9559171936,-0.0088591265,0.0000000000,0
2020-06-11,IS,0.0000000000,0.9559171936,-0.0752322632,0.0000000000,0
2020-06-12,IS,0.0000000000,0.9559171936,0.0191250057,0.0000000000,0
2020-06-15,IS,0.0000000000,0.9559171936,0.0059544761,0.0000000000,0
2020-06-16,IS,0.0000000000,0.9559171936,0.0356244970,0.0000000000,0
2020-06-17,IS,0.0000000000,0.9559171936,-0.0307507473,0.0000000000,0
2020-06-18,IS,0.0000000000,0.9559171936,0.0044400601,0.0000000000,0
2020-06-19,IS,0.0000000000,0.9559171936,-0.0015253542,0.0000000000,0
2020-06-22,IS,0.0000000000,0.9559171936,0.0000432246,0.0000000000,0
2020-06-23,IS,0.0000000000,0.9559171936,-0.0051659114,0.0000000000,0
2020-06-24,IS,0.0000000000,0.9559171936,-0.0290126807,0.0000000000,0
2020-06-25,IS,0.0000000000,0.9559171936,0.0141034398,0.0000000000,0
2020-06-26,IS,0.0000000000,0.9559171936,-0.0236364123,0.0000000000,0
2020-06-29,IS,0.0000000000,0.9559171936,0.0334230447,0.0000000000,0
2020-06-30,IS,0.0000000000,0.9559171936,0.0068282454,0.0000000000,0
2020-07-01,IS,0.0000000000,0.9559171936,0.0038216726,0.0000000000,0
2020-07-02,IS,0.0000000000,0.9559171936,0.0081846318,0.0000000000,0
2020-07-06,IS,0.0000000000,0.9559171936,0.0262232147,0.0000000000,0
2020-07-07,IS,0.0000000000,0.9559171936,-0.0162325394,0.0000000000,0
2020-07-08,IS,0.0000000000,0.9559171936,0.0056921897,0.0000000000,0
2020-07-09,IS,0.0000000000,0.9559171936,-0.0199029579,0.0000000000,0
2020-07-10,IS,0.0000000000,0.9559171936,0.0177315220,0.0000000000,0
2020-07-13,IS,0.0000000000,0.9559171936,-0.0036464954,0.0000000000,0
2020-07-14,IS,0.0000000000,0.9559171936,0.0059644471,0.0000000000,0
2020-07-15,IS,0.0000000000,0.9559171936,0.0370911258,0.0000000000,0
2020-07-16,IS,0.0000000000,0.9559171936,0.0147442491,0.0000000000,0
2020-07-17,IS,0.0000000000,0.9559171936,-0.0057309375,0.0000000000,0
2020-07-20,IS,0.0000000000,0.9559171936,-0.0107121177,0.0000000000,0
2020-07-21,IS,0.0000000000,0.9559171936,0.0310925757,0.0000000000,0
2020-07-22,IS,0.0000000000,0.9559171936,0.0005069598,0.0000000000,0
2020-07-23,IS,0.0000000000,0.9559171936,-0.0021034837,0.0000000000,0
2020-07-24,IS,0.0000000000,0.9559171936,-0.0074073995,0.0000000000,0
2020-07-27,IS,0.0000000000,0.9559171936,0.0259191013,0.0000000000,0
2020-07-28,IS,0.0000000000,0.9559171936,-0.0021725360,0.0000000000,0
2020-07-29,IS,0.0000000000,0.9559171936,0.0173333995,0.0000000000,0
2020-07-30,IS,0.0000000000,0.9559171936,-0.0008396504,0.0000000000,0
2020-07-31,IS,0.0000000000,0.9559171936,-0.0225043939,0.0000000000,0
2020-08-03,IS,0.0000000000,0.9559171936,0.0092639392,0.0000000000,0
2020-08-04,IS,0.0000000000,0.9559171936,0.0211377813,0.0000000000,0
2020-08-05,IS,0.0000000000,0.9559171936,0.0174218554,0.0000000000,0
2020-08-06,IS,0.0000000000,0.9559171936,-0.0242590234,0.0000000000,0
2020-08-07,IS,0.0000000000,0.9559171936,0.0152424998,0.0000000000,0
2020-08-10,IS,0.0000000000,0.9559171936,0.0225877077,0.0000000000,0
2020-08-11,IS,0.0000000000,0.9559171936,0.0017547176,0.0000000000,0
2020-08-12,IS,0.0000000000,0.9559171936,-0.0032078398,0.0000000000,0
2020-08-13,IS,0.0000000000,0.9559171936,-0.0088405797,0.0000000000,0
2020-08-14,IS,0.0000000000,0.9559171936,0.0077326176,0.0000000000,0
2020-08-17,IS,0.0000000000,0.9559171936,0.0022208689,0.0000000000,0
2020-08-18,IS,0.0000000000,0.9559171936,-0.0167261157,0.0000000000,0
2020-08-19,IS,0.0000000000,0.9559171936,-0.0078659075,0.0000000000,0
2020-08-20,IS,0.0000000000,0.9559171936,-0.0038159990,0.0000000000,0
2020-08-21,IS,0.0000000000,0.9559171936,-0.0142651393,0.0000000000,0
2020-08-24,IS,0.0000000000,0.9559171936,0.0178876708,0.0000000000,0
2020-08-25,IS,0.0000000000,0.9559171936,0.0133918964,0.0000000000,0
2020-08-26,IS,0.0000000000,0.9559171936,-0.0105090757,0.0000000000,0
2020-08-27,IS,0.0000000000,0.9559171936,-0.0026226439,0.0000000000,0
2020-08-28,IS,0.0000000000,0.9559171936,0.0048049085,0.0000000000,0
2020-08-31,IS,0.0000000000,0.9559171936,-0.0154206807,0.0000000000,0
2020-09-01,IS,0.0000000000,0.9559171936,0.0237490976,0.0000000000,0
2020-09-02,IS,0.0000000000,0.9559171936,0.0188279043,0.0000000000,0
2020-09-03,IS,0.0000000000,0.9559171936,-0.0184398656,0.0000000000,0
2020-09-04,IS,0.0000000000,0.9559171936,-0.0163148913,0.0000000000,0
2020-09-08,IS,0.0000000000,0.9559171936,-0.0191970840,0.0000000000,0
2020-09-09,IS,0.0000000000,0.9559171936,0.0078288589,0.0000000000,0
2020-09-10,IS,0.0000000000,0.9559171936,-0.0127093008,0.0000000000,0
2020-09-11,IS,0.0000000000,0.9559171936,0.0072917804,0.0000000000,0
2020-09-14,IS,0.0000000000,0.9559171936,0.0326178988,0.0000000000,0
2020-09-15,IS,0.0000000000,0.9559171936,-0.0082240056,0.0000000000,0
2020-09-16,IS,0.0000000000,0.9559171936,-0.0101641352,0.0000000000,0
2020-09-17,IS,0.0000000000,0.9559171936,0.0003161574,0.0000000000,0
2020-09-18,IS,0.0000000000,0.9559171936,0.0093385727,0.0000000000,0
2020-09-21,IS,0.0000000000,0.9559171936,-0.0361764594,0.0000000000,0
2020-09-22,IS,0.0000000000,0.9559171936,-0.0051132444,0.0000000000,0
2020-09-23,IS,0.0000000000,0.9559171936,-0.0306228394,0.0000000000,0
2020-09-24,IS,0.0000000000,0.9559171936,0.0035065352,0.0000000000,0
2020-09-25,IS,0.0000000000,0.9559171936,0.0130258987,0.0000000000,0
2020-09-28,IS,0.0000000000,0.9559171936,0.0209149978,0.0000000000,0
2020-09-29,IS,0.0000000000,0.9559171936,0.0013478556,0.0000000000,0
2020-09-30,IS,0.0000000000,0.9559171936,-0.0010939629,0.0000000000,0
2020-10-01,IS,0.0000000000,0.9559171936,0.0040384201,0.0000000000,0
2020-10-02,IS,0.0000000000,0.9559171936,0.0068892374,0.0000000000,0
2020-10-05,IS,0.0000000000,0.9559171936,0.0286741497,0.0000000000,0
2020-10-06,IS,0.0000000000,0.9559171936,0.0114843921,0.0000000000,0
2020-10-07,IS,0.0000000000,0.9559171936,0.0175009689,0.0000000000,0
2020-10-08,IS,0.0000000000,0.9559171936,0.0078626528,0.0000000000,0
2020-10-09,IS,0.0000000000,0.9559171936,0.0100229979,0.0000000000,0
2020-10-12,IS,0.0000000000,0.9559171936,0.0054025156,0.0000000000,0
2020-10-13,IS,0.0000000000,0.9559171936,0.0068669072,0.0000000000,0
2020-10-14,IS,0.0000000000,0.9559171936,-0.0036522827,0.0000000000,0
2020-10-15,IS,0.0000000000,0.9559171936,0.0064881504,0.0000000000,0
2020-10-16,IS,0.0000000000,0.9559171936,-0.0000759010,0.0000000000,0
2020-10-19,IS,0.0000000000,0.9559171936,-0.0061213066,0.0000000000,0
2020-10-20,IS,0.0000000000,0.9559171936,-0.0021541653,0.0000000000,0
2020-10-21,IS,0.0000000000,0.9559171936,0.0028092905,0.0000000000,0
2020-10-22,IS,0.0000000000,0.9559171936,0.0118435956,0.0000000000,0
2020-10-23,IS,0.0000000000,0.9559171936,0.0136590918,0.0000000000,0
2020-10-26,IS,0.0000000000,0.9559171936,-0.0176540233,0.0000000000,0
2020-10-27,IS,0.0000000000,0.9559171936,-0.0222151660,0.0000000000,0
2020-10-28,IS,0.0000000000,0.9559171936,-0.0219306589,0.0000000000,0
2020-10-29,IS,0.0000000000,0.9559171936,0.0116882044,0.0000000000,0
2020-10-30,IS,0.0000000000,0.9559171936,-0.0098096724,0.0000000000,0
2020-11-02,IS,0.0000000000,0.9559171936,0.0274750701,0.0000000000,0
2020-11-03,IS,0.0000000000,0.9559171936,0.0389395769,0.0000000000,0
2020-11-04,IS,0.0000000000,0.9559171936,-0.0151272909,0.0000000000,0
2020-11-05,IS,0.0000000000,0.9559171936,0.0227734583,0.0000000000,0
2020-11-06,IS,0.0000000000,0.9559171936,-0.0027462729,0.0000000000,0
2020-11-09,IS,0.0000000000,0.9559171936,0.0449267009,0.0000000000,0
2020-11-10,IS,0.0000000000,0.9559171936,0.0145977123,0.0000000000,0
2020-11-11,IS,0.0000000000,0.9559171936,0.0025984502,0.0000000000,0
2020-11-12,IS,0.0000000000,0.9559171936,-0.0132466911,0.0000000000,0
2020-11-13,IS,0.0000000000,0.9559171936,0.0122527887,0.0000000000,0
2020-11-16,IS,0.0000000000,0.9559171936,0.0205028482,0.0000000000,0
2020-11-17,IS,0.0000000000,0.9559171936,0.0125066152,0.0000000000,0
2020-11-18,IS,0.0000000000,0.9559171936,-0.0015667257,0.0000000000,0
2020-11-19,IS,0.0000000000,0.9559171936,0.0062045725,0.0000000000,0
2020-11-20,IS,0.0000000000,0.9559171936,0.0038910184,0.0000000000,0
2020-11-23,IS,0.0000000000,0.9559171936,0.0104087562,0.0000000000,0
2020-11-24,IS,0.0000000000,0.9559171936,0.0149195073,0.0000000000,0
2020-11-25,IS,0.0000000000,0.9559171936,0.0009844653,0.0000000000,0
2020-11-27,IS,0.0000000000,0.9559171936,0.0173454637,0.0000000000,0
2020-11-30,IS,0.0000000000,0.9559171936,-0.0028856999,0.0000000000,0
2020-12-01,IS,0.0000000000,0.9559171936,0.0129042611,0.0000000000,0
2020-12-02,IS,0.0000000000,0.9559171936,0.0104414232,0.0000000000,0
2020-12-03,IS,0.0000000000,0.9559171936,0.0071576518,0.0000000000,0
2020-12-04,IS,0.0000000000,0.9559171936,0.0198722033,0.0000000000,0
2020-12-07,IS,0.0000000000,0.9559171936,-0.0007010797,0.0000000000,0
2020-12-08,IS,0.0000000000,0.9559171936,0.0051776607,0.0000000000,0
2020-12-09,IS,0.0000000000,0.9559171936,-0.0122799186,0.0000000000,0
2020-12-10,IS,0.0000000000,0.9559171936,0.0097803602,0.0000000000,0
2020-12-11,IS,0.0000000000,0.9559171936,0.0019627921,0.0000000000,0
2020-12-14,IS,0.0000000000,0.9559171936,-0.0044857410,0.0000000000,0
2020-12-15,IS,0.0000000000,0.9559171936,0.0157940592,0.0000000000,0
2020-12-16,IS,0.0000000000,0.9559171936,-0.0008374209,0.0000000000,0
2020-12-17,IS,0.0000000000,0.9559171936,0.0032165997,0.0000000000,0
2020-12-18,IS,0.0000000000,0.9559171936,-0.0117485469,0.0000000000,0
2020-12-21,IS,0.0000000000,0.9559171936,-0.0077484736,0.0000000000,0
2020-12-22,IS,0.0000000000,0.9559171936,0.0030382534,0.0000000000,0
2020-12-23,IS,0.0000000000,0.9559171936,0.0089056039,0.0000000000,0
2020-12-24,IS,0.0000000000,0.9559171936,0.0004179738,0.0000000000,0
2020-12-28,IS,0.0000000000,0.9559171936,-0.0067920178,0.0000000000,0
2020-12-29,IS,0.0000000000,0.9559171936,0.0014023503,0.0000000000,0
2020-12-30,IS,0.0000000000,0.9559171936,-0.0019043938,0.0000000000,0
2020-12-31,IS,0.0000000000,0.9559171936,0.0000088630,0.0000000000,0
2021-01-04,IS,0.0000000000,0.9559171936,-0.0167049357,0.0000000000,0
2021-01-05,IS,0.0000000000,0.9559171936,0.0214486323,0.0000000000,0
2021-01-06,IS,0.0000000000,0.9559171936,0.0303792609,0.0000000000,0
2021-01-07,IS,0.0000000000,0.9559171936,0.0151520243,0.0000000000,0
2021-01-08,IS,0.0000000000,0.9559171936,-0.0084985622,0.0000000000,0
2021-01-11,IS,0.0000000000,0.9559171936,0.0137757625,0.0000000000,0
2021-01-12,IS,0.0000000000,0.9559171936,0.0093092876,0.0000000000,0
2021-01-13,IS,0.0000000000,0.9559171936,-0.0076932951,0.0000000000,0
2021-01-14,IS,0.0000000000,0.9559171936,0.0277928186,0.0000000000,0
2021-01-15,IS,0.0000000000,0.9559171936,-0.0047708839,0.0000000000,0
2021-01-19,IS,0.0000000000,0.9559171936,0.0097612753,0.0000000000,0
2021-01-20,IS,0.0000000000,0.9559171936,0.0016184895,0.0000000000,0
2021-01-21,IS,0.0000000000,0.9559171936,0.0056528939,0.0000000000,0
2021-01-22,IS,0.0000000000,0.9559171936,0.0139297994,0.0000000000,0
2021-01-25,IS,0.0000000000,0.9559171936,0.0101743924,0.0000000000,0
2021-01-26,IS,0.0000000000,0.9559171936,0.0051517860,0.0000000000,0
2021-01-27,IS,0.0000000000,0.9559171936,0.0130840129,0.0000000000,0
2021-01-28,IS,0.0000000000,0.9559171936,-0.0255292722,0.0000000000,0
2021-01-29,IS,0.0000000000,0.9559171936,-0.0038922346,0.0000000000,0
2021-02-01,IS,0.0000000000,0.9559171936,0.0233643517,0.0000000000,0
2021-02-02,IS,0.0000000000,0.9559171936,0.0082706094,0.0000000000,0
2021-02-03,IS,0.0000000000,0.9559171936,0.0123163714,0.0000000000,0
2021-02-04,IS,0.0000000000,0.9559171936,0.0132025325,0.0000000000,0
2021-02-05,IS,0.0000000000,0.9559171936,0.0065138516,0.0000000000,0
2021-02-08,IS,0.0000000000,0.9559171936,0.0304344895,0.0000000000,0
2021-02-09,IS,0.0000000000,0.9559171936,0.0204710999,0.0000000000,0
2021-02-10,IS,0.0000000000,0.9559171936,0.0012579055,0.0000000000,0
2021-02-11,IS,0.0000000000,0.9559171936,-0.0064803925,0.0000000000,0
2021-02-12,IS,0.0000000000,0.9559171936,-0.0136521194,0.0000000000,0
2021-02-16,IS,0.0000000000,0.9559171936,0.0122068785,0.0000000000,0
2021-02-17,IS,0.0000000000,0.9559171936,-0.0023244100,0.0000000000,0
2021-02-18,IS,0.0000000000,0.9559171936,-0.0187918260,0.0000000000,0
2021-02-19,IS,0.0000000000,0.9559171936,0.0105551148,0.0000000000,0
2021-02-22,IS,0.0000000000,0.9559171936,0.0037377882,0.0000000000,0
2021-02-23,IS,0.0000000000,0.9559171936,-0.0239923575,0.0000000000,0
2021-02-24,IS,0.0000000000,0.9559171936,0.0182538452,0.0000000000,0
2021-02-25,IS,0.0000000000,0.9559171936,0.0085644601,0.0000000000,0
2021-02-26,IS,0.0000000000,0.9559171936,-0.0231529821,0.0000000000,0
2021-03-01,IS,0.0000000000,0.9559171936,0.0291571947,0.0000000000,0
2021-03-02,IS,0.0000000000,0.9559171936,-0.0149752391,0.0000000000,0
2021-03-03,IS,0.0000000000,0.9559171936,-0.0021183257,0.0000000000,0
2021-03-04,IS,0.0000000000,0.9559171936,-0.0343408814,0.0000000000,0
2021-03-05,IS,0.0000000000,0.9559171936,0.0173772806,0.0000000000,0
2021-03-08,IS,0.0000000000,0.9559171936,0.0168671079,0.0000000000,0
2021-03-09,IS,0.0000000000,0.9559171936,0.0134262962,0.0000000000,0
2021-03-10,IS,0.0000000000,0.9559171936,0.0127156045,0.0000000000,0
2021-03-11,IS,0.0000000000,0.9559171936,0.0290369101,0.0000000000,0
2021-03-12,IS,0.0000000000,0.9559171936,0.0256838239,0.0000000000,0
2021-03-15,IS,0.0000000000,0.9559171936,0.0115448104,0.0000000000,0
2021-03-16,IS,0.0000000000,0.9559171936,-0.0088922954,0.0000000000,0
2021-03-17,IS,0.0000000000,0.9559171936,-0.0014184178,0.0000000000,0
2021-03-18,IS,0.0000000000,0.9559171936,-0.0180060736,0.0000000000,0
2021-03-19,IS,0.0000000000,0.9559171936,0.0049973593,0.0000000000,0
2021-03-22,IS,0.0000000000,0.9559171936,-0.0154451741,0.0000000000,0
2021-03-23,IS,0.0000000000,0.9559171936,-0.0279699007,0.0000000000,0
2021-03-24,IS,0.0000000000,0.9559171936,-0.0201842657,0.0000000000,0
2021-03-25,IS,0.0000000000,0.9559171936,0.0241493669,0.0000000000,0
2021-03-26,IS,0.0000000000,0.9559171936,0.0150325026,0.0000000000,0
2021-03-29,IS,0.0000000000,0.9559171936,-0.0190899672,0.0000000000,0
2021-03-30,IS,0.0000000000,0.9559171936,0.0111444254,0.0000000000,0
2021-03-31,IS,0.0000000000,0.9559171936,0.0122655744,0.0000000000,0
2021-04-01,IS,0.0000000000,0.9559171936,0.0184720678,0.0000000000,0
2021-04-05,IS,0.0000000000,0.9559171936,-0.0033835373,0.0000000000,0
2021-04-06,IS,0.0000000000,0.9559171936,-0.0083707950,0.0000000000,0
2021-04-07,IS,0.0000000000,0.9559171936,-0.0075350696,0.0000000000,0
2021-04-08,IS,0.0000000000,0.9559171936,0.0021254040,0.0000000000,0
2021-04-09,IS,0.0000000000,0.9559171936,0.0034972159,0.0000000000,0
2021-04-12,IS,0.0000000000,0.9559171936,-0.0109718133,0.0000000000,0
2021-04-13,IS,0.0000000000,0.9559171936,-0.0042013868,0.0000000000,0
2021-04-14,IS,0.0000000000,0.9559171936,0.0080467593,0.0000000000,0
2021-04-15,IS,0.0000000000,0.9559171936,-0.0027712374,0.0000000000,0
2021-04-16,IS,0.0000000000,0.9559171936,-0.0022449364,0.0000000000,0
2021-04-19,IS,0.0000000000,0.9559171936,-0.0137433823,0.0000000000,0
2021-04-20,IS,0.0000000000,0.9559171936,-0.0252522273,0.0000000000,0
2021-04-21,IS,0.0000000000,0.9559171936,0.0277011163,0.0000000000,0
2021-04-22,IS,0.0000000000,0.9559171936,-0.0018897294,0.0000000000,0
2021-04-23,IS,0.0000000000,0.9559171936,0.0071626983,0.0000000000,0
2021-04-26,IS,0.0000000000,0.9559171936,0.0167599425,0.0000000000,0
2021-04-27,IS,0.0000000000,0.9559171936,-0.0005861060,0.0000000000,0
2021-04-28,IS,0.0000000000,0.9559171936,0.0060228050,0.0000000000,0
2021-04-29,IS,0.0000000000,0.9559171936,-0.0064409079,0.0000000000,0
2021-04-30,IS,0.0000000000,0.9559171936,-0.0021908553,0.0000000000,0
2021-05-03,IS,0.0000000000,0.9559171936,0.0171705165,0.0000000000,0
2021-05-04,IS,0.0000000000,0.9559171936,-0.0098544311,0.0000000000,0
2021-05-05,IS,0.0000000000,0.9559171936,0.0105250978,0.0000000000,0
2021-05-06,IS,0.0000000000,0.9559171936,0.0068340021,0.0000000000,0
2021-05-07,IS,0.0000000000,0.9559171936,0.0059548593,0.0000000000,0
2021-05-10,IS,0.0000000000,0.9559171936,-0.0235904156,0.0000000000,0
2021-05-11,IS,0.0000000000,0.9559171936,-0.0073797321,0.0000000000,0
2021-05-12,IS,0.0000000000,0.9559171936,-0.0200308291,0.0000000000,0
2021-05-13,IS,0.0000000000,0.9559171936,0.0089468928,0.0000000000,0
2021-05-14,IS,0.0000000000,0.9559171936,0.0262196535,0.0000000000,0
2021-05-17,IS,0.0000000000,0.9559171936,0.0066560715,0.0000000000,0
2021-05-18,IS,0.0000000000,0.9559171936,0.0058765680,0.0000000000,0
2021-05-19,IS,0.0000000000,0.9559171936,0.0033342450,0.0000000000,0
2021-05-20,IS,0.0000000000,0.9559171936,0.0066086316,0.0000000000,0
2021-05-21,IS,0.0000000000,0.9559171936,0.0191048148,0.0000000000,0
2021-05-24,IS,0.0008075632,0.9566891571,0.0110098810,0.0000000000,1
2021-05-25,IS,0.0128876535,0.9690186355,-0.0140315722,0.0000000000,1
2021-05-26,IS,-0.0057113938,0.9634841885,0.0307696088,0.0000000000,1
2021-05-27,IS,-0.0112622280,0.9526332099,0.0116244834,0.0000000000,1
2021-05-28,IS,-0.0022672253,0.9504733758,0.0043842115,0.0000000000,1
2021-06-01,IS,-0.0155626153,0.9356815242,0.0217628645,0.0000000000,1
2021-06-02,IS,0.0024975531,0.9380184385,0.0112595546,0.0000000000,1
2021-06-03,IS,0.0071407435,0.9447165876,-0.0021307785,0.0000000000,1
2021-06-04,IS,-0.0149685777,0.9305755240,0.0082213151,0.0000000000,1
2021-06-07,IS,-0.0016667095,0.9290245249,0.0129333618,0.0000000000,1
2021-06-08,IS,0.0008121446,0.9297790272,0.0133211533,0.0000000000,1
2021-06-09,IS,-0.0039744798,0.9260836393,-0.0037058419,0.0000000000,1
2021-06-10,IS,0.0041783552,0.9299531456,-0.0021620746,0.0000000000,1
2021-06-11,IS,0.0065009277,0.9359987038,0.0064594742,0.0000000000,1
2021-06-14,IS,-0.0124774477,0.9243198289,-0.0021746578,0.0000000000,1
2021-06-15,IS,0.0006341800,0.9249060140,-0.0084007591,0.0000000000,1
2021-06-16,IS,0.0013195107,0.9261264374,-0.0096144273,0.0000000000,1
2021-06-17,IS,-0.0066603348,0.9199581253,-0.0095480786,0.0000000000,1
2021-06-18,IS,0.0059747961,0.9254546875,-0.0249550571,0.0000000000,1
2021-06-21,IS,0.0097279066,0.9344574243,0.0237251224,0.0000000000,1
2021-06-22,IS,0.0028836302,0.9371520539,-0.0005257215,0.0000000000,1
2021-06-23,IS,-0.0003632827,0.9368116028,0.0090824011,0.0000000000,1
2021-06-24,IS,0.0018809908,0.9385737368,0.0128309528,0.0000000000,1
2021-06-25,IS,0.0233648593,0.9605033802,0.0000728238,0.0000000000,1
2021-06-28,IS,0.0141889974,0.9741319601,-0.0029828217,0.0000000000,1
2021-06-29,IS,-0.0013647299,0.9728025331,-0.0032997250,0.0000000000,1
2021-06-30,IS,0.0028594218,0.9755841859,0.0059420244,0.0000000000,1
2021-07-01,IS,-0.0137798107,0.9621408205,0.0075724960,0.0000000000,1
2021-07-02,IS,0.0077075042,0.9695565249,-0.0095552822,0.0000000000,1
2021-07-06,IS,-0.0028938109,0.9667508117,-0.0145453137,0.0000000000,0
2021-07-07,IS,0.0000000000,0.9667508117,-0.0119966568,0.0000000000,0
2021-07-08,IS,0.0000000000,0.9667508117,-0.0004354122,0.0000000000,0
2021-07-09,IS,0.0000000000,0.9667508117,0.0296743506,0.0000000000,0
2021-07-12,IS,0.0000000000,0.9667508117,0.0056564102,0.0000000000,0
2021-07-13,IS,0.0000000000,0.9667508117,-0.0165729411,0.0000000000,0
2021-07-14,IS,0.0000000000,0.9667508117,-0.0099780737,0.0000000000,0
2021-07-15,IS,0.0000000000,0.9667508117,-0.0006186926,0.0000000000,0
2021-07-16,IS,0.0000000000,0.9667508117,-0.0170994467,0.0000000000,0
2021-07-19,IS,-0.0060717463,0.9608809460,-0.0172706848,0.0000000000,1
2021-07-20,IS,-0.0017777006,0.9591727874,0.0276255287,0.0000000000,1
2021-07-21,IS,0.0109947991,0.9697186995,0.0195023774,0.0000000000,1
2021-07-22,IS,-0.0142475473,0.9559025865,-0.0138378936,0.0000000000,1
2021-07-23,IS,-0.0332111882,0.9241559257,-0.0078009742,0.0000000000,1
2021-07-26,IS,0.0009455071,0.9250297217,0.0134051298,0.0000000000,0
2021-07-27,IS,0.0000000000,0.9250297217,-0.0126344889,0.0000000000,0
2021-07-28,IS,0.0000000000,0.9250297217,0.0167625872,0.0000000000,0
2021-07-29,IS,0.0000000000,0.9250297217,0.0087554402,0.0000000000,0
2021-07-30,IS,0.0000000000,0.9250297217,-0.0083227144,0.0000000000,0
2021-08-02,IS,0.0000000000,0.9250297217,0.0015994004,0.0000000000,0
2021-08-03,IS,0.0000000000,0.9250297217,-0.0053201634,0.0000000000,0
2021-08-04,IS,0.0000000000,0.9250297217,-0.0243846715,0.0000000000,0
2021-08-05,IS,0.0000000000,0.9250297217,0.0144312212,0.0000000000,0
2021-08-06,IS,0.0000000000,0.9250297217,0.0101963597,0.0000000000,0
2021-08-09,IS,-0.0035567324,0.9217396385,0.0033503462,0.0000000000,1
2021-08-10,IS,0.0018944555,0.9234858332,0.0079603364,0.0000000000,1
2021-08-11,IS,0.0014495954,0.9248245141,-0.0002864651,0.0000000000,1
2021-08-12,IS,0.0123400225,0.9362368694,-0.0059405887,0.0000000000,1
2021-08-13,IS,-0.0065356798,0.9301179250,-0.0175900581,0.0000000000,1
2021-08-16,IS,0.0034899877,0.9333640251,-0.0104654205,0.0000000000,1
2021-08-17,IS,0.0041917715,0.9372764739,-0.0144359101,0.0000000000,1
2021-08-18,IS,0.0032869623,0.9403572664,-0.0042302966,0.0000000000,1
2021-08-19,IS,-0.0041902585,0.9364169263,-0.0108848237,0.0000000000,1
2021-08-20,IS,-0.0016376987,0.9348833575,0.0176955926,0.0000000000,1
2021-08-23,IS,-0.0040047638,0.9311393705,0.0139448163,0.0000000000,1
2021-08-24,IS,-0.0019122062,0.9293588400,0.0066332647,0.0000000000,1
2021-08-25,IS,0.0013634719,0.9306259947,0.0025388651,0.0000000000,1
2021-08-26,IS,0.0020312804,0.9325163570,-0.0014714974,0.0000000000,1
2021-08-27,IS,0.0065072867,0.9385845083,0.0146113207,0.0000000000,1
2021-08-30,IS,0.0096241908,0.9476176247,-0.0085421229,0.0000000000,1
2021-08-31,IS,0.0012834327,0.9488338282,0.0025974345,0.0000000000,1
2021-09-01,IS,0.0096433236,0.9579837398,0.0045158188,0.0000000000,1
2021-09-02,IS,0.0031348257,0.9609868519,0.0089461292,0.0000000000,1
2021-09-03,IS,0.0033030996,0.9641610872,-0.0060936853,0.0000000000,1
2021-09-07,IS,-0.0176196957,0.9471728622,-0.0051993430,0.0000000000,1
2021-09-08,IS,-0.0018985959,0.9453745637,-0.0083882613,0.0000000000,1
2021-09-09,IS,0.0088765643,0.9537662418,-0.0066010643,0.0000000000,1
2021-09-10,IS,-0.0479872594,0.9079976138,-0.0061878595,0.0000000000,1
2021-09-13,IS,-0.0045642782,0.9038532601,-0.0015948145,0.0000000000,1
2021-09-14,IS,-0.0194624794,0.8862620346,-0.0087162453,0.0000000000,1
2021-09-15,IS,0.0085386406,0.8938295076,0.0085871544,0.0000000000,1
2021-09-16,IS,-0.0033762672,0.8908117003,0.0047500812,0.0000000000,1
2021-09-17,IS,-0.0402300904,0.8549742651,0.0136873334,-0.0129033701,1
2021-09-20,IS,0.0188376724,0.8710799902,-0.0318908443,-0.0166742184,1
2021-09-21,IS,-0.0001377710,0.8709599807,0.0022640090,-0.0009446134,1
2021-09-22,IS,0.0307487408,0.8977409034,0.0055734180,0.0097548601,1
2021-09-23,IS,0.0038441754,0.9011919769,0.0141298054,0.0121500023,1
2021-09-24,IS,0.0032252379,0.9040985354,0.0032486438,0.0016471862,1
2021-09-27,IS,0.0122861193,0.9152063979,0.0148380000,-0.0028609403,1
2021-09-28,IS,-0.0234821312,0.8937154012,-0.0140009891,-0.0201518164,1
2021-09-29,IS,-0.0235136275,0.8727009101,0.0026446331,0.0016831135,1
2021-09-30,IS,0.0111792607,0.8824570611,-0.0061903939,-0.0122223501,1
2021-10-01,IS,0.0115430910,0.8926433433,0.0120703034,0.0118842336,1
2021-10-04,IS,0.0313042949,0.9205869137,-0.0078149635,-0.0128960943,1
2021-10-05,IS,-0.0239050810,0.8985802090,0.0027939959,0.0104050019,1
2021-10-06,IS,0.0170840528,0.9139316007,-0.0154640695,0.0041560840,1
2021-10-07,IS,0.0056265855,0.9190739151,0.0108122232,0.0086456657,1
2021-10-08,IS,-0.0145937597,0.9056611712,-0.0049323404,-0.0018237359,1
2021-10-11,IS,-0.0102728993,0.8963574052,-0.0028495695,-0.0072397570,1
2021-10-12,IS,0.0038304207,0.8997908312,0.0072792823,-0.0024615243,1
2021-10-13,IS,0.0060556970,0.9052396918,-0.0039629906,0.0035976200,1
2021-10-14,IS,0.0158458357,0.9195839712,0.0047939998,0.0168206259,1
2021-10-15,IS,-0.0000212152,0.9195644621,-0.0091854265,0.0076158192,1
2021-10-18,IS,-0.0014994184,0.9181856502,0.0000718168,0.0029605042,1
2021-10-19,IS,0.0034145865,0.9213208745,0.0076917506,0.0077148416,1
2021-10-20,IS,0.0334805089,0.9521671663,0.0116758268,0.0039277472,1
2021-10-21,IS,0.0266153494,0.9775094281,-0.0048992525,0.0026082536,1
2021-10-22,IS,-0.0007937234,0.9767335560,0.0040653997,-0.0010361780,1
2021-10-25,IS,0.0117074294,0.9881685952,0.0064115281,0.0053628178,1
2021-10-26,IS,-0.0043201573,0.9838995514,-0.0036498361,0.0009000110,1
2021-10-27,IS,-0.0200160480,0.9642057707,-0.0115127718,-0.0044302132,1
2021-10-28,IS,0.0030344593,0.9671316139,0.0154157791,0.0096488523,1
2021-10-29,IS,-0.0017234578,0.9654648033,0.0076963613,0.0020291499,1
2021-11-01,IS,-0.0122215950,0.9536652835,0.0215653255,0.0017201960,1
2021-11-02,IS,-0.0017177086,0.9520271644,0.0011801991,0.0040431267,1
2021-11-03,IS,0.0186661856,0.9697978801,0.0294322175,0.0061052176,1
2021-11-04,IS,0.0707706078,1.0384310656,-0.0063338832,0.0047125151,1
2021-11-05,IS,0.0052191591,1.0438508026,0.0126999324,0.0034696194,1
2021-11-08,IS,-0.0062276698,1.0373500445,0.0060375294,0.0008537340,0
2021-11-09,IS,0.0000000000,1.0373500445,0.0047273492,-0.0033053974,0
2021-11-10,IS,0.0000000000,1.0373500445,-0.0103617133,-0.0080448457,0
2021-11-11,IS,0.0000000000,1.0373500445,0.0053329402,0.0003235408,0
2021-11-12,IS,0.0000000000,1.0373500445,0.0032955024,0.0075468443,0
2021-11-15,IS,0.0000000000,1.0373500445,-0.0013445247,0.0003424144,0
2021-11-16,IS,0.0000000000,1.0373500445,0.0075094708,0.0039578119,0
2021-11-17,IS,0.0000000000,1.0373500445,-0.0038804883,-0.0024292533,0
2021-11-18,IS,0.0000000000,1.0373500445,-0.0213689743,0.0033964199,0
2021-11-19,IS,0.0000000000,1.0373500445,-0.0178970599,-0.0017882613,0
2021-11-22,IS,0.0000000000,1.0373500445,-0.0015297516,-0.0028151592,0
2021-11-23,IS,0.0000000000,1.0373500445,-0.0149950625,0.0013260047,0
2021-11-24,IS,0.0000000000,1.0373500445,0.0031177661,0.0026698563,0
2021-11-26,IS,0.0000000000,1.0373500445,-0.0301547193,-0.0223031697,0
2021-11-29,IS,0.0000000000,1.0373500445,-0.0023483623,0.0122665969,0
2021-11-30,IS,0.0000000000,1.0373500445,-0.0217858609,-0.0194575979,0
2021-12-01,IS,0.0000000000,1.0373500445,-0.0244795073,-0.0111072087,0
2021-12-02,IS,0.0000000000,1.0373500445,0.0220411689,0.0153163152,0
2021-12-03,IS,0.0000000000,1.0373500445,-0.0192527284,-0.0087013555,0
2021-12-06,IS,0.0000000000,1.0373500445,0.0149900526,0.0118433241,0
2021-12-07,IS,0.0000000000,1.0373500445,0.0199127557,0.0206848449,0
2021-12-08,IS,0.0000000000,1.0373500445,0.0091126298,0.0026479884,0
2021-12-09,IS,0.0000000000,1.0373500445,-0.0139777268,-0.0067515761,0
2021-12-10,IS,0.0000000000,1.0373500445,-0.0078975191,0.0094135306,0
2021-12-13,IS,0.0000000000,1.0373500445,-0.0150323323,-0.0088583932,0
2021-12-14,IS,0.0000000000,1.0373500445,-0.0068459545,-0.0068799966,0
2021-12-15,IS,0.0000000000,1.0373500445,0.0133707720,0.0156250000,0
2021-12-16,IS,0.0000000000,1.0373500445,-0.0127470516,-0.0088185295,0
2021-12-17,IS,0.0000000000,1.0373500445,0.0026036882,-0.0141065495,0
2021-12-20,IS,-0.0040041002,1.0331963910,-0.0217737297,-0.0106334399,1
2021-12-21,IS,0.0188232535,1.0526445085,0.0298572986,0.0177590224,1
2021-12-22,IS,-0.0045859317,1.0478171527,0.0116511999,0.0099987043,1
2021-12-23,IS,0.0129228019,1.0613578862,0.0099974254,0.0062220702,1
2021-12-27,IS,-0.0052622640,1.0557727408,0.0097209719,0.0141521462,1
2021-12-28,IS,-0.0082211214,1.0470931049,-0.0045440086,-0.0008171646,1
2021-12-29,IS,0.0020494843,1.0492391057,0.0000552656,0.0012791746,1
2021-12-30,IS,0.0063267526,1.0558773820,0.0032185548,-0.0027645137,1
2021-12-31,IS,-0.0083917583,1.0470167142,-0.0056151545,-0.0025201613,1
2022-01-03,IS,0.0068971323,1.0542381269,0.0232592685,0.0057899613,1
2022-01-04,IS,-0.0255741576,1.0272768750,-0.0063536829,-0.0003349312,1
2022-01-05,IS,-0.0205043784,1.0062132012,-0.0225015401,-0.0192021778,1
2022-01-06,IS,-0.0139937449,0.9921325104,0.0049108615,-0.0009394082,1
2022-01-07,IS,-0.0054234401,0.9867517391,-0.0090184288,-0.0039534983,1
2022-01-10,IS,0.0185183416,1.0050247449,-0.0092131212,-0.0012443949,1
2022-01-11,IS,-0.0146283373,0.9903229040,0.0052226578,0.0091082898,1
2022-01-12,IS,-0.0149038077,0.9755633218,-0.0111134939,0.0027035657,1
2022-01-13,IS,0.0025536582,0.9780545771,-0.0067948023,-0.0137786081,1
2022-01-14,IS,-0.0198440137,0.9586460487,-0.0029659457,0.0004090156,1
2022-01-18,IS,-0.0087252787,0.9502815947,-0.0205913505,-0.0177095886,1
2022-01-19,IS,-0.0094441012,0.9413070392,-0.0093060554,-0.0103835790,1
2022-01-20,IS,0.0093490986,0.9501074115,-0.0094904958,-0.0110680686,1
2022-01-21,IS,-0.0189311875,0.9321207499,-0.0202062212,-0.0196306659,1
2022-01-24,IS,0.0136189657,0.9448152704,0.0171424678,0.0042467693,1
2022-01-25,IS,0.0064201405,0.9508811172,-0.0069507207,-0.0122089851,1
2022-01-26,IS,-0.0124470602,0.9390454427,-0.0189153890,-0.0025088038,1
2022-01-27,IS,0.0107517866,0.9491418589,-0.0188838043,-0.0049379298,1
2022-01-28,IS,-0.0126785247,0.9371081403,0.0071838425,0.0248353585,1
2022-01-31,IS,0.0162850372,0.9523689812,0.0288060139,0.0180110872,1
2022-02-01,IS,-0.0123593662,0.9405983042,0.0168737155,0.0067569069,1
2022-02-02,IS,-0.0279670963,0.9142925008,-0.0094992701,0.0097140965,1
2022-02-03,IS,-0.0098082353,0.9053249048,-0.0229979772,-0.0235049743,1
2022-02-04,IS,0.0048210192,0.9096894936,0.0054504460,0.0047021944,1
2022-02-07,IS,-0.0066588809,0.9036319797,-0.0054594704,-0.0032092712,1
2022-02-08,IS,-0.0119232460,0.8928577533,0.0111658500,0.0082278764,1
2022-02-09,IS,0.0267226488,0.9167172774,0.0194789872,0.0146360935,1
2022-02-10,IS,0.0016198138,0.9182021888,-0.0040176117,-0.0179656423,1
2022-02-11,IS,-0.0014026998,0.9169142267,-0.0099296278,-0.0197186860,1
2022-02-14,IS,-0.0071430078,0.9103647013,-0.0093885004,-0.0032693094,1
2022-02-15,IS,0.0030586850,0.9131492201,0.0284808665,0.0161268279,1
2022-02-16,IS,-0.0132643212,0.9010369155,-0.0009256959,0.0011208249,1
2022-02-17,IS,-0.0140882994,0.8883428377,-0.0194514538,-0.0213613972,1
2022-02-18,IS,-0.0049528452,0.8839430131,-0.0104912511,-0.0064750835,1
2022-02-22,IS,0.0061027635,0.8893375083,-0.0113627417,-0.0107316399,1
2022-02-23,IS,-0.0111391733,0.8794310237,-0.0213741357,-0.0177386689,1
2022-02-24,IS,0.0111375076,0.8892256934,0.0187434500,0.0150491764,1
2022-02-25,IS,-0.0031369348,0.8864362504,0.0221576747,0.0220639739,1
2022-02-28,IS,-0.0322222715,0.8578732609,-0.0055398398,-0.0025585380,1
2022-03-01,IS,-0.0081708653,0.8508636940,-0.0138360457,-0.0152302865,1
2022-03-02,IS,0.0083445042,0.8579637297,0.0259996021,0.0183962045,1
2022-03-03,IS,-0.0010632524,0.8570514977,0.0000439580,-0.0049784192,1
2022-03-04,IS,-0.0003101337,0.8567856972,-0.0206942069,-0.0081246701,1
2022-03-07,IS,0.0494339919,0.8991400344,-0.0297685502,-0.0294791402,1
2022-03-08,IS,-0.0088755078,0.8911597100,0.0087819565,-0.0075817180,1
2022-03-09,IS,-0.0058692562,0.8859292654,0.0371793863,0.0268108108,1
2022-03-10,IS,0.0155281637,0.8996861200,-0.0122070189,-0.0045155705,1
2022-03-11,IS,0.0039019046,0.9031966095,-0.0139624294,-0.0127150512,1
2022-03-14,IS,-0.0029643475,0.9005192208,-0.0222039423,-0.0073083058,0
2022-03-15,IS,0.0000000000,0.9005192208,0.0113095185,0.0219904077,0
2022-03-16,IS,0.0000000000,0.9005192208,0.0208828648,0.0221742497,0
2022-03-17,IS,0.0000000000,0.9005192208,0.0186091384,0.0125109040,0
2022-03-18,IS,0.0000000000,0.9005192208,0.0171543041,0.0078218877,0
2022-03-21,IS,0.0000000000,0.9005192208,-0.0152571220,-0.0002924503,0
2022-03-22,IS,0.0000000000,0.9005192208,0.0092022444,0.0117014334,0
2022-03-23,IS,0.0000000000,0.9005192208,-0.0137315881,-0.0128784003,0
2022-03-24,IS,0.0000000000,0.9005192208,0.0106694341,0.0150743578,0
2022-03-25,IS,0.0000000000,0.9005192208,0.0020540215,0.0048835712,0
2022-03-28,IS,-0.0094984779,0.8919656589,-0.0031477671,0.0071130354,1
2022-03-29,IS,0.0039929177,0.8955272044,0.0176930624,0.0123708627,1
2022-03-30,IS,-0.0117287282,0.8850238092,-0.0150012255,-0.0061748456,1
2022-03-31,IS,0.0098910162,0.8937775940,-0.0044041802,-0.0153913233,1
2022-04-01,IS,0.0122646616,0.9047394738,0.0003454542,0.0028341157,1
2022-04-04,IS,0.0153957833,0.9186686467,0.0058996707,0.0085666343,1
2022-04-05,IS,0.0003937645,0.9190303858,-0.0220832800,-0.0126313485,1
2022-04-06,IS,-0.0029012246,0.9163640722,-0.0149024737,-0.0099993349,1
2022-04-07,IS,0.0086238890,0.9242666943,0.0005100085,0.0050389680,1
2022-04-08,IS,0.0025591554,0.9266320363,-0.0061659294,-0.0026739755,1
2022-04-11,IS,-0.0048324760,0.9221541093,-0.0123619546,-0.0170922984,1
2022-04-12,IS,0.0048510340,0.9266275103,0.0046307301,-0.0037052191,1
2022-04-13,IS,0.0031664845,0.9295616619,0.0161934894,0.0114536038,1
2022-04-14,IS,-0.0031889827,0.9265973058,0.0008342858,-0.0124517832,1
2022-04-18,IS,0.0063195258,0.9324529614,-0.0114536908,0.0004111560,1
2022-04-19,IS,-0.0039731862,0.9287481522,0.0183401719,0.0161426582,1
2022-04-20,IS,-0.0105114695,0.9189856443,0.0031099688,-0.0007415064,1
2022-04-21,IS,-0.0122401486,0.9077371235,-0.0202592504,-0.0149535652,1
2022-04-22,IS,0.0020990421,0.9096425019,-0.0271528512,-0.0274391636,1
2022-04-25,IS,-0.0008684742,0.9088525009,-0.0046627514,0.0057975777,1
2022-04-26,IS,-0.0146393179,0.8955475202,-0.0240697805,-0.0289608177,1
2022-04-27,IS,-0.0002290897,0.8953423595,-0.0044123105,0.0028118241,1
2022-04-28,IS,-0.0066389688,0.8893982095,0.0146840190,0.0252594244,1
2022-04-29,IS,-0.0699718949,0.8271653315,-0.0150473045,-0.0369556579,1
2022-05-02,IS,-0.0048517947,0.8231520952,-0.0071936859,0.0060194175,0
2022-05-03,IS,0.0000000000,0.8231520952,0.0042649539,0.0045840571,0
2022-05-04,IS,0.0000000000,0.8231520952,0.0207212394,0.0304529516,0
2022-05-05,IS,0.0000000000,0.8231520952,-0.0145639580,-0.0355428145,0
2022-05-06,IS,0.0000000000,0.8231520952,-0.0082288874,-0.0059689229,0
2022-05-09,IS,0.0000000000,0.8231520952,-0.0268505682,-0.0320173093,0
2022-05-10,IS,0.0000000000,0.8231520952,-0.0157702750,0.0023105709,0
2022-05-11,IS,0.0000000000,0.8231520952,-0.0147947172,-0.0158861410,0
2022-05-12,IS,0.0000000000,0.8231520952,0.0109855047,-0.0010439211,0
2022-05-13,IS,0.0000000000,0.8231520952,0.0296629839,0.0239078350,0
2022-05-16,IS,0.0000000000,0.8231520952,-0.0019232289,-0.0040575525,0
2022-05-17,IS,0.0000000000,0.8231520952,0.0339105343,0.0205703717,0
2022-05-18,IS,0.0000000000,0.8231520952,-0.0348380124,-0.0403115204,0
2022-05-19,IS,0.0000000000,0.8231520952,0.0076283837,-0.0061246363,0
2022-05-20,IS,0.0000000000,0.8231520952,-0.0007468437,0.0004365018,0
2022-05-23,IS,-0.0259210587,0.8018151214,0.0094629030,0.0187100583,1
2022-05-24,IS,-0.0132701946,0.7911748787,-0.0282139146,-0.0076337801,1
2022-05-25,IS,0.0280457060,0.8133639367,0.0204605907,0.0088349539,1
2022-05-26,IS,0.0038835151,0.8165226478,0.0124770811,0.0199813776,1
2022-05-27,IS,-0.0016325073,0.8151896687,0.0164016266,0.0245491106,1
2022-05-31,IS,-0.0039224934,0.8119920926,0.0001704960,-0.0056109425,0
2022-06-01,IS,0.0000000000,0.8119920926,-0.0176584061,-0.0080885380,0
2022-06-02,IS,0.0000000000,0.8119920926,0.0143153945,0.0190434337,0
2022-06-03,IS,0.0000000000,0.8119920926,-0.0121305340,-0.0164115096,0
2022-06-06,IS,0.0000000000,0.8119920926,-0.0045447662,0.0030447703,0
2022-06-07,IS,0.0000000000,0.8119920926,0.0054189730,0.0095922679,0
2022-06-08,IS,0.0000000000,0.8119920926,0.0010059832,-0.0108721797,0
2022-06-09,IS,0.0000000000,0.8119920926,-0.0162733800,-0.0237828899,0
2022-06-10,IS,0.0000000000,0.8119920926,-0.0218722894,-0.0289956158,0
2022-06-13,IS,0.0000000000,0.8119920926,-0.0460691085,-0.0379681888,0
2022-06-14,IS,0.0000000000,0.8119920926,0.0013063012,-0.0030133333,0
2022-06-15,IS,0.0000000000,0.8119920926,0.0089661271,0.0142562923,0
2022-06-16,IS,0.0000000000,0.8119920926,-0.0386282314,-0.0330959916,0
2022-06-17,IS,0.0000000000,0.8119920926,0.0095898730,-0.0021546434,0
2022-06-21,IS,0.0000000000,0.8119920926,0.0168897849,0.0251735637,0
2022-06-22,IS,0.0000000000,0.8119920926,-0.0045515819,-0.0018129949,0
2022-06-23,IS,0.0000000000,0.8119920926,-0.0000039487,0.0098026122,0
2022-06-24,IS,0.0000000000,0.8119920926,0.0209951692,0.0317938951,0
2022-06-27,IS,0.0001615431,0.8121232643,0.0074253003,-0.0038197293,1
2022-06-28,IS,-0.0059238273,0.8073123864,-0.0165157551,-0.0204328470,1
2022-06-29,IS,-0.0145927881,0.7955314478,-0.0177907972,-0.0008143964,1
2022-06-30,IS,0.0111123348,0.8043716595,-0.0079992980,-0.0081243098,1
2022-07-01,IS,0.0275414132,0.8265251917,0.0069474972,0.0105765408,1
2022-07-05,IS,-0.0014923280,0.8252917450,0.0063840404,0.0018885741,1
2022-07-06,IS,0.0048547267,0.8292983109,-0.0105619173,0.0033773170,1
2022-07-07,IS,0.0059792098,0.8342568594,0.0240676404,0.0149771689,1
2022-07-08,IS,0.0053607817,0.8387291284,0.0004301099,-0.0008226433,1
2022-07-11,IS,0.0184752852,0.8542248883,-0.0153722164,-0.0114235727,1
2022-07-12,IS,0.0110398139,0.8636553720,-0.0045818496,-0.0088488666,1
2022-07-13,IS,-0.0051732587,0.8591874594,-0.0011860428,-0.0052516871,1
2022-07-14,IS,-0.0111472920,0.8496098459,0.0009585982,-0.0024285299,1
2022-07-15,IS,0.0256376358,0.8713918337,0.0168004926,0.0191050779,1
2022-07-18,IS,0.0026310672,0.8736845242,0.0067518391,-0.0082569522,0
2022-07-19,IS,0.0000000000,0.8736845242,0.0283544806,0.0270192434,0
2022-07-20,IS,0.0000000000,0.8736845242,0.0173207504,0.0063731613,0
2022-07-21,IS,0.0000000000,0.8736845242,-0.0035920312,0.0101831446,0
2022-07-22,IS,0.0000000000,0.8736845242,-0.0101805318,-0.0092780662,0
2022-07-25,IS,0.0000000000,0.8736845242,0.0022434849,0.0012149131,0
2022-07-26,IS,0.0000000000,0.8736845242,-0.0076682736,-0.0118310286,0
2022-07-27,IS,0.0000000000,0.8736845242,0.0174937251,0.0259663844,0
2022-07-28,IS,0.0000000000,0.8736845242,-0.0062934099,0.0125423898,0
2022-07-29,IS,0.0000000000,0.8736845242,0.0103180147,0.0145787672,0
2022-08-01,IS,0.0000000000,0.8736845242,0.0041147423,-0.0029612369,0
2022-08-02,IS,0.0000000000,0.8736845242,-0.0082842501,-0.0065973659,0
2022-08-03,IS,0.0000000000,0.8736845242,0.0273455529,0.0156594618,0
2022-08-04,IS,0.0000000000,0.8736845242,-0.0017954897,-0.0006755942,0
2022-08-05,IS,0.0000000000,0.8736845242,0.0043618485,-0.0016901272,0
2022-08-08,IS,0.0000000000,0.8736845242,0.0089004471,-0.0011609065,0
2022-08-09,IS,0.0000000000,0.8736845242,-0.0261817615,-0.0039710405,0
2022-08-10,IS,0.0000000000,0.8736845242,0.0313659008,0.0210040112,0
2022-08-11,IS,0.0000000000,0.8736845242,-0.0042315823,0.0000000000,0
2022-08-12,IS,0.0000000000,0.8736845242,0.0157660247,0.0169289745,0
2022-08-15,IS,0.0000000000,0.8736845242,0.0023337415,0.0041208148,0
2022-08-16,IS,0.0000000000,0.8736845242,-0.0045015412,0.0019586812,0
2022-08-17,IS,0.0000000000,0.8736845242,-0.0133854035,-0.0070979753,0
2022-08-18,IS,0.0000000000,0.8736845242,0.0082020350,0.0029063635,0
2022-08-19,IS,0.0000000000,0.8736845242,-0.0209189927,-0.0134380331,0
2022-08-22,IS,0.0233297631,0.8940673772,-0.0136641498,-0.0208224760,1
2022-08-23,IS,0.0049434644,0.8984871675,-0.0039011009,-0.0024192573,1
2022-08-24,IS,-0.0070560667,0.8921473821,0.0001540025,0.0032011641,1
2022-08-25,IS,-0.0084252957,0.8846307766,0.0205941339,0.0141175333,1
2022-08-26,IS,-0.0040106806,0.8810828051,-0.0249637525,-0.0338490143,1
2022-08-29,IS,-0.0028685741,0.8785553538,-0.0109996569,-0.0066122227,1
2022-08-30,IS,-0.0247738298,0.8567901730,-0.0165030121,-0.0109778208,1
2022-08-31,IS,-0.0082178426,0.8497492062,-0.0080173763,-0.0076090505,1
2022-09-01,IS,0.0048270159,0.8538509591,-0.0106442463,0.0031378106,1
2022-09-02,IS,0.0020858699,0.8556319811,-0.0125612952,-0.0105443721,1
2022-09-06,IS,-0.0140128605,0.8436421295,-0.0111943129,-0.0037732001,1
2022-09-07,IS,-0.0115031242,0.8339376093,0.0207107212,0.0179649913,1
2022-09-08,IS,0.0019213419,0.8355398886,-0.0022910474,0.0065362763,1
2022-09-09,IS,0.0055510711,0.8401780299,0.0247387556,0.0155352415,1
2022-09-12,IS,0.0146749704,0.8525076177,0.0036474614,0.0107476636,1
2022-09-13,IS,0.0141308014,0.8645542335,-0.0337693511,-0.0434824926,1
2022-09-14,IS,-0.0077453159,0.8578579879,-0.0095942467,0.0038158229,1
2022-09-15,IS,-0.0014551359,0.8566096880,-0.0021055969,-0.0113532691,1
2022-09-16,IS,-0.0006428669,0.8560590020,-0.0020160886,-0.0116887112,1
2022-09-19,IS,0.0130215165,0.8672061885,-0.0089502173,0.0077549538,1
2022-09-20,IS,0.0051516053,0.8716736924,-0.0099581827,-0.0114785742,1
2022-09-21,IS,-0.0110946858,0.8620027467,-0.0135369559,-0.0174438283,1
2022-09-22,IS,-0.0103335013,0.8530952402,-0.0228880931,-0.0083997986,1
2022-09-23,IS,0.0113577844,0.8627845120,-0.0308347496,-0.0167548501,1
2022-09-26,IS,-0.0055695651,0.8579791775,-0.0212390362,-0.0098926485,0
2022-09-27,IS,0.0000000000,0.8579791775,0.0003435454,-0.0025527710,0
2022-09-28,IS,0.0000000000,0.8579791775,0.0252234940,0.0196763718,0
2022-09-29,IS,0.0000000000,0.8579791775,-0.0253453790,-0.0208889968,0
2022-09-30,IS,0.0000000000,0.8579791775,0.0007577755,-0.0154634913,0
2022-10-03,IS,0.0000000000,0.8579791775,0.0088058712,0.0264012543,0
2022-10-04,IS,0.0000000000,0.8579791775,0.0303524197,0.0309866070,0
2022-10-05,IS,0.0000000000,0.8579791775,-0.0117065908,-0.0023282271,0
2022-10-06,IS,0.0000000000,0.8579791775,-0.0027206261,-0.0103158397,0
2022-10-07,IS,0.0000000000,0.8579791775,-0.0370405700,-0.0278938907,0
2022-10-10,IS,0.0104699977,0.8669622176,-0.0046328410,-0.0076352711,1
2022-10-11,IS,-0.0069173615,0.8609651265,0.0002627376,-0.0063329815,1
2022-10-12,IS,-0.0131433399,0.8496491692,0.0008198691,-0.0032984849,1
2022-10-13,IS,-0.0022237178,0.8477597892,0.0199949454,0.0263910702,1
2022-10-14,IS,-0.0049661984,0.8435496459,-0.0168060469,-0.0227887532,1
2022-10-17,IS,-0.0014675958,0.8423116559,0.0182794052,0.0256969494,0
2022-10-18,IS,0.0000000000,0.8423116559,0.0088443292,0.0117496320,0
2022-10-19,IS,0.0000000000,0.8423116559,-0.0146942750,-0.0070864657,0
2022-10-20,IS,0.0000000000,0.8423116559,-0.0039347140,-0.0083853460,0
2022-10-21,IS,0.0000000000,0.8423116559,0.0158346002,0.0243014696,0
2022-10-24,IS,0.0000000000,0.8423116559,0.0000827647,0.0122365011,0
2022-10-25,IS,0.0000000000,0.8423116559,0.0268028086,0.0159685380,0
2022-10-26,IS,0.0000000000,0.8423116559,0.0101775915,-0.0075340330,0
2022-10-27,IS,0.0000000000,0.8423116559,0.0084712661,-0.0053400346,0
2022-10-28,IS,0.0000000000,0.8423116559,0.0243005442,0.0237907258,0
2022-10-31,IS,0.0000000000,0.8423116559,0.0095523060,-0.0072232790,0
2022-11-01,IS,0.0000000000,0.8423116559,0.0151054819,-0.0043758577,0
2022-11-02,IS,0.0000000000,0.8423116559,-0.0243272110,-0.0250962239,0
2022-11-03,IS,0.0000000000,0.8423116559,-0.0008598700,-0.0102969029,0
2022-11-04,IS,0.0000000000,0.8423116559,0.0168152580,0.0143931430,0
2022-11-07,IS,0.0000000000,0.8423116559,0.0102031120,0.0095655640,0
2022-11-08,IS,0.0000000000,0.8423116559,0.0016812713,0.0053954468,0
2022-11-09,IS,0.0000000000,0.8423116559,-0.0217112913,-0.0206020942,0
2022-11-10,IS,0.0000000000,0.8423116559,0.0524141830,0.0549541603,0
2022-11-11,IS,0.0000000000,0.8423116559,0.0133409685,0.0096784818,0
2022-11-14,IS,0.0000000000,0.8423116559,-0.0093219988,-0.0085066874,0
2022-11-15,IS,0.0000000000,0.8423116559,0.0086545987,0.0085290545,0
2022-11-16,IS,0.0000000000,0.8423116559,-0.0177669260,-0.0076287987,0
2022-11-17,IS,0.0000000000,0.8423116559,0.0022669036,-0.0030598053,0
2022-11-18,IS,0.0000000000,0.8423116559,-0.0018575598,0.0045403815,0
2022-11-21,IS,0.0000000000,0.8423116559,-0.0124570584,-0.0036360882,0
2022-11-22,IS,0.0000000000,0.8423116559,0.0029623491,0.0134570060,0
2022-11-23,IS,0.0000000000,0.8423116559,0.0055832277,0.0063015754,0
2022-11-25,IS,0.0000000000,0.8423116559,0.0059679406,-0.0002236469,0
2022-11-28,IS,0.0000000000,0.8423116559,-0.0278464833,-0.0159570502,0
2022-11-29,IS,0.0000000000,0.8423116559,0.0023104435,-0.0017175621,0
2022-11-30,IS,0.0000000000,0.8423116559,0.0164899391,0.0315006452,0
2022-12-01,IS,0.0000000000,0.8423116559,-0.0001386134,-0.0007358713,0
2022-12-02,IS,0.0000000000,0.8423116559,0.0071682613,-0.0011537140,0
2022-12-05,IS,0.0000000000,0.8423116559,-0.0192361076,-0.0179892359,0
2022-12-06,IS,0.0000000000,0.8423116559,-0.0084543022,-0.0144147751,0
2022-12-07,IS,0.0000000000,0.8423116559,0.0024380320,-0.0017012417,0
2022-12-08,IS,0.0000000000,0.8423116559,0.0084889110,0.0078339607,0
2022-12-09,IS,0.0000000000,0.8423116559,-0.0135495829,-0.0074702201,0
2022-12-12,IS,0.0000000000,0.8423116559,0.0019741754,0.0144172091,0
2022-12-13,IS,0.0000000000,0.8423116559,0.0053017048,0.0075698709,0
2022-12-14,IS,0.0000000000,0.8423116559,-0.0066006778,-0.0063935120,0
2022-12-15,IS,0.0000000000,0.8423116559,-0.0265252343,-0.0244616925,0
2022-12-16,IS,0.0000000000,0.8423116559,-0.0052782012,-0.0163231784,0
2022-12-19,IS,0.0000000000,0.8423116559,-0.0156682552,-0.0084796619,0
2022-12-20,IS,0.0000000000,0.8423116559,0.0053192056,0.0013683490,0
2022-12-21,IS,0.0000000000,0.8423116559,0.0093336882,0.0149524360,0
2022-12-22,IS,0.0000000000,0.8423116559,-0.0103094671,-0.0142661109,0
2022-12-23,IS,0.0000000000,0.8423116559,0.0047052942,0.0057522589,0
2022-12-27,IS,0.0034588679,0.8452251007,0.0016542857,-0.0039434854,1
2022-12-28,IS,0.0066292546,0.8508283130,-0.0120473557,-0.0124278972,1
2022-12-29,IS,0.0148289712,0.8634452216,0.0265727343,0.0180003186,1
2022-12-30,IS,0.0125173118,0.8742532347,0.0022647268,-0.0026340497,1
2023-01-03,IS,-0.0173754962,0.8590626509,-0.0002275169,-0.0042099208,1
2023-01-04,IS,-0.0052968448,0.8545123293,0.0172585384,0.0077201828,1
2023-01-05,IS,-0.0158967231,0.8409283835,-0.0054670951,-0.0114133834,1
2023-01-06,IS,0.0052490909,0.8453424930,0.0207203622,0.0229321525,1
2023-01-09,IS,-0.0174485793,0.8305924674,0.0037686625,-0.0005668934,1
2023-01-10,IS,-0.0046814980,0.8267040505,0.0157855220,0.0070128397,1
2023-01-11,IS,-0.0082178587,0.8199103134,0.0162551310,0.0126478570,1
2023-01-12,IS,-0.0022423550,0.8180717834,0.0152603285,0.0036407767,1
2023-01-13,IS,0.0234200306,0.8372310496,0.0052879601,0.0038794841,1
2023-01-17,IS,0.0086974275,0.8445128059,0.0030221973,-0.0018318695,1
2023-01-18,IS,0.0091847544,0.8522694486,-0.0222175962,-0.0157880182,1
2023-01-19,IS,0.0153923281,0.8653878597,-0.0060840511,-0.0072798794,1
2023-01-20,IS,0.0066831638,0.8711713885,0.0212652679,0.0186290655,1
2023-01-23,IS,0.0032765655,0.8740258386,0.0047670795,0.0119985854,1
2023-01-24,IS,0.0020846955,0.8758479162,-0.0093653583,-0.0010733095,1
2023-01-25,IS,0.0152604346,0.8892137361,0.0039220973,0.0003748126,1
2023-01-26,IS,-0.0106984182,0.8797005557,-0.0117726069,0.0109903834,1
2023-01-27,IS,-0.0059742419,0.8744450118,0.0121522971,0.0022977146,1
2023-01-30,IS,-0.0152724994,0.8610900509,-0.0055623319,-0.0125468349,1
2023-01-31,IS,0.0137801956,0.8729560403,0.0343738670,0.0147033126,1
2023-02-01,IS,-0.0020306528,0.8711833696,0.0206179211,0.0106278292,1
2023-02-02,IS,0.0069427157,0.8772317481,0.0191239279,0.0145569620,1
2023-02-03,IS,0.0033948846,0.8802098487,-0.0098979262,-0.0106291089,1
2023-02-06,IS,0.0186494869,0.8966253107,-0.0135268871,-0.0061113132,1
2023-02-07,IS,-0.0100159309,0.8876447736,0.0018039945,0.0130785936,1
2023-02-08,IS,0.0029877525,0.8902968364,-0.0127898673,-0.0109347528,1
2023-02-09,IS,-0.0009565668,0.8894452080,-0.0216593167,-0.0086691830,1
2023-02-10,IS,0.0220101572,0.9090220369,-0.0038638863,0.0023336363,1
2023-02-13,IS,-0.0033885783,0.9059417445,0.0069599355,0.0117390452,1
2023-02-14,IS,-0.0017683276,0.9043397427,-0.0054319802,-0.0004602379,1
2023-02-15,IS,0.0055852100,0.9093906701,0.0098013338,0.0032473827,1
2023-02-16,IS,-0.0097313071,0.9005411103,0.0211019419,-0.0137687811,1
2023-02-17,IS,0.0057061293,0.9056797143,0.0011417159,-0.0024982855,1
2023-02-21,IS,0.0011472199,0.9067187281,-0.0311460697,-0.0200608948,1
2023-02-22,IS,-0.0098131807,0.8978209334,0.0153789111,-0.0013781353,1
2023-02-23,IS,-0.0059335882,0.8924936337,0.0099267061,0.0053194159,1
2023-02-24,IS,-0.0103156306,0.8832869990,-0.0137448948,-0.0106823741,1
2023-02-27,IS,0.0196412740,0.9006358810,0.0029455908,0.0034058227,1
2023-02-28,IS,-0.0043573523,0.8967114932,0.0037150299,-0.0036959747,1
2023-03-01,IS,-0.0135842605,0.8845303306,0.0074783678,-0.0038358653,1
2023-03-02,IS,0.0035247406,0.8876480706,0.0013420631,0.0077772711,1
2023-03-03,IS,0.0051001509,0.8921752097,0.0133247796,0.0160378070,1
2023-03-06,IS,0.0123112663,0.9031590163,-0.0213125062,0.0006927435,1
2023-03-07,IS,-0.0121781173,0.8921602399,-0.0043949975,-0.0153287018,1
2023-03-08,IS,0.0154455321,0.9059401295,0.0013710329,0.0016320587,1
2023-03-09,IS,0.0056460474,0.9110551104,-0.0260368794,-0.0184498145,1
2023-03-10,IS,-0.0054057585,0.9061301666,-0.0303553874,-0.0144294616,1
2023-03-13,IS,-0.0125671781,0.8947426674,-0.0245959469,-0.0014252028,1
2023-03-14,IS,-0.0076197792,0.8879249258,0.0123542509,0.0165299979,1
2023-03-15,IS,-0.0065967254,0.8820675288,-0.0231932848,-0.0062543078,1
2023-03-16,IS,0.0060721463,0.8874235719,0.0175291161,0.0175452117,1
2023-03-17,IS,0.0066500825,0.8933250118,-0.0276962574,-0.0154502537,1
2023-03-20,IS,0.0012043864,0.8944009203,-0.0013365941,0.0096156312,1
2023-03-21,IS,0.0194160764,0.9117666769,0.0227979693,0.0131304922,1
2023-03-22,IS,-0.0005728983,0.9112443273,-0.0209985126,-0.0170464516,1
2023-03-23,IS,-0.0189977721,0.8939327152,-0.0032359007,0.0027033230,1
2023-03-24,IS,0.0015051453,0.8952782139,0.0062630058,0.0065620470,1
2023-03-27,IS,-0.0003226521,0.8949893505,0.0049403731,0.0018698673,1
2023-03-28,IS,0.0061380524,0.9004828420,-0.0026231176,-0.0022446972,1
2023-03-29,IS,0.0092440751,0.9088069730,0.0075905513,0.0145348837,1
2023-03-30,IS,0.0024240609,0.9110099764,0.0041541062,0.0058552386,1
2023-03-31,IS,0.0119353469,0.9218831965,0.0184166142,0.0140946247,1
2023-04-03,IS,-0.0013638539,0.9206258824,-0.0029538951,0.0038105474,1
2023-04-04,IS,0.0108150510,0.9305824984,-0.0148792580,-0.0055481202,1
2023-04-05,IS,0.0034311942,0.9337755076,-0.0114309755,-0.0026182494,1
2023-04-06,IS,-0.0074164619,0.9268501971,0.0115522164,0.0039008832,1
2023-04-10,IS,-0.0021445536,0.9248625172,0.0057199510,0.0010264180,1
2023-04-11,IS,0.0082448759,0.9324878939,0.0079681238,0.0002685481,1
2023-04-12,IS,0.0028354903,0.9351319542,-0.0105011199,-0.0040759543,1
2023-04-13,IS,0.0121490692,0.9464929371,0.0035533586,0.0132826859,1
2023-04-14,IS,0.0015858181,0.9479939027,-0.0082940633,-0.0024427407,1
2023-04-17,IS,0.0055164708,0.9532234834,0.0005338175,0.0035882267,1
2023-04-18,IS,0.0040547248,0.9570885423,-0.0132716757,0.0006522684,1
2023-04-19,IS,-0.0029817345,0.9542347583,-0.0002138045,-0.0001689964,1
2023-04-20,IS,0.0140964147,0.9676860472,-0.0013732902,-0.0054570918,1
2023-04-21,IS,-0.0093504223,0.9586377740,-0.0002582726,0.0007769253,1
2023-04-24,IS,-0.0109346627,0.9481553933,-0.0030433115,0.0010431829,1
2023-04-25,IS,0.0122850884,0.9598035661,-0.0284762092,-0.0158737852,1
2023-04-26,IS,0.0052838416,0.9648750160,-0.0072884574,-0.0042356186,1
2023-04-27,IS,-0.0004131165,0.9644764103,0.0108650128,0.0199080028,1
2023-04-28,IS,0.0007104287,0.9651616020,0.0128536268,0.0085351956,1
2023-05-01,IS,0.0032405897,0.9682892947,0.0030881425,-0.0010097853,1
2023-05-02,IS,-0.0034721038,0.9649272938,-0.0371432014,-0.0112392000,1
2023-05-03,IS,0.0286750502,0.9925966323,-0.0097639377,-0.0068639860,1
2023-05-04,IS,0.0055941538,0.9981493706,-0.0078955116,-0.0070829861,1
2023-05-05,IS,0.0290221939,1.0271178552,0.0248787532,0.0185125762,1
2023-05-08,IS,-0.0036887802,1.0233290431,-0.0080009175,0.0002665827,1
2023-05-09,IS,-0.0122844680,1.0107579902,0.0011052167,-0.0043853273,1
2023-05-10,IS,0.0075416464,1.0183807695,-0.0035693740,0.0046723286,1
2023-05-11,IS,-0.0026076202,1.0157252193,-0.0087984641,-0.0017439748,1
2023-05-12,IS,-0.0026074213,1.0130767958,-0.0126153442,-0.0013102662,1
2023-05-15,IS,-0.0212435399,0.9915554585,0.0019469562,0.0034500352,1
2023-05-16,IS,0.0085102609,0.9999938541,-0.0158614379,-0.0066826469,1
2023-05-17,IS,-0.0012022533,0.9987916082,0.0256907899,0.0121389397,1
2023-05-18,IS,0.0071775952,1.0059605300,0.0009443408,0.0096332153,1
2023-05-19,IS,0.0047590524,1.0107479489,-0.0096088208,-0.0014550485,1
2023-05-22,IS,-0.0225199626,0.9879859428,0.0094685682,0.0004060962,1
2023-05-23,IS,0.0318580451,1.0194612435,0.0010443912,-0.0112228086,1
2023-05-24,IS,0.0047311232,1.0242844402,-0.0121724100,-0.0072448019,1
2023-05-25,IS,-0.0253807014,0.9982873826,-0.0197855689,0.0086599042,1
2023-05-26,IS,-0.0268300498,0.9715032825,0.0090192154,0.0129506813,1
2023-05-30,IS,-0.0066361899,0.9650562023,-0.0098424654,0.0003809342,1
2023-05-31,IS,-0.0078911226,0.9574408255,-0.0055215710,-0.0055452425,1
2023-06-01,IS,0.0244743079,0.9808735271,0.0117107728,0.0095010171,1
2023-06-02,IS,0.0087396954,0.9894460630,0.0296178809,0.0144611446,1
2023-06-05,IS,-0.0180941869,0.9715428409,-0.0080063693,-0.0019162460,1
2023-06-06,IS,0.0147734829,0.9858959125,0.0284751538,0.0021774760,1
2023-06-07,IS,0.0352367864,1.0206357161,0.0215879454,-0.0034577016,1
2023-06-08,IS,-0.0162795364,1.0040202399,-0.0117273266,0.0060485289,1
2023-06-09,IS,-0.0156133623,0.9883441082,-0.0190258482,0.0017943281,1
2023-06-12,IS,-0.0218487426,0.9667500321,0.0111746916,0.0090718772,1
2023-06-13,IS,-0.0118184963,0.9553245004,0.0160078057,0.0065929000,1
2023-06-14,IS,-0.0049984989,0.9505493120,-0.0143120274,0.0011908579,1
2023-06-15,IS,0.0002890347,0.9508240538,0.0047193825,0.0123976394,1
2023-06-16,IS,-0.0000148143,0.9508099679,-0.0009550819,-0.0070944419,1
2023-06-20,IS,-0.0037409338,0.9472530508,-0.0029970531,-0.0051881855,1
2023-06-21,IS,0.0096330725,0.9563780082,0.0031385628,-0.0051237477,1
2023-06-22,IS,-0.0090385611,0.9477337271,-0.0037575530,0.0036096933,1
2023-06-23,IS,-0.0026467428,0.9452253196,-0.0163910995,-0.0075599643,1
2023-06-26,IS,0.0093482793,0.9540615499,0.0033515243,-0.0040857783,1
2023-06-27,IS,0.0034720246,0.9573740751,0.0061501585,0.0109632857,1
2023-06-28,IS,0.0035541026,0.9607766807,0.0004210088,0.0005043905,1
2023-06-29,IS,-0.0043861696,0.9565625513,0.0094024136,0.0039414285,1
2023-06-30,IS,0.0005667884,0.9571047198,0.0040118082,0.0118006893,1
2023-07-03,IS,0.0049096427,0.9618037621,0.0144003666,0.0011505143,1
2023-07-05,IS,0.0170537476,0.9782061206,-0.0160515415,-0.0014871899,1
2023-07-06,IS,0.0007666579,0.9789560700,-0.0133200268,-0.0078306592,1
2023-07-07,IS,-0.0154313892,0.9638494179,0.0200582659,-0.0025246782,1
2023-07-10,IS,-0.0142986978,0.9500676264,0.0021048211,0.0025310683,1
2023-07-11,IS,-0.0022879613,0.9478939084,0.0119604807,0.0063685575,1
2023-07-12,IS,-0.0047212606,0.9434186543,0.0109815809,0.0080459251,1
2023-07-13,IS,0.0016724502,0.9449964750,-0.0020454029,0.0079368638,1
2023-07-14,IS,0.0109642646,0.9553576665,-0.0095440140,-0.0006228312,1
2023-07-17,IS,-0.0181744699,0.9379945473,0.0045151643,0.0034722222,1
2023-07-18,IS,0.0110247477,0.9483357005,0.0108275932,0.0074305740,1
2023-07-19,IS,0.0077287219,0.9556651235,0.0109920527,0.0022237390,1
2023-07-20,IS,-0.0007142262,0.9549825624,-0.0138650476,-0.0066344464,1
2023-07-21,IS,-0.0048660191,0.9503355991,-0.0052489148,0.0000000000,1
2023-07-24,IS,-0.0180833098,0.9331503860,0.0106840787,0.0044672476,1
2023-07-25,IS,0.0013066623,0.9343696984,0.0018181888,0.0027300749,1
2023-07-26,IS,-0.0059453863,0.9288145096,0.0077944562,0.0001536975,1
2023-07-27,IS,0.0176546265,0.9452123829,-0.0171055147,-0.0066299313,1
2023-07-28,IS,0.0219457246,0.9659557535,0.0072818906,0.0097902716,1
2023-07-31,IS,0.0006992178,0.9666311669,0.0111076058,0.0019040532,1
2023-08-01,IS,0.0061734237,0.9725985907,-0.0001013912,-0.0028615741,1
2023-08-02,IS,-0.0009511773,0.9716734770,-0.0031541804,-0.0139107957,1
2023-08-03,IS,-0.0016046504,0.9701142807,0.0156851005,-0.0028658388,1
2023-08-04,IS,0.0243732597,0.9937591280,0.0049705405,-0.0045227698,1
2023-08-07,IS,0.0130056626,1.0066836240,-0.0058720799,0.0087285423,1
2023-08-08,IS,0.0189409953,1.0257512138,-0.0040230499,-0.0043486943,1
2023-08-09,IS,0.0042492019,1.0301098378,0.0123755078,-0.0066852368,1
2023-08-10,IS,0.0096900507,1.0400916543,-0.0045142831,0.0003589456,1
2023-08-11,IS,-0.0139851053,1.0255458631,0.0121305939,-0.0005830773,1
2023-08-14,IS,-0.0115269832,1.0137244131,-0.0030870138,0.0055200269,0
2023-08-15,IS,0.0000000000,1.0137244131,-0.0147005107,-0.0116489255,0
2023-08-16,IS,0.0000000000,1.0137244131,-0.0115723997,-0.0073381652,0
2023-08-17,IS,0.0000000000,1.0137244131,-0.0001780719,-0.0076198708,0
2023-08-18,IS,0.0000000000,1.0137244131,0.0128811005,0.0004813312,0
2023-08-21,IS,-0.0043306910,1.0093342860,-0.0097575636,0.0065063001,1
2023-08-22,IS,-0.0148717815,0.9943236870,0.0003357243,-0.0027086084,1
2023-08-23,IS,0.0029840713,0.9972908198,0.0082410340,0.0111377382,1
2023-08-24,IS,0.0086724018,1.0059397264,-0.0156161512,-0.0138591066,1
2023-08-25,IS,-0.0058793261,1.0000254787,-0.0028381268,0.0070498295,1
2023-08-28,IS,-0.0085608296,0.9914644310,0.0099932827,0.0063413415,1
2023-08-29,IS,0.0144389216,1.0057801081,0.0090454254,0.0144547836,1
2023-08-30,IS,-0.0020452536,1.0037230328,0.0063654868,0.0041187995,1
2023-08-31,IS,0.0161338317,1.0199169312,-0.0015136545,-0.0014633822,1
2023-09-01,IS,0.0036004427,1.0235890837,0.0060826371,0.0018652159,1
2023-09-05,IS,0.0019365668,1.0255713323,-0.0144932150,-0.0043219043,1
2023-09-06,IS,0.0006841672,1.0262729946,-0.0033392245,-0.0067224646,1
2023-09-07,IS,-0.0062619325,1.0198465423,-0.0105066704,-0.0030702344,1
2023-09-08,IS,0.0159077094,1.0360699647,-0.0038639416,0.0015061257,1
2023-09-11,IS,0.0046001893,1.0408360827,0.0034130871,0.0065765847,1
2023-09-12,IS,-0.0113370015,1.0290361225,-0.0028460757,-0.0054855614,1
2023-09-13,IS,-0.0088271798,1.0199526356,-0.0068834072,0.0011659454,1
2023-09-14,IS,0.0140902144,1.0343239869,0.0199435526,0.0086224273,1
2023-09-15,IS,-0.0179184184,1.0157905369,-0.0135450400,-0.0155209166,1
2023-09-18,IS,0.0014381174,1.0172513630,-0.0142473693,0.0005864177,1
2023-09-19,IS,-0.0122865052,1.0047528989,-0.0003985581,-0.0020738002,1
2023-09-20,IS,-0.0052074650,0.9995206834,0.0008503431,-0.0091933772,1
2023-09-21,IS,0.0038069554,1.0033258141,-0.0075141094,-0.0165283604,1
2023-09-22,IS,0.0114814773,1.0148454766,-0.0042862912,-0.0022485454,1
2023-09-25,IS,-0.0182634840,0.9963108625,0.0029495113,0.0042051949,1
2023-09-26,IS,-0.0029761804,0.9933456617,-0.0071731366,-0.0146912523,1
2023-09-27,IS,-0.0033055342,0.9900621237,0.0011820291,0.0003991735,1
2023-09-28,IS,0.0018974923,0.9919407590,0.0026617998,0.0057974416,1
2023-09-29,IS,0.0042650062,0.9961713924,0.0073975756,-0.0024269579,1
2023-10-02,IS,-0.0127066410,0.9835134002,-0.0154570762,-0.0003976794,1
2023-10-03,IS,-0.0046874799,0.9789032009,-0.0138274735,-0.0133860663,1
2023-10-04,IS,-0.0029585754,0.9760070419,-0.0019625252,0.0072819564,1
2023-10-05,IS,0.0070252378,0.9828637235,-0.0045297106,-0.0003767720,1
2023-10-06,IS,-0.0071655331,0.9758209810,0.0035529611,0.0118727915,1
2023-10-09,IS,0.0097827766,0.9853672197,-0.0012439022,0.0064021977,1
2023-10-10,IS,0.0055321799,0.9908184484,0.0142859817,0.0052048393,1
2023-10-11,IS,-0.0069819133,0.9839006399,-0.0113206543,0.0040962857,1
2023-10-12,IS,-0.0057942660,0.9781996579,-0.0196742106,-0.0060964430,1
2023-10-13,IS,-0.0030351433,0.9752306818,-0.0066665692,-0.0049808606,1
2023-10-16,IS,-0.0055232701,0.9698442194,0.0129611644,0.0105214368,1
2023-10-17,IS,0.0012685454,0.9710745108,0.0154442027,-0.0000458674,1
2023-10-18,IS,0.0057389881,0.9766474958,-0.0193349693,-0.0133250768,1
2023-10-19,IS,-0.0019814412,0.9747123263,-0.0114624751,-0.0087864066,1
2023-10-20,IS,-0.0060969468,0.9687695571,-0.0094252786,-0.0122880660,1
2023-10-23,IS,-0.0131025228,0.9560762320,-0.0133790222,-0.0017331845,1
2023-10-24,IS,-0.0130490348,0.9436003599,0.0068151801,0.0075393617,1
2023-10-25,IS,-0.0104459257,0.9337435806,-0.0123490844,-0.0143521469,1
2023-10-26,IS,0.0057718626,0.9391330203,-0.0052133572,-0.0119746138,1
2023-10-27,IS,-0.0008308086,0.9383527805,-0.0130560265,-0.0045327839,1
2023-10-30,IS,0.0043748338,0.9424579179,0.0047470336,0.0119557807,1
2023-10-31,IS,0.0137403137,0.9554075853,0.0073788505,0.0062802281,1
2023-11-01,IS,-0.0055549759,0.9501003192,-0.0078472341,0.0106647537,1
2023-11-02,IS,0.0667931583,1.0135605202,0.0353385407,0.0191643401,1
2023-11-03,IS,-0.0082169853,1.0052321082,0.0150767936,0.0091234098,1
2023-11-06,IS,0.0124023157,1.0176993142,-0.0098279638,0.0023004900,1
2023-11-07,IS,-0.0233045692,0.9939822701,0.0004449654,0.0028460603,1
2023-11-08,IS,-0.0122652692,0.9817908099,-0.0021979866,0.0007323828,1
2023-11-09,IS,-0.0135217174,0.9685153121,-0.0147402084,-0.0077987421,1
2023-11-10,IS,-0.0020235380,0.9665554845,0.0018744147,0.0156048313,1
2023-11-13,IS,-0.0098446351,0.9570400984,-0.0031885524,-0.0009532239,1
2023-11-14,IS,-0.0031421953,0.9540328915,0.0524280429,0.0194007133,1
2023-11-15,IS,-0.0005455132,0.9535124539,0.0172070277,0.0021170860,1
2023-11-16,IS,0.0037501877,0.9570883046,-0.0107104307,0.0012230920,1
2023-11-17,IS,-0.0004753670,0.9566333364,0.0104809891,0.0012438087,1
2023-11-20,IS,-0.0005735765,0.9560846340,0.0062944544,0.0076975976,1
2023-11-21,IS,0.0060958118,0.9619127460,-0.0126887869,-0.0021793686,1
2023-11-22,IS,0.0010846668,0.9629561008,0.0114900568,0.0038608335,1
2023-11-24,IS,-0.0038769348,0.9592227828,0.0086557661,0.0006153576,1
2023-11-27,IS,0.0078371755,0.9667403801,-0.0152955686,-0.0018010103,1
2023-11-28,IS,-0.0013420748,0.9654429422,-0.0067284272,0.0009901426,1
2023-11-29,IS,0.0133802858,0.9783608447,0.0036574301,-0.0007034049,1
2023-11-30,IS,0.0032627843,0.9815530251,-0.0027350428,0.0039374409,1
2023-12-01,IS,0.0103573913,0.9917193538,0.0305973703,0.0059158633,1
2023-12-04,IS,0.0274872578,1.0189789994,0.0043563067,-0.0052494010,1
2023-12-05,IS,0.0068497360,1.0259587365,-0.0170793259,-0.0001970702,1
2023-12-06,IS,-0.0189904362,1.0064753325,-0.0010765305,-0.0040297854,1
2023-12-07,IS,-0.0054921465,1.0009476226,0.0104865474,0.0076303985,1
2023-12-08,IS,0.0060180574,1.0069713828,0.0012036540,0.0042991511,1
2023-12-11,IS,-0.0008267482,1.0061388710,-0.0083478260,0.0038896132,1
2023-12-12,IS,0.0092758996,1.0154717142,-0.0071603916,0.0045671984,1
2023-12-13,IS,-0.0195067717,0.9956631392,0.0321614891,0.0137901314,1
2023-12-14,IS,0.0013354783,0.9969928258,0.0198123153,0.0032093518,1
2023-12-15,IS,-0.0161048559,0.9809363999,-0.0004956568,-0.0056778458,1
2023-12-18,IS,-0.0009740061,0.9799809619,0.0024854953,0.0056250400,1
2023-12-19,IS,-0.0183395841,0.9620085186,0.0135395563,0.0060808950,1
2023-12-20,IS,0.0102510899,0.9718701545,-0.0072334894,-0.0138572993,1
2023-12-21,IS,-0.0125211400,0.9597012322,0.0173913492,0.0094819118,1
2023-12-22,IS,-0.0068794452,0.9530990202,0.0136905770,0.0020097313,1
2023-12-26,IS,-0.0022369842,0.9509669528,0.0121074807,0.0042225272,1
2023-12-27,IS,0.0007279655,0.9516592240,-0.0056086135,0.0018080521,1
2023-12-28,IS,0.0021183327,0.9536751548,-0.0023359025,0.0003777465,1
2023-12-29,IS,0.0019262830,0.9555122030,-0.0118058206,-0.0028949632,1
2024-01-02,OOS,-0.0159049349,0.9403148436,0.0020351754,-0.0055963476,1
2024-01-03,OOS,0.0167711097,0.9560849671,-0.0135592564,-0.0081667196,1
2024-01-04,OOS,0.0071324015,0.9629041489,-0.0039122042,-0.0032210585,1
2024-01-05,OOS,0.0039927186,0.9667487543,-0.0010824286,0.0013696285,1
2024-01-08,OOS,0.0095315648,0.9759633827,0.0074408031,0.0142759446,1
2024-01-09,OOS,0.0034531836,0.9793335634,-0.0116048341,-0.0015170670,1
2024-01-10,OOS,0.0014701896,0.9807733695,0.0023779882,0.0056554402,1
2024-01-11,OOS,-0.0050584034,0.9758122221,-0.0083752031,-0.0004406580,1
2024-01-12,OOS,-0.0042701150,0.9716453917,0.0019842193,0.0006927679,1
2024-01-16,OOS,0.0063283201,0.9777942747,-0.0121844583,-0.0036712260,1
2024-01-17,OOS,0.0237502176,1.0010171015,-0.0066937766,-0.0055587139,1
2024-01-18,OOS,0.0078661138,1.0088912160,-0.0008607194,0.0088928413,1
2024-01-19,OOS,-0.0202146633,0.9884968197,0.0036174570,0.0124661588,1
2024-01-22,OOS,-0.0098119105,0.9787977774,0.0152181182,0.0021142964,1
2024-01-23,OOS,0.0115283133,0.9900816648,-0.0046553700,0.0029165374,1
2024-01-24,OOS,0.0093480129,0.9993369610,-0.0034055937,0.0010930990,1
2024-01-25,OOS,-0.0009770261,0.9983605827,0.0173796465,0.0054389254,1
2024-01-26,OOS,-0.0076901729,0.9906830172,0.0005408735,-0.0012704137,1
2024-01-29,OOS,-0.0239785851,0.9669278402,0.0117121110,0.0079194108,1
2024-01-30,OOS,0.0073086939,0.9739948198,-0.0076722946,-0.0007735054,1
2024-01-31,OOS,-0.0002518821,0.9737494880,-0.0277799140,-0.0163173012,1
2024-02-01,OOS,-0.0027034326,0.9711170219,0.0137493786,0.0130881378,1
2024-02-02,OOS,0.0050147079,0.9759868901,-0.0105213299,0.0105273917,1
2024-02-05,OOS,0.0032188687,0.9791284638,-0.0067938890,-0.0036411449,1
2024-02-06,OOS,0.0002201811,0.9793440493,0.0169076833,0.0029032586,1
2024-02-07,OOS,-0.0020188483,0.9773669023,-0.0094503798,0.0083404186,1
2024-02-08,OOS,0.0087888505,0.9859568339,0.0102139004,0.0004416784,1
2024-02-09,OOS,-0.0201429108,0.9660967933,0.0124217420,0.0057794188,1
2024-02-12,OOS,-0.0000631248,0.9660358087,0.0191503292,-0.0004389465,1
2024-02-13,OOS,0.0031051340,0.9690354793,-0.0396458885,-0.0137730049,1
2024-02-14,OOS,-0.0164201138,0.9531238064,0.0190840149,0.0090875972,1
2024-02-15,OOS,0.0028023840,0.9557948253,0.0235502051,0.0068997332,1
2024-02-16,OOS,-0.0044342922,0.9515565518,-0.0109243150,-0.0049799805,1
2024-02-20,OOS,-0.0023871781,0.9492850168,-0.0153371335,-0.0055053953,1
2024-02-21,OOS,-0.0025197773,0.9468930300,-0.0198314350,0.0009058700,1
2024-02-22,OOS,-0.0269123075,0.9214099536,-0.0046888806,0.0206954808,1
2024-02-23,OOS,0.0152007932,0.9354161157,0.0003830128,0.0006896552,1
2024-02-26,OOS,0.0006262129,0.9360018854,0.0057467873,-0.0036624988,1
2024-02-27,OOS,-0.0141473563,0.9227599333,0.0189880303,0.0018577442,1
2024-02-28,OOS,-0.0115053013,0.9121433022,-0.0052693708,-0.0013216815,1
2024-02-29,OOS,-0.0026170881,0.9097561428,0.0011074754,0.0035949907,1
2024-03-01,OOS,0.0000658417,0.9098160427,-0.0005600160,0.0093882853,1
2024-03-04,OOS,0.0118982742,0.9206412835,-0.0124931472,-0.0010724383,1
2024-03-05,OOS,0.0115811909,0.9313034059,-0.0065604077,-0.0099941441,1
2024-03-06,OOS,-0.0011744175,0.9302096669,0.0005851188,0.0050672345,1
2024-03-07,OOS,0.0051758600,0.9350243019,-0.0031451100,0.0099264345,1
2024-03-08,OOS,0.0055689991,0.9402314515,0.0045866553,-0.0060022144,1
2024-03-11,OOS,-0.0054165789,0.9351386136,0.0024464548,-0.0008598452,1
2024-03-12,OOS,-0.0139648325,0.9220795595,0.0007478780,0.0107573150,1
2024-03-13,OOS,-0.0217778378,0.9019986604,0.0020768519,-0.0015673981,1
2024-03-14,OOS,0.0023895611,0.9041540413,-0.0126887232,-0.0019768591,1
2024-03-15,OOS,0.0060974946,0.9096671156,0.0085627442,-0.0099427129,1
2024-03-18,OOS,0.0347918438,0.9413161118,0.0066025969,0.0059431575,1
2024-03-19,OOS,0.0145740228,0.9550348743,0.0130023341,0.0055570721,1
2024-03-20,OOS,-0.0154495774,0.9402799891,0.0295403010,0.0092493843,1
2024-03-21,OOS,-0.0405523885,0.9021493897,0.0090107435,0.0033046419,1
2024-03-22,OOS,-0.0103906017,0.8927755147,-0.0040307903,-0.0018958254,1
2024-03-25,OOS,-0.0031019274,0.8900061898,0.0028002005,-0.0027628019,1
2024-03-26,OOS,-0.0225240533,0.8699596429,-0.0001557706,-0.0018469708,1
2024-03-27,OOS,-0.0000406166,0.8699243081,0.0130460181,0.0084038473,1
2024-03-28,OOS,-0.0175689019,0.8546406933,0.0049066621,-0.0001911425,1
2024-04-01,OOS,0.0111867996,0.8642013875,-0.0036607576,-0.0017397289,1
2024-04-02,OOS,0.0022844056,0.8661755740,-0.0149138281,-0.0063582044,1
2024-04-03,OOS,0.0134837741,0.8778548898,0.0074092322,0.0010986046,1
2024-04-04,OOS,0.0136274616,0.8898178236,-0.0044757532,-0.0122061570,1
2024-04-05,OOS,-0.0087497675,0.8820321245,-0.0036616156,0.0104469176,1
2024-04-08,OOS,-0.0099837494,0.8732261368,0.0015270386,0.0005593812,1
2024-04-09,OOS,0.0081926999,0.8803802164,0.0028774119,0.0011566934,1
2024-04-10,OOS,-0.0091545292,0.8723207500,-0.0191584737,-0.0100130940,1
2024-04-11,OOS,-0.0105730400,0.8630976679,0.0007523578,0.0075468762,1
2024-04-12,OOS,-0.0292256490,0.8378730784,-0.0186513797,-0.0138030888,1
2024-04-15,OOS,-0.0055592902,0.8332150988,-0.0088600122,-0.0125281394,1
2024-04-16,OOS,0.0045987827,0.8370468739,-0.0104714357,-0.0018237685,1
2024-04-17,OOS,0.0025640103,0.8391930707,-0.0092785368,-0.0059182174,1
2024-04-18,OOS,-0.0155944488,0.8261063173,0.0029089839,-0.0020577365,1
2024-04-19,OOS,-0.0077380176,0.8197138921,0.0111789816,-0.0087283792,1
2024-04-22,OOS,-0.0153268087,0.8071502941,-0.0098094344,0.0092091445,1
2024-04-23,OOS,-0.0147836935,0.7952176316,0.0219194750,0.0118666453,1
2024-04-24,OOS,0.0070141625,0.8007954173,-0.0005009264,-0.0004746366,1
2024-04-25,OOS,-0.0097809312,0.7929628924,-0.0052068849,-0.0037988959,1
2024-04-26,OOS,0.0094794224,0.8004797226,0.0116625466,0.0094738724,1
2024-04-29,OOS,0.0427960424,0.8347370867,0.0060951240,0.0035414945,1
2024-04-30,OOS,-0.0147104112,0.8224577610,-0.0010539358,-0.0158412736,1
2024-05-01,OOS,-0.0035883984,0.8195064548,-0.0035181135,-0.0032471413,1
2024-05-02,OOS,0.0149198839,0.8317333960,0.0121530375,0.0093534526,1
2024-05-03,OOS,-0.0469064363,0.7927197465,0.0012039911,0.0123953032,1
2024-05-06,OOS,-0.0269927886,0.7713220300,0.0039700947,0.0103268204,1
2024-05-07,OOS,-0.0037365022,0.7684399835,-0.0086308697,0.0011034323,1
2024-05-08,OOS,0.0041439939,0.7716243941,-0.0016745663,0.0000966856,1
2024-05-09,OOS,0.0161421620,0.7840800801,-0.0094080717,0.0057619057,1
2024-05-10,OOS,0.0058399396,0.7886590604,-0.0142878053,0.0012880404,1
2024-05-13,OOS,0.0015607113,0.7898899296,0.0090183286,0.0001343983,1
2024-05-14,OOS,0.0070726340,0.7954765319,0.0171695905,0.0045881246,1
2024-05-15,OOS,-0.0270516890,0.7739575482,0.0135161356,0.0123829543,1
2024-05-16,OOS,-0.0104309371,0.7658844456,0.0033375171,-0.0020574578,1
2024-05-17,OOS,-0.0157393591,0.7538299153,-0.0133973804,0.0014375154,1
2024-05-20,OOS,-0.0184271202,0.7399390008,-0.0010597054,0.0011521390,1
2024-05-21,OOS,-0.0082354271,0.7338452871,0.0001014735,0.0024525525,1
2024-05-22,OOS,0.0052884757,0.7377262101,-0.0002489905,-0.0028794038,1
2024-05-23,OOS,0.0032030200,0.7400891619,-0.0150969228,-0.0073042297,1
2024-05-24,OOS,-0.0111524772,0.7318353343,0.0056422377,0.0066164727,1
2024-05-28,OOS,-0.0188285284,0.7180559519,-0.0026336100,0.0006988516,1
2024-05-29,OOS,-0.0037476826,0.7153649061,-0.0082038999,-0.0070025103,1
2024-05-30,OOS,-0.0022663112,0.7137436666,0.0086209671,-0.0066337198,1
2024-05-31,OOS,0.0050326809,0.7173357107,0.0024370517,0.0091081303,1
2024-06-03,OOS,0.0046229856,0.7206519434,-0.0030014767,0.0008153668,1
2024-06-04,OOS,0.0063410675,0.7252216460,-0.0111832938,0.0011178477,1
2024-06-05,OOS,-0.0177542489,0.7123458804,0.0094038643,0.0118851606,1
2024-06-06,OOS,0.0015145531,0.7134247661,0.0032085981,-0.0000187031,1
2024-06-07,OOS,-0.0076164124,0.7079910288,0.0020562989,-0.0012157259,1
2024-06-10,OOS,-0.0111957842,0.7000645141,-0.0032638552,0.0030898298,1
2024-06-11,OOS,0.0034475965,0.7024780540,-0.0037553429,0.0024082440,1
2024-06-12,OOS,0.0006753627,0.7029524815,0.0064342472,0.0082130552,1
2024-06-13,OOS,0.0348382424,0.7274421105,-0.0170920498,0.0020134476,1
2024-06-14,OOS,-0.0036101368,0.7248159449,-0.0109902162,0.0006083510,1
2024-06-17,OOS,-0.0111101168,0.7167631551,0.0040543667,0.0079590258,1
2024-06-18,OOS,0.0071071183,0.7218572756,-0.0052940972,0.0025406690,1
2024-06-20,OOS,0.0352059205,0.7472709255,-0.0063926862,-0.0027165491,1
2024-06-21,OOS,-0.0109027909,0.7391235868,0.0012968354,-0.0045521024,1
2024-06-24,OOS,-0.0010039002,0.7383815805,-0.0024101944,-0.0032506290,1
2024-06-25,OOS,-0.0219458839,0.7221771441,-0.0119227735,0.0038508310,1
2024-06-26,OOS,0.0023274603,0.7238579827,0.0100721024,0.0012480957,1
2024-06-27,OOS,0.0035317195,0.7264144460,0.0055904146,0.0015765064,1
2024-06-28,OOS,0.0159693392,0.7380148047,0.0090253646,-0.0039350623,1
2024-07-01,OOS,0.0072561325,0.7433699379,-0.0146910813,0.0020579913,1
2024-07-02,OOS,-0.0182248441,0.7298221367,0.0012957159,0.0067297466,1
2024-07-03,OOS,0.0057666622,0.7340307744,-0.0020012208,0.0044625781,1
2024-07-05,OOS,0.0050896889,0.7377667627,-0.0126203723,0.0057665107,1
2024-07-08,OOS,0.0032715273,0.7401803869,0.0082384295,0.0011539016,1
2024-07-09,OOS,-0.0026722187,0.7382024630,-0.0042571037,0.0009724824,1
2024-07-10,OOS,-0.0055036406,0.7341396620,0.0076111886,0.0098952898,1
2024-07-11,OOS,-0.0007565906,0.7335842188,0.0362723472,-0.0086225326,1
2024-07-12,OOS,0.0042620377,0.7367107824,0.0033155380,0.0063075043,1
2024-07-15,OOS,-0.0268816709,0.7169067656,0.0156496202,0.0027500491,1
2024-07-16,OOS,-0.0220297725,0.7011134727,0.0334581668,0.0059302263,1
2024-07-17,OOS,-0.0031912236,0.6988760628,0.0034309850,-0.0140211734,1
2024-07-18,OOS,0.0023572237,0.7005234700,-0.0163788034,-0.0076848494,1
2024-07-19,OOS,0.0043806736,0.7035922347,-0.0079176971,-0.0066406109,1
2024-07-22,OOS,-0.0178741605,0.6910161141,0.0266854377,0.0103098417,1
2024-07-23,OOS,-0.0053325104,0.6873312635,0.0125313855,-0.0015685567,1
2024-07-24,OOS,-0.0190978041,0.6742047457,-0.0102642303,-0.0226624291,1
2024-07-25,OOS,0.0212622388,0.6885398480,0.0202240207,-0.0052103542,1
2024-07-26,OOS,-0.0052889834,0.6848981721,0.0107651267,0.0111996434,1
2024-07-29,OOS,0.0072660538,0.6898746791,-0.0114443382,0.0005877599,1
2024-07-30,OOS,0.0073343043,0.6949344300,0.0063343388,-0.0050664513,1
2024-07-31,OOS,-0.0237679734,0.6784172469,-0.0051001216,0.0162546125,1
2024-08-01,OOS,0.0072439220,0.6833316485,-0.0300441178,-0.0141609629,1
2024-08-02,OOS,0.0183726214,0.6958862422,-0.0291555178,-0.0186184416,1
2024-08-05,OOS,0.0120195581,0.7042504872,-0.0361870300,-0.0291236630,1
2024-08-06,OOS,-0.0271883688,0.6851030653,0.0125634101,0.0092195292,1
2024-08-07,OOS,-0.0082975875,0.6794183626,-0.0121096186,-0.0066839031,1
2024-08-08,OOS,-0.0032688315,0.6771974585,0.0212891560,0.0231172637,1
2024-08-09,OOS,0.0102603427,0.6841457365,-0.0087060129,0.0044096862,1
2024-08-12,OOS,-0.0144399383,0.6742667143,-0.0026568621,0.0005253382,1
2024-08-13,OOS,0.0105862287,0.6814046560,0.0324752216,0.0164457029,1
2024-08-14,OOS,-0.0022284485,0.6798861808,-0.0102348936,0.0031547487,1
2024-08-15,OOS,-0.0114780380,0.6720824213,0.0252977615,0.0171402299,1
2024-08-16,OOS,0.0023467458,0.6736596279,0.0100361472,0.0022420308,1
2024-08-19,OOS,-0.0089613094,0.6676227556,0.0097302487,0.0095614367,1
2024-08-20,OOS,-0.0074786652,0.6626298285,-0.0123411020,-0.0016261325,1
2024-08-21,OOS,0.0054709688,0.6662550556,0.0093988854,0.0034365491,1
2024-08-22,OOS,-0.0101108949,0.6595186208,-0.0126196425,-0.0078484535,1
2024-08-23,OOS,-0.0047064685,0.6564146172,0.0302042927,0.0106252922,1
2024-08-26,OOS,-0.0042514251,0.6536239196,0.0032872018,-0.0023837902,1
2024-08-27,OOS,-0.0149951230,0.6438227485,-0.0030960476,0.0013730630,1
2024-08-28,OOS,-0.0029883514,0.6418987799,-0.0075337241,-0.0058052568,1
2024-08-29,OOS,-0.0096784876,0.6356861706,0.0052293158,0.0000895576,1
2024-08-30,OOS,0.0172697486,0.6466643110,0.0043440246,0.0095459837,1
2024-09-03,OOS,0.0081830745,0.6519560132,-0.0248150263,-0.0205790519,1
2024-09-04,OOS,-0.0414653995,0.6249223967,-0.0120504646,-0.0020468048,1
2024-09-05,OOS,0.0011113782,0.6256169218,-0.0064066930,-0.0024321626,1
2024-09-06,OOS,0.0098752787,0.6317950633,-0.0161576381,-0.0168301159,1
2024-09-09,OOS,0.0043597363,0.6345495231,-0.0002188450,0.0111962395,1
2024-09-10,OOS,0.0135375775,0.6431397865,-0.0080528229,0.0043557036,1
2024-09-11,OOS,-0.0041959813,0.6404411840,0.0018268271,0.0102589333,1
2024-09-12,OOS,-0.0063828855,0.6363533212,0.0182942141,0.0084232171,1
2024-09-13,OOS,-0.0014825266,0.6354099105,0.0219404252,0.0052227727,1
2024-09-16,OOS,-0.0081334254,0.6302418514,-0.0089189480,0.0014768420,1
2024-09-17,OOS,0.0558337308,0.6654306052,0.0126048374,0.0004086419,1
2024-09-18,OOS,-0.0006203345,0.6650178157,-0.0014320424,-0.0029658835,1
2024-09-19,OOS,0.0055952091,0.6687387294,0.0177404496,0.0170644817,1
2024-09-20,OOS,-0.0172803766,0.6571826723,-0.0189324840,-0.0047812533,1
2024-09-23,OOS,-0.0010534529,0.6564903613,0.0005071488,0.0024989001,1
2024-09-24,OOS,-0.0132466505,0.6477940629,0.0016031468,0.0028613057,1
2024-09-25,OOS,0.0098984005,0.6542061880,-0.0104869874,-0.0022054962,1
2024-09-26,OOS,-0.0060803046,0.6502284151,0.0106426072,0.0039646341,1
2024-09-27,OOS,0.0073564082,0.6550117607,0.0078667188,-0.0014502883,1
2024-09-30,OOS,-0.0215285256,0.6409103233,0.0026693424,0.0040072095,1
2024-10-01,OOS,-0.0069016777,0.6364869668,-0.0187967312,-0.0089584495,1
2024-10-02,OOS,0.0022428633,0.6379145200,-0.0098963513,0.0004220745,1
2024-10-03,OOS,0.0184727422,0.6496985505,-0.0125663949,-0.0018282178,1
2024-10-04,OOS,0.0195853825,0.6624231451,0.0118120944,0.0090873868,1
2024-10-07,OOS,0.0008005432,0.6629534434,-0.0083469169,-0.0090404552,1
2024-10-08,OOS,-0.0095555618,0.6566185508,-0.0058874014,0.0094575555,1
2024-10-09,OOS,-0.0039661443,0.6540143069,-0.0028047402,0.0069263918,1
2024-10-10,OOS,0.0032257591,0.6561239995,-0.0005740981,-0.0017500087,1
2024-10-11,OOS,-0.0030494225,0.6541232002,0.0222607279,0.0059882318,1
2024-10-14,OOS,0.0087091000,0.6598200246,-0.0050380145,0.0081783360,1
2024-10-15,OOS,0.0064307341,0.6640631517,0.0025801514,-0.0077697152,1
2024-10-16,OOS,-0.0127619997,0.6555883780,0.0155441059,0.0043464762,1
2024-10-17,OOS,0.0076533760,0.6606058423,0.0024947469,0.0000858664,1
2024-10-18,OOS,-0.0036008928,0.6582270715,0.0020237289,0.0038464841,1
2024-10-21,OOS,0.0014166463,0.6591595464,-0.0109025279,-0.0016421766,1
2024-10-22,OOS,-0.0390578195,0.6334142119,-0.0081070810,-0.0005311584,1
2024-10-23,OOS,-0.0216586345,0.6196953249,-0.0115014893,-0.0091373517,1
2024-10-24,OOS,0.0692897836,0.6626338799,-0.0108619993,0.0021626672,1
2024-10-25,OOS,0.0136804536,0.6716990120,-0.0003496910,-0.0003452800,1
2024-10-28,OOS,-0.0149668014,0.6616458263,0.0167558495,0.0030913236,1
2024-10-29,OOS,0.0043408611,0.6645179389,-0.0050370143,0.0016183737,1
2024-10-30,OOS,0.0150030806,0.6744877552,-0.0026671932,-0.0030252505,1
2024-10-31,OOS,-0.0063134668,0.6702293991,-0.0145947585,-0.0196031103,1
2024-11-01,OOS,0.0340657013,0.6930612336,0.0247761624,0.0042205965,1
2024-11-04,OOS,-0.0074307335,0.6879112803,0.0073535140,-0.0021539647,1
2024-11-05,OOS,-0.0599135295,0.6466960875,0.0102781576,0.0120917499,1
2024-11-06,OOS,0.0581988617,0.6843330636,0.0207499708,0.0248656147,1
2024-11-07,OOS,0.0110675119,0.6919069279,-0.0115349571,0.0077321332,1
2024-11-08,OOS,0.0082460312,0.6976124141,-0.0040156605,0.0043316936,1
2024-11-11,OOS,-0.0429110878,0.6676771065,0.0052612263,0.0009528745,1
2024-11-12,OOS,0.0059980394,0.6716818602,-0.0090765507,-0.0031064199,1
2024-11-13,OOS,0.0010495900,0.6723868507,-0.0067270873,0.0004858435,1
2024-11-14,OOS,0.0078749123,0.6776818382,-0.0084048379,-0.0064301144,1
2024-11-15,OOS,0.0078572402,0.6830065472,-0.0174670787,-0.0128086290,1
2024-11-18,OOS,0.0176075779,0.6950326382,-0.0022527458,0.0039095177,1
2024-11-19,OOS,0.0310840164,0.7166370441,0.0056123945,0.0056968914,1
2024-11-20,OOS,-0.0073535087,0.7113672474,-0.0071636897,-0.0048698828,1
2024-11-21,OOS,-0.0090789885,0.7049087523,0.0159291220,0.0075784609,1
2024-11-22,OOS,-0.0083369756,0.6990319453,0.0066551851,0.0058687623,1
2024-11-25,OOS,-0.0045327087,0.6958634371,0.0198147968,-0.0019783720,1
2024-11-26,OOS,0.0061680301,0.7001555438,-0.0100557476,0.0097938750,1
2024-11-27,OOS,-0.0007875736,0.6996041197,0.0044896057,-0.0028281484,1
2024-11-29,OOS,0.0174652027,0.7118228475,0.0001770333,0.0062062062,1
2024-12-02,OOS,-0.0022414030,0.7102273656,0.0124444533,0.0008290224,1
2024-12-03,OOS,-0.0014144435,0.7092227892,-0.0095744994,0.0009444684,1
2024-12-04,OOS,-0.0063290701,0.7047340684,0.0072399544,0.0044520756,1
2024-12-05,OOS,-0.0055276892,0.7008385175,-0.0170272339,-0.0010875297,1
2024-12-06,OOS,-0.0051681362,0.6972164886,0.0074567401,0.0018970011,1
2024-12-09,OOS,-0.0347173341,0.6730109909,0.0074570021,-0.0048570064,1
2024-12-10,OOS,0.0154065128,0.6833797433,0.0043228249,-0.0020846431,1
2024-12-11,OOS,-0.0002955671,0.6831777588,-0.0023985297,0.0059685656,1
2024-12-12,OOS,-0.0018981824,0.6818809627,-0.0086986242,-0.0022743754,1
2024-12-13,OOS,-0.0061661878,0.6776763567,-0.0093236452,-0.0025273382,1
2024-12-16,OOS,0.0353006473,0.7015987707,-0.0065823014,0.0035273661,1
2024-12-17,OOS,0.0055917986,0.7055219697,-0.0085244765,-0.0031189148,1
2024-12-18,OOS,0.0049740489,0.7090312705,-0.0368276036,-0.0269330729,1
2024-12-19,OOS,0.0346671949,0.7336113957,0.0032855544,-0.0059712157,1
2024-12-20,OOS,0.0144882437,0.7442401364,0.0093835099,0.0133661926,1
2024-12-23,OOS,-0.0128135363,0.7347037884,-0.0076824355,0.0042727825,1
2024-12-24,OOS,-0.0133736390,0.7248781252,0.0137096389,0.0108467166,1
2024-12-26,OOS,0.0244488785,0.7426005823,0.0011498812,-0.0011478955,1
2024-12-27,OOS,-0.0038563026,0.7397368898,-0.0095830410,-0.0089605436,1
2024-12-30,OOS,-0.0270311705,0.7197409358,-0.0054181111,-0.0129909416,1
2024-12-31,OOS,-0.0134314502,0.7100737713,0.0084035276,-0.0013449685,1
2025-01-02,OOS,0.0088052558,0.7163261525,0.0083568876,-0.0011084208,1
2025-01-03,OOS,0.0043888410,0.7194699941,0.0057004911,0.0105487659,1
2025-01-06,OOS,-0.0144442100,0.7090778185,0.0002329833,0.0059284836,1
2025-01-07,OOS,0.0009007742,0.7097165374,-0.0132066028,-0.0101922593,1
2025-01-08,OOS,0.0039536954,0.7125225405,-0.0105728669,-0.0022222976,1
2025-01-10,OOS,0.0028816716,0.7145757964,-0.0165786799,-0.0142616930,1
2025-01-13,OOS,0.0145128546,0.7249463311,0.0048553161,0.0058958398,1
2025-01-14,OOS,-0.0237632880,0.7077192226,0.0005469045,-0.0009430727,1
2025-01-15,OOS,0.0011246079,0.7085151292,0.0234395436,0.0188964215,1
2025-01-16,OOS,-0.0065199459,0.7038956489,-0.0039496894,-0.0036216016,1
2025-01-17,OOS,0.0010388562,0.7046268953,0.0034875180,0.0104478369,1
2025-01-21,OOS,-0.0007565233,0.7040938286,0.0231652213,0.0111596312,1
2025-01-22,OOS,0.0049377774,0.7075704872,-0.0126302413,0.0024985108,1
2025-01-23,OOS,0.0099440373,0.7146065945,0.0075173744,0.0051991351,1
2025-01-24,OOS,0.0052122517,0.7183313039,0.0026934492,-0.0025122328,1
2025-01-27,OOS,-0.0094195116,0.7115649738,0.0080438791,-0.0136956987,1
2025-01-28,OOS,0.0360637267,0.7372266586,0.0021674011,0.0082280488,1
2025-01-29,OOS,0.0024560896,0.7390373533,-0.0031844261,-0.0017215693,1
2025-01-30,OOS,-0.0138604141,0.7287939896,0.0021146352,0.0046927337,1
2025-01-31,OOS,-0.0137028285,0.7188074505,-0.0100108004,-0.0114047104,1
2025-02-03,OOS,0.0017824939,0.7200887205,-0.0089863111,0.0024374770,1
2025-02-04,OOS,0.0177531445,0.7328725596,0.0081961290,-0.0000666178,1
2025-02-05,OOS,0.0037285225,0.7356050914,0.0115804695,0.0072285143,1
2025-02-06,OOS,-0.0022164475,0.7339746614,0.0028641254,0.0020670040,1
2025-02-07,OOS,-0.0166736019,0.7217366600,-0.0076947162,-0.0095052724,1
2025-02-10,OOS,0.0030198653,0.7239162075,0.0096000426,0.0062477727,1
2025-02-11,OOS,0.0073600797,0.7292442885,0.0022571400,0.0022020597,1
2025-02-12,OOS,0.0092231257,0.7359702002,-0.0090832061,-0.0011894732,1
2025-02-13,OOS,-0.0010128978,0.7352247376,0.0109170472,0.0083693081,1
2025-02-14,OOS,0.0059949489,0.7396323723,0.0056568459,0.0002132371,1
2025-02-18,OOS,-0.0040519759,0.7366353998,0.0016601538,0.0035586605,1
2025-02-19,OOS,0.0022470330,0.7382906438,-0.0079911417,0.0005719422,1
2025-02-20,OOS,0.0234096300,0.7555737546,-0.0050287349,-0.0031193859,1
2025-02-21,OOS,0.0041125882,0.7586811183,-0.0179174623,-0.0166287128,1
2025-02-24,OOS,-0.0332958673,0.7334201725,0.0030133110,-0.0036818606,1
2025-02-25,OOS,-0.0191281046,0.7193912348,0.0125606919,-0.0033944785,1
2025-02-26,OOS,0.0367379540,0.7458201968,-0.0147506250,-0.0039261745,1
2025-02-27,OOS,0.0020714189,0.7473651029,-0.0107081068,-0.0147727656,1
2025-02-28,OOS,0.0214048821,0.7633623648,0.0033669773,0.0160884953,1
2025-03-03,OOS,-0.0225379870,0.7461577137,-0.0231846893,-0.0149756015,1
2025-03-04,OOS,-0.0102672027,0.7384967612,-0.0098901720,-0.0084899214,1
2025-03-05,OOS,-0.1212217928,0.6489748598,0.0244246895,0.0025326051,1
2025-03-06,OOS,0.0457358877,0.6786563011,-0.0094088177,-0.0129403678,1
2025-03-07,OOS,-0.0105945881,0.6714662171,0.0124578233,0.0005919529,1
2025-03-10,OOS,0.0016964884,0.6726053517,-0.0188201688,-0.0280663291,1
2025-03-11,OOS,-0.0245294969,0.6561066809,-0.0019709704,-0.0014352465,1
2025-03-12,OOS,0.0088111416,0.6618877297,0.0025843649,0.0051843179,1
2025-03-13,OOS,-0.0116108688,0.6542026381,-0.0231071886,-0.0120926748,1
2025-03-14,OOS,0.0185702573,0.6663513494,0.0174676386,0.0147863294,1
2025-03-17,OOS,-0.0123150680,0.6581451873,0.0175963151,0.0087176203,1
2025-03-18,OOS,0.0086158309,0.6638156549,-0.0099084050,-0.0101945395,1
2025-03-19,OOS,0.0002310306,0.6639690166,0.0088141529,0.0133644001,1
2025-03-20,OOS,-0.0277372925,0.6455523138,-0.0102682149,-0.0053103570,1
2025-03-21,OOS,-0.0071978589,0.6409057193,-0.0065247859,-0.0012020931,1
2025-03-24,OOS,0.0110335831,0.6479772058,0.0195754404,0.0156251327,1
2025-03-25,OOS,0.0042781042,0.6507493198,-0.0108156799,0.0037847565,1
2025-03-26,OOS,0.0088966062,0.6565387803,-0.0055185133,-0.0145486111,1
2025-03-27,OOS,-0.0076348023,0.6515262365,0.0066276663,-0.0018498291,1
2025-03-28,OOS,0.0153777494,0.6615452437,-0.0230848500,-0.0219213866,1
2025-03-31,OOS,-0.0249189597,0.6450602244,-0.0024013513,0.0051448164,1
2025-04-01,OOS,0.0174587620,0.6563221774,-0.0016516372,0.0085798769,1
2025-04-02,OOS,-0.0000668009,0.6562783344,0.0031869531,-0.0301719534,1
2025-04-03,OOS,-0.0122224355,0.6482570148,-0.0513593053,-0.0155094250,1
2025-04-04,OOS,-0.0383823615,0.6233753798,-0.0377280297,-0.0575711249,1
2025-04-07,OOS,-0.0139882141,0.6146554715,-0.0214206733,0.0079723046,1
2025-04-08,OOS,0.0021310982,0.6159653627,-0.0325000183,-0.0372176319,1
2025-04-09,OOS,0.0130595513,0.6240095939,0.0777515131,0.1127951053,1
2025-04-10,OOS,-0.0163599727,0.6138008140,-0.0411573975,-0.0435946144,1
2025-04-11,OOS,-0.0020331038,0.6125528933,0.0076653548,0.0233446855,1
2025-04-14,OOS,-0.0055025862,0.6091822682,0.0188136704,0.0048849876,1
2025-04-15,OOS,0.0087687103,0.6145240110,-0.0014159873,-0.0061836469,1
2025-04-16,OOS,0.0090644562,0.6200943370,-0.0017716204,-0.0142996364,1
2025-04-17,OOS,0.0056968304,0.6236269093,0.0060177000,0.0021865196,1
2025-04-21,OOS,0.0014238564,0.6245148644,-0.0222513901,-0.0209637640,1
2025-04-22,OOS,0.0054308234,0.6279064944,0.0245171393,0.0399186125,1
2025-04-23,OOS,-0.0041087650,0.6253265741,0.0164212218,0.0000931706,1
2025-04-24,OOS,0.0357404193,0.6476760081,0.0185362632,0.0217439911,1
2025-04-25,OOS,0.0099374226,0.6541122383,0.0020933439,0.0052154567,1
2025-04-28,OOS,-0.0032815328,0.6519657475,-0.0026898433,-0.0002358362,0
2025-04-29,OOS,0.0000000000,0.6519657475,0.0086759006,0.0034295046,0
2025-04-30,OOS,0.0000000000,0.6519657475,-0.0020880398,0.0113718150,0
2025-05-01,OOS,0.0000000000,0.6519657475,-0.0079492661,-0.0037521557,0
2025-05-02,OOS,0.0000000000,0.6519657475,0.0179278026,0.0173193582,0
2025-05-05,OOS,0.0000000000,0.6519657475,-0.0174694826,-0.0070920735,0
2025-05-06,OOS,0.0000000000,0.6519657475,-0.0043033217,0.0010483112,0
2025-05-07,OOS,0.0000000000,0.6519657475,-0.0051643156,-0.0042421015,0
2025-05-08,OOS,0.0000000000,0.6519657475,0.0306913697,0.0059000731,0
2025-05-09,OOS,0.0000000000,0.6519657475,-0.0009141238,0.0012049901,0
2025-05-12,OOS,-0.0013598489,0.6510791726,0.0369496223,0.0303185841,1
2025-05-13,OOS,0.0091487144,0.6570357100,0.0227507197,0.0087265731,1
2025-05-14,OOS,0.0103767680,0.6638536171,0.0063784730,-0.0018392057,1
2025-05-15,OOS,-0.0171973731,0.6524370788,0.0029705520,0.0069097299,1
2025-05-16,OOS,0.0065197538,0.6566908079,0.0066109645,-0.0032701888,1
2025-05-19,OOS,0.0101512722,0.6633570550,-0.0045962734,0.0123926902,0
2025-05-20,OOS,0.0000000000,0.6633570550,-0.0005624701,-0.0053564832,0
2025-05-21,OOS,0.0000000000,0.6633570550,-0.0246181766,-0.0155971976,0
2025-05-22,OOS,0.0000000000,0.6633570550,-0.0017390241,-0.0000017149,0
2025-05-23,OOS,0.0000000000,0.6633570550,-0.0095449088,-0.0070484128,0
2025-05-27,OOS,-0.0018833198,0.6621077416,0.0296211526,0.0212435233,1
2025-05-28,OOS,-0.0089015731,0.6562139411,-0.0091172436,0.0089785219,1
2025-05-29,OOS,0.0093940822,0.6623784688,0.0051996002,-0.0142622723,1
2025-05-30,OOS,0.0046773606,0.6654766517,-0.0009113749,0.0005116477,1
2025-06-02,OOS,-0.0048970818,0.6622177581,0.0045067402,0.0052329968,1
2025-06-03,OOS,0.0208610983,0.6760323479,0.0112937694,0.0081519240,1
2025-06-04,OOS,-0.0055249354,0.6722973128,-0.0057226395,-0.0013779937,1
2025-06-05,OOS,-0.0107592792,0.6650638783,-0.0050365383,-0.0044501914,1
2025-06-06,OOS,-0.0080647851,0.6597002811,0.0153124478,0.0116390871,1
2025-06-09,OOS,-0.0307219139,0.6394330259,0.0019611950,0.0002501126,1
2025-06-10,OOS,0.0290451587,0.6580054596,0.0122584541,0.0047009402,1
2025-06-11,OOS,0.0471050965,0.6890008703,-0.0065529330,-0.0036676622,1
2025-06-12,OOS,0.0173708017,0.7009693678,0.0000002698,-0.0004987598,1
2025-06-13,OOS,-0.0114230371,0.6929621687,-0.0225035497,-0.0044985755,1
2025-06-16,OOS,-0.0361263951,0.6679279436,0.0121527308,0.0024268189,1
2025-06-17,OOS,-0.0007504867,0.6674266725,-0.0077478929,-0.0045747487,1
2025-06-18,OOS,-0.0134493629,0.6584502090,-0.0030662494,0.0018282456,1
2025-06-20,OOS,-0.0065721299,0.6541227887,-0.0045950507,-0.0033149726,1
2025-06-23,OOS,0.0175993095,0.6656348981,0.0046220434,0.0134860829,1
2025-06-24,OOS,-0.0120638124,0.6576048036,0.0153613516,0.0061020482,1
2025-06-25,OOS,0.0113704131,0.6650820418,-0.0098119643,0.0001153175,1
2025-06-26,OOS,-0.0082881323,0.6595697539,0.0158003748,0.0082495182,1
2025-06-27,OOS,0.0011729897,0.6603434224,-0.0002767222,0.0021757947,1
2025-06-30,OOS,-0.0020840409,0.6589672397,0.0012078539,0.0069771612,1
2025-07-01,OOS,-0.0006838591,0.6585165989,0.0270028219,0.0003545353,1
2025-07-02,OOS,-0.0092994490,0.6523927574,0.0140170455,0.0043548692,1
2025-07-03,OOS,0.0041914055,0.6551272000,0.0068903169,0.0070735716,1
2025-07-07,OOS,-0.0030038468,0.6531592983,-0.0144793837,-0.0080158717,1
2025-07-08,OOS,0.0009753819,0.6537963781,0.0071613383,0.0004195161,1
2025-07-09,OOS,0.0031250308,0.6558395119,-0.0028843037,0.0055117200,1
2025-07-10,OOS,-0.0002925337,0.6556476567,0.0045523218,0.0042188383,1
2025-07-11,OOS,0.0136497835,0.6645971053,-0.0099236457,-0.0052210567,1
2025-07-14,OOS,-0.0097306715,0.6581301291,-0.0037051847,0.0017334361,1
2025-07-15,OOS,0.0019581900,0.6594188730,-0.0247040921,-0.0049349484,1
2025-07-16,OOS,-0.0020779450,0.6580486368,0.0088817753,0.0034458328,1
2025-07-17,OOS,-0.0005291233,0.6577004479,0.0103135249,0.0088738406,1
2025-07-18,OOS,-0.0015350124,0.6566908696,-0.0117359567,-0.0012883523,1
2025-07-21,OOS,0.0028855870,0.6585858082,0.0027803302,0.0018474279,1
2025-07-22,OOS,-0.0338693582,0.6362799296,0.0194464230,0.0023050265,1
2025-07-23,OOS,0.0540108271,0.6706459349,0.0118934418,0.0065811803,1
2025-07-24,OOS,-0.0201964843,0.6571012448,-0.0252589413,0.0012297933,1
2025-07-25,OOS,0.0189529556,0.6695552555,0.0088954469,0.0031785849,1
2025-07-28,OOS,-0.0525826221,0.6343482846,-0.0089091068,-0.0001251844,1
2025-07-29,OOS,0.0031402391,0.6363402899,-0.0190057173,-0.0030437102,1
2025-07-30,OOS,0.0039317287,0.6388422072,-0.0207438411,0.0055237316,1
2025-07-31,OOS,-0.0117463325,0.6313381543,-0.0045765839,-0.0123170827,1
2025-08-01,OOS,0.0098382470,0.6375494150,-0.0176473337,-0.0156081638,1
2025-08-04,OOS,-0.0093797659,0.6315693507,0.0218667716,0.0169985352,1
2025-08-05,OOS,-0.0061363431,0.6276938245,-0.0101696138,-0.0072175881,1
2025-08-06,OOS,0.0006890703,0.6281263497,0.0131626569,0.0101717073,1
2025-08-07,OOS,0.0225259862,0.6422755152,-0.0119514249,-0.0004892600,1
2025-08-08,OOS,-0.0142279677,0.6331372399,0.0137055065,0.0083688615,1
2025-08-11,OOS,0.0090758185,0.6388834786,0.0110609386,-0.0044628876,1
2025-08-12,OOS,-0.0327818719,0.6179396822,0.0284930546,0.0114982304,1
2025-08-13,OOS,-0.0118449245,0.6106202334,0.0222648474,0.0025814076,1
2025-08-14,OOS,0.0072145645,0.6150255925,-0.0118187090,0.0006824668,1
2025-08-15,OOS,0.0134918548,0.6233234284,-0.0129787743,-0.0029924360,1
2025-08-18,OOS,0.0145312523,0.6323810984,0.0140010589,0.0004984225,1
2025-08-19,OOS,-0.0039452178,0.6298862172,-0.0073113131,-0.0067283039,1
2025-08-20,OOS,-0.0072838117,0.6252982446,-0.0021611640,-0.0022216138,1
2025-08-21,OOS,0.0051557497,0.6285221259,-0.0003277220,-0.0019283477,1
2025-08-22,OOS,-0.0166518160,0.6180560911,0.0331731036,0.0140283080,1
2025-08-25,OOS,-0.0096544683,0.6120890882,-0.0035259072,-0.0038574748,1
2025-08-26,OOS,0.0069700353,0.6163553707,0.0102488423,0.0041990016,1
2025-08-27,OOS,0.0108467026,0.6230407941,0.0048177661,-0.0013784826,1
2025-08-28,OOS,0.0068211669,0.6272906593,0.0020844255,0.0059397981,1
2025-08-29,OOS,-0.0042090646,0.6246503525,0.0019842039,-0.0057041548,1
2025-09-02,OOS,-0.0192632277,0.6126175705,-0.0112449635,-0.0058454144,1
2025-09-03,OOS,0.0150006917,0.6218072578,-0.0063927748,0.0034311738,1
2025-09-04,OOS,0.0078062877,0.6266612642,0.0246766208,0.0094500917,1
2025-09-05,OOS,0.0034364998,0.6288147855,0.0021109876,-0.0053890925,1
2025-09-08,OOS,-0.0061783923,0.6249297211,0.0079891775,0.0049383863,1
2025-09-09,OOS,0.0108459333,0.6317076671,-0.0072645169,0.0029885235,1
2025-09-10,OOS,0.0051941952,0.6349888801,-0.0111327840,0.0027492359,1
2025-09-11,OOS,-0.0117984027,0.6274970255,0.0161316424,0.0073367234,1
2025-09-12,OOS,0.0129805811,0.6356423016,-0.0046740665,-0.0006386182,1
2025-09-15,OOS,-0.0015193440,0.6346765422,0.0014704373,0.0052491442,1
2025-09-16,OOS,0.0003098856,0.6348732193,-0.0002339099,-0.0006054185,1
2025-09-17,OOS,-0.0039692721,0.6323532348,0.0041918507,0.0018022111,1
2025-09-18,OOS,0.0076679411,0.6372020821,0.0225331950,0.0029025382,1
2025-09-19,OOS,-0.0168397517,0.6264717573,-0.0190168765,0.0000904418,1
2025-09-22,OOS,-0.0144018444,0.6174494085,0.0159420071,0.0048834160,1
2025-09-23,OOS,-0.0163035538,0.6073827889,-0.0112641636,-0.0047396919,1
2025-09-24,OOS,0.0086854304,0.6126581698,-0.0024065739,-0.0027729636,1
2025-09-25,OOS,0.0132832405,0.6207962557,-0.0112145319,-0.0058635958,1
2025-09-26,OOS,-0.0104334005,0.6143192397,0.0014392243,0.0065062402,1
2025-09-29,OOS,-0.0151994474,0.6049819267,0.0069829474,0.0018274909,1
2025-09-30,OOS,-0.0048441735,0.6020512893,-0.0041922690,0.0020502925,1
2025-10-01,OOS,-0.0013069200,0.6012644565,-0.0006204264,0.0054334417,1
2025-10-02,OOS,0.0037511555,0.6035198929,-0.0158837617,0.0017335250,1
2025-10-03,OOS,0.0043852859,0.6061665002,0.0013234647,0.0001643140,1
2025-10-06,OOS,0.0027616852,0.6078405413,0.0017771514,0.0016727403,1
2025-10-07,OOS,-0.0004960630,0.6075390141,-0.0152361053,-0.0027285740,1
2025-10-08,OOS,0.0161196966,0.6173323586,0.0113515676,0.0073708604,1
2025-10-09,OOS,-0.0048160216,0.6143592727,-0.0089323658,-0.0027011784,1
2025-10-10,OOS,0.0101240808,0.6205790956,-0.0444474897,-0.0294809215,1
2025-10-13,OOS,-0.0072797418,0.6160614400,0.0233866104,0.0161465920,1
2025-10-14,OOS,0.0047661154,0.6189976599,0.0162383167,-0.0001282670,1
2025-10-15,OOS,0.0046632042,0.6218841724,0.0016322811,0.0037971913,1
2025-10-16,OOS,0.0036575534,0.6241587470,-0.0093046477,-0.0092480804,1
2025-10-17,OOS,-0.0058579650,0.6205024468,-0.0075270605,0.0095908705,1
2025-10-20,OOS,0.0067287816,0.6246776723,0.0127816153,0.0097247775,1
2025-10-21,OOS,0.0022048492,0.6260549924,0.0051353380,-0.0010713812,1
2025-10-22,OOS,-0.0144360356,0.6170172402,0.0021430928,-0.0062894356,1
2025-10-23,OOS,0.0154836126,0.6265708962,0.0052910271,0.0082338347,1
2025-10-24,OOS,0.0048326990,0.6295989247,0.0235375683,0.0074371560,1
2025-10-27,OOS,-0.0187452398,0.6177969419,-0.0122028098,0.0122397756,1
2025-10-28,OOS,0.0086953732,0.6231689168,-0.0037205562,0.0024650301,1
2025-10-29,OOS,-0.0189098004,0.6113849170,-0.0195264062,-0.0008002561,1
2025-10-30,OOS,-0.0037863483,0.6090700007,0.0000768276,-0.0032763968,1
2025-10-31,OOS,0.0227503252,0.6229265413,-0.0030375006,-0.0039882831,1
2025-11-03,OOS,0.0051042532,0.6261061161,0.0002313318,0.0002052072,1
2025-11-04,OOS,0.0003255883,0.6263099689,-0.0204075127,-0.0140198566,1
2025-11-05,OOS,0.0002723111,0.6264805201,0.0119373479,0.0073623072,1
2025-11-06,OOS,0.0482832000,0.6567290043,-0.0211233100,-0.0079138625,1
2025-11-07,OOS,-0.0099060660,0.6502234035,0.0006081914,0.0006548399,1
2025-11-10,OOS,0.0016759061,0.6513131168,0.0082477653,0.0138318758,1
2025-11-11,OOS,0.0111949997,0.6586045670,0.0089233825,0.0024352316,1
2025-11-12,OOS,0.0107812916,0.6657051749,-0.0063770395,-0.0018110109,1
2025-11-13,OOS,-0.0239930020,0.6497329093,-0.0183795722,-0.0139022772,1
2025-11-14,OOS,0.0112882830,0.6570672783,0.0011313534,0.0011002081,1
2025-11-17,OOS,-0.0207753344,0.6434164859,-0.0238132005,-0.0119404758,1
2025-11-18,OOS,-0.0210988450,0.6298411411,-0.0051859830,-0.0080414850,1
2025-11-19,OOS,-0.0062980339,0.6258743803,-0.0103363953,0.0153004015,1
2025-11-20,OOS,-0.0075326258,0.6211599028,-0.0166000292,-0.0233550606,1
2025-11-21,OOS,-0.0018510418,0.6200101098,0.0301282477,0.0087698856,1
2025-11-24,OOS,-0.0108797245,0.6132645706,0.0165349940,0.0137147185,1
2025-11-25,OOS,-0.0104183110,0.6068753896,0.0294176995,0.0100687233,1
2025-11-26,OOS,0.0003937716,0.6071143599,0.0102422031,0.0065691811,1
2025-11-28,OOS,0.0059758643,0.6107423929,0.0037176967,0.0046602632,1
2025-12-01,OOS,0.0351914385,0.6322352963,-0.0010269281,-0.0050765134,1
2025-12-02,OOS,-0.0056209341,0.6286815433,-0.0057232223,0.0034261179,1
2025-12-03,OOS,-0.0030051939,0.6267922334,0.0261738361,0.0017145369,1
2025-12-04,OOS,-0.0288833808,0.6086883546,-0.0019133692,0.0017262314,1
2025-12-05,OOS,-0.0080855384,0.6037667815,-0.0083268624,0.0017816721,1
2025-12-08,OOS,0.0055029978,0.6070893088,-0.0054370786,-0.0018805487,1
2025-12-09,OOS,0.0050636521,0.6101633979,0.0073839617,-0.0031839692,1
2025-12-10,OOS,-0.0175087050,0.5994802270,0.0196731808,0.0047188278,1
2025-12-11,OOS,0.0348951672,0.6203991897,0.0024853744,0.0040240879,1
2025-12-12,OOS,-0.0053150996,0.6171017062,0.0015633872,-0.0095755868,1
2025-12-15,OOS,-0.0050501363,0.6139852585,-0.0128781654,-0.0035304949,1
2025-12-16,OOS,0.0027196778,0.6156551005,0.0024436450,-0.0026343675,1
2025-12-17,OOS,-0.0032808667,0.6136352182,0.0004246901,-0.0071566646,1
2025-12-18,OOS,-0.0052635140,0.6104053407,0.0053503921,0.0053355924,1
2025-12-19,OOS,0.0026184077,0.6120036307,-0.0116348101,0.0074220540,1
2025-12-22,OOS,0.0059811127,0.6156640934,-0.0094928091,0.0052966430,1
2025-12-23,OOS,0.0121492858,0.6231439724,0.0005664320,0.0038183522,1
2025-12-24,OOS,0.0060951963,0.6269421573,0.0014321255,0.0027400997,1
2025-12-26,OOS,-0.0048753231,0.6238856117,0.0004672403,0.0005075700,1
2025-12-29,OOS,-0.0102075194,0.6175172872,-0.0103055066,-0.0037251236,1
2025-12-30,OOS,0.0082376666,0.6226041887,-0.0025432267,-0.0021677772,1
2025-12-31,OOS,-0.0132809009,0.6143354442,-0.0119919317,-0.0048844500,1
2026-01-02,OOS,0.0228910230,0.6283982110,-0.0016522175,0.0006884982,1
2026-01-05,OOS,-0.0017476775,0.6272999736,0.0135876908,0.0064572392,1
2026-01-06,OOS,0.0014360949,0.6282008359,0.0100316470,0.0068660712,1
2026-01-07,OOS,-0.0081726481,0.6230667716,-0.0106088767,-0.0028747307,1
2026-01-08,OOS,0.0076556706,0.6278367655,-0.0070893762,-0.0009253597,1
2026-01-09,OOS,-0.0033842689,0.6257119971,0.0075239612,0.0072644057,1
2026-01-12,OOS,-0.0127262184,0.6177490495,0.0004993258,-0.0008783550,1
2026-01-13,OOS,0.0161738825,0.6277404501,0.0051422301,-0.0003909954,1
2026-01-14,OOS,-0.0059945781,0.6239774109,0.0057139200,-0.0058804897,1
2026-01-15,OOS,0.0023483853,0.6254427503,0.0214499817,0.0049580868,1
2026-01-16,OOS,0.0056145432,0.6289543256,-0.0090495290,-0.0021916802,1
2026-01-20,OOS,-0.0047153873,0.6259885624,-0.0207215830,-0.0184544850,1
2026-01-21,OOS,0.0118423129,0.6334017148,0.0231321176,0.0121412748,1
2026-01-22,OOS,0.0104996709,0.6400522244,0.0018456497,0.0035361770,1
2026-01-23,OOS,-0.0125343304,0.6320295984,-0.0218811943,-0.0019424687,1
2026-01-26,OOS,-0.0206500184,0.6189781755,-0.0051567528,0.0072384773,1
2026-01-27,OOS,-0.0000980444,0.6189174882,-0.0023376540,0.0060464378,1
2026-01-28,OOS,0.0040214284,0.6214064205,-0.0131741246,-0.0036288657,1
2026-01-29,OOS,-0.0100853140,0.6151393416,0.0104468543,-0.0027896862,1
2026-01-30,OOS,-0.0078923058,0.6102844738,-0.0014113523,-0.0031793337,1
2026-02-02,OOS,0.0048873644,0.6132671565,0.0178772804,0.0094570522,1
2026-02-03,OOS,-0.0307244542,0.5944248578,-0.0189680762,-0.0118361023,1
2026-02-04,OOS,0.0165435629,0.6042587628,0.0145582020,-0.0012631212,1
2026-02-05,OOS,-0.0045767892,0.6014931978,-0.0306164431,-0.0203372583,1
2026-02-06,OOS,0.0188547106,0.6128341780,0.0263101386,0.0247899571,1
2026-02-09,OOS,0.0097597387,0.6188152794,0.0026611501,0.0044942473,1
2026-02-10,OOS,0.0141523225,0.6275729529,-0.0046064563,-0.0000432451,1
2026-02-11,OOS,-0.0264660604,0.6109635692,-0.0051403761,-0.0017731263,1
2026-02-12,OOS,-0.0077988340,0.6061987658,-0.0167054477,-0.0170551368,1
2026-02-13,OOS,0.0016488254,0.6071982817,0.0115459675,0.0004406082,1
2026-02-17,OOS,-0.0052053262,0.6040376166,-0.0048970762,0.0012190324,1
2026-02-18,OOS,0.0247731135,0.6190015090,0.0033257663,0.0060135234,1
2026-02-19,OOS,-0.0176811668,0.6080568401,0.0051219595,-0.0007142650,1
2026-02-20,OOS,0.0001100935,0.6081237832,0.0037694810,0.0061278980,1
2026-02-23,OOS,0.0095680111,0.6139423183,-0.0276320234,-0.0093823866,1
2026-02-24,OOS,0.0129397369,0.6218865704,-0.0032622383,0.0070558613,1
2026-02-25,OOS,-0.0048580858,0.6188653921,0.0137520457,0.0061172486,1
2026-02-26,OOS,-0.0077083181,0.6140949807,0.0124989888,-0.0084965895,1
2026-02-27,OOS,-0.0015069256,0.6131695853,-0.0136093926,-0.0037556789,1
2026-03-02,OOS,-0.0023044966,0.6117565381,0.0001911785,0.0010689055,1
2026-03-03,OOS,0.0066035641,0.6157963116,-0.0082878941,-0.0069413437,1
2026-03-04,OOS,-0.0308564607,0.5967950169,0.0226139791,0.0106816543,1
2026-03-05,OOS,0.0289885719,0.6140952521,-0.0205383672,-0.0070020235,1
2026-03-06,OOS,-0.0244655761,0.5990710580,-0.0179692517,-0.0158624559,1
2026-03-09,OOS,-0.0111197853,0.5924095165,-0.0012616719,0.0060169820,1
2026-03-10,OOS,0.0065263817,0.5962758071,-0.0084776128,0.0038659092,1
2026-03-11,OOS,0.0067620973,0.6003078821,-0.0075838276,-0.0098827347,1
2026-03-12,OOS,-0.0159727581,0.5907193095,-0.0239341360,-0.0071061453,1
2026-03-13,OOS,-0.0062273386,0.5870407004,-0.0099931632,-0.0051434402,1
2026-03-16,OOS,-0.0110884308,0.5805313402,0.0104636768,0.0086690033,1
2026-03-17,OOS,-0.0001945997,0.5804183690,0.0025172575,0.0021232057,1
2026-03-18,OOS,0.0028258843,0.5820585642,-0.0180787456,-0.0138888723,1
2026-03-19,OOS,0.0092651962,0.5874514510,-0.0028864393,0.0002853635,1
2026-03-20,OOS,-0.0097247863,0.5817386112,-0.0197000863,-0.0118287702,1
2026-03-23,OOS,-0.0086669365,0.5766967195,0.0292996298,0.0053116581,1
2026-03-24,OOS,-0.0132851970,0.5690351900,-0.0026568462,0.0012181195,1
2026-03-25,OOS,0.0188141383,0.5797410968,0.0087732625,-0.0032545054,1
2026-03-26,OOS,0.0022997281,0.5810743437,-0.0042143165,-0.0115195069,1
2026-03-27,OOS,0.0166702358,0.5907609900,-0.0259814033,-0.0229679252,1
2026-03-30,OOS,0.0087892646,0.5959533446,0.0014676211,-0.0037915890,1
2026-03-31,OOS,0.0048830255,0.5988634000,0.0053585163,0.0344127629,1
2026-04-01,OOS,0.0035530516,0.6009911926,0.0048848462,0.0037867174,1
2026-04-02,OOS,-0.0030327914,0.5991685116,0.0016820423,0.0017869416,1
2026-04-06,OOS,-0.0066589851,0.5951786575,0.0099798396,0.0030339066,1
2026-04-07,OOS,-0.0040623973,0.5927608053,-0.0044358769,0.0239099573,1
2026-04-08,OOS,-0.0105949039,0.5864805615,0.0178419945,0.0015726487,1
2026-04-09,OOS,0.0131041493,0.5941658903,0.0061683522,0.0067882022,1
2026-04-10,OOS,0.0049674493,0.5971173793,-0.0061834579,0.0020168414,1
2026-04-13,OOS,0.0106370101,0.6034689228,0.0092641723,0.0085065746,1
2026-04-14,OOS,0.0037000383,0.6057017810,0.0129343069,0.0118874191,1
2026-04-15,OOS,0.0251297471,0.6209229135,0.0103634042,0.0087100489,1
2026-04-16,OOS,-0.0013573708,0.6200800909,-0.0022362919,0.0022407764,1
2026-04-17,OOS,0.0003069010,0.6202703940,0.0205994020,0.0121471903,1
2026-04-20,OOS,-0.0091892032,0.6145706034,0.0081077924,-0.0017727752,1
2026-04-21,OOS,-0.0318607150,0.5949899445,-0.0221138790,-0.0035095632,1
2026-04-22,OOS,-0.0087777945,0.5897672451,0.0121662591,0.0048514851,1
2026-04-23,OOS,0.0090238634,0.5950892241,-0.0161117663,-0.0012527624,1
2026-04-24,OOS,-0.0115566469,0.5882119881,0.0104453147,0.0062998562,1
2026-04-27,OOS,0.0137545524,0.5963025807,-0.0018650541,0.0031512164,1
2026-04-28,OOS,0.0107707620,0.6027252139,-0.0008202075,-0.0052913746,1
2026-04-29,OOS,0.0025758240,0.6042777280,-0.0216246781,0.0017404242,1
2026-04-30,OOS,-0.0072522459,0.5998953573,0.0183550140,0.0086309566,1
2026-05-01,OOS,-0.0043309157,0.5972972611,0.0249309327,0.0001805882,1
2026-05-04,OOS,-0.0008809503,0.5967710719,-0.0204351407,-0.0031080556,1
2026-05-05,OOS,0.0185114539,0.6078181721,0.0017809919,0.0121179410,1
2026-05-06,OOS,0.0103655827,0.6141185616,-0.0046438319,0.0090025604,1
2026-05-07,OOS,-0.0090039392,0.6085890754,-0.0005239708,-0.0021294679,1
2026-05-08,OOS,-0.0172471187,0.5980926674,-0.0101861102,0.0087237611,1
2026-05-11,OOS,-0.0065796550,0.5941574240,-0.0178707385,0.0019788024,1
2026-05-12,OOS,-0.0031583903,0.5922808429,0.0004689435,-0.0035304621,1
2026-05-13,OOS,-0.0035945264,0.5901518738,-0.0055254319,0.0093664735,1
2026-05-14,OOS,0.0129943097,0.5978204900,0.0031488637,0.0054890595,1
2026-05-15,OOS,0.0177422049,0.6084271436,-0.0181141917,-0.0137918536,1
2026-05-18,OOS,0.0044374542,0.6111270112,0.0073736443,0.0021021510,1
2026-05-19,OOS,-0.0007440583,0.6106722970,-0.0041653963,-0.0062796898,1
2026-05-20,OOS,-0.0187870470,0.5991995679,0.0092487300,0.0055226422,1
2026-05-21,OOS,0.0090478391,0.6046210291,0.0174542313,0.0078911832,1
2026-05-22,OOS,0.0006607181,0.6050205132,0.0015316856,-0.0005390179,1
2026-05-26,OOS,0.0011736199,0.6057305773,0.0194341337,0.0095733667,1
2026-05-27,OOS,-0.0330368959,0.5857191193,0.0062232268,-0.0010654591,1
2026-05-28,OOS,-0.0202322916,0.5738686792,0.0111101650,0.0067328845,1
2026-05-29,OOS,-0.0158135819,0.5647937599,-0.0082735320,0.0007151371,1
2026-06-01,OOS,0.0114826984,0.5712791163,-0.0071058846,0.0012439786,1
2026-06-02,OOS,0.0120222376,0.5781471696,-0.0030819193,0.0040312987,1
2026-06-03,OOS,-0.0007301206,0.5777250524,-0.0199412704,-0.0119531877,1
2026-06-04,OOS,-0.0133318834,0.5700228894,0.0104258964,0.0053427487,1
2026-06-05,OOS,0.0198027130,0.5813108891,-0.0262919200,-0.0254401240,1
2026-06-08,OOS,0.0088445134,0.5864523011,0.0159749164,0.0045638629,1
2026-06-09,OOS,-0.0023159767,0.5850940912,0.0049192416,-0.0040881525,1
2026-06-10,OOS,-0.0072040133,0.5808790656,0.0072708902,-0.0174255811,1
2026-06-11,OOS,-0.0027005770,0.5793103569,0.0120012420,0.0229637008,1
2026-06-12,OOS,-0.0083601859,0.5744672147,0.0059510270,0.0040163358,1
2026-06-15,OOS,-0.0009900158,0.5738984830,-0.0101339793,0.0154219139,1
2026-06-16,OOS,-0.0006051619,0.5735511816,0.0031872631,-0.0041782730,1
2026-06-17,OOS,-0.0000871897,0.5735011738,-0.0141550128,-0.0068591409,1
2026-06-18,OOS,0.0053136912,0.5765485820,0.0042692047,0.0017965385,1
2026-06-22,OOS,-0.0296627175,0.5594465842,-0.0121728767,-0.0043778617,1
2026-06-23,OOS,0.0150633303,0.5678737129,0.0046405146,-0.0116315032,1
2026-06-24,OOS,0.0108306377,0.5740241473,0.0019509517,0.0029659057,1
2026-06-25,OOS,0.0035061028,0.5760367350,-0.0087224230,-0.0061041780,1
2026-06-26,OOS,-0.0061736856,0.5724804654,0.0285787426,-0.0020464037,1
2026-06-29,OOS,-0.0346140229,0.5526646134,-0.0022039818,0.0130735670,1
2026-06-30,OOS,0.0162372092,0.5616383444,0.0012043133,0.0074788056,1
2026-07-01,OOS,-0.0120521507,0.5548693944,0.0214670142,-0.0018625218,1
2026-07-02,OOS,0.0215176897,0.5668089018,-0.0004568975,0.0010740895,1
2026-07-06,OOS,0.0136220159,0.5745299817,-0.0061801245,0.0066378342,1
2026-07-07,OOS,-0.0275136801,0.5587225476,-0.0074850370,-0.0059947246,1
2026-07-08,OOS,0.0102156546,0.5644302642,-0.0079860009,-0.0010945374,1
2026-07-09,OOS,-0.0070898607,0.5604285322,0.0051392381,0.0081778423,1
2026-07-10,OOS,0.0203252312,0.5718193717,0.0048977885,0.0044865941,1
2026-07-13,OOS,0.0049354380,0.5746415508,0.0030281704,-0.0088499092,1
2026-07-14,OOS,-0.0223611426,0.5617919091,-0.0127757866,0.0066432305,1
2026-07-15,OOS,0.0106853214,0.5677948362,0.0081744125,0.0020979950,1
2026-07-16,OOS,0.0075487674,0.5720809874,0.0109851754,-0.0074071129,1
2026-07-17,OOS,-0.0042424333,0.5696539719,-0.0192278740,-0.0087973408,1
2026-07-20,OOS,-0.0088867611,0.5645915932,-0.0032872377,-0.0004879461,1
2026-07-21,OOS,0.0026169507,0.5660691015,0.0238461983,0.0079800555,1
2026-07-22,OOS,-0.0142440819,0.5580059669,-0.0070969305,-0.0018447718,1
2026-07-23,OOS,0.0098109834,0.5634805541,-0.0137853052,-0.0105667756,1
2026-07-24,OOS,-0.0010680069,0.5628787530,0.0113415051,-0.0001759634,1
2026-07-27,OOS,0.0002729907,0.5630324137,0.0112704890,0.0002842986,1
2026-07-28,OOS,0.0013879934,0.5638138989,0.0162288022,0.0063610649,1
2026-07-29,OOS,-0.0382813885,0.5422303200,0.0174617261,-0.0150221230,1
2026-07-30,OOS,-0.0042055382,0.5399499497,-0.0120212715,0.0149235390,1
2026-07-31,OOS,-0.0042541644,0.5376529138,0.0072665485,0.0011704088,1
2026-08-03,OOS,-0.0036290698,0.5357017339,0.0233072823,0.0189868315,1
2026-08-04,OOS,-0.0170207519,0.5265836876,0.0029573430,0.0189231601,1
2026-08-05,OOS,-0.0168154537,0.5177289439,-0.0057253002,-0.0020189470,1
2026-08-06,OOS,-0.0160772216,0.5094053010,-0.0045226347,-0.0027672736,1
2026-08-07,OOS,-0.0124923907,0.5030416109,0.0086619153,0.0057073853,1
2026-08-10,OOS,-0.0183995796,0.4937858568,-0.0089124179,-0.0013253596,1
2026-08-11,OOS,-0.0100858632,0.4888056002,-0.0005953801,-0.0017738072,1
2026-08-12,OOS,-0.0082264920,0.4847844448,0.0038496480,0.0017121067,1
2026-08-13,OOS,-0.0062104666,0.4817737072,0.0115587546,0.0075359316,1
2026-08-14,OOS,-0.0008921114,0.4813439114,0.0044008689,-0.0027116640,1
2026-08-17,OOS,-0.0089821498,0.4770204083,-0.0109102094,-0.0042654090,1
2026-08-18,OOS,0.0103552313,0.4819600649,-0.0054241405,-0.0073249644,1
2026-08-19,OOS,-0.0062602001,0.4789428985,-0.0000847846,0.0038720275,1
2026-08-20,OOS,-0.0153069512,0.4716117429,-0.0055411454,-0.0092596200,1
2026-08-21,OOS,-0.0056243473,0.4689592347,0.0128379288,0.0054005872,1
2026-08-24,OOS,-0.0106216104,0.4639781324,-0.0028943700,-0.0043681877,1
2026-08-25,OOS,-0.0059632428,0.4612113181,0.0018079492,0.0017290653,1
2026-08-26,OOS,-0.0060391433,0.4584259969,-0.0092302587,0.0074512726,1
2026-08-27,OOS,-0.0033862870,0.4568736349,-0.0040551328,-0.0011288879,1
2026-08-28,OOS,-0.0039298387,0.4550781952,0.0082928310,-0.0006134061,1
2026-08-31,OOS,-0.0556376937,0.4297586940,-0.0111430703,-0.0023628420,1
2026-09-01,OOS,-0.0034210630,0.4282884624,-0.0096390529,-0.0072702636,1
2026-09-02,OOS,-0.0157175515,0.4215568165,0.0187798465,0.0045148504,1
2026-09-03,OOS,0.0110275331,0.4262055482,-0.0020226040,0.0095770673,1
2026-09-04,OOS,-0.0151912256,0.4197309636,0.0103278672,-0.0042060308,1
2026-09-08,OOS,0.0028401816,0.4209230757,-0.0136010939,-0.0052505036,1
2026-09-09,OOS,-0.0113442090,0.4161480364,-0.0059339070,-0.0029657308,1
2026-09-10,OOS,-0.0005293651,0.4159277422,-0.0200852221,-0.0073530414,1
2026-09-11,OOS,-0.0105629866,0.4115343030,0.0107044638,0.0091764192,1
2026-09-14,OOS,-0.0008241888,0.4111951210,0.0011357575,-0.0043820636,1
2026-09-15,OOS,-0.0023779894,0.4102173034,-0.0054409905,-0.0038101244,1
2026-09-16,OOS,-0.0068881348,0.4073916713,-0.0078752431,-0.0011158883,1
2026-09-17,OOS,0.0003742214,0.4075441260,0.0060711744,0.0061984418,1
2026-09-18,OOS,0.0080880273,0.4108403540,-0.0050296683,0.0011829490,1
2026-09-21,OOS,0.0097325744,0.4148388884,0.0039138893,0.0142205562,0
2026-09-22,OOS,0.0000000000,0.4148388884,0.0136362196,-0.0001163046,0
2026-09-23,OOS,0.0000000000,0.4148388884,-0.0151815834,-0.0082973609,0
2026-09-24,OOS,0.0000000000,0.4148388884,-0.0058691358,-0.0018505969,0
2026-09-25,OOS,0.0000000000,0.4148388884,0.0069086242,0.0082269226,0
