symbol,side,entry_session,entry_time,entry_price,exit_session,exit_time,exit_price,reason,gap,prior_close,low,gross_ret,net_ret,gross_pnl,net_pnl,cost,equity_at_entry,entry_notional,weight,dollar_volume,spy_gap,excess_gap,sample
PRPO,short,2016-01-08,09:30,291.0000000000,2016-01-08,16:00,282.0000000000,session_close,0.0543478261,276.0000000000,270.0000000000,0.0309278351,0.0269896907,0.0309278351,0.0269896907,0.0039381443,1.0000000000,1.0000000000,1.0000000000,,,,IS
BXC,short,2016-01-19,09:30,0.3500000000,2016-01-19,16:00,0.3700000000,session_close,0.0606060606,0.3300000000,0.3300000000,-0.0571428571,-0.0612571429,-0.0586851252,-0.0629104542,0.0042253290,1.0269896907,1.0269896907,1.0000000000,,,,IS
BXC,short,2016-01-20,09:30,0.4000000000,2016-01-20,16:00,0.3500000000,session_close,0.0810810811,0.3700000000,0.3500000000,0.1250000000,0.1212500000,0.1205099046,0.1168946074,0.0036152971,0.9640792365,0.9640792365,1.0000000000,,,,IS
TRST,short,2016-01-22,09:30,28.2000000000,2016-01-22,16:00,27.7500000000,session_close,0.0661625709,26.4500000000,26.7500000000,0.0159574468,0.0119893617,0.0172495826,0.0129601864,0.0042893962,1.0809738440,1.0809738440,1.0000000000,,,,IS
CPF,short,2016-01-28,09:30,20.6400000000,2016-01-28,16:00,20.5000000000,session_close,0.0595482546,19.4800000000,19.9700000000,0.0067829457,0.0027965116,0.0074200952,0.0030591992,0.0043608959,1.0939340304,1.0939340304,1.0000000000,3901557.0000000005,,,IS
PRPO,short,2016-01-29,09:30,225.0000000000,2016-01-29,16:00,192.0000000000,session_close,0.1718750000,192.0000000000,186.0000000000,0.1466666667,0.1429600000,0.1608923403,0.1568261521,0.0040661882,1.0969932296,1.0969932296,1.0000000000,40790.5000000000,,,IS
BXC,short,2016-02-02,09:30,0.4600000000,2016-02-02,16:00,0.4500000000,session_close,0.0697674419,0.4300000000,0.4100000000,0.0217391304,0.0177826087,0.0272569431,0.0222961794,0.0049607636,1.2538193817,1.2538193817,1.0000000000,36819.0000000000,,,IS
EPC,short,2016-02-03,09:30,75.0000000000,2016-02-03,16:00,81.4200000000,session_close,0.0513036165,71.3400000000,74.1100000000,-0.0856000000,-0.0897712000,-0.1092354920,-0.1145584253,0.0053229332,1.2761155611,1.2761155611,1.0000000000,59280200.0000000000,,,IS
GYRE,short,2016-02-04,09:30,495.0000000000,2016-02-04,16:00,477.0000000000,session_close,0.0945273632,452.2500000000,477.0000000000,0.0363636364,0.0324363636,0.0211192207,0.0188383448,0.0022808758,1.1615571359,0.5807785679,0.5000000000,25680.0000000000,,,IS
KELYA,short,2016-02-04,09:30,16.5000000000,2016-02-04,16:00,16.5100000000,session_close,0.0652033570,15.4900000000,16.0100000000,-0.0006060606,-0.0046072727,-0.0003519870,-0.0026758053,0.0023238182,1.1615571359,0.5807785679,0.5000000000,1734384.0000000000,,,IS
GYRE,short,2016-02-05,09:30,535.5000000000,2016-02-05,16:00,495.0000000000,session_close,0.1226415094,477.0000000000,477.0000000000,0.0756302521,0.0717815126,0.0890712360,0.0845384997,0.0045327362,1.1777196754,1.1777196754,1.0000000000,25536.0000000000,,,IS
GYRE,short,2016-02-09,09:30,540.0000000000,2016-02-09,16:00,506.2500000000,session_close,0.0958904110,492.7500000000,454.5000000000,0.0625000000,0.0586250000,0.0788911359,0.0739998855,0.0048912504,1.2622581752,1.2622581752,1.0000000000,24966.0000000000,,,IS
SCSC,short,2016-02-10,09:30,33.2500000000,2016-02-10,16:00,36.8000000000,session_close,0.0623003195,31.3000000000,32.0100000000,-0.1067669173,-0.1109804511,-0.1426681538,-0.1482985224,0.0056303686,1.3362580607,1.3362580607,1.0000000000,5316480.0000000000,,,IS
BXC,short,2016-02-12,09:30,0.4100000000,2016-02-12,16:00,0.4200000000,session_close,0.0512820513,0.3900000000,0.4100000000,-0.0243902439,-0.0284390244,-0.0289746229,-0.0337844103,0.0048097874,1.1879595383,1.1879595383,1.0000000000,27090.0000000000,,,IS
GYRE,short,2016-02-18,09:30,526.5000000000,2016-02-18,16:00,488.2500000000,session_close,0.0733944954,490.5000000000,450.0000000000,0.0726495726,0.0687948718,0.0838503298,0.0794013300,0.0044489999,1.1541751280,1.1541751280,1.0000000000,11448.0000000000,,,IS
PRPO,short,2016-02-25,09:30,180.0000000000,2016-02-25,16:00,162.0000000000,session_close,0.0526315789,171.0000000000,162.0000000000,0.1000000000,0.0962000000,0.1233576458,0.1186700553,0.0046875905,1.2335764580,1.2335764580,1.0000000000,19380.0000000000,,,IS
APEI,short,2016-03-01,09:30,17.5000000000,2016-03-01,16:00,18.8100000000,session_close,0.1341542450,15.4300000000,17.3000000000,-0.0748571429,-0.0790068571,-0.0506126552,-0.0534183735,0.0028057183,1.3522465132,0.6761232566,0.5000000000,1682621.0000000000,,,IS
BXC,short,2016-03-01,09:30,0.4000000000,2016-03-01,16:00,0.4200000000,session_close,0.0810810811,0.3700000000,0.3900000000,-0.0500000000,-0.0541000000,-0.0338061628,-0.0365782682,0.0027721054,1.3522465132,0.6761232566,0.5000000000,18060.0000000000,,,IS
BXC,short,2016-03-04,09:30,0.4100000000,2016-03-04,16:00,0.4000000000,session_close,0.0512820513,0.3900000000,0.4000000000,0.0243902439,0.0204390244,0.0102621941,0.0085997186,0.0016624754,1.2622498715,0.4207499572,0.3333333333,16523.0000000000,,,IS
PRPO,short,2016-03-04,09:30,201.0000000000,2016-03-04,16:00,189.0000000000,session_close,0.0983606557,183.0000000000,183.0000000000,0.0597014925,0.0558208955,0.0251194004,0.0234866394,0.0016327610,1.2622498715,0.4207499572,0.3333333333,18910.0000000000,,,IS
TITN,short,2016-03-04,09:30,11.6400000000,2016-03-04,16:00,12.1200000000,session_close,0.0868347339,10.7100000000,11.4500000000,-0.0412371134,-0.0453195876,-0.0173505137,-0.0190682146,0.0017177009,1.2622498715,0.4207499572,0.3333333333,1443156.0000000000,,,IS
BXC,short,2016-03-10,09:30,0.4100000000,2016-03-10,16:00,0.4100000000,session_close,0.0512820513,0.3900000000,0.4000000000,0.0000000000,-0.0040000000,0.0000000000,-0.0017003574,0.0017003574,1.2752680150,0.4250893383,0.3333333333,17220.0000000000,,,IS
ORN,short,2016-03-10,09:30,4.2300000000,2016-03-10,16:00,4.3500000000,session_close,0.0548628429,4.0100000000,4.2300000000,-0.0283687943,-0.0324255319,-0.0120592720,-0.0137837479,0.0017244759,1.2752680150,0.4250893383,0.3333333333,370297.0000000000,,,IS
PRPO,short,2016-03-10,09:30,219.0000000000,2016-03-10,16:00,195.0000000000,session_close,0.1060606061,198.0000000000,195.0000000000,0.1095890411,0.1058082192,0.0465851330,0.0449779459,0.0016071871,1.2752680150,0.4250893383,0.3333333333,18971.0000000000,,,IS
PRPO,short,2016-03-11,09:30,210.0000000000,2016-03-11,16:00,198.0000000000,session_close,0.0769230769,195.0000000000,186.0000000000,0.0571428571,0.0532571429,0.0745578203,0.0694878885,0.0050699318,1.3047618556,1.3047618556,1.0000000000,19240.0000000000,,,IS
GYRE,short,2016-03-17,09:30,405.0000000000,2016-03-17,16:00,382.5000000000,session_close,0.0588235294,382.5000000000,348.7500000000,0.0555555556,0.0516666667,0.0763472080,0.0710029034,0.0053443046,1.3742497441,1.3742497441,1.0000000000,16125.0000000000,,,IS
PRPO,short,2016-03-18,09:30,309.0000000000,2016-03-18,16:00,225.0000000000,session_close,0.4927536232,207.0000000000,213.0000000000,0.2718446602,0.2683883495,0.3928842149,0.3878889727,0.0049952422,1.4452526476,1.4452526476,1.0000000000,19240.0000000000,,,IS
GYRE,short,2016-03-22,09:30,389.2500000000,2016-03-22,16:00,405.0000000000,session_close,0.0679012346,364.5000000000,378.0000000000,-0.0404624277,-0.0445433526,-0.0741733604,-0.0816542736,0.0074809132,1.8331416203,1.8331416203,1.0000000000,15444.0000000000,,,IS
GYRE,short,2016-03-28,09:30,427.5000000000,2016-03-28,16:00,427.5000000000,session_close,0.0614525140,402.7500000000,382.5000000000,0.0000000000,-0.0040000000,0.0000000000,-0.0070059494,0.0070059494,1.7514873467,1.7514873467,1.0000000000,11685.0000000000,,,IS
BXC,short,2016-03-30,09:30,0.6300000000,2016-03-30,16:00,0.6500000000,session_close,0.0862068966,0.5800000000,0.5800000000,-0.0317460317,-0.0358095238,-0.0553803618,-0.0624690481,0.0070886863,1.7444813973,1.7444813973,1.0000000000,26964.0000000000,,,IS
BXC,short,2016-04-01,09:30,0.6600000000,2016-04-01,16:00,0.6200000000,session_close,0.0819672131,0.6100000000,0.6100000000,0.0606060606,0.0567272727,0.0509700712,0.0477079866,0.0032620846,1.6820123492,0.8410061746,0.5000000000,34605.0000000000,,,IS
GYRE,short,2016-04-01,09:30,432.0000000000,2016-04-01,16:00,378.0000000000,session_close,0.1428571429,378.0000000000,378.0000000000,0.1250000000,0.1212500000,0.1051257718,0.1019719987,0.0031537732,1.6820123492,0.8410061746,0.5000000000,12540.0000000000,,,IS
GYRE,short,2016-04-06,09:30,405.0000000000,2016-04-06,16:00,402.7500000000,session_close,0.0650887574,380.2500000000,402.7500000000,0.0055555556,0.0015666667,0.0101760685,0.0028696513,0.0073064172,1.8316923345,1.8316923345,1.0000000000,11685.0000000000,,,IS
GYRE,short,2016-04-07,09:30,427.5000000000,2016-04-07,16:00,407.2500000000,session_close,0.0614525140,402.7500000000,402.7500000000,0.0473684211,0.0434631579,0.0869003046,0.0797358573,0.0071644473,1.8345619858,1.8345619858,1.0000000000,10441.0000000000,,,IS
PRPO,short,2016-04-11,09:30,192.0000000000,2016-04-11,16:00,195.0000000000,session_close,0.0666666667,180.0000000000,180.0000000000,-0.0156250000,-0.0196562500,-0.0299109038,-0.0376279170,0.0077170132,1.9142978431,1.9142978431,1.0000000000,39772.0000000000,,,IS
PRPO,short,2016-04-15,09:30,210.0000000000,2016-04-15,16:00,189.0000000000,session_close,0.0769230769,195.0000000000,180.0000000000,0.1000000000,0.0962000000,0.1876669926,0.1805356469,0.0071313457,1.8766699261,1.8766699261,1.0000000000,38626.0000000000,,,IS
PRPO,short,2016-04-18,09:30,201.0000000000,2016-04-18,16:00,177.0000000000,session_close,0.0634920635,189.0000000000,174.0000000000,0.1194029851,0.1156417910,0.2456364863,0.2378989370,0.0077375493,2.0572055730,2.0572055730,1.0000000000,39772.0000000000,,,IS
PRPO,short,2016-04-19,09:30,216.0000000000,2016-04-19,16:00,213.0000000000,session_close,0.2203389831,177.0000000000,201.0000000000,0.0138888889,0.0099166667,0.0318764515,0.0227597864,0.0091166651,2.2951045100,2.2951045100,1.0000000000,44516.0000000000,,,IS
PRPO,short,2016-04-20,09:30,240.0000000000,2016-04-20,16:00,219.0000000000,session_close,0.1267605634,213.0000000000,210.0000000000,0.0875000000,0.0836750000,0.2028131259,0.1939472950,0.0088658309,2.3178642964,2.3178642964,1.0000000000,44516.0000000000,,,IS
BXC,short,2016-04-26,09:30,0.7600000000,2016-04-26,16:00,0.7800000000,session_close,0.1176470588,0.6800000000,0.6900000000,-0.0263157895,-0.0303684211,-0.0661003050,-0.0762797520,0.0101794470,2.5118115914,2.5118115914,1.0000000000,25296.0000000000,,,IS
BXC,short,2016-04-28,09:30,0.7300000000,2016-04-28,16:00,0.6900000000,session_close,0.0579710145,0.6900000000,0.6900000000,0.0547945205,0.0509041096,0.0667268997,0.0619892898,0.0047376099,2.4355318394,1.2177659197,0.5000000000,25296.0000000000,,,IS
GYRE,short,2016-04-28,09:30,366.7500000000,2016-04-28,16:00,348.7500000000,session_close,0.0516129032,348.7500000000,348.7500000000,0.0490797546,0.0451779141,0.0597676525,0.0550161241,0.0047515284,2.4355318394,1.2177659197,0.5000000000,16368.0000000000,,,IS
BXC,short,2016-05-02,09:30,0.7400000000,2016-05-02,16:00,0.6800000000,session_close,0.1044776119,0.6700000000,0.6800000000,0.0810810811,0.0772432432,0.1034812400,0.0985831280,0.0048981120,2.5525372534,1.2762686267,0.5000000000,25047.0000000000,,,IS
MYE,short,2016-05-02,09:30,14.5600000000,2016-05-02,16:00,13.8700000000,session_close,0.0801186944,13.4800000000,13.6900000000,0.0473901099,0.0434848901,0.0604825105,0.0554984010,0.0049841095,2.5525372534,1.2762686267,0.5000000000,700325.0000000000,,,IS
BXC,short,2016-05-03,09:30,0.7200000000,2016-05-03,16:00,0.7200000000,session_close,0.0588235294,0.6800000000,0.6900000000,0.0000000000,-0.0040000000,0.0000000000,-0.0108264751,0.0108264751,2.7066187823,2.7066187823,1.0000000000,25047.0000000000,,,IS
AMRC,short,2016-05-05,09:30,4.7000000000,2016-05-05,16:00,4.4000000000,session_close,0.1959287532,3.9300000000,4.3700000000,0.0638297872,0.0599574468,0.0860359247,0.0808164119,0.0052195128,2.6957923072,1.3478961536,0.5000000000,318864.0000000000,,,IS
BXC,short,2016-05-05,09:30,0.7500000000,2016-05-05,16:00,0.6900000000,session_close,0.0869565217,0.6900000000,0.6900000000,0.0800000000,0.0761600000,0.1078316923,0.1026557711,0.0051759212,2.6957923072,1.3478961536,0.5000000000,25047.0000000000,,,IS
BXC,short,2016-05-12,09:30,0.7300000000,2016-05-12,16:00,0.7300000000,session_close,0.0579710145,0.6900000000,0.7100000000,0.0000000000,-0.0040000000,0.0000000000,-0.0115170580,0.0115170580,2.8792644902,2.8792644902,1.0000000000,21024.0000000000,,,IS
PRPO,short,2016-05-16,09:30,195.0000000000,2016-05-16,16:00,192.0000000000,session_close,0.2500000000,156.0000000000,168.0000000000,0.0153846154,0.0114153846,0.0441191913,0.0327364399,0.0113827513,2.8677474322,2.8677474322,1.0000000000,53064.0000000000,,,IS
BXC,short,2016-05-17,09:30,0.7500000000,2016-05-17,16:00,0.7000000000,session_close,0.0563380282,0.7100000000,0.6900000000,0.0666666667,0.0628000000,0.1933655915,0.1821503872,0.0112152043,2.9004838721,2.9004838721,1.0000000000,25047.0000000000,,,IS
PRPO,short,2016-05-23,09:30,165.0000000000,2016-05-23,16:00,180.0000000000,session_close,0.0576923077,156.0000000000,165.0000000000,-0.0909090909,-0.0950909091,-0.2802394781,-0.2931304941,0.0128910160,3.0826342593,3.0826342593,1.0000000000,48360.0000000000,,,IS
GYRE,short,2016-05-24,09:30,337.5000000000,2016-05-24,16:00,308.2500000000,session_close,0.0869565217,310.5000000000,308.2500000000,0.0866666667,0.0828400000,0.2417569930,0.2310824919,0.0106745011,2.7895037652,2.7895037652,1.0000000000,25730.0000000000,,,IS
GYRE,short,2016-05-27,09:30,378.0000000000,2016-05-27,16:00,366.7500000000,session_close,0.0500000000,360.0000000000,362.2500000000,0.0297619048,0.0258214286,0.0898984005,0.0779958523,0.0119025482,3.0205862571,3.0205862571,1.0000000000,20592.0000000000,,,IS
BXC,short,2016-06-10,09:30,0.7400000000,2016-06-10,16:00,0.7200000000,session_close,0.0571428571,0.7000000000,0.7200000000,0.0270270270,0.0230810811,0.0837454624,0.0715186249,0.0122268375,3.0985821094,3.0985821094,1.0000000000,19906.0000000000,,,IS
RGR,short,2016-06-13,09:30,165.6417112299,2016-06-13,16:00,166.5508021390,session_close,0.0790802996,153.5026737968,163.8770053476,-0.0054882970,-0.0094992736,-0.0173984544,-0.0301136542,0.0127151998,3.1701007343,3.1701007343,1.0000000000,11351405.9999999981,,,IS
GYRE,short,2016-06-20,09:30,405.0000000000,2016-06-20,16:00,362.2500000000,session_close,0.1250000000,360.0000000000,339.7500000000,0.1055555556,0.1017666667,0.3314430807,0.3195460185,0.0118970622,3.1399870801,3.1399870801,1.0000000000,60760.0000000000,,,IS
PRPO,short,2016-06-28,09:30,177.0000000000,2016-06-28,16:00,159.0000000000,session_close,0.1132075472,159.0000000000,159.0000000000,0.1016949153,0.0978983051,0.3518169253,0.3386824267,0.0131344985,3.4595330986,3.4595330986,1.0000000000,49600.0000000000,,,IS
PRPO,short,2016-06-29,09:30,174.0000000000,2016-06-29,16:00,165.0000000000,session_close,0.0943396226,159.0000000000,165.0000000000,0.0517241379,0.0478275862,0.1964594237,0.1816594805,0.0147999433,3.7982155253,3.7982155253,1.0000000000,48144.0000000000,,,IS
GYRE,short,2016-06-30,09:30,301.5000000000,2016-06-30,16:00,342.0000000000,session_close,0.0720000000,281.2500000000,283.5000000000,-0.1343283582,-0.1385970149,-0.5346100754,-0.5515987956,0.0169887202,3.9798750058,3.9798750058,1.0000000000,72850.0000000000,,,IS
PRPO,short,2016-07-01,09:30,174.0000000000,2016-07-01,16:00,171.0000000000,session_close,0.0545454545,165.0000000000,168.0000000000,0.0172413793,0.0132758621,0.0591082105,0.0455133221,0.0135948884,3.4282762102,3.4282762102,1.0000000000,40260.0000000000,,,IS
FVCB,short,2016-07-06,09:30,7.8933333333,2016-07-06,16:00,7.8933333333,session_close,0.1562500000,6.8266666667,7.8933333333,0.0000000000,-0.0040000000,0.0000000000,-0.0138951581,0.0138951581,3.4737895323,3.4737895323,1.0000000000,4700.0000000000,,,IS
FVCB,short,2016-07-08,09:30,7.6800000000,2016-07-08,16:00,7.8933333333,session_close,0.0909024794,7.0400426667,7.6800000000,-0.0277777778,-0.0318333333,-0.0961081771,-0.1101399709,0.0140317939,3.4598943742,3.4598943742,1.0000000000,4700.0000000000,,,IS
FVCB,short,2016-07-12,09:30,7.4666666667,2016-07-12,16:00,7.5733333333,session_close,0.0606060606,7.0400000000,7.4666666667,-0.0142857143,-0.0183142857,-0.0478536343,-0.0613483592,0.0134947249,3.3497544033,3.3497544033,1.0000000000,6825.0250000000,,,IS
PRPO,short,2016-07-20,09:30,180.0000000000,2016-07-20,16:00,141.0000000000,session_close,0.1764705882,153.0000000000,135.0000000000,0.2166666667,0.2131000000,0.7124879762,0.7007593280,0.0117286482,3.2884060440,3.2884060440,1.0000000000,24530.0000000000,,,IS
GYRE,short,2016-08-02,09:30,369.0000000000,2016-08-02,16:00,335.2500000000,session_close,0.1388888889,324.0000000000,288.0000000000,0.0914634146,0.0876463415,0.3648626865,0.3496357504,0.0152269361,3.9891653720,3.9891653720,1.0000000000,67824.0000000000,,,IS
HRTG,short,2016-08-04,09:30,13.3000000000,2016-08-04,16:00,13.9400000000,session_close,0.0734463277,12.3900000000,13.0000000000,-0.0481203008,-0.0522165414,-0.2087844149,-0.2265571882,0.0177727733,4.3388011224,4.3388011224,1.0000000000,1848880.0000000000,,,IS
AMRC,short,2016-08-09,09:30,5.2000000000,2016-08-09,16:00,5.0000000000,session_close,0.1063829787,4.7000000000,4.7700000000,0.0384615385,0.0345384615,0.1581632282,0.1420305790,0.0161326493,4.1122439341,4.1122439341,1.0000000000,208376.0000000000,,,IS
PRPO,short,2016-08-16,09:30,114.0000000000,2016-08-16,16:00,111.0000000000,session_close,0.0857142857,105.0000000000,99.0000000000,0.0263157895,0.0223684211,0.1119545925,0.0951614036,0.0167931889,4.2542745131,4.2542745131,1.0000000000,54648.0000000000,,,IS
BXC,short,2016-08-26,09:30,9.3000000000,2016-08-26,16:00,8.7200000000,session_close,0.0568181818,8.8000000000,8.6000000000,0.0623655914,0.0584903226,0.2712551432,0.2543999098,0.0168552334,4.3494359167,4.3494359167,1.0000000000,48762.0000000000,,,IS
GYRE,short,2016-09-02,09:30,283.5000000000,2016-09-02,16:00,281.2500000000,session_close,0.0500000000,270.0000000000,272.2500000000,0.0079365079,0.0039523810,0.0365383796,0.0181961130,0.0183422665,4.6038358265,4.6038358265,1.0000000000,76664.0000000000,,,IS
PRPO,short,2016-09-08,09:30,90.0000000000,2016-09-08,16:00,90.0000000000,session_close,0.0714285714,84.0000000000,87.0000000000,0.0000000000,-0.0040000000,0.0000000000,-0.0184881278,0.0184881278,4.6220319395,4.6220319395,1.0000000000,43882.0000000000,,,IS
FMNB,short,2016-09-19,09:30,11.8200000000,2016-09-19,16:00,10.9000000000,session_close,0.1015843430,10.7300000000,10.7000000000,0.0778341794,0.0739898477,0.3583130547,0.3406155056,0.0176975491,4.6035438118,4.6035438118,1.0000000000,808450.0000000000,,,IS
GYRE,short,2016-09-28,09:30,290.2500000000,2016-09-28,16:00,276.7500000000,session_close,0.0840336134,267.7500000000,270.0000000000,0.0465116279,0.0426046512,0.2299608985,0.2106441830,0.0193167155,4.9441593173,4.9441593173,1.0000000000,41760.0000000000,,,IS
HRTG,short,2016-10-07,09:30,13.9800000000,2016-10-07,16:00,13.2000000000,session_close,0.1219903692,12.4600000000,13.1900000000,0.0557939914,0.0519055794,0.2876070623,0.2675630624,0.0200439999,5.1548035004,5.1548035004,1.0000000000,1555194.0000000000,,,IS
PRPO,short,2016-10-13,09:30,84.0000000000,2016-10-13,16:00,72.0000000000,session_close,0.1200000000,75.0000000000,66.0000000000,0.1428571429,0.1391428571,0.7746237947,0.7544835760,0.0201402187,5.4223665627,5.4223665627,1.0000000000,41608.0000000000,,,IS
PRPO,short,2016-10-18,09:30,66.0000000000,2016-10-18,16:00,63.0000000000,session_close,0.1000000000,60.0000000000,60.0000000000,0.0454545455,0.0415454545,0.2807659154,0.2566200467,0.0241458687,6.1768501387,6.1768501387,1.0000000000,41608.0000000000,,,IS
GYRE,short,2016-10-27,09:30,182.2500000000,2016-10-27,16:00,168.7500000000,session_close,0.0519480519,173.2500000000,159.7500000000,0.0740740741,0.0702222222,0.4765533471,0.4517725730,0.0247807740,6.4334701854,6.4334701854,1.0000000000,50512.0000000000,,,IS
AMRC,short,2016-11-01,09:30,5.1500000000,2016-11-01,16:00,5.2000000000,session_close,0.0729166667,4.8000000000,4.7500000000,-0.0097087379,-0.0137281553,-0.0668470171,-0.0945216821,0.0276746651,6.8852427584,6.8852427584,1.0000000000,315625.0000000000,,,IS
EPC,short,2016-11-10,09:30,84.4500000000,2016-11-10,16:00,79.5300000000,session_close,0.1239020495,75.1400000000,79.1700000000,0.0582593250,0.0543758437,0.3956228265,0.3692511878,0.0263716387,6.7907210763,6.7907210763,1.0000000000,31052984.0000000000,,,IS
PRPO,short,2016-11-14,09:30,60.0000000000,2016-11-14,16:00,54.0000000000,session_close,0.0526315789,57.0000000000,54.0000000000,0.1000000000,0.0962000000,0.7159972264,0.6887893318,0.0272078946,7.1599722641,7.1599722641,1.0000000000,9878.0000000000,,,IS
PRPO,short,2016-11-16,09:30,57.0000000000,2016-11-16,16:00,54.0000000000,session_close,0.0555555556,54.0000000000,54.0000000000,0.0526315789,0.0487368421,0.4130927156,0.3825238546,0.0305688610,7.8487615959,7.8487615959,1.0000000000,9284.0000000000,,,IS
PRPO,short,2016-11-17,09:30,57.0000000000,2016-11-17,16:00,51.0000000000,session_close,0.0555555556,54.0000000000,48.0000000000,0.1052631579,0.1014736842,0.8664511001,0.8352588605,0.0311922396,8.2312854506,8.2312854506,1.0000000000,9284.0000000000,,,IS
MOV,short,2016-11-22,09:30,28.0000000000,2016-11-22,16:00,29.5000000000,session_close,0.0873786408,25.7500000000,27.5000000000,-0.0535714286,-0.0576785714,-0.2428538655,-0.2614726618,0.0186187964,9.0665443110,4.5332721555,0.5000000000,2126985.0000000000,,,IS
PRPO,short,2016-11-22,09:30,51.0000000000,2016-11-22,16:00,48.0000000000,session_close,0.0625000000,48.0000000000,48.0000000000,0.0588235294,0.0549411765,0.2666630680,0.2490633055,0.0175997625,9.0665443110,4.5332721555,0.5000000000,9878.0000000000,,,IS
IIIN,short,2016-11-25,09:30,39.2600000000,2016-11-25,16:00,42.5100000000,session_close,0.0732640787,36.5800000000,38.7600000000,-0.0827814570,-0.0869470199,-0.7495144830,-0.7872300518,0.0377155688,9.0541349547,9.0541349547,1.0000000000,7832975.0000000000,,,IS
PRPO,short,2016-12-06,09:30,78.0000000000,2016-12-06,16:00,63.0000000000,session_close,0.0833333333,72.0000000000,63.0000000000,0.1923076923,0.1886923077,1.5897894044,1.5599013636,0.0298880408,8.2669049029,8.2669049029,1.0000000000,13500.0000000000,,,IS
PESI,short,2016-12-07,09:30,4.2500000000,2016-12-07,16:00,3.8500000000,session_close,0.0625000000,4.0000000000,3.7500000000,0.0941176471,0.0903058824,0.9248758839,0.8874184106,0.0374574733,9.8268062665,9.8268062665,1.0000000000,42760.0000000000,,,IS
GYRE,short,2016-12-08,09:30,153.0000000000,2016-12-08,16:00,146.2500000000,session_close,0.0625000000,144.0000000000,139.5000000000,0.0441176471,0.0402058824,0.4726863828,0.4307748569,0.0419115259,10.7142246771,10.7142246771,1.0000000000,77161.0000000000,,,IS
PRPO,short,2016-12-09,09:30,120.0000000000,2016-12-09,16:00,78.0000000000,session_close,0.1111111111,108.0000000000,75.0000000000,0.3500000000,0.3467000000,3.9007498369,3.8639713384,0.0367784985,11.1449995340,11.1449995340,1.0000000000,28313.0000000000,,,IS
GYRE,short,2016-12-13,09:30,144.0000000000,2016-12-13,16:00,130.5000000000,session_close,0.0666666667,135.0000000000,123.7500000000,0.0937500000,0.0899375000,1.4070910193,1.3498693178,0.0572217015,15.0089708724,15.0089708724,1.0000000000,79275.0000000000,,,IS
PRPO,short,2017-01-11,09:30,87.0000000000,2017-01-11,16:00,87.0000000000,session_close,0.0740740741,81.0000000000,81.0000000000,0.0000000000,-0.0040000000,0.0000000000,-0.0654353608,0.0654353608,16.3588401902,16.3588401902,1.0000000000,164827.0000000000,,,IS
PRPO,short,2017-01-13,09:30,429.0000000000,2017-01-13,16:00,294.0000000000,session_close,0.2767857143,336.0000000000,294.0000000000,0.3146853147,0.3113146853,5.1272952260,5.0723761972,0.0549190289,16.2934048294,16.2934048294,1.0000000000,164827.0000000000,,,IS
ASYS,short,2017-01-24,09:30,4.3700000000,2017-01-24,16:00,5.8300000000,session_close,0.0632603406,4.1100000000,4.3600000000,-0.3340961098,-0.3387643021,-3.5691121623,-3.6189819487,0.0498697864,21.3657810266,10.6828905133,0.5000000000,63072.0000000000,,,IS
PRPO,short,2017-01-24,09:30,231.0000000000,2017-01-24,16:00,219.0000000000,session_close,0.0547945205,219.0000000000,210.0000000000,0.0519480519,0.0480519481,0.5549553513,0.5133337000,0.0416216514,21.3657810266,10.6828905133,0.5000000000,285012.0000000000,,,IS
PRPO,short,2017-01-30,09:30,234.0000000000,2017-01-30,16:00,213.0000000000,session_close,0.0985915493,213.0000000000,210.0000000000,0.0897435897,0.0859230769,1.6387298647,1.5689667933,0.0697630714,18.2601327779,18.2601327779,1.0000000000,799952.0000000000,,,IS
GYRE,short,2017-02-01,09:30,155.2500000000,2017-02-01,16:00,130.5000000000,session_close,0.1896551724,130.5000000000,123.7500000000,0.1594202899,0.1557391304,3.1611608012,3.0881667245,0.0729940767,19.8290995712,19.8290995712,1.0000000000,79800.0000000000,,,IS
PESI,short,2017-02-09,09:30,3.5000000000,2017-02-09,16:00,3.4000000000,session_close,0.0606060606,3.3000000000,3.3000000000,0.0285714286,0.0246285714,0.6547790370,0.5644195299,0.0903595071,22.9172662957,22.9172662957,1.0000000000,17750.0000000000,,,IS
ASYS,short,2017-02-10,09:30,6.1600000000,2017-02-10,16:00,5.8900000000,session_close,0.1099099099,5.5500000000,5.6900000000,0.0438311688,0.0399188312,1.0292297359,0.9373614520,0.0918682838,23.4816858256,23.4816858256,1.0000000000,85644.0000000000,,,IS
GYRE,short,2017-02-14,09:30,159.7500000000,2017-02-14,16:00,117.4500000000,session_close,0.1210526316,142.5000000000,113.8500000000,0.2647887324,0.2613183099,6.4658885749,6.3811441630,0.0847444120,24.4190472777,24.4190472777,1.0000000000,125930.0000000000,,,IS
PRPO,short,2017-02-15,09:30,216.0000000000,2017-02-15,16:00,210.0000000000,session_close,0.0588235294,204.0000000000,204.0000000000,0.0277777778,0.0238333333,0.8555608734,0.7340712293,0.1214896440,30.8001914406,30.8001914406,1.0000000000,855900.0000000000,,,IS
PRPO,short,2017-02-16,09:30,225.0000000000,2017-02-16,16:00,210.0000000000,session_close,0.0714285714,210.0000000000,207.0000000000,0.0666666667,0.0628000000,2.1022841780,1.9803516957,0.1219324823,31.5342626700,31.5342626700,1.0000000000,824949.0000000000,,,IS
AMRC,short,2017-03-02,09:30,5.6500000000,2017-03-02,16:00,6.1000000000,session_close,0.0865384615,5.2000000000,5.6500000000,-0.0796460177,-0.0838053097,-2.6693055689,-2.8087026375,0.1393970686,33.5146143656,33.5146143656,1.0000000000,280170.0000000000,,,IS
GYRE,short,2017-03-28,09:30,120.1500000000,2017-03-28,16:00,225.1500000000,session_close,0.5553398058,77.2500000000,118.6500000000,-0.8739076155,-0.8796554307,-26.8341300995,-27.0106220066,0.1764919071,30.7059117281,30.7059117281,1.0000000000,150234.0000000000,,,IS
GYRE,short,2017-03-29,09:30,267.0000000000,2017-03-29,16:00,157.6500000000,session_close,0.1858760826,225.1500000000,157.5000000000,0.4095505618,0.4063696629,1.5134079815,1.5016536385,0.0117543429,3.6952897215,3.6952897215,1.0000000000,150234.0000000000,,,IS
GYRE,short,2017-04-11,09:30,97.6500000000,2017-04-11,16:00,85.6500000000,session_close,0.1262975779,86.7000000000,84.7500000000,0.1228878648,0.1191336406,0.6386412731,0.6191307822,0.0195104909,5.1969433601,5.1969433601,1.0000000000,367120.0000000000,,,IS
GYRE,short,2017-04-17,09:30,86.1000000000,2017-04-17,16:00,82.6500000000,session_close,0.0609981516,81.1500000000,81.7500000000,0.0400696864,0.0361498258,0.2330482670,0.2102500670,0.0227982000,5.8160741423,5.8160741423,1.0000000000,5065139.9999999991,,,IS
ASYS,short,2017-04-26,09:30,6.2500000000,2017-04-26,16:00,6.1100000000,session_close,0.1363636364,5.5000000000,6.0200000000,0.0224000000,0.0184448000,0.1349896623,0.1111543448,0.0238353175,6.0263242093,6.0263242093,1.0000000000,109011.0000000000,,,IS
PRPO,short,2017-04-27,09:30,123.7500000000,2017-04-27,16:00,114.0000000000,session_close,0.0576923077,117.0000000000,113.3400000000,0.0787878788,0.0749454545,0.4835589164,0.4599761200,0.0235827964,6.1374785541,6.1374785541,1.0000000000,41634.0000000000,,,IS
BJRI,short,2017-04-28,09:30,46.3500000000,2017-04-28,16:00,45.1000000000,session_close,0.0893066980,42.5500000000,44.7500000000,0.0269687163,0.0230226537,0.1779248833,0.1518909144,0.0260339689,6.5974546741,6.5974546741,1.0000000000,12696135.0000000000,,,IS
AMRC,short,2017-05-02,09:30,6.9500000000,2017-05-02,16:00,6.4000000000,session_close,0.0859375000,6.4000000000,5.7000000000,0.0791366906,0.0752949640,0.5341208739,0.5081917333,0.0259291406,6.7493455885,6.7493455885,1.0000000000,353400.0000000000,,,IS
ASYS,short,2017-05-03,09:30,7.2500000000,2017-05-03,16:00,7.1300000000,session_close,0.0537790698,6.8800000000,6.9400000000,0.0165517241,0.0125848276,0.1201247557,0.0913348559,0.0287898998,7.2575373218,7.2575373218,1.0000000000,134912.0000000000,,,IS
RGR,short,2017-05-09,09:30,162.1657754011,2017-05-09,16:00,168.4491978610,session_close,0.0575414124,153.3422459893,162.1657754011,-0.0387469085,-0.0428244023,-0.2847460778,-0.3147110586,0.0299649809,7.3488721777,7.3488721777,1.0000000000,12105200.0000000019,,,IS
PESI,short,2017-05-10,09:30,3.4000000000,2017-05-10,16:00,3.7000000000,session_close,0.0625000000,3.2000000000,3.3800000000,-0.0882352941,-0.0924117647,-0.6206612752,-0.6500392422,0.0293779670,7.0341611190,7.0341611190,1.0000000000,38350.0000000000,,,IS
GYRE,short,2017-05-31,09:30,67.6500000000,2017-05-31,16:00,70.9500000000,session_close,0.0815347722,62.5500000000,65.2500000000,-0.0487804878,-0.0528780488,-0.3114205794,-0.3375799080,0.0261593287,6.3841218768,6.3841218768,1.0000000000,1050967.0000000000,,,IS
PRPO,short,2017-06-02,09:30,90.0000000000,2017-06-02,16:00,85.5600000000,session_close,0.2000000000,75.0000000000,78.0000000000,0.0493333333,0.0454320000,0.2982960705,0.2747064947,0.0235895757,6.0465419688,6.0465419688,1.0000000000,23529.0000000000,,,IS
PRPO,short,2017-06-06,09:30,88.5300000000,2017-06-06,16:00,81.3000000000,session_close,0.0730909091,82.5000000000,78.3000000000,0.0816672314,0.0778305659,0.5162388613,0.4919863452,0.0242525161,6.3212484635,6.3212484635,1.0000000000,24420.0000000000,,,IS
PRPO,short,2017-06-07,09:30,85.5000000000,2017-06-07,16:00,84.0000000000,session_close,0.0516605166,81.3000000000,78.3000000000,0.0175438596,0.0135789474,0.1195304352,0.0925165569,0.0270138784,6.8132348086,6.8132348086,1.0000000000,23529.0000000000,,,IS
LZB,short,2017-06-21,09:30,29.4000000000,2017-06-21,16:00,32.0000000000,session_close,0.1221374046,26.2000000000,29.0500000000,-0.0884353741,-0.0926122449,-0.3053563529,-0.3197785683,0.0144222154,6.9057513655,3.4528756828,0.5000000000,13272875.0000000000,,,IS
PRPO,short,2017-06-21,09:30,1800.0000000000,2017-06-21,16:00,1905.0000000000,session_close,0.0909090909,1650.0000000000,1800.0000000000,-0.0583333333,-0.0624500000,-0.2014177482,-0.2156320864,0.0142143382,6.9057513655,3.4528756828,0.5000000000,20950.0000000000,,,IS
PRPO,short,2017-06-23,09:30,2052.0000000000,2017-06-23,16:00,2190.0000000000,session_close,0.0771653543,1905.0000000000,2052.0000000000,-0.0672514620,-0.0713859649,-0.4284147262,-0.4547529185,0.0263381923,6.3703407108,6.3703407108,1.0000000000,19500.0000000000,,,IS
GYRE,short,2017-06-26,09:30,72.3000000000,2017-06-26,16:00,68.1000000000,session_close,0.0640176600,67.9500000000,66.9000000000,0.0580912863,0.0542074689,0.3436441041,0.3206690412,0.0229750630,5.9155877923,5.9155877923,1.0000000000,677108.0000000001,,,IS
PRPO,short,2017-06-30,09:30,2610.0000000000,2017-06-30,16:00,2700.0000000000,session_close,0.2794117647,2040.0000000000,2610.0000000000,-0.0344827586,-0.0385517241,-0.2150433391,-0.2404184531,0.0253751140,6.2362568335,6.2362568335,1.0000000000,12635.0000000000,,,IS
PRPO,short,2017-07-03,09:30,3975.0000000000,2017-07-03,16:00,3630.0000000000,session_close,0.4722222222,2700.0000000000,3630.0000000000,0.0867924528,0.0829660377,0.5203935198,0.4974509533,0.0229425665,5.9958383804,5.9958383804,1.0000000000,12600.0000000000,,,IS
PRPO,short,2017-07-05,09:30,4245.0000000000,2017-07-05,16:00,6030.0000000000,session_close,0.1694214876,3630.0000000000,4245.0000000000,-0.4204946996,-0.4253356890,-2.7303937481,-2.7618276929,0.0314339448,6.4932893337,6.4932893337,1.0000000000,12600.0000000000,,,IS
PRPO,short,2017-07-11,09:30,3600.0000000000,2017-07-11,16:00,3594.0000000000,session_close,0.0676156584,3372.0000000000,3297.0000000000,0.0016666667,-0.0023300000,0.0062191027,-0.0086943056,0.0149134084,3.7314616408,3.7314616408,1.0000000000,20400.0000000000,,,IS
PRPO,short,2017-07-12,09:30,3840.0000000000,2017-07-12,16:00,3684.0000000000,session_close,0.0684474124,3594.0000000000,3360.0000000000,0.0406250000,0.0367062500,0.1512374230,0.1366488285,0.0145885945,3.7227673352,3.7227673352,1.0000000000,20400.0000000000,,,IS
OCSL,short,2017-07-14,09:30,16.4400000000,2017-07-14,16:00,16.3200000000,session_close,0.1734475375,14.0100000000,15.7500000000,0.0072992701,0.0033138686,0.0140854605,0.0063947990,0.0076906614,3.8594161637,1.9297080818,0.5000000000,2136000.0000000000,,,IS
PRPO,short,2017-07-14,09:30,3744.0000000000,2017-07-14,16:00,3471.0000000000,session_close,0.0947368421,3420.0000000000,3450.0000000000,0.0729166667,0.0690625000,0.1407078810,0.1332704644,0.0074374166,3.8594161637,1.9297080818,0.5000000000,23220.0000000000,,,IS
ASYS,short,2017-08-10,09:30,11.0100000000,2017-08-10,16:00,10.5000000000,session_close,0.1421161826,9.6400000000,10.0300000000,0.0463215259,0.0424141689,0.0926217769,0.0848088576,0.0078129193,3.9990814271,1.9995407136,0.5000000000,623212.0000000000,,,IS
PRPO,short,2017-08-10,09:30,1731.0000000000,2017-08-10,16:00,1410.0000000000,session_close,0.1160541586,1551.0000000000,1350.0000000000,0.1854419411,0.1818128250,0.3707987112,0.3635421457,0.0072565654,3.9990814271,1.9995407136,0.5000000000,64980.0000000000,,,IS
PRPO,short,2017-08-18,09:30,1599.0000000000,2017-08-18,16:00,1449.0000000000,session_close,0.0617529880,1506.0000000000,1323.0000000000,0.0938086304,0.0899962477,0.4172075451,0.4002522304,0.0169553146,4.4474324305,4.4474324305,1.0000000000,68888.0000000000,,,IS
PRPO,short,2017-08-21,09:30,1572.0000000000,2017-08-21,16:00,1587.0000000000,session_close,0.0848861284,1449.0000000000,1344.0000000000,-0.0095419847,-0.0135610687,-0.0462565330,-0.0657397847,0.0194832517,4.8476846609,4.8476846609,1.0000000000,64390.0000000000,,,IS
MOV,short,2017-08-29,09:30,28.2000000000,2017-08-29,16:00,28.5000000000,session_close,0.1823899371,23.8500000000,26.3500000000,-0.0106382979,-0.0146595745,-0.0508717540,-0.0701012770,0.0192295230,4.7819448762,4.7819448762,1.0000000000,2134995.0000000000,,,IS
GYRE,short,2017-09-06,09:30,54.0000000000,2017-09-06,16:00,56.7000000000,session_close,0.0619469027,50.8500000000,52.5000000000,-0.0500000000,-0.0541000000,-0.2355921800,-0.2549107387,0.0193185588,4.7118435992,4.7118435992,1.0000000000,141024.0000000000,,,IS
HRTG,short,2017-09-11,09:30,11.0500000000,2017-09-11,16:00,11.3900000000,session_close,0.1792956243,9.3700000000,10.5300000000,-0.0307692308,-0.0348307692,-0.1371363957,-0.1552383999,0.0181020042,4.4569328605,4.4569328605,1.0000000000,5616356.0000000000,,,IS
PRPO,short,2017-09-21,09:30,595.5000000000,2017-09-21,16:00,552.0000000000,session_close,0.0672043011,558.0000000000,543.0000000000,0.0730478589,0.0691939547,0.3142295702,0.2976512515,0.0165783187,4.3016944605,4.3016944605,1.0000000000,134142.0000000000,,,IS
GYRE,short,2017-09-25,09:30,76.3500000000,2017-09-25,16:00,76.5000000000,session_close,0.0560165975,72.3000000000,71.2500000000,-0.0019646365,-0.0059685658,-0.0090360427,-0.0274514976,0.0184154549,4.5993457120,4.5993457120,1.0000000000,539737.9999999999,,,IS
PRPO,short,2017-09-28,09:30,573.0000000000,2017-09-28,16:00,690.0000000000,session_close,0.0611111111,540.0000000000,546.0000000000,-0.2041884817,-0.2085968586,-0.9335281380,-0.9536827712,0.0201546331,4.5718942144,4.5718942144,1.0000000000,76499.0000000000,,,IS
PRPO,short,2017-10-06,09:30,570.0000000000,2017-10-06,16:00,582.0000000000,session_close,0.0555555556,540.0000000000,549.0000000000,-0.0210526316,-0.0250947368,-0.0761728725,-0.0907980640,0.0146251915,3.6182114432,3.6182114432,1.0000000000,76499.0000000000,,,IS
PRPO,short,2017-10-12,09:30,735.0000000000,2017-10-12,16:00,630.0000000000,session_close,0.0986547085,669.0000000000,603.0000000000,0.1428571429,0.1391428571,0.5039161970,0.4908143759,0.0131018211,3.5274133792,3.5274133792,1.0000000000,70840.0000000000,,,IS
PRPO,short,2017-10-17,09:30,615.0000000000,2017-10-17,16:00,570.0000000000,session_close,0.0567010309,582.0000000000,546.0000000000,0.0731707317,0.0693170732,0.2940166650,0.2785317873,0.0154848777,4.0182277551,4.0182277551,1.0000000000,83304.0000000000,,,IS
PRPO,short,2017-10-18,09:30,600.0000000000,2017-10-18,16:00,567.0000000000,session_close,0.0526315789,570.0000000000,561.0000000000,0.0550000000,0.0511100000,0.2363217748,0.2196073802,0.0167143946,4.2967595425,4.2967595425,1.0000000000,84584.0000000000,,,IS
PRPO,short,2017-10-24,09:30,609.0000000000,2017-10-24,16:00,621.0000000000,session_close,0.0572916667,576.0000000000,573.0000000000,-0.0197044335,-0.0237438424,-0.0889924517,-0.1072359043,0.0182434526,4.5163669227,4.5163669227,1.0000000000,84584.0000000000,,,IS
APEI,short,2017-11-08,09:30,20.9000000000,2017-11-08,16:00,25.1500000000,session_close,0.0690537084,19.5500000000,20.6000000000,-0.2033492823,-0.2077559809,-0.4482968141,-0.4580116697,0.0097148557,4.4091310184,2.2045655092,0.5000000000,812530.0000000000,,,IS
KELYA,short,2017-11-08,09:30,27.6900000000,2017-11-08,16:00,28.2000000000,session_close,0.0552591463,26.2400000000,27.0700000000,-0.0184182015,-0.0224550379,-0.0406041318,-0.0495036021,0.0088994703,4.4091310184,2.2045655092,0.5000000000,2631432.0000000000,,,IS
ASYS,short,2017-11-21,09:30,15.0100000000,2017-11-21,16:00,13.2300000000,session_close,0.0630311615,14.1200000000,13.0000000000,0.1185876083,0.1148247835,0.2313416399,0.2240010917,0.0073405482,3.9016157466,1.9508078733,0.5000000000,2344160.0000000000,,,IS
MOV,short,2017-11-21,09:30,32.0500000000,2017-11-21,16:00,32.2500000000,session_close,0.1089965398,28.9000000000,31.1000000000,-0.0062402496,-0.0102527301,-0.0121735281,-0.0200011066,0.0078275785,3.9016157466,1.9508078733,0.5000000000,2274855.0000000000,,,IS
TITN,short,2017-11-30,09:30,18.0000000000,2017-11-30,16:00,19.0000000000,session_close,0.0771992819,16.7100000000,18.0000000000,-0.0555555556,-0.0596666667,-0.2280897629,-0.2449684053,0.0168786425,4.1056157316,4.1056157316,1.0000000000,1067838.0000000000,,,IS
TITN,short,2017-12-01,09:30,19.9600000000,2017-12-01,16:00,21.5700000000,session_close,0.0505263158,19.0000000000,19.5000000000,-0.0806613226,-0.0848226453,-0.3114049196,-0.3274703187,0.0160653991,3.8606473263,3.8606473263,1.0000000000,1067838.0000000000,,,IS
GYRE,short,2017-12-08,09:30,115.8000000000,2017-12-08,16:00,113.1000000000,session_close,0.0797202797,107.2500000000,112.9500000000,0.0233160622,0.0193626943,0.0823797748,0.0684118263,0.0139679485,3.5331770075,3.5331770075,1.0000000000,1170234.0000000000,,,IS
GYRE,short,2017-12-11,09:30,133.5000000000,2017-12-11,16:00,124.6500000000,session_close,0.1803713528,113.1000000000,111.1500000000,0.0662921348,0.0624247191,0.2387570126,0.2248281713,0.0139288413,3.6015888338,3.6015888338,1.0000000000,1181620.0000000000,,,IS
PRPO,short,2017-12-14,09:30,357.0000000000,2017-12-14,16:00,360.0000000000,session_close,0.0818181818,330.0000000000,342.0000000000,-0.0084033613,-0.0124201681,-0.0321547647,-0.0475247423,0.0153699775,3.8264170051,3.8264170051,1.0000000000,31152.0000000000,,,IS
PRPO,short,2017-12-18,09:30,348.0000000000,2017-12-18,16:00,339.0000000000,session_close,0.0642201835,327.0000000000,309.0000000000,0.0258620690,0.0219137931,0.0977299723,0.0828098632,0.0149201091,3.7788922628,3.7788922628,1.0000000000,31152.0000000000,,,IS
BJRI,short,2018-01-03,09:30,38.8500000000,2018-01-03,16:00,39.0500000000,session_close,0.0571428571,36.7500000000,38.5000000000,-0.0051480051,-0.0091583012,-0.0099400312,-0.0176833155,0.0077432843,3.8617021260,1.9308510630,0.5000000000,10859460.0000000000,,,IS
MYE,short,2018-01-03,09:30,22.1000000000,2018-01-03,16:00,20.6000000000,session_close,0.1050000000,20.0000000000,20.5500000000,0.0678733032,0.0640090498,0.1310532396,0.1235919418,0.0074612978,3.8617021260,1.9308510630,0.5000000000,1382050.0000000000,,,IS
BXC,short,2018-01-17,09:30,12.2100000000,2018-01-17,16:00,12.5200000000,session_close,0.0834072760,11.2700000000,12.1000000000,-0.0253890254,-0.0294398034,-0.1007337701,-0.1168056807,0.0160719105,3.9676107523,3.9676107523,1.0000000000,702720.0000000000,,,IS
PRPO,short,2018-01-25,09:30,375.0000000000,2018-01-25,16:00,351.0000000000,session_close,0.0775862069,348.0000000000,342.0000000000,0.0640000000,0.0601280000,0.2464515246,0.2315412073,0.0149103172,3.8508050716,3.8508050716,1.0000000000,35518.0000000000,,,IS
SCSC,short,2018-02-07,09:30,35.8500000000,2018-02-07,16:00,34.5000000000,session_close,0.0996932515,32.6000000000,34.0500000000,0.0376569038,0.0337322176,0.1537285210,0.1377065929,0.0160219281,4.0823462790,4.0823462790,1.0000000000,2738185.0000000000,,,IS
PRPO,short,2018-02-14,09:30,225.0000000000,2018-02-14,16:00,231.0000000000,session_close,0.0714285714,210.0000000000,213.0000000000,-0.0266666667,-0.0307200000,-0.1125347432,-0.1296400242,0.0171052810,4.2200528719,4.2200528719,1.0000000000,33264.0000000000,,,IS
PRPO,short,2018-02-15,09:30,243.0000000000,2018-02-15,16:00,216.0000000000,session_close,0.0519480519,231.0000000000,216.0000000000,0.1111111111,0.1073333333,0.4544903164,0.4390376456,0.0154526708,4.0904128476,4.0904128476,1.0000000000,33264.0000000000,,,IS
LZB,short,2018-02-21,09:30,30.6000000000,2018-02-21,16:00,31.7500000000,session_close,0.0588235294,28.9000000000,30.4500000000,-0.0375816993,-0.0416568627,-0.1702244466,-0.1886826975,0.0184582509,4.5294504933,4.5294504933,1.0000000000,9083385.0000000000,,,IS
BJRI,short,2018-02-23,09:30,43.3500000000,2018-02-23,16:00,43.6500000000,session_close,0.1201550388,38.7000000000,41.5100000000,-0.0069204152,-0.0109342561,-0.0300399155,-0.0474630666,0.0174231510,4.3407677958,4.3407677958,1.0000000000,10400160.0000000000,,,IS
APEI,short,2018-02-28,09:30,28.0500000000,2018-02-28,16:00,30.7500000000,session_close,0.1086956522,25.3000000000,28.0000000000,-0.0962566845,-0.1004491979,-0.4132592787,-0.4312590162,0.0179997375,4.2933047292,4.2933047292,1.0000000000,2025260.0000000000,,,IS
AMRC,short,2018-03-06,09:30,9.6000000000,2018-03-06,16:00,9.9000000000,session_close,0.1497005988,8.3500000000,9.4500000000,-0.0312500000,-0.0353125000,-0.1206889285,-0.1363784892,0.0156895607,3.8620457130,3.8620457130,1.0000000000,354450.0000000000,,,IS
ORN,short,2018-03-08,09:30,6.9400000000,2018-03-08,16:00,6.8000000000,session_close,0.0946372240,6.3400000000,6.8000000000,0.0201729107,0.0162132565,0.0751575521,0.0604051983,0.0147523538,3.7256672237,3.7256672237,1.0000000000,479024.0000000000,,,IS
BXC,short,2018-03-12,09:30,18.5000000000,2018-03-12,16:00,28.0300000000,session_close,0.1716276124,15.7900000000,17.9600000000,-0.5151351351,-0.5201654054,-1.9503389287,-1.9693838963,0.0190449675,3.7860724220,3.7860724220,1.0000000000,2985312.0000000000,,,IS
BXC,short,2018-03-13,09:30,30.6000000000,2018-03-13,16:00,34.0600000000,session_close,0.0916874777,28.0300000000,30.4000000000,-0.1130718954,-0.1172980392,-0.2054164150,-0.2130940019,0.0076775869,1.8166885257,1.8166885257,1.0000000000,3080862.0000000000,,,IS
PRPO,short,2018-03-26,09:30,195.0000000000,2018-03-26,16:00,168.0000000000,session_close,0.2149532710,160.5000000000,165.0000000000,0.1384615385,0.1347384615,0.2220361648,0.2160658591,0.0059703058,1.6035945238,1.6035945238,1.0000000000,195426.0000000000,,,IS
PRPO,short,2018-03-28,09:30,183.0000000000,2018-03-28,16:00,171.0000000000,session_close,0.1296296296,162.0000000000,156.0000000000,0.0655737705,0.0617049180,0.1193219923,0.1122819948,0.0070399975,1.8196603829,1.8196603829,1.0000000000,209671.0000000000,,,IS
MOV,short,2018-03-29,09:30,38.0000000000,2018-03-29,16:00,38.4000000000,session_close,0.1445783133,33.2000000000,37.7000000000,-0.0105263158,-0.0145473684,-0.0101681178,-0.0140523388,0.0038842210,1.9319423776,0.9659711888,0.5000000000,3556000.0000000000,,,IS
TITN,short,2018-03-29,09:30,22.4800000000,2018-03-29,16:00,23.5600000000,session_close,0.1382278481,19.7500000000,21.0700000000,-0.0480427046,-0.0521387900,-0.0464078685,-0.0503645690,0.0039567005,1.9319423776,0.9659711888,0.5000000000,3200999.9999999995,,,IS
PRPO,short,2018-04-05,09:30,132.0000000000,2018-04-05,16:00,127.5000000000,session_close,0.0602409639,124.5000000000,120.9000000000,0.0340909091,0.0301590909,0.0636656410,0.0563228704,0.0073427706,1.8675254699,1.8675254699,1.0000000000,594527.9999999999,,,IS
PRPO,short,2018-04-11,09:30,163.5000000000,2018-04-11,16:00,153.9000000000,session_close,0.1695278970,139.8000000000,148.2000000000,0.0587155963,0.0548330275,0.1129599025,0.1054904290,0.0074694736,1.9238483403,1.9238483403,1.0000000000,594527.9999999999,,,IS
PRPO,short,2018-04-18,09:30,148.5000000000,2018-04-18,16:00,136.5000000000,session_close,0.1511627907,129.0000000000,135.0000000000,0.0808080808,0.0769696970,0.1639869713,0.1561975901,0.0077893811,2.0293387693,2.0293387693,1.0000000000,594527.9999999999,,,IS
PRPO,short,2018-04-20,09:30,138.0000000000,2018-04-20,16:00,132.0000000000,session_close,0.0697674419,129.0000000000,126.0000000000,0.0434782609,0.0395652174,0.0950233200,0.0864712212,0.0085520988,2.1855363594,2.1855363594,1.0000000000,594527.9999999999,,,IS
BJRI,short,2018-04-27,09:30,53.0000000000,2018-04-27,16:00,56.2000000000,session_close,0.0696266398,49.5500000000,52.8500000000,-0.0603773585,-0.0644981132,-0.1371778162,-0.1465402021,0.0093623860,2.2720075806,2.2720075806,1.0000000000,17694005.0000000000,,,IS
AMRC,short,2018-05-01,09:30,12.6500000000,2018-05-01,16:00,11.6000000000,session_close,0.0675105485,11.8500000000,11.1000000000,0.0830039526,0.0791699605,0.1764221935,0.1682731683,0.0081490251,2.1254673784,2.1254673784,1.0000000000,1760430.0000000000,,,IS
ASYS,short,2018-05-11,09:30,7.9400000000,2018-05-11,16:00,8.2200000000,session_close,0.0729729730,7.4000000000,7.7500000000,-0.0352644836,-0.0393350126,-0.0404437880,-0.0451121566,0.0046683687,2.2937405468,1.1468702734,0.5000000000,876900.0000000000,,,IS
PRPO,short,2018-05-11,09:30,123.0000000000,2018-05-11,16:00,114.0000000000,session_close,0.0649350649,115.5000000000,114.0000000000,0.0731707317,0.0693170732,0.0839173371,0.0794976907,0.0044196464,2.2937405468,1.1468702734,0.5000000000,155595.0000000000,,,IS
ASYS,short,2018-05-14,09:30,8.7200000000,2018-05-14,16:00,8.9100000000,session_close,0.0608272506,8.2200000000,8.3800000000,-0.0217889908,-0.0258325688,-0.0253637589,-0.0300707386,0.0047069797,2.3281260808,1.1640630404,0.5000000000,889710.0000000000,,,IS
PRPO,short,2018-05-14,09:30,147.0000000000,2018-05-14,16:00,144.0000000000,session_close,0.2894736842,114.0000000000,135.0000000000,0.0204081633,0.0164489796,0.0237563886,0.0191476492,0.0046087394,2.3281260808,1.1640630404,0.5000000000,136586.7000000000,,,IS
PRPO,short,2018-05-17,09:30,135.0000000000,2018-05-17,16:00,128.7000000000,session_close,0.1221945137,120.3000000000,124.5000000000,0.0466666667,0.0427600000,0.1081361396,0.0990835999,0.0090525397,2.3172029914,2.3172029914,1.0000000000,136586.7000000000,,,IS
PRPO,short,2018-05-22,09:30,171.0000000000,2018-05-22,16:00,147.0000000000,session_close,0.3571428571,126.0000000000,141.0000000000,0.1403508772,0.1366315789,0.3391279426,0.3301410522,0.0089868905,2.4162865913,2.4162865913,1.0000000000,136586.7000000000,,,IS
PRPO,short,2018-05-24,09:30,171.0000000000,2018-05-24,16:00,165.0000000000,session_close,0.1176470588,153.0000000000,150.0000000000,0.0350877193,0.0311578947,0.0963658822,0.0855729034,0.0107929788,2.7464276435,2.7464276435,1.0000000000,172653.0000000000,,,IS
MOV,short,2018-05-30,09:30,46.0500000000,2018-05-30,16:00,49.2000000000,session_close,0.0912322275,42.2000000000,45.7000000000,-0.0684039088,-0.0725407166,-0.1937199071,-0.2054353491,0.0117154420,2.8320005469,2.8320005469,1.0000000000,4874100.0000000000,,,IS
PRPO,short,2018-06-06,09:30,147.0000000000,2018-06-06,16:00,142.2000000000,session_close,0.0652173913,138.0000000000,140.4000000000,0.0326530612,0.0287183673,0.0857653942,0.0754306642,0.0103347300,2.6265651978,2.6265651978,1.0000000000,439875.0000000000,,,IS
PRPO,short,2018-07-03,09:30,115.5000000000,2018-07-03,16:00,108.0000000000,session_close,0.0694444444,108.0000000000,96.0000000000,0.0649350649,0.0610649351,0.1754542768,0.1649972019,0.0104570749,2.7019958620,2.7019958620,1.0000000000,260682.0000000000,,,IS
PRPO,short,2018-07-09,09:30,108.3000000000,2018-07-09,16:00,100.5000000000,session_close,0.0617647059,102.0000000000,99.6000000000,0.0720221607,0.0681662050,0.2064870351,0.1954320369,0.0110549982,2.8669930638,2.8669930638,1.0000000000,238760.0000000000,,,IS
PRPO,short,2018-07-18,09:30,163.5000000000,2018-07-18,16:00,143.4000000000,session_close,0.4729729730,111.0000000000,132.0000000000,0.1229357798,0.1191816514,0.3764816179,0.3649848807,0.0114967372,3.0624251007,3.0624251007,1.0000000000,144695.0000000000,,,IS
IIIN,short,2018-07-19,09:30,36.0000000000,2018-07-19,16:00,40.0500000000,session_close,0.0613207547,33.9200000000,35.4700000000,-0.1125000000,-0.1167250000,-0.3855836229,-0.4000644301,0.0144808072,3.4274099814,3.4274099814,1.0000000000,2051366.0000000000,,,IS
BJRI,short,2018-07-27,09:30,73.0500000000,2018-07-27,16:00,64.0000000000,session_close,0.1858766234,61.6000000000,63.7000000000,0.1238877481,0.1201355236,0.3750510231,0.3636917430,0.0113592802,3.0273455514,3.0273455514,1.0000000000,17022450.0000000000,,,IS
BXC,short,2018-08-09,09:30,36.8400000000,2018-08-09,16:00,38.6200000000,session_close,0.1373880827,32.3900000000,35.2000000000,-0.0483170467,-0.0524136808,-0.1638449073,-0.1777367463,0.0138918390,3.3910372943,3.3910372943,1.0000000000,8045056.0000000000,,,IS
PRPO,short,2018-08-13,09:30,138.0000000000,2018-08-13,16:00,132.0000000000,session_close,0.0697674419,129.0000000000,129.0000000000,0.0434782609,0.0395652174,0.1397087195,0.1271349347,0.0125737848,3.2133005481,3.2133005481,1.0000000000,228545.0000000000,,,IS
LZB,short,2018-08-22,09:30,38.7500000000,2018-08-22,16:00,37.4500000000,session_close,0.1706948640,33.1000000000,35.6000000000,0.0335483871,0.0296154839,0.1120662226,0.0989286132,0.0131376095,3.3404354828,3.3404354828,1.0000000000,10281005.0000000000,,,IS
PRPO,short,2018-08-23,09:30,150.0000000000,2018-08-23,16:00,130.5000000000,session_close,0.0526315789,142.5000000000,126.6000000000,0.1300000000,0.1262600000,0.4471173325,0.4342541108,0.0128632217,3.4393640960,3.4393640960,1.0000000000,228545.0000000000,,,IS
TITN,short,2018-08-30,09:30,18.0500000000,2018-08-30,16:00,17.5500000000,session_close,0.1431285624,15.7900000000,14.2700000000,0.0277008310,0.0237562327,0.1073024434,0.0920225755,0.0152798679,3.8736182067,3.8736182067,1.0000000000,2233488.0000000000,,,IS
PESI,short,2018-09-17,09:30,4.8000000000,2018-09-17,16:00,4.6000000000,session_close,0.0549450549,4.5500000000,4.6000000000,0.0416666667,0.0377500000,0.1652350326,0.1497029395,0.0155320931,3.9656407822,3.9656407822,1.0000000000,11155.0000000000,,,IS
PRPO,short,2018-09-20,09:30,129.0000000000,2018-09-20,16:00,123.6000000000,session_close,0.0750000000,120.0000000000,120.0000000000,0.0418604651,0.0379441860,0.1722702023,0.1561533678,0.0161168345,4.1153437217,4.1153437217,1.0000000000,127725.0000000000,,,IS
MOV,short,2018-10-08,09:30,41.4500000000,2018-10-08,16:00,40.4000000000,session_close,0.0544390740,39.3100000000,40.0600000000,0.0253317250,0.0213823884,0.1082043895,0.0913348099,0.0168695796,4.2714970895,4.2714970895,1.0000000000,8174690.0000000000,,,IS
PRPO,short,2018-10-16,09:30,123.0000000000,2018-10-16,16:00,99.0000000000,session_close,0.3225806452,93.0000000000,96.0000000000,0.1951219512,0.1915121951,0.8512842731,0.8355355140,0.0157487591,4.3628318994,4.3628318994,1.0000000000,148720.0000000000,,,IS
PRPO,short,2018-10-24,09:30,96.0000000000,2018-10-24,16:00,87.0000000000,session_close,0.0666666667,90.0000000000,81.0000000000,0.0937500000,0.0899375000,0.4873469450,0.4675281692,0.0198187758,5.1983674134,5.1983674134,1.0000000000,216560.0000000000,,,IS
BJRI,short,2018-10-31,09:30,67.1600000000,2018-10-31,16:00,61.1800000000,session_close,0.0733578392,62.5700000000,60.6000000000,0.0890410959,0.0852191781,0.2522487759,0.2414214823,0.0108272936,5.6658955827,2.8329477913,0.5000000000,29865407.9999999963,,,IS
PESI,short,2018-10-31,09:30,3.6600000000,2018-10-31,16:00,3.7700000000,session_close,0.0517241379,3.4800000000,3.6600000000,-0.0300546448,-0.0341147541,-0.0851432396,-0.0966453173,0.0115020776,5.6658955827,2.8329477913,0.5000000000,22631.0000000000,,,IS
PRPO,short,2018-11-01,09:30,91.5000000000,2018-11-01,16:00,87.0000000000,session_close,0.1296296296,81.0000000000,84.0000000000,0.0491803279,0.0452786885,0.2857707417,0.2630995962,0.0226711455,5.8106717477,5.8106717477,1.0000000000,215776.0000000000,,,IS
PESI,short,2018-11-05,09:30,3.7600000000,2018-11-05,16:00,3.6500000000,session_close,0.0742857143,3.5000000000,3.6500000000,0.0292553191,0.0253138298,0.0888450596,0.0768752070,0.0119698526,6.0737713439,3.0368856720,0.5000000000,22631.0000000000,,,IS
PRPO,short,2018-11-05,09:30,89.7000000000,2018-11-05,16:00,84.0000000000,session_close,0.0678571429,84.0000000000,82.5000000000,0.0635451505,0.0596722408,0.1929793571,0.1812177731,0.0117615840,6.0737713439,3.0368856720,0.5000000000,215776.0000000000,,,IS
LZB,short,2018-11-29,09:30,32.5800000000,2018-11-29,16:00,29.8100000000,session_close,0.1172839506,29.1600000000,28.7200000000,0.0850214856,0.0811915285,0.1794481704,0.1713645810,0.0080835894,6.3318643240,2.1106214413,0.3333333333,9429594.0000000000,,,IS
PESI,short,2018-11-29,09:30,3.0200000000,2018-11-29,16:00,3.0000000000,session_close,0.0559440559,2.8600000000,2.9400000000,0.0066225166,0.0026357616,0.0139776254,0.0055630949,0.0084145305,6.3318643240,2.1106214413,0.3333333333,12423.0000000000,,,IS
TITN,short,2018-11-29,09:30,16.2900000000,2018-11-29,16:00,17.8100000000,session_close,0.1488011283,14.1800000000,15.9300000000,-0.0933087784,-0.0974953959,-0.1969395083,-0.2057758731,0.0088363648,6.3318643240,2.1106214413,0.3333333333,1376826.0000000000,,,IS
MOV,short,2018-12-04,09:30,40.0900000000,2018-12-04,16:00,41.5100000000,session_close,0.0870390456,36.8800000000,40.0000000000,-0.0354203043,-0.0394911449,-0.2232547493,-0.2489133233,0.0256585740,6.3030161268,6.3030161268,1.0000000000,5675838.0000000009,,,IS
BBCP,short,2018-12-07,09:30,15.2500000000,2018-12-07,16:00,10.2000000000,session_close,0.6292735043,9.3600000000,10.2000000000,0.3311475410,0.3278098361,1.0024006281,0.9922972238,0.0101034044,6.0541028035,3.0270514017,0.5000000000,217763.0000000000,,,IS
PRPO,short,2018-12-07,09:30,66.0000000000,2018-12-07,16:00,57.0000000000,session_close,0.0731707317,61.5000000000,57.0000000000,0.1363636364,0.1326363636,0.4127797366,0.4014970905,0.0112826461,6.0541028035,3.0270514017,0.5000000000,150073.5000000000,,,IS
PESI,short,2018-12-10,09:30,2.7600000000,2018-12-10,16:00,2.5000000000,session_close,0.0615384615,2.6000000000,2.4800000000,0.0942028986,0.0903913043,0.3508067483,0.3366125676,0.0141941807,7.4478971177,3.7239485589,0.5000000000,9282.0000000000,,,IS
PRPO,short,2018-12-10,09:30,60.0000000000,2018-12-10,16:00,60.0000000000,session_close,0.0526315789,57.0000000000,54.0000000000,0.0000000000,-0.0040000000,0.0000000000,-0.0148957942,0.0148957942,7.4478971177,3.7239485589,0.5000000000,140601.5000000000,,,IS
BBCP,short,2018-12-11,09:30,9.3500000000,2018-12-11,16:00,8.7400000000,session_close,0.0625000000,8.8000000000,8.7400000000,0.0652406417,0.0613711230,0.2534472981,0.2384149649,0.0150323332,7.7696138910,3.8848069455,0.5000000000,217763.0000000000,,,IS
PRPO,short,2018-12-11,09:30,66.0000000000,2018-12-11,16:00,60.0000000000,session_close,0.1000000000,60.0000000000,57.0000000000,0.0909090909,0.0870909091,0.3531642678,0.3383313685,0.0148328992,7.7696138910,3.8848069455,0.5000000000,149561.5000000000,,,IS
BBCP,short,2018-12-12,09:30,10.4900000000,2018-12-12,16:00,8.2700000000,session_close,0.2002288330,8.7400000000,8.1300000000,0.2116301239,0.2080533842,0.8831706243,0.8682442451,0.0149263792,8.3463602244,4.1731801122,0.5000000000,236921.0000000000,,,IS
PRPO,short,2018-12-12,09:30,66.0000000000,2018-12-12,16:00,57.0000000000,session_close,0.1000000000,60.0000000000,54.0000000000,0.1363636364,0.1326363636,0.5690700153,0.5535154349,0.0155545804,8.3463602244,4.1731801122,0.5000000000,149561.5000000000,,,IS
BBCP,short,2018-12-13,09:30,9.9800000000,2018-12-13,16:00,9.9500000000,session_close,0.2067714631,8.2700000000,9.2900000000,0.0030060120,-0.0009879760,0.0097876953,-0.0032168892,0.0130045845,9.7681199044,3.2560399681,0.3333333333,236921.0000000000,,,IS
PESI,short,2018-12-13,09:30,3.0100000000,2018-12-13,16:00,2.6100000000,session_close,0.0925589837,2.7550000000,2.5200000000,0.1328903654,0.1291561462,0.4326963413,0.4205375741,0.0121587672,9.7681199044,3.2560399681,0.3333333333,13374.5000000000,,,IS
PRPO,short,2018-12-13,09:30,61.5000000000,2018-12-13,16:00,58.5000000000,session_close,0.0789473684,57.0000000000,55.8000000000,0.0487804878,0.0448780488,0.1588312180,0.1461247205,0.0127064974,9.7681199044,3.2560399681,0.3333333333,159033.5000000000,,,IS
PESI,short,2018-12-17,09:30,2.8500000000,2018-12-17,16:00,2.6500000000,session_close,0.0836501901,2.6300000000,2.6300000000,0.0701754386,0.0663157895,0.7250221270,0.6851459100,0.0398762170,10.3315653099,10.3315653099,1.0000000000,13374.5000000000,,,IS
PESI,short,2018-12-18,09:30,2.8610000000,2018-12-18,16:00,2.7000000000,session_close,0.0796226415,2.6500000000,2.7000000000,0.0562740301,0.0523865781,0.3099773692,0.2885639015,0.0214134677,11.0167112199,5.5083556099,0.5000000000,11593.5000000000,,,IS
PRPO,short,2018-12-18,09:30,57.0000000000,2018-12-18,16:00,48.0000000000,session_close,0.1176470588,51.0000000000,48.0000000000,0.1578947368,0.1542105263,0.8697403595,0.8494464177,0.0202939417,11.0167112199,5.5083556099,0.5000000000,132645.5000000000,,,IS
PESI,short,2018-12-19,09:30,3.0000000000,2018-12-19,16:00,2.9200000000,session_close,0.1111111111,2.7000000000,2.9000000000,0.0266666667,0.0227200000,0.1620629539,0.1380776367,0.0239853172,12.1547215391,6.0773607696,0.5000000000,11593.5000000000,,,IS
PRPO,short,2018-12-19,09:30,51.0000000000,2018-12-19,16:00,51.0000000000,session_close,0.0625000000,48.0000000000,48.0000000000,0.0000000000,-0.0040000000,0.0000000000,-0.0243094431,0.0243094431,12.1547215391,6.0773607696,0.5000000000,124728.0000000000,,,IS
BBCP,short,2018-12-24,09:30,8.8000000000,2018-12-24,16:00,8.0000000000,session_close,0.0526315789,8.3600000000,8.0000000000,0.0909090909,0.0870909091,0.3717724161,0.3561579747,0.0156144415,12.2684897327,4.0894965776,0.3333333333,258360.0000000000,,,IS
CCB,short,2018-12-24,09:30,14.1400000000,2018-12-24,16:00,13.4500000000,session_close,0.0761035008,13.1400000000,13.4500000000,0.0487977369,0.0448953324,0.1995581781,0.1835993082,0.0159588700,12.2684897327,4.0894965776,0.3333333333,109256.5000000000,,,IS
PRPO,short,2018-12-24,09:30,54.0000000000,2018-12-24,16:00,45.0000000000,session_close,0.0650887574,50.7000000000,45.0000000000,0.1666666667,0.1630000000,0.6815827629,0.6665879421,0.0149948208,12.2684897327,4.0894965776,0.3333333333,111650.5000000000,,,IS
PESI,short,2018-12-31,09:30,2.6900000000,2018-12-31,16:00,2.3500000000,session_close,0.0803212851,2.4900000000,2.3500000000,0.1263940520,0.1226468401,0.8515694955,0.8263229645,0.0252465309,13.4748349577,6.7374174788,0.5000000000,26032.0000000000,,,IS
PRPO,short,2018-12-31,09:30,48.0000000000,2018-12-31,16:00,45.0000000000,session_close,0.0666666667,45.0000000000,45.0000000000,0.0625000000,0.0586250000,0.4210885924,0.3949810997,0.0261074927,13.4748349577,6.7374174788,0.5000000000,84695.0000000000,,,IS
PESI,short,2019-01-02,09:30,2.5000000000,2019-01-02,16:00,2.5700000000,session_close,0.0638297872,2.3500000000,2.5000000000,-0.0280000000,-0.0320560000,-0.2057459463,-0.2355497162,0.0298037699,14.6961390219,7.3480695110,0.5000000000,34979.5000000000,,,IS
PRPO,short,2019-01-02,09:30,54.0000000000,2019-01-02,16:00,48.0000000000,session_close,0.2000000000,45.0000000000,45.0000000000,0.1111111111,0.1073333333,0.8164521679,0.7886927942,0.0277593737,14.6961390219,7.3480695110,0.5000000000,81352.5000000000,,,IS
PESI,short,2019-01-03,09:30,2.7000000000,2019-01-03,16:00,2.7700000000,session_close,0.0505836576,2.5700000000,2.6300000000,-0.0259259259,-0.0299777778,-0.1976758791,-0.2285697950,0.0308939160,15.2492820999,7.6246410499,0.5000000000,41336.5000000000,,,IS
PRPO,short,2019-01-03,09:30,50.4000000000,2019-01-03,16:00,49.5000000000,session_close,0.0500000000,48.0000000000,46.2000000000,0.0178571429,0.0138928571,0.1361543045,0.1059280489,0.0302262556,15.2492820999,7.6246410499,0.5000000000,84695.0000000000,,,IS
GYRE,short,2019-01-04,09:30,130.2000000000,2019-01-04,16:00,140.8500000000,session_close,0.0637254902,122.4000000000,124.9500000000,-0.0817972350,-0.0859608295,-1.2373173561,-1.3002985522,0.0629811961,15.1266403537,15.1266403537,1.0000000000,1451710.0000000000,,,IS
BBCP,short,2019-01-08,09:30,8.5400000000,2019-01-08,16:00,8.0000000000,session_close,0.0948717949,7.8000000000,8.0000000000,0.0632318501,0.0593583138,0.4371325862,0.4103541678,0.0267784184,13.8263418014,6.9131709007,0.5000000000,221122.0000000000,,,IS
PRPO,short,2019-01-08,09:30,54.0000000000,2019-01-08,16:00,51.0000000000,session_close,0.0714285714,50.4000000000,51.0000000000,0.0555555556,0.0516666667,0.3840650500,0.3571804965,0.0268845535,13.8263418014,6.9131709007,0.5000000000,98933.0000000000,,,IS
BBCP,short,2019-01-10,09:30,8.9000000000,2019-01-10,16:00,8.9000000000,session_close,0.0582639715,8.4100000000,8.9000000000,0.0000000000,-0.0040000000,0.0000000000,-0.0291877529,0.0291877529,14.5938764658,7.2969382329,0.5000000000,202808.0000000000,,,IS
PRPO,short,2019-01-10,09:30,86.7000000000,2019-01-10,16:00,70.5000000000,session_close,0.7515151515,49.5000000000,67.5000000000,0.1868512111,0.1832249135,1.3634417459,1.3369808765,0.0264608694,14.5938764658,7.2969382329,0.5000000000,125088.0000000000,,,IS
PRPO,short,2019-01-11,09:30,82.5000000000,2019-01-11,16:00,78.0000000000,session_close,0.1702127660,70.5000000000,72.0000000000,0.0545454545,0.0506545455,0.8673637958,0.8054918450,0.0618719508,15.9016695893,15.9016695893,1.0000000000,125088.0000000000,,,IS
PRPO,short,2019-01-15,09:30,72.0000000000,2019-01-15,16:00,66.0000000000,session_close,0.0909090909,66.0000000000,66.0000000000,0.0833333333,0.0795000000,1.3922634529,1.3282193340,0.0640441188,16.7071614344,16.7071614344,1.0000000000,126076.5000000000,,,IS
BBCP,short,2019-01-16,09:30,8.4900000000,2019-01-16,16:00,7.7700000000,session_close,0.0639097744,7.9800000000,7.6500000000,0.0848056537,0.0809752650,1.5295022560,1.4604197374,0.0690825186,18.0353807684,18.0353807684,1.0000000000,78280.0000000000,,,IS
BBCP,short,2019-01-24,09:30,8.2400000000,2019-01-24,16:00,7.6600000000,session_close,0.0577663671,7.7900000000,7.6100000000,0.0703883495,0.0665291262,1.3722772201,1.2970385725,0.0752386476,19.4958005058,19.4958005058,1.0000000000,44442.0000000000,,,IS
BBCP,short,2019-01-29,09:30,9.5000000000,2019-01-29,16:00,8.6000000000,session_close,0.0850942319,8.7550000000,8.1000000000,0.0947368421,0.0909263158,1.9698479127,1.8906162522,0.0792316605,20.7928390783,20.7928390783,1.0000000000,39527.0000000000,,,IS
CPF,short,2019-01-30,09:30,28.8400000000,2019-01-30,16:00,28.9200000000,session_close,0.0657797487,27.0600000000,27.8000000000,-0.0027739251,-0.0067794730,-0.0629222062,-0.1537818719,0.0908596657,22.6834553305,22.6834553305,1.0000000000,3441205.0000000000,,,IS
BBCP,short,2019-01-31,09:30,8.1500000000,2019-01-31,16:00,7.8900000000,session_close,0.0516129032,7.7500000000,7.7300000000,0.0319018405,0.0279656442,0.7187380490,0.6300568312,0.0886812177,22.5296734586,22.5296734586,1.0000000000,44442.0000000000,,,IS
BBCP,short,2019-02-04,09:30,8.2300000000,2019-02-04,16:00,8.1100000000,session_close,0.0551282051,7.8000000000,7.8000000000,0.0145808019,0.0106099635,0.3376874404,0.2457238942,0.0919635463,23.1597302898,23.1597302898,1.0000000000,46911.0000000000,,,IS
EPC,short,2019-02-07,09:30,41.9500000000,2019-02-07,16:00,41.7000000000,session_close,0.0558771709,39.7300000000,41.2700000000,0.0059594756,0.0019713945,0.1394842323,0.0461413841,0.0933428483,23.4054541840,23.4054541840,1.0000000000,18954320.0000000000,,,IS
PRPO,short,2019-02-14,09:30,57.0000000000,2019-02-14,16:00,60.0000000000,session_close,0.1176470588,51.0000000000,57.0000000000,-0.0526315789,-0.0567368421,-1.2342945036,-1.3305694749,0.0962749713,23.4515955680,23.4515955680,1.0000000000,271054.0000000001,,,IS
PESI,short,2019-02-15,09:30,3.0700000000,2019-02-15,16:00,2.8700000000,session_close,0.0513698630,2.9200000000,2.8500000000,0.0651465798,0.0612768730,1.4411091917,1.3555073057,0.0856018860,22.1210260932,22.1210260932,1.0000000000,33216.0000000000,,,IS
PESI,short,2019-02-20,09:30,3.8600000000,2019-02-20,16:00,3.2100000000,session_close,0.1488095238,3.3600000000,3.0200000000,0.1683937824,0.1647305699,3.9533022563,3.8673027272,0.0859995291,23.4765333989,23.4765333989,1.0000000000,43419.0000000000,,,IS
PRPO,short,2019-02-21,09:30,54.0000000000,2019-02-21,16:00,54.0000000000,session_close,0.0588235294,51.0000000000,51.0000000000,0.0000000000,-0.0040000000,0.0000000000,-0.1093753445,0.1093753445,27.3438361261,27.3438361261,1.0000000000,271054.0000000001,,,IS
PESI,short,2019-02-25,09:30,3.5900000000,2019-02-25,16:00,3.5500000000,session_close,0.0878787879,3.3000000000,3.5000000000,0.0111420613,0.0071643454,0.3034480310,0.1951170839,0.1083309471,27.2344607816,27.2344607816,1.0000000000,48825.0000000000,,,IS
MYE,short,2019-02-28,09:30,18.2300000000,2019-02-28,16:00,19.0800000000,session_close,0.0513264129,17.3400000000,18.0200000000,-0.0466264399,-0.0507196928,-1.2789435648,-1.3912197634,0.1122761986,27.4295778656,27.4295778656,1.0000000000,1300684.0000000000,,,IS
PRPO,short,2019-03-05,09:30,54.0000000000,2019-03-05,16:00,49.8900000000,session_close,0.1111111111,48.6000000000,49.0500000000,0.0761111111,0.0722633333,1.9818083667,1.8816185510,0.1001898157,26.0383581022,26.0383581022,1.0000000000,316540.0000000000,,,IS
PESI,short,2019-03-11,09:30,3.7600000000,2019-03-11,16:00,3.4500000000,session_close,0.0712250712,3.5100000000,3.4500000000,0.0824468085,0.0786117021,1.1509564844,1.0974184440,0.0535380403,27.9199766532,13.9599883266,0.5000000000,26726.0000000000,,,IS
PRPO,short,2019-03-11,09:30,48.0000000000,2019-03-11,16:00,48.9000000000,session_close,0.1072664360,43.3500000000,42.9000000000,-0.0187500000,-0.0227875000,-0.2617497811,-0.3181132340,0.0563634529,27.9199766532,13.9599883266,0.5000000000,346890.0000000001,,,IS
PESI,short,2019-03-12,09:30,3.7500000000,2019-03-12,16:00,3.6900000000,session_close,0.0869565217,3.4500000000,3.5000000000,0.0160000000,0.0120320000,0.4591885098,0.3453097594,0.1138787504,28.6992818632,28.6992818632,1.0000000000,26726.0000000000,,,IS
BBCP,short,2019-03-19,09:30,11.3700000000,2019-03-19,16:00,12.0000000000,session_close,0.0828571429,10.5000000000,10.6001000000,-0.0554089710,-0.0595197889,-1.6093309342,-1.7287279626,0.1193970284,29.0445916226,29.0445916226,1.0000000000,32892.5000000000,,,IS
PRPO,short,2019-03-20,09:30,50.7600000000,2019-03-20,16:00,46.9200000000,session_close,0.0608150470,47.8500000000,46.5000000000,0.0756501182,0.0718014184,2.0664483147,1.9613177567,0.1051305580,27.3158636600,27.3158636600,1.0000000000,404985.6000000000,,,IS
PESI,short,2019-03-26,09:30,3.4500000000,2019-03-26,16:00,3.3400000000,session_close,0.1129032258,3.1000000000,3.2000000000,0.0318840580,0.0279478261,0.9334753495,0.8182335746,0.1152417750,29.2771814167,29.2771814167,1.0000000000,10650.0000000000,,,IS
BBCP,short,2019-03-28,09:30,9.8900000000,2019-03-28,16:00,9.5000000000,session_close,0.0634408602,9.3000000000,9.2040000000,0.0394337715,0.0355126390,0.5933878588,0.5343838045,0.0590040543,30.0954149913,15.0477074956,0.5000000000,75250.0000000000,,,IS
MOV,short,2019-03-28,09:30,37.0300000000,2019-03-28,16:00,40.0600000000,session_close,0.1348452344,32.6300000000,36.2300000000,-0.0818255469,-0.0859891979,-1.2312868947,-1.2939402985,0.0626534038,30.0954149913,15.0477074956,0.5000000000,6442685.0000000000,,,IS
BBCP,short,2019-04-01,09:30,10.0291000000,2019-04-01,16:00,9.0000000000,session_close,0.1205698324,8.9500000000,8.7700000000,0.1026114008,0.0988166236,3.0101935348,2.8988704878,0.1113230469,29.3358584973,29.3358584973,1.0000000000,75250.0000000000,,,IS
PESI,short,2019-04-02,09:30,3.6100000000,2019-04-02,16:00,3.6200000000,session_close,0.0617647059,3.4000000000,3.5000000000,-0.0027700831,-0.0067756233,-0.0446464390,-0.1092051899,0.0645587508,32.2347289851,16.1173644926,0.5000000000,10650.0000000000,,,IS
PRPO,short,2019-04-02,09:30,42.0000000000,2019-04-02,16:00,37.9200000000,session_close,0.0622154780,39.5400000000,36.0000000000,0.0971428571,0.0933371429,1.5656868364,1.5043487521,0.0613380843,32.2347289851,16.1173644926,0.5000000000,346409.9400000000,,,IS
PRPO,short,2019-04-03,09:30,42.0000000000,2019-04-03,16:00,41.3700000000,session_close,0.1075949367,37.9200000000,39.0000000000,0.0150000000,0.0110300000,0.5044480882,0.3709374942,0.1335105940,33.6298725474,33.6298725474,1.0000000000,346409.9400000000,,,IS
PRPO,short,2019-04-08,09:30,58.2000000000,2019-04-08,16:00,73.1700000000,session_close,0.2941961308,44.9700000000,54.9900000000,-0.2572164948,-0.2617309278,-8.7455691808,-8.8990635593,0.1534943785,34.0008100416,34.0008100416,1.0000000000,346409.9400000000,,,IS
PRPO,short,2019-04-09,09:30,81.0000000000,2019-04-09,16:00,96.0000000000,session_close,0.1070110701,73.1700000000,75.0000000000,-0.1851851852,-0.1895555556,-4.6484715708,-4.7581754999,0.1097039291,25.1017464822,25.1017464822,1.0000000000,346409.9400000000,,,IS
PRPO,short,2019-04-10,09:30,108.0000000000,2019-04-10,16:00,90.0000000000,session_close,0.1250000000,96.0000000000,84.0000000000,0.1666666667,0.1630000000,3.3905951637,3.3160020701,0.0745930936,20.3435709824,20.3435709824,1.0000000000,346409.9400000000,,,IS
BBCP,short,2019-04-11,09:30,7.2100000000,2019-04-11,16:00,6.6100000000,session_close,0.0809595202,6.6700000000,6.5400000000,0.0832177531,0.0793841886,1.9688965092,1.8781960100,0.0907004992,23.6595730525,23.6595730525,1.0000000000,113390.0000000000,,,IS
PRPO,short,2019-04-12,09:30,88.2000000000,2019-04-12,16:00,84.0000000000,session_close,0.1094339623,79.5000000000,80.7000000000,0.0476190476,0.0437142857,1.2160842411,1.1163653333,0.0997189078,25.5377690625,25.5377690625,1.0000000000,362901.7600000000,,,IS
PRPO,short,2019-04-16,09:30,138.0000000000,2019-04-16,16:00,144.0000000000,session_close,0.1583983883,119.1300000000,129.8700000000,-0.0434782609,-0.0475652174,-1.1588754085,-1.2678096969,0.1089342884,26.6541343958,26.6541343958,1.0000000000,529448.0399999999,,,IS
PRPO,short,2019-04-18,09:30,143.9400000000,2019-04-18,16:00,142.5000000000,session_close,0.1702439024,123.0000000000,129.0000000000,0.0100041684,0.0060241767,0.2539690674,0.1529317068,0.1010373607,25.3863246989,25.3863246989,1.0000000000,532036.0800000001,,,IS
PRPO,short,2019-04-22,09:30,162.0000000000,2019-04-22,16:00,152.0400000000,session_close,0.1368421053,142.5000000000,144.8400000000,0.0614814815,0.0576044444,1.5701913198,1.4711746768,0.0990166430,25.5392564057,25.5392564057,1.0000000000,1116562.5100000000,,,IS
PRPO,short,2019-04-24,09:30,153.2100000000,2019-04-24,16:00,148.5000000000,session_close,0.0639583333,144.0000000000,140.7000000000,0.0307421187,0.0268036029,0.8303578774,0.7239768688,0.1063810086,27.0104310825,27.0104310825,1.0000000000,2267132.0000000000,,,IS
PRPO,short,2019-04-29,09:30,119.8000000000,2019-04-29,16:00,100.8000000000,session_close,0.2479166667,96.0000000000,90.0000000000,0.1585976628,0.1549148581,4.3986122794,4.2964718722,0.1021404072,27.7344079513,27.7344079513,1.0000000000,7898319.0000000000,,,IS
PRPO,short,2019-05-02,09:30,183.6000000000,2019-05-02,16:00,183.0000000000,session_close,0.0928571429,168.0000000000,172.0000000000,0.0032679739,-0.0007254902,0.1046760779,-0.0232380893,0.1279141671,32.0308798235,32.0308798235,1.0000000000,8364729.9999999991,,,IS
ORN,short,2019-05-24,09:30,1.9500000000,2019-05-24,16:00,1.9600000000,session_close,0.0597826087,1.8400000000,1.8700000000,-0.0051282051,-0.0091384615,-0.1641417525,-0.2925006029,0.1283588504,32.0076417342,32.0076417342,1.0000000000,507835.0000000000,,,IS
TITN,short,2019-05-30,09:30,17.0900000000,2019-05-30,16:00,17.5700000000,session_close,0.1332891247,15.0800000000,17.0050000000,-0.0280866004,-0.0321427736,-0.8907704940,-1.0194125995,0.1286421055,31.7151411313,31.7151411313,1.0000000000,1844185.9999999998,,,IS
PRPO,short,2019-06-04,09:30,107.0000000000,2019-06-04,16:00,104.0000000000,session_close,0.0808080808,99.0000000000,97.6000000000,0.0280373832,0.0240934579,0.8606279028,0.7395662444,0.1210616583,30.6957285317,30.6957285317,1.0000000000,3416093.9999999995,,,IS
TITN,short,2019-06-17,09:30,17.0500000000,2019-06-17,16:00,16.9100000000,session_close,0.0723270440,15.9000000000,16.6756000000,0.0082111437,0.0042275660,0.2581197225,0.1328947828,0.1252249397,31.4352947762,31.4352947762,1.0000000000,1524750.0000000000,,,IS
BBCP,short,2019-07-01,09:30,5.4900000000,2019-07-01,16:00,5.5200000000,session_close,0.0722656250,5.1200000000,5.4200000000,-0.0054644809,-0.0094754098,-0.1725037681,-0.2991215339,0.1266177658,31.5681895590,31.5681895590,1.0000000000,824109.9999999999,,,IS
ORN,short,2019-07-08,09:30,3.3300000000,2019-07-08,16:00,3.6600000000,session_close,0.0741935484,3.1000000000,3.2500000000,-0.0990990991,-0.1032972973,-3.0987364710,-3.2300102160,0.1312737450,31.2690680252,31.2690680252,1.0000000000,568854.0000000000,,,IS
PESI,short,2019-07-10,09:30,3.9000000000,2019-07-10,16:00,3.9200000000,session_close,0.0597826087,3.6800000000,3.7200000000,-0.0051282051,-0.0091384615,-0.1437900400,-0.2562338514,0.1124438113,28.0390578092,28.0390578092,1.0000000000,23305.0000000000,,,IS
ORN,short,2019-07-17,09:30,4.1000000000,2019-07-17,16:00,3.9000000000,session_close,0.0846560847,3.7800000000,3.8210000000,0.0487804878,0.0448780488,1.3552597053,1.2468389288,0.1084207764,27.7828239578,27.7828239578,1.0000000000,651846.0000000000,,,IS
ORN,short,2019-08-01,09:30,4.4000000000,2019-08-01,16:00,4.6900000000,session_close,0.0810810811,4.0700000000,4.0900000000,-0.0659090909,-0.0700409091,-1.9133186903,-2.0332639792,0.1199452889,29.0296628866,29.0296628866,1.0000000000,1012536.0000000000,,,IS
HRTG,short,2019-08-02,09:30,15.0100000000,2019-08-02,16:00,13.9100000000,session_close,0.1218236173,13.3800000000,13.6300000000,0.0732844770,0.0694310460,1.9784169752,1.8743882136,0.1040287617,26.9963989075,26.9963989075,1.0000000000,1824717.0000000000,,,IS
PRPO,short,2019-08-06,09:30,56.8000000000,2019-08-06,16:00,54.0000000000,session_close,0.0518518519,54.0000000000,53.0720000000,0.0492957746,0.0453943662,1.4232078158,1.3105710830,0.1126367329,28.8707871210,28.8707871210,1.0000000000,384281.9999999999,,,IS
AMRC,short,2019-08-08,09:30,14.6800000000,2019-08-08,16:00,14.4700000000,session_close,0.1095993953,13.2300000000,13.9900000000,0.0143051771,0.0103337875,0.4317496746,0.3118877411,0.1198619335,30.1813582040,30.1813582040,1.0000000000,1154443.0000000000,,,IS
CCB,short,2019-08-20,09:30,15.5523000000,2019-08-20,16:00,14.7600000000,session_close,0.0501215395,14.8100000000,14.6700000000,0.0509442333,0.0470461218,1.5534550364,1.4345889627,0.1188660737,30.4932459451,30.4932459451,1.0000000000,169165.0000000000,,,IS
PRPO,short,2019-09-05,09:30,53.2000000000,2019-09-05,16:00,50.0000000000,session_close,0.0725806452,49.6000000000,49.0000000000,0.0601503759,0.0562706767,1.9204712726,1.7966008756,0.1238703971,31.9278349078,31.9278349078,1.0000000000,255204.0000000000,,,IS
PRPO,short,2019-09-27,09:30,71.2000000000,2019-09-27,16:00,56.2000000000,session_close,0.0886850153,65.4000000000,53.0000000000,0.2106741573,0.2070955056,7.1048670892,6.9841790802,0.1206880090,33.7244357833,33.7244357833,1.0000000000,266879.9999999999,,,IS
PESI,short,2019-09-30,09:30,4.6400000000,2019-09-30,16:00,4.5400000000,session_close,0.0569476082,4.3900000000,4.4000000000,0.0215517241,0.0175948276,0.8773408376,0.7162610598,0.1610797778,40.7086148635,40.7086148635,1.0000000000,39678.0000000000,,,IS
CLB,short,2019-10-24,09:30,46.0000000000,2019-10-24,16:00,44.2000000000,session_close,0.0502283105,43.8000000000,42.8308000000,0.0391304348,0.0352086957,1.6209734057,1.4585158488,0.1624575569,41.4248759233,41.4248759233,1.0000000000,20708142.0000000000,,,IS
BJRI,short,2019-10-25,09:30,39.9700000000,2019-10-25,16:00,43.3500000000,session_close,0.0893976560,36.6900000000,37.9881000000,-0.0845634226,-0.0887325494,-3.6263663795,-3.8051526794,0.1787862998,42.8833917722,42.8833917722,1.0000000000,12072356.0000000000,,,IS
ORN,short,2019-10-31,09:30,5.0800000000,2019-10-31,16:00,4.9000000000,session_close,0.1545454545,4.4000000000,4.7200000000,0.0354330709,0.0315039370,1.3846620151,1.2311183828,0.1535436323,39.0782390928,39.0782390928,1.0000000000,249060.0000000000,,,IS
HRTG,short,2019-11-01,09:30,14.0500000000,2019-11-01,16:00,15.3700000000,session_close,0.0548048048,13.3200000000,14.0500000000,-0.0939501779,-0.0981380783,-3.7870713073,-3.9558828798,0.1688115725,40.3093574755,40.3093574755,1.0000000000,1247267.0000000000,,,IS
PESI,short,2019-11-07,09:30,5.6700000000,2019-11-07,16:00,6.3800000000,session_close,0.1340000000,5.0000000000,5.2800000000,-0.1252204586,-0.1294708995,-4.5521987589,-4.7067170548,0.1545182959,36.3534745957,36.3534745957,1.0000000000,78496.0000000000,,,IS
APEI,short,2019-11-13,09:30,25.1900000000,2019-11-13,16:00,26.8300000000,session_close,0.0570709190,23.8300000000,24.5601000000,-0.0651052005,-0.0692354109,-2.0603684941,-2.1910762613,0.1307077672,31.6467575409,31.6467575409,1.0000000000,2940070.0000000000,,,IS
PRPO,short,2019-11-22,09:30,43.0000000000,2019-11-22,16:00,41.4000000000,session_close,0.0643564356,40.4000000000,41.0000000000,0.0372093023,0.0332837209,1.0960253499,0.9803946755,0.1156306744,29.4556812796,29.4556812796,1.0000000000,301800.0000000000,,,IS
BXC,short,2019-11-26,09:30,11.4800000000,2019-11-26,16:00,10.0600000000,session_close,0.2020942408,9.5500000000,10.0100000000,0.1236933798,0.1199407666,3.7647411025,3.6505262809,0.1142148216,30.4360759552,30.4360759552,1.0000000000,2845323.0000000000,,,IS
PRPO,short,2019-12-18,09:30,48.0000000000,2019-12-18,16:00,43.4000000000,session_close,0.0526315789,45.6000000000,42.0000000000,0.0958333333,0.0920250000,3.2666327143,3.1368195708,0.1298131435,34.0866022360,34.0866022360,1.0000000000,218978.0000000000,,,IS
GYRE,short,2019-12-19,09:30,91.6500000000,2019-12-19,16:00,118.6500000000,session_close,0.2809224319,71.5500000000,86.2500000000,-0.2945990180,-0.2991882160,-10.9659835110,-11.1368091652,0.1708256542,37.2234218068,37.2234218068,1.0000000000,398562.0000000000,,,IS
IIIN,short,2020-01-16,09:30,25.3000000000,2020-01-16,16:00,24.3200000000,session_close,0.1675126904,21.6700000000,23.2850000000,0.0387351779,0.0348126482,1.0104695806,0.9081440692,0.1023255114,26.0866126415,26.0866126415,1.0000000000,1854996.0000000000,,,IS
EPC,short,2020-02-10,09:30,37.7400000000,2020-02-10,16:00,38.8700000000,session_close,0.2381889764,30.4800000000,36.2600000000,-0.0299417064,-0.0340015898,-0.8082690801,-0.9178646451,0.1095955650,26.9947567107,26.9947567107,1.0000000000,17494800.0000000000,,,IS
LZB,short,2020-02-19,09:30,34.9200000000,2020-02-19,16:00,32.7600000000,session_close,0.0744615385,32.5000000000,32.3800000000,0.0618556701,0.0579793814,1.6130036329,1.5119220719,0.1010815610,26.0768920656,26.0768920656,1.0000000000,6761040.0000000000,,,IS
ORN,short,2020-02-27,09:30,4.4100000000,2020-02-27,16:00,3.8300000000,session_close,0.1025000000,4.0000000000,3.7900000000,0.1315192744,0.1277823129,3.6284608163,3.5253624814,0.1030983349,27.5888141375,27.5888141375,1.0000000000,407107.0000000000,,,IS
PRPO,short,2020-03-02,09:30,33.8000000000,2020-03-02,16:00,32.0000000000,session_close,0.1045751634,30.6000000000,31.4000000000,0.0532544379,0.0493609467,0.8284839928,0.7679126076,0.0605713853,31.1141766189,15.5570883094,0.5000000000,230946.0000000000,,,IS
RGR,short,2020-03-02,09:30,135.6951871658,2020-03-02,16:00,136.4973262032,session_close,0.0564113239,128.4491978610,130.1871657754,-0.0059113300,-0.0099231527,-0.0919630836,-0.1543753630,0.0624122794,31.1141766189,15.5570883094,0.5000000000,6360556.0000000000,,,IS
AMRC,short,2020-03-03,09:30,24.3200000000,2020-03-03,16:00,22.5000000000,session_close,0.0573913043,23.0000000000,21.9600000000,0.0748355263,0.0709851974,2.3743601658,2.2521980306,0.1221621351,31.7277138634,31.7277138634,1.0000000000,5162795.0000000000,,,IS
CLB,short,2020-03-10,09:30,15.7300000000,2020-03-10,16:00,13.0600000000,session_close,0.1634615385,13.5200000000,12.4450000000,0.1697393516,0.1660788303,5.7677282109,5.6433440197,0.1243841912,33.9799118941,33.9799118941,1.0000000000,27694128.0000000000,,,IS
BBCP,short,2020-03-13,09:30,3.6200000000,2020-03-13,16:00,4.1600000000,session_close,0.0741839763,3.3700000000,3.4600000000,-0.1491712707,-0.1534696133,-0.3940434290,-0.4053977174,0.0113542884,39.6232559138,2.6415503943,0.0666666667,379358.0000000000,,,IS
BJRI,short,2020-03-13,09:30,19.4800000000,2020-03-13,16:00,20.2900000000,session_close,0.0615803815,18.3500000000,17.2300000000,-0.0415811088,-0.0456642710,-0.1098385944,-0.1206244732,0.0107858788,39.6232559138,2.6415503943,0.0666666667,20226830.0000000000,,,IS
BXC,short,2020-03-13,09:30,5.3200000000,2020-03-13,16:00,6.2200000000,session_close,0.0513833992,5.0600000000,5.2800000000,-0.1691729323,-0.1735112782,-0.4468788261,-0.4583387853,0.0114599592,39.6232559138,2.6415503943,0.0666666667,1956740.0000000000,,,IS
CLB,short,2020-03-13,09:30,8.5500000000,2020-03-13,16:00,8.4900000000,session_close,0.0607940447,8.0600000000,7.9000000000,0.0070175439,0.0030315789,0.0185371957,0.0080080686,0.0105291272,39.6232559138,2.6415503943,0.0666666667,31257000.0000000000,,,IS
CPF,short,2020-03-13,09:30,18.7100000000,2020-03-13,16:00,19.6500000000,session_close,0.0552735477,17.7300000000,18.2500000000,-0.0502405131,-0.0543409941,-0.1327128472,-0.1435444744,0.0108316273,39.6232559138,2.6415503943,0.0666666667,3877008.0000000000,,,IS
EPC,short,2020-03-13,09:30,26.1600000000,2020-03-13,16:00,29.3000000000,session_close,0.0501806503,24.9100000000,24.4100000000,-0.1200305810,-0.1242706422,-0.3170668287,-0.3282671639,0.0112003352,39.6232559138,2.6415503943,0.0666666667,34458003.0000000000,,,IS
GYRE,short,2020-03-13,09:30,59.7000000000,2020-03-13,16:00,61.9500000000,session_close,0.0844686649,55.0500000000,55.7250000000,-0.0376884422,-0.0417638191,-0.0995559194,-0.1103212328,0.0107653134,39.6232559138,2.6415503943,0.0666666667,1895364.0000000000,,,IS
HRTG,short,2020-03-13,09:30,9.9400000000,2020-03-13,16:00,10.4300000000,session_close,0.0552016985,9.4200000000,9.6900000000,-0.0492957746,-0.0533943662,-0.1302172730,-0.1410439091,0.0108266361,39.6232559138,2.6415503943,0.0666666667,1511598.0000000000,,,IS
IIIN,short,2020-03-13,09:30,13.7100000000,2020-03-13,16:00,13.8300000000,session_close,0.0521872602,13.0300000000,12.4200000000,-0.0087527352,-0.0127702407,-0.0231207912,-0.0337332344,0.0106124432,39.6232559138,2.6415503943,0.0666666667,1490976.0000000000,,,IS
KELYA,short,2020-03-13,09:30,12.4000000000,2020-03-13,16:00,12.9300000000,session_close,0.0571184996,11.7300000000,11.5600000000,-0.0427419355,-0.0468274194,-0.1129049765,-0.1236969881,0.0107920115,39.6232559138,2.6415503943,0.0666666667,4916798.0000000000,,,IS
LZB,short,2020-03-13,09:30,21.4500000000,2020-03-13,16:00,23.2200000000,session_close,0.0592592593,20.2500000000,20.4500000000,-0.0825174825,-0.0866825175,-0.2179740885,-0.2289762382,0.0110021498,39.6232559138,2.6415503943,0.0666666667,11467478.0000000000,,,IS
MYE,short,2020-03-13,09:30,12.1900000000,2020-03-13,16:00,12.2400000000,session_close,0.0508620690,11.6000000000,11.3100000000,-0.0041017227,-0.0081099262,-0.0108349073,-0.0214227787,0.0105878714,39.6232559138,2.6415503943,0.0666666667,2138526.0000000000,,,IS
SCSC,short,2020-03-13,09:30,18.2200000000,2020-03-13,16:00,18.3400000000,session_close,0.0761961016,16.9300000000,16.6600000000,-0.0065861690,-0.0105993414,-0.0173976974,-0.0279986944,0.0106009970,39.6232559138,2.6415503943,0.0666666667,3325500.0000000000,,,IS
TITN,short,2020-03-13,09:30,7.7000000000,2020-03-13,16:00,8.6500000000,session_close,0.0519125683,7.3200000000,7.1500000000,-0.1233766234,-0.1276233766,-0.3259055681,-0.3371235808,0.0112180127,39.6232559138,2.6415503943,0.0666666667,1296820.0000000000,,,IS
UMH,short,2020-03-13,09:30,12.3200000000,2020-03-13,16:00,13.5100000000,session_close,0.0502983802,11.7300000000,11.6700000000,-0.0965909091,-0.1007840909,-0.2551497540,-0.2662262551,0.0110765011,39.6232559138,2.6415503943,0.0666666667,2023980.0000000000,,,IS
PRPO,short,2020-03-16,09:30,22.0000000000,2020-03-16,16:00,21.0000000000,session_close,0.0576923077,20.8000000000,20.4000000000,0.0454545455,0.0415454545,0.8382851922,0.7661926657,0.0720925265,36.8845484566,18.4422742283,0.5000000000,231705.0000000000,,,IS
TITN,short,2020-03-16,09:30,11.0700000000,2020-03-16,16:00,8.1800000000,session_close,0.2797687861,8.6500000000,6.9600000000,0.2610659440,0.2575880759,4.8146497308,4.7505099333,0.0641397975,36.8845484566,18.4422742283,0.5000000000,1303276.0000000000,,,IS
BXC,short,2020-03-17,09:30,5.9900000000,2020-03-17,16:00,5.7000000000,session_close,0.1608527132,5.1600000000,4.7400000000,0.0484140234,0.0445108514,0.6842717199,0.6291052619,0.0551664580,42.4012510556,14.1337503519,0.3333333333,1962400.0000000000,,,IS
CCB,short,2020-03-17,09:30,11.9400000000,2020-03-17,16:00,12.5000000000,session_close,0.1253534402,10.6100000000,11.5500000000,-0.0469011725,-0.0509949749,-0.6628894637,-0.7207502441,0.0578607803,42.4012510556,14.1337503519,0.3333333333,198648.0000000000,,,IS
IIIN,short,2020-03-17,09:30,12.0500000000,2020-03-17,16:00,13.3700000000,session_close,0.0778175313,11.1800000000,10.9300000000,-0.1095435685,-0.1137626556,-1.5482614493,-1.6078929736,0.0596315243,42.4012510556,14.1337503519,0.3333333333,1490976.0000000000,,,IS
BJRI,short,2020-03-19,09:30,6.8800000000,2020-03-19,16:00,8.2000000000,session_close,0.0519877676,6.5400000000,6.0300000000,-0.1918604651,-0.1962441860,-3.9045248032,-3.9937372790,0.0892124758,40.7017130998,20.3508565499,0.5000000000,19653060.0000000000,,,IS
BXC,short,2020-03-19,09:30,5.7500000000,2020-03-19,16:00,6.1900000000,session_close,0.1078998073,5.1900000000,4.8600000000,-0.0765217391,-0.0806747826,-1.5572829360,-1.6418009281,0.0845179921,40.7017130998,20.3508565499,0.5000000000,1962400.0000000000,,,IS
BBCP,short,2020-03-20,09:30,3.5800000000,2020-03-20,16:00,3.4900000000,session_close,0.0686567164,3.3500000000,3.1900000000,0.0251396648,0.0211899441,0.2938506276,0.2476834290,0.0461671986,35.0661748927,11.6887249642,0.3333333333,444049.9999999999,,,IS
BJRI,short,2020-03-20,09:30,9.2000000000,2020-03-20,16:00,8.2000000000,session_close,0.1219512195,8.2000000000,7.5300000000,0.1086956522,0.1049130435,1.2705135831,1.2262997104,0.0442138727,35.0661748927,11.6887249642,0.3333333333,19012150.0000000000,,,IS
CLB,short,2020-03-20,09:30,9.9100000000,2020-03-20,16:00,9.9500000000,session_close,0.0553780618,9.3900000000,8.8350000000,-0.0040363269,-0.0080443996,-0.0471795155,-0.0940287744,0.0468492589,35.0661748927,11.6887249642,0.3333333333,31712065.0000000000,,,IS
AMRC,short,2020-03-24,09:30,16.0000000000,2020-03-24,16:00,16.6300000000,session_close,0.0533245556,15.1900000000,15.7500000000,-0.0393750000,-0.0434537500,-0.1025047385,-0.1131229278,0.0106181893,36.4461292577,2.6032949470,0.0714285714,5713279.9999999991,,,IS
BJRI,short,2020-03-24,09:30,10.7100000000,2020-03-24,16:00,12.9600000000,session_close,0.1179540710,9.5800000000,10.7100000000,-0.2100840336,-0.2145042017,-0.5469107031,-0.5584177043,0.0115070012,36.4461292577,2.6032949470,0.0714285714,18199716.0000000000,,,IS
BXC,short,2020-03-24,09:30,6.0000000000,2020-03-24,16:00,5.5600000000,session_close,0.0733452594,5.5900000000,5.4500000000,0.0733333333,0.0694800000,0.1909082961,0.1808769329,0.0100313632,36.4461292577,2.6032949470,0.0714285714,1956740.0000000000,,,IS
CLB,short,2020-03-24,09:30,10.6900000000,2020-03-24,16:00,10.9100000000,session_close,0.0908163265,9.8000000000,10.0900000000,-0.0205799813,-0.0246211413,-0.0535757613,-0.0640960926,0.0105203313,36.4461292577,2.6032949470,0.0714285714,31772180.0000000000,,,IS
CPF,short,2020-03-24,09:30,13.3500000000,2020-03-24,16:00,13.7600000000,session_close,0.0570071259,12.6300000000,13.0500000000,-0.0307116105,-0.0347730337,-0.0799513804,-0.0905244629,0.0105730825,36.4461292577,2.6032949470,0.0714285714,4365123.0000000000,,,IS
GYRE,short,2020-03-24,09:30,62.4000000000,2020-03-24,16:00,66.3000000000,session_close,0.0666666667,58.5000000000,59.8500000000,-0.0625000000,-0.0666250000,-0.1627059342,-0.1734445258,0.0107385917,36.4461292577,2.6032949470,0.0714285714,1165086.0000000000,,,IS
IIIN,short,2020-03-24,09:30,13.7600000000,2020-03-24,16:00,13.3600000000,session_close,0.0903328051,12.6200000000,12.3000000000,0.0290697674,0.0251279070,0.0756771787,0.0654153533,0.0102618254,36.4461292577,2.6032949470,0.0714285714,1791956.0000000000,,,IS
LZB,short,2020-03-24,09:30,18.1400000000,2020-03-24,16:00,19.6300000000,session_close,0.0503763752,17.2700000000,17.8500000000,-0.0821389195,-0.0863031974,-0.2138318341,-0.2246726776,0.0108408435,36.4461292577,2.6032949470,0.0714285714,11467478.0000000000,,,IS
MOV,short,2020-03-24,09:30,9.2300000000,2020-03-24,16:00,9.3500000000,session_close,0.0560640732,8.7400000000,9.1100000000,-0.0130010834,-0.0170270856,-0.0338456548,-0.0443265259,0.0104808711,36.4461292577,2.6032949470,0.0714285714,3751356.0000000000,,,IS
MYE,short,2020-03-24,09:30,9.6500000000,2020-03-24,16:00,9.3800000000,session_close,0.0710321865,9.0100000000,8.9800000000,0.0279792746,0.0240352332,0.0728383042,0.0625708010,0.0102675032,36.4461292577,2.6032949470,0.0714285714,2423928.0000000000,,,IS
OCSL,short,2020-03-24,09:30,7.5300000000,2020-03-24,16:00,7.2900000000,session_close,0.0635593220,7.0800000000,7.1850000000,0.0318725100,0.0279362550,0.0829735441,0.0727263114,0.0102472327,36.4461292577,2.6032949470,0.0714285714,5142972.0000000000,,,IS
ORN,short,2020-03-24,09:30,1.9900000000,2020-03-24,16:00,2.1000000000,session_close,0.0994475138,1.8100000000,1.9600000000,-0.0552763819,-0.0593869347,-0.1439007257,-0.1546017070,0.0107009812,36.4461292577,2.6032949470,0.0714285714,442272.0000000000,,,IS
SCSC,short,2020-03-24,09:30,19.3900000000,2020-03-24,16:00,20.4100000000,session_close,0.0572519084,18.3400000000,18.7500000000,-0.0526044353,-0.0567096441,-0.1369448605,-0.1476319301,0.0106870695,36.4461292577,2.6032949470,0.0714285714,3864627.0000000000,,,IS
TRST,short,2020-03-24,09:30,24.0000000000,2020-03-24,16:00,25.3000000000,session_close,0.0619469027,22.6000000000,23.6250000000,-0.0541666667,-0.0582750000,-0.1410118096,-0.1517070130,0.0106952034,36.4461292577,2.6032949470,0.0714285714,4439920.0000000000,,,IS
BJRI,short,2020-03-25,09:30,14.6000000000,2020-03-25,16:00,13.3700000000,session_close,0.1265432099,12.9600000000,13.0300000000,0.0842465753,0.0804150685,0.9858302032,0.9409949661,0.0448352370,35.1051730893,11.7017243631,0.3333333333,18199716.0000000000,,,IS
CCB,short,2020-03-25,09:30,12.9400000000,2020-03-25,16:00,13.9800000000,session_close,0.1301310044,11.4500000000,11.1000000000,-0.0803709428,-0.0845316847,-0.9404786196,-0.9891664743,0.0486878547,35.1051730893,11.7017243631,0.3333333333,216596.0000000000,,,IS
PRPO,short,2020-03-25,09:30,15.0000000000,2020-03-25,16:00,14.4420000000,session_close,0.0958503799,13.6880000000,13.6880000000,0.0372000000,0.0332744000,0.4353041463,0.3893678571,0.0459362892,35.1051730893,11.7017243631,0.3333333333,265430.0000000000,,,IS
TITN,short,2020-03-26,09:30,8.9500000000,2020-03-26,16:00,9.2600000000,session_close,0.1533505155,7.7600000000,7.7700000000,-0.0346368715,-0.0387061453,-1.2277513437,-1.3719923241,0.1442409804,35.4463694383,35.4463694383,1.0000000000,1478787.0000000000,,,IS
BBCP,short,2020-04-02,09:30,2.3800000000,2020-04-02,16:00,2.3100000000,session_close,0.0967741935,2.1700000000,2.2000000000,0.0294117647,0.0254705882,0.5010937811,0.4339472144,0.0671465667,34.0743771142,17.0371885571,0.5000000000,495250.0000000000,,,IS
CLB,short,2020-04-02,09:30,10.3600000000,2020-04-02,16:00,9.6500000000,session_close,0.0916754478,9.4900000000,9.3600000000,0.0685328185,0.0646698842,1.1676065517,1.1017930106,0.0658135411,34.0743771142,17.0371885571,0.5000000000,24936960.0000000000,,,IS
CCB,short,2020-04-03,09:30,10.5500000000,2020-04-03,16:00,9.3200000000,session_close,0.0550000000,10.0000000000,9.2270000000,0.1165876777,0.1128208531,2.0758504420,2.0087819083,0.0670685338,35.6101173392,17.8050586696,0.5000000000,246000.0000000000,,,IS
PRPO,short,2020-04-03,09:30,13.6000000000,2020-04-03,16:00,12.0000000000,session_close,0.0759493671,12.6400000000,11.4200000000,0.1176470588,0.1138823529,2.0947127847,2.0276819755,0.0670308091,35.6101173392,17.8050586696,0.5000000000,180057.8500000000,,,IS
BBCP,short,2020-04-06,09:30,2.4700000000,2020-04-06,16:00,2.5900000000,session_close,0.0692640693,2.3100000000,2.3000000000,-0.0485829960,-0.0526801619,-0.2751642421,-0.2983697599,0.0232055178,39.6465812230,5.6637973176,0.1428571429,438470.0000000000,,,IS
BJRI,short,2020-04-06,09:30,12.8600000000,2020-04-06,16:00,13.8500000000,session_close,0.0954003407,11.7400000000,12.2200000000,-0.0769828927,-0.0811368585,-0.4360155011,-0.4595427214,0.0235272203,39.6465812230,5.6637973176,0.1428571429,15933305.0000000019,,,IS
BXC,short,2020-04-06,09:30,3.9400000000,2020-04-06,16:00,3.8300000000,session_close,0.0534759358,3.7400000000,3.7500000000,0.0279187817,0.0239746193,0.1581263210,0.1357873844,0.0223389366,39.6465812230,5.6637973176,0.1428571429,1328374.0000000000,,,IS
FVCB,short,2020-04-06,09:30,9.2800000000,2020-04-06,16:00,9.4000000000,session_close,0.0922787194,8.4960000000,8.6080000000,-0.0129310345,-0.0169568966,-0.0732387584,-0.0960404252,0.0228016668,39.6465812230,5.6637973176,0.1428571429,358385.9999999999,,,IS
HRTG,short,2020-04-06,09:30,10.9300000000,2020-04-06,16:00,10.4800000000,session_close,0.0509615385,10.4000000000,10.3600000000,0.0411710887,0.0372534309,0.2331847020,0.2109958821,0.0221888199,39.6465812230,5.6637973176,0.1428571429,2329551.0000000000,,,IS
IIIN,short,2020-04-06,09:30,14.0000000000,2020-04-06,16:00,14.0100000000,session_close,0.0502625656,13.3300000000,13.7000000000,-0.0007142857,-0.0047157143,-0.0040455695,-0.0267088499,0.0226632804,39.6465812230,5.6637973176,0.1428571429,1791956.0000000000,,,IS
TRST,short,2020-04-06,09:30,25.9000000000,2020-04-06,16:00,26.4500000000,session_close,0.0528455285,24.6000000000,25.2500000000,-0.0212355212,-0.0252779923,-0.1202736882,-0.1431694249,0.0228957366,39.6465812230,5.6637973176,0.1428571429,3339872.0000000000,,,IS
BJRI,short,2020-04-07,09:30,15.5600000000,2020-04-07,16:00,15.1200000000,session_close,0.1234657040,13.8500000000,14.0900000000,0.0282776350,0.0243341902,0.5509831188,0.4741460184,0.0768371004,38.9695333083,19.4847666541,0.5000000000,15826395.0000000000,,,IS
CLB,short,2020-04-07,09:30,10.9300000000,2020-04-07,16:00,10.4500000000,session_close,0.0601357905,10.3100000000,10.2200000000,0.0439158280,0.0400036597,0.8556896609,0.7794619736,0.0762276873,38.9695333083,19.4847666541,0.5000000000,17982775.0000000000,,,IS
BXC,short,2020-04-08,09:30,4.5400000000,2020-04-08,16:00,5.0600000000,session_close,0.0992736077,4.1300000000,4.5100000000,-0.1145374449,-0.1187665198,-4.6070558318,-4.7771625086,0.1701066769,40.2231413003,40.2231413003,1.0000000000,920187.0000000001,,,IS
BJRI,short,2020-04-09,09:30,18.1600000000,2020-04-09,16:00,18.1000000000,session_close,0.0732860520,16.9200000000,17.6550000000,0.0033039648,-0.0006894273,0.1171122647,-0.0244374259,0.1415496906,35.4459787917,35.4459787917,1.0000000000,15933305.0000000019,,,IS
BJRI,short,2020-04-13,09:30,19.0500000000,2020-04-13,16:00,17.1300000000,session_close,0.0524861878,18.1000000000,16.0700000000,0.1007874016,0.0969889764,1.7850225570,1.7177495194,0.0672730376,35.4215413658,17.7107706829,0.5000000000,16045542.0000000000,,,IS
CLB,short,2020-04-13,09:30,12.4000000000,2020-04-13,16:00,11.8500000000,session_close,0.0625535561,11.6700000000,11.7275000000,0.0443548387,0.0404435484,0.7855583771,0.7162864111,0.0692719660,35.4215413658,17.7107706829,0.5000000000,17100525.0000000000,,,IS
BBCP,short,2020-04-14,09:30,2.6200000000,2020-04-14,16:00,2.3500000000,session_close,0.0522088353,2.4900000000,2.3100000000,0.1030534351,0.0992595420,1.3003824262,1.2525090880,0.0478733382,37.8555772963,12.6185257654,0.3333333333,458689.0000000000,,,IS
BJRI,short,2020-04-14,09:30,18.0500000000,2020-04-14,16:00,16.8500000000,session_close,0.0537069469,17.1300000000,16.5000000000,0.0664819945,0.0626149584,0.8389047600,0.7901084665,0.0487962935,37.8555772963,12.6185257654,0.3333333333,16627139.9999999981,,,IS
MOV,short,2020-04-14,09:30,11.4600000000,2020-04-14,16:00,10.7900000000,session_close,0.0504124656,10.9100000000,10.5700000000,0.0584642234,0.0545811518,0.7377323091,0.6887336707,0.0489986384,37.8555772963,12.6185257654,0.3333333333,3534840.0000000000,,,IS
PRPO,short,2020-04-15,09:30,15.4000000000,2020-04-15,16:00,13.8000000000,session_close,0.0805500982,14.2520000000,13.8000000000,0.1038961039,0.1001038961,4.2168237425,4.0629096759,0.1539140666,40.5869285214,40.5869285214,1.0000000000,167132.4000000000,,,IS
IIIN,short,2020-04-16,09:30,16.1900000000,2020-04-16,16:00,17.5200000000,session_close,0.0630334865,15.2300000000,16.1800000000,-0.0821494750,-0.0863137739,-3.6679607661,-3.8538960404,0.1859352743,44.6498381973,44.6498381973,1.0000000000,1745792.0000000000,,,IS
BBCP,short,2020-04-17,09:30,2.1500000000,2020-04-17,16:00,1.9000000000,session_close,0.0539215686,2.0400000000,1.8200000000,0.1162790698,0.1125116279,1.5812380681,1.5300059547,0.0512321134,40.7959421569,13.5986473856,0.3333333333,389235.0000000000,,,IS
BJRI,short,2020-04-17,09:30,17.5200000000,2020-04-17,16:00,17.3900000000,session_close,0.0929507174,16.0300000000,16.6200000000,0.0074200913,0.0034349315,0.1009032055,0.0467104224,0.0541927831,40.7959421569,13.5986473856,0.3333333333,16063663.0000000019,,,IS
BXC,short,2020-04-17,09:30,4.9700000000,2020-04-17,16:00,4.6900000000,session_close,0.0619658120,4.6800000000,4.5301000000,0.0563380282,0.0524507042,0.7661209795,0.7132586319,0.0528623476,40.7959421569,13.5986473856,0.3333333333,792000.0000000000,,,IS
PRPO,short,2020-04-20,09:30,13.1880000000,2020-04-20,16:00,12.6860000000,session_close,0.0550400000,12.5000000000,12.6200000000,0.0380649075,0.0341410373,1.6400614511,1.4709979054,0.1690635458,43.0859171659,43.0859171659,1.0000000000,167132.4000000000,,,IS
CCB,short,2020-04-22,09:30,13.1700000000,2020-04-22,16:00,13.9700000000,session_close,0.0884297521,12.1000000000,12.8651000000,-0.0607441154,-0.0648656036,-1.3532851958,-1.4451055963,0.0918204005,44.5569150712,22.2784575356,0.5000000000,194775.0000000000,,,IS
PRPO,short,2020-04-22,09:30,12.4000000000,2020-04-22,16:00,11.7180000000,session_close,0.0506693781,11.8020000000,11.4220000000,0.0550000000,0.0511100000,1.2253151645,1.1386519646,0.0866631998,44.5569150712,22.2784575356,0.5000000000,175954.8200000000,,,IS
CPF,short,2020-04-23,09:30,15.5700000000,2020-04-23,16:00,15.8400000000,session_close,0.0606267030,14.6800000000,15.2750000000,-0.0173410405,-0.0213757225,-0.3836745212,-0.4729427931,0.0892682719,44.2504614396,22.1252307198,0.5000000000,3498202.0000000000,,,IS
TRST,short,2020-04-23,09:30,27.7500000000,2020-04-23,16:00,27.5500000000,session_close,0.0755813953,25.8000000000,27.0500000000,0.0072072072,0.0032216216,0.1594611223,0.0712791217,0.0881820006,44.2504614396,22.1252307198,0.5000000000,2866827.0000000000,,,IS
PESI,short,2020-04-24,09:30,5.9175000000,2020-04-24,16:00,5.6000000000,session_close,0.0720108696,5.5200000000,5.2000000000,0.0536544149,0.0497617237,2.3526815871,2.1819917592,0.1706898279,43.8487977682,43.8487977682,1.0000000000,66240.0000000000,,,IS
BJRI,short,2020-04-28,09:30,18.9300000000,2020-04-28,16:00,19.0000000000,session_close,0.0616937745,17.8300000000,17.9000000000,-0.0036978341,-0.0077052298,-0.0851071122,-0.1773389055,0.0922317933,46.0307895273,23.0153947637,0.5000000000,15249612.0000000000,,,IS
CLB,short,2020-04-28,09:30,16.6200000000,2020-04-28,16:00,16.9300000000,session_close,0.0715667311,15.5100000000,16.4700000000,-0.0186522262,-0.0226895307,-0.4292883500,-0.5222085057,0.0929201558,46.0307895273,23.0153947637,0.5000000000,17608514.0000000000,,,IS
BJRI,short,2020-04-29,09:30,20.1700000000,2020-04-29,16:00,22.7800000000,session_close,0.0615789474,19.0000000000,20.0000000000,-0.1294000992,-0.1336588994,-1.4664668062,-1.5147309819,0.0482641757,45.3312421161,11.3328105290,0.2500000000,15249612.0000000000,,,IS
CLB,short,2020-04-29,09:30,17.7900000000,2020-04-29,16:00,19.7100000000,session_close,0.0507974011,16.9300000000,17.5100000000,-0.1079258010,-0.1121416526,-1.2231026541,-1.2708801015,0.0477774474,45.3312421161,11.3328105290,0.2500000000,17825610.0000000000,,,IS
CPF,short,2020-04-29,09:30,17.3500000000,2020-04-29,16:00,18.2100000000,session_close,0.0502421308,16.5200000000,17.0500000000,-0.0495677233,-0.0536668588,-0.5617416170,-0.6081963424,0.0464547254,45.3312421161,11.3328105290,0.2500000000,3411675.0000000000,,,IS
FMNB,short,2020-04-29,09:30,12.9900000000,2020-04-29,16:00,12.9900000000,session_close,0.0735537190,12.1000000000,12.1900000000,0.0000000000,-0.0040000000,0.0000000000,-0.0453312421,0.0453312421,45.3312421161,11.3328105290,0.2500000000,959618.0000000000,,,IS
ORN,short,2020-04-30,09:30,2.5200000000,2020-04-30,16:00,2.5200000000,session_close,0.1004366812,2.2900000000,2.5000000000,0.0000000000,-0.0040000000,0.0000000000,-0.1675684138,0.1675684138,41.8921034483,41.8921034483,1.0000000000,177240.0000000000,,,IS
AMRC,short,2020-05-05,09:30,17.4900000000,2020-05-05,16:00,19.2000000000,session_close,0.0829721362,16.1500000000,17.1400000000,-0.0977701544,-0.1019656947,-1.3598047438,-1.4181570667,0.0583523229,41.7245350345,13.9081783448,0.3333333333,3100799.9999999995,,,IS
CLB,short,2020-05-05,09:30,19.8500000000,2020-05-05,16:00,17.1000000000,session_close,0.0677783755,18.5900000000,16.7800000000,0.1385390428,0.1348161209,1.9268257153,1.8750466533,0.0517790619,41.7245350345,13.9081783448,0.3333333333,18777200.0000000000,,,IS
HRTG,short,2020-05-05,09:30,11.6400000000,2020-05-05,16:00,11.2300000000,session_close,0.0639853748,10.9400000000,11.0850000000,0.0352233677,0.0312938144,0.4898928798,0.4352399522,0.0546529276,41.7245350345,13.9081783448,0.3333333333,1471260.0000000000,,,IS
BXC,short,2020-05-06,09:30,5.3000000000,2020-05-06,16:00,5.5600000000,session_close,0.0515873016,5.0400000000,5.2200000000,-0.0490566038,-0.0531547170,-2.0906288281,-2.2652767441,0.1746479159,42.6166645733,42.6166645733,1.0000000000,778447.0000000000,,,IS
RGR,short,2020-05-07,09:30,150.9090909091,2020-05-07,16:00,147.0855614973,session_close,0.0643032246,141.7914438503,141.6042780749,0.0253366407,0.0213873140,1.0223686144,0.8630078003,0.1593608141,40.3513878292,40.3513878292,1.0000000000,10018864.9999999981,,,IS
APEI,short,2020-05-12,09:30,30.0000000000,2020-05-12,16:00,33.4200000000,session_close,0.1244377811,26.6800000000,28.1800000000,-0.1140000000,-0.1182280000,-1.5661470339,-1.6242318555,0.0580848216,41.2143956295,13.7381318765,0.3333333333,1670097.0000000000,,,IS
PESI,short,2020-05-12,09:30,6.2000000000,2020-05-12,16:00,5.8700000000,session_close,0.0839160839,5.7200000000,5.7500000000,0.0532258065,0.0493322581,0.7312231483,0.6777330671,0.0534900812,41.2143956295,13.7381318765,0.3333333333,52065.0000000000,,,IS
PRPO,short,2020-05-12,09:30,15.8000000000,2020-05-12,16:00,14.6960000000,session_close,0.0533333333,15.0000000000,14.0000000000,0.0698734177,0.0660131646,0.9599302273,0.9068975603,0.0530326671,41.2143956295,13.7381318765,0.3333333333,201855.3400000000,,,IS
PESI,short,2020-05-13,09:30,6.2400000000,2020-05-13,16:00,6.2000000000,session_close,0.0630323680,5.8700000000,5.8900000000,0.0064102564,0.0024230769,0.2639409898,0.0997696941,0.1641712956,41.1747944014,41.1747944014,1.0000000000,64790.0000000000,,,IS
BBCP,short,2020-05-18,09:30,2.8600000000,2020-05-18,16:00,2.9000000000,session_close,0.0553505535,2.7100000000,2.7900000000,-0.0139860140,-0.0180139860,-0.0721583288,-0.0929399275,0.0207815987,41.2745640955,5.1593205119,0.1250000000,523340.0000000001,,,IS
BJRI,short,2020-05-18,09:30,18.9100000000,2020-05-18,16:00,19.3900000000,session_close,0.0855338691,17.4200000000,18.6100000000,-0.0253833950,-0.0294341618,-0.1309610706,-0.1518602748,0.0208992042,41.2745640955,5.1593205119,0.1250000000,14885904.0000000000,,,IS
CCB,short,2020-05-18,09:30,13.5400000000,2020-05-18,16:00,14.0100000000,session_close,0.0840672538,12.4900000000,13.0529000000,-0.0347119645,-0.0387813885,-0.1790901507,-0.2000856131,0.0209954623,41.2745640955,5.1593205119,0.1250000000,139103.0000000000,,,IS
CLB,short,2020-05-18,09:30,19.2600000000,2020-05-18,16:00,20.5900000000,session_close,0.0658550083,18.0700000000,18.9644000000,-0.0690550363,-0.0731931464,-0.3562770655,-0.3776269016,0.0213498362,41.2745640955,5.1593205119,0.1250000000,18812905.0000000000,,,IS
CPF,short,2020-05-18,09:30,14.8200000000,2020-05-18,16:00,15.3600000000,session_close,0.0525568182,14.0800000000,14.7050000000,-0.0364372470,-0.0405101215,-0.1879914357,-0.2090047006,0.0210132649,41.2745640955,5.1593205119,0.1250000000,3386474.0000000000,,,IS
FMNB,short,2020-05-18,09:30,10.9200000000,2020-05-18,16:00,11.0600000000,session_close,0.0500000000,10.4000000000,10.7700000000,-0.0128205128,-0.0168461538,-0.0661451348,-0.0869147071,0.0207695723,41.2745640955,5.1593205119,0.1250000000,778572.5000000000,,,IS
KELYA,short,2020-05-18,09:30,12.4500000000,2020-05-18,16:00,14.1100000000,session_close,0.0515202703,11.8400000000,12.4400000000,-0.1333333333,-0.1376000000,-0.6879094016,-0.7099225024,0.0220131009,41.2745640955,5.1593205119,0.1250000000,3222190.0000000000,,,IS
TITN,short,2020-05-18,09:30,9.0600000000,2020-05-18,16:00,9.5600000000,session_close,0.0510440835,8.6200000000,9.0600000000,-0.0551876380,-0.0592980132,-0.2847307126,-0.3059374561,0.0212067435,41.2745640955,5.1593205119,0.1250000000,1212359.0000000000,,,IS
FVCB,short,2020-05-20,09:30,8.9440000000,2020-05-20,16:00,9.3600000000,session_close,0.0739673391,8.3280000000,8.7520000000,-0.0465116279,-0.0506046512,-1.8204777680,-1.9806798116,0.1602020436,39.1402720123,39.1402720123,1.0000000000,199020.0000000000,,,IS
GYRE,short,2020-05-21,09:30,103.9500000000,2020-05-21,16:00,107.1000000000,session_close,0.0661538462,97.5000000000,97.2000000000,-0.0303030303,-0.0343636364,-1.1260482485,-1.2769387138,0.1508904653,37.1595922007,37.1595922007,1.0000000000,740794.0000000000,,,IS
ASYS,short,2020-05-26,09:30,5.2800000000,2020-05-26,16:00,5.1300000000,session_close,0.0581162325,4.9900000000,5.0700000000,0.0284090909,0.0244659091,0.3397978550,0.2926339127,0.0471639423,35.8826534869,11.9608844956,0.3333333333,207009.0000000000,,,IS
BJRI,short,2020-05-26,09:30,20.7300000000,2020-05-26,16:00,20.9200000000,session_close,0.0603580563,19.5500000000,20.3900000000,-0.0091654607,-0.0131837916,-0.1096270166,-0.1576898086,0.0480627920,35.8826534869,11.9608844956,0.3333333333,14885904.0000000000,,,IS
PRPO,short,2020-05-26,09:30,18.9600000000,2020-05-26,16:00,18.0200000000,session_close,0.0533333333,18.0000000000,18.0000000000,0.0495780591,0.0456772152,0.5929974381,0.5463398950,0.0466575431,35.8826534869,11.9608844956,0.3333333333,225421.6400000000,,,IS
CPF,short,2020-05-27,09:30,17.2100000000,2020-05-27,16:00,17.4000000000,session_close,0.0506715507,16.3800000000,16.6800000000,-0.0110400930,-0.0150621732,-0.4036692692,-0.5507323576,0.1470630885,36.5639374859,36.5639374859,1.0000000000,3322582.0000000000,,,IS
TITN,short,2020-05-28,09:30,12.1000000000,2020-05-28,16:00,10.8700000000,session_close,0.1245353160,10.7600000000,10.8105000000,0.1016528926,0.0978561983,3.6608464717,3.5241153441,0.1367311276,36.0132051283,36.0132051283,1.0000000000,1005032.0000000000,,,IS
PRPO,short,2020-06-01,09:30,19.8000000000,2020-06-01,16:00,19.2000000000,session_close,0.1815252417,16.7580000000,18.0400000000,0.0303030303,0.0263636364,0.5990503102,0.5211737699,0.0778765403,39.5373204724,19.7686602362,0.5000000000,389288.3400000000,,,IS
RGR,short,2020-06-01,09:30,180.0267379679,2020-06-01,16:00,182.3529411765,session_close,0.0800449150,166.6844919786,172.6232620321,-0.0129214318,-0.0169472746,-0.2554393941,-0.3350249138,0.0795855197,39.5373204724,19.7686602362,0.5000000000,20035454.9999999963,,,IS
BBCP,short,2020-06-05,09:30,3.6100000000,2020-06-05,16:00,3.6800000000,session_close,0.0617647059,3.4000000000,3.4713000000,-0.0193905817,-0.0234293629,-0.1283768630,-0.1551159296,0.0267390666,39.7234693284,6.6205782214,0.1666666667,359073.0000000000,,,IS
BJRI,short,2020-06-05,09:30,29.1400000000,2020-06-05,16:00,27.3100000000,session_close,0.1071428571,26.3200000000,27.0700000000,0.0628002745,0.0589258751,0.4157741299,0.3901233653,0.0256507646,39.7234693284,6.6205782214,0.1666666667,14140150.0000000000,,,IS
CPF,short,2020-06-05,09:30,19.1900000000,2020-06-05,16:00,18.7700000000,session_close,0.0823463057,17.7300000000,18.6100000000,0.0218863992,0.0179301720,0.1449006177,0.1187081060,0.0261925117,39.7234693284,6.6205782214,0.1666666667,3379194.0000000000,,,IS
FMNB,short,2020-06-05,09:30,12.9700000000,2020-06-05,16:00,13.1800000000,session_close,0.0605069501,12.2300000000,12.6700000000,-0.0161912105,-0.0202235929,-0.1071951755,-0.1338918788,0.0266967032,39.7234693284,6.6205782214,0.1666666667,850111.0000000000,,,IS
LZB,short,2020-06-05,09:30,29.8500000000,2020-06-05,16:00,29.2500000000,session_close,0.0634128963,28.0700000000,28.7700000000,0.0201005025,0.0161407035,0.1330769492,0.1068607902,0.0262161590,39.7234693284,6.6205782214,0.1666666667,7253440.0000000000,,,IS
UMH,short,2020-06-05,09:30,14.0500000000,2020-06-05,16:00,13.9600000000,session_close,0.0603773585,13.2500000000,13.5300000000,0.0064056940,0.0024185053,0.0424093979,0.0160119038,0.0263974941,39.7234693284,6.6205782214,0.1666666667,1867194.0000000000,,,IS
BJRI,short,2020-06-08,09:30,28.8300000000,2020-06-08,16:00,28.1300000000,session_close,0.0556572684,27.3100000000,27.1000000000,0.0242802636,0.0203288241,0.4864085324,0.4072490181,0.0791595143,40.0661656853,20.0330828427,0.5000000000,14885904.0000000000,,,IS
CLB,short,2020-06-08,09:30,28.6500000000,2020-06-08,16:00,29.1500000000,session_close,0.0666418466,26.8600000000,26.9650000000,-0.0174520070,-0.0214869110,-0.3496175016,-0.4304490680,0.0808315664,40.0661656853,20.0330828427,0.5000000000,16115790.0000000000,,,IS
BBCP,short,2020-06-10,09:30,3.9500000000,2020-06-10,16:00,4.2900000000,session_close,0.0792349727,3.6600000000,3.8500000000,-0.0860759494,-0.0902481013,-1.7233681413,-1.8069008088,0.0835326676,40.0429656354,20.0214828177,0.5000000000,365967.0000000000,,,IS
PRPO,short,2020-06-10,09:30,23.4000000000,2020-06-10,16:00,20.4000000000,session_close,0.0636363636,22.0000000000,20.2000000000,0.1282051282,0.1244615385,2.5668567715,2.4919045538,0.0749522177,40.0429656354,20.0214828177,0.5000000000,491303.5000000000,,,IS
PESI,short,2020-06-11,09:30,6.5400000000,2020-06-11,16:00,5.6300000000,session_close,0.0616883117,6.1600000000,5.5600000000,0.1391437309,0.1354220183,5.6670416110,5.5154638167,0.1515777943,40.7279693804,40.7279693804,1.0000000000,150120.0000000000,,,IS
BJRI,short,2020-06-12,09:30,23.3300000000,2020-06-12,16:00,22.6800000000,session_close,0.0917173608,21.3700000000,21.0600000000,0.0278611230,0.0239168453,0.2147323302,0.1843328394,0.0303994908,46.2434331971,7.7072388662,0.1666666667,14140150.0000000000,,,IS
BXC,short,2020-06-12,09:30,7.9800000000,2020-06-12,16:00,7.3700000000,session_close,0.0527704485,7.5800000000,7.1900000000,0.0764411028,0.0725939850,0.5891498381,0.5594991824,0.0296506558,46.2434331971,7.7072388662,0.1666666667,1548090.0000000000,,,IS
CLB,short,2020-06-12,09:30,23.7500000000,2020-06-12,16:00,23.8700000000,session_close,0.0770975057,22.0500000000,23.2900000000,-0.0050526316,-0.0090627368,-0.0389418385,-0.0698486776,0.0309068391,46.2434331971,7.7072388662,0.1666666667,16852836.0000000000,,,IS
CPF,short,2020-06-12,09:30,17.5500000000,2020-06-12,16:00,16.7300000000,session_close,0.0502692998,16.7100000000,16.2300000000,0.0467236467,0.0428170940,0.3601103060,0.3300015711,0.0301087349,46.2434331971,7.7072388662,0.1666666667,3562801.0000000000,,,IS
KELYA,short,2020-06-12,09:30,14.8400000000,2020-06-12,16:00,14.5000000000,session_close,0.0509915014,14.1200000000,14.0200000000,0.0229110512,0.0189568733,0.1765809444,0.1461051508,0.0304757936,46.2434331971,7.7072388662,0.1666666667,3135864.0000000000,,,IS
MYE,short,2020-06-12,09:30,13.9800000000,2020-06-12,16:00,13.6500000000,session_close,0.0503380917,13.3100000000,13.1100000000,0.0236051502,0.0196523605,0.1819305312,0.1514654368,0.0304650944,46.2434331971,7.7072388662,0.1666666667,2428974.0000000000,,,IS
BBCP,short,2020-06-16,09:30,4.0000000000,2020-06-16,16:00,3.9000000000,session_close,0.0666666667,3.7500000000,3.8900000000,0.0250000000,0.0210500000,0.1080567925,0.0909838193,0.0170729732,47.5449886999,4.3222717000,0.0909090909,394400.0000000000,,,IS
BJRI,short,2020-06-16,09:30,24.8300000000,2020-06-16,16:00,23.2200000000,session_close,0.0638389032,23.3400000000,22.7110000000,0.0648409182,0.0609706001,0.2802600659,0.2635314993,0.0167285667,47.5449886999,4.3222717000,0.0909090909,14140150.0000000000,,,IS
BXC,short,2020-06-16,09:30,8.1000000000,2020-06-16,16:00,8.9400000000,session_close,0.0686015831,7.5800000000,7.9100000000,-0.1037037037,-0.1079111111,-0.4482355837,-0.4664211417,0.0181855580,47.5449886999,4.3222717000,0.0909090909,1569024.0000000000,,,IS
CLB,short,2020-06-16,09:30,22.7200000000,2020-06-16,16:00,21.6900000000,session_close,0.0691764706,21.2500000000,21.3200000000,0.0453345070,0.0414251761,0.1959480568,0.1790508661,0.0168971907,47.5449886999,4.3222717000,0.0909090909,17782100.0000000000,,,IS
CPF,short,2020-06-16,09:30,17.7100000000,2020-06-16,16:00,17.3400000000,session_close,0.0541666667,16.8000000000,16.8400000000,0.0208921513,0.0169339356,0.0903015544,0.0731930707,0.0171084837,47.5449886999,4.3222717000,0.0909090909,3880800.0000000000,,,IS
FVCB,short,2020-06-16,09:30,8.9520000000,2020-06-16,16:00,8.9200000000,session_close,0.0507042254,8.5200000000,8.5840000000,0.0035746202,-0.0004182306,0.0154504797,-0.0018077061,0.0172581858,47.5449886999,4.3222717000,0.0909090909,209019.0000000000,,,IS
IIIN,short,2020-06-16,09:30,17.9200000000,2020-06-16,16:00,18.2800000000,session_close,0.0578512397,16.9400000000,17.7400000000,-0.0200892857,-0.0241294643,-0.0868313511,-0.1042941006,0.0174627495,47.5449886999,4.3222717000,0.0909090909,1279440.0000000000,,,IS
KELYA,short,2020-06-16,09:30,16.0000000000,2020-06-16,16:00,15.4800000000,session_close,0.0512483574,15.2200000000,15.2600000000,0.0325000000,0.0285650000,0.1404738302,0.1234656911,0.0170081391,47.5449886999,4.3222717000,0.0909090909,3008250.0000000000,,,IS
MOV,short,2020-06-16,09:30,13.4100000000,2020-06-16,16:00,12.4200000000,session_close,0.0567375887,12.6900000000,12.2734000000,0.0738255034,0.0699731544,0.3190938839,0.3024429849,0.0166508990,47.5449886999,4.3222717000,0.0909090909,3119760.0000000000,,,IS
ORN,short,2020-06-16,09:30,2.8000000000,2020-06-16,16:00,2.9300000000,session_close,0.0526315789,2.6600000000,2.7600000000,-0.0464285714,-0.0505214286,-0.2006769004,-0.2183673410,0.0176904406,47.5449886999,4.3222717000,0.0909090909,382130.0000000000,,,IS
PRPO,short,2020-06-16,09:30,24.0000000000,2020-06-16,16:00,21.6000000000,session_close,0.0619469027,22.6000000000,20.6000000000,0.1000000000,0.0962000000,0.4322271700,0.4158025375,0.0164246325,47.5449886999,4.3222717000,0.0909090909,528054.0000000000,,,IS
ORN,short,2020-06-17,09:30,3.0800000000,2020-06-17,16:00,3.2800000000,session_close,0.0511945392,2.9300000000,3.0400000000,-0.0649350649,-0.0690649351,-3.1300369402,-3.3291072896,0.1990703494,48.2025688795,48.2025688795,1.0000000000,400498.9999999999,,,IS
ORN,short,2020-06-18,09:30,3.9400000000,2020-06-18,16:00,3.5600000000,session_close,0.2012195122,3.2800000000,3.3200000000,0.0964467005,0.0926395939,4.3278973107,4.1570592590,0.1708380517,44.8734615899,44.8734615899,1.0000000000,425220.0000000000,,,IS
PESI,short,2020-06-19,09:30,6.0400000000,2020-06-19,16:00,6.3800000000,session_close,0.0541012216,5.7300000000,5.9420000000,-0.0562913907,-0.0604039735,-2.7599962067,-2.9616382825,0.2016420758,49.0305208488,49.0305208488,1.0000000000,79806.0000000000,,,IS
AMRC,short,2020-07-01,09:30,30.9900000000,2020-07-01,16:00,29.1900000000,session_close,0.1155507559,27.7800000000,28.7698000000,0.0580832527,0.0541994192,2.6758305460,2.4969066768,0.1789238692,46.0688825663,46.0688825663,1.0000000000,5633056.0000000000,,,IS
BJRI,short,2020-07-15,09:30,17.5400000000,2020-07-15,16:00,19.3700000000,session_close,0.0604594921,16.5400000000,17.4500000000,-0.1043329532,-0.1085416192,-5.0670122186,-5.2714094000,0.2043971814,48.5657892431,48.5657892431,1.0000000000,12107582.0000000000,,,IS
IIIN,short,2020-07-16,09:30,20.8800000000,2020-07-16,16:00,19.2750000000,session_close,0.0526846483,19.8350000000,18.6800000000,0.0768678161,0.0730215517,3.3279444276,3.1614227971,0.1665216305,43.2943798430,43.2943798430,1.0000000000,1321194.0000000000,,,IS
PESI,short,2020-07-20,09:30,6.6500000000,2020-07-20,16:00,6.5201000000,session_close,0.0623003195,6.2600000000,6.4100000000,0.0195338346,0.0155729023,0.9074599644,0.7234516737,0.1840082906,46.4558026401,46.4558026401,1.0000000000,98556.0000000000,,,IS
FMNB,short,2020-07-29,09:30,10.9900000000,2020-07-29,16:00,10.7600000000,session_close,0.0516746411,10.4500000000,10.5600000000,0.0209281165,0.0169699727,0.9873729292,0.8006306578,0.1867422714,47.1792543138,47.1792543138,1.0000000000,608855.0000000000,,,IS
MYE,short,2020-07-30,09:30,16.1000000000,2020-07-30,16:00,15.5300000000,session_close,0.0841750842,14.8500000000,15.2600000000,0.0354037267,0.0314745342,0.8493333675,0.7550722643,0.0942611032,47.9798849717,23.9899424858,0.5000000000,1708680.0000000000,,,IS
PRPO,short,2020-07-30,09:30,27.4000000000,2020-07-30,16:00,140.0000000000,session_close,0.1138211382,24.6000000000,25.4000000000,-4.1094890511,-4.1217080292,-98.5864059819,-98.8795385638,0.2931325819,47.9798849717,23.9899424858,0.5000000000,704990.0000000000,,,IS
