symbol,session,side,n_units,entry_ts,exit_ts,entry_time,exit_time,entry_price,exit_price,exit_reason,leg_prices,gross_ret,net_ret,net_dollars,bars_held
QQQ,2021-10-08,1,1,1633713600,1633717800,2021-10-08 13:20,2021-10-08 14:30,360.6500000000,362.4300000000,target,360.6500000000,0.004935533065,0.004735533065,0.001578511022,15
QQQ,2021-10-11,-1,1,1633961700,1633971900,2021-10-11 10:15,2021-10-11 13:05,362.8400000000,360.9700000000,target,362.8400000000,0.005153786793,0.004953786793,0.001653868800,35
QQQ,2021-10-14,-1,1,1634230200,1634241600,2021-10-14 12:50,2021-10-14 16:00,366.6700000000,366.6300000000,session,366.6700000000,0.000109089917,-0.000090910083,-0.000030401313,38
QQQ,2021-10-18,-1,1,1634570400,1634587200,2021-10-18 11:20,2021-10-18 16:00,370.4900000000,372.6500000000,session,370.4900000000,-0.005830116872,-0.006030116872,-0.002016475059,56
QQQ,2021-10-21,-1,1,1634844000,1634846400,2021-10-21 15:20,2021-10-21 16:00,376.9200000000,377.2700000000,session,376.9200000000,-0.000928579009,-0.001128579009,-0.000376638981,8
QQQ,2021-10-22,1,1,1634917200,1634921100,2021-10-22 11:40,2021-10-22 12:45,372.8600000000,374.4800000000,target,372.8600000000,0.004344794293,0.004144794293,0.001382715623,14
QQQ,2021-10-22,1,1,1634925600,1634927700,2021-10-22 14:00,2021-10-22 14:35,373.3400000000,374.8450000000,target,373.3400000000,0.004031178015,0.003831178015,0.001278092306,8
QQQ,2021-10-25,-1,1,1635186600,1635192000,2021-10-25 14:30,2021-10-25 16:00,378.4000000000,377.9500000000,session,378.4000000000,0.001189217759,0.000989217759,0.000330883340,18
QQQ,2021-10-27,-1,1,1635351600,1635362400,2021-10-27 12:20,2021-10-27 15:20,382.1800000000,380.7500000000,target,382.1800000000,0.003741692396,0.003541692396,0.001185050932,37
QQQ,2021-10-29,-1,1,1635521100,1635537600,2021-10-29 11:25,2021-10-29 16:00,383.6150000000,386.1100000000,session,383.6150000000,-0.006503916687,-0.006703916687,-0.002245779926,55
QQQ,2021-11-02,-1,1,1635867900,1635869400,2021-11-02 11:45,2021-11-02 12:10,389.3500000000,388.0000000000,target,389.3500000000,0.003467317324,0.003267317324,0.001092089736,6
QQQ,2021-11-03,-1,1,1635966000,1635969600,2021-11-03 15:00,2021-11-03 16:00,392.0600000000,393.1800000000,session,392.0600000000,-0.002856705606,-0.003056705606,-0.001022806216,12
QQQ,2021-11-04,-1,1,1636035600,1636056000,2021-11-04 10:20,2021-11-04 16:00,397.0000000000,398.2200000000,session,397.0000000000,-0.003073047859,-0.003273047859,-0.001094080737,68
QQQ,2021-11-05,1,1,1636133400,1636134900,2021-11-05 13:30,2021-11-05 13:55,397.1875000000,398.4900000000,target,397.1875000000,0.003279307632,0.003079307632,0.001028196245,6
QQQ,2021-11-09,1,1,1636470000,1636472100,2021-11-09 10:00,2021-11-09 10:35,395.5200000000,396.7600000000,target,395.5200000000,0.003135113269,0.002935113269,0.000981054982,8
QQQ,2021-11-09,1,2,1636472400,1636491600,2021-11-09 10:40,2021-11-09 16:00,395.5050000000,395.3200000000,session,396.4900000000;394.5200000000,-0.000461556751,-0.000661556751,-0.000442247700,64
QQQ,2021-11-10,-1,1,1636557300,1636561800,2021-11-10 10:15,2021-11-10 11:30,395.0200000000,393.6400000000,target,395.0200000000,0.003493494000,0.003293494000,0.001101434452,16
QQQ,2021-11-10,1,2,1636571700,1636578000,2021-11-10 14:15,2021-11-10 16:00,388.9000000000,389.5100000000,session,390.0700000000;387.7300000000,0.001577591877,0.001377591877,0.000921408786,21
QQQ,2021-11-12,-1,1,1636734000,1636750800,2021-11-12 11:20,2021-11-12 16:00,394.4200000000,394.7000000000,session,394.4200000000,-0.000709903149,-0.000909903149,-0.000304910024,56
QQQ,2021-11-15,1,1,1636994700,1637005500,2021-11-15 11:45,2021-11-15 14:45,392.6400000000,394.0500000000,target,392.6400000000,0.003591075795,0.003391075795,0.001136010353,37
QQQ,2021-11-16,-1,1,1637078700,1637096400,2021-11-16 11:05,2021-11-16 16:00,396.2700000000,397.4200000000,session,396.2700000000,-0.002902061726,-0.003102061726,-0.001040365301,59
QQQ,2021-11-22,-1,1,1637593500,1637597100,2021-11-22 10:05,2021-11-22 11:05,408.1500000000,406.3200000000,target,408.1500000000,0.004483645718,0.004283645718,0.001435157837,13
QQQ,2021-11-22,1,1,1637600100,1637610600,2021-11-22 11:55,2021-11-22 14:50,402.6600000000,403.8200000000,target,402.6600000000,0.002880842398,0.002680842398,0.000898167643,36
QQQ,2021-11-23,1,2,1637682300,1637697000,2021-11-23 10:45,2021-11-23 14:50,394.1610000000,395.8000000000,target,395.3100000000;393.0120000000,0.004166732252,0.003966732252,0.002664133904,50
QQQ,2021-11-24,-1,1,1637771100,1637787600,2021-11-24 11:25,2021-11-24 16:00,397.8600000000,398.7600000000,session,397.8600000000,-0.002262102247,-0.002462102247,-0.000828984140,55
QQQ,2021-11-26,1,1,1637940000,1637949900,2021-11-26 10:20,2021-11-26 13:05,393.4800000000,391.2000000000,session,393.4800000000,-0.005794449527,-0.005994449527,-0.002016660876,33
QQQ,2021-11-29,-1,1,1638205200,1638219600,2021-11-29 12:00,2021-11-29 16:00,398.7000000000,399.6900000000,session,398.7000000000,-0.002483069977,-0.002683069977,-0.000900838443,48
QQQ,2021-11-30,1,2,1638287700,1638306000,2021-11-30 10:55,2021-11-30 16:00,394.0300000000,393.8200000000,session,395.0900000000;392.9700000000,-0.000525721238,-0.000725721238,-0.000486884728,61
QQQ,2021-12-01,1,2,1638382800,1638392400,2021-12-01 13:20,2021-12-01 16:00,393.4350000000,387.1200000000,session,394.7600000000;392.1100000000,-0.016039776009,-0.016239776009,-0.010889957511,32
QQQ,2021-12-02,-1,1,1638456600,1638458400,2021-12-02 09:50,2021-12-02 10:20,389.1300000000,386.7300000000,target,389.1300000000,0.006167604657,0.005967604657,0.001979195361,7
QQQ,2021-12-02,-1,1,1638462000,1638478800,2021-12-02 11:20,2021-12-02 16:00,389.1900000000,389.9100000000,session,389.1900000000,-0.001849996146,-0.002049996146,-0.000679894714,56
QQQ,2021-12-03,1,3,1638543300,1638565200,2021-12-03 09:55,2021-12-03 16:00,383.6057333333,383.1300000000,session,386.0872000000;383.8100000000;380.9200000000,-0.001209792132,-0.001409792132,-0.001404532262,73
QQQ,2021-12-06,1,1,1638801600,1638801900,2021-12-06 09:40,2021-12-06 09:45,379.7900000000,382.0400000000,target,379.7900000000,0.005924326602,0.005724326602,0.001898309800,2
QQQ,2021-12-06,-1,1,1638817500,1638824400,2021-12-06 14:05,2021-12-06 16:00,387.3900000000,386.2000000000,session,387.3900000000,0.003071839748,0.002871839748,0.000952363818,23
QQQ,2021-12-07,-1,1,1638891600,1638910800,2021-12-07 10:40,2021-12-07 16:00,396.8000000000,397.8300000000,session,396.8000000000,-0.002595766129,-0.002795766129,-0.000929792775,64
QQQ,2021-12-09,1,1,1639080600,1639083600,2021-12-09 15:10,2021-12-09 16:00,394.2300000000,393.7300000000,session,394.2300000000,-0.001268295158,-0.001468295158,-0.000487858389,10
QQQ,2021-12-13,1,1,1639412100,1639429200,2021-12-13 11:15,2021-12-13 16:00,394.4600000000,392.2600000000,session,394.4600000000,-0.005577244841,-0.005777244841,-0.001918618266,57
QQQ,2021-12-15,1,1,1639588500,1639594800,2021-12-15 12:15,2021-12-15 14:00,384.2800000000,386.3400000000,target,384.2800000000,0.005360674508,0.005160674508,0.001710555310,22
QQQ,2021-12-15,-1,2,1639599000,1639602000,2021-12-15 15:10,2021-12-15 16:00,394.0050000000,397.0500000000,session,392.8000000000;395.2100000000,-0.007737754119,-0.007937754119,-0.005262090233,10
QQQ,2021-12-16,1,3,1639667100,1639688400,2021-12-16 10:05,2021-12-16 16:00,389.9266333333,386.8400000000,session,393.2499000000;390.4000000000;386.1300000000,-0.007859968973,-0.008059968973,-0.007986037962,71
QQQ,2021-12-17,-1,1,1639756200,1639759800,2021-12-17 10:50,2021-12-17 11:50,387.3555000000,384.6300000000,target,387.3555000000,0.007036172198,0.006836172198,0.002239624225,13
QQQ,2021-12-17,-1,1,1639765800,1639774800,2021-12-17 13:30,2021-12-17 16:00,387.3500000000,384.9800000000,session,387.3500000000,0.006118497483,0.005918497483,0.001938981342,30
QQQ,2021-12-21,-1,1,1640113500,1640120400,2021-12-21 14:05,2021-12-21 16:00,388.2000000000,389.2100000000,session,388.2000000000,-0.002601751674,-0.002801751674,-0.000921794933,23
QQQ,2021-12-22,-1,1,1640191500,1640201400,2021-12-22 11:45,2021-12-22 14:30,392.9900000000,390.9700000000,target,392.9900000000,0.005140079900,0.004940079900,0.001623801226,34
QQQ,2021-12-27,-1,1,1640619000,1640638800,2021-12-27 10:30,2021-12-27 16:00,402.0900000000,403.4800000000,session,402.0900000000,-0.003456937502,-0.003656937502,-0.001204012488,66
QQQ,2022-01-04,1,2,1641309600,1641330000,2022-01-04 10:20,2022-01-04 16:00,397.1500000000,396.4700000000,session,398.9200000000;395.3800000000,-0.001692370376,-0.001892370376,-0.001244571555,68
QQQ,2022-01-05,1,2,1641405600,1641416400,2022-01-05 13:00,2022-01-05 16:00,389.2025000000,384.2900000000,session,391.1550000000;387.2500000000,-0.012597114211,-0.012797114211,-0.008405770585,36
QQQ,2022-01-06,-1,1,1641484200,1641502800,2022-01-06 10:50,2022-01-06 16:00,386.0600000000,384.0200000000,session,386.0600000000,0.005284152722,0.005084152722,0.001655514693,62
QQQ,2022-01-07,1,1,1641570300,1641574500,2022-01-07 10:45,2022-01-07 11:55,379.9100000000,381.9600000000,target,379.9100000000,0.005396014846,0.005196014846,0.001694806880,15
QQQ,2022-01-07,1,1,1641577200,1641589200,2022-01-07 12:40,2022-01-07 16:00,380.2100000000,379.8600000000,session,380.2100000000,-0.000920543910,-0.001120543910,-0.000365492706,40
QQQ,2022-01-10,1,1,1641827100,1641831900,2022-01-10 10:05,2022-01-10 11:25,371.0900000000,373.0100000000,target,371.0900000000,0.005173947021,0.004973947021,0.001624578026,17
QQQ,2022-01-10,1,1,1641834600,1641838500,2022-01-10 12:10,2022-01-10 13:15,371.1200000000,373.3000000000,target,371.1200000000,0.005874110800,0.005674110800,0.001853263753,14
QQQ,2022-01-11,-1,1,1641918000,1641934800,2022-01-11 11:20,2022-01-11 16:00,383.6499000000,385.8200000000,session,383.6499000000,-0.005656459183,-0.005856459183,-0.001919611202,56
QQQ,2022-01-13,1,2,1642089000,1642107600,2022-01-13 10:50,2022-01-13 16:00,383.0850000000,377.6600000000,session,384.9200000000;381.2500000000,-0.014138727741,-0.014338727741,-0.009381453517,62
QQQ,2022-01-14,-1,1,1642172400,1642174800,2022-01-14 10:00,2022-01-14 10:40,379.7100000000,377.4400000000,target,379.7100000000,0.005978246557,0.005778246557,0.001872208141,9
QQQ,2022-01-14,-1,1,1642179000,1642182600,2022-01-14 11:50,2022-01-14 12:50,379.0000000000,376.9900000000,target,379.0000000000,0.005303430079,0.005103430079,0.001653561032,13
QQQ,2022-01-14,-1,1,1642191600,1642194000,2022-01-14 15:20,2022-01-14 16:00,379.3100000000,380.0100000000,session,379.3100000000,-0.001845456223,-0.002045456223,-0.000662747731,8
QQQ,2022-01-20,1,1,1642710300,1642712400,2022-01-20 15:25,2022-01-20 16:00,365.1300000000,361.7200000000,session,365.1300000000,-0.009339139485,-0.009539139485,-0.003099877653,7
QQQ,2022-01-21,1,1,1642793400,1642798800,2022-01-21 14:30,2022-01-21 16:00,354.9500000000,351.6900000000,session,354.9500000000,-0.009184392168,-0.009384392168,-0.003039893511,18
QQQ,2022-01-24,1,1,1643037600,1643037900,2022-01-24 10:20,2022-01-24 10:25,340.7600000000,343.3900000000,target,340.7600000000,0.007718042024,0.007518042024,0.002427707230,2
QQQ,2022-01-24,1,2,1643040900,1643047800,2022-01-24 11:15,2022-01-24 13:10,339.2724000000,341.4700000000,target,341.5800000000;336.9648000000,0.006523954796,0.006323954796,0.004084231169,24
QQQ,2022-01-24,1,1,1643048700,1643050200,2022-01-24 13:25,2022-01-24 13:50,341.2400000000,344.3750000000,target,341.2400000000,0.009187082405,0.008987082405,0.002902086057,6
QQQ,2022-01-24,1,1,1643053200,1643054100,2022-01-24 14:40,2022-01-24 14:55,341.6000000000,344.2800000000,target,341.6000000000,0.007845433255,0.007645433255,0.002468844087,4
QQQ,2022-01-26,1,2,1643226600,1643230800,2022-01-26 14:50,2022-01-26 16:00,343.9100000000,344.5700000000,session,346.4900000000;341.3300000000,0.001975497368,0.001775497368,0.001160743627,14
QQQ,2022-01-27,1,1,1643304900,1643317200,2022-01-27 12:35,2022-01-27 16:00,344.3284000000,341.1000000000,session,344.3284000000,-0.009375932976,-0.009575932976,-0.003133871122,41
QQQ,2022-01-28,-1,1,1643389200,1643397000,2022-01-28 12:00,2022-01-28 14:10,348.3900000000,345.3100000000,target,348.3900000000,0.008840667069,0.008640667069,0.002818764745,27
QQQ,2022-01-31,-1,1,1643641800,1643662800,2022-01-31 10:10,2022-01-31 16:00,358.5700000000,363.0500000000,session,358.5700000000,-0.012494073682,-0.012694073682,-0.004152997224,70
QQQ,2022-02-02,1,1,1643820000,1643821800,2022-02-02 11:40,2022-02-02 12:10,364.5850000000,367.2300000000,target,364.5850000000,0.007254823978,0.007054823978,0.002298292258,7
QQQ,2022-02-04,-1,1,1644000300,1644008400,2022-02-04 13:45,2022-02-04 16:00,359.4600000000,358.0100000000,session,359.4600000000,0.004033828521,0.003833828521,0.001251906364,27
QQQ,2022-02-08,-1,1,1644341700,1644354000,2022-02-08 12:35,2022-02-08 16:00,359.0500000000,359.1200000000,session,359.0500000000,-0.000194958919,-0.000394958919,-0.000129135527,41
QQQ,2022-02-10,-1,1,1644505500,1644510900,2022-02-10 10:05,2022-02-10 11:35,364.7700000000,362.3200000000,target,364.7700000000,0.006716561121,0.006516561121,0.002130370332,19
QQQ,2022-02-10,-1,1,1644512400,1644515400,2022-02-10 12:00,2022-02-10 12:50,364.6900000000,362.1500000000,target,364.6900000000,0.006964819436,0.006764819436,0.002211530033,11
QQQ,2022-02-11,1,2,1644604200,1644613200,2022-02-11 13:30,2022-02-11 16:00,350.7400000000,347.0600000000,session,353.1000000000;348.3800000000,-0.010447300934,-0.010647300934,-0.006992373054,30
QQQ,2022-02-17,1,1,1645125900,1645131600,2022-02-17 14:25,2022-02-17 16:00,347.9400000000,345.4500000000,session,347.9400000000,-0.007156406277,-0.007356406277,-0.002398430122,19
QQQ,2022-02-18,1,1,1645200300,1645212900,2022-02-18 11:05,2022-02-18 14:35,341.1100000000,343.9600000000,target,341.1100000000,0.008355076075,0.008155076075,0.002652302921,43
QQQ,2022-02-22,-1,1,1645541700,1645545300,2022-02-22 09:55,2022-02-22 10:55,343.2600000000,340.6000000000,target,343.2600000000,0.007749227990,0.007549227990,0.002461935183,13
QQQ,2022-02-23,1,2,1645631100,1645650000,2022-02-23 10:45,2022-02-23 16:00,333.5450500000,329.4200000000,session,336.0600000000;331.0301000000,-0.012311142313,-0.012511142313,-0.008180738736,63
QQQ,2022-02-24,-1,3,1645713600,1645736400,2022-02-24 09:40,2022-02-24 16:00,329.0466666667,340.4900000000,session,324.4900000000;329.0200000000;333.6300000000,-0.034910315948,-0.035110315948,-0.034149473923,76
QQQ,2022-02-28,-1,1,1646065500,1646069100,2022-02-28 11:25,2022-02-28 12:25,347.7500000000,344.7700000000,target,347.7500000000,0.008569374551,0.008369374551,0.002618175127,13
QQQ,2022-03-03,1,1,1646321100,1646341200,2022-03-03 10:25,2022-03-03 16:00,344.9000000000,342.2600000000,session,344.9000000000,-0.007654392578,-0.007854392578,-0.002463929045,67
QQQ,2022-03-07,1,2,1646666100,1646686800,2022-03-07 10:15,2022-03-07 16:00,329.5884500000,324.8600000000,session,332.0669000000;327.1100000000,-0.014290788453,-0.014490788453,-0.009067740311,69
QQQ,2022-03-08,-1,1,1646760000,1646765700,2022-03-08 12:20,2022-03-08 13:55,330.0400000000,326.4100000000,target,330.0400000000,0.010998666828,0.010798666828,0.003346041277,20
QQQ,2022-03-08,-1,1,1646769900,1646773200,2022-03-08 15:05,2022-03-08 16:00,329.1600000000,323.3500000000,session,329.1600000000,0.017650990400,0.017450990400,0.005407309544,11
QQQ,2022-03-11,1,1,1647015300,1647032400,2022-03-11 11:15,2022-03-11 16:00,328.9900000000,324.4000000000,session,328.9900000000,-0.013951791848,-0.014151791848,-0.004426322020,57
QQQ,2022-03-14,1,1,1647279600,1647288000,2022-03-14 13:40,2022-03-14 16:00,317.8800000000,318.1700000000,session,317.8800000000,0.000912293947,0.000712293947,0.000221736557,28
QQQ,2022-03-15,-1,1,1647358500,1647368400,2022-03-15 11:35,2022-03-15 14:20,326.4600000000,323.6500000000,target,326.4600000000,0.008607486369,0.008407486369,0.002617865440,34
QQQ,2022-03-15,-1,1,1647370800,1647374400,2022-03-15 15:00,2022-03-15 16:00,326.2300000000,328.1500000000,session,326.2300000000,-0.005885418263,-0.006085418263,-0.001894835800,12
QQQ,2022-03-16,-1,1,1647441300,1647449400,2022-03-16 10:35,2022-03-16 12:50,337.8100000000,334.6700000000,target,337.8100000000,0.009295165922,0.009095165922,0.002834182407,28
QQQ,2022-03-16,-1,1,1647458700,1647460800,2022-03-16 15:25,2022-03-16 16:00,337.5000000000,340.3200000000,session,337.5000000000,-0.008355555556,-0.008555555556,-0.002666032181,7
QQQ,2022-03-18,-1,1,1647620700,1647633600,2022-03-18 12:25,2022-03-18 16:00,348.0000000000,351.4900000000,session,348.0000000000,-0.010028735632,-0.010228735632,-0.003187992092,43
QQQ,2022-03-22,-1,1,1647959700,1647979200,2022-03-22 10:35,2022-03-22 16:00,356.0330000000,356.9600000000,session,356.0330000000,-0.002603691231,-0.002803691231,-0.000870847628,65
QQQ,2022-03-28,-1,1,1648495500,1648497600,2022-03-28 15:25,2022-03-28 16:00,364.0400000000,364.9100000000,session,364.0400000000,-0.002389847270,-0.002589847270,-0.000803674294,7
QQQ,2022-04-04,-1,1,1649084700,1649102400,2022-04-04 11:05,2022-04-04 16:00,367.4700000000,369.3000000000,session,367.4700000000,-0.004979998367,-0.005179998367,-0.001606055195,59
QQQ,2022-04-05,1,1,1649169600,1649188800,2022-04-05 10:40,2022-04-05 16:00,363.3800000000,361.1000000000,session,363.3800000000,-0.006274423469,-0.006474423469,-0.002003924779,64
QQQ,2022-04-06,1,1,1649262600,1649267100,2022-04-06 12:30,2022-04-06 13:45,351.5000000000,354.0200000000,target,351.5000000000,0.007169274538,0.006969274538,0.002152432818,16
QQQ,2022-04-06,1,1,1649269200,1649270100,2022-04-06 14:20,2022-04-06 14:35,350.8100000000,354.2800000000,target,350.8100000000,0.009891394202,0.009691394202,0.002993148687,4
QQQ,2022-04-12,1,1,1649786100,1649793600,2022-04-12 13:55,2022-04-12 16:00,341.2350000000,339.4500000000,session,341.2350000000,-0.005230999165,-0.005430999165,-0.001686657782,25
QQQ,2022-04-13,-1,1,1649862300,1649880000,2022-04-13 11:05,2022-04-13 16:00,344.0500000000,346.3500000000,session,344.0500000000,-0.006685074844,-0.006885074844,-0.002134366393,59
QQQ,2022-04-14,1,1,1649945400,1649966400,2022-04-14 10:10,2022-04-14 16:00,342.1200000000,338.4300000000,session,342.1200000000,-0.010785689232,-0.010985689232,-0.003397736969,70
QQQ,2022-04-19,-1,2,1650377400,1650398400,2022-04-19 10:10,2022-04-19 16:00,344.1488500000,346.2600000000,session,342.1400000000;346.1577000000,-0.006168692127,-0.006368692127,-0.003925088347,70
QQQ,2022-04-20,1,1,1650463500,1650484800,2022-04-20 10:05,2022-04-20 16:00,342.8800000000,341.2100000000,session,342.8800000000,-0.004870508633,-0.005070508633,-0.001555868404,71
QQQ,2022-04-21,1,2,1650556800,1650571200,2022-04-21 12:00,2022-04-21 16:00,338.3900000000,334.1500000000,session,340.1500000000;336.6300000000,-0.012503207892,-0.012703207892,-0.007782696306,48
QQQ,2022-04-22,1,1,1650642300,1650657600,2022-04-22 11:45,2022-04-22 16:00,329.6200000000,325.4000000000,session,329.6200000000,-0.012802621200,-0.013002621200,-0.003949335013,51
QQQ,2022-04-25,-1,1,1650912600,1650913500,2022-04-25 14:50,2022-04-25 15:05,328.3600000000,325.9800000000,target,328.3600000000,0.007248142283,0.007048142283,0.002131480257,4
QQQ,2022-04-26,1,2,1650981900,1651003200,2022-04-26 10:05,2022-04-26 16:00,320.2350000000,317.1400000000,session,322.0700000000;318.4000000000,-0.009632258890,-0.009832258890,-0.005960862157,71
QQQ,2022-04-27,-1,1,1651067400,1651068300,2022-04-27 09:50,2022-04-27 10:05,322.1400000000,319.2600000000,target,322.1400000000,0.008940212330,0.008740212330,0.002632034999,4
QQQ,2022-04-27,-1,1,1651077000,1651080000,2022-04-27 12:30,2022-04-27 13:20,321.8500000000,319.3100000000,target,321.8500000000,0.007891875097,0.007691875097,0.002316337830,11
QQQ,2022-04-28,-1,1,1651166100,1651176000,2022-04-28 13:15,2022-04-28 16:00,326.8900000000,328.0100000000,session,326.8900000000,-0.003426229007,-0.003626229007,-0.001097987008,33
QQQ,2022-04-29,1,1,1651250700,1651262400,2022-04-29 12:45,2022-04-29 16:00,318.7200000000,313.2500000000,session,318.7200000000,-0.017162399598,-0.017362399598,-0.005250811809,39
QQQ,2022-05-04,1,1,1651676700,1651681500,2022-05-04 11:05,2022-05-04 12:25,314.4900000000,317.4900000000,target,314.4900000000,0.009539254030,0.009339254030,0.002808071283,17
QQQ,2022-05-04,-1,1,1651690500,1651694400,2022-05-04 14:55,2022-05-04 16:00,324.8700000000,329.6000000000,session,324.8700000000,-0.014559670022,-0.014759670022,-0.004437849683,13
QQQ,2022-05-05,1,3,1651759500,1651780800,2022-05-05 10:05,2022-05-05 16:00,314.8966666667,313.0000000000,session,319.2800000000;315.3200000000;310.0900000000,-0.005880829506,-0.006080829506,-0.005475132402,71
QQQ,2022-05-06,1,1,1651845300,1651846500,2022-05-06 09:55,2022-05-06 10:15,305.6300000000,308.8200000000,target,305.6300000000,0.010437457056,0.010237457056,0.003053892213,5
QQQ,2022-05-09,1,1,1652121300,1652126400,2022-05-09 14:35,2022-05-09 16:00,298.0640000000,297.1500000000,session,298.0640000000,-0.003066455526,-0.003266455526,-0.000977727571,17
QQQ,2022-05-10,1,1,1652194800,1652204100,2022-05-10 11:00,2022-05-10 13:35,298.9700000000,301.9390000000,target,298.9700000000,0.009930762284,0.009730762284,0.002909476475,32
QQQ,2022-05-11,1,1,1652292000,1652294700,2022-05-11 14:00,2022-05-11 14:45,292.6700000000,296.1200000000,target,292.6700000000,0.011788020638,0.011588020638,0.003476030987,10
QQQ,2022-05-11,1,1,1652295900,1652299200,2022-05-11 15:05,2022-05-11 16:00,292.8900000000,291.7800000000,session,292.8900000000,-0.003789818703,-0.003989818703,-0.001196816426,11
QQQ,2022-05-12,-1,1,1652365500,1652370900,2022-05-12 10:25,2022-05-12 11:55,293.0901000000,289.6900000000,target,293.0901000000,0.011600869494,0.011400869494,0.003428553380,19
QQQ,2022-05-13,-1,1,1652457300,1652465100,2022-05-13 11:55,2022-05-13 14:05,301.3700000000,298.3499000000,target,301.3700000000,0.010021236354,0.009821236354,0.002964738688,27
QQQ,2022-05-13,-1,1,1652469000,1652472000,2022-05-13 15:10,2022-05-13 16:00,301.5900000000,301.9400000000,session,301.5900000000,-0.001160515932,-0.001360515932,-0.000410699231,10
QQQ,2022-05-18,1,2,1652887800,1652904000,2022-05-18 11:30,2022-05-18 16:00,293.6950000000,291.1400000000,session,296.1500000000;291.2400000000,-0.008630231124,-0.008830231124,-0.005346202632,54
QQQ,2022-05-20,1,2,1653058800,1653076800,2022-05-20 11:00,2022-05-20 16:00,284.8450000000,288.6800000000,session,287.7500000000;281.9400000000,0.013568883879,0.013368883879,0.008046450183,60
QQQ,2022-05-24,1,1,1653401700,1653407400,2022-05-24 10:15,2022-05-24 11:50,282.8600000000,285.8600000000,target,282.8600000000,0.010605953475,0.010405953475,0.003159472657,20
QQQ,2022-05-25,-1,1,1653503400,1653508800,2022-05-25 14:30,2022-05-25 16:00,291.1100000000,291.2600000000,session,291.1100000000,-0.000515269142,-0.000715269142,-0.000217924481,18
QQQ,2022-05-26,-1,2,1653574200,1653595200,2022-05-26 10:10,2022-05-26 16:00,298.2150000000,299.3300000000,session,295.6500000000;300.7800000000,-0.003813175546,-0.004013175546,-0.002444843845,70
QQQ,2022-05-27,-1,1,1653678300,1653681600,2022-05-27 15:05,2022-05-27 16:00,307.7500000000,309.1000000000,session,307.7500000000,-0.004386677498,-0.004586677498,-0.001393373950,11
QQQ,2022-06-01,1,1,1654098300,1654107900,2022-06-01 11:45,2022-06-01 14:25,304.9700000000,307.6845000000,target,304.9700000000,0.008900875496,0.008700875496,0.002639173481,33
QQQ,2022-06-02,-1,1,1654185000,1654200000,2022-06-02 11:50,2022-06-02 16:00,310.2200000000,314.3800000000,session,310.2200000000,-0.013409838179,-0.013609838179,-0.004140146449,50
QQQ,2022-06-07,-1,1,1654612800,1654632000,2022-06-07 10:40,2022-06-07 16:00,308.7500000000,309.8700000000,session,308.7500000000,-0.003627530364,-0.003827530364,-0.001159062029,64
QQQ,2022-06-10,1,1,1654875000,1654887600,2022-06-10 11:30,2022-06-10 15:00,288.7400000000,291.1100000000,target,288.7400000000,0.008208076470,0.008008076470,0.002421931188,43
QQQ,2022-06-15,-1,1,1655318700,1655319300,2022-06-15 14:45,2022-06-15 14:55,285.1150000000,282.5900000000,target,285.1150000000,0.008856075619,0.008656075619,0.002624897644,3
QQQ,2022-06-15,-1,1,1655321100,1655323200,2022-06-15 15:25,2022-06-15 16:00,284.7600000000,282.8000000000,session,284.7600000000,0.006882989184,0.006682989184,0.002026572241,7
QQQ,2022-06-16,1,1,1655402400,1655409600,2022-06-16 14:00,2022-06-16 16:00,270.4050000000,271.3900000000,session,270.4050000000,0.003642684122,0.003442684122,0.001049309023,24
QQQ,2022-06-22,-1,1,1655907900,1655913600,2022-06-22 10:25,2022-06-22 12:00,284.0700000000,281.3200000000,target,284.0700000000,0.009680712500,0.009480712500,0.002892979137,20
QQQ,2022-06-22,-1,1,1655918700,1655928000,2022-06-22 13:25,2022-06-22 16:00,283.3900000000,280.6700000000,session,283.3900000000,0.009598080384,0.009398080384,0.002867764472,31
QQQ,2022-06-24,-1,1,1656079500,1656100800,2022-06-24 10:05,2022-06-24 16:00,292.3000000000,294.6100000000,session,292.3000000000,-0.007902839548,-0.008102839548,-0.002488089427,71
QQQ,2022-06-28,1,2,1656430200,1656446400,2022-06-28 11:30,2022-06-28 16:00,286.0350000000,283.5400000000,session,288.0700000000;284.0000000000,-0.008672531422,-0.008872531422,-0.005434150913,54
QQQ,2022-06-30,1,1,1656597900,1656599700,2022-06-30 10:05,2022-06-30 10:35,276.0300000000,278.3300000000,target,276.0300000000,0.008332427635,0.008132427635,0.002475699178,7
QQQ,2022-07-05,-1,1,1657038300,1657051200,2022-07-05 12:25,2022-07-05 16:00,282.8000000000,286.9600000000,session,282.8000000000,-0.014710042433,-0.014910042433,-0.004551266234,43
QQQ,2022-07-07,-1,1,1657211700,1657224000,2022-07-07 12:35,2022-07-07 16:00,294.1050000000,294.9800000000,session,294.1050000000,-0.002975127931,-0.003175127931,-0.000964385693,41
QQQ,2022-07-08,-1,1,1657293900,1657297800,2022-07-08 11:25,2022-07-08 12:30,296.3600000000,293.7400000000,target,296.3600000000,0.008840599271,0.008640599271,0.002621642713,14
QQQ,2022-07-11,1,1,1657547700,1657559400,2022-07-11 09:55,2022-07-11 13:10,288.5800000000,290.9500000000,target,288.5800000000,0.008212627348,0.008012627348,0.002438111944,40
QQQ,2022-07-12,1,1,1657653000,1657656000,2022-07-12 15:10,2022-07-12 16:00,285.8599000000,286.2400000000,session,285.8599000000,0.001329672332,0.001129672332,0.000344658973,10
QQQ,2022-07-13,-1,1,1657723200,1657742400,2022-07-13 10:40,2022-07-13 16:00,284.9065000000,285.6500000000,session,284.9065000000,-0.002609628071,-0.002809628071,-0.000857530226,64
QQQ,2022-07-14,-1,1,1657824000,1657828800,2022-07-14 14:40,2022-07-14 16:00,287.4800000000,286.6700000000,session,287.4800000000,0.002817587310,0.002617587310,0.000798168996,16
QQQ,2022-07-18,1,1,1658169900,1658174400,2022-07-18 14:45,2022-07-18 16:00,290.7200000000,289.4000000000,session,290.7200000000,-0.004540451293,-0.004740451293,-0.001446745484,15
QQQ,2022-07-19,-1,1,1658252400,1658260800,2022-07-19 13:40,2022-07-19 16:00,297.2500000000,298.3000000000,session,297.2500000000,-0.003532380151,-0.003732380151,-0.001137290796,28
QQQ,2022-07-20,-1,1,1658328900,1658337300,2022-07-20 10:55,2022-07-20 13:15,303.2000000000,300.6900000000,target,303.2000000000,0.008278364116,0.008078364116,0.002458489874,29
QQQ,2022-07-20,-1,1,1658342400,1658347200,2022-07-20 14:40,2022-07-20 16:00,302.8800000000,302.9800000000,session,302.8800000000,-0.000330163761,-0.000530163761,-0.000161344824,16
QQQ,2022-07-22,1,1,1658504400,1658520000,2022-07-22 11:40,2022-07-22 16:00,302.4000000000,301.9900000000,session,302.4000000000,-0.001355820106,-0.001555820106,-0.000474674302,52
QQQ,2022-07-26,1,1,1658850900,1658865600,2022-07-26 11:55,2022-07-26 16:00,294.5200000000,294.3700000000,session,294.5200000000,-0.000509303273,-0.000709303273,-0.000216293276,49
QQQ,2022-07-27,-1,2,1658938500,1658952000,2022-07-27 12:15,2022-07-27 16:00,304.8050000000,306.8100000000,session,302.9000000000;306.7100000000,-0.006617295781,-0.006817295781,-0.004156717341,45
QQQ,2022-07-29,-1,1,1659121500,1659124800,2022-07-29 15:05,2022-07-29 16:00,315.5650000000,315.4600000000,session,315.5650000000,0.000332736520,0.000132736520,0.000040282877,11
QQQ,2022-08-01,-1,1,1659363300,1659373500,2022-08-01 10:15,2022-08-01 13:05,317.5900000000,315.4875000000,target,317.5900000000,0.006620170660,0.006420170660,0.001948479496,35
QQQ,2022-08-02,-1,1,1659457200,1659461700,2022-08-02 12:20,2022-08-02 13:35,317.5400000000,314.6500000000,target,317.5400000000,0.009101215595,0.008901215595,0.002707241565,16
QQQ,2022-08-03,-1,1,1659535800,1659556800,2022-08-03 10:10,2022-08-03 16:00,320.1200000000,322.8900000000,session,320.1200000000,-0.008653005123,-0.008853005123,-0.002700567767,70
QQQ,2022-08-05,-1,1,1659708900,1659711900,2022-08-05 10:15,2022-08-05 11:05,323.0830000000,321.1700000000,target,323.0830000000,0.005921079104,0.005721079104,0.001740038343,11
QQQ,2022-08-11,1,1,1660243500,1660248000,2022-08-11 14:45,2022-08-11 16:00,324.4800000000,324.0800000000,session,324.4800000000,-0.001232741617,-0.001432741617,-0.000436592393,15
QQQ,2022-08-12,-1,1,1660331700,1660334400,2022-08-12 15:15,2022-08-12 16:00,329.9600000000,330.3900000000,session,329.9600000000,-0.001303188265,-0.001503188265,-0.000457840497,9
QQQ,2022-08-15,-1,1,1660590900,1660593600,2022-08-15 15:15,2022-08-15 16:00,333.1750000000,333.0600000000,session,333.1750000000,0.000345163953,0.000145163953,0.000044191826,9
QQQ,2022-08-19,1,1,1660921800,1660939200,2022-08-19 11:10,2022-08-19 16:00,322.7100000000,322.8600000000,session,322.7100000000,0.000464813610,0.000264813610,0.000080620313,58
QQQ,2022-08-22,1,1,1661189400,1661198400,2022-08-22 13:30,2022-08-22 16:00,315.1550000000,314.3600000000,session,315.1550000000,-0.002522568260,-0.002722568260,-0.000828936551,30
QQQ,2022-08-26,1,1,1661522700,1661523000,2022-08-26 10:05,2022-08-26 10:10,316.7912000000,321.0000000000,target,316.7912000000,0.013285722583,0.013085722583,0.003980575913,2
QQQ,2022-08-26,1,3,1661524200,1661544000,2022-08-26 10:30,2022-08-26 16:00,313.6033333333,307.4400000000,session,316.3300000000;313.8100000000;310.6700000000,-0.019599784624,-0.019799784624,-0.018068825450,66
QQQ,2022-08-30,1,2,1661869200,1661889600,2022-08-30 10:20,2022-08-30 16:00,300.9375000000,301.0200000000,session,302.7000000000;299.1750000000,0.000308454792,0.000108454792,0.000064963597,68
QQQ,2022-08-31,1,1,1661958300,1661976000,2022-08-31 11:05,2022-08-31 16:00,300.4100000000,299.2700000000,session,300.4100000000,-0.003794813755,-0.003994813755,-0.001196518070,59
QQQ,2022-09-01,1,1,1662046200,1662053100,2022-09-01 11:30,2022-09-01 13:25,293.3200000000,295.0400000000,target,293.3200000000,0.005863902905,0.005663902905,0.001694181095,24
QQQ,2022-09-02,1,2,1662137100,1662148800,2022-09-02 12:45,2022-09-02 16:00,296.8234500000,295.1700000000,session,298.3069000000;295.3400000000,-0.005545644051,-0.005745644051,-0.003443752294,39
QQQ,2022-09-06,1,1,1662473100,1662475500,2022-09-06 10:05,2022-09-06 10:45,291.8900000000,293.8000000000,target,291.8900000000,0.006543560930,0.006343560930,0.001893780235,9
QQQ,2022-09-06,1,1,1662484500,1662494400,2022-09-06 13:15,2022-09-06 16:00,292.0900000000,293.0500000000,session,292.0900000000,0.003286658222,0.003086658222,0.000921478078,33
QQQ,2022-09-07,-1,1,1662572400,1662580800,2022-09-07 13:40,2022-09-07 16:00,297.0900000000,298.9700000000,session,297.0900000000,-0.006328048739,-0.006528048739,-0.001954982504,28
QQQ,2022-09-08,-1,1,1662649200,1662653100,2022-09-08 11:00,2022-09-08 12:05,300.9300000000,298.3550000000,target,300.9300000000,0.008556807231,0.008356807231,0.002497202779,14
QQQ,2022-09-09,-1,1,1662734700,1662753600,2022-09-09 10:45,2022-09-09 16:00,306.3000000000,307.0500000000,session,306.3000000000,-0.002448579824,-0.002648579824,-0.000793660162,63
QQQ,2022-09-13,1,1,1663080600,1663099200,2022-09-13 10:50,2022-09-13 16:00,298.1400000000,293.7000000000,session,298.1400000000,-0.014892332461,-0.015092332461,-0.004518500015,62
QQQ,2022-09-15,1,1,1663269300,1663272000,2022-09-15 15:15,2022-09-15 16:00,290.3500000000,291.1000000000,session,290.3500000000,0.002583089375,0.002383089375,0.000709884840,9
QQQ,2022-09-19,-1,1,1663598700,1663602000,2022-09-19 10:45,2022-09-19 11:40,289.6300000000,287.4995000000,target,289.6300000000,0.007355936885,0.007155936885,0.002133334336,12
QQQ,2022-09-19,-1,1,1663614300,1663617600,2022-09-19 15:05,2022-09-19 16:00,290.0200000000,291.0500000000,session,290.0200000000,-0.003551479208,-0.003751479208,-0.001118394354,11
QQQ,2022-09-21,1,1,1663783500,1663783800,2022-09-21 14:05,2022-09-21 14:10,285.4900000000,287.2320000000,target,285.4900000000,0.006101789905,0.005901789905,0.001761443566,2
QQQ,2022-09-21,1,1,1663784100,1663785300,2022-09-21 14:15,2022-09-21 14:35,285.7100000000,289.6300000000,target,285.7100000000,0.013720205803,0.013520205803,0.004035229973,5
QQQ,2022-09-23,1,1,1663950600,1663963200,2022-09-23 12:30,2022-09-23 16:00,273.7900000000,275.5100000000,session,273.7900000000,0.006282187078,0.006082187078,0.001827036915,42
QQQ,2022-09-26,-1,1,1664202000,1664203800,2022-09-26 10:20,2022-09-26 10:50,279.2400000000,277.4700000000,target,279.2400000000,0.006338633434,0.006138633434,0.001847731420,7
QQQ,2022-09-27,1,1,1664295000,1664308800,2022-09-27 12:10,2022-09-27 16:00,274.0800000000,274.4800000000,session,274.0800000000,0.001459427904,0.001259427904,0.000379864060,46
QQQ,2022-09-28,-1,1,1664380800,1664395200,2022-09-28 12:00,2022-09-28 16:00,278.0400000000,279.9400000000,session,278.0400000000,-0.006833549130,-0.007033549130,-0.002122324080,48
QQQ,2022-09-29,1,1,1664460300,1664481600,2022-09-29 10:05,2022-09-29 16:00,271.7100000000,271.8700000000,session,271.7100000000,0.000588863126,0.000388863126,0.000117061621,71
QQQ,2022-09-30,-1,1,1664550600,1664552700,2022-09-30 11:10,2022-09-30 11:45,274.8800000000,272.9400000000,target,274.8800000000,0.007057625146,0.006857625146,0.002064656473,8
QQQ,2022-10-03,-1,1,1664818500,1664827200,2022-10-03 13:35,2022-10-03 16:00,273.1500000000,273.5300000000,session,273.1500000000,-0.001391177009,-0.001591177009,-0.000480157996,29
QQQ,2022-10-05,-1,1,1664996400,1665000000,2022-10-05 15:00,2022-10-05 16:00,282.2600000000,281.9800000000,session,282.2600000000,0.000991993198,0.000791993198,0.000238867308,12
QQQ,2022-10-07,1,1,1665157500,1665172800,2022-10-07 11:45,2022-10-07 16:00,271.0200000000,269.1000000000,session,271.0200000000,-0.007084348019,-0.007284348019,-0.002197559218,51
QQQ,2022-10-10,1,1,1665413700,1665424200,2022-10-10 10:55,2022-10-10 13:50,265.2400000000,267.5500000000,target,265.2400000000,0.008709093651,0.008509093651,0.002560810278,36
QQQ,2022-10-13,-1,1,1665670500,1665671400,2022-10-13 10:15,2022-10-13 10:30,259.3700000000,257.3700000000,target,259.3700000000,0.007710992019,0.007510992019,0.002266843171,4
QQQ,2022-10-13,-1,3,1665672600,1665691200,2022-10-13 10:50,2022-10-13 16:00,263.5700000000,268.8200000000,session,258.9900000000;263.7500000000;267.9700000000,-0.020116626361,-0.020316626361,-0.018394882706,62
QQQ,2022-10-14,1,2,1665756300,1665777600,2022-10-14 10:05,2022-10-14 16:00,264.8299500000,260.7400000000,session,266.6000000000;263.0599000000,-0.015399699554,-0.015599699554,-0.009248357356,71
QQQ,2022-10-18,1,1,1666104000,1666123200,2022-10-18 10:40,2022-10-18 16:00,272.0800000000,271.4800000000,session,272.0800000000,-0.002205233755,-0.002405233755,-0.000705562414,64
QQQ,2022-10-20,-1,1,1666275000,1666283400,2022-10-20 10:10,2022-10-20 12:30,273.7300000000,271.4800000000,target,273.7300000000,0.008219778614,0.008019778614,0.002350672866,29
QQQ,2022-10-21,-1,1,1666368000,1666382400,2022-10-21 12:00,2022-10-21 16:00,272.1000000000,275.4300000000,session,272.1000000000,-0.012238147740,-0.012438147740,-0.003655484597,48
QQQ,2022-10-25,-1,1,1666712400,1666728000,2022-10-25 11:40,2022-10-25 16:00,283.7700000000,284.2100000000,session,283.7700000000,-0.001550551503,-0.001750551503,-0.000512341801,52
QQQ,2022-10-26,-1,1,1666795800,1666803600,2022-10-26 10:50,2022-10-26 13:00,282.5300000000,280.3800000000,target,282.5300000000,0.007609811347,0.007409811347,0.002167397443,27
QQQ,2022-10-27,1,1,1666894500,1666900800,2022-10-27 14:15,2022-10-27 16:00,272.8400000000,272.8700000000,session,272.8400000000,0.000109954552,-0.000090045448,-0.000026403684,21
QQQ,2022-10-28,-1,2,1666967400,1666987200,2022-10-28 10:30,2022-10-28 16:00,278.1850000000,281.2200000000,session,276.3000000000;280.0700000000,-0.010956424071,-0.011156424071,-0.006542515154,66
QQQ,2022-11-01,1,1,1667311800,1667332800,2022-11-01 10:10,2022-11-01 16:00,276.8900000000,275.1100000000,session,276.8900000000,-0.006428545632,-0.006628545632,-0.001929149080,70
QQQ,2022-11-02,1,1,1667415300,1667419200,2022-11-02 14:55,2022-11-02 16:00,270.9500000000,265.6800000000,session,270.9500000000,-0.019450083041,-0.019650083041,-0.005706256479,13
QQQ,2022-11-04,1,1,1667569500,1667570400,2022-11-04 09:45,2022-11-04 10:00,260.9501000000,263.4800000000,target,260.9501000000,0.009694957005,0.009494957005,0.002739213620,4
QQQ,2022-11-04,1,1,1667577000,1667589000,2022-11-04 11:50,2022-11-04 15:10,261.0700000000,263.4300000000,target,261.0700000000,0.009039721148,0.008839721148,0.002550183698,41
QQQ,2022-11-09,1,1,1668022800,1668027600,2022-11-09 14:40,2022-11-09 16:00,263.9050000000,263.3200000000,session,263.9050000000,-0.002216706769,-0.002416706769,-0.000701460139,16
QQQ,2022-11-10,-1,1,1668110100,1668114000,2022-11-10 14:55,2022-11-10 16:00,280.0500000000,282.7500000000,session,280.0500000000,-0.009641135512,-0.009841135512,-0.002854133319,13
QQQ,2022-11-11,-1,1,1668190800,1668200400,2022-11-11 13:20,2022-11-11 16:00,287.1000000000,287.9600000000,session,287.1000000000,-0.002995471961,-0.003195471961,-0.000923713014,32
QQQ,2022-11-15,1,1,1668537000,1668542700,2022-11-15 13:30,2022-11-15 15:05,288.0800000000,290.1600000000,target,288.0800000000,0.007220216606,0.007020216606,0.002027167922,20
QQQ,2022-11-17,-1,1,1668704700,1668716700,2022-11-17 12:05,2022-11-17 15:25,284.9050000000,282.8600000000,target,284.9050000000,0.007177831207,0.006977831207,0.002019643731,41
QQQ,2022-11-18,1,1,1668787200,1668805200,2022-11-18 11:00,2022-11-18 16:00,283.9200000000,284.8200000000,session,283.9200000000,0.003169907016,0.002969907016,0.000861600872,60
QQQ,2022-11-29,1,1,1669738800,1669743900,2022-11-29 11:20,2022-11-29 12:45,279.4000000000,281.1700000000,target,279.4000000000,0.006335003579,0.006135003579,0.001781590235,18
QQQ,2022-11-29,1,1,1669746600,1669755600,2022-11-29 13:30,2022-11-29 16:00,279.5300000000,280.5700000000,session,279.5300000000,0.003720530891,0.003520530891,0.001022353675,30
QQQ,2022-11-30,-1,3,1669833600,1669842000,2022-11-30 13:40,2022-11-30 16:00,287.4290000000,293.3600000000,session,284.7100000000;287.1420000000;290.4350000000,-0.020702561085,-0.020902561085,-0.018268769502,28
QQQ,2022-12-02,-1,1,1670011200,1670014800,2022-12-02 15:00,2022-12-02 16:00,292.0200000000,292.5500000000,session,292.0200000000,-0.001814944182,-0.002014944182,-0.000574748008,12
QQQ,2022-12-05,1,1,1670266800,1670274000,2022-12-05 14:00,2022-12-05 16:00,287.0600000000,287.6400000000,session,287.0600000000,0.002020483523,0.001820483523,0.000518930762,24
QQQ,2022-12-06,1,2,1670339100,1670360400,2022-12-06 10:05,2022-12-06 16:00,282.2200000000,281.6800000000,session,283.8200000000;280.6200000000,-0.001881319991,-0.002081319991,-0.001187284989,71
QQQ,2022-12-13,1,3,1670945100,1670965200,2022-12-13 10:25,2022-12-13 16:00,289.8566666667,288.6500000000,session,292.9450000000;289.9350000000;286.6900000000,-0.004085610087,-0.004285610087,-0.003661988818,67
QQQ,2022-12-14,-1,1,1671043500,1671044700,2022-12-14 13:45,2022-12-14 14:05,291.2400000000,287.4100000000,target,291.2400000000,0.013150666117,0.012950666117,0.003672907525,5
QQQ,2022-12-14,1,1,1671046500,1671047100,2022-12-14 14:35,2022-12-14 14:45,283.3200000000,286.1900000000,target,283.3200000000,0.010129888465,0.009929888465,0.002816191981,3
QQQ,2022-12-15,1,1,1671116700,1671138000,2022-12-15 10:05,2022-12-15 16:00,278.6400000000,276.8900000000,session,278.6400000000,-0.006280505312,-0.006480505312,-0.001851938201,71
QQQ,2022-12-16,1,1,1671219300,1671222300,2022-12-16 14:35,2022-12-16 15:25,272.7000000000,274.6800000000,target,272.7000000000,0.007260726073,0.007060726073,0.002013389587,11
QQQ,2022-12-19,1,1,1671467700,1671483600,2022-12-19 11:35,2022-12-19 16:00,270.2600000000,269.7500000000,session,270.2600000000,-0.001887071709,-0.002087071709,-0.000596536154,53
QQQ,2022-12-21,-1,1,1671638700,1671656400,2022-12-21 11:05,2022-12-21 16:00,274.3000000000,273.5050000000,session,274.3000000000,0.002898286548,0.002698286548,0.000770699767,59
QQQ,2022-12-22,1,2,1671721800,1671742800,2022-12-22 10:10,2022-12-22 16:00,265.3500000000,266.7600000000,session,266.9600000000;263.7400000000,0.005350747604,0.005150747604,0.002945017404,70
QQQ,2022-12-27,1,1,1672169400,1672174800,2022-12-27 14:30,2022-12-27 16:00,263.4000000000,263.5800000000,session,263.4000000000,0.000683371298,0.000483371298,0.000138661917,18
QQQ,2022-12-28,1,1,1672258500,1672261200,2022-12-28 15:15,2022-12-28 16:00,259.8800000000,260.1000000000,session,259.8800000000,0.000846544559,0.000646544559,0.000185500366,9
QQQ,2022-12-29,-1,1,1672328400,1672347600,2022-12-29 10:40,2022-12-29 16:00,266.2600000000,266.4400000000,session,266.2600000000,-0.000676030947,-0.000876030947,-0.000251396568,64
QQQ,2023-01-03,1,1,1672758300,1672779600,2023-01-03 10:05,2023-01-03 16:00,265.4600000000,264.4800000000,session,265.4600000000,-0.003691704965,-0.003891704965,-0.001116485194,71
QQQ,2023-01-04,1,1,1672845000,1672847400,2023-01-04 10:10,2023-01-04 10:50,263.3500000000,264.9900000000,target,263.3500000000,0.006227453959,0.006027453959,0.001726963719,9
QQQ,2023-01-06,-1,2,1673024100,1673038800,2023-01-06 11:55,2023-01-06 16:00,268.1450000000,268.8000000000,session,266.7700000000;269.5200000000,-0.002469067724,-0.002669067724,-0.001532535662,49
QQQ,2023-01-09,-1,1,1673278800,1673290200,2023-01-09 10:40,2023-01-09 13:50,274.3500000000,272.7281000000,target,274.3500000000,0.005911791507,0.005711791507,0.001636891463,39
QQQ,2023-01-12,1,1,1673534700,1673536500,2023-01-12 09:45,2023-01-12 10:15,274.8500000000,277.8100000000,target,274.8500000000,0.010769510642,0.010569510642,0.003034788978,7
QQQ,2023-01-13,-1,1,1673635500,1673643600,2023-01-13 13:45,2023-01-13 16:00,279.8100000000,280.9700000000,session,279.8100000000,-0.004145670276,-0.004345670276,-0.001252154140,27
QQQ,2023-01-18,1,1,1674059100,1674075600,2023-01-18 11:25,2023-01-18 16:00,279.6800000000,277.8800000000,session,279.6800000000,-0.006435926773,-0.006635926773,-0.001909295068,55
QQQ,2023-01-20,-1,2,1674237300,1674248400,2023-01-20 12:55,2023-01-20 16:00,281.2169500000,282.6800000000,session,279.7289000000;282.7050000000,-0.005230712988,-0.005430712988,-0.003118147102,37
QQQ,2023-01-23,-1,2,1674487500,1674507600,2023-01-23 10:25,2023-01-23 16:00,288.3275000000,288.9600000000,session,287.0550000000;289.6000000000,-0.002213207067,-0.002413207067,-0.001380572224,67
QQQ,2023-01-25,-1,1,1674674100,1674680400,2023-01-25 14:15,2023-01-25 16:00,286.8701000000,287.7300000000,session,286.8701000000,-0.002997523966,-0.003197523966,-0.000913164665,21
QQQ,2023-01-27,-1,1,1674832200,1674834900,2023-01-27 10:10,2023-01-27 10:55,295.0800000000,293.5300000000,target,295.0800000000,0.005252812797,0.005052812797,0.001441469183,10
QQQ,2023-01-27,-1,2,1674837300,1674853200,2023-01-27 11:35,2023-01-27 16:00,296.7275000000,296.2600000000,session,295.3050000000;298.1500000000,0.001552573248,0.001352573248,0.000771725664,53
QQQ,2023-01-31,-1,1,1675192200,1675198800,2023-01-31 14:10,2023-01-31 16:00,293.4500000000,294.6200000000,session,293.4500000000,-0.003987050605,-0.004187050605,-0.001197572993,22
QQQ,2023-02-01,-1,2,1675280700,1675285200,2023-02-01 14:45,2023-02-01 16:00,299.4650000000,300.9200000000,session,298.6200000000;300.3100000000,-0.004866665350,-0.005066665350,-0.002894272637,15
QQQ,2023-02-02,-1,1,1675353000,1675368000,2023-02-02 10:50,2023-02-02 15:00,310.7700000000,308.4800000000,target,310.7700000000,0.007368793642,0.007168793642,0.002040628129,51
QQQ,2023-02-03,-1,2,1675435800,1675447200,2023-02-03 09:50,2023-02-03 13:00,310.4750500000,308.7700000000,target,308.7600000000;312.1901000000,0.005461398211,0.005261398211,0.003002517238,39
QQQ,2023-02-03,-1,1,1675447500,1675449900,2023-02-03 13:05,2023-02-03 13:45,308.4500000000,306.6900000000,target,308.4500000000,0.005705949100,0.005505949100,0.001571037433,9
QQQ,2023-02-07,-1,1,1675792200,1675794300,2023-02-07 12:50,2023-02-07 13:25,308.0600000000,305.9100000000,target,308.0600000000,0.006979159904,0.006779159904,0.001944663401,8
QQQ,2023-02-07,-1,1,1675797600,1675803600,2023-02-07 14:20,2023-02-07 16:00,306.8900000000,309.8800000000,session,306.8900000000,-0.009742904624,-0.009942904624,-0.002852212220,20
QQQ,2023-02-08,1,1,1675872900,1675890000,2023-02-08 11:15,2023-02-08 16:00,305.0500000000,304.3700000000,session,305.0500000000,-0.002229142763,-0.002429142763,-0.000696086741,57
QQQ,2023-02-09,1,2,1675959900,1675976400,2023-02-09 11:25,2023-02-09 16:00,303.4425000000,301.6800000000,session,305.2400000000;301.6450000000,-0.005773461654,-0.005973461654,-0.003420696954,55
QQQ,2023-02-13,-1,1,1676306700,1676322000,2023-02-13 11:45,2023-02-13 16:00,304.4900000000,304.5000000000,session,304.4900000000,-0.000032841801,-0.000232841801,-0.000066402821,51
QQQ,2023-02-14,-1,1,1676387100,1676389200,2023-02-14 10:05,2023-02-14 10:40,306.7200000000,303.1200000000,target,306.7200000000,0.011737089202,0.011537089202,0.003289941078,8
QQQ,2023-02-14,-1,1,1676403300,1676408400,2023-02-14 14:35,2023-02-14 16:00,306.4000000000,306.7500000000,session,306.4000000000,-0.001142297650,-0.001342297650,-0.000382772474,17
QQQ,2023-02-15,-1,1,1676488200,1676494800,2023-02-15 14:10,2023-02-15 16:00,308.5100000000,309.1000000000,session,308.5100000000,-0.001912417750,-0.002112417750,-0.000604428623,22
QQQ,2023-02-16,-1,1,1676562600,1676578500,2023-02-16 10:50,2023-02-16 15:15,307.7300000000,306.0400000000,target,307.7300000000,0.005491827251,0.005291827251,0.001513090699,54
QQQ,2023-02-23,1,1,1677167400,1677180300,2023-02-23 10:50,2023-02-23 14:25,294.6900000000,296.2800000000,target,294.6900000000,0.005395500356,0.005195500356,0.001488168397,44
QQQ,2023-03-02,-1,1,1677783600,1677790800,2023-03-02 14:00,2023-03-02 16:00,292.1000000000,293.6100000000,session,292.1000000000,-0.005169462513,-0.005369462513,-0.001540660644,24
QQQ,2023-03-03,-1,1,1677866400,1677877200,2023-03-03 13:00,2023-03-03 16:00,298.5700000000,299.6800000000,session,298.5700000000,-0.003717721137,-0.003917721137,-0.001122100324,36
QQQ,2023-03-06,-1,1,1678119600,1678124700,2023-03-06 11:20,2023-03-06 12:45,303.8900000000,302.2800000000,target,303.8900000000,0.005297969660,0.005097969660,0.001458236269,18
QQQ,2023-03-07,1,1,1678201800,1678203300,2023-03-07 10:10,2023-03-07 10:35,297.1800000000,299.2200000000,target,297.1800000000,0.006864526550,0.006664526550,0.001909577690,6
QQQ,2023-03-07,1,1,1678214700,1678222800,2023-03-07 13:45,2023-03-07 16:00,296.9000000000,296.3400000000,session,296.9000000000,-0.001886156955,-0.002086156955,-0.000597743703,27
QQQ,2023-03-09,1,2,1678387800,1678395600,2023-03-09 13:50,2023-03-09 16:00,293.7500000000,292.6600000000,session,295.1200000000;292.3800000000,-0.003688967229,-0.003888967229,-0.002232002057,26
QQQ,2023-03-10,1,1,1678459800,1678460700,2023-03-10 09:50,2023-03-10 10:05,289.6000000000,291.0700000000,target,289.6000000000,0.005075966851,0.004875966851,0.001395608553,4
QQQ,2023-03-10,1,1,1678472400,1678482000,2023-03-10 13:20,2023-03-10 16:00,289.5487000000,288.5500000000,session,289.5487000000,-0.003449160711,-0.003649160711,-0.001044469754,32
QQQ,2023-03-13,-1,2,1678716000,1678737600,2023-03-13 10:00,2023-03-13 16:00,291.2450000000,290.6900000000,session,289.6400000000;292.8500000000,0.001875299881,0.001675299881,0.000959407244,72
QQQ,2023-03-14,-1,1,1678807500,1678814100,2023-03-14 11:25,2023-03-14 13:15,297.5600000000,296.0300000000,target,297.5600000000,0.005141820137,0.004941820137,0.001416616034,23
QQQ,2023-03-15,-1,1,1678905000,1678910400,2023-03-15 14:30,2023-03-15 16:00,298.0200000000,298.9300000000,session,298.0200000000,-0.003053486343,-0.003253486343,-0.000934176675,18
QQQ,2023-03-16,-1,2,1678978200,1678996800,2023-03-16 10:50,2023-03-16 16:00,303.0900000000,306.8100000000,session,301.3200000000;304.8600000000,-0.012308105701,-0.012508105701,-0.007175139080,62
QQQ,2023-03-22,-1,1,1679510700,1679511600,2023-03-22 14:45,2023-03-22 15:00,313.7699000000,311.4100000000,target,313.7699000000,0.007521116589,0.007321116589,0.002082329526,4
QQQ,2023-03-23,-1,1,1679583000,1679591700,2023-03-23 10:50,2023-03-23 13:15,313.3600000000,311.6600000000,target,313.3600000000,0.005425070207,0.005225070207,0.001489782311,30
QQQ,2023-03-27,1,1,1679932800,1679943000,2023-03-27 12:00,2023-03-27 14:50,308.2600000000,309.9200000000,target,308.2600000000,0.005385064556,0.005185064556,0.001480950694,35
QQQ,2023-03-28,1,1,1680026400,1680033600,2023-03-28 14:00,2023-03-28 16:00,304.8900000000,307.1200000000,session,304.8900000000,0.007314113287,0.007114113287,0.002035434706,24
QQQ,2023-03-31,-1,1,1680278700,1680292800,2023-03-31 12:05,2023-03-31 16:00,318.8800000000,320.9300000000,session,318.8800000000,-0.006428750627,-0.006628750627,-0.001901063984,47
QQQ,2023-04-05,1,1,1680705900,1680724800,2023-04-05 10:45,2023-04-05 16:00,315.1200000000,315.8600000000,session,315.1200000000,0.002348311754,0.002148311754,0.000614754457,63
QQQ,2023-04-06,-1,1,1680797100,1680811200,2023-04-06 12:05,2023-04-06 16:00,317.5100000000,318.0500000000,session,317.5100000000,-0.001700733835,-0.001900733835,-0.000544297796,47
QQQ,2023-04-12,1,1,1681310400,1681319700,2023-04-12 10:40,2023-04-12 13:15,315.1300000000,316.5700000000,target,315.1300000000,0.004569542728,0.004369542728,0.001250477880,32
QQQ,2023-04-12,1,1,1681324200,1681329600,2023-04-12 14:30,2023-04-12 16:00,314.4900000000,312.9983000000,session,314.4900000000,-0.004743235079,-0.004943235079,-0.001414657438,18
QQQ,2023-04-13,-1,1,1681401600,1681416000,2023-04-13 12:00,2023-04-13 16:00,317.5200000000,319.2784000000,session,317.5200000000,-0.005537918871,-0.005737918871,-0.001641766419,48
QQQ,2023-04-18,1,1,1681828500,1681848000,2023-04-18 10:35,2023-04-18 16:00,318.1500000000,318.8600000000,session,318.1500000000,0.002231651737,0.002031651737,0.000580196072,65
QQQ,2023-04-19,-1,1,1681922100,1681934400,2023-04-19 12:35,2023-04-19 16:00,319.1300000000,318.7100000000,session,319.1300000000,0.001316078087,0.001116078087,0.000318943763,41
QQQ,2023-04-20,-1,1,1682008500,1682015700,2023-04-20 12:35,2023-04-20 14:35,318.2400000000,316.7900000000,target,318.2400000000,0.004556309703,0.004356309703,0.001245374071,25
QQQ,2023-04-24,1,1,1682351700,1682358000,2023-04-24 11:55,2023-04-24 13:40,313.8100000000,315.0850000000,target,313.8100000000,0.004062968038,0.003862968038,0.001105942046,22
QQQ,2023-04-25,1,1,1682443200,1682452800,2023-04-25 13:20,2023-04-25 16:00,311.7100000000,309.9900000000,session,311.7100000000,-0.005517949376,-0.005717949376,-0.001639118767,32
QQQ,2023-04-27,-1,2,1682610600,1682625600,2023-04-27 11:50,2023-04-27 16:00,319.3875000000,320.3500000000,session,318.1800000000;320.5950000000,-0.003027917457,-0.003227917457,-0.001847115213,50
QQQ,2023-05-02,1,1,1683038100,1683057600,2023-05-02 10:35,2023-05-02 16:00,319.2500000000,319.3800000000,session,319.2500000000,0.000407204385,0.000207204385,0.000059156835,65
QQQ,2023-05-05,-1,2,1683297300,1683316800,2023-05-05 10:35,2023-05-05 16:00,322.2325000000,322.8900000000,session,321.1900000000;323.2750000000,-0.002050940413,-0.002250940413,-0.001285375368,65
QQQ,2023-05-10,1,1,1683740400,1683741900,2023-05-10 13:40,2023-05-10 14:05,321.6500000000,323.1950000000,target,321.6500000000,0.004803357687,0.004603357687,0.001312376657,6
QQQ,2023-05-12,1,1,1683908100,1683921600,2023-05-12 12:15,2023-05-12 16:00,324.4000000000,325.0300000000,session,324.4000000000,0.001942046856,0.001742046856,0.000497404261,45
QQQ,2023-05-16,-1,1,1684251000,1684267200,2023-05-16 11:30,2023-05-16 16:00,328.5300000000,327.1600000000,session,328.5300000000,0.004170091011,0.003970091011,0.001134232914,54
QQQ,2023-05-17,-1,1,1684343100,1684353600,2023-05-17 13:05,2023-05-17 16:00,330.5200000000,331.1200000000,session,330.5200000000,-0.001815321312,-0.002015321312,-0.000576528034,35
QQQ,2023-05-18,-1,2,1684419900,1684440000,2023-05-18 10:25,2023-05-18 16:00,335.2050000000,337.2700000000,session,334.2200000000;336.1900000000,-0.006169097355,-0.006369097355,-0.003641599409,67
QQQ,2023-05-23,1,1,1684866300,1684872000,2023-05-23 14:25,2023-05-23 16:00,333.1700000000,333.3600000000,session,333.1700000000,0.000570279437,0.000370279437,0.000105406141,19
QQQ,2023-05-25,1,1,1685022600,1685025900,2023-05-25 09:50,2023-05-25 10:45,337.0500000000,338.2550000000,target,337.0500000000,0.003575137220,0.003375137220,0.000960906990,12
QQQ,2023-05-26,-1,3,1685109300,1685131200,2023-05-26 09:55,2023-05-26 16:00,345.4399666667,348.4000000000,session,343.2500000000;345.3699000000;347.7000000000,-0.008596787766,-0.008796787766,-0.007521831733,73
QQQ,2023-05-30,1,1,1685465100,1685476800,2023-05-30 12:45,2023-05-30 16:00,350.2300000000,349.9800000000,session,350.2300000000,-0.000713816635,-0.000913816635,-0.000258166570,39
QQQ,2023-06-01,-1,2,1685633700,1685649600,2023-06-01 11:35,2023-06-01 16:00,351.4700000000,352.0100000000,session,350.1900000000;352.7500000000,-0.001549687849,-0.001749687849,-0.000988323697,53
QQQ,2023-06-05,-1,1,1685979000,1685987700,2023-06-05 11:30,2023-06-05 13:55,356.9600000000,355.5950000000,target,356.9600000000,0.003823957866,0.003623957866,0.001022315380,30
QQQ,2023-06-07,1,2,1686149100,1686168000,2023-06-07 10:45,2023-06-07 16:00,351.3700000000,348.8200000000,session,352.5500000000;350.1900000000,-0.007246110768,-0.007446110768,-0.004206157666,63
QQQ,2023-06-08,-1,1,1686236100,1686254400,2023-06-08 10:55,2023-06-08 16:00,351.7000000000,353.1500000000,session,351.7000000000,-0.004122831959,-0.004322831959,-0.001214879419,61
QQQ,2023-06-09,-1,1,1686318900,1686321900,2023-06-09 09:55,2023-06-09 10:45,357.1600000000,355.7600000000,target,357.1600000000,0.003919811849,0.003719811849,0.001043901567,11
QQQ,2023-06-12,-1,1,1686595800,1686600000,2023-06-12 14:50,2023-06-12 16:00,358.7400000000,360.4900000000,session,358.7400000000,-0.004878184758,-0.005078184758,-0.001426872730,14
QQQ,2023-06-13,1,1,1686665700,1686667200,2023-06-13 10:15,2023-06-13 10:40,360.5100000000,361.8300000000,target,360.5100000000,0.003661479571,0.003461479571,0.000970963150,6
QQQ,2023-06-14,-1,1,1686756300,1686762600,2023-06-14 11:25,2023-06-14 13:10,366.0100000000,364.7500000000,target,366.0100000000,0.003442528893,0.003242528893,0.000910595796,22
QQQ,2023-06-14,-1,1,1686769800,1686770100,2023-06-14 15:10,2023-06-14 15:15,366.1100000000,364.2600000000,target,366.1100000000,0.005053126110,0.004853126110,0.001362898028,2
QQQ,2023-06-15,-1,2,1686838200,1686859200,2023-06-15 10:10,2023-06-15 16:00,368.4698500000,370.2600000000,session,367.2797000000;369.6600000000,-0.004868818647,-0.005068818647,-0.002854624067,70
QQQ,2023-06-16,1,1,1686923100,1686925800,2023-06-16 09:45,2023-06-16 10:30,369.9300000000,371.2350000000,target,369.9300000000,0.003527694429,0.003327694429,0.000933868131,10
QQQ,2023-06-16,1,1,1686927000,1686945600,2023-06-16 10:50,2023-06-16 16:00,370.0800000000,367.9300000000,session,370.0800000000,-0.005809554691,-0.006009554691,-0.001686492474,62
QQQ,2023-06-21,1,1,1687358700,1687371900,2023-06-21 10:45,2023-06-21 14:25,362.6203000000,364.0550000000,target,362.6203000000,0.003956480098,0.003756480098,0.001053258070,45
QQQ,2023-06-22,-1,1,1687442700,1687464000,2023-06-22 10:05,2023-06-22 16:00,363.3800000000,366.1700000000,session,363.3800000000,-0.007677912929,-0.007877912929,-0.002211608983,71
QQQ,2023-06-26,1,1,1687797000,1687809600,2023-06-26 12:30,2023-06-26 16:00,359.1500000000,357.7000000000,session,359.1500000000,-0.004037310316,-0.004237310316,-0.001186439220,42
QQQ,2023-06-27,-1,1,1687884000,1687896000,2023-06-27 12:40,2023-06-27 16:00,362.1600000000,363.8300000000,session,362.1600000000,-0.004611221560,-0.004811221560,-0.001345230589,40
QQQ,2023-06-28,-1,1,1687962900,1687970700,2023-06-28 10:35,2023-06-28 12:45,365.2000000000,363.3900000000,target,365.2000000000,0.004956188390,0.004756188390,0.001327710442,27
QQQ,2023-07-05,-1,1,1688566800,1688572800,2023-07-05 10:20,2023-07-05 12:00,371.4200000000,370.0900000000,target,371.4200000000,0.003580851866,0.003380851866,0.000945275601,21
QQQ,2023-07-07,-1,1,1688748900,1688757900,2023-07-07 12:55,2023-07-07 15:25,369.8100000000,368.3550000000,target,369.8100000000,0.003934452827,0.003734452827,0.001045318019,31
QQQ,2023-07-13,-1,1,1689272700,1689278400,2023-07-13 14:25,2023-07-13 16:00,378.5300000000,379.1500000000,session,378.5300000000,-0.001637915093,-0.001837915093,-0.000515094822,19
QQQ,2023-07-14,-1,1,1689344100,1689346200,2023-07-14 10:15,2023-07-14 10:50,382.2800000000,380.5800000000,target,382.2800000000,0.004447002197,0.004247002197,0.001189537338,8
QQQ,2023-07-17,-1,1,1689618300,1689624000,2023-07-17 14:25,2023-07-17 16:00,382.3500000000,382.6100000000,session,382.3500000000,-0.000680005231,-0.000880005231,-0.000246828457,19
QQQ,2023-07-18,-1,1,1689698400,1689710400,2023-07-18 12:40,2023-07-18 16:00,384.4800000000,385.7400000000,session,384.4800000000,-0.003277153558,-0.003477153558,-0.000975004079,40
QQQ,2023-07-20,1,1,1689863700,1689867600,2023-07-20 10:35,2023-07-20 11:40,379.7950000000,381.3411000000,target,379.7950000000,0.004070880343,0.003870880343,0.001084148186,14
QQQ,2023-07-20,1,2,1689870300,1689883200,2023-07-20 12:25,2023-07-20 16:00,378.6950000000,376.7600000000,session,380.0700000000;377.3200000000,-0.005096536712,-0.005296536712,-0.002966886164,43
QQQ,2023-07-21,1,1,1689949800,1689951000,2023-07-21 10:30,2023-07-21 10:50,375.8500000000,377.3200000000,target,375.8500000000,0.003911134761,0.003711134761,0.001037077941,5
QQQ,2023-07-21,1,1,1689957000,1689960900,2023-07-21 12:30,2023-07-21 13:35,376.4400000000,377.9500000000,target,376.4400000000,0.004011263415,0.003811263415,0.001065058929,14
QQQ,2023-07-21,1,1,1689966300,1689969600,2023-07-21 15:05,2023-07-21 16:00,376.1100000000,375.6300000000,session,376.1100000000,-0.001276222382,-0.001476222382,-0.000412530874,11
QQQ,2023-07-25,-1,1,1690304700,1690315200,2023-07-25 13:05,2023-07-25 16:00,379.5700000000,378.7800000000,session,379.5700000000,0.002081302527,0.001881302527,0.000526790220,35
QQQ,2023-07-27,1,2,1690479300,1690488000,2023-07-27 13:35,2023-07-27 16:00,379.1100000000,376.6200000000,session,380.4600000000;377.7600000000,-0.006555417167,-0.006755417167,-0.003785589291,29
QQQ,2023-07-28,-1,1,1690557600,1690566300,2023-07-28 11:20,2023-07-28 13:45,383.5500000000,382.0400000000,target,383.5500000000,0.003936905227,0.003736905227,0.001042324865,30
QQQ,2023-07-28,-1,1,1690567800,1690574400,2023-07-28 14:10,2023-07-28 16:00,383.4400000000,383.4800000000,session,383.4400000000,-0.000104318798,-0.000304318798,-0.000084882819,22
QQQ,2023-08-02,1,2,1690985400,1691006400,2023-08-02 10:10,2023-08-02 16:00,375.2750000000,374.3900000000,session,376.5800000000;373.9700000000,-0.002346206316,-0.002546206316,-0.001422038108,70
QQQ,2023-08-03,-1,1,1691076000,1691092800,2023-08-03 11:20,2023-08-03 16:00,374.7200000000,373.7900000000,session,374.7200000000,0.002481853117,0.002281853117,0.000636117737,56
QQQ,2023-08-04,1,1,1691174400,1691179200,2023-08-04 14:40,2023-08-04 16:00,372.7050000000,372.0400000000,session,372.7050000000,-0.001784252961,-0.001984252961,-0.000553575758,16
QQQ,2023-08-08,1,1,1691504100,1691518800,2023-08-08 10:15,2023-08-08 14:20,369.7900000000,371.2950000000,target,369.7900000000,0.004069877498,0.003869877498,0.001078921627,50
QQQ,2023-08-09,1,1,1691592900,1691605200,2023-08-09 10:55,2023-08-09 14:20,369.0000000000,370.5000000000,target,369.0000000000,0.004065040650,0.003865040650,0.001078963139,42
QQQ,2023-08-09,1,1,1691608200,1691611200,2023-08-09 15:10,2023-08-09 16:00,369.4500000000,367.9100000000,session,369.4500000000,-0.004168358371,-0.004368358371,-0.001219469104,10
QQQ,2023-08-10,-1,1,1691676000,1691678700,2023-08-10 10:00,2023-08-10 10:45,373.9300000000,372.1900000000,target,373.9300000000,0.004653277351,0.004453277351,0.001242966481,10
QQQ,2023-08-10,1,1,1691689500,1691693700,2023-08-10 13:45,2023-08-10 14:55,367.7900000000,369.3900000000,target,367.7900000000,0.004350308600,0.004150308600,0.001158404040,15
QQQ,2023-08-14,-1,1,1692024000,1692043200,2023-08-14 10:40,2023-08-14 16:00,368.6500000000,370.3500000000,session,368.6500000000,-0.004611420046,-0.004811420046,-0.001346780007,64
QQQ,2023-08-16,1,1,1692213300,1692216000,2023-08-16 15:15,2023-08-16 16:00,363.0600000000,362.5400000000,session,363.0600000000,-0.001432270148,-0.001632270148,-0.000456161199,9
QQQ,2023-08-17,1,1,1692282900,1692289500,2023-08-17 10:35,2023-08-17 12:25,360.7800000000,362.3800000000,target,360.7800000000,0.004434835634,0.004234835634,0.001182841363,23
QQQ,2023-08-17,1,2,1692294300,1692302400,2023-08-17 13:45,2023-08-17 16:00,359.6900000000,358.5800000000,session,360.9100000000;358.4700000000,-0.003074521712,-0.003274521712,-0.001829227890,27
QQQ,2023-08-18,-1,1,1692375000,1692379500,2023-08-18 12:10,2023-08-18 13:25,358.0000000000,356.4350000000,target,358.0000000000,0.004371508380,0.004171508380,0.001164254484,16
QQQ,2023-08-18,-1,1,1692383700,1692388800,2023-08-18 14:35,2023-08-18 16:00,358.2700000000,358.1100000000,session,358.2700000000,0.000446590560,0.000246590560,0.000068822627,17
QQQ,2023-08-21,-1,1,1692627000,1692627900,2023-08-21 10:10,2023-08-21 10:25,362.3500000000,360.8300000000,target,362.3500000000,0.004194839244,0.003994839244,0.001116588682,4
QQQ,2023-08-21,-1,1,1692638700,1692648000,2023-08-21 13:25,2023-08-21 16:00,362.5610000000,363.9000000000,session,362.5610000000,-0.003693171632,-0.003893171632,-0.001088171793,31
QQQ,2023-08-22,1,1,1692714900,1692716100,2023-08-22 10:35,2023-08-22 10:55,363.7400000000,365.2300000000,target,363.7400000000,0.004096332545,0.003896332545,0.001089092200,5
QQQ,2023-08-22,1,1,1692719700,1692734400,2023-08-22 11:55,2023-08-22 16:00,363.7600000000,363.3800000000,session,363.7600000000,-0.001044644821,-0.001244644821,-0.000347899711,49
QQQ,2023-08-23,-1,2,1692800100,1692820800,2023-08-23 10:15,2023-08-23 16:00,368.7200000000,369.1100000000,session,367.3500000000;370.0900000000,-0.001071533323,-0.001271533323,-0.000711459323,69
QQQ,2023-08-24,1,3,1692884700,1692907200,2023-08-24 09:45,2023-08-24 16:00,367.0633333333,361.2200000000,session,369.7800000000;366.9500000000;364.4600000000,-0.015884656745,-0.016084656745,-0.013488295825,75
QQQ,2023-08-25,1,1,1692975600,1692977400,2023-08-25 11:00,2023-08-25 11:30,358.7500000000,361.1910000000,target,358.7500000000,0.006804181185,0.006604181185,0.001816355038,7
QQQ,2023-08-25,-1,1,1692991500,1692993600,2023-08-25 15:25,2023-08-25 16:00,365.0500000000,364.0200000000,session,365.0500000000,0.002821531297,0.002621531297,0.000721002566,7
QQQ,2023-08-29,-1,2,1693317900,1693339200,2023-08-29 10:05,2023-08-29 16:00,371.3125000000,374.7600000000,session,370.2400000000;372.3850000000,-0.009293052617,-0.009493052617,-0.005237827077,71
QQQ,2023-09-01,1,1,1693579800,1693598400,2023-09-01 10:50,2023-09-01 16:00,377.5000000000,377.5900000000,session,377.5000000000,0.000238410596,0.000038410596,0.000010529532,62
QQQ,2023-09-06,1,1,1694010600,1694030400,2023-09-06 10:30,2023-09-06 16:00,374.5300000000,374.8100000000,session,374.5300000000,0.000747603663,0.000547603663,0.000150117016,66
QQQ,2023-09-12,1,1,1694546400,1694548800,2023-09-12 15:20,2023-09-12 16:00,372.5900000000,372.7900000000,session,372.5900000000,0.000536783059,0.000336783059,0.000092340683,8
QQQ,2023-09-13,-1,1,1694627100,1694631300,2023-09-13 13:45,2023-09-13 14:55,375.7400000000,373.8400000000,target,375.7400000000,0.005056688135,0.004856688135,0.001331777931,15
QQQ,2023-09-15,1,2,1694787000,1694808000,2023-09-15 10:10,2023-09-15 16:00,371.7600000000,370.8100000000,session,373.0300000000;370.4900000000,-0.002543771478,-0.002743771478,-0.001507204003,70
QQQ,2023-09-20,1,1,1695233100,1695235200,2023-09-20 14:05,2023-09-20 14:40,368.3900000000,369.6300000000,target,368.3900000000,0.003365997991,0.003165997991,0.000867979784,8
QQQ,2023-09-20,1,1,1695235800,1695240000,2023-09-20 14:50,2023-09-20 16:00,368.4600000000,364.5400000000,session,368.4600000000,-0.010638875319,-0.010838875319,-0.002971551052,14
QQQ,2023-09-26,1,1,1695750000,1695758400,2023-09-26 13:40,2023-09-26 16:00,354.4200000000,354.2100000000,session,354.4200000000,-0.000592517352,-0.000792517352,-0.000216718292,28
QQQ,2023-09-27,1,1,1695831600,1695839700,2023-09-27 12:20,2023-09-27 14:35,352.7600000000,354.1450000000,target,352.7600000000,0.003926182107,0.003726182107,0.001018676112,28
QQQ,2023-09-28,-1,2,1695914700,1695931200,2023-09-28 11:25,2023-09-28 16:00,358.3250000000,358.0100000000,session,357.0900000000;359.5600000000,0.000867221518,0.000667221518,0.000365267617,55
QQQ,2023-09-29,1,1,1696006500,1696017600,2023-09-29 12:55,2023-09-29 16:00,358.8080000000,358.2700000000,session,358.8080000000,-0.001499409155,-0.001699409155,-0.000465374114,37
QQQ,2023-10-02,-1,1,1696259700,1696262100,2023-10-02 11:15,2023-10-02 11:55,361.2400000000,359.6500000000,target,361.2400000000,0.004401505924,0.004201505924,0.001149908183,9
QQQ,2023-10-03,1,1,1696344000,1696363200,2023-10-03 10:40,2023-10-03 16:00,356.0400000000,354.9200000000,session,356.0400000000,-0.003145713965,-0.003345713965,-0.000916969305,64
QQQ,2023-10-04,-1,1,1696434900,1696443000,2023-10-04 11:55,2023-10-04 14:10,358.6500000000,357.1800000000,target,358.6500000000,0.004098703471,0.003898703471,0.001067337042,28
QQQ,2023-10-04,-1,1,1696446000,1696449600,2023-10-04 15:00,2023-10-04 16:00,358.5700000000,359.7500000000,session,358.5700000000,-0.003290849764,-0.003490849764,-0.000955680084,12
QQQ,2023-10-05,1,1,1696514700,1696528200,2023-10-05 10:05,2023-10-05 13:50,356.9450000000,358.3927000000,target,356.9450000000,0.004055806917,0.003855806917,0.001055736883,46
QQQ,2023-10-06,-1,3,1696602900,1696622400,2023-10-06 10:35,2023-10-06 16:00,361.4667000000,364.7300000000,session,358.9201000000;361.5100000000;363.9700000000,-0.009060778826,-0.009260778826,-0.007616702795,65
QQQ,2023-10-09,-1,1,1696873200,1696881600,2023-10-09 13:40,2023-10-09 16:00,365.3200000000,366.5600000000,session,365.3200000000,-0.003394284463,-0.003594284463,-0.000976270226,28
QQQ,2023-10-10,-1,1,1696950300,1696964100,2023-10-10 11:05,2023-10-10 14:55,369.9800000000,368.4900000000,target,369.9800000000,0.004027244716,0.003827244716,0.001038300811,47
QQQ,2023-10-12,1,1,1697133900,1697140800,2023-10-12 14:05,2023-10-12 16:00,368.6700000000,369.9300000000,session,368.6700000000,0.003417690618,0.003217690618,0.000874047314,23
QQQ,2023-10-13,1,2,1697208900,1697227200,2023-10-13 10:55,2023-10-13 16:00,365.8000000000,365.2800000000,session,367.3600000000;364.2400000000,-0.001403380319,-0.001603380319,-0.000872012602,61
QQQ,2023-10-16,-1,1,1697466600,1697477100,2023-10-16 10:30,2023-10-16 13:25,369.5700000000,368.0700000000,target,369.5700000000,0.004058771004,0.003858771004,0.001048191779,36
QQQ,2023-10-16,-1,1,1697478300,1697486400,2023-10-16 13:45,2023-10-16 16:00,369.6150000000,369.4100000000,session,369.6150000000,0.000554631170,0.000354631170,0.000096331572,27
QQQ,2023-10-17,-1,1,1697556900,1697568900,2023-10-17 11:35,2023-10-17 14:55,368.7280000000,366.9900000000,target,368.7280000000,0.004713501551,0.004513501551,0.001227763910,41
QQQ,2023-10-19,1,1,1697733300,1697734200,2023-10-19 12:35,2023-10-19 12:50,361.8100000000,363.4500000000,target,361.8100000000,0.004532765816,0.004332765816,0.001180373331,4
QQQ,2023-10-19,1,1,1697740500,1697745600,2023-10-19 14:35,2023-10-19 16:00,361.0350000000,359.9700000000,session,361.0350000000,-0.002949852507,-0.003149852507,-0.000858112821,17
QQQ,2023-10-20,1,1,1697813100,1697822400,2023-10-20 10:45,2023-10-20 13:20,356.2500000000,357.9000000000,target,356.2500000000,0.004631578947,0.004431578947,0.001207768987,32
QQQ,2023-10-20,1,1,1697825700,1697832000,2023-10-20 14:15,2023-10-20 16:00,356.3900000000,354.6000000000,session,356.3900000000,-0.005022587615,-0.005222587615,-0.001423348072,21
QQQ,2023-10-23,-1,2,1698074400,1698091200,2023-10-23 11:20,2023-10-23 16:00,357.7875000000,355.6700000000,session,356.3550000000;359.2200000000,0.005902381854,0.005702381854,0.003107399913,56
QQQ,2023-10-25,1,2,1698241800,1698264000,2023-10-25 09:50,2023-10-25 16:00,352.1600000000,350.3200000000,session,353.6100000000;350.7100000000,-0.005208032701,-0.005408032701,-0.002958203460,74
QQQ,2023-10-26,1,1,1698330000,1698331800,2023-10-26 10:20,2023-10-26 10:50,345.8500000000,347.7900000000,target,345.8500000000,0.005609368223,0.005409368223,0.001474132992,7
QQQ,2023-10-26,1,2,1698333300,1698346500,2023-10-26 11:15,2023-10-26 14:55,344.3400000000,346.3100000000,target,345.7800000000;342.9000000000,0.005738678379,0.005538678379,0.003018743852,45
QQQ,2023-10-26,1,1,1698347700,1698350400,2023-10-26 15:15,2023-10-26 16:00,345.6100000000,343.6600000000,session,345.6100000000,-0.005642197853,-0.005842197853,-0.001592085480,9
QQQ,2023-11-01,-1,1,1698863700,1698864300,2023-11-01 14:35,2023-11-01 14:45,355.1200000000,353.2000000000,target,355.1200000000,0.005406623113,0.005206623113,0.001423916388,3
QQQ,2023-11-01,-1,1,1698865200,1698868800,2023-11-01 15:00,2023-11-01 16:00,355.0700000000,356.9600000000,session,355.0700000000,-0.005322894077,-0.005522894077,-0.001510410724,12
QQQ,2023-11-03,-1,1,1699028700,1699041600,2023-11-03 12:25,2023-11-03 16:00,367.8600000000,367.7100000000,session,367.8600000000,0.000407763823,0.000207763823,0.000056813623,43
QQQ,2023-11-07,-1,1,1699374900,1699390800,2023-11-07 11:35,2023-11-07 16:00,373.2200000000,372.7000000000,session,373.2200000000,0.001393280103,0.001193280103,0.000326328522,53
QQQ,2023-11-09,1,1,1699557600,1699563600,2023-11-09 14:20,2023-11-09 16:00,370.6800000000,370.0800000000,session,370.6800000000,-0.001618646811,-0.001818646811,-0.000497546541,20
QQQ,2023-11-10,-1,2,1699632900,1699650000,2023-11-10 11:15,2023-11-10 16:00,376.0944000000,378.3900000000,session,374.6300000000;377.5588000000,-0.006119040404,-0.006319040404,-0.003455438102,57
QQQ,2023-11-20,-1,2,1700496300,1700514000,2023-11-20 11:05,2023-11-20 16:00,390.1650000000,390.7400000000,session,388.9600000000;391.3700000000,-0.001483288062,-0.001683288062,-0.000916594010,59
QQQ,2023-11-29,1,1,1701275100,1701291600,2023-11-29 11:25,2023-11-29 16:00,390.4000000000,389.8100000000,session,390.4000000000,-0.001511270492,-0.001711270492,-0.000465392738,55
QQQ,2023-11-30,1,1,1701356700,1701357300,2023-11-30 10:05,2023-11-30 10:15,387.4101000000,388.6700000000,target,387.4101000000,0.003252109328,0.003052109328,0.000829570355,3
QQQ,2023-11-30,1,1,1701358800,1701378000,2023-11-30 10:40,2023-11-30 16:00,387.2300000000,388.8800000000,session,387.2300000000,0.004261033494,0.004061033494,0.001103798270,64
QQQ,2023-12-01,-1,1,1701452700,1701464400,2023-12-01 12:45,2023-12-01 16:00,390.0700000000,389.9400000000,session,390.0700000000,0.000333273515,0.000133273515,0.000036309938,39
QQQ,2023-12-04,1,1,1701703500,1701709200,2023-12-04 10:25,2023-12-04 12:00,383.7100000000,385.2000000000,target,383.7100000000,0.003883140914,0.003683140914,0.001003504397,20
QQQ,2023-12-05,-1,1,1701788700,1701793200,2023-12-05 10:05,2023-12-05 11:20,387.6500000000,386.3200000000,target,387.6500000000,0.003430929963,0.003230929963,0.000881376264,16
QQQ,2023-12-05,-1,1,1701795000,1701795300,2023-12-05 11:50,2023-12-05 11:55,386.9350000000,385.4400000000,target,386.9350000000,0.003863698037,0.003663698037,0.000999432525,2
QQQ,2023-12-05,-1,1,1701796200,1701810000,2023-12-05 12:10,2023-12-05 16:00,386.8400000000,387.2700000000,session,386.8400000000,-0.001111570675,-0.001311570675,-0.000357787781,46
QQQ,2023-12-06,1,2,1701875100,1701896400,2023-12-06 10:05,2023-12-06 16:00,386.4000000000,385.0500000000,session,387.5800000000;385.2200000000,-0.003484495437,-0.003684495437,-0.002013952878,71
QQQ,2023-12-07,-1,1,1701969600,1701982800,2023-12-07 12:20,2023-12-07 16:00,390.7182000000,390.4300000000,session,390.7182000000,0.000737616011,0.000537616011,0.000146570104,44
QQQ,2023-12-08,-1,1,1702048200,1702050000,2023-12-08 10:10,2023-12-08 10:40,391.8000000000,390.4500000000,target,391.8000000000,0.003445635528,0.003245635528,0.000885015288,7
QQQ,2023-12-08,-1,1,1702050600,1702055700,2023-12-08 10:50,2023-12-08 12:15,391.3000000000,389.8687000000,target,391.3000000000,0.003657807309,0.003457807309,0.000942869988,18
QQQ,2023-12-08,-1,1,1702057500,1702069200,2023-12-08 12:45,2023-12-08 16:00,391.2300000000,392.0900000000,session,391.2300000000,-0.002198195435,-0.002398195435,-0.000653936526,39
QQQ,2023-12-11,-1,1,1702309800,1702312500,2023-12-11 10:50,2023-12-11 11:35,394.3470000000,393.0500000000,target,394.3470000000,0.003288981531,0.003088981531,0.000843507867,10
QQQ,2023-12-11,-1,1,1702315500,1702328400,2023-12-11 12:25,2023-12-11 16:00,394.3200000000,395.5200000000,session,394.3200000000,-0.003043213634,-0.003243213634,-0.000885624011,43
QQQ,2023-12-12,-1,1,1702410900,1702414800,2023-12-12 14:55,2023-12-12 16:00,397.9850000000,398.6700000000,session,397.9850000000,-0.001721170396,-0.001921170396,-0.000524586830,13
QQQ,2023-12-13,-1,1,1702496100,1702501200,2023-12-13 14:35,2023-12-13 16:00,402.3800000000,403.7400000000,session,402.3800000000,-0.003379889657,-0.003579889657,-0.000976883853,17
QQQ,2023-12-14,1,1,1702577100,1702587600,2023-12-14 13:05,2023-12-14 16:00,402.3800000000,403.3900000000,session,402.3800000000,0.002510065113,0.002310065113,0.000629620646,35
QQQ,2023-12-18,-1,1,1702924200,1702933200,2023-12-18 13:30,2023-12-18 16:00,407.3894000000,407.0800000000,session,407.3894000000,0.000759469932,0.000559469932,0.000152603951,30
QQQ,2023-12-20,1,1,1703102100,1703106000,2023-12-20 14:55,2023-12-20 16:00,406.0500000000,403.0800000000,session,406.0500000000,-0.007314370151,-0.007514370151,-0.002050041226,13
QQQ,2023-12-21,1,1,1703182800,1703184900,2023-12-21 13:20,2023-12-21 13:55,404.5300000000,405.8800000000,target,404.5300000000,0.003337206140,0.003137206140,0.000853736572,8
QQQ,2023-12-29,1,1,1703866200,1703883600,2023-12-29 11:10,2023-12-29 16:00,409.0684000000,409.5000000000,session,409.0684000000,0.001055080275,0.000855080275,0.000232938695,58
QQQ,2024-01-02,1,1,1704207000,1704214200,2024-01-02 09:50,2024-01-02 11:50,402.8900000000,404.0800000000,target,402.8900000000,0.002953659808,0.002753659808,0.000750358494,25
QQQ,2024-01-02,1,2,1704216000,1704229200,2024-01-02 12:20,2024-01-02 16:00,402.5975000000,402.5900000000,session,403.5600000000;401.6350000000,-0.000012913534,-0.000212913534,-0.000116035742,44
QQQ,2024-01-04,-1,1,1704384900,1704387900,2024-01-04 11:15,2024-01-04 12:05,399.2800000000,398.0100000000,target,399.2800000000,0.003180725306,0.002980725306,0.000812862951,11
QQQ,2024-01-05,-1,1,1704467400,1704473400,2024-01-05 10:10,2024-01-05 11:50,398.8499000000,397.6400000000,target,398.8499000000,0.003033471990,0.002833471990,0.000773473767,21
QQQ,2024-01-08,-1,2,1704726000,1704747600,2024-01-08 10:00,2024-01-08 16:00,401.7125000000,404.9500000000,session,400.8150000000;402.6100000000,-0.008064278187,-0.008264278187,-0.004516183520,72
QQQ,2024-01-09,-1,1,1704817200,1704834000,2024-01-09 11:20,2024-01-09 16:00,404.4700000000,405.7500000000,session,404.4700000000,-0.003164635202,-0.003364635202,-0.000914271692,56
QQQ,2024-01-10,-1,1,1704914100,1704920400,2024-01-10 14:15,2024-01-10 16:00,408.7300000000,408.5000000000,session,408.7300000000,0.000562718665,0.000362718665,0.000098450934,21
QQQ,2024-01-11,1,1,1704985800,1704987000,2024-01-11 10:10,2024-01-11 10:30,406.2800000000,407.5690000000,target,406.2800000000,0.003172688786,0.002972688786,0.000806959772,5
QQQ,2024-01-11,1,2,1704987300,1704996900,2024-01-11 10:35,2024-01-11 13:15,405.9600000000,407.3400000000,target,407.0200000000;404.9000000000,0.003406190728,0.003206190728,0.001740691425,33
QQQ,2024-01-11,1,1,1704997200,1705000500,2024-01-11 13:20,2024-01-11 14:15,407.3999000000,408.7600000000,target,407.3999000000,0.003338488792,0.003138488792,0.000851967489,12
QQQ,2024-01-16,-1,1,1705420200,1705421100,2024-01-16 10:50,2024-01-16 11:05,410.9600000000,409.4200000000,target,410.9600000000,0.003747323340,0.003547323340,0.000966968695,4
QQQ,2024-01-17,1,1,1705503300,1705506000,2024-01-17 09:55,2024-01-17 10:40,403.5799000000,404.9600000000,target,403.5799000000,0.003419645032,0.003219645032,0.000878684276,10
QQQ,2024-01-18,-1,1,1705607700,1705611600,2024-01-18 14:55,2024-01-18 16:00,413.0600000000,412.9900000000,session,413.0600000000,0.000169466906,-0.000030533094,-0.000008341834,13
QQQ,2024-01-19,-1,2,1705685700,1705698000,2024-01-19 12:35,2024-01-19 16:00,419.1300000000,421.1800000000,session,417.7800000000;420.4800000000,-0.004901509331,-0.005101509331,-0.002787500566,41
QQQ,2024-01-25,1,1,1706207100,1706216400,2024-01-25 13:25,2024-01-25 16:00,425.7000000000,426.3500000000,session,425.7000000000,0.001526896876,0.001326896876,0.000361279982,31
QQQ,2024-01-29,-1,1,1706558700,1706562000,2024-01-29 15:05,2024-01-29 16:00,427.0600000000,428.1500000000,session,427.0600000000,-0.002552334567,-0.002752334567,-0.000749721555,11
QQQ,2024-01-30,1,1,1706637900,1706648400,2024-01-30 13:05,2024-01-30 16:00,424.6400000000,425.3000000000,session,424.6400000000,0.001554257724,0.001354257724,0.000368554290,35
QQQ,2024-01-31,1,1,1706715600,1706718000,2024-01-31 10:40,2024-01-31 11:20,418.2550000000,419.5200000000,target,418.2550000000,0.003024470718,0.002824470718,0.000769012201,9
QQQ,2024-01-31,1,1,1706731500,1706734800,2024-01-31 15:05,2024-01-31 16:00,418.1958000000,416.9700000000,session,418.1958000000,-0.002931162867,-0.003131162867,-0.000852514573,11
QQQ,2024-02-01,-1,1,1706817000,1706821200,2024-02-01 14:50,2024-02-01 16:00,421.5300000000,421.8800000000,session,421.5300000000,-0.000830308638,-0.001030308638,-0.000280491105,14
QQQ,2024-02-02,-1,2,1706887500,1706907600,2024-02-02 10:25,2024-02-02 16:00,427.6697000000,429.1700000000,session,426.3794000000;428.9600000000,-0.003517215714,-0.003717215714,-0.002023253662,67
QQQ,2024-02-05,1,1,1707147300,1707153000,2024-02-05 10:35,2024-02-05 12:10,426.3400000000,427.8800000000,target,426.3400000000,0.003612140545,0.003412140545,0.000926300517,20
QQQ,2024-02-06,1,1,1707232200,1707253200,2024-02-06 10:10,2024-02-06 16:00,426.8700000000,427.5900000000,session,426.8700000000,0.001686696184,0.001486696184,0.000404055385,70
QQQ,2024-02-09,-1,1,1707501300,1707512400,2024-02-09 12:55,2024-02-09 16:00,436.6800000000,437.0500000000,session,436.6800000000,-0.000847302372,-0.001047302372,-0.000284777667,37
QQQ,2024-02-13,-1,1,1707838200,1707846900,2024-02-13 10:30,2024-02-13 12:55,430.0650000000,428.4600000000,target,430.0650000000,0.003731994001,0.003531994001,0.000960068363,30
QQQ,2024-02-16,1,1,1708095300,1708099800,2024-02-16 09:55,2024-02-16 11:10,431.2600000000,432.7900000000,target,431.2600000000,0.003547743820,0.003347743820,0.000911056742,16
QQQ,2024-02-16,1,1,1708107300,1708109700,2024-02-16 13:15,2024-02-16 13:55,432.1500000000,433.4601000000,target,432.1500000000,0.003031586255,0.002831586255,0.000770589354,9
QQQ,2024-02-16,1,1,1708113000,1708117200,2024-02-16 14:50,2024-02-16 16:00,431.7409000000,430.5700000000,session,431.7409000000,-0.002712043265,-0.002912043265,-0.000792484966,14
QQQ,2024-02-20,1,1,1708441500,1708462800,2024-02-20 10:05,2024-02-20 16:00,425.5700000000,427.3200000000,session,425.5700000000,0.004112131964,0.003912131964,0.001065809129,71
QQQ,2024-02-21,1,1,1708544700,1708549200,2024-02-21 14:45,2024-02-21 16:00,421.7200000000,425.6100000000,session,421.7200000000,0.009224129754,0.009024129754,0.002461711992,15
QQQ,2024-02-22,-1,1,1708624500,1708635600,2024-02-22 12:55,2024-02-22 16:00,437.2100000000,438.0700000000,session,437.2100000000,-0.001967018138,-0.002167018138,-0.000592923785,37
QQQ,2024-02-23,1,1,1708704300,1708707600,2024-02-23 11:05,2024-02-23 12:00,436.2100000000,437.9900000000,target,436.2100000000,0.004080603379,0.003880603379,0.001061015582,12
QQQ,2024-02-23,1,1,1708719300,1708722000,2024-02-23 15:15,2024-02-23 16:00,436.5900000000,436.7800000000,session,436.5900000000,0.000435190911,0.000235190911,0.000064304748,9
QQQ,2024-02-29,1,1,1709224800,1709226000,2024-02-29 11:40,2024-02-29 12:00,435.5800000000,437.0800000000,target,435.5800000000,0.003443684283,0.003243684283,0.000888089008,5
QQQ,2024-03-01,-1,2,1709309100,1709326800,2024-03-01 11:05,2024-03-01 16:00,444.0350000000,445.6100000000,session,442.8000000000;445.2700000000,-0.003554780887,-0.003754780887,-0.002058267564,59
QQQ,2024-03-05,1,2,1709651400,1709672400,2024-03-05 10:10,2024-03-05 16:00,436.6650000000,436.0500000000,session,437.7800000000;435.5500000000,-0.001401891382,-0.001601891382,-0.000875914697,70
QQQ,2024-03-06,1,1,1709737800,1709739300,2024-03-06 10:10,2024-03-06 10:35,437.4300000000,438.8800000000,target,437.4300000000,0.003314816085,0.003114816085,0.000850681755,6
QQQ,2024-03-07,-1,1,1709830800,1709845200,2024-03-07 12:00,2024-03-07 16:00,445.2900000000,445.4500000000,session,445.2900000000,-0.000359316401,-0.000559316401,-0.000152912485,48
QQQ,2024-03-08,1,2,1709915400,1709931600,2024-03-08 11:30,2024-03-08 16:00,441.2250000000,439.0200000000,session,442.8600000000;439.5900000000,-0.004983787300,-0.005183787300,-0.002833880833,54
QQQ,2024-03-12,-1,1,1710256800,1710261600,2024-03-12 11:20,2024-03-12 12:40,442.7200000000,440.9300000000,target,442.7200000000,0.004043187568,0.003843187568,0.001046869474,17
QQQ,2024-03-12,-1,1,1710268200,1710273600,2024-03-12 14:30,2024-03-12 16:00,442.9100000000,443.6600000000,session,442.9100000000,-0.001693346278,-0.001893346278,-0.000515740225,18
QQQ,2024-03-13,1,1,1710344700,1710349800,2024-03-13 11:45,2024-03-13 13:10,439.5500000000,441.4300000000,target,439.5500000000,0.004277101581,0.004077101581,0.001111308572,18
QQQ,2024-03-14,1,1,1710424500,1710425700,2024-03-14 09:55,2024-03-14 10:15,438.0800000000,439.9700000000,target,438.0800000000,0.004314280497,0.004114280497,0.001122966626,5
QQQ,2024-03-14,1,1,1710432600,1710439500,2024-03-14 12:10,2024-03-14 14:05,438.5240000000,440.0400000000,target,438.5240000000,0.003457051381,0.003257051381,0.000888991405,24
QQQ,2024-03-14,1,1,1710443100,1710446400,2024-03-14 15:05,2024-03-14 16:00,438.1300000000,439.1800000000,session,438.1300000000,0.002396548969,0.002196548969,0.000599534034,11
QQQ,2024-03-15,1,1,1710521700,1710525600,2024-03-15 12:55,2024-03-15 14:00,432.9600000000,434.5300000000,target,432.9600000000,0.003626201035,0.003426201035,0.000938142223,14
QQQ,2024-03-19,-1,1,1710870000,1710878400,2024-03-19 13:40,2024-03-19 16:00,438.4700000000,438.5700000000,session,438.4700000000,-0.000228065774,-0.000428065774,-0.000117344316,28
QQQ,2024-03-20,-1,1,1710960600,1710964800,2024-03-20 14:50,2024-03-20 16:00,442.8000000000,443.7700000000,session,442.8000000000,-0.002190605239,-0.002390605239,-0.000655235539,14
QQQ,2024-03-27,1,1,1711548000,1711569600,2024-03-27 10:00,2024-03-27 16:00,443.6100000000,444.8300000000,session,443.6100000000,0.002750163432,0.002550163432,0.000698411494,72
QQQ,2024-04-03,-1,1,1712153100,1712174400,2024-04-03 10:05,2024-04-03 16:00,441.6900000000,442.1000000000,session,441.6900000000,-0.000928252847,-0.001128252847,-0.000309256488,71
QQQ,2024-04-04,1,3,1712254500,1712260800,2024-04-04 14:15,2024-04-04 16:00,440.3433333333,435.3400000000,session,443.3800000000;439.9700000000;437.6800000000,-0.011334415374,-0.011534415374,-0.009481255745,21
QQQ,2024-04-05,-1,2,1712328600,1712343000,2024-04-05 10:50,2024-04-05 14:50,441.4500000000,439.8800000000,target,439.8900000000;443.0100000000,0.003544018111,0.003344018111,0.001811378419,49
QQQ,2024-04-05,-1,1,1712343300,1712347200,2024-04-05 14:55,2024-04-05 16:00,439.8700000000,440.4900000000,session,439.8700000000,-0.001409507354,-0.001609507354,-0.000435916731,13
QQQ,2024-04-09,1,1,1712673300,1712680500,2024-04-09 10:35,2024-04-09 12:35,439.3600000000,440.7800000000,target,439.3600000000,0.003231973780,0.003031973780,0.000822565679,25
QQQ,2024-04-09,1,1,1712681700,1712692800,2024-04-09 12:55,2024-04-09 16:00,439.7900000000,442.2300000000,session,439.7900000000,0.005548102503,0.005348102503,0.001450924673,37
QQQ,2024-04-11,-1,2,1712855700,1712865600,2024-04-11 13:15,2024-04-11 16:00,444.6874500000,445.3700000000,session,443.2750000000;446.0999000000,-0.001545002590,-0.001745002590,-0.000949473098,33
QQQ,2024-04-12,1,1,1712940300,1712952000,2024-04-12 12:45,2024-04-12 16:00,437.7300000000,438.2700000000,session,437.7300000000,0.001233637174,0.001033637174,0.000280878947,39
QQQ,2024-04-15,1,3,1713192000,1713211200,2024-04-15 10:40,2024-04-15 16:00,435.6566666667,431.0600000000,session,438.9000000000;435.2600000000;432.8100000000,-0.010518529508,-0.010718529508,-0.008740919881,64
QQQ,2024-04-17,1,1,1713365700,1713366300,2024-04-17 10:55,2024-04-17 11:05,428.7000000000,430.4550000000,target,428.7000000000,0.004093771868,0.003893771868,0.001047106980,3
QQQ,2024-04-17,1,2,1713366600,1713384000,2024-04-17 11:10,2024-04-17 16:00,428.1850000000,425.8400000000,session,429.7400000000;426.6300000000,-0.005463488219,-0.005663488219,-0.003046032612,58
QQQ,2024-04-18,1,1,1713461100,1713470400,2024-04-18 13:25,2024-04-18 16:00,423.2700000000,423.4000000000,session,423.2700000000,0.000307132563,0.000107132563,0.000028738536,31
QQQ,2024-04-19,1,2,1713537600,1713556800,2024-04-19 10:40,2024-04-19 16:00,417.2900000000,414.6500000000,session,418.8300000000;415.7500000000,-0.006313001848,-0.006513001848,-0.003494377783,64
QQQ,2024-04-22,-1,1,1713810300,1713816000,2024-04-22 14:25,2024-04-22 16:00,420.8600000000,418.8200000000,session,420.8600000000,0.004847217602,0.004647217602,0.001241257409,19
QQQ,2024-04-23,-1,1,1713882900,1713902400,2024-04-23 10:35,2024-04-23 16:00,424.8100000000,425.3550000000,session,424.8100000000,-0.001282926485,-0.001482926485,-0.000396698630,65
QQQ,2024-04-24,1,1,1713975300,1713980100,2024-04-24 12:15,2024-04-24 13:35,424.7896000000,426.6100000000,target,424.7896000000,0.004285415650,0.004085415650,0.001092351975,17
QQQ,2024-04-25,-1,1,1714064400,1714075200,2024-04-25 13:00,2024-04-25 16:00,422.6800000000,424.4500000000,session,422.6800000000,-0.004187565061,-0.004387565061,-0.001174737795,36
QQQ,2024-04-26,-1,1,1714143000,1714161600,2024-04-26 10:50,2024-04-26 16:00,431.2400000000,431.0000000000,session,431.2400000000,0.000556534644,0.000356534644,0.000095319878,62
QQQ,2024-04-30,1,1,1714495500,1714507200,2024-04-30 12:45,2024-04-30 16:00,427.6900000000,424.5900000000,session,427.6900000000,-0.007248240548,-0.007448240548,-0.001991530889,39
QQQ,2024-05-01,-1,1,1714589100,1714593600,2024-05-01 14:45,2024-05-01 16:00,428.4500000000,421.5150000000,session,428.4500000000,0.016186252772,0.015986252772,0.004263835532,15
QQQ,2024-05-02,1,1,1714659000,1714659900,2024-05-02 10:10,2024-05-02 10:25,421.0200000000,423.2600000000,target,421.0200000000,0.005320412332,0.005120412332,0.001372988206,4
QQQ,2024-05-08,-1,1,1715179800,1715188200,2024-05-08 10:50,2024-05-08 13:10,441.3000000000,439.5900000000,target,441.3000000000,0.003874915024,0.003674915024,0.000987074191,29
QQQ,2024-05-14,-1,1,1715712000,1715716800,2024-05-14 14:40,2024-05-14 16:00,445.5800000000,445.9300000000,session,445.5800000000,-0.000785493065,-0.000985493065,-0.000265025548,16
QQQ,2024-05-15,-1,1,1715792400,1715803200,2024-05-15 13:00,2024-05-15 16:00,451.3200000000,452.9000000000,session,451.3200000000,-0.003500841975,-0.003700841975,-0.000994928843,36
QQQ,2024-05-20,-1,1,1716216600,1716235200,2024-05-20 10:50,2024-05-20 16:00,454.9100000000,454.9100000000,session,454.9100000000,0.000000000000,-0.000200000000,-0.000053701373,62
QQQ,2024-05-22,1,1,1716402600,1716408000,2024-05-22 14:30,2024-05-22 16:00,453.2500000000,455.7100000000,session,453.2500000000,0.005427468285,0.005227468285,0.001403517559,18
QQQ,2024-05-23,1,1,1716472500,1716475200,2024-05-23 09:55,2024-05-23 10:40,457.5100000000,458.8600000000,target,457.5100000000,0.002950755175,0.002750755175,0.000739834326,10
QQQ,2024-05-23,1,1,1716475800,1716479700,2024-05-23 10:50,2024-05-23 11:55,457.7400000000,459.0900000000,target,457.7400000000,0.002949272513,0.002749272513,0.000739435554,14
QQQ,2024-05-23,1,3,1716483000,1716494400,2024-05-23 12:50,2024-05-23 16:00,455.3683333333,453.6900000000,session,457.9100000000;455.2550000000;452.9400000000,-0.003665856719,-0.003865856719,-0.003119245427,38
QQQ,2024-05-24,-1,1,1716563100,1716580800,2024-05-24 11:05,2024-05-24 16:00,458.2900000000,457.9500000000,session,458.2900000000,0.000741888324,0.000541888324,0.000145448325,59
QQQ,2024-05-30,1,1,1717081200,1717089300,2024-05-30 11:00,2024-05-30 13:15,452.9200000000,454.3700000000,target,452.9200000000,0.003201448379,0.003001448379,0.000805764721,28
QQQ,2024-05-30,1,1,1717095900,1717099200,2024-05-30 15:05,2024-05-30 16:00,452.8900000000,451.5500000000,session,452.8900000000,-0.002958775862,-0.003158775862,-0.000848000641,11
QQQ,2024-05-31,1,3,1717164900,1717185600,2024-05-31 10:15,2024-05-31 16:00,446.4500000000,451.7100000000,session,449.0100000000;446.4600000000;443.8800000000,0.011804101312,0.011604101312,0.009345173321,69
QQQ,2024-06-03,1,2,1717426500,1717442700,2024-06-03 10:55,2024-06-03 15:25,450.0700000000,451.6600000000,target,451.3100000000;448.8300000000,0.003540401388,0.003340401388,0.001814236192,55
QQQ,2024-06-05,-1,1,1717600800,1717617600,2024-06-05 11:20,2024-06-05 16:00,460.8200000000,463.5300000000,session,460.8200000000,-0.005880821145,-0.006080821145,-0.001654982763,56
QQQ,2024-06-10,-1,1,1718034900,1718044500,2024-06-10 11:55,2024-06-10 14:35,464.6900000000,463.0900000000,target,464.6900000000,0.003443155652,0.003243155652,0.000880882243,33
QQQ,2024-06-10,-1,1,1718046900,1718049600,2024-06-10 15:15,2024-06-10 16:00,465.0000000000,464.8300000000,session,465.0000000000,0.000365591398,0.000165591398,0.000044976726,9
QQQ,2024-06-11,-1,1,1718129100,1718136000,2024-06-11 14:05,2024-06-11 16:00,466.4420000000,467.9800000000,session,466.4420000000,-0.003297301701,-0.003497301701,-0.000950990872,23
QQQ,2024-06-12,-1,1,1718202300,1718222400,2024-06-12 10:25,2024-06-12 16:00,475.0120000000,474.1500000000,session,475.0120000000,0.001814690997,0.001614690997,0.000438557045,67
QQQ,2024-06-13,1,1,1718296200,1718298900,2024-06-13 12:30,2024-06-13 13:15,474.6100000000,476.1600000000,target,474.6100000000,0.003265839321,0.003065839321,0.000833143375,10
QQQ,2024-06-17,-1,2,1718641800,1718654400,2024-06-17 12:30,2024-06-17 16:00,483.8450000000,485.0600000000,session,482.4500000000;485.2400000000,-0.002519468289,-0.002719468289,-0.001479544218,42
QQQ,2024-06-20,1,1,1718893200,1718894100,2024-06-20 10:20,2024-06-20 10:35,483.4800000000,484.8300000000,target,483.4800000000,0.002792256143,0.002592256143,0.000703888363,4
QQQ,2024-06-20,1,2,1718900700,1718913600,2024-06-20 12:25,2024-06-20 16:00,481.7925000000,481.4700000000,session,482.7850000000;480.8000000000,-0.000665134461,-0.000865134461,-0.000469828633,43
QQQ,2024-06-24,1,1,1719250500,1719259200,2024-06-24 13:35,2024-06-24 16:00,475.1100000000,473.9600000000,session,475.1100000000,-0.002420492097,-0.002620492097,-0.000711759865,29
QQQ,2024-06-25,-1,1,1719329700,1719334500,2024-06-25 11:35,2024-06-25 12:55,478.8000000000,476.9510000000,target,478.8000000000,0.003861737678,0.003661737678,0.000993706999,17
QQQ,2024-06-25,-1,1,1719340200,1719345600,2024-06-25 14:30,2024-06-25 16:00,479.2600000000,479.3800000000,session,479.2600000000,-0.000250386012,-0.000450386012,-0.000122223865,18
QQQ,2024-06-27,-1,1,1719497700,1719499800,2024-06-27 10:15,2024-06-27 10:50,482.9600000000,481.1300000000,target,482.9600000000,0.003789133676,0.003589133676,0.000975046653,8
QQQ,2024-06-28,-1,1,1719583500,1719586500,2024-06-28 10:05,2024-06-28 10:55,485.9690000000,484.2600000000,target,485.9690000000,0.003516685221,0.003316685221,0.000902109564,11
QQQ,2024-07-01,1,1,1719842100,1719842700,2024-07-01 09:55,2024-07-01 10:05,477.2600000000,478.7551000000,target,477.2600000000,0.003132674014,0.002932674014,0.000798543717,3
QQQ,2024-07-01,1,1,1719843300,1719843600,2024-07-01 10:15,2024-07-01 10:20,476.4850000000,478.7150000000,target,476.4850000000,0.004680105355,0.004480105355,0.001219896915,2
QQQ,2024-07-02,-1,2,1719932100,1719950400,2024-07-02 10:55,2024-07-02 16:00,484.7450000000,486.9800000000,session,483.5200000000;485.9700000000,-0.004617087320,-0.004817087320,-0.002629790829,61
QQQ,2024-07-03,-1,1,1720019700,1720026300,2024-07-03 11:15,2024-07-03 13:05,489.1850000000,491.0400000000,session,489.1850000000,-0.003792021423,-0.003992021423,-0.001086182050,22
QQQ,2024-07-05,-1,1,1720192500,1720209600,2024-07-05 11:15,2024-07-05 16:00,494.7600000000,496.1600000000,session,494.7600000000,-0.002829654782,-0.003029654782,-0.000823236493,57
QQQ,2024-07-10,-1,1,1720633500,1720641600,2024-07-10 13:45,2024-07-10 16:00,502.3900000000,502.9600000000,session,502.3900000000,-0.001134576723,-0.001334576723,-0.000362273199,27
QQQ,2024-07-11,1,3,1720707300,1720728000,2024-07-11 10:15,2024-07-11 16:00,497.3666666667,491.9300000000,session,499.7700000000;497.6200000000;494.7100000000,-0.010913699273,-0.011113699273,-0.009046473447,69
QQQ,2024-07-12,-1,2,1720793400,1720814400,2024-07-12 10:10,2024-07-12 16:00,497.0200000000,494.8200000000,session,495.5000000000;498.5400000000,0.004417069791,0.004217069791,0.002263010463,70
QQQ,2024-07-15,-1,1,1721055900,1721058900,2024-07-15 11:05,2024-07-15 11:55,499.8691000000,498.3400000000,target,499.8691000000,0.003059000846,0.002859000846,0.000769270920,11
QQQ,2024-07-16,1,1,1721139000,1721141400,2024-07-16 10:10,2024-07-16 10:50,494.0400000000,495.6400000000,target,494.0400000000,0.003238604162,0.003038604162,0.000818375926,9
QQQ,2024-07-16,1,1,1721146200,1721156400,2024-07-16 12:10,2024-07-16 15:00,494.5200000000,496.1200000000,target,494.5200000000,0.003235460649,0.003035460649,0.000817529295,35
QQQ,2024-07-17,1,2,1721225400,1721246400,2024-07-17 10:10,2024-07-17 16:00,483.5350000000,481.7700000000,session,484.7900000000;482.2800000000,-0.003643489209,-0.003843489209,-0.002074496950,70
QQQ,2024-07-18,1,2,1721313300,1721332800,2024-07-18 10:35,2024-07-18 16:00,479.9225000000,479.4900000000,session,481.1600000000;478.6850000000,-0.000894544243,-0.001094544243,-0.000589258999,65
QQQ,2024-07-19,1,1,1721403600,1721404800,2024-07-19 11:40,2024-07-19 12:00,475.3200000000,477.8300000000,target,475.3200000000,0.005280653034,0.005080653034,0.001366612615,5
QQQ,2024-07-19,1,1,1721406900,1721419200,2024-07-19 12:35,2024-07-19 16:00,475.4400000000,475.2400000000,session,475.4400000000,-0.000420662965,-0.000620662965,-0.000166948192,41
QQQ,2024-07-24,1,2,1721829900,1721851200,2024-07-24 10:05,2024-07-24 16:00,468.6450000000,463.3800000000,session,470.4400000000;466.8500000000,-0.011220010768,-0.011420010768,-0.006152725892,71
QQQ,2024-07-25,1,1,1721916000,1721918700,2024-07-25 10:00,2024-07-25 10:45,459.1900000000,461.8700000000,target,459.1900000000,0.005836364032,0.005636364032,0.001506784037,10
QQQ,2024-07-25,-1,1,1721927400,1721928000,2024-07-25 13:10,2024-07-25 13:20,467.6100000000,465.7600000000,target,467.6100000000,0.003956288360,0.003756288360,0.001004178457,3
QQQ,2024-07-30,1,2,1722351600,1722369600,2024-07-30 11:00,2024-07-30 16:00,459.6000000000,457.5300000000,session,461.4200000000;457.7800000000,-0.004488305507,-0.004688305507,-0.002514522217,60
QQQ,2024-07-31,-1,1,1722451500,1722456000,2024-07-31 14:45,2024-07-31 16:00,471.8800000000,471.0700000000,session,471.8800000000,0.001716538103,0.001516538103,0.000405418325,15
QQQ,2024-08-01,1,3,1722523800,1722542400,2024-08-01 10:50,2024-08-01 16:00,462.6650000000,459.6600000000,session,467.2550000000;463.0200000000;457.7200000000,-0.006424271554,-0.006624271554,-0.005315313889,62
QQQ,2024-08-02,1,1,1722608100,1722610200,2024-08-02 10:15,2024-08-02 10:50,444.7300000000,448.2450000000,target,444.7300000000,0.007903671891,0.007703671891,0.002046825674,8
QQQ,2024-08-02,1,1,1722610800,1722613200,2024-08-02 11:00,2024-08-02 11:40,445.4500000000,448.5300000000,target,445.4500000000,0.006914356269,0.006714356269,0.001783969644,9
QQQ,2024-08-02,1,1,1722621000,1722623400,2024-08-02 13:50,2024-08-02 14:30,446.1800000000,448.5400000000,target,446.1800000000,0.005289345107,0.005089345107,0.001352212604,9
QQQ,2024-08-05,-1,3,1722865200,1722883800,2024-08-05 09:40,2024-08-05 14:50,436.0100000000,433.0000000000,target,431.9100000000;436.2700000000;439.8500000000,0.006848391809,0.006648391809,0.005333788354,63
QQQ,2024-08-05,-1,2,1722884100,1722888000,2024-08-05 14:55,2024-08-05 16:00,434.3925000000,435.3700000000,session,433.6050000000;435.1800000000,-0.002253562982,-0.002453562982,-0.001312275814,13
QQQ,2024-08-06,-1,1,1722955800,1722958200,2024-08-06 10:50,2024-08-06 11:30,443.2200000000,439.9200000000,target,443.2200000000,0.007445512387,0.007245512387,0.001947325559,9
QQQ,2024-08-06,-1,1,1722959400,1722974400,2024-08-06 11:50,2024-08-06 16:00,442.8900000000,439.5300000000,session,442.8900000000,0.007586533902,0.007386533902,0.001985226923,50
QQQ,2024-08-07,1,1,1723050900,1723060800,2024-08-07 13:15,2024-08-07 16:00,440.6000000000,434.7700000000,session,440.6000000000,-0.013231956423,-0.013431956423,-0.003627620035,33
QQQ,2024-08-08,-1,1,1723138200,1723147200,2024-08-08 13:30,2024-08-08 16:00,447.5700000000,448.0700000000,session,447.5700000000,-0.001117143687,-0.001317143687,-0.000354133353,30
QQQ,2024-08-13,-1,1,1723567800,1723579200,2024-08-13 12:50,2024-08-13 16:00,461.4300000000,462.5800000000,session,461.4300000000,-0.002492252346,-0.002692252346,-0.000723533631,38
QQQ,2024-08-15,-1,1,1723744200,1723752000,2024-08-15 13:50,2024-08-15 16:00,474.1200000000,474.4200000000,session,474.1200000000,-0.000632751202,-0.000832751202,-0.000223598203,26
QQQ,2024-08-22,1,2,1724340900,1724356800,2024-08-22 11:35,2024-08-22 16:00,477.3300000000,474.8500000000,session,479.6200000000;475.0400000000,-0.005172669870,-0.005372669870,-0.002884380971,53
QQQ,2024-08-26,1,1,1724682900,1724702400,2024-08-26 10:35,2024-08-26 16:00,474.4100000000,475.3400000000,session,474.4100000000,0.001960329673,0.001760329673,0.000470834351,65
QQQ,2024-08-28,1,1,1724857500,1724875200,2024-08-28 11:05,2024-08-28 16:00,471.5200000000,471.3500000000,session,471.5200000000,-0.000360536138,-0.000560536138,-0.000150014247,59
QQQ,2024-09-03,1,2,1725372900,1725393600,2024-09-03 10:15,2024-09-03 16:00,466.4725000000,461.8100000000,session,468.7050000000;464.2400000000,-0.009972553551,-0.010172553551,-0.005443869638,69
QQQ,2024-09-04,-1,1,1725462000,1725464700,2024-09-04 11:00,2024-09-04 11:45,463.8400000000,461.3100000000,target,463.8400000000,0.005454467058,0.005254467058,0.001396436274,10
QQQ,2024-09-04,-1,1,1725467700,1725475200,2024-09-04 12:35,2024-09-04 14:40,463.6200000000,460.7750000000,target,463.6200000000,0.006136491092,0.005936491092,0.001577692164,26
QQQ,2024-09-05,-1,1,1725545100,1725548400,2024-09-05 10:05,2024-09-05 11:00,463.7800000000,461.3620000000,target,463.7800000000,0.005213678899,0.005013678899,0.001337414438,12
QQQ,2024-09-06,1,2,1725632100,1725652800,2024-09-06 10:15,2024-09-06 16:00,453.4150000000,448.6900000000,session,455.6800000000;451.1500000000,-0.010396221993,-0.010596221993,-0.005662598030,69
QQQ,2024-09-11,1,1,1726064100,1726069500,2024-09-11 10:15,2024-09-11 11:45,454.8400000000,457.2500000000,target,454.8400000000,0.005298566529,0.005098566529,0.001352707731,19
QQQ,2024-09-11,-1,1,1726079400,1726084800,2024-09-11 14:30,2024-09-11 16:00,465.1499000000,468.4600000000,session,465.1499000000,-0.007116200605,-0.007316200605,-0.001941071293,18
QQQ,2024-09-12,-1,1,1726164000,1726171200,2024-09-12 14:00,2024-09-12 16:00,473.6400000000,473.2200000000,session,473.6400000000,0.000886749430,0.000686749430,0.000182067754,24
QQQ,2024-09-17,1,1,1726595100,1726603200,2024-09-17 13:45,2024-09-17 16:00,471.7800000000,473.4900000000,session,471.7800000000,0.003624570775,0.003424570775,0.000908113808,27
QQQ,2024-09-26,1,1,1727361300,1727380800,2024-09-26 10:35,2024-09-26 16:00,489.1201000000,489.4700000000,session,489.1201000000,0.000715366226,0.000515366226,0.000136818732,65
QQQ,2024-09-27,1,1,1727461800,1727467200,2024-09-27 14:30,2024-09-27 16:00,486.2600000000,486.7500000000,session,486.2600000000,0.001007691359,0.000807691359,0.000214461651,18
QQQ,2024-10-01,1,2,1727790600,1727812800,2024-10-01 09:50,2024-10-01 16:00,481.3100000000,481.2700000000,session,482.7600000000;479.8600000000,-0.000074031366,-0.000274031366,-0.000145563131,74
QQQ,2024-10-03,-1,1,1727964300,1727965500,2024-10-03 10:05,2024-10-03 10:25,484.0200000000,481.1600000000,target,484.0200000000,0.005908846742,0.005708846742,0.001515968422,5
QQQ,2024-10-04,1,1,1728051000,1728054000,2024-10-04 10:10,2024-10-04 11:00,482.9600000000,485.0500000000,target,482.9600000000,0.004327480537,0.004127480537,0.001098126721,11
QQQ,2024-10-04,1,1,1728055800,1728057600,2024-10-04 11:30,2024-10-04 12:00,483.4700000000,485.3900000000,target,483.4700000000,0.003971290876,0.003771290876,0.001003361554,7
QQQ,2024-10-07,1,1,1728327600,1728331200,2024-10-07 15:00,2024-10-07 16:00,481.3600000000,482.1000000000,session,481.3600000000,0.001537310952,0.001337310952,0.000356731770,12
QQQ,2024-10-08,-1,1,1728413700,1728417600,2024-10-08 14:55,2024-10-08 16:00,488.4200000000,489.3000000000,session,488.4200000000,-0.001801728021,-0.002001728021,-0.000534205073,13
QQQ,2024-10-09,-1,1,1728489300,1728504000,2024-10-09 11:55,2024-10-09 16:00,492.8100000000,493.1500000000,session,492.8100000000,-0.000689921065,-0.000889921065,-0.000237336509,49
QQQ,2024-10-15,1,2,1729002900,1729022400,2024-10-15 10:35,2024-10-15 16:00,492.1100000000,490.8100000000,session,493.2100000000;491.0100000000,-0.002636702532,-0.002836702532,-0.001512613620,65
QQQ,2024-10-17,1,1,1729173900,1729179600,2024-10-17 10:05,2024-10-17 11:40,492.2400000000,494.0500000000,target,492.2400000000,0.003677068097,0.003477068097,0.000925284578,20
QQQ,2024-10-17,1,1,1729188600,1729195200,2024-10-17 14:10,2024-10-17 16:00,492.5000000000,491.2500000000,session,492.5000000000,-0.002538071066,-0.002738071066,-0.000728629656,22
QQQ,2024-10-22,-1,1,1729619400,1729627200,2024-10-22 13:50,2024-10-22 16:00,496.2200000000,495.9600000000,session,496.2200000000,0.000523961146,0.000323961146,0.000086230722,26
QQQ,2024-10-23,1,2,1729699500,1729713600,2024-10-23 12:05,2024-10-23 16:00,488.7925000000,488.3600000000,session,490.3700000000;487.2150000000,-0.000874426923,-0.001074426923,-0.000572035351,47
QQQ,2024-10-25,-1,1,1729864500,1729877700,2024-10-25 09:55,2024-10-25 13:35,498.4350000000,496.4000000000,target,498.4350000000,0.004082779099,0.003882779099,0.001032874330,45
QQQ,2024-10-29,-1,1,1730220900,1730232000,2024-10-29 12:55,2024-10-29 16:00,498.9700000000,500.1600000000,session,498.9700000000,-0.002384912921,-0.002584912921,-0.000688513475,37
QQQ,2024-10-31,1,2,1730382600,1730404800,2024-10-31 09:50,2024-10-31 16:00,486.7750000000,483.8700000000,session,487.8600000000;485.6900000000,-0.005962911003,-0.006162911003,-0.003280258378,74
QQQ,2024-11-01,-1,1,1730470500,1730485200,2024-11-01 10:15,2024-11-01 14:20,489.0300000000,487.2400000000,target,489.0300000000,0.003660307139,0.003460307139,0.000917104425,50
QQQ,2024-11-05,-1,1,1730819100,1730840400,2024-11-05 10:05,2024-11-05 16:00,491.0800000000,492.2100000000,session,491.0800000000,-0.002301050745,-0.002501050745,-0.000663631949,71
QQQ,2024-11-06,-1,1,1730916300,1730926800,2024-11-06 13:05,2024-11-06 16:00,503.9200000000,505.5800000000,session,503.9200000000,-0.003294173678,-0.003494173678,-0.000926375488,35
QQQ,2024-11-07,-1,1,1730995200,1731013200,2024-11-07 11:00,2024-11-07 16:00,512.0800000000,513.5400000000,session,512.0800000000,-0.002851117013,-0.003051117013,-0.000807970124,60
QQQ,2024-11-11,1,1,1731348300,1731358800,2024-11-11 13:05,2024-11-11 16:00,511.7100000000,513.8400000000,session,511.7100000000,0.004162513924,0.003962513924,0.001048251086,35
QQQ,2024-11-12,1,1,1731434400,1731436500,2024-11-12 13:00,2024-11-12 13:35,510.0800000000,512.0600000000,target,510.0800000000,0.003881744040,0.003681744040,0.000975262143,8
QQQ,2024-11-14,1,1,1731615300,1731618000,2024-11-14 15:15,2024-11-14 16:00,508.5300000000,508.6900000000,session,508.5300000000,0.000314632372,0.000114632372,0.000030402389,9
QQQ,2024-11-15,1,2,1731684000,1731704400,2024-11-15 10:20,2024-11-15 16:00,497.9300000000,496.5700000000,session,499.3600000000;496.5000000000,-0.002723082323,-0.002923082323,-0.001550558196,68
QQQ,2024-11-18,-1,1,1731947100,1731951900,2024-11-18 11:25,2024-11-18 12:45,501.7200000000,499.8000000000,target,501.7200000000,0.003826835685,0.003626835685,0.000960058648,17
QQQ,2024-11-19,-1,1,1732033200,1732050000,2024-11-19 11:20,2024-11-19 16:00,501.1500000000,503.4600000000,session,501.1500000000,-0.004609398384,-0.004809398384,-0.001274633587,56
QQQ,2024-11-20,1,1,1732115400,1732117800,2024-11-20 10:10,2024-11-20 10:50,498.2100000000,500.0300000000,target,498.2100000000,0.003653078019,0.003453078019,0.000913701222,9
QQQ,2024-11-20,1,1,1732119300,1732121400,2024-11-20 11:15,2024-11-20 11:50,499.2500000000,501.2100000000,target,499.2500000000,0.003925888833,0.003725888833,0.000985888289,8
QQQ,2024-11-20,1,1,1732123500,1732136400,2024-11-20 12:25,2024-11-20 16:00,499.3300000000,503.1700000000,session,499.3300000000,0.007690305009,0.007490305009,0.001981971099,43
QQQ,2024-11-21,1,1,1732200000,1732200600,2024-11-21 09:40,2024-11-21 09:50,500.9200000000,503.6200000000,target,500.9200000000,0.005390082249,0.005190082249,0.001380036187,3
QQQ,2024-11-21,1,2,1732200900,1732204800,2024-11-21 09:55,2024-11-21 11:00,500.1050000000,502.2200000000,target,502.3000000000;497.9100000000,0.004248457737,0.004048457737,0.002152959398,14
QQQ,2024-11-21,1,1,1732205100,1732210500,2024-11-21 11:05,2024-11-21 12:35,502.4900000000,504.6400000000,target,502.4900000000,0.004278692113,0.004078692113,0.001084518981,19
QQQ,2024-11-25,1,1,1732554900,1732568400,2024-11-25 12:15,2024-11-25 16:00,505.7300000000,506.5900000000,session,505.7300000000,0.001700512131,0.001500512131,0.000401293789,45
QQQ,2024-11-27,1,1,1732721400,1732741200,2024-11-27 10:30,2024-11-27 16:00,504.2900000000,505.3000000000,session,504.2900000000,0.002002815840,0.001802815840,0.000482382406,66
QQQ,2024-11-29,-1,1,1732896900,1732903500,2024-11-29 11:15,2024-11-29 13:05,509.7600000000,509.7400000000,session,509.7600000000,0.000039234149,-0.000160765851,-0.000043042234,22
QQQ,2024-12-02,-1,1,1733152500,1733173200,2024-12-02 10:15,2024-12-02 16:00,514.6200000000,515.2900000000,session,514.6200000000,-0.001301931522,-0.001501931522,-0.000402094246,69
QQQ,2024-12-06,-1,1,1733498400,1733518800,2024-12-06 10:20,2024-12-06 16:00,526.0000000000,526.4800000000,session,526.0000000000,-0.000912547529,-0.001112547529,-0.000297699989,68
QQQ,2024-12-09,1,1,1733760600,1733769000,2024-12-09 11:10,2024-12-09 13:30,521.5414000000,523.2400000000,target,521.5414000000,0.003256884305,0.003056884305,0.000817670180,29
QQQ,2024-12-09,1,1,1733773200,1733778000,2024-12-09 14:40,2024-12-09 16:00,522.2500000000,522.3800000000,session,522.2500000000,0.000248922930,0.000048922930,0.000013086142,16
QQQ,2024-12-10,1,1,1733861100,1733864400,2024-12-10 15:05,2024-12-10 16:00,519.9700000000,520.6000000000,session,519.9700000000,0.001211608362,0.001011608362,0.000270870025,11
QQQ,2024-12-11,-1,1,1733930100,1733950800,2024-12-11 10:15,2024-12-11 16:00,528.4700000000,529.9200000000,session,528.4700000000,-0.002743769750,-0.002943769750,-0.000788494731,69
QQQ,2024-12-16,-1,1,1734366000,1734382800,2024-12-16 11:20,2024-12-16 16:00,536.4500000000,538.1700000000,session,536.4500000000,-0.003206263398,-0.003406263398,-0.000911479324,56
QQQ,2024-12-18,1,3,1734549000,1734555600,2024-12-18 14:10,2024-12-18 16:00,527.6783000000,516.4700000000,session,531.0700000000;527.7199000000;524.2450000000,-0.021213485848,-0.021413485848,-0.017170535182,22
QQQ,2024-12-19,1,1,1734622200,1734625500,2024-12-19 10:30,2024-12-19 11:25,516.8800000000,519.1700000000,target,516.8800000000,0.004430428726,0.004230428726,0.001106518846,12
QQQ,2024-12-19,1,1,1734628800,1734634800,2024-12-19 12:20,2024-12-19 14:00,517.1400000000,519.4300000000,target,517.1400000000,0.004428201261,0.004228201261,0.001105936226,21
QQQ,2024-12-19,1,1,1734636600,1734642000,2024-12-19 14:30,2024-12-19 16:00,517.1400000000,514.1700000000,session,517.1400000000,-0.005743125653,-0.005943125653,-0.001554495056,18
QQQ,2024-12-20,-1,3,1734708300,1734728400,2024-12-20 10:25,2024-12-20 16:00,519.4633000000,518.6600000000,session,514.7200000000;519.9209000000;523.7490000000,0.001495671915,0.001295671915,0.001017547605,67
QQQ,2024-12-27,1,1,1735311900,1735329600,2024-12-27 10:05,2024-12-27 15:00,520.4100000000,522.6100000000,target,520.4100000000,0.004227436060,0.004027436060,0.001055673038,60
QQQ,2024-12-27,1,1,1735330500,1735333200,2024-12-27 15:15,2024-12-27 16:00,521.0400000000,522.5000000000,session,521.0400000000,0.002802088131,0.002602088131,0.000682060309,9
QQQ,2024-12-31,1,1,1735666200,1735678800,2024-12-31 12:30,2024-12-31 16:00,512.2699000000,511.2300000000,session,512.2699000000,-0.002029984584,-0.002229984584,-0.000585816095,42
QQQ,2025-01-02,1,1,1735839000,1735851600,2025-01-02 12:30,2025-01-02 16:00,509.7100000000,510.2300000000,session,509.7100000000,0.001020187950,0.000820187950,0.000215302900,42
QQQ,2025-01-03,-1,1,1735929000,1735938000,2025-01-03 13:30,2025-01-03 16:00,518.2975000000,518.5800000000,session,518.2975000000,-0.000545053758,-0.000745053758,-0.000195633319,30
QQQ,2025-01-07,1,2,1736262300,1736283600,2025-01-07 10:05,2025-01-07 16:00,518.7350000000,515.1800000000,session,521.0700000000;516.4000000000,-0.006833086649,-0.007033086649,-0.003692523825,71
QQQ,2025-01-10,1,1,1736521500,1736523600,2025-01-10 10:05,2025-01-10 10:40,505.5000000000,508.5500000000,target,505.5000000000,0.006033630069,0.005833630069,0.001524211213,8
QQQ,2025-01-10,1,1,1736524800,1736533500,2025-01-10 11:00,2025-01-10 13:25,506.6900000000,509.5814000000,target,506.6900000000,0.005706447729,0.005506447729,0.001438724991,30
QQQ,2025-01-14,1,1,1736873100,1736880000,2025-01-14 11:45,2025-01-14 13:40,503.4300000000,505.8800000000,target,503.4300000000,0.004866615021,0.004666615021,0.001223902412,24
QQQ,2025-01-14,1,1,1736884800,1736888400,2025-01-14 15:00,2025-01-14 16:00,503.6600000000,505.1100000000,session,503.6600000000,0.002878926260,0.002678926260,0.000702595842,12
QQQ,2025-01-16,1,1,1737053400,1737058200,2025-01-16 13:50,2025-01-16 15:10,514.0150000000,516.5400000000,target,514.0150000000,0.004912308007,0.004712308007,0.001238912291,17
QQQ,2025-01-24,1,1,1737745800,1737752400,2025-01-24 14:10,2025-01-24 16:00,528.3700000000,529.6300000000,session,528.3700000000,0.002384692545,0.002184692545,0.000575279450,22
QQQ,2025-01-27,-1,1,1737989700,1737995400,2025-01-27 09:55,2025-01-27 11:30,515.3900000000,512.9400000000,target,515.3900000000,0.004753681678,0.004553681678,0.001199961614,20
QQQ,2025-01-28,-1,1,1738084200,1738098000,2025-01-28 12:10,2025-01-28 16:00,520.6140000000,521.8700000000,session,520.6140000000,-0.002412535967,-0.002612535967,-0.000689486356,46
QQQ,2025-01-29,1,1,1738173900,1738175400,2025-01-29 13:05,2025-01-29 13:30,517.2800000000,519.9500000000,target,517.2800000000,0.005161614599,0.004961614599,0.001308302156,6
QQQ,2025-01-30,1,1,1738253700,1738254600,2025-01-30 11:15,2025-01-30 11:30,518.3800000000,521.3500000000,target,518.3800000000,0.005729387708,0.005529387708,0.001460426641,4
QQQ,2025-01-31,1,1,1738354500,1738357200,2025-01-31 15:15,2025-01-31 16:00,522.0000000000,522.2900000000,session,522.0000000000,0.000555555556,0.000355555556,0.000094082727,9
QQQ,2025-02-03,-1,1,1738597500,1738616400,2025-02-03 10:45,2025-02-03 16:00,518.9100000000,518.1100000000,session,518.9100000000,0.001541693165,0.001341693165,0.000355064378,63
QQQ,2025-02-04,-1,1,1738681800,1738702800,2025-02-04 10:10,2025-02-04 16:00,523.8000000000,524.4700000000,session,523.8000000000,-0.001279114166,-0.001479114166,-0.000391606399,70
QQQ,2025-02-07,1,1,1738943700,1738962000,2025-02-07 10:55,2025-02-07 16:00,524.4500000000,522.9100000000,session,524.4500000000,-0.002936409572,-0.003136409572,-0.000829978185,61
QQQ,2025-02-12,-1,1,1739374800,1739394000,2025-02-12 10:40,2025-02-12 16:00,527.0400000000,528.3000000000,session,527.0400000000,-0.002390710383,-0.002590710383,-0.000684854783,64
QQQ,2025-02-13,-1,1,1739476500,1739480400,2025-02-13 14:55,2025-02-13 16:00,534.9200000000,535.9000000000,session,534.9200000000,-0.001832049652,-0.002032049652,-0.000536708827,13
QQQ,2025-02-20,1,1,1740063600,1740078900,2025-02-20 10:00,2025-02-20 14:15,533.8500000000,536.0200000000,target,533.8500000000,0.004064812213,0.003864812213,0.001020090140,52
QQQ,2025-02-21,1,2,1740151800,1740171600,2025-02-21 10:30,2025-02-21 16:00,531.8550000000,526.1200000000,session,534.0200000000;529.6900000000,-0.010766622314,-0.010966622314,-0.005796584408,66
QQQ,2025-02-24,1,1,1740409200,1740430800,2025-02-24 10:00,2025-02-24 16:00,523.3400000000,519.8700000000,session,523.3400000000,-0.006630488784,-0.006830488784,-0.001791984456,72
QQQ,2025-02-25,1,1,1740495900,1740517200,2025-02-25 10:05,2025-02-25 16:00,514.1600000000,513.3200000000,session,514.1600000000,-0.001633732690,-0.001833732690,-0.000479985968,71
QQQ,2025-02-27,1,3,1740668100,1740690000,2025-02-27 09:55,2025-02-27 16:00,508.0183333333,500.2700000000,session,511.6300000000;508.3900000000;504.0350000000,-0.015215084968,-0.015415084968,-0.012097458758,73
QQQ,2025-03-03,1,1,1741014000,1741015800,2025-03-03 10:00,2025-03-03 10:30,506.3000000000,509.1400000000,target,506.3000000000,0.005609322536,0.005409322536,0.001393230674,7
QQQ,2025-03-03,1,3,1741020000,1741035600,2025-03-03 11:40,2025-03-03 16:00,501.1198333333,497.3000000000,session,506.5800000000;501.3535000000;495.4260000000,-0.007540477772,-0.007740477772,-0.005980936242,52
QQQ,2025-03-04,1,1,1741101600,1741103100,2025-03-04 10:20,2025-03-04 10:45,488.4100000000,491.5300000000,target,488.4100000000,0.006388075592,0.006188075592,0.001584344089,6
QQQ,2025-03-04,1,1,1741104600,1741106700,2025-03-04 11:10,2025-03-04 11:45,488.9100000000,491.9700000000,target,488.9100000000,0.006258820642,0.006058820642,0.001551250713,8
QQQ,2025-03-04,-1,1,1741115400,1741122000,2025-03-04 14:10,2025-03-04 16:00,499.6900000000,495.4500000000,session,499.6900000000,0.008485260862,0.008285260862,0.002121290194,22
QQQ,2025-03-05,-1,1,1741201800,1741208400,2025-03-05 14:10,2025-03-05 16:00,502.6700000000,502.0100000000,session,502.6700000000,0.001312988641,0.001112988641,0.000286910762,22
QQQ,2025-03-06,1,1,1741286400,1741294800,2025-03-06 13:40,2025-03-06 16:00,487.9900000000,488.2000000000,session,487.9900000000,0.000430336687,0.000230336687,0.000059399162,28
QQQ,2025-03-07,1,1,1741368000,1741368900,2025-03-07 12:20,2025-03-07 12:35,481.2100000000,484.6900000000,target,481.2100000000,0.007231769913,0.007031769913,0.001813490118,4
QQQ,2025-03-10,1,2,1741617300,1741636800,2025-03-10 10:35,2025-03-10 16:00,474.4250000000,472.7300000000,session,477.5500000000;471.3000000000,-0.003529511564,-0.003729511564,-0.001928187474,65
QQQ,2025-03-12,1,1,1741791900,1741794000,2025-03-12 11:05,2025-03-12 11:40,472.8900000000,476.0800000000,target,472.8900000000,0.006745754827,0.006545754827,0.001687896798,8
QQQ,2025-03-13,1,1,1741880400,1741896000,2025-03-13 11:40,2025-03-13 16:00,469.5100000000,468.3400000000,session,469.5100000000,-0.002491959703,-0.002691959703,-0.000695666791,52
QQQ,2025-03-17,-1,1,1742237400,1742241600,2025-03-17 14:50,2025-03-17 16:00,485.6400000000,482.7700000000,session,485.6400000000,0.005909727370,0.005709727370,0.001474206132,14
QQQ,2025-03-18,1,1,1742310300,1742323800,2025-03-18 11:05,2025-03-18 14:50,472.9100000000,475.9000000000,target,472.9100000000,0.006322556089,0.006122556089,0.001583803856,46
QQQ,2025-03-19,-1,1,1742411100,1742414400,2025-03-19 15:05,2025-03-19 16:00,483.3050000000,480.8900000000,session,483.3050000000,0.004996844643,0.004796844643,0.001243396682,11
QQQ,2025-03-20,-1,1,1742480400,1742488200,2025-03-20 10:20,2025-03-20 12:30,482.8600000000,479.2000000000,target,482.8600000000,0.007579836806,0.007379836806,0.001915996313,27
QQQ,2025-03-26,1,1,1743004500,1743019200,2025-03-26 11:55,2025-03-26 16:00,486.7700000000,484.3800000000,session,486.7700000000,-0.004909916388,-0.005109916388,-0.001329929850,49
QQQ,2025-03-28,1,2,1743171600,1743192000,2025-03-28 10:20,2025-03-28 16:00,471.7154500000,468.9400000000,session,474.5100000000;468.9209000000,-0.005848846543,-0.006048846543,-0.003143237053,68
QQQ,2025-03-31,-1,1,1743446400,1743451200,2025-03-31 14:40,2025-03-31 16:00,467.4900000000,468.9200000000,session,467.4900000000,-0.003058888960,-0.003258888960,-0.000843313932,16
QQQ,2025-04-01,-1,1,1743523800,1743530700,2025-04-01 12:10,2025-04-01 14:05,472.9000000000,469.0000000000,target,472.9000000000,0.008246986678,0.008046986678,0.002080084440,24
QQQ,2025-04-02,-1,2,1743601800,1743624000,2025-04-02 09:50,2025-04-02 16:00,474.7850000000,476.1500000000,session,471.8300000000;477.7400000000,-0.002913834946,-0.003113834946,-0.001614123008,74
QQQ,2025-04-04,1,1,1743777300,1743779100,2025-04-04 10:35,2025-04-04 11:05,431.4600000000,435.5700000000,target,431.4600000000,0.009525796134,0.009325796134,0.002412095380,7
QQQ,2025-04-04,1,1,1743781200,1743781800,2025-04-04 11:40,2025-04-04 11:50,431.1400000000,434.4800000000,target,431.1400000000,0.007746903558,0.007546903558,0.001951988971,3
QQQ,2025-04-04,1,2,1743782400,1743796800,2025-04-04 12:00,2025-04-04 16:00,428.2750000000,422.6700000000,session,431.5300000000;425.0200000000,-0.013030374223,-0.013230374223,-0.006844010758,48
QQQ,2025-04-07,-1,3,1744034400,1744035900,2025-04-07 10:00,2025-04-07 10:25,428.1333333333,421.2900000000,target,416.8900000000;433.4900000000;434.0200000000,0.015639924621,0.015439924621,0.011942211403,6
QQQ,2025-04-07,-1,1,1744036200,1744036800,2025-04-07 10:30,2025-04-07 10:40,419.1700000000,414.7298000000,target,419.1700000000,0.010592838228,0.010392838228,0.002679492166,3
QQQ,2025-04-07,-1,2,1744037100,1744038900,2025-04-07 10:45,2025-04-07 11:15,424.5850000000,417.2300000000,target,421.0200000000;428.1500000000,0.017253513823,0.017053513823,0.008793508701,7
QQQ,2025-04-07,-1,1,1744039200,1744039800,2025-04-07 11:20,2025-04-07 11:30,418.6700000000,415.1000000000,target,418.6700000000,0.008527002174,0.008327002174,0.002146876205,3
QQQ,2025-04-07,-1,2,1744040100,1744042200,2025-04-07 11:35,2025-04-07 12:10,420.4500000000,416.5700000000,target,417.6100000000;423.2900000000,0.009183001317,0.008983001317,0.004632013148,8
QQQ,2025-04-07,-1,3,1744042500,1744056000,2025-04-07 12:15,2025-04-07 16:00,423.4184333333,423.6900000000,session,417.6353000000;423.1200000000;429.5000000000,-0.000772451788,-0.000972451788,-0.000752155540,45
QQQ,2025-04-08,1,2,1744130400,1744142400,2025-04-08 12:40,2025-04-08 16:00,424.6950000000,416.0600000000,session,428.0500000000;421.3400000000,-0.020271096848,-0.020471096848,-0.010957564145,40
QQQ,2025-04-09,-1,3,1744218300,1744228800,2025-04-09 13:05,2025-04-09 16:00,435.1000000000,466.0000000000,session,427.2500000000;434.2800000000;443.7700000000,-0.071276755096,-0.071476755096,-0.056605833632,35
QQQ,2025-04-10,1,1,1744300800,1744308300,2025-04-10 12:00,2025-04-10 14:05,441.3100000000,448.4000000000,target,441.3100000000,0.016065804083,0.015865804083,0.003888928651,26
QQQ,2025-04-10,1,1,1744308900,1744309800,2025-04-10 14:15,2025-04-10 14:30,442.5300000000,449.4650000000,target,442.5300000000,0.015671253926,0.015471253926,0.003792218935,4
QQQ,2025-04-14,1,1,1744650000,1744656000,2025-04-14 13:00,2025-04-14 14:40,453.7600000000,459.1600000000,target,453.7600000000,0.011900564175,0.011700564175,0.002897928495,21
QQQ,2025-04-16,1,1,1744830600,1744833600,2025-04-16 15:10,2025-04-16 16:00,439.0300000000,444.1800000000,session,439.0300000000,0.011730405667,0.011530405667,0.002866922710,10
QQQ,2025-04-21,1,1,1745257800,1745265600,2025-04-21 13:50,2025-04-21 16:00,428.2700000000,433.1100000000,session,428.2700000000,0.011301281902,0.011101281902,0.002770834118,26
QQQ,2025-04-24,-1,1,1745514000,1745524800,2025-04-24 13:00,2025-04-24 16:00,465.7800000000,467.3500000000,session,465.7800000000,-0.003370690025,-0.003570690025,-0.000894527414,36
QQQ,2025-05-13,-1,1,1747153800,1747166400,2025-05-13 12:30,2025-05-13 16:00,516.3209000000,515.5900000000,session,516.3209000000,0.001415592512,0.001215592512,0.000304167146,42
QQQ,2025-05-19,-1,1,1747672200,1747684800,2025-05-19 12:30,2025-05-19 16:00,520.7900000000,522.0100000000,session,520.7900000000,-0.002342594904,-0.002542594904,-0.000636469208,42
QQQ,2025-05-21,-1,1,1747841100,1747848000,2025-05-21 11:25,2025-05-21 13:20,522.4000000000,518.6100000000,target,522.4000000000,0.007254977029,0.007054977029,0.001764524104,24
QQQ,2025-05-29,1,1,1748527800,1748548800,2025-05-29 10:10,2025-05-29 16:00,520.0900000000,519.9300000000,session,520.0900000000,-0.000307639062,-0.000507639062,-0.000127264460,70
QQQ,2025-05-30,1,1,1748622900,1748629200,2025-05-30 12:35,2025-05-30 14:20,513.0700000000,516.9800000000,target,513.0700000000,0.007620792484,0.007420792484,0.001860068326,22
QQQ,2025-06-02,-1,1,1748892300,1748894400,2025-06-02 15:25,2025-06-02 16:00,523.3100000000,523.2100000000,session,523.3100000000,0.000191091323,-0.000008908677,-0.000002238540,7
QQQ,2025-06-05,1,1,1749151200,1749153600,2025-06-05 15:20,2025-06-05 16:00,523.5400000000,524.7900000000,session,523.5400000000,0.002387592161,0.002187592161,0.000549688464,8
QQQ,2025-06-16,-1,1,1750087200,1750104000,2025-06-16 11:20,2025-06-16 16:00,535.1900000000,534.2700000000,session,535.1900000000,0.001719015677,0.001519015677,0.000381969856,56
QQQ,2025-06-20,1,1,1750430700,1750449600,2025-06-20 10:45,2025-06-20 16:00,527.5800000000,526.6700000000,session,527.5800000000,-0.001724856894,-0.001924856894,-0.000484267280,63
QQQ,2025-06-23,-1,1,1750700400,1750708800,2025-06-23 13:40,2025-06-23 16:00,531.4800000000,531.7200000000,session,531.4800000000,-0.000451569203,-0.000651569203,-0.000163820591,28
QQQ,2025-07-01,1,1,1751382900,1751384100,2025-07-01 11:15,2025-07-01 11:35,544.8900000000,546.9500000000,target,544.8900000000,0.003780579567,0.003580579567,0.000900050614,5
QQQ,2025-07-02,-1,1,1751468700,1751486400,2025-07-02 11:05,2025-07-02 16:00,550.4000000000,550.8000000000,session,550.4000000000,-0.000726744186,-0.000926744186,-0.000233233810,59
QQQ,2025-07-10,1,1,1752156300,1752161400,2025-07-10 10:05,2025-07-10 11:30,553.2100000000,555.0600000000,target,553.2100000000,0.003344118870,0.003144118870,0.000791036299,18
QQQ,2025-07-16,1,1,1752679500,1752681600,2025-07-16 11:25,2025-07-16 12:00,553.4600000000,555.2700000000,target,553.4600000000,0.003270335706,0.003070335706,0.000773282601,8
QQQ,2025-07-17,-1,1,1752768000,1752782400,2025-07-17 12:00,2025-07-17 16:00,561.5800000000,561.8000000000,session,561.5800000000,-0.000391751843,-0.000591751843,-0.000149188808,48
QQQ,2025-07-21,-1,1,1753107300,1753128000,2025-07-21 10:15,2025-07-21 16:00,565.4800000000,564.1800000000,session,565.4800000000,0.002298931881,0.002098931881,0.000529065321,69
QQQ,2025-07-22,1,1,1753192200,1753214400,2025-07-22 09:50,2025-07-22 16:00,561.0600000000,561.2500000000,session,561.0600000000,0.000338644708,0.000138644708,0.000034971801,74
QQQ,2025-07-29,1,1,1753803000,1753819200,2025-07-29 11:30,2025-07-29 16:00,567.5400000000,567.2600000000,session,567.5400000000,-0.000493357296,-0.000693357296,-0.000174900825,54
QQQ,2025-07-31,1,3,1753972500,1753992000,2025-07-31 10:35,2025-07-31 16:00,568.1333333333,565.0100000000,session,571.4700000000;567.4800000000;565.4500000000,-0.005478299351,-0.005678299351,-0.004296095438,65
QQQ,2025-08-01,1,1,1754055900,1754058900,2025-08-01 09:45,2025-08-01 10:35,554.7900000000,556.9500000000,target,554.7900000000,0.003893365057,0.003693365057,0.000926154701,11
QQQ,2025-08-01,1,1,1754060100,1754064300,2025-08-01 10:55,2025-08-01 12:05,555.2600000000,557.4000000000,target,555.2600000000,0.003854050355,0.003654050355,0.000916296078,15
QQQ,2025-08-01,1,2,1754067300,1754073900,2025-08-01 12:55,2025-08-01 14:45,553.5050000000,555.3050000000,target,554.8900000000;552.1200000000,0.003258284728,0.003058284728,0.001533801688,23
QQQ,2025-08-01,1,1,1754074200,1754078400,2025-08-01 14:50,2025-08-01 16:00,554.5700000000,553.8800000000,session,554.5700000000,-0.001244207224,-0.001444207224,-0.000362151937,14
QQQ,2025-08-04,-1,1,1754316000,1754337600,2025-08-04 10:00,2025-08-04 16:00,562.7700000000,564.1000000000,session,562.7700000000,-0.002363310056,-0.002563310056,-0.000645355485,72
QQQ,2025-08-05,1,1,1754405100,1754424000,2025-08-05 10:45,2025-08-05 16:00,561.4700000000,560.2700000000,session,561.4700000000,-0.002137246870,-0.002337246870,-0.000587937573,63
QQQ,2025-08-06,-1,1,1754494500,1754510400,2025-08-06 11:35,2025-08-06 16:00,565.1706000000,567.3200000000,session,565.1706000000,-0.003803099454,-0.004003099454,-0.001006200492,53
QQQ,2025-08-07,1,1,1754585100,1754596800,2025-08-07 12:45,2025-08-07 16:00,567.0700000000,569.2700000000,session,567.0700000000,0.003879591585,0.003679591585,0.000923650920,39
QQQ,2025-08-08,-1,1,1754676300,1754683200,2025-08-08 14:05,2025-08-08 16:00,574.6000000000,574.5500000000,session,574.6000000000,0.000087017055,-0.000112982945,-0.000028395759,23
QQQ,2025-08-12,-1,1,1755017400,1755028800,2025-08-12 12:50,2025-08-12 16:00,579.0600000000,580.0500000000,session,579.0600000000,-0.001709667392,-0.001909667392,-0.000479934506,38
QQQ,2025-08-15,1,1,1755272700,1755277200,2025-08-15 11:45,2025-08-15 13:00,575.7400000000,577.5800000000,target,575.7400000000,0.003195887032,0.002995887032,0.000752442185,16
QQQ,2025-08-19,1,2,1755614400,1755633600,2025-08-19 10:40,2025-08-19 16:00,570.9575000000,569.2800000000,session,572.5800000000;569.3350000000,-0.002929995354,-0.003129995354,-0.001573819325,64
QQQ,2025-08-20,1,2,1755697800,1755706800,2025-08-20 09:50,2025-08-20 12:20,562.5150000000,564.3600000000,target,564.3700000000;560.6600000000,0.003290823081,0.003090823081,0.001550879853,31
QQQ,2025-08-20,1,1,1755707100,1755717900,2025-08-20 12:25,2025-08-20 15:25,564.5500000000,566.4100000000,target,564.5500000000,0.003294659463,0.003094659463,0.000776402416,37
QQQ,2025-08-22,-1,2,1755871500,1755892800,2025-08-22 10:05,2025-08-22 16:00,571.0550000000,571.9700000000,session,570.0400000000;572.0700000000,-0.001605461767,-0.001805461767,-0.000908726336,71
QQQ,2025-08-29,1,1,1756476300,1756497600,2025-08-29 10:05,2025-08-29 16:00,570.5300000000,570.4000000000,session,570.5300000000,-0.000227858307,-0.000427858307,-0.000107545376,71
QQQ,2025-09-02,-1,1,1756821300,1756824600,2025-09-02 09:55,2025-09-02 10:50,564.9800000000,562.4200000000,target,564.9800000000,0.004531133845,0.004331133845,0.001088507523,12
QQQ,2025-09-04,-1,1,1757013300,1757016000,2025-09-04 15:15,2025-09-04 16:00,574.5000000000,575.2300000000,session,574.5000000000,-0.001270670148,-0.001470670148,-0.000370144798,9
QQQ,2025-09-05,1,2,1757082000,1757102400,2025-09-05 10:20,2025-09-05 16:00,574.3200000000,576.0600000000,session,576.0800000000;572.5600000000,0.003039089532,0.002839089532,0.001428408758,68
QQQ,2025-09-10,1,1,1757530200,1757534400,2025-09-10 14:50,2025-09-10 16:00,580.0500000000,580.7000000000,session,580.0500000000,0.001120593052,0.000920593052,0.000232023694,14
QQQ,2025-09-17,1,1,1758127200,1758132000,2025-09-17 12:40,2025-09-17 14:00,587.6900000000,589.4880000000,target,587.6900000000,0.003059436097,0.002859436097,0.000720905416,17
QQQ,2025-09-17,1,1,1758132900,1758133500,2025-09-17 14:15,2025-09-17 14:25,586.2600000000,588.4700000000,target,586.2600000000,0.003769658513,0.003569658513,0.000899962813,3
QQQ,2025-09-17,1,1,1758134100,1758135900,2025-09-17 14:35,2025-09-17 15:05,587.4000000000,589.3700000000,target,587.4000000000,0.003353762343,0.003153762343,0.000795109342,7
QQQ,2025-09-22,-1,1,1758557700,1758571200,2025-09-22 12:15,2025-09-22 16:00,601.1500000000,602.2000000000,session,601.1500000000,-0.001746652250,-0.001946652250,-0.000492347026,45
QQQ,2025-09-23,1,1,1758648900,1758657600,2025-09-23 13:35,2025-09-23 16:00,599.1000000000,598.1710000000,session,599.1000000000,-0.001550659322,-0.001750659322,-0.000442489210,29
QQQ,2025-09-24,1,1,1758729000,1758744000,2025-09-24 11:50,2025-09-24 16:00,595.8000000000,596.1000000000,session,595.8000000000,0.000503524673,0.000303524673,0.000076672837,50
QQQ,2025-09-25,1,1,1758807900,1758809100,2025-09-25 09:45,2025-09-25 10:05,588.6300000000,590.8100000000,target,588.6300000000,0.003703514941,0.003503514941,0.000885106332,5
QQQ,2025-10-01,-1,2,1759329300,1759348800,2025-10-01 10:35,2025-10-01 16:00,602.0100000000,603.2500000000,session,600.4400000000;603.5800000000,-0.002066581804,-0.002266581804,-0.001146567843,65
QQQ,2025-10-02,1,1,1759416900,1759426500,2025-10-02 10:55,2025-10-02 13:35,603.6400000000,605.3000000000,target,603.6400000000,0.002749983434,0.002549983434,0.000643989793,33
QQQ,2025-10-03,1,1,1759513800,1759521600,2025-10-03 13:50,2025-10-03 16:00,602.9500000000,603.1800000000,session,602.9500000000,0.000381457832,0.000181457832,0.000045865521,26
QQQ,2025-10-07,1,1,1759849800,1759867200,2025-10-07 11:10,2025-10-07 16:00,604.8300000000,604.5000000000,session,604.8300000000,-0.000545607857,-0.000745607857,-0.000188472226,58
QQQ,2025-10-08,-1,1,1759937100,1759953600,2025-10-08 11:25,2025-10-08 16:00,608.8100000000,611.4400000000,session,608.8100000000,-0.004319902761,-0.004519902761,-0.001142241735,55
QQQ,2025-10-09,1,1,1760031000,1760037000,2025-10-09 13:30,2025-10-09 15:10,607.8400000000,609.5900000000,target,607.8400000000,0.002879047118,0.002679047118,0.000676012098,21
QQQ,2025-10-10,1,3,1760108700,1760126400,2025-10-10 11:05,2025-10-10 16:00,602.6233333333,589.3350000000,session,604.5400000000;603.7800000000;599.5500000000,-0.022037803379,-0.022237803379,-0.016849030468,59
QQQ,2025-10-14,1,1,1760449500,1760450100,2025-10-14 09:45,2025-10-14 09:55,590.8000000000,593.0700000000,target,590.8000000000,0.003842247800,0.003642247800,0.000899424072,3
QQQ,2025-10-14,-1,1,1760457300,1760472000,2025-10-14 11:55,2025-10-14 16:00,599.6700000000,598.0000000000,session,599.6700000000,0.002784865009,0.002584865009,0.000638311817,49
QQQ,2025-10-15,1,1,1760548200,1760550900,2025-10-15 13:10,2025-10-15 13:55,598.9700000000,601.6600000000,target,598.9700000000,0.004491042957,0.004291042957,0.001061838363,10
QQQ,2025-10-16,1,1,1760632500,1760634000,2025-10-16 12:35,2025-10-16 13:00,598.4400000000,602.2900000000,target,598.4400000000,0.006433393490,0.006233393490,0.001544688243,6
QQQ,2025-10-16,1,2,1760637300,1760644800,2025-10-16 13:55,2025-10-16 16:00,597.9800000000,599.9900000000,session,600.1800000000;595.7800000000,0.003374897542,0.003174897542,0.001573533554,25
QQQ,2025-10-17,-1,1,1760718300,1760731200,2025-10-17 12:25,2025-10-17 16:00,602.6800000000,603.9110000000,session,602.6800000000,-0.002042543307,-0.002242543307,-0.000558052335,43
QQQ,2025-10-20,-1,1,1760975400,1760990400,2025-10-20 11:50,2025-10-20 16:00,612.3200000000,611.5600000000,session,612.3200000000,0.001241181082,0.001041181082,0.000258902114,50
QQQ,2025-10-22,1,2,1761146700,1761163200,2025-10-22 11:25,2025-10-22 16:00,603.3750000000,605.4900000000,session,605.8100000000;600.9400000000,0.003521626472,0.003321626472,0.001652497524,55
QQQ,2025-10-23,-1,1,1761236100,1761249600,2025-10-23 12:15,2025-10-23 16:00,609.8600000000,610.5800000000,session,609.8600000000,-0.001180598826,-0.001380598826,-0.000344182016,45
QQQ,2025-10-29,1,1,1761763500,1761764100,2025-10-29 14:45,2025-10-29 14:55,630.7700000000,633.7500000000,target,630.7700000000,0.004724384482,0.004524384482,0.001127405816,3
QQQ,2025-10-30,1,1,1761852300,1761854400,2025-10-30 15:25,2025-10-30 16:00,626.9600000000,626.0500000000,session,626.9600000000,-0.001451448258,-0.001651448258,-0.000412135682,7
QQQ,2025-10-31,1,1,1761927600,1761938700,2025-10-31 12:20,2025-10-31 15:25,628.4400000000,631.1500000000,target,628.4400000000,0.004312265292,0.004112265292,0.001025692623,38
QQQ,2025-11-03,1,1,1762184100,1762190100,2025-11-03 10:35,2025-11-03 12:15,630.1900000000,632.6600000000,target,630.1900000000,0.003919452863,0.003719452863,0.000928987928,21
QQQ,2025-11-05,-1,1,1762361100,1762376400,2025-11-05 11:45,2025-11-05 16:00,623.9300000000,623.3500000000,session,623.9300000000,0.000929591461,0.000729591461,0.000182452100,51
QQQ,2025-11-06,1,1,1762441500,1762442700,2025-11-06 10:05,2025-11-06 10:25,615.5500000000,618.2800000000,target,615.5500000000,0.004435058078,0.004235058078,0.001059336901,5
QQQ,2025-11-06,1,2,1762443300,1762462800,2025-11-06 10:35,2025-11-06 16:00,613.9850000000,611.6700000000,session,616.3100000000;611.6600000000,-0.003756164899,-0.003956164899,-0.001979151825,65
QQQ,2025-11-07,1,1,1762530000,1762544100,2025-11-07 10:40,2025-11-07 14:35,603.0700000000,605.8600000000,target,603.0700000000,0.004626328619,0.004426328619,0.001105823252,48
QQQ,2025-11-12,1,1,1762962900,1762981200,2025-11-12 10:55,2025-11-12 16:00,619.2500000000,621.0600000000,session,619.2500000000,0.002922890593,0.002722890593,0.000681259482,61
QQQ,2025-11-13,1,2,1763049000,1763067600,2025-11-13 10:50,2025-11-13 16:00,609.2625000000,608.4000000000,session,611.8600000000;606.6650000000,-0.001397495203,-0.001597495203,-0.000800103052,62
QQQ,2025-11-14,-1,2,1763132400,1763154000,2025-11-14 10:00,2025-11-14 16:00,608.3900000000,608.8600000000,session,605.1400000000;611.6400000000,-0.000801090262,-0.001001090262,-0.000500860557,72
QQQ,2025-11-17,-1,1,1763391300,1763391900,2025-11-17 09:55,2025-11-17 10:05,612.0900000000,609.1800000000,target,612.0900000000,0.004754202813,0.004554202813,0.001138507838,3
QQQ,2025-11-17,1,1,1763409600,1763413200,2025-11-17 15:00,2025-11-17 16:00,600.4400000000,603.6600000000,session,600.4400000000,0.005362733995,0.005162733995,0.001290634906,12
QQQ,2025-11-18,1,1,1763478300,1763483100,2025-11-18 10:05,2025-11-18 11:25,592.9101000000,596.5100000000,target,592.9101000000,0.006071578136,0.005871578136,0.001472593570,17
QQQ,2025-11-19,-1,1,1763564400,1763568000,2025-11-19 10:00,2025-11-19 11:00,603.8900000000,600.9050000000,target,603.8900000000,0.004942953187,0.004742953187,0.001191862239,13
QQQ,2025-11-20,1,3,1763655600,1763672400,2025-11-20 11:20,2025-11-20 16:00,598.6266666667,585.6700000000,session,605.1000000000;598.1500000000;592.6300000000,-0.021572995103,-0.021772995103,-0.016440034429,56
QQQ,2025-11-21,-1,1,1763751000,1763758800,2025-11-21 13:50,2025-11-21 16:00,594.9100000000,590.0700000000,session,594.9100000000,0.008135684389,0.007935684389,0.001953832494,26
QQQ,2025-11-24,-1,1,1763999400,1764018000,2025-11-24 10:50,2025-11-24 16:00,602.1200000000,605.1600000000,session,602.1200000000,-0.005048827476,-0.005248827476,-0.001295724081,62
QQQ,2025-12-11,1,1,1765464900,1765466100,2025-12-11 09:55,2025-12-11 10:15,618.7700000000,621.7100000000,target,618.7700000000,0.004751361572,0.004551361572,0.001121582074,5
QQQ,2025-12-12,1,1,1765553400,1765573200,2025-12-12 10:30,2025-12-12 16:00,616.2600000000,613.6200000000,session,616.2600000000,-0.004283906144,-0.004483906144,-0.001106635536,66
QQQ,2025-12-15,1,1,1765811100,1765832400,2025-12-15 10:05,2025-12-15 16:00,612.7300000000,610.5400000000,session,612.7300000000,-0.003574168068,-0.003774168068,-0.000930078783,71
QQQ,2025-12-17,1,2,1765986000,1766005200,2025-12-17 10:40,2025-12-17 16:00,605.1850000000,600.4100000000,session,607.6900000000;602.6800000000,-0.007873150959,-0.008073150959,-0.003973972520,64
QQQ,2025-12-19,-1,1,1766168400,1766178000,2025-12-19 13:20,2025-12-19 16:00,617.3100000000,617.0500000000,session,617.3100000000,0.000421182226,0.000221182226,0.000054144991,32
QQQ,2025-12-31,1,1,1767211800,1767214800,2025-12-31 15:10,2025-12-31 16:00,615.4800000000,614.3100000000,session,615.4800000000,-0.001900955352,-0.002100955352,-0.000514347819,10
QQQ,2026-01-02,1,1,1767367500,1767368700,2026-01-02 10:25,2026-01-02 10:45,615.2700000000,617.6200000000,target,615.2700000000,0.003819461375,0.003619461375,0.000885482076,5
QQQ,2026-01-02,1,2,1767369300,1767387600,2026-01-02 10:55,2026-01-02 16:00,613.2350000000,613.1200000000,session,615.1300000000;611.3400000000,-0.000177982619,-0.000377982619,-0.000184942896,61
QQQ,2026-01-06,-1,1,1767728100,1767733200,2026-01-06 14:35,2026-01-06 16:00,623.4950000000,623.6250000000,session,623.4950000000,-0.000208502073,-0.000408502073,-0.000100033262,17
QQQ,2026-01-07,-1,1,1767805200,1767816900,2026-01-07 12:00,2026-01-07 15:15,627.3100000000,624.9400000000,target,627.3100000000,0.003778036378,0.003578036378,0.000876063881,40
QQQ,2026-01-08,1,1,1767884400,1767885900,2026-01-08 10:00,2026-01-08 10:25,618.6000000000,620.7600000000,target,618.6000000000,0.003491755577,0.003291755577,0.000806930756,6
QQQ,2026-01-08,1,1,1767890100,1767906000,2026-01-08 11:35,2026-01-08 16:00,618.8700000000,620.4700000000,session,618.8700000000,0.002585357183,0.002385357183,0.000584739064,53
QQQ,2026-01-09,-1,1,1767975000,1767992400,2026-01-09 11:10,2026-01-09 16:00,625.4900000000,626.6950000000,session,625.4900000000,-0.001926489632,-0.002126489632,-0.000522267532,58
QQQ,2026-01-12,-1,1,1768231500,1768251600,2026-01-12 10:25,2026-01-12 16:00,626.4100000000,627.1700000000,session,626.4100000000,-0.001213262879,-0.001413262879,-0.000346852445,67
QQQ,2026-01-14,1,1,1768403100,1768403700,2026-01-14 10:05,2026-01-14 10:15,617.8300000000,620.6400000000,target,617.8300000000,0.004548176683,0.004348176683,0.001066655930,3
QQQ,2026-01-14,1,1,1768405500,1768424400,2026-01-14 10:45,2026-01-14 16:00,617.8500000000,619.5500000000,session,617.8500000000,0.002751476896,0.002551476896,0.000625905560,63
QQQ,2026-01-15,1,1,1768508400,1768510800,2026-01-15 15:20,2026-01-15 16:00,621.4600000000,621.7800000000,session,621.4600000000,0.000514916487,0.000314916487,0.000077430176,8
QQQ,2026-01-16,1,1,1768576800,1768597200,2026-01-16 10:20,2026-01-16 16:00,620.9000000000,621.0550000000,session,620.9000000000,0.000249637623,0.000049637623,0.000012205945,68
QQQ,2026-01-20,-1,1,1768927200,1768929900,2026-01-20 11:40,2026-01-20 12:25,614.9400000000,612.7700000000,target,614.9400000000,0.003528799558,0.003328799558,0.000818568950,10
QQQ,2026-01-21,-1,1,1769009700,1769013900,2026-01-21 10:35,2026-01-21 11:45,614.6900000000,611.8300000000,target,614.6900000000,0.004652751794,0.004452751794,0.001096169553,15
QQQ,2026-01-21,-1,2,1769023800,1769029200,2026-01-21 14:30,2026-01-21 16:00,617.3250000000,616.2800000000,session,615.0800000000;619.5700000000,0.001679584360,0.001479584360,0.000728482252,18
QQQ,2026-01-23,-1,1,1769183400,1769190900,2026-01-23 10:50,2026-01-23 12:55,624.5800000000,621.7900000000,target,624.5800000000,0.004467001825,0.004267001825,0.001053037260,26
QQQ,2026-01-29,1,3,1769698500,1769707500,2026-01-29 09:55,2026-01-29 12:25,623.0933333333,625.7600000000,target,628.0200000000;622.7700000000;618.4900000000,0.004318984370,0.004118984370,0.003053863219,31
QQQ,2026-01-29,1,2,1769707800,1769720400,2026-01-29 12:30,2026-01-29 16:00,624.6250000000,629.3700000000,session,625.6000000000;623.6500000000,0.007599012973,0.007399012973,0.003657143209,42
QQQ,2026-01-30,1,1,1769797200,1769799300,2026-01-30 13:20,2026-01-30 13:55,620.4800000000,622.9250000000,target,620.4800000000,0.003940497679,0.003740497679,0.000932783754,8
QQQ,2026-01-30,1,1,1769804100,1769806800,2026-01-30 15:15,2026-01-30 16:00,620.4000000000,621.8700000000,session,620.4000000000,0.002369439072,0.002169439072,0.000541002213,9
QQQ,2026-02-02,-1,2,1770043800,1770066000,2026-02-02 09:50,2026-02-02 16:00,625.9500000000,626.1400000000,session,623.5800000000;628.3200000000,-0.000317878829,-0.000517878829,-0.000258800104,74
QQQ,2026-02-03,1,3,1770130500,1770152400,2026-02-03 09:55,2026-02-03 16:00,617.6700000000,616.5200000000,session,623.0700000000;617.2600000000;612.6800000000,-0.001814587712,-0.002014587712,-0.001509606514,73
QQQ,2026-02-04,1,1,1770217500,1770218700,2026-02-04 10:05,2026-02-04 10:25,609.3200000000,612.0700000000,target,609.3200000000,0.004513227861,0.004313227861,0.001075184317,5
QQQ,2026-02-04,1,2,1770220800,1770238800,2026-02-04 11:00,2026-02-04 16:00,606.2050000000,605.7500000000,session,609.4100000000;603.0000000000,-0.000722639109,-0.000922639109,-0.000459983628,60
QQQ,2026-02-06,-1,1,1770395100,1770411600,2026-02-06 11:25,2026-02-06 16:00,606.2400000000,609.6500000000,session,606.2400000000,-0.005624835049,-0.005824835049,-0.001453186236,55
QQQ,2026-02-09,-1,1,1770653700,1770670800,2026-02-09 11:15,2026-02-09 16:00,614.1300000000,614.5066000000,session,614.1300000000,-0.000613225213,-0.000813225213,-0.000202490395,57
QQQ,2026-02-11,1,1,1770823200,1770825300,2026-02-11 10:20,2026-02-11 10:55,609.5100000000,612.5800000000,target,609.5100000000,0.005036832866,0.004836832866,0.001204028958,8
QQQ,2026-02-11,1,1,1770829500,1770831000,2026-02-11 12:05,2026-02-11 12:30,609.9300000000,613.2800000000,target,609.9300000000,0.005492433558,0.005292433558,0.001317441275,6
QQQ,2026-02-12,1,2,1770911100,1770930000,2026-02-12 10:45,2026-02-12 16:00,605.1825000000,600.6400000000,session,608.4200000000;601.9450000000,-0.007477595756,-0.007677595756,-0.003835261494,63
QQQ,2026-02-18,-1,1,1771429500,1771443600,2026-02-18 10:45,2026-02-18 14:40,608.2700000000,605.0000000000,target,608.2700000000,0.005375902149,0.005175902149,0.001286166519,48
QQQ,2026-02-20,-1,1,1771599900,1771621200,2026-02-20 10:05,2026-02-20 16:00,606.4300000000,608.8100000000,session,606.4300000000,-0.003924607951,-0.004124607951,-0.001026697396,71
QQQ,2026-02-23,1,1,1771862700,1771880400,2026-02-23 11:05,2026-02-23 16:00,600.0300000000,601.4100000000,session,600.0300000000,0.002299885006,0.002099885006,0.000521984719,59
QQQ,2026-02-24,-1,1,1771953000,1771966800,2026-02-24 12:10,2026-02-24 16:00,608.3100000000,607.8200000000,session,608.3100000000,0.000805510348,0.000605510348,0.000150621764,46
QQQ,2026-02-26,1,2,1772118900,1772135700,2026-02-26 10:15,2026-02-26 14:55,606.5750000000,609.4800000000,target,608.9400000000;604.2100000000,0.004804459954,0.004604459954,0.002291197377,57
QQQ,2026-02-26,1,1,1772136000,1772139600,2026-02-26 15:00,2026-02-26 16:00,608.7800000000,609.2400000000,session,608.7800000000,0.000755609580,0.000555609580,0.000138236756,12
QQQ,2026-03-02,-1,1,1772463000,1772485200,2026-03-02 09:50,2026-03-02 16:00,604.9000000000,608.0900000000,session,604.9000000000,-0.005273598942,-0.005473598942,-0.001366274760,74
QQQ,2026-03-03,-1,1,1772562900,1772571600,2026-03-03 13:35,2026-03-03 16:00,602.3100000000,601.5800000000,session,602.3100000000,0.001212000465,0.001012000465,0.000252146344,29
QQQ,2026-03-04,-1,1,1772638200,1772658000,2026-03-04 10:30,2026-03-04 16:00,610.9800000000,610.7500000000,session,610.9800000000,0.000376444401,0.000176444401,0.000043977073,66
QQQ,2026-03-09,-1,1,1773073800,1773086400,2026-03-09 12:30,2026-03-09 16:00,600.4500000000,607.7600000000,session,600.4500000000,-0.012174202681,-0.012374202681,-0.003084332634,42
QQQ,2026-03-13,1,1,1773424200,1773432000,2026-03-13 13:50,2026-03-13 16:00,592.9800000000,593.7200000000,session,592.9800000000,0.001247934163,0.001047934163,0.000260125500,26
QQQ,2026-03-20,1,1,1774027800,1774036800,2026-03-20 13:30,2026-03-20 16:00,585.0500000000,582.0600000000,session,585.0500000000,-0.005110674301,-0.005310674301,-0.001318712961,30
QQQ,2026-03-26,1,1,1774547700,1774555200,2026-03-26 13:55,2026-03-26 16:00,575.8700000000,573.7900000000,session,575.8700000000,-0.003611926303,-0.003811926303,-0.000944877751,25
QQQ,2026-03-27,1,1,1774632600,1774641600,2026-03-27 13:30,2026-03-27 16:00,564.1700000000,562.5800000000,session,564.1700000000,-0.002818299449,-0.003018299449,-0.000747207578,30
QQQ,2026-03-30,1,1,1774891200,1774900800,2026-03-30 13:20,2026-03-30 16:00,560.7100000000,558.3500000000,session,560.7100000000,-0.004208949368,-0.004408949368,-0.001090377526,32
QQQ,2026-03-31,-1,1,1774975200,1774987200,2026-03-31 12:40,2026-03-31 16:00,571.1900000000,577.1800000000,session,571.1900000000,-0.010486878272,-0.010686878272,-0.002639088245,40
QQQ,2026-04-02,-1,1,1775140800,1775160000,2026-04-02 10:40,2026-04-02 16:00,584.6800000000,584.9800000000,session,584.6800000000,-0.000513101184,-0.000713101184,-0.000175470600,64
QQQ,2026-04-07,1,1,1775574600,1775577600,2026-04-07 11:10,2026-04-07 12:00,578.9900000000,582.4550000000,target,578.9900000000,0.005984559319,0.005784559319,0.001423050258,11
QQQ,2026-04-14,-1,1,1776187200,1776196800,2026-04-14 13:20,2026-04-14 16:00,627.2250000000,628.5670000000,session,627.2250000000,-0.002139583084,-0.002339583084,-0.000576666903,32
QQQ,2026-04-15,-1,1,1776279600,1776283200,2026-04-15 15:00,2026-04-15 16:00,635.8099000000,637.4000000000,session,635.8099000000,-0.002500904752,-0.002700904752,-0.000665207292,12
QQQ,2026-04-23,1,1,1776966300,1776967500,2026-04-23 13:45,2026-04-23 14:05,647.3900000000,650.9200000000,target,647.3900000000,0.005452663773,0.005252663773,0.001292516697,5
QQQ,2026-04-30,1,1,1777557300,1777561500,2026-04-30 09:55,2026-04-30 11:05,659.5500000000,662.7200000000,target,659.5500000000,0.004806307331,0.004606307331,0.001135453117,15
QQQ,2026-05-01,-1,1,1777644000,1777665600,2026-05-01 10:00,2026-05-01 16:00,674.9800000000,674.1800000000,session,674.9800000000,0.001185220303,0.000985220303,0.000243229344,72
QQQ,2026-05-06,-1,1,1778091900,1778097600,2026-05-06 14:25,2026-05-06 16:00,693.4900000000,695.6000000000,session,693.4900000000,-0.003042581724,-0.003242581724,-0.000800785404,19
QQQ,2026-05-08,-1,1,1778250300,1778270400,2026-05-08 10:25,2026-05-08 16:00,706.3700000000,711.2300000000,session,706.3700000000,-0.006880246896,-0.007080246896,-0.001746642223,67
QQQ,2026-05-12,1,1,1778598900,1778616000,2026-05-12 11:15,2026-05-12 16:00,702.1000000000,707.2400000000,session,702.1000000000,0.007320894459,0.007120894459,0.001752523778,57
QQQ,2026-05-13,-1,1,1778696400,1778702400,2026-05-13 14:20,2026-05-13 16:00,716.1600000000,714.7100000000,session,716.1600000000,0.002024687221,0.001824687221,0.000450139821,20
QQQ,2026-05-14,-1,1,1778771700,1778788800,2026-05-14 11:15,2026-05-14 16:00,720.8600000000,719.7900000000,session,720.8600000000,0.001484338152,0.001284338152,0.000317031531,57
QQQ,2026-05-18,1,2,1779114900,1779134400,2026-05-18 10:35,2026-05-18 16:00,701.6250000000,705.7199000000,session,703.9200000000;699.3300000000,0.005847070427,0.005647070427,0.002789087638,65
QQQ,2026-05-19,-1,1,1779211200,1779216900,2026-05-19 13:20,2026-05-19 14:55,705.9050000000,702.8100000000,target,705.9050000000,0.004384442666,0.004184442666,0.001037238210,20
QQQ,2026-05-20,-1,1,1779290400,1779307200,2026-05-20 11:20,2026-05-20 16:00,711.3301000000,713.1500000000,session,711.3301000000,-0.002558446493,-0.002758446493,-0.000684716491,56
QQQ,2026-05-21,-1,1,1779385500,1779389700,2026-05-21 13:45,2026-05-21 14:55,715.6550000000,711.2200000000,target,715.6550000000,0.006197120121,0.005997120121,0.001487268780,15
QQQ,2026-05-27,1,1,1779892200,1779900600,2026-05-27 10:30,2026-05-27 12:50,726.3200000000,729.5000000000,target,726.3200000000,0.004378235488,0.004178235488,0.001038261937,29
QQQ,2026-05-27,1,1,1779901800,1779906300,2026-05-27 13:10,2026-05-27 14:25,725.8900000000,729.2400000000,target,725.8900000000,0.004615024315,0.004415024315,0.001097102283,16
QQQ,2026-05-28,-1,1,1779985500,1779998400,2026-05-28 12:25,2026-05-28 16:00,735.8700000000,735.6000000000,session,735.8700000000,0.000366912634,0.000166912634,0.000041595414,43
QQQ,2026-06-01,-1,1,1780333200,1780344000,2026-06-01 13:00,2026-06-01 16:00,742.9400000000,742.7400000000,session,742.9400000000,0.000269200743,0.000069200743,0.000017246110,36
QQQ,2026-06-04,-1,1,1780594200,1780603200,2026-06-04 13:30,2026-06-04 16:00,741.3800000000,740.6100000000,session,741.3800000000,0.001038603685,0.000838603685,0.000209000435,30
QQQ,2026-06-05,1,1,1780668000,1780669200,2026-06-05 10:00,2026-06-05 10:20,723.7400000000,727.8200000000,target,723.7400000000,0.005637383591,0.005437383591,0.001355507043,5
QQQ,2026-06-05,1,3,1780672200,1780689600,2026-06-05 11:10,2026-06-05 16:00,718.1565666667,705.0600000000,session,723.7497000000;718.1100000000;712.6100000000,-0.018196996423,-0.018396996423,-0.013758781851,58
QQQ,2026-06-09,1,3,1781014800,1781035200,2026-06-09 10:20,2026-06-09 16:00,708.2366666667,707.8950000000,session,715.1000000000;707.8500000000;701.7600000000,-0.000423212021,-0.000623212021,-0.000458359161,68
QQQ,2026-06-10,-1,1,1781101500,1781103000,2026-06-10 10:25,2026-06-10 10:50,710.4800000000,706.1400000000,target,710.4800000000,0.006108546335,0.005908546335,0.001447633896,6
QQQ,2026-06-11,-1,1,1781199300,1781208000,2026-06-11 13:35,2026-06-11 16:00,710.1800000000,717.1200000000,session,710.1800000000,-0.009772170436,-0.009972170436,-0.002448061358,29
QQQ,2026-06-16,1,1,1781625000,1781640000,2026-06-16 11:50,2026-06-16 16:00,733.0600000000,729.8600000000,session,733.0600000000,-0.004365263416,-0.004565263416,-0.001116998072,50
QQQ,2026-06-17,1,1,1781724300,1781726400,2026-06-17 15:25,2026-06-17 16:00,725.2600000000,722.5100000000,session,725.2600000000,-0.003791743651,-0.003991743651,-0.000975186841,7
QQQ,2026-06-24,1,1,1782327600,1782331200,2026-06-24 15:00,2026-06-24 16:00,706.4300000000,710.7600000000,session,706.4300000000,0.006129411265,0.005929411265,0.001446633488,12
QQQ,2026-06-25,1,2,1782395100,1782399300,2026-06-25 09:45,2026-06-25 10:55,711.1800000000,716.6900000000,target,716.5200000000;705.8400000000,0.007804506748,0.007604506748,0.003717966811,15
QQQ,2026-06-25,1,1,1782399600,1782404100,2026-06-25 11:00,2026-06-25 12:15,713.4600000000,718.0800000000,target,713.4600000000,0.006475485661,0.006275485661,0.001534093412,16
QQQ,2026-06-25,1,1,1782404700,1782417600,2026-06-25 12:25,2026-06-25 16:00,716.4500000000,716.1200000000,session,716.4500000000,-0.000460604369,-0.000660604369,-0.000161490101,43
QQQ,2026-06-29,-1,1,1782755400,1782763200,2026-06-29 13:50,2026-06-29 16:00,723.2600000000,724.0800000000,session,723.2600000000,-0.001133755496,-0.001333755496,-0.000328310550,26
QQQ,2026-06-30,-1,1,1782830100,1782849600,2026-06-30 10:35,2026-06-30 16:00,733.7400000000,736.4000000000,session,733.7400000000,-0.003625262355,-0.003825262355,-0.000941188732,65
QQQ,2026-07-02,1,2,1783005000,1783022400,2026-07-02 11:10,2026-07-02 16:00,712.1900000000,712.6044000000,session,716.5600000000;707.8200000000,0.000619541058,0.000419541058,0.000206189165,58
QQQ,2026-07-15,1,1,1784126400,1784145600,2026-07-15 10:40,2026-07-15 16:00,715.2800000000,717.7400000000,session,715.2800000000,0.003439212616,0.003239212616,0.000796200203,64
QQQ,2026-07-17,-1,1,1784306700,1784315700,2026-07-17 12:45,2026-07-17 15:15,700.4100000000,695.2000000000,target,700.4100000000,0.007438500307,0.007238500307,0.001781148366,31
QQQ,2026-07-27,1,1,1785161700,1785182400,2026-07-27 10:15,2026-07-27 16:00,683.5000000000,682.2300000000,session,683.5000000000,-0.001858083394,-0.002058083394,-0.000507646138,69
QQQ,2026-07-28,1,1,1785248400,1785250200,2026-07-28 10:20,2026-07-28 10:50,668.1000000000,673.8400000000,target,668.1000000000,0.008591528214,0.008391528214,0.002068431469,7
QQQ,2026-07-29,1,1,1785335400,1785348300,2026-07-29 10:30,2026-07-29 14:05,667.2700000000,672.8000000000,target,667.2700000000,0.008287499813,0.008087499813,0.001999067521,44
QQQ,2026-07-30,-1,1,1785421800,1785424500,2026-07-30 10:30,2026-07-30 11:15,683.2600000000,678.4300000000,target,683.2600000000,0.007069051313,0.006869051313,0.001702468756,10
QQQ,2026-07-30,-1,1,1785438600,1785441600,2026-07-30 15:10,2026-07-30 16:00,684.0900000000,683.5500000000,session,684.0900000000,0.000789369820,0.000589369820,0.000146073112,10
QQQ,2026-07-31,1,1,1785507000,1785509400,2026-07-31 10:10,2026-07-31 10:50,681.7500000000,686.1900000000,target,681.7500000000,0.006512651265,0.006312651265,0.001568456813,9
QQQ,2026-07-31,1,1,1785511500,1785515700,2026-07-31 11:25,2026-07-31 12:35,682.8600000000,687.2401000000,target,682.8600000000,0.006414345547,0.006214345547,0.001544031533,15
QQQ,2026-08-03,-1,1,1785768900,1785787200,2026-08-03 10:55,2026-08-03 16:00,697.1000000000,700.0700000000,session,697.1000000000,-0.004260507818,-0.004460507818,-0.001112896470,61
QQQ,2026-08-04,-1,2,1785855900,1785873600,2026-08-04 11:05,2026-08-04 16:00,720.9825000000,723.8500000000,session,716.7050000000;725.2600000000,-0.004012551911,-0.004212551911,-0.002098937545,59
QQQ,2026-08-13,-1,1,1786631400,1786651200,2026-08-13 10:30,2026-08-13 16:00,732.9500000000,732.0700000000,session,732.9500000000,0.001200627601,0.001000627601,0.000248585251,66
QQQ,2026-08-19,1,1,1787148900,1787150400,2026-08-19 10:15,2026-08-19 10:40,712.7500000000,717.1900000000,target,712.7500000000,0.006229393195,0.006029393195,0.001498377759,6
QQQ,2026-09-03,-1,1,1788449100,1788465600,2026-09-03 11:25,2026-09-03 16:00,716.4000000000,717.6700000000,session,716.4000000000,-0.001772752652,-0.001972752652,-0.000491238408,55
QQQ,2026-09-14,-1,1,1789400100,1789416000,2026-09-14 11:35,2026-09-14 16:00,709.4899000000,709.2600000000,session,709.4899000000,0.000324035621,0.000124035621,0.000030866005,53
QQQ,2026-09-16,1,1,1789586100,1789588800,2026-09-16 15:15,2026-09-16 16:00,701.8550000000,704.7200000000,session,701.8550000000,0.004082039738,0.003882039738,0.000966077423,9
QQQ,2026-09-21,-1,2,1790000400,1790020800,2026-09-21 10:20,2026-09-21 16:00,736.1800000000,741.3200000000,session,733.7500000000;738.6100000000,-0.006992959726,-0.007192959726,-0.003584686663,68
QQQ,2026-09-22,-1,1,1790101500,1790107200,2026-09-22 14:25,2026-09-22 16:00,746.8200000000,747.4600000000,session,746.8200000000,-0.000856966873,-0.001056966873,-0.000262112279,19
QQQ,2026-09-23,1,1,1790172600,1790193600,2026-09-23 10:10,2026-09-23 16:00,741.2400000000,741.2100000000,session,741.2400000000,-0.000040472721,-0.000240472721,-0.000059612697,70
QQQ,2026-09-24,-1,1,1790268600,1790273100,2026-09-24 12:50,2026-09-24 14:05,741.7500000000,737.8500000000,target,741.7500000000,0.005257836198,0.005057836198,0.001253726771,16
QQQ,2026-09-24,-1,1,1790276100,1790280000,2026-09-24 14:55,2026-09-24 16:00,741.2080000000,741.0900000000,session,741.2080000000,0.000159199577,-0.000040800423,-0.000010113531,13
SPY,2021-10-14,-1,1,1634233500,1634241600,2021-10-14 13:45,2021-10-14 16:00,442.1800000000,442.5000000000,session,442.1800000000,-0.000723687186,-0.000923687186,-0.000307895729,27
SPY,2021-10-18,-1,1,1634583300,1634587200,2021-10-18 14:55,2021-10-18 16:00,446.9900000000,447.2000000000,session,446.9900000000,-0.000469809168,-0.000669809168,-0.000223200979,13
SPY,2021-10-28,-1,1,1635435900,1635440400,2021-10-28 11:45,2021-10-28 13:00,457.9200000000,456.7200000000,target,457.9200000000,0.002620545073,0.002420545073,0.000806419843,16
SPY,2021-10-29,-1,1,1635521700,1635537600,2021-10-29 11:35,2021-10-29 16:00,458.3500000000,459.2600000000,session,458.3500000000,-0.001985382350,-0.002185382350,-0.000728661345,53
SPY,2021-11-03,-1,1,1635965400,1635969600,2021-11-03 14:50,2021-11-03 16:00,463.7600000000,464.7150000000,session,463.7600000000,-0.002059254787,-0.002259254787,-0.000752743527,14
SPY,2021-11-05,1,1,1636133400,1636135200,2021-11-05 13:30,2021-11-05 14:00,466.9300000000,468.1800000000,target,466.9300000000,0.002677060801,0.002477060801,0.000824691088,7
SPY,2021-11-09,1,1,1636470000,1636472700,2021-11-09 10:00,2021-11-09 10:45,466.9500000000,467.9600000000,target,466.9500000000,0.002162972481,0.001962972481,0.000654074607,10
SPY,2021-11-09,1,1,1636473600,1636491600,2021-11-09 11:00,2021-11-09 16:00,467.2600000000,467.4200000000,session,467.2600000000,0.000342421778,0.000142421778,0.000047455820,60
SPY,2021-11-10,1,1,1636572300,1636578000,2021-11-10 14:25,2021-11-10 16:00,463.1700000000,463.6400000000,session,463.1700000000,0.001014746205,0.000814746205,0.000271669013,19
SPY,2021-11-12,-1,1,1636736100,1636750800,2021-11-12 11:55,2021-11-12 16:00,467.1300000000,467.2500000000,session,467.1300000000,-0.000256887804,-0.000456887804,-0.000152386065,49
SPY,2021-11-15,1,1,1636994700,1637010000,2021-11-15 11:45,2021-11-15 16:00,466.4800000000,467.4700000000,session,466.4800000000,0.002122277482,0.001922277482,0.000641040725,51
SPY,2021-11-16,-1,1,1637079300,1637096400,2021-11-16 11:15,2021-11-16 16:00,469.2600000000,469.2500000000,session,469.2600000000,0.000021310148,-0.000178689852,-0.000059627640,57
SPY,2021-11-18,1,1,1637248500,1637252400,2021-11-18 10:15,2021-11-18 11:20,467.1000000000,468.0200000000,target,467.1000000000,0.001969599657,0.001769599657,0.000590468709,14
SPY,2021-11-22,-1,1,1637593200,1637599800,2021-11-22 10:00,2021-11-22 11:50,472.7100000000,471.3400000000,target,472.7100000000,0.002898182818,0.002698182818,0.000900843471,23
SPY,2021-11-23,1,1,1637683200,1637684400,2021-11-23 11:00,2021-11-23 11:20,465.0650000000,466.1300000000,target,465.0650000000,0.002290002473,0.002090002473,0.000698417623,5
SPY,2021-11-23,1,1,1637687700,1637688300,2021-11-23 12:15,2021-11-23 12:25,465.2400000000,466.3400000000,target,465.2400000000,0.002364371077,0.002164371077,0.000723269433,3
SPY,2021-11-23,1,1,1637691600,1637693700,2021-11-23 13:20,2021-11-23 13:55,465.1500000000,466.8300000000,target,465.1500000000,0.003611738149,0.003411738149,0.001140102980,8
SPY,2021-11-24,-1,1,1637770800,1637787600,2021-11-24 11:20,2021-11-24 16:00,468.1800000000,469.4100000000,session,468.1800000000,-0.002627194669,-0.002827194669,-0.000947179893,56
SPY,2021-11-26,1,2,1637939100,1637949900,2021-11-26 10:05,2021-11-26 13:05,459.3325000000,459.3900000000,session,460.2800000000;458.3850000000,0.000129437245,-0.000070562755,-0.000047235967,36
SPY,2021-11-29,-1,1,1638209400,1638219600,2021-11-29 13:10,2021-11-29 16:00,466.4890000000,464.5300000000,session,466.4890000000,0.004199455936,0.003999455936,0.001338590602,34
SPY,2021-11-30,1,2,1638287700,1638306000,2021-11-30 10:55,2021-11-30 16:00,458.1225000000,455.5600000000,session,459.2650000000;456.9800000000,-0.005587297433,-0.005787297433,-0.003879102442,61
SPY,2021-12-01,-1,1,1638375300,1638378000,2021-12-01 11:15,2021-12-01 12:00,464.3100000000,462.6800000000,target,464.3100000000,0.003510585600,0.003310585600,0.001105226875,10
SPY,2021-12-01,1,1,1638382800,1638383400,2021-12-01 13:20,2021-12-01 13:30,458.8200000000,460.2500000000,target,458.8200000000,0.003116690641,0.002916690641,0.000973726486,3
SPY,2021-12-01,1,3,1638384300,1638392400,2021-12-01 13:45,2021-12-01 16:00,456.4150000000,450.5400000000,session,459.0850000000;456.4500000000;453.7100000000,-0.012849233870,-0.013049233870,-0.013069316775,27
SPY,2021-12-02,-1,1,1638456300,1638459900,2021-12-02 09:45,2021-12-02 10:45,453.9800000000,452.1950000000,target,453.9800000000,0.003931891273,0.003731891273,0.001232206617,13
SPY,2021-12-02,-1,2,1638460200,1638478800,2021-12-02 10:50,2021-12-02 16:00,455.1700000000,456.9400000000,session,453.6500000000;456.6900000000,-0.003899852145,-0.004099852145,-0.002707401997,62
SPY,2021-12-03,1,3,1638543300,1638565200,2021-12-03 09:55,2021-12-03 16:00,452.6233333333,453.2400000000,session,455.1500000000;452.3500000000;450.3700000000,0.001381207471,0.001181207471,0.001168300950,73
SPY,2021-12-06,-1,1,1638813600,1638824400,2021-12-06 13:00,2021-12-06 16:00,459.6300000000,458.6500000000,session,459.6300000000,0.002132149773,0.001932149773,0.000637765126,36
SPY,2021-12-07,-1,1,1638890100,1638910800,2021-12-07 10:15,2021-12-07 16:00,467.9700000000,468.1500000000,session,467.9700000000,-0.000384640041,-0.000584640041,-0.000193102614,69
SPY,2021-12-13,1,1,1639412400,1639429200,2021-12-13 11:20,2021-12-13 16:00,467.0500000000,466.5900000000,session,467.0500000000,-0.000984905256,-0.001184905256,-0.000391289847,56
SPY,2021-12-15,-1,1,1639599000,1639602000,2021-12-15 15:10,2021-12-15 16:00,467.0850000000,470.3500000000,session,467.0850000000,-0.006990162390,-0.007190162390,-0.002373460921,10
SPY,2021-12-16,1,2,1639674000,1639688400,2021-12-16 12:00,2021-12-16 16:00,467.2850000000,466.6800000000,session,469.4200000000;465.1500000000,-0.001273864400,-0.001473864400,-0.000970708381,48
SPY,2021-12-21,-1,1,1640111700,1640120400,2021-12-21 13:35,2021-12-21 16:00,461.9800000000,462.8600000000,session,461.9800000000,-0.001904844366,-0.002104844366,-0.000692459386,29
SPY,2021-12-22,-1,1,1640189700,1640206800,2021-12-22 11:15,2021-12-22 16:00,466.4950000000,467.7000000000,session,466.4950000000,-0.002583093066,-0.002783093066,-0.000914949728,57
SPY,2021-12-27,-1,1,1640624700,1640638800,2021-12-27 12:05,2021-12-27 16:00,475.4600000000,477.2300000000,session,475.4600000000,-0.003722710638,-0.003922710638,-0.001288405871,47
SPY,2022-01-04,1,1,1641321300,1641326100,2022-01-04 13:35,2022-01-04 14:55,476.0900000000,477.4600000000,target,476.0900000000,0.002877607175,0.002677607175,0.000878304369,17
SPY,2022-01-05,1,2,1641410100,1641416400,2022-01-05 14:15,2022-01-05 16:00,472.6375000000,468.6200000000,session,473.9100000000;471.3650000000,-0.008492984786,-0.008692984786,-0.005708007636,21
SPY,2022-01-07,1,1,1641570900,1641573900,2022-01-07 10:55,2022-01-07 11:45,465.1100000000,466.5700000000,target,465.1100000000,0.003139042377,0.002939042377,0.000959328353,11
SPY,2022-01-10,1,2,1641826500,1641831900,2022-01-10 09:55,2022-01-10 11:25,458.2250000000,459.8000000000,target,459.6150000000;456.8350000000,0.003446409557,0.003246409557,0.002121387461,19
SPY,2022-01-10,1,1,1641832500,1641840300,2022-01-10 11:35,2022-01-10 13:45,459.2700000000,461.2000000000,target,459.2700000000,0.004202321075,0.004002321075,0.001307671382,27
SPY,2022-01-11,-1,1,1641925500,1641934800,2022-01-11 13:25,2022-01-11 16:00,468.3400000000,469.7300000000,session,468.3400000000,-0.002967929282,-0.003167929282,-0.001038673013,31
SPY,2022-01-13,1,2,1642094400,1642107600,2022-01-13 12:20,2022-01-13 16:00,467.2150000000,464.8500000000,session,468.1600000000;466.2700000000,-0.005057839085,-0.005257839085,-0.003444148025,44
SPY,2022-01-14,-1,1,1642172400,1642174800,2022-01-14 10:00,2022-01-14 10:40,464.3800000000,462.6800000000,target,464.3800000000,0.003660795039,0.003460795039,0.001129523907,9
SPY,2022-01-18,1,1,1642527600,1642535400,2022-01-18 12:40,2022-01-18 14:50,456.6100000000,458.3250000000,target,456.6100000000,0.003755940518,0.003555940518,0.001161916043,27
SPY,2022-01-18,1,1,1642537200,1642539600,2022-01-18 15:20,2022-01-18 16:00,456.6678000000,456.5100000000,session,456.6678000000,-0.000345546588,-0.000545546588,-0.000178259262,8
SPY,2022-01-19,1,1,1642609500,1642611300,2022-01-19 11:25,2022-01-19 11:55,454.9000000000,456.6500000000,target,454.9000000000,0.003846999341,0.003646999341,0.001192865631,7
SPY,2022-01-19,1,1,1642620300,1642626000,2022-01-19 14:25,2022-01-19 16:00,454.8300000000,451.8200000000,session,454.8300000000,-0.006617857221,-0.006817857221,-0.002229994250,19
SPY,2022-01-20,-1,1,1642692900,1642703700,2022-01-20 10:35,2022-01-20 13:35,457.2300000000,455.4600000000,target,457.2300000000,0.003871137064,0.003671137064,0.001199491485,37
SPY,2022-01-21,1,1,1642778100,1642779300,2022-01-21 10:15,2022-01-21 10:35,441.9900000000,445.0700000000,target,441.9900000000,0.006968483450,0.006768483450,0.002214211324,5
SPY,2022-01-21,1,1,1642789500,1642798800,2022-01-21 13:25,2022-01-21 16:00,441.7500000000,438.2900000000,session,441.7500000000,-0.007832484437,-0.008032484437,-0.002627710939,31
SPY,2022-01-24,1,1,1643036700,1643038800,2022-01-24 10:05,2022-01-24 10:40,428.1700000000,429.9900000000,target,428.1700000000,0.004250648107,0.004050648107,0.001324552544,8
SPY,2022-01-24,1,2,1643039400,1643048100,2022-01-24 10:50,2022-01-24 13:15,425.6450000000,428.0700000000,target,428.2700000000;423.0200000000,0.005735487358,0.005535487358,0.003620183076,30
SPY,2022-01-24,1,1,1643048700,1643050200,2022-01-24 13:25,2022-01-24 13:50,426.9300000000,429.8400000000,target,426.9300000000,0.006816105685,0.006616105685,0.002163451227,6
SPY,2022-01-24,1,1,1643052300,1643054400,2022-01-24 14:25,2022-01-24 15:00,428.1300000000,430.3100000000,target,428.1300000000,0.005091911335,0.004891911335,0.001599643670,8
SPY,2022-01-25,1,1,1643122500,1643124600,2022-01-25 09:55,2022-01-25 10:30,428.5350000000,432.4800000000,target,428.5350000000,0.009205782492,0.009005782492,0.002971010280,8
SPY,2022-01-25,-1,1,1643138400,1643144400,2022-01-25 14:20,2022-01-25 16:00,437.2397000000,434.5900000000,session,437.2397000000,0.006060062707,0.005860062707,0.001933236402,20
SPY,2022-01-26,1,2,1643226600,1643230800,2022-01-26 14:50,2022-01-26 16:00,432.4750000000,433.0300000000,session,434.7500000000;430.2000000000,0.001311019468,0.001111019468,0.000736683771,14
SPY,2022-01-27,1,1,1643305800,1643317200,2022-01-27 12:50,2022-01-27 16:00,432.7400000000,431.3800000000,session,432.7400000000,-0.003142764709,-0.003342764709,-0.001109064490,38
SPY,2022-01-28,-1,1,1643389500,1643392500,2022-01-28 12:05,2022-01-28 12:55,437.2500000000,434.4500000000,target,437.2500000000,0.006403659234,0.006203659234,0.002055960381,11
SPY,2022-01-28,-1,1,1643401500,1643403600,2022-01-28 15:25,2022-01-28 16:00,437.6300000000,441.8800000000,session,437.6300000000,-0.009711400041,-0.009911400041,-0.003284746154,7
SPY,2022-01-31,-1,1,1643648100,1643662800,2022-01-31 11:55,2022-01-31 16:00,446.7000000000,449.7900000000,session,446.7000000000,-0.006917394224,-0.007117394224,-0.002355866879,49
SPY,2022-02-04,-1,1,1644004800,1644008400,2022-02-04 15:00,2022-02-04 16:00,451.0600000000,448.5700000000,session,451.0600000000,0.005520329890,0.005320329890,0.001756858217,12
SPY,2022-02-10,-1,1,1644505500,1644515400,2022-02-10 10:05,2022-02-10 12:50,456.3500000000,453.7300000000,target,456.3500000000,0.005741207407,0.005541207407,0.001833040553,34
SPY,2022-02-11,1,2,1644604500,1644613200,2022-02-11 13:35,2022-02-11 16:00,442.6900000000,440.3800000000,session,444.7800000000;440.6000000000,-0.005195925125,-0.005395925125,-0.003576555834,29
SPY,2022-02-17,1,1,1645126500,1645131600,2022-02-17 14:35,2022-02-17 16:00,438.9000000000,437.0800000000,session,438.9000000000,-0.004146730463,-0.004346730463,-0.001435379412,17
SPY,2022-02-18,1,1,1645206000,1645212300,2022-02-18 12:40,2022-02-18 14:25,432.8000000000,435.7000000000,target,432.8000000000,0.006700554529,0.006500554529,0.002143505971,22
SPY,2022-02-22,1,1,1645555800,1645559400,2022-02-22 13:50,2022-02-22 14:50,427.5350000000,429.9000000000,target,427.5350000000,0.005531710854,0.005331710854,0.001761898616,13
SPY,2022-02-23,1,2,1645631100,1645650000,2022-02-23 10:45,2022-02-23 16:00,425.7200000000,422.0700000000,session,428.1700000000;423.2700000000,-0.008540873768,-0.008740873768,-0.005787224482,63
SPY,2022-02-24,-1,3,1645714800,1645736400,2022-02-24 10:00,2022-02-24 16:00,420.3900000000,427.9900000000,session,415.7100000000;420.9200000000;424.5400000000,-0.018154269028,-0.018354269028,-0.018121981715,72
SPY,2022-02-25,-1,1,1645805700,1645822800,2022-02-25 11:15,2022-02-25 16:00,434.7700000000,437.5500000000,session,434.7700000000,-0.006394185431,-0.006594185431,-0.002130410421,57
SPY,2022-02-28,-1,1,1646065500,1646069100,2022-02-28 11:25,2022-02-28 12:25,437.3700000000,434.4200000000,target,437.3700000000,0.006744861330,0.006544861330,0.002109827335,13
SPY,2022-03-01,1,1,1646153400,1646168400,2022-03-01 11:50,2022-03-01 16:00,430.2400000000,429.7500000000,session,430.2400000000,-0.001138899219,-0.001338899219,-0.000432554453,50
SPY,2022-03-02,-1,1,1646238900,1646254800,2022-03-02 11:35,2022-03-02 16:00,437.7100000000,437.8500000000,session,437.7100000000,-0.000319846474,-0.000519846474,-0.000167870403,53
SPY,2022-03-03,1,1,1646322900,1646328900,2022-03-03 10:55,2022-03-03 12:35,435.4400000000,438.5000000000,target,435.4400000000,0.007027374610,0.006827374610,0.002204334517,21
SPY,2022-03-03,1,1,1646337900,1646341200,2022-03-03 15:05,2022-03-03 16:00,435.1600000000,435.7700000000,session,435.1600000000,0.001401783252,0.001201783252,0.000388016252,11
SPY,2022-03-07,1,2,1646666400,1646686800,2022-03-07 10:20,2022-03-07 16:00,424.5900000000,419.5800000000,session,426.9500000000;422.2300000000,-0.011769087323,-0.011969087323,-0.007749533974,68
SPY,2022-03-08,-1,1,1646760900,1646764800,2022-03-08 12:35,2022-03-08 13:40,424.6600000000,422.1400000000,target,424.6600000000,0.005934159092,0.005734159092,0.001841513843,14
SPY,2022-03-11,1,1,1647020400,1647032400,2022-03-11 12:40,2022-03-11 16:00,423.0950000000,420.1700000000,session,423.0950000000,-0.006913340975,-0.007113340975,-0.002288801814,40
SPY,2022-03-14,1,1,1647282300,1647288000,2022-03-14 14:25,2022-03-14 16:00,416.0500000000,416.9800000000,session,416.0500000000,0.002235308256,0.002035308256,0.000653331762,19
SPY,2022-03-15,-1,1,1647370800,1647374400,2022-03-15 15:00,2022-03-15 16:00,424.6400000000,426.0000000000,session,424.6400000000,-0.003202712886,-0.003402712886,-0.001093008211,12
SPY,2022-03-17,-1,1,1647538200,1647547200,2022-03-17 13:30,2022-03-17 16:00,438.6900000000,440.9000000000,session,438.6900000000,-0.005037725957,-0.005237725957,-0.001680536765,30
SPY,2022-03-18,-1,1,1647630300,1647633600,2022-03-18 15:05,2022-03-18 16:00,442.9200000000,444.3300000000,session,442.9200000000,-0.003183419128,-0.003383419128,-0.001083682712,11
SPY,2022-04-05,1,1,1649186100,1649188800,2022-04-05 15:15,2022-04-05 16:00,451.4100000000,451.1500000000,session,451.4100000000,-0.000575973062,-0.000775973062,-0.000248257806,9
SPY,2022-04-07,-1,1,1649358300,1649361600,2022-04-07 15:05,2022-04-07 16:00,449.7300000000,448.7900000000,session,449.7300000000,0.002090142975,0.001890142975,0.000604558841,11
SPY,2022-04-12,1,1,1649787300,1649793600,2022-04-12 14:15,2022-04-12 16:00,439.1700000000,438.1200000000,session,439.1700000000,-0.002390873694,-0.002590873694,-0.000829208417,21
SPY,2022-04-13,-1,1,1649867100,1649880000,2022-04-13 12:25,2022-04-13 16:00,441.8718000000,443.3000000000,session,441.8718000000,-0.003232159192,-0.003432159192,-0.001097512952,43
SPY,2022-04-14,1,1,1649954700,1649959500,2022-04-14 12:45,2022-04-14 14:05,439.6100000000,441.6700000000,target,439.6100000000,0.004685971657,0.004485971657,0.001432852929,17
SPY,2022-04-14,1,1,1649962500,1649966400,2022-04-14 14:55,2022-04-14 16:00,439.7400000000,437.8300000000,session,439.7400000000,-0.004343475690,-0.004543475690,-0.001451220148,13
SPY,2022-04-19,-1,2,1650376800,1650398400,2022-04-19 10:00,2022-04-19 16:00,443.1750000000,445.0700000000,session,441.4000000000;444.9500000000,-0.004292073617,-0.004492073617,-0.002869548877,72
SPY,2022-04-21,1,3,1650556800,1650571200,2022-04-21 12:00,2022-04-21 16:00,441.4300333333,438.1300000000,session,444.7100000000;441.5100000000;438.0701000000,-0.007438322976,-0.007638322976,-0.007297153782,48
SPY,2022-04-22,1,2,1650637500,1650657600,2022-04-22 10:25,2022-04-22 16:00,431.3807000000,425.9600000000,session,433.2200000000;429.5414000000,-0.012547979285,-0.012747979285,-0.008057040657,67
SPY,2022-04-25,1,1,1650901800,1650903000,2022-04-25 11:50,2022-04-25 12:10,418.9300000000,421.1500000000,target,418.9300000000,0.005299214666,0.005099214666,0.001597720525,5
SPY,2022-04-26,1,2,1650983100,1651003200,2022-04-26 10:25,2022-04-26 16:00,419.8200000000,416.5900000000,session,421.8200000000;417.8200000000,-0.007671252437,-0.007871252437,-0.004940932442,67
SPY,2022-04-27,-1,1,1651067400,1651068600,2022-04-27 09:50,2022-04-27 10:10,421.3800000000,419.0686000000,target,421.3800000000,0.005485310171,0.005285310171,0.001650139260,5
SPY,2022-04-27,-1,1,1651076700,1651086000,2022-04-27 12:25,2022-04-27 15:00,421.6200000000,418.7100000000,target,421.6200000000,0.006901949623,0.006701949623,0.002092431633,32
SPY,2022-04-28,1,1,1651156500,1651158600,2022-04-28 10:35,2022-04-28 11:10,418.0200000000,420.6600000000,target,418.0200000000,0.006315487297,0.006115487297,0.001916960050,8
SPY,2022-04-28,-1,1,1651166100,1651176000,2022-04-28 13:15,2022-04-28 16:00,427.0600000000,427.7500000000,session,427.0600000000,-0.001615698028,-0.001815698028,-0.000569148526,33
SPY,2022-04-29,1,2,1651248300,1651262400,2022-04-29 12:05,2022-04-29 16:00,417.1250000000,412.5100000000,session,419.2100000000;415.0400000000,-0.011039120581,-0.011239120581,-0.007056126086,47
SPY,2022-05-02,1,1,1651513800,1651518900,2022-05-02 13:50,2022-05-02 15:15,407.0700000000,410.3900000000,target,407.0700000000,0.008155845432,0.007955845432,0.002478700375,18
SPY,2022-05-04,-1,2,1651690200,1651694400,2022-05-04 14:50,2022-05-04 16:00,423.9500000000,428.9500000000,session,421.7700000000;426.1300000000,-0.011820597521,-0.012020597521,-0.007510069384,14
SPY,2022-05-05,1,3,1651759800,1651780800,2022-05-05 10:10,2022-05-05 16:00,414.7616666667,413.8400000000,session,419.4850000000;414.5300000000;410.2700000000,-0.002139975329,-0.002339975329,-0.002175334718,70
SPY,2022-05-09,1,1,1652118900,1652123700,2022-05-09 13:55,2022-05-09 15:15,399.7800000000,402.3300000000,target,399.7800000000,0.006378508179,0.006178508179,0.001910116054,17
SPY,2022-05-09,1,1,1652124300,1652126400,2022-05-09 15:25,2022-05-09 16:00,399.9600000000,398.2500000000,session,399.9600000000,-0.004275427543,-0.004475427543,-0.001383600337,7
SPY,2022-05-10,1,1,1652194200,1652205000,2022-05-10 10:50,2022-05-10 13:50,399.2000000000,402.4500000000,target,399.2000000000,0.008141282565,0.007941282565,0.002456480123,37
SPY,2022-05-11,-1,1,1652280300,1652281500,2022-05-11 10:45,2022-05-11 11:05,403.7600000000,401.1000000000,target,403.7600000000,0.006588072122,0.006388072122,0.001981255637,5
SPY,2022-05-12,-1,1,1652368200,1652369100,2022-05-12 11:10,2022-05-12 11:25,395.6000000000,392.9300000000,target,395.6000000000,0.006749241658,0.006549241658,0.002035567485,4
SPY,2022-05-13,-1,1,1652458200,1652464500,2022-05-13 12:10,2022-05-13 13:55,402.7200000000,400.0050000000,target,402.7200000000,0.006741656734,0.006541656734,0.002037648679,22
SPY,2022-05-18,1,2,1652887200,1652904000,2022-05-18 11:20,2022-05-18 16:00,395.6650000000,392.3100000000,session,398.2800000000;393.0500000000,-0.008436083389,-0.008636083389,-0.005391807141,56
SPY,2022-05-20,1,2,1653058800,1653076800,2022-05-20 11:00,2022-05-20 16:00,385.0100000000,389.7300000000,session,387.5600000000;382.4600000000,0.012303828402,0.012103828402,0.007513333256,60
SPY,2022-05-25,-1,1,1653504900,1653508800,2022-05-25 14:55,2022-05-25 16:00,397.7300000000,397.4300000000,session,397.7300000000,0.000754280542,0.000554280542,0.000173420281,13
SPY,2022-05-26,-1,1,1653577200,1653595200,2022-05-26 11:00,2022-05-26 16:00,404.0000000000,405.3700000000,session,404.0000000000,-0.003391089109,-0.003591089109,-0.001123768016,60
SPY,2022-05-27,-1,1,1653678000,1653681600,2022-05-27 15:00,2022-05-27 16:00,413.1500000000,415.2200000000,session,413.1500000000,-0.005010286821,-0.005210286821,-0.001628515672,12
SPY,2022-06-01,1,1,1654094100,1654109100,2022-06-01 10:35,2022-06-01 14:45,409.6700000000,412.2100000000,target,409.6700000000,0.006200112285,0.006000112285,0.001872124672,51
SPY,2022-06-02,-1,1,1654188000,1654200000,2022-06-02 12:40,2022-06-02 16:00,414.5600000000,417.3400000000,session,414.5600000000,-0.006705905056,-0.006905905056,-0.002159055120,40
SPY,2022-06-07,-1,1,1654612800,1654632000,2022-06-07 10:40,2022-06-07 16:00,412.9100000000,415.4800000000,session,412.9100000000,-0.006224116636,-0.006424116636,-0.002003805939,64
SPY,2022-06-10,1,1,1654875600,1654883400,2022-06-10 11:40,2022-06-10 13:50,389.9358000000,392.4000000000,target,389.9358000000,0.006319501826,0.006119501826,0.001904703270,27
SPY,2022-06-14,1,1,1655233800,1655236800,2022-06-14 15:10,2022-06-14 16:00,371.6100000000,373.9200000000,session,371.6100000000,0.006216194397,0.006016194397,0.001876368381,10
SPY,2022-06-16,1,1,1655403900,1655409600,2022-06-16 14:25,2022-06-16 16:00,365.3799000000,366.8200000000,session,365.3799000000,0.003941377180,0.003741377180,0.001169224210,19
SPY,2022-06-22,-1,1,1655907600,1655928000,2022-06-22 10:20,2022-06-22 16:00,375.9200000000,374.3800000000,session,375.9200000000,0.004096616301,0.003896616301,0.001219256927,68
SPY,2022-06-24,-1,1,1656079800,1656100800,2022-06-24 10:10,2022-06-24 16:00,386.8700000000,389.9400000000,session,386.8700000000,-0.007935482203,-0.008135482203,-0.002548910668,70
SPY,2022-06-28,1,1,1656430800,1656446400,2022-06-28 11:40,2022-06-28 16:00,385.2100000000,380.7900000000,session,385.2100000000,-0.011474260793,-0.011674260793,-0.003647718997,52
SPY,2022-07-05,-1,1,1657048200,1657051200,2022-07-05 15:10,2022-07-05 16:00,380.6750000000,381.9500000000,session,380.6750000000,-0.003349313719,-0.003549313719,-0.001104696690,10
SPY,2022-07-07,-1,1,1657221600,1657224000,2022-07-07 15:20,2022-07-07 16:00,389.6500000000,388.8400000000,session,389.6500000000,0.002078788656,0.001878788656,0.000584066738,8
SPY,2022-07-13,-1,1,1657723500,1657742400,2022-07-13 10:45,2022-07-13 16:00,379.4600000000,378.8500000000,session,379.4600000000,0.001607547568,0.001407547568,0.000437844121,63
SPY,2022-07-14,-1,1,1657823400,1657828800,2022-07-14 14:30,2022-07-14 16:00,377.6950000000,377.9200000000,session,377.6950000000,-0.000595718768,-0.000795718768,-0.000247639409,18
SPY,2022-07-18,1,1,1658169000,1658174400,2022-07-18 14:30,2022-07-18 16:00,384.0100000000,382.1300000000,session,384.0100000000,-0.004895705841,-0.005095705841,-0.001585438135,18
SPY,2022-07-19,-1,1,1658248500,1658260800,2022-07-19 12:35,2022-07-19 16:00,390.2150000000,392.1200000000,session,390.2150000000,-0.004881924068,-0.005081924068,-0.001578464489,41
SPY,2022-07-22,1,1,1658509500,1658520000,2022-07-22 13:05,2022-07-22 16:00,394.6800000000,395.1000000000,session,394.6800000000,0.001064153238,0.000864153238,0.000267954527,35
SPY,2022-07-27,-1,1,1658947200,1658952000,2022-07-27 14:40,2022-07-27 16:00,398.5000000000,400.8300000000,session,398.5000000000,-0.005846925972,-0.006046925972,-0.001875556146,16
SPY,2022-07-28,-1,1,1659030300,1659038400,2022-07-28 13:45,2022-07-28 16:00,405.8100000000,406.0400000000,session,405.8100000000,-0.000566767699,-0.000766767699,-0.000237346571,27
SPY,2022-07-29,-1,1,1659118800,1659124800,2022-07-29 14:20,2022-07-29 16:00,411.5700000000,411.9900000000,session,411.5700000000,-0.001020482542,-0.001220482542,-0.000377693672,20
SPY,2022-08-01,-1,1,1659365700,1659373500,2022-08-01 10:55,2022-08-01 13:05,413.1900000000,410.8448000000,target,413.1900000000,0.005675839202,0.005475839202,0.001693877911,27
SPY,2022-08-02,-1,1,1659458700,1659461400,2022-08-02 12:45,2022-08-02 13:30,412.9300000000,410.7200000000,target,412.9300000000,0.005351996706,0.005151996706,0.001596610500,10
SPY,2022-08-03,-1,1,1659545400,1659556800,2022-08-03 12:50,2022-08-03 16:00,414.5301000000,414.2700000000,session,414.5301000000,0.000627457451,0.000427457451,0.000132697116,38
SPY,2022-08-05,-1,1,1659708600,1659713100,2022-08-05 10:10,2022-08-05 11:25,413.4300000000,410.9901000000,target,413.4300000000,0.005901603657,0.005701603657,0.001770221020,16
SPY,2022-08-05,-1,1,1659721200,1659729600,2022-08-05 13:40,2022-08-05 16:00,413.3400000000,413.4427000000,session,413.3400000000,-0.000248463734,-0.000448463734,-0.000139238007,28
SPY,2022-08-11,1,1,1660244100,1660248000,2022-08-11 14:55,2022-08-11 16:00,419.5700000000,420.3000000000,session,419.5700000000,0.001739876540,0.001539876540,0.000478934559,13
SPY,2022-08-12,-1,1,1660329300,1660334400,2022-08-12 14:35,2022-08-12 16:00,425.7901000000,427.0000000000,session,425.7901000000,-0.002841540938,-0.003041540938,-0.000946469891,17
SPY,2022-08-15,-1,1,1660580700,1660593600,2022-08-15 12:25,2022-08-15 16:00,428.1900000000,428.8700000000,session,428.1900000000,-0.001588080058,-0.001788080058,-0.000555852502,43
SPY,2022-08-16,-1,1,1660673100,1660675500,2022-08-16 14:05,2022-08-16 14:45,431.0550000000,429.2300000000,target,431.0550000000,0.004233798471,0.004033798471,0.001253221607,9
SPY,2022-08-17,-1,1,1660761600,1660762800,2022-08-17 14:40,2022-08-17 15:00,429.4500000000,427.7666000000,target,429.4500000000,0.003919897543,0.003719897543,0.001157252733,5
SPY,2022-08-19,1,1,1660921800,1660928100,2022-08-19 11:10,2022-08-19 12:55,421.8750000000,423.4150000000,target,421.8750000000,0.003650370370,0.003450370370,0.001074734349,22
SPY,2022-08-19,1,1,1660935300,1660939200,2022-08-19 14:55,2022-08-19 16:00,421.8850000000,422.1400000000,session,421.8850000000,0.000604430117,0.000404430117,0.000125973415,13
SPY,2022-08-22,1,1,1661189700,1661198400,2022-08-22 13:35,2022-08-22 16:00,413.6464000000,413.4700000000,session,413.6464000000,-0.000426451191,-0.000626451191,-0.000195380103,29
SPY,2022-08-26,1,1,1661522700,1661523000,2022-08-26 10:05,2022-08-26 10:10,415.4600000000,419.5000000000,target,415.4600000000,0.009724161171,0.009524161171,0.002969813200,2
SPY,2022-08-26,1,3,1661523900,1661544000,2022-08-26 10:25,2022-08-26 16:00,412.9066666667,405.3200000000,session,416.2400000000;412.3700000000;410.1100000000,-0.018336984914,-0.018536984914,-0.017340545221,67
SPY,2022-08-29,-1,1,1661795100,1661803200,2022-08-29 13:45,2022-08-29 16:00,405.5150000000,402.5900000000,session,405.5150000000,0.007213050072,0.007013050072,0.002153207147,27
SPY,2022-08-30,1,2,1661868600,1661889600,2022-08-30 10:10,2022-08-30 16:00,398.5325000000,398.4000000000,session,400.4800000000;396.5850000000,-0.000308597496,-0.000508597496,-0.000313038061,70
SPY,2022-08-31,1,1,1661967600,1661976000,2022-08-31 13:40,2022-08-31 16:00,396.5599000000,395.0700000000,session,396.5599000000,-0.003757061670,-0.003957061670,-0.001217358439,28
SPY,2022-09-02,1,2,1662137100,1662148800,2022-09-02 12:45,2022-09-02 16:00,395.1592000000,392.2700000000,session,396.8200000000;393.4984000000,-0.007293948357,-0.007493948357,-0.004604824917,39
SPY,2022-09-06,1,1,1662473100,1662475500,2022-09-06 10:05,2022-09-06 10:45,389.5800000000,391.8800000000,target,389.5800000000,0.005903793829,0.005703793829,0.001743657135,9
SPY,2022-09-06,1,1,1662484500,1662488100,2022-09-06 13:15,2022-09-06 14:15,389.4550000000,391.4300000000,target,389.4550000000,0.005071189226,0.004871189226,0.001489128833,13
SPY,2022-09-07,-1,2,1662563700,1662580800,2022-09-07 11:15,2022-09-07 16:00,395.8550000000,397.7600000000,session,394.1800000000;397.5300000000,-0.004830358950,-0.005030358950,-0.003086415829,57
SPY,2022-09-08,-1,1,1662648000,1662653400,2022-09-08 10:40,2022-09-08 12:10,399.0600000000,396.3950000000,target,399.0600000000,0.006678193755,0.006478193755,0.001980708264,19
SPY,2022-09-08,-1,1,1662657300,1662667200,2022-09-08 13:15,2022-09-08 16:00,399.1500000000,400.4000000000,session,399.1500000000,-0.003131654766,-0.003331654766,-0.001018653714,33
SPY,2022-09-09,-1,1,1662743700,1662753600,2022-09-09 13:15,2022-09-09 16:00,406.3800000000,406.5200000000,session,406.3800000000,-0.000344505143,-0.000544505143,-0.000166657106,33
SPY,2022-09-13,1,2,1663080600,1663099200,2022-09-13 10:50,2022-09-13 16:00,396.5881500000,393.2600000000,session,398.3063000000;394.8700000000,-0.008373343324,-0.008573343324,-0.005247146970,62
SPY,2022-09-19,-1,1,1663598400,1663602000,2022-09-19 10:40,2022-09-19 11:40,386.3600000000,384.4100000000,target,386.3600000000,0.005047106326,0.004847106326,0.001474810449,13
SPY,2022-09-19,-1,1,1663606500,1663617600,2022-09-19 12:55,2022-09-19 16:00,386.0940000000,388.5000000000,session,386.0940000000,-0.006231643071,-0.006431643071,-0.001956931367,37
SPY,2022-09-21,1,1,1663783500,1663783800,2022-09-21 14:05,2022-09-21 14:10,380.7900000000,382.8000000000,target,380.7900000000,0.005278499961,0.005078499961,0.001544399553,2
SPY,2022-09-21,1,1,1663784100,1663785300,2022-09-21 14:15,2022-09-21 14:35,380.6800000000,384.7200000000,target,380.6800000000,0.010612588000,0.010412588000,0.003166524835,5
SPY,2022-09-23,1,1,1663948200,1663963200,2022-09-23 11:50,2022-09-23 16:00,366.6100000000,368.1100000000,session,366.6100000000,0.004091541420,0.003891541420,0.001189549902,50
SPY,2022-09-27,1,1,1664294400,1664308800,2022-09-27 12:00,2022-09-27 16:00,364.0700000000,363.3200000000,session,364.0700000000,-0.002060043398,-0.002260043398,-0.000691736640,48
SPY,2022-09-28,-1,1,1664380800,1664395200,2022-09-28 12:00,2022-09-28 16:00,368.3500000000,370.5100000000,session,368.3500000000,-0.005863988055,-0.006063988055,-0.001854620434,48
SPY,2022-09-29,1,1,1664460300,1664466900,2022-09-29 10:05,2022-09-29 11:55,361.9600000000,364.4600000000,target,361.9600000000,0.006906840535,0.006706840535,0.002047085317,23
SPY,2022-09-29,1,1,1664470800,1664481600,2022-09-29 13:00,2022-09-29 16:00,362.2750000000,362.8100000000,session,362.2750000000,0.001476778690,0.001276778690,0.000389702856,36
SPY,2022-10-03,-1,1,1664817900,1664827200,2022-10-03 13:25,2022-10-03 16:00,365.4500000000,366.5800000000,session,365.4500000000,-0.003092078260,-0.003292078260,-0.001007493669,31
SPY,2022-10-04,-1,1,1664892300,1664904000,2022-10-04 10:05,2022-10-04 13:20,376.8400000000,374.3200000000,target,376.8400000000,0.006687188197,0.006487188197,0.001983132963,40
SPY,2022-10-04,-1,1,1664909400,1664913600,2022-10-04 14:50,2022-10-04 16:00,376.9100000000,377.7700000000,session,376.9100000000,-0.002281711814,-0.002481711814,-0.000758659123,14
SPY,2022-10-05,-1,1,1664996700,1665000000,2022-10-05 15:05,2022-10-05 16:00,378.4200000000,377.2500000000,session,378.4200000000,0.003091802759,0.002891802759,0.000885204207,11
SPY,2022-10-07,1,1,1665159900,1665172800,2022-10-07 12:25,2022-10-07 16:00,364.2900000000,362.7500000000,session,364.2900000000,-0.004227401246,-0.004427401246,-0.001356569705,43
SPY,2022-10-10,1,1,1665414300,1665424200,2022-10-10 11:05,2022-10-10 13:50,359.3400000000,361.6311000000,target,359.3400000000,0.006375855736,0.006175855736,0.001889509015,34
SPY,2022-10-11,-1,1,1665506700,1665514200,2022-10-11 12:45,2022-10-11 14:50,362.6200000000,359.2700000000,target,362.6200000000,0.009238321107,0.009038321107,0.002770975718,26
SPY,2022-10-13,-1,3,1665670500,1665691200,2022-10-13 10:15,2022-10-13 16:00,358.8633333333,365.8800000000,session,353.7800000000;359.0100000000;363.8000000000,-0.019685143614,-0.019885143614,-0.018344310977,69
SPY,2022-10-14,1,2,1665756900,1665777600,2022-10-14 10:15,2022-10-14 16:00,360.4900000000,357.7700000000,session,362.1100000000;358.8700000000,-0.007525242568,-0.007725242568,-0.004656616902,69
SPY,2022-10-18,1,1,1666106100,1666114500,2022-10-18 11:15,2022-10-18 13:35,369.4301000000,372.1050000000,target,369.4301000000,0.007240611959,0.007040611959,0.002111039368,29
SPY,2022-10-18,1,1,1666118400,1666123200,2022-10-18 14:40,2022-10-18 16:00,370.3200000000,370.9600000000,session,370.3200000000,0.001728235040,0.001528235040,0.000458222148,16
SPY,2022-10-21,-1,1,1666361400,1666362600,2022-10-21 10:10,2022-10-21 10:30,370.0600000000,367.3600000000,target,370.0600000000,0.007296114144,0.007096114144,0.002133758261,5
SPY,2022-10-21,-1,2,1666368000,1666382400,2022-10-21 12:00,2022-10-21 16:00,372.1950000000,374.2500000000,session,370.0300000000;374.3600000000,-0.005555322953,-0.005755322953,-0.003461181048,48
SPY,2022-10-25,-1,1,1666711500,1666728000,2022-10-25 11:25,2022-10-25 16:00,383.3700000000,384.6600000000,session,383.3700000000,-0.003364895532,-0.003564895532,-0.001070364978,55
SPY,2022-10-26,-1,1,1666796700,1666804500,2022-10-26 11:05,2022-10-26 13:15,386.1800000000,383.9300000000,target,386.1800000000,0.005826298617,0.005626298617,0.001687296803,27
SPY,2022-10-28,-1,2,1666967700,1666987200,2022-10-28 10:35,2022-10-28 16:00,386.2275000000,388.9200000000,session,384.1100000000;388.3450000000,-0.007001548359,-0.007201548359,-0.004327512283,65
SPY,2022-11-01,1,1,1667311800,1667332800,2022-11-01 10:10,2022-11-01 16:00,385.5400000000,384.5400000000,session,385.5400000000,-0.002593764590,-0.002793764590,-0.000835376315,70
SPY,2022-11-02,1,1,1667415300,1667416200,2022-11-02 14:55,2022-11-02 15:10,379.8650000000,382.8200000000,target,379.8650000000,0.007779079410,0.007579079410,0.002264144702,4
SPY,2022-11-02,1,1,1667416800,1667419200,2022-11-02 15:20,2022-11-02 16:00,379.3100000000,374.7900000000,session,379.3100000000,-0.011916374469,-0.012116374469,-0.003619598578,8
SPY,2022-11-04,1,1,1667569800,1667570400,2022-11-04 09:50,2022-11-04 10:00,372.6100000000,375.1100000000,target,372.6100000000,0.006709428088,0.006509428088,0.001941660150,3
SPY,2022-11-04,1,1,1667577000,1667589000,2022-11-04 11:50,2022-11-04 15:10,372.3600000000,374.8300000000,target,372.3600000000,0.006633365560,0.006433365560,0.001918971893,41
SPY,2022-11-09,1,1,1668020100,1668027600,2022-11-09 13:55,2022-11-09 16:00,375.6800000000,374.1500000000,session,375.6800000000,-0.004072614991,-0.004272614991,-0.001279952270,25
SPY,2022-11-10,-1,1,1668110400,1668114000,2022-11-10 15:00,2022-11-10 16:00,392.2700000000,394.6600000000,session,392.2700000000,-0.006092742244,-0.006292742244,-0.001882439351,12
SPY,2022-11-15,1,1,1668537000,1668540300,2022-11-15 13:30,2022-11-15 14:25,396.3100000000,398.7200000000,target,396.3100000000,0.006081098130,0.005881098130,0.001755608000,12
SPY,2022-11-17,-1,1,1668709200,1668715800,2022-11-17 13:20,2022-11-17 15:10,394.8300000000,392.7650000000,target,394.8300000000,0.005230099030,0.005030099030,0.001504513896,23
SPY,2022-11-18,1,1,1668792000,1668802200,2022-11-18 12:20,2022-11-18 15:10,393.2800000000,395.5450000000,target,393.2800000000,0.005759255492,0.005559255492,0.001665573772,35
SPY,2022-11-28,1,1,1669666500,1669669200,2022-11-28 15:15,2022-11-28 16:00,395.4900000000,395.9900000000,session,395.4900000000,0.001264254469,0.001064254469,0.000319445491,9
SPY,2022-11-30,-1,2,1669834800,1669842000,2022-11-30 14:00,2022-11-30 16:00,401.4453500000,407.4200000000,session,399.7200000000;403.1707000000,-0.014901594419,-0.015101594419,-0.009068973164,24
SPY,2022-12-02,-1,1,1669999500,1670014800,2022-12-02 11:45,2022-12-02 16:00,405.7511000000,406.8200000000,session,405.7511000000,-0.002634373634,-0.002834373634,-0.000842496102,51
SPY,2022-12-05,1,1,1670262900,1670274000,2022-12-05 12:55,2022-12-05 16:00,400.3900000000,399.7600000000,session,400.3900000000,-0.001573465871,-0.001773465871,-0.000526651256,37
SPY,2022-12-06,1,2,1670340600,1670360400,2022-12-06 10:30,2022-12-06 16:00,394.0350000000,393.8000000000,session,395.9200000000;392.1500000000,-0.000573521731,-0.000773521731,-0.000459140912,66
SPY,2022-12-12,-1,1,1670875800,1670878800,2022-12-12 15:10,2022-12-12 16:00,397.4450000000,398.8900000000,session,397.4450000000,-0.003635723182,-0.003835723182,-0.001137802071,10
SPY,2022-12-13,1,3,1670945100,1670965200,2022-12-13 10:25,2022-12-13 16:00,403.1333333333,401.9100000000,session,405.7900000000;403.6400000000;399.9700000000,-0.002999076515,-0.003199076515,-0.002843215066,67
SPY,2022-12-14,-1,1,1671043200,1671044700,2022-12-14 13:40,2022-12-14 14:05,405.2300000000,401.1000000000,target,405.2300000000,0.010191742961,0.009991742961,0.002950621579,6
SPY,2022-12-14,1,1,1671046500,1671047100,2022-12-14 14:35,2022-12-14 14:45,396.4100000000,399.3300000000,target,396.4100000000,0.007366110845,0.007166110845,0.002116195481,3
SPY,2022-12-15,1,1,1671116700,1671138000,2022-12-15 10:05,2022-12-15 16:00,390.3850000000,389.6600000000,session,390.3850000000,-0.001857141027,-0.002057141027,-0.000610960460,71
SPY,2022-12-16,1,1,1671210000,1671221700,2022-12-16 12:00,2022-12-16 15:15,381.5600000000,383.6400000000,target,381.5600000000,0.005451305168,0.005251305168,0.001558541576,40
SPY,2022-12-19,1,1,1671476700,1671483600,2022-12-19 14:05,2022-12-19 16:00,379.1300000000,380.0200000000,session,379.1300000000,0.002347479756,0.002147479756,0.000638468908,23
SPY,2022-12-21,-1,1,1671638700,1671656400,2022-12-21 11:05,2022-12-21 16:00,387.0900000000,386.1700000000,session,387.0900000000,0.002376708259,0.002176708259,0.000647622111,59
SPY,2022-12-22,1,2,1671723000,1671740400,2022-12-22 10:30,2022-12-22 15:20,377.5425000000,379.3800000000,target,379.4850000000;375.6000000000,0.004893603493,0.004693603493,0.002794942217,59
SPY,2022-12-28,1,1,1672247100,1672250700,2022-12-28 12:05,2022-12-28 13:05,377.7150000000,379.8500000000,target,377.7150000000,0.005652409886,0.005452409886,0.001628477460,13
SPY,2022-12-28,1,1,1672257900,1672261200,2022-12-28 15:05,2022-12-28 16:00,377.7400000000,376.7600000000,session,377.7400000000,-0.002594377085,-0.002794377085,-0.000834599781,11
SPY,2022-12-29,-1,1,1672329600,1672347600,2022-12-29 11:00,2022-12-29 16:00,383.1200000000,383.3600000000,session,383.1200000000,-0.000626435582,-0.000826435582,-0.000247051151,60
SPY,2023-01-03,1,1,1672759200,1672761600,2023-01-03 10:20,2023-01-03 11:00,380.2501000000,382.0499000000,target,380.2501000000,0.004733200596,0.004533200596,0.001354762468,9
SPY,2023-01-03,1,1,1672762200,1672779600,2023-01-03 11:10,2023-01-03 16:00,380.7300000000,380.8400000000,session,380.7300000000,0.000288918656,0.000088918656,0.000026573644,58
SPY,2023-01-06,-1,1,1673024100,1673038800,2023-01-06 11:55,2023-01-06 16:00,386.4800000000,387.8700000000,session,386.4800000000,-0.003596563858,-0.003796563858,-0.001136364175,49
SPY,2023-01-12,1,1,1673534700,1673536500,2023-01-12 09:45,2023-01-12 10:15,393.3600000000,396.2250000000,target,393.3600000000,0.007283404515,0.007083404515,0.002117478023,7
SPY,2023-01-13,-1,1,1673635200,1673643600,2023-01-13 13:40,2023-01-13 16:00,396.9400000000,398.5600000000,session,396.9400000000,-0.004081221343,-0.004281221343,-0.001282828999,28
SPY,2023-01-18,1,2,1674058800,1674075600,2023-01-18 11:20,2023-01-18 16:00,394.2375000000,391.5900000000,session,395.7700000000;392.7050000000,-0.006700485632,-0.006900485632,-0.004129433965,56
SPY,2023-01-20,-1,1,1674240600,1674248400,2023-01-20 13:50,2023-01-20 16:00,393.3800000000,395.7100000000,session,393.3800000000,-0.005923026082,-0.006123026082,-0.001823662545,26
SPY,2023-01-23,-1,1,1674489900,1674503400,2023-01-23 11:05,2023-01-23 14:50,401.0450000000,399.2300000000,target,401.0450000000,0.004525676670,0.004325676670,0.001285716208,46
SPY,2023-01-23,-1,1,1674504900,1674507600,2023-01-23 15:15,2023-01-23 16:00,400.0200000000,400.5200000000,session,400.0200000000,-0.001249937503,-0.001449937503,-0.000430963359,9
SPY,2023-01-25,-1,1,1674672600,1674680400,2023-01-25 13:50,2023-01-25 16:00,399.2250000000,400.4000000000,session,399.2250000000,-0.002943202455,-0.003143202455,-0.000935146227,26
SPY,2023-01-27,-1,1,1674847200,1674853200,2023-01-27 14:20,2023-01-27 16:00,407.0800000000,405.7000000000,session,407.0800000000,0.003389997052,0.003189997052,0.000948073896,20
SPY,2023-01-31,-1,1,1675191000,1675198800,2023-01-31 13:50,2023-01-31 16:00,404.1700000000,406.4800000000,session,404.1700000000,-0.005715416780,-0.005915416780,-0.001759943842,26
SPY,2023-02-01,-1,2,1675280700,1675285200,2023-02-01 14:45,2023-02-01 16:00,410.1800000000,410.7800000000,session,408.6800000000;411.6800000000,-0.001476165327,-0.001676165327,-0.000995412568,15
SPY,2023-02-03,-1,1,1675437900,1675447200,2023-02-03 10:25,2023-02-03 13:00,415.7750000000,414.1200000000,target,415.7750000000,0.003980518309,0.003780518309,0.001121300579,32
SPY,2023-02-07,-1,1,1675792200,1675794300,2023-02-07 12:50,2023-02-07 13:25,413.3700000000,411.3600000000,target,413.3700000000,0.004862471877,0.004662471877,0.001384630416,8
SPY,2023-02-07,-1,1,1675797600,1675803600,2023-02-07 14:20,2023-02-07 16:00,412.2200000000,415.1100000000,session,412.2200000000,-0.007010819465,-0.007210819465,-0.002141422022,20
SPY,2023-02-09,1,2,1675961700,1675976400,2023-02-09 11:55,2023-02-09 16:00,409.3300000000,407.0900000000,session,411.1200000000;407.5400000000,-0.005453338425,-0.005653338425,-0.003354930704,49
SPY,2023-02-13,-1,1,1676306700,1676322000,2023-02-13 11:45,2023-02-13 16:00,412.0900000000,412.8500000000,session,412.0900000000,-0.001844257322,-0.002044257322,-0.000604288369,51
SPY,2023-02-14,-1,1,1676387700,1676388900,2023-02-14 10:15,2023-02-14 10:35,414.6700000000,412.7600000000,target,414.6700000000,0.004606072298,0.004406072298,0.001301560184,5
SPY,2023-02-16,-1,1,1676568300,1676578800,2023-02-16 12:25,2023-02-16 15:20,411.9400000000,410.2200000000,target,411.9400000000,0.004175365344,0.003975365344,0.001176053447,36
SPY,2023-02-21,1,1,1677004200,1677013200,2023-02-21 13:30,2023-02-21 16:00,400.0700000000,399.0900000000,session,400.0700000000,-0.002449571325,-0.002649571325,-0.000784875439,30
SPY,2023-02-23,1,1,1677169200,1677180600,2023-02-23 11:20,2023-02-23 14:30,398.3600000000,399.8700000000,target,398.3600000000,0.003790541219,0.003590541219,0.001062677062,39
SPY,2023-03-02,-1,1,1677783300,1677790800,2023-03-02 13:55,2023-03-02 16:00,395.4800000000,397.6800000000,session,395.4800000000,-0.005562860322,-0.005762860322,-0.001707650370,25
SPY,2023-03-03,-1,1,1677866100,1677877200,2023-03-03 12:55,2023-03-03 16:00,402.6300000000,404.1100000000,session,402.6300000000,-0.003675831408,-0.003875831408,-0.001146279905,37
SPY,2023-03-07,1,1,1678201800,1678203300,2023-03-07 10:10,2023-03-07 10:35,401.0500000000,402.6600000000,target,401.0500000000,0.004014462037,0.003814462037,0.001126672389,6
SPY,2023-03-07,1,2,1678203900,1678222800,2023-03-07 10:45,2023-03-07 16:00,399.9625000000,398.3200000000,session,401.3000000000;398.6250000000,-0.004095498035,-0.004295498035,-0.002537510657,63
SPY,2023-03-09,1,3,1678386300,1678395600,2023-03-09 13:25,2023-03-09 16:00,394.0106666667,391.6000000000,session,396.7320000000;394.0200000000;391.2800000000,-0.006086558697,-0.006286558697,-0.005561687189,31
SPY,2023-03-10,1,2,1678471200,1678477800,2023-03-10 13:00,2023-03-10 14:50,386.3050000000,387.9900000000,target,387.8400000000;384.7700000000,0.004377696617,0.004177696617,0.002448501575,23
SPY,2023-03-10,1,1,1678478100,1678482000,2023-03-10 14:55,2023-03-10 16:00,387.9300000000,386.0500000000,session,387.9300000000,-0.004846235146,-0.005046235146,-0.001478771179,13
SPY,2023-03-13,-1,1,1678716000,1678717800,2023-03-13 10:00,2023-03-13 10:30,385.5500000000,383.9700000000,target,385.5500000000,0.004098041759,0.003898041759,0.001143559501,7
SPY,2023-03-13,-1,2,1678718100,1678737600,2023-03-13 10:35,2023-03-13 16:00,387.0467500000,385.3000000000,session,385.9835000000;388.1100000000,0.004505508243,0.004305508243,0.002526194004,65
SPY,2023-03-16,-1,2,1678978500,1678996800,2023-03-16 10:55,2023-03-16 16:00,392.5050000000,396.0300000000,session,391.4800000000;393.5300000000,-0.008987658182,-0.009187658182,-0.005413201718,61
SPY,2023-03-17,1,1,1679064300,1679083200,2023-03-17 10:45,2023-03-17 16:00,389.7300000000,390.1700000000,session,389.7300000000,0.001128986734,0.000928986734,0.000271994811,63
SPY,2023-03-23,-1,1,1679583900,1679590500,2023-03-23 11:05,2023-03-23 12:55,398.7100000000,396.9100000000,target,398.7100000000,0.004514559454,0.004314559454,0.001263636110,23
SPY,2023-03-23,1,1,1679597100,1679598300,2023-03-23 14:45,2023-03-23 15:05,391.1300000000,393.1400000000,target,391.1300000000,0.005138956357,0.004938956357,0.001446507730,5
SPY,2023-03-23,1,1,1679599200,1679601600,2023-03-23 15:20,2023-03-23 16:00,391.4200000000,393.1400000000,session,391.4200000000,0.004394256809,0.004194256809,0.001228402208,8
SPY,2023-03-31,-1,1,1680289500,1680292800,2023-03-31 15:05,2023-03-31 16:00,408.2100000000,409.3900000000,session,408.2100000000,-0.002890669018,-0.003090669018,-0.000909244082,11
SPY,2023-04-04,1,1,1680621600,1680638400,2023-04-04 11:20,2023-04-04 16:00,408.5500000000,408.6700000000,session,408.5500000000,0.000293721699,0.000093721699,0.000027543586,56
SPY,2023-04-12,1,1,1681311600,1681315500,2023-04-12 11:00,2023-04-12 12:05,409.1800000000,410.5100000000,target,409.1800000000,0.003250403246,0.003050403246,0.000896501778,14
SPY,2023-04-12,1,1,1681324500,1681329600,2023-04-12 14:35,2023-04-12 16:00,409.1500000000,408.1100000000,session,409.1500000000,-0.002541855065,-0.002741855065,-0.000805820655,17
SPY,2023-04-13,-1,1,1681406100,1681416000,2023-04-13 13:15,2023-04-13 16:00,411.9000000000,413.4700000000,session,411.9000000000,-0.003811604758,-0.004011604758,-0.001179116464,33
SPY,2023-04-14,1,1,1681494000,1681496700,2023-04-14 13:40,2023-04-14 14:25,410.2199000000,411.7700000000,target,410.2199000000,0.003778705031,0.003578705031,0.001050469244,10
SPY,2023-04-18,1,1,1681831500,1681840500,2023-04-18 11:25,2023-04-18 13:55,413.0700000000,414.3300000000,target,413.0700000000,0.003050330452,0.002850330452,0.000837665082,31
SPY,2023-04-19,-1,1,1681931700,1681934400,2023-04-19 15:15,2023-04-19 16:00,414.6700000000,414.1200000000,session,414.6700000000,0.001326355897,0.001126355897,0.000331331913,9
SPY,2023-04-20,-1,1,1682013300,1682015400,2023-04-20 13:55,2023-04-20 14:30,413.6401000000,412.4300000000,target,413.6401000000,0.002925490058,0.002725490058,0.000802038580,8
SPY,2023-04-25,1,1,1682442900,1682452800,2023-04-25 13:15,2023-04-25 16:00,407.8800000000,406.1700000000,session,407.8800000000,-0.004192409532,-0.004392409532,-0.001293742540,33
SPY,2023-04-26,1,1,1682534700,1682539200,2023-04-26 14:45,2023-04-26 16:00,404.4300000000,404.3600000000,session,404.4300000000,-0.000173083105,-0.000373083105,-0.000109727196,15
SPY,2023-04-27,-1,2,1682611500,1682625600,2023-04-27 12:05,2023-04-27 16:00,410.5100000000,412.4100000000,session,409.5000000000;411.5200000000,-0.004634470474,-0.004834470474,-0.002843371435,47
SPY,2023-04-28,-1,1,1682691300,1682694300,2023-04-28 10:15,2023-04-28 11:05,414.0950000000,412.6000000000,target,414.0950000000,0.003610282665,0.003410282665,0.000999638750,11
SPY,2023-04-28,-1,1,1682696100,1682712000,2023-04-28 11:35,2023-04-28 16:00,414.1300000000,415.9100000000,session,414.1300000000,-0.004298167242,-0.004498167242,-0.001318524803,53
SPY,2023-05-02,1,2,1683036900,1683057600,2023-05-02 10:15,2023-05-02 16:00,411.1000000000,410.8400000000,session,412.0300000000;410.1700000000,-0.000627335082,-0.000827335082,-0.000484849135,69
SPY,2023-05-04,1,1,1683210600,1683212100,2023-05-04 10:30,2023-05-04 10:55,404.0300000000,405.4000000000,target,404.0300000000,0.003390837314,0.003190837314,0.000934458991,6
SPY,2023-05-04,1,1,1683215700,1683219600,2023-05-04 11:55,2023-05-04 13:00,404.3760000000,405.8400000000,target,404.3760000000,0.003620392902,0.003420392902,0.001001685948,14
SPY,2023-05-05,-1,1,1683297600,1683316800,2023-05-05 10:40,2023-05-05 16:00,411.4200000000,412.5600000000,session,411.4200000000,-0.002770891060,-0.002970891060,-0.000871963554,64
SPY,2023-05-10,1,1,1683729900,1683732900,2023-05-10 10:45,2023-05-10 11:35,410.8250000000,412.2900000000,target,410.8250000000,0.003565995253,0.003365995253,0.000986949227,11
SPY,2023-05-10,1,2,1683734700,1683743700,2023-05-10 12:05,2023-05-10 14:35,410.1224500000,411.3700000000,target,411.3250000000;408.9199000000,0.003050520256,0.002850520256,0.001671611842,31
SPY,2023-05-12,1,1,1683904800,1683921600,2023-05-12 11:20,2023-05-12 16:00,411.0000000000,411.5900000000,session,411.0000000000,0.001435523114,0.001235523114,0.000363364751,56
SPY,2023-05-17,-1,1,1684343100,1684353600,2023-05-17 13:05,2023-05-17 16:00,414.8300000000,415.1500000000,session,414.8300000000,-0.000771400333,-0.000971400333,-0.000285804453,35
SPY,2023-05-18,-1,1,1684420500,1684426500,2023-05-18 10:35,2023-05-18 12:15,417.4900000000,416.0800000000,target,417.4900000000,0.003377326403,0.003177326403,0.000934527161,21
SPY,2023-05-18,-1,1,1684437000,1684440000,2023-05-18 15:10,2023-05-18 16:00,417.2150000000,419.2300000000,session,417.2150000000,-0.004829644188,-0.005029644188,-0.001479337817,10
SPY,2023-05-19,1,1,1684510800,1684515300,2023-05-19 11:40,2023-05-19 12:55,417.6800000000,418.8950000000,target,417.6800000000,0.002908925493,0.002708925493,0.000796267378,16
SPY,2023-05-19,1,1,1684520100,1684526400,2023-05-19 14:15,2023-05-19 16:00,417.8500000000,418.5900000000,session,417.8500000000,0.001770970444,0.001570970444,0.000461774426,21
SPY,2023-05-23,1,1,1684866300,1684872000,2023-05-23 14:25,2023-05-23 16:00,413.9500000000,414.1400000000,session,413.9500000000,0.000458992632,0.000258992632,0.000076237458,19
SPY,2023-05-24,1,1,1684945200,1684950300,2023-05-24 12:20,2023-05-24 13:45,410.1900000000,411.3100000000,target,410.1900000000,0.002730441990,0.002530441990,0.000744928992,18
SPY,2023-05-25,1,1,1685024700,1685025900,2023-05-25 10:25,2023-05-25 10:45,412.5300000000,413.7100000000,target,412.5300000000,0.002860398032,0.002660398032,0.000783846952,5
SPY,2023-05-26,-1,2,1685110200,1685131200,2023-05-26 10:10,2023-05-26 16:00,418.9000000000,420.0200000000,session,417.9700000000;419.8300000000,-0.002678611181,-0.002878611181,-0.001697784722,70
SPY,2023-05-30,1,1,1685465100,1685472300,2023-05-30 12:45,2023-05-30 14:45,419.7400000000,420.8800000000,target,419.7400000000,0.002715967027,0.002515967027,0.000740526012,25
SPY,2023-06-01,-1,2,1685633700,1685649600,2023-06-01 11:35,2023-06-01 16:00,421.5875000000,421.8200000000,session,420.3700000000;422.8050000000,-0.000559831540,-0.000759831540,-0.000447658419,53
SPY,2023-06-02,-1,1,1685718000,1685736000,2023-06-02 11:00,2023-06-02 16:00,426.8350000000,427.9200000000,session,426.8350000000,-0.002541965865,-0.002741965865,-0.000807312057,60
SPY,2023-06-07,1,1,1686159600,1686168000,2023-06-07 13:40,2023-06-07 16:00,426.1600000000,426.5500000000,session,426.1600000000,0.000915149240,0.000715149240,0.000210367649,28
SPY,2023-06-08,-1,1,1686241800,1686246600,2023-06-08 12:30,2023-06-08 13:50,429.0950000000,427.9020000000,target,429.0950000000,0.002780270103,0.002580270103,0.000759190840,17
SPY,2023-06-08,-1,1,1686249300,1686254400,2023-06-08 14:35,2023-06-08 16:00,428.9200000000,429.1300000000,session,428.9200000000,-0.000489601791,-0.000689601791,-0.000202900992,17
SPY,2023-06-12,-1,1,1686597300,1686600000,2023-06-12 15:15,2023-06-12 16:00,433.2950000000,433.8000000000,session,433.2950000000,-0.001165487716,-0.001365487716,-0.000402019578,9
SPY,2023-06-14,1,1,1686766200,1686768300,2023-06-14 14:10,2023-06-14 14:45,434.6900000000,436.5400000000,target,434.6900000000,0.004255906508,0.004055906508,0.001193574746,8
SPY,2023-06-15,-1,3,1686837300,1686859200,2023-06-15 09:55,2023-06-15 16:00,440.7333333333,442.5500000000,session,438.6400000000;440.7200000000;442.8400000000,-0.004137115974,-0.004337115974,-0.003834164411,73
SPY,2023-06-16,1,1,1686930000,1686933000,2023-06-16 11:40,2023-06-16 12:30,440.5850000000,441.7500000000,target,440.5850000000,0.002644211673,0.002444211673,0.000717132778,11
SPY,2023-06-16,1,1,1686940500,1686945600,2023-06-16 14:35,2023-06-16 16:00,440.5400000000,439.4600000000,session,440.5400000000,-0.002451536750,-0.002651536750,-0.000777962047,17
SPY,2023-06-22,-1,1,1687460400,1687464000,2023-06-22 15:00,2023-06-22 16:00,436.4000000000,436.5500000000,session,436.4000000000,-0.000343721357,-0.000543721357,-0.000159517060,12
SPY,2023-06-27,-1,1,1687883400,1687896000,2023-06-27 12:30,2023-06-27 16:00,434.6400000000,436.1700000000,session,434.6400000000,-0.003520154611,-0.003720154611,-0.001091221756,42
SPY,2023-06-28,-1,1,1687969200,1687970400,2023-06-28 12:20,2023-06-28 12:40,437.3300000000,436.2400000000,target,437.3300000000,0.002492397046,0.002292397046,0.000671588088,5
SPY,2023-06-29,-1,1,1688056200,1688061900,2023-06-29 12:30,2023-06-29 14:05,438.0824000000,436.7200000000,target,438.0824000000,0.003109917221,0.002909917221,0.000853150228,20
SPY,2023-06-30,-1,1,1688146200,1688155200,2023-06-30 13:30,2023-06-30 16:00,443.5300000000,443.2500000000,session,443.5300000000,0.000631298897,0.000431298897,0.000126573933,30
SPY,2023-07-06,1,1,1688655300,1688659800,2023-07-06 10:55,2023-07-06 12:10,437.4400000000,438.5500000000,target,437.4400000000,0.002537490856,0.002337490856,0.000686085560,16
SPY,2023-07-07,-1,1,1688746200,1688760000,2023-07-07 12:10,2023-07-07 16:00,440.7100000000,438.5300000000,session,440.7100000000,0.004946563500,0.004746563500,0.001394266871,46
SPY,2023-07-17,-1,1,1689618300,1689624000,2023-07-17 14:25,2023-07-17 16:00,451.1100000000,450.8400000000,session,451.1100000000,0.000598523642,0.000398523642,0.000117248500,19
SPY,2023-07-18,-1,2,1689692700,1689710400,2023-07-18 11:05,2023-07-18 16:00,453.5665000000,454.1400000000,session,452.5450000000;454.5880000000,-0.001269501809,-0.001469501809,-0.000864790708,59
SPY,2023-07-20,1,1,1689877800,1689883200,2023-07-20 14:30,2023-07-20 16:00,452.1150000000,452.1800000000,session,452.1150000000,0.000143768731,-0.000056231269,-0.000016529629,18
SPY,2023-07-25,-1,1,1690304400,1690315200,2023-07-25 13:00,2023-07-25 16:00,455.9000000000,455.4100000000,session,455.9000000000,0.001074797105,0.000874797105,0.000257148750,36
SPY,2023-07-26,-1,1,1690396800,1690398600,2023-07-26 14:40,2023-07-26 15:10,456.3500000000,453.9600000000,target,456.3500000000,0.005237208283,0.005037208283,0.001481131474,7
SPY,2023-07-27,1,3,1690478400,1690488000,2023-07-27 13:20,2023-07-27 16:00,455.1583333333,452.5000000000,session,456.9400000000;455.3550000000;453.1800000000,-0.005829050929,-0.006029050929,-0.005327243009,32
SPY,2023-08-02,1,1,1690987800,1691006400,2023-08-02 10:50,2023-08-02 16:00,451.0700000000,450.2300000000,session,451.0700000000,-0.001862238677,-0.002062238677,-0.000603733007,62
SPY,2023-08-03,-1,1,1691081100,1691086200,2023-08-03 12:45,2023-08-03 14:10,450.4092000000,449.3901000000,target,450.4092000000,0.002262609201,0.002062609201,0.000603426392,18
SPY,2023-08-03,-1,1,1691088900,1691090100,2023-08-03 14:55,2023-08-03 15:15,450.0900000000,449.0050000000,target,450.0900000000,0.002410628985,0.002210628985,0.000646730302,5
SPY,2023-08-04,-1,1,1691167500,1691170200,2023-08-04 12:45,2023-08-04 13:30,452.8700000000,451.6600000000,target,452.8700000000,0.002671848433,0.002471848433,0.000724181393,10
SPY,2023-08-04,1,2,1691173500,1691179200,2023-08-04 14:25,2023-08-04 16:00,447.4449500000,446.8100000000,session,448.1500000000;446.7399000000,-0.001416577859,-0.001616577859,-0.000947222807,19
SPY,2023-08-08,1,1,1691504100,1691512500,2023-08-08 10:15,2023-08-08 12:35,445.7700000000,446.8450000000,target,445.7700000000,0.002411557530,0.002211557530,0.000647759127,29
SPY,2023-08-09,1,1,1691594400,1691602500,2023-08-09 11:20,2023-08-09 13:35,446.3800000000,447.5450000000,target,446.3800000000,0.002609883955,0.002409883955,0.000706368734,28
SPY,2023-08-10,-1,1,1691675400,1691679000,2023-08-10 09:50,2023-08-10 10:50,450.4200000000,449.2300000000,target,450.4200000000,0.002641978598,0.002441978598,0.000716351076,13
SPY,2023-08-10,1,1,1691688600,1691693700,2023-08-10 13:30,2023-08-10 14:55,446.0400000000,447.2100000000,target,446.0400000000,0.002623083132,0.002423083132,0.000710808117,18
SPY,2023-08-11,-1,1,1691763900,1691765700,2023-08-11 10:25,2023-08-11 10:55,446.4500000000,445.2800000000,target,446.4500000000,0.002620674208,0.002420674208,0.000711253025,7
SPY,2023-08-14,-1,1,1692024600,1692043200,2023-08-14 10:50,2023-08-14 16:00,447.0400000000,448.0400000000,session,447.0400000000,-0.002236936292,-0.002436936292,-0.000716608981,62
SPY,2023-08-15,1,1,1692108600,1692129600,2023-08-15 10:10,2023-08-15 16:00,444.0850000000,442.8900000000,session,444.0850000000,-0.002690926287,-0.002890926287,-0.000849419375,70
SPY,2023-08-16,1,1,1692213300,1692216000,2023-08-16 15:15,2023-08-16 16:00,440.2250000000,439.6400000000,session,440.2250000000,-0.001328865921,-0.001528865921,-0.000448782423,9
SPY,2023-08-17,1,2,1692294300,1692302400,2023-08-17 13:45,2023-08-17 16:00,437.6200000000,436.2900000000,session,438.6700000000;436.5700000000,-0.003033427022,-0.003233427022,-0.001897309211,27
SPY,2023-08-18,-1,1,1692371700,1692388800,2023-08-18 11:15,2023-08-18 16:00,435.8000000000,436.4700000000,session,435.8000000000,-0.001537402478,-0.001737402478,-0.000508637422,57
SPY,2023-08-22,1,1,1692714900,1692734400,2023-08-22 10:35,2023-08-22 16:00,438.8400000000,438.1500000000,session,438.8400000000,-0.001572327044,-0.001772327044,-0.000518561356,65
SPY,2023-08-23,-1,1,1692802200,1692820800,2023-08-23 10:50,2023-08-23 16:00,441.8400000000,442.8700000000,session,441.8400000000,-0.002331160601,-0.002531160601,-0.000740149313,62
SPY,2023-08-24,1,2,1692887400,1692907200,2023-08-24 10:30,2023-08-24 16:00,440.9950000000,436.8900000000,session,442.1600000000;439.8300000000,-0.009301581615,-0.009501581615,-0.005552121477,66
SPY,2023-08-25,1,1,1692975000,1692977400,2023-08-25 10:50,2023-08-25 11:30,435.8300000000,438.0450000000,target,435.8300000000,0.005082256843,0.004882256843,0.001417404947,9
SPY,2023-08-25,-1,1,1692991500,1692993600,2023-08-25 15:25,2023-08-25 16:00,441.1000000000,439.9500000000,session,441.1000000000,0.002607118567,0.002407118567,0.000698828815,7
SPY,2023-08-29,-1,2,1693318500,1693339200,2023-08-29 10:15,2023-08-29 16:00,446.4490000000,449.1100000000,session,445.1700000000;447.7280000000,-0.005968623484,-0.006168623484,-0.003590422403,69
SPY,2023-09-01,1,1,1693581300,1693598400,2023-09-01 11:15,2023-09-01 16:00,450.7900000000,451.1900000000,session,450.7900000000,0.000887331130,0.000687331130,0.000199206552,57
SPY,2023-09-06,1,1,1694010600,1694030400,2023-09-06 10:30,2023-09-06 16:00,446.0950000000,446.1400000000,session,446.0950000000,0.000100875374,-0.000099124626,-0.000028735493,66
SPY,2023-09-15,1,1,1694789700,1694808000,2023-09-15 10:55,2023-09-15 16:00,444.9300000000,443.3800000000,session,444.9300000000,-0.003483694064,-0.003683694064,-0.001067840280,61
SPY,2023-09-19,1,1,1695135600,1695145800,2023-09-19 11:00,2023-09-19 13:50,440.5800000000,442.1200000000,target,440.5800000000,0.003495392437,0.003295392437,0.000954105256,35
SPY,2023-09-20,1,1,1695236100,1695240000,2023-09-20 14:55,2023-09-20 16:00,441.8400000000,438.6300000000,session,441.8400000000,-0.007265073330,-0.007465073330,-0.002163714826,13
SPY,2023-09-21,1,1,1695321000,1695326400,2023-09-21 14:30,2023-09-21 16:00,433.3300000000,431.5700000000,session,433.3300000000,-0.004061569704,-0.004261569704,-0.001232121433,18
SPY,2023-09-25,-1,1,1695655200,1695668700,2023-09-25 11:20,2023-09-25 15:05,431.4300000000,430.2620000000,target,431.4300000000,0.002707275804,0.002507275804,0.000723883473,46
SPY,2023-09-26,1,1,1695742200,1695758400,2023-09-26 11:30,2023-09-26 16:00,426.7800000000,425.8800000000,session,426.7800000000,-0.002108814846,-0.002308814846,-0.000667142291,54
SPY,2023-09-27,1,1,1695830700,1695840000,2023-09-27 12:05,2023-09-27 14:40,424.1900000000,425.8600000000,target,424.1900000000,0.003936915062,0.003736915062,0.001078967165,32
SPY,2023-09-28,-1,1,1695914700,1695931200,2023-09-28 11:25,2023-09-28 16:00,428.0950000000,428.5200000000,session,428.0950000000,-0.000992770296,-0.001192770296,-0.000344820005,55
SPY,2023-09-29,1,2,1696002300,1696017600,2023-09-29 11:45,2023-09-29 16:00,428.0450000000,427.4000000000,session,429.3000000000;426.7900000000,-0.001498267553,-0.001698267553,-0.000981519747,51
SPY,2023-10-03,1,1,1696343100,1696363200,2023-10-03 10:25,2023-10-03 16:00,422.6300000000,421.7100000000,session,422.6300000000,-0.002176844994,-0.002376844994,-0.000686075351,67
SPY,2023-10-04,-1,1,1696447500,1696449600,2023-10-04 15:25,2023-10-04 16:00,424.6000000000,424.6600000000,session,424.6000000000,-0.000141309468,-0.000341309468,-0.000098440786,7
SPY,2023-10-05,1,1,1696517400,1696523400,2023-10-05 10:50,2023-10-05 12:30,421.8800000000,423.1650000000,target,421.8800000000,0.003045889826,0.002845889826,0.000820720737,21
SPY,2023-10-06,-1,3,1696604700,1696622400,2023-10-06 11:05,2023-10-06 16:00,427.0466666667,429.5400000000,session,424.6000000000;427.0000000000;429.5400000000,-0.005860985754,-0.006060985754,-0.005248722728,59
SPY,2023-10-09,-1,1,1696872900,1696881600,2023-10-09 13:35,2023-10-09 16:00,430.4900000000,432.2900000000,session,430.4900000000,-0.004181281795,-0.004381281795,-0.001257042723,29
SPY,2023-10-10,-1,1,1696950600,1696968000,2023-10-10 11:10,2023-10-10 16:00,435.7650000000,434.5400000000,session,435.7650000000,0.002811148211,0.002611148211,0.000748075886,58
SPY,2023-10-12,1,2,1697130900,1697140800,2023-10-12 13:15,2023-10-12 16:00,432.9125000000,433.7336000000,session,434.2100000000;431.6150000000,0.001905688105,0.001705688105,0.000978186324,33
SPY,2023-10-13,1,1,1697209500,1697227200,2023-10-13 11:05,2023-10-13 16:00,432.5100000000,431.5200000000,session,432.5100000000,-0.002288964417,-0.002488964417,-0.000714503276,59
SPY,2023-10-16,-1,1,1697467800,1697477100,2023-10-16 10:50,2023-10-16 13:25,436.5300000000,434.9900000000,target,436.5300000000,0.003527821685,0.003327821685,0.000954520192,32
SPY,2023-10-16,-1,1,1697479800,1697486400,2023-10-16 14:10,2023-10-16 16:00,436.5000000000,436.0400000000,session,436.5000000000,0.001053837342,0.000853837342,0.000244906447,22
SPY,2023-10-17,-1,1,1697555700,1697572800,2023-10-17 11:15,2023-10-17 16:00,435.5700000000,436.0200000000,session,435.5700000000,-0.001033129003,-0.001233129003,-0.000354191815,57
SPY,2023-10-18,1,1,1697655000,1697659200,2023-10-18 14:50,2023-10-18 16:00,431.2700000000,430.4300000000,session,431.2700000000,-0.001947735757,-0.002147735757,-0.000616640870,14
SPY,2023-10-19,1,1,1697740500,1697745600,2023-10-19 14:35,2023-10-19 16:00,427.8400000000,426.4300000000,session,427.8400000000,-0.003295624533,-0.003495624533,-0.001002917498,17
SPY,2023-10-20,1,1,1697812800,1697822400,2023-10-20 10:40,2023-10-20 13:20,423.0600000000,424.5600000000,target,423.0600000000,0.003545596369,0.003345596369,0.000958754986,33
SPY,2023-10-20,1,1,1697826000,1697832000,2023-10-20 14:20,2023-10-20 16:00,422.7700000000,421.1900000000,session,422.7700000000,-0.003737256664,-0.003937256664,-0.001128308392,20
SPY,2023-10-23,-1,1,1698074700,1698091200,2023-10-23 11:25,2023-10-23 16:00,422.4300000000,420.4600000000,session,422.4300000000,0.004663494543,0.004463494543,0.001278861283,55
SPY,2023-10-25,1,1,1698250800,1698264000,2023-10-25 12:20,2023-10-25 16:00,418.9900000000,417.5500000000,session,418.9900000000,-0.003436836201,-0.003636836201,-0.001043561022,44
SPY,2023-10-26,1,1,1698336600,1698345300,2023-10-26 12:10,2023-10-26 14:35,413.2900000000,414.7450000000,target,413.2900000000,0.003520530378,0.003320530378,0.000951644541,30
SPY,2023-10-27,1,1,1698426600,1698436800,2023-10-27 13:10,2023-10-27 16:00,410.9900000000,410.6800000000,session,410.9900000000,-0.000754276260,-0.000954276260,-0.000273792693,34
SPY,2023-10-30,-1,1,1698693900,1698696000,2023-10-30 15:25,2023-10-30 16:00,416.6300000000,415.5900000000,session,416.6300000000,0.002496219667,0.002296219667,0.000658601928,7
SPY,2023-11-01,-1,1,1698865500,1698868800,2023-11-01 15:05,2023-11-01 16:00,422.2700000000,422.6100000000,session,422.2700000000,-0.000805172046,-0.001005172046,-0.000288524205,11
SPY,2023-11-02,-1,1,1698943800,1698955200,2023-11-02 12:50,2023-11-02 16:00,429.3900000000,430.6800000000,session,429.3900000000,-0.003004261860,-0.003204261860,-0.000919441945,38
SPY,2023-11-03,-1,1,1699037400,1699041600,2023-11-03 14:50,2023-11-03 16:00,436.0750000000,434.6900000000,session,436.0750000000,0.003176059164,0.002976059164,0.000853048573,14
SPY,2023-11-09,1,1,1699553400,1699563600,2023-11-09 13:10,2023-11-09 16:00,435.5100000000,433.8400000000,session,435.5100000000,-0.003834584740,-0.004034584740,-0.001157608365,34
SPY,2023-11-10,-1,1,1699638000,1699650000,2023-11-10 12:40,2023-11-10 16:00,438.5950000000,440.6100000000,session,438.5950000000,-0.004594215620,-0.004794215620,-0.001373712716,40
SPY,2023-11-14,-1,1,1699976100,1699995600,2023-11-14 10:35,2023-11-14 16:00,449.1300000000,448.7300000000,session,449.1300000000,0.000890610736,0.000690610736,0.000197568223,65
SPY,2023-11-20,-1,1,1700500500,1700514000,2023-11-20 12:15,2023-11-20 16:00,452.9820000000,454.2600000000,session,452.9820000000,-0.002821304158,-0.003021304158,-0.000864526241,45
SPY,2023-11-28,-1,1,1701189300,1701192900,2023-11-28 11:35,2023-11-28 12:35,456.1600000000,455.0400000000,target,456.1600000000,0.002455278850,0.002255278850,0.000644683240,13
SPY,2023-11-29,1,1,1701275400,1701279000,2023-11-29 11:30,2023-11-29 12:30,455.1500000000,456.1901000000,target,455.1500000000,0.002285180710,0.002085180710,0.000596507892,13
SPY,2023-11-29,1,1,1701288900,1701291600,2023-11-29 15:15,2023-11-29 16:00,455.1200000000,454.6100000000,session,455.1200000000,-0.001120583582,-0.001320583582,-0.000377779501,9
SPY,2023-12-01,-1,1,1701449100,1701464400,2023-12-01 11:45,2023-12-01 16:00,458.2300000000,459.0300000000,session,458.2300000000,-0.001745848155,-0.001945848155,-0.000556790882,51
SPY,2023-12-05,-1,1,1701792000,1701793200,2023-12-05 11:00,2023-12-05 11:20,457.3900000000,455.8000000000,target,457.3900000000,0.003476245655,0.003276245655,0.000936866789,5
SPY,2023-12-06,1,1,1701880500,1701896400,2023-12-06 11:35,2023-12-06 16:00,456.1400000000,454.7000000000,session,456.1400000000,-0.003156925505,-0.003356925505,-0.000960986122,53
SPY,2023-12-08,-1,1,1702048200,1702050000,2023-12-08 10:10,2023-12-08 10:40,459.8250000000,458.7000000000,target,459.8250000000,0.002446582939,0.002246582939,0.000642409023,7
SPY,2023-12-08,-1,1,1702050900,1702052400,2023-12-08 10:55,2023-12-08 11:20,459.8400000000,458.4000000000,target,459.8400000000,0.003131524008,0.002931524008,0.000838267504,6
SPY,2023-12-08,-1,1,1702061700,1702069200,2023-12-08 13:55,2023-12-08 16:00,459.4900000000,460.1700000000,session,459.4900000000,-0.001479901630,-0.001679901630,-0.000480366848,25
SPY,2023-12-11,-1,1,1702321800,1702328400,2023-12-11 14:10,2023-12-11 16:00,461.7113000000,461.9900000000,session,461.7113000000,-0.000603623953,-0.000803623953,-0.000230063737,22
SPY,2023-12-12,-1,1,1702411500,1702414800,2023-12-12 15:05,2023-12-12 16:00,463.8200000000,464.1000000000,session,463.8200000000,-0.000603682463,-0.000803682463,-0.000230018855,11
SPY,2023-12-13,-1,3,1702494300,1702501200,2023-12-13 14:05,2023-12-13 16:00,468.7033333333,470.4400000000,session,466.6900000000;468.7600000000;470.6600000000,-0.003717269115,-0.003917269115,-0.003362538365,23
SPY,2023-12-14,1,1,1702579800,1702584000,2023-12-14 13:50,2023-12-14 15:00,470.4200000000,471.5200000000,target,470.4200000000,0.002338335955,0.002138335955,0.000609444180,15
SPY,2023-12-20,1,2,1703102100,1703106000,2023-12-20 14:55,2023-12-20 16:00,470.7100000000,468.2600000000,session,471.6700000000;469.7500000000,-0.005200765416,-0.005400765416,-0.003080723709,13
SPY,2023-12-21,1,1,1703182800,1703183100,2023-12-21 13:20,2023-12-21 13:25,468.9000000000,470.0200000000,target,468.9000000000,0.002388568991,0.002188568991,0.000621958173,2
SPY,2023-12-29,1,1,1703867100,1703875800,2023-12-29 11:25,2023-12-29 13:50,474.2800000000,475.2800000000,target,474.2800000000,0.002108459138,0.001908459138,0.000542750854,30
SPY,2024-01-04,-1,1,1704384900,1704387300,2024-01-04 11:15,2024-01-04 11:55,470.7600000000,469.7700000000,target,470.7600000000,0.002102982411,0.001902982411,0.000541537598,9
SPY,2024-01-05,-1,1,1704467100,1704473400,2024-01-05 10:05,2024-01-05 11:50,469.7500000000,468.6900000000,target,469.7500000000,0.002256519425,0.002056519425,0.000585601329,22
SPY,2024-01-08,-1,2,1704728100,1704747600,2024-01-08 10:35,2024-01-08 16:00,471.4750000000,474.6000000000,session,470.4100000000;472.5400000000,-0.006633271441,-0.006833271441,-0.003894265127,65
SPY,2024-01-09,-1,1,1704819600,1704834000,2024-01-09 12:00,2024-01-09 16:00,474.2250000000,473.7900000000,session,474.2250000000,0.000917286098,0.000717286098,0.000203458719,48
SPY,2024-01-10,-1,1,1704914100,1704920400,2024-01-10 14:15,2024-01-10 16:00,476.3300000000,476.5100000000,session,476.3300000000,-0.000377889278,-0.000577889278,-0.000163957903,21
SPY,2024-01-11,1,2,1704985500,1704997500,2024-01-11 10:05,2024-01-11 13:25,473.8775000000,474.9000000000,target,475.0000000000;472.7550000000,0.002163353779,0.001963353779,0.001113865134,41
SPY,2024-01-11,1,1,1704997800,1704999900,2024-01-11 13:30,2024-01-11 14:05,474.7600000000,475.8000000000,target,474.7600000000,0.002190580504,0.001990580504,0.000564655806,8
SPY,2024-01-11,1,1,1705000200,1705002900,2024-01-11 14:10,2024-01-11 14:55,475.3700000000,476.5800000000,target,475.3700000000,0.002545385700,0.002345385700,0.000665301227,10
SPY,2024-01-12,1,1,1705074600,1705085400,2024-01-12 10:50,2024-01-12 13:50,475.7600000000,476.8600000000,target,475.7600000000,0.002312090129,0.002112090129,0.000600773820,37
SPY,2024-01-16,1,1,1705432800,1705434600,2024-01-16 14:20,2024-01-16 14:50,473.1100000000,474.1800000000,target,473.1100000000,0.002261630488,0.002061630488,0.000586833677,7
SPY,2024-01-18,-1,1,1705608600,1705611600,2024-01-18 15:10,2024-01-18 16:00,476.1600000000,476.4900000000,session,476.1600000000,-0.000693044355,-0.000893044355,-0.000254375675,10
SPY,2024-01-19,-1,2,1705686900,1705698000,2024-01-19 12:55,2024-01-19 16:00,480.9325000000,482.3600000000,session,479.9750000000;481.8900000000,-0.002972167561,-0.003172167561,-0.001806589012,37
SPY,2024-01-24,1,1,1706127600,1706130000,2024-01-24 15:20,2024-01-24 16:00,485.5100000000,485.3800000000,session,485.5100000000,-0.000267759675,-0.000467759675,-0.000132915803,8
SPY,2024-01-29,-1,1,1706558700,1706562000,2024-01-29 15:05,2024-01-29 16:00,489.8650000000,491.2700000000,session,489.8650000000,-0.002868137140,-0.003068137140,-0.000871687639,11
SPY,2024-01-31,1,1,1706715600,1706724600,2024-01-31 10:40,2024-01-31 13:10,486.5400000000,487.5000000000,target,486.5400000000,0.001973116291,0.001773116291,0.000503244404,31
SPY,2024-01-31,1,1,1706727900,1706730000,2024-01-31 14:05,2024-01-31 14:40,486.4000000000,487.9900000000,target,486.4000000000,0.003268914474,0.003068914474,0.000871016776,8
SPY,2024-01-31,1,2,1706731200,1706734800,2024-01-31 15:00,2024-01-31 16:00,485.5550000000,482.9100000000,session,486.5000000000;484.6100000000,-0.005443607476,-0.005643607476,-0.003203528041,12
SPY,2024-02-01,-1,2,1706807400,1706821200,2024-02-01 12:10,2024-02-01 16:00,487.9850500000,489.1600000000,session,487.0700000000;488.9001000000,-0.002411282892,-0.002611282892,-0.001479079826,46
SPY,2024-02-02,-1,2,1706888700,1706907600,2024-02-02 10:45,2024-02-02 16:00,493.0425000000,494.1700000000,session,492.1750000000;493.9100000000,-0.002289923986,-0.002489923986,-0.001407884658,63
SPY,2024-02-05,1,1,1707146400,1707152700,2024-02-05 10:20,2024-02-05 12:05,491.0700000000,492.2000000000,target,491.0700000000,0.002301097603,0.002101097603,0.000593028702,22
SPY,2024-02-09,-1,1,1707503700,1707512400,2024-02-09 13:35,2024-02-09 16:00,500.8901000000,501.1600000000,session,500.8901000000,-0.000538840756,-0.000738840756,-0.000208681711,29
SPY,2024-02-12,-1,1,1707755700,1707762900,2024-02-12 11:35,2024-02-12 13:35,503.4200000000,502.3600000000,target,503.4200000000,0.002105597712,0.001905597712,0.000538093562,25
SPY,2024-02-13,1,1,1707851700,1707858000,2024-02-13 14:15,2024-02-13 16:00,492.0950000000,494.0800000000,session,492.0950000000,0.004033773966,0.003833773966,0.001083250387,21
SPY,2024-02-15,-1,1,1708024200,1708030800,2024-02-15 14:10,2024-02-15 16:00,501.5600000000,501.9600000000,session,501.5600000000,-0.000797511763,-0.000997511763,-0.000282211701,22
SPY,2024-02-20,1,1,1708448700,1708458600,2024-02-20 12:05,2024-02-20 14:50,495.2500000000,496.6550000000,target,495.2500000000,0.002836951035,0.002636951035,0.000745786688,34
SPY,2024-02-22,-1,2,1708624500,1708635600,2024-02-22 12:55,2024-02-22 16:00,507.3500000000,507.5000000000,session,506.2700000000;508.4300000000,-0.000300186646,-0.000500186646,-0.000283175855,37
SPY,2024-02-29,1,1,1709224800,1709226300,2024-02-29 11:40,2024-02-29 12:05,505.8200000000,506.9510000000,target,505.8200000000,0.002235973271,0.002035973271,0.000576131155,6
SPY,2024-03-01,-1,1,1709309400,1709326800,2024-03-01 11:10,2024-03-01 16:00,511.1350000000,512.8400000000,session,511.1350000000,-0.003335713657,-0.003535713657,-0.001001200395,58
SPY,2024-03-05,1,2,1709652900,1709672400,2024-03-05 10:35,2024-03-05 16:00,506.8900000000,507.1800000000,session,507.9700000000;505.8100000000,0.000576658482,0.000376658482,0.000213063729,65
SPY,2024-03-07,-1,1,1709837400,1709845200,2024-03-07 13:50,2024-03-07 16:00,515.5400000000,514.7900000000,session,515.5400000000,0.001454785274,0.001254785274,0.000354985187,26
SPY,2024-03-08,-1,1,1709910000,1709913900,2024-03-08 10:00,2024-03-08 11:05,517.7600000000,516.4900000000,target,517.7600000000,0.002452873918,0.002252873918,0.000637616160,14
SPY,2024-03-08,1,1,1709920500,1709927100,2024-03-08 12:55,2024-03-08 14:45,512.8400000000,514.3700000000,target,512.8400000000,0.002983386631,0.002783386631,0.000787763701,23
SPY,2024-03-08,1,1,1709928900,1709931600,2024-03-08 15:15,2024-03-08 16:00,512.9900000000,511.7700000000,session,512.9900000000,-0.002378214000,-0.002578214000,-0.000729695034,9
SPY,2024-03-12,-1,1,1710255000,1710261600,2024-03-12 10:50,2024-03-12 12:40,516.1300000000,514.5500000000,target,516.1300000000,0.003061244260,0.002861244260,0.000810462744,23
SPY,2024-03-12,-1,1,1710266700,1710273600,2024-03-12 14:05,2024-03-12 16:00,515.7800000000,516.7800000000,session,515.7800000000,-0.001938811121,-0.002138811121,-0.000605829692,23
SPY,2024-03-14,1,1,1710424500,1710426900,2024-03-14 09:55,2024-03-14 10:35,514.1100000000,515.5100000000,target,514.1100000000,0.002723152633,0.002523152633,0.000714868589,9
SPY,2024-03-14,1,1,1710427800,1710446400,2024-03-14 10:50,2024-03-14 16:00,514.6400000000,514.9500000000,session,514.6400000000,0.000602362817,0.000402362817,0.000113998866,62
SPY,2024-03-19,-1,1,1710866700,1710878400,2024-03-19 12:45,2024-03-19 16:00,514.9600000000,515.7700000000,session,514.9600000000,-0.001572937704,-0.001772937704,-0.000502804867,39
SPY,2024-03-20,-1,1,1710960600,1710964800,2024-03-20 14:50,2024-03-20 16:00,519.4450000000,520.4200000000,session,519.4450000000,-0.001877003340,-0.002077003340,-0.000588689727,14
SPY,2024-03-27,1,1,1711555200,1711563900,2024-03-27 12:00,2024-03-27 14:25,519.5400000000,520.7050000000,target,519.5400000000,0.002242368249,0.002042368249,0.000578472251,30
SPY,2024-04-01,1,1,1711984800,1712001600,2024-04-01 11:20,2024-04-01 16:00,521.6000000000,522.1600000000,session,521.6000000000,0.001073619632,0.000873619632,0.000247609001,56
SPY,2024-04-03,-1,1,1712153100,1712171700,2024-04-03 10:05,2024-04-03 15:15,519.9800000000,518.7300000000,target,519.9800000000,0.002403938613,0.002203938613,0.000624841675,63
SPY,2024-04-04,1,3,1712254200,1712260800,2024-04-04 14:10,2024-04-04 16:00,518.7183333333,513.1200000000,session,520.5650000000;519.0600000000;516.5300000000,-0.010782426089,-0.010982426089,-0.009347790571,22
SPY,2024-04-05,-1,2,1712328600,1712347200,2024-04-05 10:50,2024-04-05 16:00,518.2175000000,518.4300000000,session,517.0050000000;519.4300000000,-0.000415536193,-0.000615536193,-0.000345443503,62
SPY,2024-04-09,1,2,1712673000,1712692800,2024-04-09 10:30,2024-04-09 16:00,516.6900000000,519.2800000000,session,517.5900000000;515.7900000000,0.005015726130,0.004815726130,0.002701512382,66
SPY,2024-04-10,-1,1,1712760000,1712760900,2024-04-10 10:40,2024-04-10 10:55,515.9600000000,514.4200000000,target,515.9600000000,0.002984727498,0.002784727498,0.000783591924,4
SPY,2024-04-11,1,1,1712844900,1712850900,2024-04-11 10:15,2024-04-11 11:55,513.0800000000,514.4900000000,target,513.0800000000,0.002748109457,0.002548109457,0.000717675749,21
SPY,2024-04-11,-1,1,1712858700,1712865600,2024-04-11 14:05,2024-04-11 16:00,518.3350000000,518.0000000000,session,518.3350000000,0.000646300173,0.000446300173,0.000125700570,23
SPY,2024-04-12,1,1,1712939700,1712952000,2024-04-12 12:35,2024-04-12 16:00,511.5900000000,510.8400000000,session,511.5900000000,-0.001466017709,-0.001666017709,-0.000469702719,41
SPY,2024-04-15,1,3,1713191700,1713211200,2024-04-15 10:35,2024-04-15 16:00,509.4983333333,504.5894000000,session,512.2400000000;509.6750000000;506.5800000000,-0.009614396109,-0.009814396109,-0.008296349702,65
SPY,2024-04-17,1,1,1713365700,1713366300,2024-04-17 10:55,2024-04-17 11:05,502.5000000000,503.9300000000,target,502.5000000000,0.002845771144,0.002645771144,0.000738194995,3
SPY,2024-04-17,1,2,1713366900,1713379500,2024-04-17 11:15,2024-04-17 14:45,501.5350000000,503.8600000000,target,502.8900000000;500.1800000000,0.004643101297,0.004443101297,0.002479333973,43
SPY,2024-04-17,1,1,1713379800,1713384000,2024-04-17 14:50,2024-04-17 16:00,502.9800000000,500.5500000000,session,502.9800000000,-0.004831206012,-0.005031206012,-0.001403753725,14
SPY,2024-04-18,1,1,1713461100,1713470400,2024-04-18 13:25,2024-04-18 16:00,498.9300000000,499.6000000000,session,498.9300000000,0.001342873750,0.001142873750,0.000319563481,31
SPY,2024-04-19,1,1,1713543300,1713546600,2024-04-19 12:15,2024-04-19 13:10,495.8000000000,497.3500000000,target,495.8000000000,0.003126260589,0.002926260589,0.000818535086,12
SPY,2024-04-19,1,1,1713548400,1713549300,2024-04-19 13:40,2024-04-19 13:55,496.5800000000,498.2900000000,target,496.5800000000,0.003443553909,0.003243553909,0.000907288533,4
SPY,2024-04-19,1,1,1713549900,1713556800,2024-04-19 14:05,2024-04-19 16:00,496.3200000000,495.1600000000,session,496.3200000000,-0.002337201805,-0.002537201805,-0.000709707367,23
SPY,2024-04-22,-1,1,1713808200,1713816000,2024-04-22 13:50,2024-04-22 16:00,500.9200000000,499.7200000000,session,500.9200000000,0.002395592111,0.002195592111,0.000614895790,26
SPY,2024-04-23,-1,1,1713882900,1713902400,2024-04-23 10:35,2024-04-23 16:00,504.9900000000,505.6550000000,session,504.9900000000,-0.001316857760,-0.001516857760,-0.000425120888,65
SPY,2024-04-24,1,1,1713976500,1713979500,2024-04-24 12:35,2024-04-24 13:25,503.3250000000,505.0200000000,target,503.3250000000,0.003367605424,0.003167605424,0.000887317447,11
SPY,2024-04-25,-1,1,1714066800,1714075200,2024-04-25 13:40,2024-04-25 16:00,502.9400000000,503.4400000000,session,502.9400000000,-0.000994154372,-0.001194154372,-0.000334862667,28
SPY,2024-04-26,-1,1,1714150800,1714161600,2024-04-26 13:00,2024-04-26 16:00,509.5600000000,508.2600000000,session,509.5600000000,0.002551220661,0.002351220661,0.000659062714,36
SPY,2024-04-30,1,1,1714494900,1714507200,2024-04-30 12:35,2024-04-30 16:00,505.3300000000,501.9800000000,session,505.3300000000,-0.006629331328,-0.006829331328,-0.001915807094,41
SPY,2024-05-01,-1,1,1714589100,1714593600,2024-05-01 14:45,2024-05-01 16:00,506.8100000000,500.3900000000,session,506.8100000000,0.012667469071,0.012467469071,0.003489491297,15
SPY,2024-05-02,1,1,1714659000,1714659900,2024-05-02 10:10,2024-05-02 10:25,499.7800000000,502.0000000000,target,499.7800000000,0.004441954460,0.004241954460,0.001192204983,4
SPY,2024-05-02,1,1,1714661100,1714662600,2024-05-02 10:45,2024-05-02 11:10,501.0300000000,503.0500000000,target,501.0300000000,0.004031694709,0.003831694709,0.001076901124,6
SPY,2024-05-15,-1,1,1715792100,1715803200,2024-05-15 12:55,2024-05-15 16:00,528.4400000000,529.7600000000,session,528.4400000000,-0.002497918401,-0.002697918401,-0.000760292930,37
SPY,2024-05-22,1,1,1716402600,1716408000,2024-05-22 14:30,2024-05-22 16:00,527.8200000000,529.8400000000,session,527.8200000000,0.003827062256,0.003627062256,0.001021213182,18
SPY,2024-05-23,1,1,1716472500,1716475200,2024-05-23 09:55,2024-05-23 10:40,529.7300000000,530.8500000000,target,529.7300000000,0.002114284636,0.001914284636,0.000539625755,10
SPY,2024-05-23,1,3,1716475500,1716494400,2024-05-23 10:45,2024-05-23 16:00,528.1580000000,525.9800000000,session,530.3800000000;528.0140000000;526.0800000000,-0.004112731502,-0.004312731502,-0.003647202121,63
SPY,2024-05-24,-1,1,1716563700,1716577500,2024-05-24 11:15,2024-05-24 15:05,530.2050000000,528.5900000000,target,530.2050000000,0.003045991645,0.002845991645,0.000799320521,47
SPY,2024-05-28,1,1,1716921300,1716926400,2024-05-28 14:35,2024-05-28 16:00,527.6200000000,529.8100000000,session,527.6200000000,0.004150714529,0.003950714529,0.001110643799,17
SPY,2024-05-31,1,2,1717165500,1717179600,2024-05-31 10:25,2024-05-31 14:20,519.8675000000,521.2400000000,target,520.9550000000;518.7800000000,0.002644483324,0.002444483324,0.001376219697,48
SPY,2024-05-31,1,1,1717179900,1717183500,2024-05-31 14:25,2024-05-31 15:25,521.1651000000,522.5400000000,target,521.1651000000,0.002638127534,0.002438127534,0.000686320725,13
SPY,2024-06-03,1,2,1717426200,1717444800,2024-06-03 10:50,2024-06-03 16:00,525.1800000000,527.7900000000,session,526.4600000000;523.9000000000,0.004975694457,0.004775694457,0.002695234990,62
SPY,2024-06-05,-1,1,1717610700,1717617600,2024-06-05 14:05,2024-06-05 16:00,533.3200000000,534.6300000000,session,533.3200000000,-0.002456311408,-0.002656311408,-0.000751951107,23
SPY,2024-06-07,-1,1,1717771800,1717772700,2024-06-07 10:50,2024-06-07 11:05,536.1600000000,534.7499000000,target,536.1600000000,0.002629998508,0.002429998508,0.000687277161,4
SPY,2024-06-07,-1,1,1717779600,1717783500,2024-06-07 13:00,2024-06-07 14:05,536.3486000000,534.8500000000,target,536.3486000000,0.002794078329,0.002594078329,0.000733683903,14
SPY,2024-06-10,-1,1,1718046900,1718049600,2024-06-10 15:15,2024-06-10 16:00,535.7700000000,535.6600000000,session,535.7700000000,0.000205311981,0.000005311981,0.000001504905,9
SPY,2024-06-11,-1,1,1718132700,1718136000,2024-06-11 15:05,2024-06-11 16:00,536.4900000000,536.9500000000,session,536.4900000000,-0.000857425115,-0.001057425115,-0.000299573226,11
SPY,2024-06-13,1,1,1718290800,1718300700,2024-06-13 11:00,2024-06-13 13:45,540.5500000000,541.7801000000,target,540.5500000000,0.002275645176,0.002075645176,0.000587832217,34
SPY,2024-06-17,-1,2,1718641500,1718654400,2024-06-17 12:25,2024-06-17 16:00,545.8150000000,547.0300000000,session,544.7100000000;546.9200000000,-0.002230136688,-0.002430136688,-0.001377404015,43
SPY,2024-06-20,1,1,1718901000,1718913600,2024-06-20 12:30,2024-06-20 16:00,546.9600000000,547.0000000000,session,546.9600000000,0.000073131490,-0.000126868510,-0.000035896352,42
SPY,2024-06-24,-1,1,1719238200,1719239400,2024-06-24 10:10,2024-06-24 10:30,546.8904000000,545.4300000000,target,546.8904000000,0.002670370517,0.002470370517,0.000698940504,5
SPY,2024-06-28,-1,1,1719583500,1719587100,2024-06-28 10:05,2024-06-28 11:05,549.4800000000,547.8600000000,target,549.4800000000,0.002948241974,0.002748241974,0.000778198800,13
SPY,2024-06-28,1,1,1719600600,1719604800,2024-06-28 14:50,2024-06-28 16:00,544.9700000000,544.2600000000,session,544.9700000000,-0.001302824009,-0.001502824009,-0.000425543257,14
SPY,2024-07-01,1,1,1719843300,1719843600,2024-07-01 10:15,2024-07-01 10:20,542.7900000000,544.2200000000,target,542.7900000000,0.002634536377,0.002434536377,0.000689655354,2
SPY,2024-07-01,1,1,1719844800,1719849600,2024-07-01 10:40,2024-07-01 12:00,543.3350000000,544.4700000000,target,543.3350000000,0.002088950647,0.001888950647,0.000535101853,17
SPY,2024-07-02,-1,1,1719933000,1719950400,2024-07-02 11:10,2024-07-02 16:00,545.9490000000,548.9800000000,session,545.9490000000,-0.005551800626,-0.005751800626,-0.001631718006,58
SPY,2024-07-03,-1,1,1720023600,1720026300,2024-07-03 12:20,2024-07-03 13:05,551.0800000000,551.4600000000,session,551.0800000000,-0.000689555056,-0.000889555056,-0.000251872444,9
SPY,2024-07-05,-1,1,1720200900,1720209600,2024-07-05 13:35,2024-07-05 16:00,554.0700000000,554.6700000000,session,554.0700000000,-0.001082895663,-0.001282895663,-0.000363136887,29
SPY,2024-07-10,-1,1,1720629900,1720641600,2024-07-10 12:45,2024-07-10 16:00,559.1763000000,561.3200000000,session,559.1763000000,-0.003833674639,-0.004033674639,-0.001141285070,39
SPY,2024-07-11,1,2,1720707900,1720728000,2024-07-11 10:25,2024-07-11 16:00,558.2725000000,556.4700000000,session,559.3450000000;557.2000000000,-0.003225031252,-0.003425031252,-0.001935545917,67
SPY,2024-07-12,-1,2,1720794000,1720814400,2024-07-12 10:20,2024-07-12 16:00,560.8754500000,559.9000000000,session,559.8109000000;561.9400000000,0.001735559962,0.001535559962,0.000865790743,68
SPY,2024-07-15,-1,1,1721056500,1721057700,2024-07-15 11:15,2024-07-15 11:35,564.5200000000,563.3200000000,target,564.5200000000,0.002125699709,0.001925699709,0.000543436857,5
SPY,2024-07-18,1,3,1721315400,1721332800,2024-07-18 11:10,2024-07-18 16:00,553.3683333333,552.6600000000,session,555.8900000000;553.3300000000;550.8850000000,-0.001266421550,-0.001466421550,-0.001242279442,58
SPY,2024-07-19,1,1,1721403000,1721404800,2024-07-19 11:30,2024-07-19 12:00,549.6478000000,551.0300000000,target,549.6478000000,0.002514701232,0.002314701232,0.000652674771,7
SPY,2024-07-19,1,1,1721406900,1721419200,2024-07-19 12:35,2024-07-19 16:00,549.5100000000,548.9000000000,session,549.5100000000,-0.001110079889,-0.001310079889,-0.000369402358,41
SPY,2024-07-24,1,2,1721829900,1721851200,2024-07-24 10:05,2024-07-24 16:00,545.0150000000,541.2300000000,session,546.2900000000;543.7400000000,-0.006939328242,-0.007139328242,-0.004027491550,71
SPY,2024-07-25,1,1,1721916600,1721917200,2024-07-25 10:10,2024-07-25 10:20,538.0100000000,539.4800000000,target,538.0100000000,0.002732291221,0.002532291221,0.000710867992,3
SPY,2024-07-25,-1,2,1721923500,1721930100,2024-07-25 12:05,2024-07-25 13:55,545.8400000000,544.3500000000,target,544.5100000000;547.1700000000,0.002723816748,0.002523816748,0.001416978054,23
SPY,2024-07-25,-1,1,1721930400,1721931900,2024-07-25 14:00,2024-07-25 14:25,544.6350000000,542.6000000000,target,544.6350000000,0.003736447345,0.003536447345,0.000992755968,6
SPY,2024-07-26,-1,1,1722009900,1722020100,2024-07-26 12:05,2024-07-26 14:55,545.3900000000,543.6400000000,target,545.3900000000,0.003208713031,0.003008713031,0.000847739390,35
SPY,2024-07-30,1,2,1722351900,1722369600,2024-07-30 11:05,2024-07-30 16:00,541.0750000000,542.0000000000,session,541.9900000000;540.1600000000,0.001712424315,0.001512424315,0.000853140541,59
SPY,2024-07-31,-1,1,1722451500,1722453600,2024-07-31 14:45,2024-07-31 15:20,552.5000000000,550.7000000000,target,552.5000000000,0.003257918552,0.003057918552,0.000863337327,8
SPY,2024-08-01,1,3,1722523500,1722542400,2024-08-01 10:45,2024-08-01 16:00,545.5900000000,542.9700000000,session,548.6800000000;545.8500000000;542.2400000000,-0.004778900642,-0.004978900642,-0.004221353992,63
SPY,2024-08-02,1,1,1722607800,1722628800,2024-08-02 10:10,2024-08-02 16:00,531.6400000000,532.9000000000,session,531.6400000000,0.002370024829,0.002170024829,0.000610230698,70
SPY,2024-08-05,-1,3,1722865200,1722883500,2024-08-05 09:40,2024-08-05 14:45,519.6883333333,516.5900000000,target,515.7250000000;519.7900000000;523.5500000000,0.005924313708,0.005724313708,0.004832680221,62
SPY,2024-08-05,-1,1,1722883800,1722888000,2024-08-05 14:50,2024-08-05 16:00,515.8600000000,517.3800000000,session,515.8600000000,-0.002946535882,-0.003146535882,-0.000885474516,14
SPY,2024-08-06,-1,2,1722953400,1722974400,2024-08-06 10:10,2024-08-06 16:00,525.9550000000,522.0300000000,session,523.8000000000;528.1100000000,0.007445952687,0.007245952687,0.004097270770,70
SPY,2024-08-07,1,2,1723050600,1723060800,2024-08-07 13:10,2024-08-07 16:00,521.5500000000,518.5600000000,session,523.8500000000;519.2500000000,-0.005713575129,-0.005913575129,-0.003360022283,34
SPY,2024-08-08,-1,1,1723133400,1723147200,2024-08-08 12:10,2024-08-08 16:00,528.7800000000,530.6500000000,session,528.7800000000,-0.003536442377,-0.003736442377,-0.001057315972,46
SPY,2024-08-13,-1,1,1723574400,1723579200,2024-08-13 14:40,2024-08-13 16:00,541.3700000000,541.9800000000,session,541.3700000000,-0.001126770970,-0.001326770970,-0.000374974057,16
SPY,2024-08-22,1,1,1724341200,1724356800,2024-08-22 11:40,2024-08-22 16:00,558.5300000000,556.2200000000,session,558.5300000000,-0.004135856624,-0.004335856624,-0.001224864540,52
SPY,2024-08-28,1,1,1724862300,1724875200,2024-08-28 12:25,2024-08-28 16:00,557.1700000000,558.3400000000,session,557.1700000000,0.002099897697,0.001899897697,0.000535938840,43
SPY,2024-09-03,1,2,1725372900,1725393600,2024-09-03 10:15,2024-09-03 16:00,554.8497000000,552.1400000000,session,556.5499000000;553.1495000000,-0.004874321012,-0.005074321012,-0.002864625810,69
SPY,2024-09-04,-1,1,1725462300,1725463800,2024-09-04 11:05,2024-09-04 11:30,554.3300000000,552.1300000000,target,554.3300000000,0.003968755074,0.003768755074,0.001060196153,6
SPY,2024-09-06,1,2,1725632700,1725652800,2024-09-06 10:25,2024-09-06 16:00,543.7950000000,540.4100000000,session,545.7500000000;541.8400000000,-0.006211927712,-0.006411927712,-0.003612036779,67
SPY,2024-09-10,1,1,1725984000,1725988500,2024-09-10 12:00,2024-09-10 13:15,544.1500000000,546.6700000000,target,544.1500000000,0.004631075990,0.004431075990,0.001242745863,16
SPY,2024-09-11,1,2,1726063200,1726069500,2024-09-11 10:00,2024-09-11 11:45,542.6700000000,544.7300000000,target,544.6900000000;540.6500000000,0.003809954053,0.003609954053,0.002027896515,22
SPY,2024-09-11,1,1,1726069800,1726072800,2024-09-11 11:50,2024-09-11 12:40,544.8800000000,547.2700000000,target,544.8800000000,0.004386286889,0.004186286889,0.001175826128,11
SPY,2024-09-11,-1,1,1726082400,1726084800,2024-09-11 15:20,2024-09-11 16:00,552.6400000000,554.8500000000,session,552.6400000000,-0.003998986682,-0.004198986682,-0.001179393191,8
SPY,2024-09-12,-1,1,1726163700,1726171200,2024-09-12 13:55,2024-09-12 16:00,559.1200000000,559.0900000000,session,559.1200000000,0.000053655745,-0.000146344255,-0.000041203290,25
SPY,2024-09-26,1,1,1727364900,1727380800,2024-09-26 11:35,2024-09-26 16:00,571.0500000000,572.3000000000,session,571.0500000000,0.002188950179,0.001988950179,0.000559962491,53
SPY,2024-10-01,1,2,1727790300,1727806200,2024-10-01 09:45,2024-10-01 14:10,568.2250000000,569.8600000000,target,570.2100000000;566.2400000000,0.002889619968,0.002689619968,0.001515457574,54
SPY,2024-10-01,1,1,1727806500,1727812800,2024-10-01 14:15,2024-10-01 16:00,570.1000000000,568.7000000000,session,570.1000000000,-0.002455709525,-0.002655709525,-0.000748175423,21
SPY,2024-10-04,1,1,1728052200,1728057600,2024-10-04 10:30,2024-10-04 12:00,568.8400000000,570.4700000000,target,568.8400000000,0.002865480627,0.002665480627,0.000751609896,19
SPY,2024-10-07,1,1,1728326700,1728331200,2024-10-07 14:45,2024-10-07 16:00,568.1901000000,567.8000000000,session,568.1901000000,-0.000686565993,-0.000886565993,-0.000250215220,15
SPY,2024-10-09,-1,1,1728488700,1728504000,2024-10-09 11:45,2024-10-09 16:00,576.5000000000,577.1400000000,session,576.5000000000,-0.001110147441,-0.001310147441,-0.000369653197,51
SPY,2024-10-11,-1,1,1728656100,1728676800,2024-10-11 10:15,2024-10-11 16:00,579.0400000000,579.5800000000,session,579.0400000000,-0.000932578060,-0.001132578060,-0.000319413107,69
SPY,2024-10-14,-1,1,1728930900,1728936000,2024-10-14 14:35,2024-10-14 16:00,584.1300000000,584.2900000000,session,584.1300000000,-0.000273911629,-0.000473911629,-0.000133603540,17
SPY,2024-10-15,1,1,1729007700,1729022400,2024-10-15 11:55,2024-10-15 16:00,581.3300000000,579.9400000000,session,581.3300000000,-0.002391068756,-0.002591068756,-0.000730349820,49
SPY,2024-10-17,1,1,1729177500,1729179000,2024-10-17 11:05,2024-10-17 11:30,582.4101000000,584.0300000000,target,582.4101000000,0.002781373469,0.002581373469,0.000726988554,6
SPY,2024-10-17,1,1,1729188600,1729195200,2024-10-17 14:10,2024-10-17 16:00,582.8950000000,582.3500000000,session,582.8950000000,-0.000934988291,-0.001134988291,-0.000319645145,22
SPY,2024-10-21,1,1,1729523400,1729526400,2024-10-21 11:10,2024-10-21 12:00,580.9400000000,582.3300000000,target,580.9400000000,0.002392673942,0.002192673942,0.000617817381,11
SPY,2024-10-22,-1,1,1729619700,1729627200,2024-10-22 13:55,2024-10-22 16:00,583.7550000000,583.3200000000,session,583.7550000000,0.000745175630,0.000545175630,0.000153723338,25
SPY,2024-10-23,1,2,1729700700,1729713600,2024-10-23 12:25,2024-10-23 16:00,577.1800000000,577.9900000000,session,578.4000000000;575.9600000000,0.001407849155,0.001207849155,0.000681278970,43
SPY,2024-10-24,1,1,1729785000,1729787700,2024-10-24 11:50,2024-10-24 12:35,577.1000000000,578.6600000000,target,577.1000000000,0.002703171028,0.002503171028,0.000706516613,10
SPY,2024-10-25,-1,1,1729866300,1729869900,2024-10-25 10:25,2024-10-25 11:25,584.3700000000,583.0000000000,target,584.3700000000,0.002344405086,0.002144405086,0.000605760434,13
SPY,2024-10-25,1,1,1729878300,1729878600,2024-10-25 13:45,2024-10-25 13:50,578.5800000000,579.9380000000,target,578.5800000000,0.002347125722,0.002147125722,0.000606528971,2
SPY,2024-10-25,1,1,1729879800,1729881000,2024-10-25 14:10,2024-10-25 14:30,578.4600000000,579.8400000000,target,578.4600000000,0.002385644643,0.002185644643,0.000617409955,5
SPY,2024-10-29,-1,1,1730222100,1730232000,2024-10-29 13:15,2024-10-29 16:00,582.5600000000,581.7700000000,session,582.5600000000,0.001356083494,0.001156083494,0.000327280351,33
SPY,2024-10-31,1,2,1730384100,1730404800,2024-10-31 10:15,2024-10-31 16:00,571.4400000000,568.5250000000,session,572.4900000000;570.3900000000,-0.005097788917,-0.005297788917,-0.003000700879,69
SPY,2024-11-01,-1,1,1730470500,1730480700,2024-11-01 10:15,2024-11-01 13:05,574.3700000000,572.9800000000,target,574.3700000000,0.002420042830,0.002220042830,0.000626502532,35
SPY,2024-11-04,1,1,1730740200,1730741100,2024-11-04 12:10,2024-11-04 12:25,567.9600000000,569.5900000000,target,567.9600000000,0.002869920417,0.002669920417,0.000754016864,4
SPY,2024-11-05,-1,2,1730818800,1730840400,2024-11-05 10:00,2024-11-05 16:00,575.2025000000,576.6500000000,session,574.0100000000;576.3950000000,-0.002520813979,-0.002720813979,-0.001538147299,72
SPY,2024-11-06,1,1,1730904900,1730906100,2024-11-06 09:55,2024-11-06 10:15,585.9500000000,587.3950000000,target,585.9500000000,0.002466080724,0.002266080724,0.000639375493,5
SPY,2024-11-07,-1,1,1731010800,1731013200,2024-11-07 15:20,2024-11-07 16:00,596.3500000000,595.5200000000,session,596.3500000000,0.001391800117,0.001191800117,0.000336520835,8
SPY,2024-11-08,-1,1,1731094800,1731099600,2024-11-08 14:40,2024-11-08 16:00,599.4600000000,598.1900000000,session,599.4600000000,0.002118573383,0.001918573383,0.000541950281,16
SPY,2024-11-12,1,1,1731434400,1731436500,2024-11-12 13:00,2024-11-12 13:35,594.6700000000,596.3450000000,target,594.6700000000,0.002816688247,0.002616688247,0.000739623443,8
SPY,2024-11-14,1,1,1731606600,1731607800,2024-11-14 12:50,2024-11-14 13:10,593.8300000000,595.4500000000,target,593.8300000000,0.002728053483,0.002528053483,0.000715193537,5
SPY,2024-11-14,1,1,1731610500,1731618000,2024-11-14 13:55,2024-11-14 16:00,594.3901000000,593.3500000000,session,594.3901000000,-0.001749860908,-0.001949860908,-0.000551621209,25
SPY,2024-11-15,1,1,1731684300,1731704400,2024-11-15 10:25,2024-11-15 16:00,586.8000000000,585.7800000000,session,586.8000000000,-0.001738241309,-0.001938241309,-0.000548439672,67
SPY,2024-11-18,-1,1,1731948000,1731955500,2024-11-18 11:40,2024-11-18 13:45,589.3800000000,587.3600000000,target,589.3800000000,0.003427330415,0.003227330415,0.000912606943,26
SPY,2024-11-19,-1,1,1732033500,1732050000,2024-11-19 11:25,2024-11-19 16:00,588.6500000000,590.3000000000,session,588.6500000000,-0.002803023868,-0.003003023868,-0.000850092284,55
SPY,2024-11-20,1,1,1732115400,1732121400,2024-11-20 10:10,2024-11-20 11:50,585.9799000000,587.9899000000,target,585.9799000000,0.003430151785,0.003230151785,0.000913472065,21
SPY,2024-11-20,1,1,1732129800,1732136400,2024-11-20 14:10,2024-11-20 16:00,586.3800000000,590.5000000000,session,586.3800000000,0.007026160510,0.006826160510,0.001930406790,22
SPY,2024-11-21,1,1,1732200000,1732200600,2024-11-21 09:40,2024-11-21 09:50,589.0300000000,591.3300000000,target,589.0300000000,0.003904724717,0.003704724717,0.001051191036,3
SPY,2024-11-21,1,1,1732201500,1732204800,2024-11-21 10:05,2024-11-21 11:00,589.0600000000,591.7200000000,target,589.0600000000,0.004515669032,0.004315669032,0.001224542429,12
SPY,2024-11-25,1,1,1732556700,1732559700,2024-11-25 12:45,2024-11-25 13:35,595.5100000000,597.5000000000,target,595.5100000000,0.003341673524,0.003141673524,0.000893812203,11
SPY,2024-12-09,1,1,1733760600,1733770200,2024-12-09 11:10,2024-12-09 13:50,604.6800000000,606.3700000000,target,604.6800000000,0.002794866706,0.002594866706,0.000739017712,33
SPY,2024-12-09,1,1,1733774700,1733778000,2024-12-09 15:05,2024-12-09 16:00,604.6997000000,604.6800000000,session,604.6997000000,-0.000032578154,-0.000232578154,-0.000066238229,11
SPY,2024-12-13,1,1,1734105300,1734123600,2024-12-13 10:55,2024-12-13 16:00,603.6900000000,604.2700000000,session,603.6900000000,0.000960758005,0.000760758005,0.000216834392,61
SPY,2024-12-18,1,3,1734549000,1734555600,2024-12-18 14:10,2024-12-18 16:00,598.3533333333,586.2800000000,session,601.2300000000;598.7300000000;595.1000000000,-0.020160248158,-0.020360248158,-0.017413901122,22
SPY,2024-12-19,1,1,1734622500,1734623400,2024-12-19 10:35,2024-12-19 10:50,588.1000000000,589.8900000000,target,588.1000000000,0.003043700051,0.002843700051,0.000794222046,4
SPY,2024-12-19,1,1,1734624300,1734625500,2024-12-19 11:05,2024-12-19 11:25,588.0700000000,590.5700000000,target,588.0700000000,0.004251194586,0.004051194586,0.001131465342,5
SPY,2024-12-19,1,1,1734629400,1734633000,2024-12-19 12:30,2024-12-19 13:30,588.0100000000,589.5839000000,target,588.0100000000,0.002676655159,0.002476655159,0.000691709425,13
SPY,2024-12-19,1,1,1734638400,1734642000,2024-12-19 15:00,2024-12-19 16:00,588.0900000000,586.1000000000,session,588.0900000000,-0.003383835807,-0.003583835807,-0.001000935877,12
SPY,2024-12-20,-1,3,1734708300,1734728400,2024-12-20 10:25,2024-12-20 16:00,588.6633333333,590.8300000000,session,585.2900000000;588.4900000000;592.2100000000,-0.003703805675,-0.003903805675,-0.003277212842,67
SPY,2024-12-24,-1,1,1735059000,1735063500,2024-12-24 11:50,2024-12-24 13:05,599.7600000000,601.3000000000,session,599.7600000000,-0.002567693744,-0.002767693744,-0.000771461958,15
SPY,2024-12-27,1,1,1735312800,1735328700,2024-12-27 10:20,2024-12-27 14:45,593.0150000000,594.8900000000,target,593.0150000000,0.003161808723,0.002961808723,0.000824807576,54
SPY,2024-12-27,1,1,1735330500,1735333200,2024-12-27 15:15,2024-12-27 16:00,593.5500000000,594.8500000000,session,593.5500000000,0.002190211440,0.001990211440,0.000554236153,9
SPY,2024-12-31,1,1,1735666200,1735678800,2024-12-31 12:30,2024-12-31 16:00,585.8600000000,586.0800000000,session,585.8600000000,0.000375516335,0.000175516335,0.000048958653,42
SPY,2025-01-02,1,1,1735833900,1735835400,2025-01-02 11:05,2025-01-02 11:30,585.5800000000,587.4700000000,target,585.5800000000,0.003227569248,0.003027569248,0.000844561761,6
SPY,2025-01-02,1,2,1735839000,1735851600,2025-01-02 12:30,2025-01-02 16:00,582.8850000000,584.6400000000,session,584.4700000000;581.3000000000,0.003018302054,0.002818302054,0.001572370407,42
SPY,2025-01-03,-1,1,1735929000,1735938000,2025-01-03 13:30,2025-01-03 16:00,591.5000000000,591.9500000000,session,591.5000000000,-0.000760777684,-0.000960777684,-0.000268789745,30
SPY,2025-01-07,1,2,1736262600,1736283600,2025-01-07 10:10,2025-01-07 16:00,591.0975000000,588.7000000000,session,593.0500000000;589.1450000000,-0.004045147602,-0.004245147602,-0.002374507087,70
SPY,2025-01-10,1,1,1736521500,1736523600,2025-01-10 10:05,2025-01-10 10:40,580.1600000000,582.4200000000,target,580.1600000000,0.003895477110,0.003695477110,0.001030600520,8
SPY,2025-01-10,1,1,1736524500,1736535000,2025-01-10 10:55,2025-01-10 13:50,581.6350000000,583.8400000000,target,581.6350000000,0.003791037334,0.003591037334,0.001001474190,36
SPY,2025-01-10,1,1,1736536200,1736542800,2025-01-10 14:10,2025-01-10 16:00,581.9050000000,580.4900000000,session,581.9050000000,-0.002431668399,-0.002631668399,-0.000733923859,22
SPY,2025-01-13,-1,1,1736793300,1736802000,2025-01-13 13:35,2025-01-13 16:00,579.9600000000,581.3900000000,session,579.9600000000,-0.002465687289,-0.002665687289,-0.000744564589,29
SPY,2025-01-14,1,1,1736873100,1736879100,2025-01-14 11:45,2025-01-14 13:25,579.5300000000,581.6800000000,target,579.5300000000,0.003709902852,0.003509902852,0.000979494955,21
SPY,2025-01-14,1,1,1736885100,1736888400,2025-01-14 15:05,2025-01-14 16:00,579.2600000000,582.0800000000,session,579.2600000000,0.004868280220,0.004668280220,0.001302758827,11
SPY,2025-01-27,-1,1,1737990000,1737995400,2025-01-27 10:00,2025-01-27 11:30,598.5900000000,596.5000000000,target,598.5900000000,0.003491538449,0.003291538449,0.000921060891,19
SPY,2025-01-27,-1,1,1738006200,1738007400,2025-01-27 14:30,2025-01-27 14:50,598.9850000000,596.7600000000,target,598.9850000000,0.003714617227,0.003514617227,0.000983484327,5
SPY,2025-01-28,-1,1,1738088400,1738098000,2025-01-28 13:20,2025-01-28 16:00,604.7700000000,604.4300000000,session,604.7700000000,0.000562197199,0.000362197199,0.000101582448,32
SPY,2025-01-29,1,1,1738179000,1738179600,2025-01-29 14:30,2025-01-29 14:40,599.3900000000,601.5600000000,target,599.3900000000,0.003620347353,0.003420347353,0.000959392301,3
SPY,2025-01-31,1,1,1738352700,1738357200,2025-01-31 14:45,2025-01-31 16:00,602.7500000000,601.8200000000,session,602.7500000000,-0.001542928246,-0.001742928246,-0.000489441046,15
SPY,2025-02-03,-1,1,1738596900,1738616400,2025-02-03 10:35,2025-02-03 16:00,596.7800000000,597.7700000000,session,596.7800000000,-0.001658902778,-0.001858902778,-0.000521705203,65
SPY,2025-02-04,-1,1,1738697700,1738702800,2025-02-04 14:35,2025-02-04 16:00,602.0700000000,601.6600000000,session,602.0700000000,0.000680983939,0.000480983939,0.000134905569,17
SPY,2025-02-07,1,1,1738943700,1738962000,2025-02-07 10:55,2025-02-07 16:00,601.8000000000,600.8700000000,session,601.8000000000,-0.001545363908,-0.001745363908,-0.000489615231,61
SPY,2025-02-12,-1,1,1739379600,1739394000,2025-02-12 12:00,2025-02-12 16:00,603.4100000000,603.3600000000,session,603.4100000000,0.000082862399,-0.000117137601,-0.000032840708,48
SPY,2025-02-13,-1,1,1739474400,1739480400,2025-02-13 14:20,2025-02-13 16:00,608.2562000000,609.7300000000,session,608.2562000000,-0.002422992154,-0.002622992154,-0.000735353598,20
SPY,2025-02-20,1,1,1740064200,1740081000,2025-02-20 10:10,2025-02-20 14:50,607.7500000000,609.8200000000,target,607.7500000000,0.003406005759,0.003206005759,0.000898015112,57
SPY,2025-02-21,1,3,1740151800,1740171600,2025-02-21 10:30,2025-02-21 16:00,603.2933000000,599.9000000000,session,606.7500000000;603.2200000000;599.9099000000,-0.005603318928,-0.005803318928,-0.004881810410,66
SPY,2025-02-24,1,1,1740409500,1740414300,2025-02-24 10:05,2025-02-24 11:25,597.3700000000,599.2500000000,target,597.3700000000,0.003147128245,0.002947128245,0.000821588894,17
SPY,2025-02-25,1,1,1740495900,1740506700,2025-02-25 10:05,2025-02-25 13:05,593.6400000000,595.4500000000,target,593.6400000000,0.003048985917,0.002848985917,0.000795009391,37
SPY,2025-02-25,1,1,1740510900,1740512700,2025-02-25 14:15,2025-02-25 14:45,593.5500000000,595.3298000000,target,593.5500000000,0.002998567939,0.002798567939,0.000780940256,7
SPY,2025-02-26,1,1,1740597000,1740598800,2025-02-26 14:10,2025-02-26 14:40,592.2100000000,594.0700000000,target,592.2100000000,0.003140777765,0.002940777765,0.000822168741,7
SPY,2025-02-27,1,1,1740668400,1740669600,2025-02-27 10:00,2025-02-27 10:20,592.4300000000,594.5900000000,target,592.4300000000,0.003646000371,0.003446000371,0.000964360886,5
SPY,2025-02-27,1,1,1740675300,1740680700,2025-02-27 11:55,2025-02-27 13:25,592.8800000000,595.0400000000,target,592.8800000000,0.003643233032,0.003443233032,0.000963586448,19
SPY,2025-02-27,1,2,1740683700,1740690000,2025-02-27 14:15,2025-02-27 16:00,590.9500000000,585.1300000000,session,592.5400000000;589.3600000000,-0.009841380954,-0.010041380954,-0.005620147411,21
SPY,2025-03-03,1,1,1741014600,1741015800,2025-03-03 10:10,2025-03-03 10:30,591.9100000000,594.0900000000,target,591.9100000000,0.003682992347,0.003482992347,0.000970426430,5
SPY,2025-03-03,1,1,1741020000,1741022400,2025-03-03 11:40,2025-03-03 12:20,591.6900000000,594.0000000000,target,591.6900000000,0.003904071389,0.003704071389,0.001032023162,9
SPY,2025-03-03,1,3,1741024800,1741035600,2025-03-03 13:00,2025-03-03 16:00,587.9233333333,583.8400000000,session,592.0150000000;588.1150000000;583.6400000000,-0.006911693751,-0.007111693751,-0.005944350340,36
SPY,2025-03-04,1,1,1741101000,1741109100,2025-03-04 10:10,2025-03-04 12:25,574.5850000000,577.1000000000,target,574.5850000000,0.004377072148,0.004177072148,0.001158321434,28
SPY,2025-03-04,-1,1,1741119900,1741122000,2025-03-04 15:25,2025-03-04 16:00,585.2600000000,576.8600000000,session,585.2600000000,0.014352595428,0.014152595428,0.003924580197,7
SPY,2025-03-05,-1,1,1741201200,1741208400,2025-03-05 14:00,2025-03-05 16:00,581.4600000000,583.0600000000,session,581.4600000000,-0.002751694012,-0.002951694012,-0.000823519464,24
SPY,2025-03-06,1,1,1741289400,1741290600,2025-03-06 14:30,2025-03-06 14:50,570.6000000000,573.7400000000,target,570.6000000000,0.005502979320,0.005302979320,0.001478069841,5
SPY,2025-03-07,-1,1,1741374300,1741381200,2025-03-07 14:05,2025-03-07 16:00,575.7000000000,575.9200000000,session,575.7000000000,-0.000382143478,-0.000582143478,-0.000162544420,23
SPY,2025-03-10,1,2,1741626300,1741636800,2025-03-10 13:05,2025-03-10 16:00,559.6950000000,560.6100000000,session,562.0900000000;557.3000000000,0.001653160071,0.001453160071,0.000811336845,35
SPY,2025-03-11,1,1,1741712700,1741716300,2025-03-11 13:05,2025-03-11 14:05,553.6597000000,556.3650000000,target,553.6597000000,0.004886214402,0.004686214402,0.001309484707,13
SPY,2025-03-12,1,1,1741790700,1741795800,2025-03-12 10:45,2025-03-12 12:10,556.5500000000,559.5700000000,target,556.5500000000,0.005426286946,0.005226286946,0.001462680249,18
SPY,2025-03-13,1,1,1741880400,1741896000,2025-03-13 11:40,2025-03-13 16:00,552.9900000000,551.4200000000,session,552.9900000000,-0.002839111015,-0.003039111015,-0.000852037354,52
SPY,2025-03-14,-1,1,1741966500,1741982400,2025-03-14 11:35,2025-03-14 16:00,561.5800000000,562.7300000000,session,561.5800000000,-0.002047793725,-0.002247793725,-0.000629547271,53
SPY,2025-03-17,-1,1,1742235300,1742241600,2025-03-17 14:15,2025-03-17 16:00,568.4000000000,567.1500000000,session,568.4000000000,0.002199155524,0.001999155524,0.000559490799,21
SPY,2025-03-19,-1,1,1742410800,1742414400,2025-03-19 15:00,2025-03-19 16:00,568.2400000000,567.1600000000,session,568.2400000000,0.001900605378,0.001700605378,0.000476254648,12
SPY,2025-03-20,-1,1,1742480700,1742488200,2025-03-20 10:25,2025-03-20 12:30,569.4700000000,566.2200000000,target,569.4700000000,0.005707060951,0.005507060951,0.001543127035,26
SPY,2025-03-26,1,1,1743008400,1743019200,2025-03-26 13:00,2025-03-26 16:00,569.4900000000,568.5900000000,session,569.4900000000,-0.001580361376,-0.001780361376,-0.000499788730,36
SPY,2025-03-28,1,1,1743172200,1743192000,2025-03-28 10:30,2025-03-28 16:00,559.5650000000,555.7300000000,session,559.5650000000,-0.006853538016,-0.007053538016,-0.001978916619,66
SPY,2025-03-31,-1,1,1743444600,1743451200,2025-03-31 14:10,2025-03-31 16:00,556.2200000000,559.3900000000,session,556.2200000000,-0.005699183776,-0.005899183776,-0.001651163592,22
SPY,2025-04-02,-1,2,1743602700,1743624000,2025-04-02 10:05,2025-04-02 16:00,563.0800000000,564.5200000000,session,560.5100000000;565.6500000000,-0.002578248548,-0.002778248548,-0.001552188404,71
SPY,2025-04-04,1,2,1743777000,1743779100,2025-04-04 10:30,2025-04-04 11:05,513.8350000000,520.3500000000,target,516.2600000000;511.4100000000,0.012701723208,0.012501723208,0.006971690303,8
SPY,2025-04-04,1,2,1743780600,1743796800,2025-04-04 11:30,2025-04-04 16:00,513.8250000000,505.5400000000,session,516.4000000000;511.2500000000,-0.016099456648,-0.016299456648,-0.009089528057,54
SPY,2025-04-07,-1,2,1744035300,1744035900,2025-04-07 10:15,2025-04-07 10:25,514.1825000000,499.7600000000,target,513.8350000000;514.5300000000,0.028048935420,0.027848935420,0.015490871617,3
SPY,2025-04-07,-1,1,1744036200,1744036800,2025-04-07 10:30,2025-04-07 10:40,498.2500000000,494.0300000000,target,498.2500000000,0.008469643753,0.008269643753,0.002299980013,3
SPY,2025-04-07,-1,2,1744037100,1744038900,2025-04-07 10:45,2025-04-07 11:15,504.0200000000,496.2400000000,target,500.0000000000;508.0400000000,0.015373258799,0.015173258799,0.008440071425,7
SPY,2025-04-07,-1,1,1744039200,1744039500,2025-04-07 11:20,2025-04-07 11:25,497.9900000000,494.1900000000,target,497.9900000000,0.007630675315,0.007430675315,0.002066643403,2
SPY,2025-04-07,-1,2,1744040100,1744042200,2025-04-07 11:35,2025-04-07 12:10,500.1650000000,496.4000000000,target,496.9600000000;503.3700000000,0.007486762338,0.007286762338,0.004053235723,8
SPY,2025-04-07,-1,2,1744042500,1744056000,2025-04-07 12:15,2025-04-07 16:00,500.1700000000,504.3800000000,session,497.2200000000;503.1200000000,-0.008452218536,-0.008652218536,-0.004812765893,45
SPY,2025-04-08,1,3,1744129200,1744142400,2025-04-08 12:20,2025-04-08 16:00,505.3100000000,496.4800000000,session,513.3700000000;504.9000000000;497.6600000000,-0.017315971245,-0.017515971245,-0.015097150832,44
SPY,2025-04-09,-1,3,1744218300,1744228800,2025-04-09 13:05,2025-04-09 16:00,513.8466666667,548.6200000000,session,505.6200000000;512.4200000000;523.5000000000,-0.067891332130,-0.068091332130,-0.057660459687,35
SPY,2025-04-10,1,1,1744299900,1744308300,2025-04-10 11:45,2025-04-10 14:05,521.6500000000,527.0500000000,target,521.6500000000,0.010351768427,0.010151768427,0.002670423054,29
SPY,2025-04-10,1,1,1744308900,1744309500,2025-04-10 14:15,2025-04-10 14:25,520.8700000000,526.3425000000,target,520.8700000000,0.010506460345,0.010306460345,0.002711114768,3
SPY,2025-04-11,-1,1,1744393500,1744401600,2025-04-11 13:45,2025-04-11 16:00,535.4106000000,533.9400000000,session,535.4106000000,0.002746677036,0.002546677036,0.000674471833,27
SPY,2025-04-16,1,1,1744831200,1744833600,2025-04-16 15:20,2025-04-16 16:00,521.1975000000,525.6600000000,session,521.1975000000,0.008562013440,0.008362013440,0.002216508084,8
SPY,2025-04-21,1,1,1745250600,1745265600,2025-04-21 11:50,2025-04-21 16:00,511.4400000000,513.8800000000,session,511.4400000000,0.004770843110,0.004570843110,0.001214964573,50
SPY,2025-04-24,-1,1,1745519700,1745524800,2025-04-24 14:35,2025-04-24 16:00,546.1000000000,546.6400000000,session,546.1000000000,-0.000988829885,-0.001188829885,-0.000316481412,17
SPY,2025-05-19,-1,1,1747674300,1747684800,2025-05-19 13:05,2025-05-19 16:00,595.0100000000,594.8500000000,session,595.0100000000,0.000268903044,0.000068903044,0.000018335585,35
SPY,2025-06-05,1,1,1749151200,1749153600,2025-06-05 15:20,2025-06-05 16:00,591.8210000000,593.0500000000,session,591.8210000000,0.002076641417,0.001876641417,0.000499398956,8
SPY,2025-06-20,1,1,1750431300,1750434000,2025-06-20 10:55,2025-06-20 11:40,594.0800000000,596.2400000000,target,594.0800000000,0.003635873956,0.003435873956,0.000914903194,10
SPY,2025-06-20,1,1,1750440600,1750449600,2025-06-20 13:30,2025-06-20 16:00,593.5450000000,594.2400000000,session,593.5450000000,0.001170930595,0.000970930595,0.000258539025,30
SPY,2025-07-07,1,1,1751912400,1751918400,2025-07-07 14:20,2025-07-07 16:00,618.6800000000,620.6800000000,session,618.6800000000,0.003232688951,0.003032688951,0.000808729474,20
SPY,2025-07-15,1,1,1752591600,1752609600,2025-07-15 11:00,2025-07-15 16:00,623.8900000000,622.1400000000,session,623.8900000000,-0.002804981647,-0.003004981647,-0.000802150819,60
SPY,2025-07-16,1,1,1752679200,1752684000,2025-07-16 11:20,2025-07-16 12:40,620.2900000000,622.1900000000,target,620.2900000000,0.003063083396,0.002863083396,0.000763506910,17
SPY,2025-07-17,-1,1,1752776700,1752782400,2025-07-17 14:25,2025-07-17 16:00,627.7750000000,628.0400000000,session,627.7750000000,-0.000422125762,-0.000622125762,-0.000166062448,19
SPY,2025-07-29,1,1,1753803000,1753819200,2025-07-29 11:30,2025-07-29 16:00,635.2900000000,635.2600000000,session,635.2900000000,-0.000047222528,-0.000247222528,-0.000065976796,54
SPY,2025-07-30,1,1,1753902000,1753905600,2025-07-30 15:00,2025-07-30 16:00,632.8300000000,634.4600000000,session,632.8300000000,0.002575731239,0.002375731239,0.000633964145,12
SPY,2025-07-31,1,1,1753974000,1753979400,2025-07-31 11:00,2025-07-31 12:30,636.6050000000,638.0852000000,target,636.6050000000,0.002325146677,0.002125146677,0.000567544715,19
SPY,2025-07-31,1,2,1753982700,1753992000,2025-07-31 13:25,2025-07-31 16:00,634.7825000000,632.0800000000,session,635.8550000000;633.7100000000,-0.004254521291,-0.004454521291,-0.002379261673,31
SPY,2025-08-01,1,1,1754055900,1754058900,2025-08-01 09:45,2025-08-01 10:35,622.3100000000,623.8200000000,target,622.3100000000,0.002426443412,0.002226443412,0.000593252605,11
SPY,2025-08-01,1,1,1754059200,1754064300,2025-08-01 10:40,2025-08-01 12:05,623.0400000000,624.6800000000,target,623.0400000000,0.002632254751,0.002432254751,0.000648092585,18
SPY,2025-08-01,1,2,1754066700,1754078400,2025-08-01 12:45,2025-08-01 16:00,621.6650000000,621.7200000000,session,623.1300000000;620.2000000000,0.000094026053,-0.000105973947,-0.000056475111,39
SPY,2025-08-04,-1,1,1754316000,1754337600,2025-08-04 10:00,2025-08-04 16:00,629.0100000000,631.1100000000,session,629.0100000000,-0.003338579673,-0.003538579673,-0.000944278774,72
SPY,2025-08-05,1,1,1754405100,1754415000,2025-08-05 10:45,2025-08-05 13:30,627.8100000000,629.7048000000,target,627.8100000000,0.003018110575,0.002818110575,0.000751132778,34
SPY,2025-08-05,1,1,1754420100,1754424000,2025-08-05 14:55,2025-08-05 16:00,628.2400000000,627.9700000000,session,628.2400000000,-0.000429772062,-0.000629772062,-0.000167858012,13
SPY,2025-08-06,-1,1,1754495700,1754510400,2025-08-06 11:55,2025-08-06 16:00,632.7700000000,632.7800000000,session,632.7700000000,-0.000015803531,-0.000215803531,-0.000057561739,49
SPY,2025-08-07,1,2,1754578800,1754596800,2025-08-07 11:00,2025-08-07 16:00,631.0000000000,632.2500000000,session,632.7300000000;629.2700000000,0.001988514323,0.001788514323,0.000954039904,60
SPY,2025-08-12,-1,1,1755017400,1755028800,2025-08-12 12:50,2025-08-12 16:00,641.7500000000,642.6900000000,session,641.7500000000,-0.001464744838,-0.001664744838,-0.000444538437,38
SPY,2025-08-15,1,1,1755272700,1755279300,2025-08-15 11:45,2025-08-15 13:35,642.6300000000,644.3800000000,target,642.6300000000,0.002723184414,0.002523184414,0.000673394510,23
SPY,2025-08-19,1,1,1755621600,1755633600,2025-08-19 12:40,2025-08-19 16:00,640.0300000000,639.8100000000,session,640.0300000000,-0.000343733887,-0.000543733887,-0.000145235269,40
SPY,2025-08-20,1,2,1755698100,1755703500,2025-08-20 09:55,2025-08-20 11:25,634.4250000000,636.2600000000,target,635.5100000000;633.3400000000,0.002895316153,0.002695316153,0.001439616056,19
SPY,2025-08-20,1,1,1755703800,1755717300,2025-08-20 11:30,2025-08-20 15:15,636.3500000000,638.1750000000,target,636.3500000000,0.002867918598,0.002667918598,0.000712491269,46
SPY,2025-08-22,-1,2,1755871500,1755892800,2025-08-22 10:05,2025-08-22 16:00,643.5250000000,645.3000000000,session,642.9300000000;644.1200000000,-0.002759102835,-0.002959102835,-0.001584754729,71
SPY,2025-08-29,1,1,1756476600,1756497600,2025-08-29 10:10,2025-08-29 16:00,644.0600000000,645.1500000000,session,644.0600000000,0.001692388908,0.001492388908,0.000398837900,70
SPY,2025-09-04,-1,1,1757011800,1757016000,2025-09-04 14:50,2025-09-04 16:00,647.5500000000,649.0500000000,session,647.5500000000,-0.002316423442,-0.002516423442,-0.000672843595,14
SPY,2025-09-05,1,2,1757082000,1757102400,2025-09-05 10:20,2025-09-05 16:00,646.4300000000,647.2100000000,session,647.5100000000;645.3500000000,0.001209421831,0.001009421831,0.000539347470,68
SPY,2025-09-11,-1,1,1757604000,1757620800,2025-09-11 11:20,2025-09-11 16:00,657.4750000000,657.6300000000,session,657.4750000000,-0.000235750409,-0.000435750409,-0.000116491951,56
SPY,2025-09-17,1,1,1758134400,1758135900,2025-09-17 14:40,2025-09-17 15:05,656.8900000000,658.8600000000,target,656.8900000000,0.002998980042,0.002798980042,0.000748160599,6
SPY,2025-09-22,-1,1,1758553200,1758571200,2025-09-22 11:00,2025-09-22 16:00,665.0100000000,666.7850000000,session,665.0100000000,-0.002669132795,-0.002869132795,-0.000767627784,60
SPY,2025-09-23,1,1,1758648600,1758657600,2025-09-23 13:30,2025-09-23 16:00,663.7001000000,663.2100000000,session,663.7001000000,-0.000738435929,-0.000938435929,-0.000250835566,30
SPY,2025-09-24,1,1,1758729000,1758744000,2025-09-24 11:50,2025-09-24 16:00,661.3600000000,661.1000000000,session,661.3600000000,-0.000393129309,-0.000593129309,-0.000158488589,50
SPY,2025-09-25,1,1,1758823500,1758824100,2025-09-25 14:05,2025-09-25 14:15,654.4800000000,656.0200000000,target,654.4800000000,0.002353013079,0.002153013079,0.000575187460,3
SPY,2025-10-01,-1,2,1759331100,1759348800,2025-10-01 11:05,2025-10-01 16:00,667.3600000000,668.5001000000,session,665.9300000000;668.7900000000,-0.001712972627,-0.001912972627,-0.001022852618,59
SPY,2025-10-02,1,1,1759417200,1759428600,2025-10-02 11:00,2025-10-02 14:10,667.5700000000,669.1400000000,target,667.5700000000,0.002351813293,0.002151813293,0.000574545834,39
SPY,2025-10-07,1,1,1759849800,1759867200,2025-10-07 11:10,2025-10-07 16:00,668.9200000000,669.1200000000,session,668.9200000000,0.000298989416,0.000098989416,0.000026449670,58
SPY,2025-10-08,-1,1,1759940100,1759953600,2025-10-08 12:15,2025-10-08 16:00,672.9300000000,673.1100000000,session,672.9300000000,-0.000267486960,-0.000467486960,-0.000124915209,45
SPY,2025-10-09,1,1,1760020500,1760040000,2025-10-09 10:35,2025-10-09 16:00,670.7300000000,671.0800000000,session,670.7300000000,0.000521819510,0.000321819510,0.000085978627,65
SPY,2025-10-10,1,3,1760108400,1760126400,2025-10-10 11:00,2025-10-10 16:00,665.9733333333,653.0200000000,session,669.1300000000;665.9800000000;662.8100000000,-0.019435509972,-0.019635509972,-0.015739399687,60
SPY,2025-10-13,-1,1,1760374800,1760381700,2025-10-13 13:00,2025-10-13 14:55,664.2500000000,662.2900000000,target,664.2500000000,0.002950696274,0.002750696274,0.000720534758,24
SPY,2025-10-14,-1,2,1760456700,1760472000,2025-10-14 11:45,2025-10-14 16:00,662.9750000000,662.1600000000,session,661.3400000000;664.6100000000,0.001223232802,0.001023232802,0.000536555644,51
SPY,2025-10-15,1,1,1760547900,1760553900,2025-10-15 13:05,2025-10-15 14:45,663.0100000000,665.0300000000,target,663.0100000000,0.003046711211,0.002846711211,0.000746878374,21
SPY,2025-10-16,1,2,1760632200,1760644800,2025-10-16 12:30,2025-10-16 16:00,660.4550000000,660.6800000000,session,662.4800000000;658.4300000000,0.000350078297,0.000150078297,0.000078825416,42
SPY,2025-10-17,-1,1,1760724600,1760731200,2025-10-17 14:10,2025-10-17 16:00,663.7000000000,664.3900000000,session,663.7000000000,-0.001039626337,-0.001239626337,-0.000325576182,22
SPY,2025-10-20,-1,1,1760980800,1760990400,2025-10-20 13:20,2025-10-20 16:00,671.9400000000,671.3000000000,session,671.9400000000,0.000952465994,0.000752465994,0.000197546445,32
SPY,2025-10-22,1,2,1761147000,1761163200,2025-10-22 11:30,2025-10-22 16:00,665.7425000000,667.8600000000,session,667.8600000000;663.6250000000,0.003190808062,0.002990808062,0.001570759862,54
SPY,2025-10-23,-1,1,1761242100,1761249600,2025-10-23 13:55,2025-10-23 16:00,672.3400000000,671.6600000000,session,672.3400000000,0.001011393045,0.000811393045,0.000213494948,25
SPY,2025-10-29,1,1,1761763200,1761764100,2025-10-29 14:40,2025-10-29 14:55,683.5500000000,686.0500000000,target,683.5500000000,0.003657376929,0.003457376929,0.000909956219,4
SPY,2025-10-29,1,1,1761764700,1761768000,2025-10-29 15:05,2025-10-29 16:00,684.7400000000,687.3900000000,session,684.7400000000,0.003870082075,0.003670082075,0.000965938651,11
SPY,2025-10-31,1,1,1761927600,1761937200,2025-10-31 12:20,2025-10-31 15:00,680.6100000000,682.6200000000,target,680.6100000000,0.002953233129,0.002753233129,0.000726352333,33
SPY,2025-11-03,1,1,1762183500,1762190100,2025-11-03 10:25,2025-11-03 12:15,681.5600000000,683.6100000000,target,681.5600000000,0.003007805622,0.002807805622,0.000741429356,23
SPY,2025-11-05,-1,1,1762361100,1762376400,2025-11-05 11:45,2025-11-05 16:00,679.0400000000,677.5450000000,session,679.0400000000,0.002201637606,0.002001637606,0.000529047262,51
SPY,2025-11-06,1,1,1762443600,1762462800,2025-11-06 10:40,2025-11-06 16:00,671.9200000000,670.3100000000,session,671.9200000000,-0.002396118586,-0.002596118586,-0.000686630697,64
SPY,2025-11-07,1,1,1762531200,1762540800,2025-11-07 11:00,2025-11-07 13:40,663.3200000000,665.9800000000,target,663.3200000000,0.004010130857,0.003810130857,0.001006844939,33
SPY,2025-11-10,-1,1,1762804500,1762808400,2025-11-10 14:55,2025-11-10 16:00,681.5390000000,681.4300000000,session,681.5390000000,0.000159932154,-0.000040067846,-0.000010601564,13
SPY,2025-11-13,1,2,1763049000,1763067600,2025-11-13 10:50,2025-11-13 16:00,674.3350000000,672.0400000000,session,676.2100000000;672.4600000000,-0.003395647910,-0.003595647910,-0.001902721724,62
SPY,2025-11-14,-1,2,1763134200,1763154000,2025-11-14 10:30,2025-11-14 16:00,671.8700000000,671.9100000000,session,669.7800000000;673.9600000000,-0.000069212581,-0.000269212581,-0.000142118682,66
SPY,2025-11-17,1,1,1763408100,1763413200,2025-11-17 14:35,2025-11-17 16:00,664.9200000000,665.6700000000,session,664.9200000000,0.001127955243,0.000927955243,0.000244892172,17
SPY,2025-11-18,1,1,1763478300,1763483100,2025-11-18 10:05,2025-11-18 11:25,657.0500000000,660.2600000000,target,657.0500000000,0.004885472947,0.004685472947,0.001236902944,17
SPY,2025-11-19,-1,1,1763564400,1763568000,2025-11-19 10:00,2025-11-19 11:00,665.6700000000,662.9603000000,target,665.6700000000,0.004070635600,0.003870635600,0.001023392519,13
SPY,2025-11-20,1,3,1763655900,1763672400,2025-11-20 11:25,2025-11-20 16:00,662.9550000000,652.5300000000,session,667.9900000000;662.9300000000;657.9450000000,-0.015687387037,-0.015887387037,-0.012618090913,55
SPY,2025-11-21,-1,1,1763744400,1763748900,2025-11-21 12:00,2025-11-21 13:15,660.6300000000,657.5500000000,target,660.6300000000,0.004662216369,0.004462216369,0.001162559916,16
SPY,2025-11-21,-1,1,1763750400,1763758800,2025-11-21 13:40,2025-11-21 16:00,660.5800000000,659.0000000000,session,660.5800000000,0.002391837476,0.002191837476,0.000571048596,28
SPY,2025-11-24,-1,1,1764000600,1764018000,2025-11-24 11:10,2025-11-24 16:00,668.1401000000,668.6700000000,session,668.1401000000,-0.000793097136,-0.000993097136,-0.000259309636,58
SPY,2025-11-25,-1,1,1764092100,1764104400,2025-11-25 12:35,2025-11-25 16:00,674.1200000000,675.0200000000,session,674.1200000000,-0.001335073874,-0.001535073874,-0.000400693610,41
SPY,2025-12-08,1,1,1765220400,1765227600,2025-12-08 14:00,2025-12-08 16:00,682.1300000000,683.6300000000,session,682.1300000000,0.002198994327,0.001998994327,0.000521521740,24
SPY,2025-12-10,-1,1,1765396500,1765400400,2025-12-10 14:55,2025-12-10 16:00,687.0500000000,687.5700000000,session,687.0500000000,-0.000756859035,-0.000956859035,-0.000249803262,13
SPY,2025-12-12,1,2,1765553400,1765563600,2025-12-12 10:30,2025-12-12 13:20,681.7050000000,683.8700000000,target,683.7500000000;679.6600000000,0.003184888175,0.002984888175,0.001558007925,35
SPY,2025-12-12,1,1,1765563900,1765573200,2025-12-12 13:25,2025-12-12 16:00,683.3700000000,681.7600000000,session,683.3700000000,-0.002355971143,-0.002555971143,-0.000667064068,31
SPY,2025-12-15,1,1,1765811100,1765832400,2025-12-15 10:05,2025-12-15 16:00,681.4900000000,680.7100000000,session,681.4900000000,-0.001144550911,-0.001344550911,-0.000351303738,71
SPY,2025-12-17,1,1,1765986900,1766005200,2025-12-17 10:55,2025-12-17 16:00,674.7500000000,671.4000000000,session,674.7500000000,-0.004964801778,-0.005164801778,-0.001348852590,61
SPY,2025-12-19,-1,1,1766166900,1766178000,2025-12-19 12:55,2025-12-19 16:00,680.9500000000,680.4400000000,session,680.9500000000,0.000748953668,0.000548953668,0.000143119298,37
SPY,2025-12-23,-1,1,1766520300,1766523600,2025-12-23 15:05,2025-12-23 16:00,687.9600000000,687.9600000000,session,687.9600000000,0.000000000000,-0.000200000000,-0.000052152120,11
SPY,2025-12-31,1,1,1767211500,1767214800,2025-12-31 15:05,2025-12-31 16:00,683.6300000000,681.8600000000,session,683.6300000000,-0.002589119846,-0.002789119846,-0.000727244072,11
SPY,2026-01-02,1,1,1767367500,1767368700,2026-01-02 10:25,2026-01-02 10:45,682.1200000000,684.1500000000,target,682.1200000000,0.002976015950,0.002776015950,0.000723154373,5
SPY,2026-01-02,1,1,1767369600,1767382500,2026-01-02 11:00,2026-01-02 14:35,681.4600000000,683.5800000000,target,681.4600000000,0.003110967628,0.002910967628,0.000758309393,44
SPY,2026-01-06,-1,1,1767725100,1767733200,2026-01-06 13:45,2026-01-06 16:00,691.3700000000,691.8100000000,session,691.3700000000,-0.000636417548,-0.000836417548,-0.000218300480,27
SPY,2026-01-09,-1,1,1767977700,1767992400,2026-01-09 11:55,2026-01-09 16:00,693.9500000000,694.0700000000,session,693.9500000000,-0.000172923121,-0.000372923121,-0.000097303792,49
SPY,2026-01-12,-1,1,1768233600,1768251600,2026-01-12 11:00,2026-01-12 16:00,693.9150000000,695.2350000000,session,693.9150000000,-0.001902250276,-0.002102250276,-0.000548454853,60
SPY,2026-01-14,1,1,1768405500,1768424400,2026-01-14 10:45,2026-01-14 16:00,687.8100000000,690.3600000000,session,687.8100000000,0.003707419200,0.003507419200,0.000914407336,63
SPY,2026-01-20,1,1,1768935300,1768942800,2026-01-20 13:55,2026-01-20 16:00,678.1100000000,677.5600000000,session,678.1100000000,-0.000811077849,-0.001011077849,-0.000263902848,25
SPY,2026-01-21,-1,1,1769009700,1769013600,2026-01-21 10:35,2026-01-21 11:40,683.7900000000,681.8500000000,target,683.7900000000,0.002837128358,0.002637128358,0.000688088591,14
SPY,2026-01-21,-1,2,1769023800,1769029200,2026-01-21 14:30,2026-01-21 16:00,685.8250000000,685.4000000000,session,684.4100000000;687.2400000000,0.000615437403,0.000415437403,0.000216794709,18
SPY,2026-01-26,-1,1,1769452500,1769461200,2026-01-26 13:35,2026-01-26 16:00,694.0350000000,692.7300000000,session,694.0350000000,0.001880308630,0.001680308630,0.000438938728,29
SPY,2026-01-29,1,3,1769698500,1769707500,2026-01-29 09:55,2026-01-29 12:25,689.1733333333,691.1300000000,target,692.9700000000;689.1700000000;685.3800000000,0.002859423235,0.002659423235,0.002085291331,31
SPY,2026-01-29,1,2,1769707800,1769714400,2026-01-29 12:30,2026-01-29 14:20,689.9350000000,691.8700000000,target,691.0200000000;688.8500000000,0.002807092079,0.002607092079,0.001362838488,23
SPY,2026-01-29,1,1,1769714700,1769720400,2026-01-29 14:25,2026-01-29 16:00,692.0200000000,694.0700000000,session,692.0200000000,0.002962342129,0.002762342129,0.000721997163,19
SPY,2026-01-30,1,1,1769797200,1769799000,2026-01-30 13:20,2026-01-30 13:50,688.1200000000,690.0100000000,target,688.1200000000,0.002746613963,0.002546613963,0.000669151897,7
SPY,2026-02-02,-1,2,1770044100,1770066000,2026-02-02 09:55,2026-02-02 16:00,695.0675000000,695.4100000000,session,693.3600000000;696.7750000000,-0.000498795771,-0.000698795771,-0.000367544870,73
SPY,2026-02-03,1,3,1770131700,1770152400,2026-02-03 10:15,2026-02-03 16:00,688.1066666667,689.4400000000,session,691.9300000000;688.1500000000;684.2400000000,0.001958544669,0.001758544669,0.001386763463,69
SPY,2026-02-04,1,1,1770223500,1770234900,2026-02-04 11:45,2026-02-04 14:55,685.4200000000,687.6850000000,target,685.4200000000,0.003304543200,0.003104543200,0.000817501381,39
SPY,2026-02-05,1,1,1770305400,1770308700,2026-02-05 10:30,2026-02-05 11:25,676.6500000000,679.1200000000,target,676.6500000000,0.003650336215,0.003450336215,0.000909497271,12
SPY,2026-02-06,-1,1,1770392100,1770411600,2026-02-06 10:35,2026-02-06 16:00,686.1600000000,690.6200000000,session,686.1600000000,-0.006499941705,-0.006699941705,-0.001768113776,65
SPY,2026-02-09,-1,1,1770653100,1770670800,2026-02-09 11:05,2026-02-09 16:00,694.5400000000,694.0500000000,session,694.5400000000,0.000705502923,0.000505502923,0.000133104229,59
SPY,2026-02-11,1,1,1770822900,1770843600,2026-02-11 10:15,2026-02-11 16:00,691.7550000000,692.0100000000,session,691.7550000000,0.000368627621,0.000168627621,0.000044408905,69
SPY,2026-02-12,1,2,1770911700,1770930000,2026-02-12 10:55,2026-02-12 16:00,687.2700000000,681.2700000000,session,689.5200000000;685.0200000000,-0.008719568916,-0.008919568916,-0.004698287924,61
SPY,2026-02-18,-1,1,1771437900,1771442400,2026-02-18 13:05,2026-02-18 14:20,688.7300000000,686.2000000000,target,688.7300000000,0.003673427904,0.003473427904,0.000909355855,16
SPY,2026-02-20,-1,1,1771599900,1771608300,2026-02-20 10:05,2026-02-20 12:25,686.9400000000,684.2400000000,target,686.9400000000,0.003930474277,0.003730474277,0.000977782292,29
SPY,2026-02-20,-1,1,1771610100,1771621200,2026-02-20 12:55,2026-02-20 16:00,687.3700000000,689.4200000000,session,687.3700000000,-0.002982382123,-0.003182382123,-0.000834123667,37
SPY,2026-02-23,1,1,1771862100,1771880400,2026-02-23 10:55,2026-02-23 16:00,682.8000000000,682.3900000000,session,682.8000000000,-0.000600468658,-0.000800468658,-0.000209846528,61
SPY,2026-02-24,-1,1,1771949700,1771966800,2026-02-24 11:15,2026-02-24 16:00,686.5900000000,687.3500000000,session,686.5900000000,-0.001106919705,-0.001306919705,-0.000342523573,57
SPY,2026-02-26,1,1,1772118900,1772139600,2026-02-26 10:15,2026-02-26 16:00,688.5700000000,689.3300000000,session,688.5700000000,0.001103736730,0.000903736730,0.000236752327,69
SPY,2026-03-02,-1,2,1772463000,1772485200,2026-03-02 09:50,2026-03-02 16:00,685.4525000000,686.3400000000,session,683.2300000000;687.6750000000,-0.001305291911,-0.001505291911,-0.000788921616,74
SPY,2026-03-03,1,1,1772551800,1772553900,2026-03-03 10:30,2026-03-03 11:05,669.8500000000,673.4700000000,target,669.8500000000,0.005404194969,0.005204194969,0.001362387484,8
SPY,2026-03-03,-1,1,1772562300,1772571600,2026-03-03 13:25,2026-03-03 16:00,680.0400000000,680.3300000000,session,680.0400000000,-0.000426445503,-0.000626445503,-0.000163994915,31
SPY,2026-03-04,-1,1,1772649900,1772658000,2026-03-04 13:45,2026-03-04 16:00,686.5500000000,685.1300000000,session,686.5500000000,0.002068312577,0.001868312577,0.000489845154,27
SPY,2026-03-05,1,1,1772733000,1772742000,2026-03-05 12:50,2026-03-05 15:20,676.4600000000,679.1000000000,target,676.4600000000,0.003902669781,0.003702669781,0.000971392268,31
SPY,2026-03-09,-1,1,1773074700,1773077100,2026-03-09 12:45,2026-03-09 13:25,671.8415000000,669.0400000000,target,671.8415000000,0.004169882331,0.003969882331,0.001042780691,9
SPY,2026-03-09,-1,1,1773084000,1773086400,2026-03-09 15:20,2026-03-09 16:00,673.4100000000,678.2700000000,session,673.4100000000,-0.007217000045,-0.007417000045,-0.001948245259,8
SPY,2026-03-10,-1,1,1773163800,1773166500,2026-03-10 13:30,2026-03-10 14:15,683.2500000000,678.6500000000,target,683.2500000000,0.006732528357,0.006532528357,0.001713946817,10
SPY,2026-03-13,1,1,1773416700,1773432000,2026-03-13 11:45,2026-03-13 16:00,663.6450000000,662.3600000000,session,663.6450000000,-0.001936276172,-0.002136276172,-0.000561717671,51
SPY,2026-03-18,1,1,1773861900,1773864000,2026-03-18 15:25,2026-03-18 16:00,662.7400000000,661.6100000000,session,662.7400000000,-0.001705042702,-0.001905042702,-0.000500559879,7
SPY,2026-03-20,1,1,1774028700,1774036800,2026-03-20 13:45,2026-03-20 16:00,651.1400000000,648.5400000000,session,651.1400000000,-0.003992996898,-0.004192996898,-0.001101032130,27
SPY,2026-03-26,1,1,1774552200,1774555200,2026-03-26 15:10,2026-03-26 16:00,646.2400000000,645.0900000000,session,646.2400000000,-0.001779524635,-0.001979524635,-0.000519073598,10
SPY,2026-03-27,1,1,1774632600,1774641600,2026-03-27 13:30,2026-03-27 16:00,636.6200000000,634.1800000000,session,636.6200000000,-0.003832741667,-0.004032741667,-0.001056773151,30
SPY,2026-03-30,1,1,1774891500,1774900800,2026-03-30 13:25,2026-03-30 16:00,633.7000000000,631.9700000000,session,633.7000000000,-0.002729998422,-0.002929998422,-0.000766769030,31
SPY,2026-03-31,-1,1,1774975500,1774987200,2026-03-31 12:45,2026-03-31 16:00,647.0900000000,650.4200000000,session,647.0900000000,-0.005146115687,-0.005346115687,-0.001397690976,39
SPY,2026-04-02,-1,1,1775140800,1775146800,2026-04-02 10:40,2026-04-02 12:20,656.4100000000,652.4900000000,target,656.4100000000,0.005971877333,0.005771877333,0.001506313198,21
SPY,2026-04-02,-1,1,1775147400,1775160000,2026-04-02 12:30,2026-04-02 16:00,652.7100000000,655.8300000000,session,652.7100000000,-0.004780070782,-0.004980070782,-0.001299671825,42
SPY,2026-04-13,-1,1,1776106500,1776110400,2026-04-13 14:55,2026-04-13 16:00,683.3400000000,686.1300000000,session,683.3400000000,-0.004082886996,-0.004282886996,-0.001118019594,13
SPY,2026-04-14,-1,1,1776187200,1776196800,2026-04-14 13:20,2026-04-14 16:00,693.6950000000,694.2230000000,session,693.6950000000,-0.000761141424,-0.000961141424,-0.000250541481,32
SPY,2026-04-17,-1,1,1776443700,1776453300,2026-04-17 12:35,2026-04-17 15:15,711.9000000000,709.1100000000,target,711.9000000000,0.003919089760,0.003719089760,0.000969147419,33
SPY,2026-04-21,1,1,1776791700,1776799500,2026-04-21 13:15,2026-04-21 15:25,704.7100000000,707.5100000000,target,704.7100000000,0.003973265599,0.003773265599,0.000984483902,27
SPY,2026-04-23,1,1,1776966300,1776967200,2026-04-23 13:45,2026-04-23 14:00,703.7600000000,706.6700000000,target,703.7600000000,0.004134932363,0.003934932363,0.001027955721,4
SPY,2026-04-30,-1,1,1777576500,1777579200,2026-04-30 15:15,2026-04-30 16:00,719.2700000000,718.6600000000,session,719.2700000000,0.000848082083,0.000648082083,0.000169526040,9
SPY,2026-05-06,-1,1,1778091600,1778097600,2026-05-06 14:20,2026-05-06 16:00,732.8900000000,733.8600000000,session,732.8900000000,-0.001323527405,-0.001523527405,-0.000398612105,20
SPY,2026-05-07,1,1,1778176500,1778184000,2026-05-07 13:55,2026-05-07 16:00,730.4800000000,731.5800000000,session,730.4800000000,0.001505859161,0.001305859161,0.000341488390,25
SPY,2026-05-12,1,1,1778599500,1778606700,2026-05-12 11:25,2026-05-12 13:25,732.1300000000,734.5200000000,target,732.1300000000,0.003264447571,0.003064447571,0.000801716459,25
SPY,2026-05-13,-1,1,1778692200,1778702400,2026-05-13 13:10,2026-05-13 16:00,742.7150000000,742.3100000000,session,742.7150000000,0.000545296648,0.000345296648,0.000090428300,34
SPY,2026-05-14,-1,1,1778771700,1778788800,2026-05-14 11:15,2026-05-14 16:00,748.0400000000,748.1700000000,session,748.0400000000,-0.000173787498,-0.000373787498,-0.000097900916,57
SPY,2026-05-18,1,1,1779121800,1779124200,2026-05-18 12:30,2026-05-18 13:10,734.8200000000,737.0600000000,target,734.8200000000,0.003048365586,0.002848365586,0.000745939493,9
SPY,2026-05-18,1,1,1779127800,1779134400,2026-05-18 14:10,2026-05-18 16:00,735.5600000000,738.6500000000,session,735.5600000000,0.004200880961,0.004000880961,0.001047764069,22
SPY,2026-05-20,-1,1,1779290400,1779307200,2026-05-20 11:20,2026-05-20 16:00,740.3700000000,741.2600000000,session,740.3700000000,-0.001202101652,-0.001402101652,-0.000368025382,56
SPY,2026-05-21,-1,1,1779385500,1779389700,2026-05-21 13:45,2026-05-21 14:55,743.5450000000,740.3400000000,target,743.5450000000,0.004310431783,0.004110431783,0.001078406988,15
SPY,2026-05-28,-1,1,1779985200,1779998400,2026-05-28 12:20,2026-05-28 16:00,754.4790000000,754.6000000000,session,754.4790000000,-0.000160375570,-0.000360375570,-0.000094677162,44
SPY,2026-06-01,-1,1,1780335900,1780344000,2026-06-01 13:45,2026-06-01 16:00,759.4700000000,758.5400000000,session,759.4700000000,0.001224538165,0.001024538165,0.000269132320,27
SPY,2026-06-03,1,1,1780503900,1780516800,2026-06-03 12:25,2026-06-03 16:00,754.1200000000,754.1300000000,session,754.1200000000,0.000013260489,-0.000186739511,-0.000049070697,43
SPY,2026-06-04,-1,1,1780589400,1780603200,2026-06-04 12:10,2026-06-04 16:00,756.2300000000,757.1600000000,session,756.2300000000,-0.001229784589,-0.001429784589,-0.000375689955,46
SPY,2026-06-05,1,3,1780672500,1780689600,2026-06-05 11:15,2026-06-05 16:00,744.4000000000,737.4100000000,session,748.3100000000;744.2400000000;740.6500000000,-0.009372612925,-0.009572612925,-0.007542298096,57
SPY,2026-06-08,1,1,1780946700,1780948800,2026-06-08 15:25,2026-06-08 16:00,738.5400000000,739.2200000000,session,738.5400000000,0.000920735505,0.000720735505,0.000187478080,7
SPY,2026-06-09,1,3,1781016300,1781031600,2026-06-09 10:45,2026-06-09 15:00,733.9383333333,736.7400000000,target,738.6450000000;734.0900000000;729.0800000000,0.003845752147,0.003645752147,0.002845688118,52
SPY,2026-06-09,1,2,1781031900,1781035200,2026-06-09 15:05,2026-06-09 16:00,735.4700000000,737.1100000000,session,737.3000000000;733.6400000000,0.002236071623,0.002036071623,0.001059502419,11
SPY,2026-06-10,1,1,1781113200,1781114700,2026-06-10 13:40,2026-06-10 14:05,728.1900000000,731.6800000000,target,728.1900000000,0.004792705201,0.004592705201,0.001200922249,6
SPY,2026-06-10,1,1,1781117400,1781121600,2026-06-10 14:50,2026-06-10 16:00,727.9000000000,725.4300000000,session,727.9000000000,-0.003393323259,-0.003593323259,-0.000939599138,14
SPY,2026-06-11,-1,1,1781199300,1781208000,2026-06-11 13:35,2026-06-11 16:00,734.2300000000,737.7600000000,session,734.2300000000,-0.004807757787,-0.005007757787,-0.001309888374,29
SPY,2026-06-17,1,1,1781719500,1781721600,2026-06-17 14:05,2026-06-17 14:40,745.2100000000,748.0200000000,target,745.2100000000,0.003770749185,0.003570749185,0.000932448308,8
SPY,2026-06-17,1,1,1781723400,1781726400,2026-06-17 15:10,2026-06-17 16:00,745.7700000000,740.9600000000,session,745.7700000000,-0.006449709696,-0.006649709696,-0.001736473282,10
SPY,2026-06-23,-1,1,1782224400,1782227400,2026-06-23 10:20,2026-06-23 11:10,739.1500000000,735.9900000000,target,739.1500000000,0.004275180951,0.004075180951,0.001063081017,11
SPY,2026-06-25,1,1,1782395400,1782397200,2026-06-25 09:50,2026-06-25 10:20,732.8900000000,735.5550000000,target,732.8900000000,0.003636289211,0.003436289211,0.000897632807,7
SPY,2026-06-25,1,1,1782400500,1782404100,2026-06-25 11:15,2026-06-25 12:15,732.9800000000,735.7100000000,target,732.9800000000,0.003724521815,0.003524521815,0.000920681064,13
SPY,2026-06-25,1,1,1782405300,1782417600,2026-06-25 12:35,2026-06-25 16:00,733.3475000000,733.5000000000,session,733.3475000000,0.000207950528,0.000007950528,0.000002076849,41
SPY,2026-06-26,-1,1,1782487800,1782499800,2026-06-26 11:30,2026-06-26 14:50,734.6700000000,732.0300000000,target,734.6700000000,0.003593450120,0.003393450120,0.000888501448,41
SPY,2026-06-30,-1,1,1782838200,1782849600,2026-06-30 12:50,2026-06-30 16:00,746.7900000000,746.5200000000,session,746.7900000000,0.000361547423,0.000161547423,0.000042345540,38
SPY,2026-07-02,1,1,1783011900,1783022400,2026-07-02 13:05,2026-07-02 16:00,740.8500000000,744.8000000000,session,740.8500000000,0.005331713572,0.005131713572,0.001345220380,35
SPY,2026-07-17,-1,1,1784298000,1784300700,2026-07-17 10:20,2026-07-17 11:05,746.5642000000,744.2300000000,target,746.5642000000,0.003126589783,0.002926589783,0.000768484547,10
SPY,2026-07-17,-1,1,1784304000,1784311200,2026-07-17 12:00,2026-07-17 14:00,746.8800000000,744.5800000000,target,746.8800000000,0.003079477292,0.002879477292,0.000756113418,25
SPY,2026-07-20,1,1,1784573100,1784577600,2026-07-20 14:45,2026-07-20 16:00,742.5500000000,742.0900000000,session,742.5500000000,-0.000619486903,-0.000819486903,-0.000215603103,15
SPY,2026-07-24,-1,1,1784907600,1784913000,2026-07-24 11:40,2026-07-24 13:10,743.0600000000,740.4000000000,target,743.0600000000,0.003579791672,0.003379791672,0.000888964200,19
SPY,2026-07-27,1,2,1785162300,1785182400,2026-07-27 10:25,2026-07-27 16:00,738.0025000000,739.0900000000,session,739.8250000000;736.1800000000,0.001479679717,0.001279679717,0.000673929740,67
SPY,2026-07-29,1,1,1785334500,1785348300,2026-07-29 10:15,2026-07-29 14:05,735.4100000000,738.1100000000,target,735.4100000000,0.003671421384,0.003471421384,0.000914873443,47
SPY,2026-07-29,1,1,1785353100,1785355200,2026-07-29 15:25,2026-07-29 16:00,735.3700000000,729.5200000000,session,735.3700000000,-0.007955179026,-0.008155179026,-0.002149251241,7
SPY,2026-07-30,-1,1,1785438000,1785441600,2026-07-30 15:00,2026-07-30 16:00,740.7500000000,741.6900000000,session,740.7500000000,-0.001268984138,-0.001468984138,-0.000386538022,12
SPY,2026-07-31,1,1,1785507000,1785509100,2026-07-31 10:10,2026-07-31 10:45,739.1500000000,741.6000000000,target,739.1500000000,0.003314618142,0.003114618142,0.000819157125,8
SPY,2026-08-03,-1,1,1785767100,1785787200,2026-08-03 10:25,2026-08-03 16:00,754.6200000000,757.6700000000,session,754.6200000000,-0.004041769367,-0.004241769367,-0.001116760666,67
SPY,2026-08-04,-1,2,1785854700,1785873600,2026-08-04 10:45,2026-08-04 16:00,768.4150000000,771.3300000000,session,765.8200000000;771.0100000000,-0.003804971104,-0.004004971104,-0.002105852491,63
SPY,2026-08-05,1,1,1785946200,1785960000,2026-08-05 12:10,2026-08-05 16:00,770.2400000000,769.7700000000,session,770.2400000000,-0.000610199418,-0.000810199418,-0.000212436620,46
SPY,2026-08-11,1,1,1786473000,1786478400,2026-08-11 14:30,2026-08-11 16:00,769.5200000000,770.5900000000,session,769.5200000000,0.001390477181,0.001190477181,0.000312062243,18
SPY,2026-08-13,-1,1,1786631400,1786634700,2026-08-13 10:30,2026-08-13 11:25,779.1900000000,776.9200000000,target,779.1900000000,0.002913281741,0.002713281741,0.000711520387,12
SPY,2026-08-27,-1,1,1787850600,1787854500,2026-08-27 13:10,2026-08-27 14:15,772.2300000000,770.2700000000,target,772.2300000000,0.002538103933,0.002338103933,0.000613689763,14
SPY,2026-09-02,-1,1,1788360300,1788370500,2026-09-02 10:45,2026-09-02 13:35,766.2900000000,764.3950000000,target,766.2900000000,0.002472954104,0.002272954104,0.000597054638,35
SPY,2026-09-03,-1,1,1788448500,1788465600,2026-09-03 11:15,2026-09-03 16:00,771.5400000000,773.1500000000,session,771.5400000000,-0.002086735620,-0.002286735620,-0.000601129838,57
SPY,2026-09-14,-1,1,1789404600,1789416000,2026-09-14 12:50,2026-09-14 16:00,763.2800000000,760.8800000000,session,763.2800000000,0.003144324494,0.002944324494,0.000773404752,38
SPY,2026-09-15,1,1,1789484100,1789502400,2026-09-15 10:55,2026-09-15 16:00,756.5600000000,757.4400000000,session,756.5600000000,0.001163159564,0.000963159564,0.000253247654,61
SPY,2026-09-16,1,2,1789584900,1789588800,2026-09-16 14:55,2026-09-16 16:00,753.2400000000,754.0500000000,session,755.1600000000;751.3200000000,0.001081858840,0.000881858840,0.000463890701,13
SPY,2026-09-21,-1,2,1790004000,1790020800,2026-09-21 11:20,2026-09-21 16:00,771.9873500000,773.5000000000,session,770.1500000000;773.8247000000,-0.001965098954,-0.002165098954,-0.001139592530,56
SPY,2026-09-23,1,1,1790173500,1790193600,2026-09-23 10:25,2026-09-23 16:00,768.8600000000,767.8100000000,session,768.8600000000,-0.001365658247,-0.001565658247,-0.000411444731,67
SPY,2026-09-24,-1,1,1790268600,1790271900,2026-09-24 12:50,2026-09-24 13:45,768.5600000000,766.2100000000,target,768.5600000000,0.003057666285,0.002857666285,0.000750584055,12
SPY,2026-09-24,-1,1,1790275200,1790280000,2026-09-24 14:40,2026-09-24 16:00,767.8000000000,767.2700000000,session,767.8000000000,0.000690283928,0.000490283928,0.000128776163,16
IGV,2021-10-08,1,1,1633700400,1633723200,2021-10-08 09:40,2021-10-08 16:00,81.4520000000,80.8240000000,session,81.4520000000,-0.007710062368,-0.007910062368,-0.002636687456,76
IGV,2021-10-11,-1,1,1633965000,1633973400,2021-10-11 11:10,2021-10-11 13:30,81.5520000000,81.0840000000,target,81.5520000000,0.005738669806,0.005538669806,0.001841355355,28
IGV,2021-10-13,-1,1,1634132400,1634134500,2021-10-13 09:40,2021-10-13 10:15,83.0640000000,82.6300000000,target,83.0640000000,0.005224886834,0.005024886834,0.001673630127,8
IGV,2021-10-13,-1,1,1634134800,1634155200,2021-10-13 10:20,2021-10-13 16:00,82.8160000000,83.2160000000,session,82.8160000000,-0.004829984544,-0.005029984544,-0.001675328012,68
IGV,2021-10-18,-1,1,1634580900,1634587200,2021-10-18 14:15,2021-10-18 16:00,85.4060000000,85.6880000000,session,85.4060000000,-0.003301875746,-0.003501875746,-0.001166361549,21
IGV,2021-10-21,-1,1,1634832600,1634846400,2021-10-21 12:10,2021-10-21 16:00,86.9040000000,87.1800000000,session,86.9040000000,-0.003175918255,-0.003375918255,-0.001123096668,46
IGV,2021-10-26,1,1,1635266700,1635278400,2021-10-26 12:45,2021-10-26 16:00,86.9060000000,86.8540000000,session,86.9060000000,-0.000598347640,-0.000798347640,-0.000265294516,39
IGV,2021-10-27,1,1,1635348900,1635355500,2021-10-27 11:35,2021-10-27 13:25,86.4000000000,86.7860000000,target,86.4000000000,0.004467592593,0.004267592593,0.001417762850,23
IGV,2021-10-27,1,1,1635362100,1635364800,2021-10-27 15:15,2021-10-27 16:00,86.3060000000,86.0960000000,session,86.3060000000,-0.002433202790,-0.002633202790,-0.000874792289,9
IGV,2021-10-28,-1,1,1635430200,1635451200,2021-10-28 10:10,2021-10-28 16:00,86.7960000000,87.1280000000,session,86.7960000000,-0.003825061063,-0.004025061063,-0.001337918474,70
IGV,2021-10-29,-1,1,1635523500,1635537600,2021-10-29 12:05,2021-10-29 16:00,87.4080000000,87.8120000000,session,87.4080000000,-0.004622002563,-0.004822002563,-0.001600669006,47
IGV,2021-11-01,1,1,1635777600,1635796800,2021-11-01 10:40,2021-11-01 16:00,87.4080000000,87.6180000000,session,87.4080000000,0.002402526085,0.002202526085,0.000729955762,64
IGV,2021-11-03,1,1,1635946800,1635962700,2021-11-03 09:40,2021-11-03 14:05,86.8600000000,87.3180000000,target,86.8600000000,0.005272852867,0.005072852867,0.001682466704,54
IGV,2021-11-04,-1,1,1636035300,1636039800,2021-11-04 10:15,2021-11-04 11:30,88.5600000000,88.1976600000,target,88.5600000000,0.004091463415,0.003891463415,0.001292828491,16
IGV,2021-11-05,1,2,1636120500,1636142400,2021-11-05 09:55,2021-11-05 16:00,88.0034800000,87.8020000000,session,88.3409600000;87.6660000000,-0.002274782308,-0.002474782308,-0.001646485623,73
IGV,2021-11-08,-1,1,1636388400,1636405200,2021-11-08 11:20,2021-11-08 16:00,88.8860000000,88.9700000000,session,88.8860000000,-0.000945030713,-0.001145030713,-0.000380269038,56
IGV,2021-11-09,1,1,1636470600,1636471200,2021-11-09 10:10,2021-11-09 10:20,88.6020000000,88.9920000000,target,88.6020000000,0.004401706508,0.004201706508,0.001394870057,3
IGV,2021-11-10,1,3,1636562700,1636578000,2021-11-10 11:45,2021-11-10 16:00,87.3165866667,86.7560000000,session,87.8897600000;87.3640000000;86.6960000000,-0.006389037048,-0.006589037048,-0.006571417744,51
IGV,2021-11-12,-1,1,1636748700,1636750800,2021-11-12 15:25,2021-11-12 16:00,88.4820000000,88.6300000000,session,88.4820000000,-0.001672656586,-0.001872656586,-0.000618447677,7
IGV,2021-11-15,1,1,1636989600,1636994400,2021-11-15 10:20,2021-11-15 11:40,88.0060000000,88.3860000000,target,88.0060000000,0.004317887417,0.004117887417,0.001359089664,17
IGV,2021-11-15,1,1,1636994700,1637010000,2021-11-15 11:45,2021-11-15 16:00,87.9800000000,88.1520000000,session,87.9800000000,0.001954989770,0.001754989770,0.000579226243,51
IGV,2021-11-16,-1,1,1637079600,1637096400,2021-11-16 11:20,2021-11-16 16:00,88.8700000000,89.1280000000,session,88.8700000000,-0.002903116912,-0.003103116912,-0.001026174301,56
IGV,2021-11-17,1,1,1637162700,1637168400,2021-11-17 10:25,2021-11-17 12:00,88.4840000000,88.8760000000,target,88.4840000000,0.004430179467,0.004230179467,0.001397437309,20
IGV,2021-11-17,1,1,1637170500,1637182800,2021-11-17 12:35,2021-11-17 16:00,88.3820000000,88.4000000000,session,88.3820000000,0.000203661379,0.000003661379,0.000001209534,41
IGV,2021-11-18,1,2,1637246400,1637253300,2021-11-18 09:40,2021-11-18 11:35,87.5300000000,87.9640000000,target,87.9220000000;87.1380000000,0.004978456507,0.004778456507,0.003161576199,24
IGV,2021-11-18,1,1,1637257800,1637269200,2021-11-18 12:50,2021-11-18 16:00,87.7560000000,87.5880000000,session,87.7560000000,-0.001914399015,-0.002114399015,-0.000699476242,38
IGV,2021-11-19,1,1,1637349300,1637355600,2021-11-19 14:15,2021-11-19 16:00,88.0700000000,87.8720000000,session,88.0700000000,-0.002248211650,-0.002448211650,-0.000811915926,21
IGV,2021-11-22,1,3,1637595900,1637614800,2021-11-22 10:45,2021-11-22 16:00,86.4858600000,85.3900000000,session,87.1340000000;86.5600000000;85.7635800000,-0.012629237726,-0.012829237726,-0.012753507683,63
IGV,2021-11-23,1,2,1637680800,1637698200,2021-11-23 10:20,2021-11-23 15:10,83.2740000000,83.7540000000,target,83.6820000000;82.8660000000,0.005788247976,0.005588247976,0.003655994131,59
IGV,2021-11-24,-1,1,1637767800,1637787600,2021-11-24 10:30,2021-11-24 16:00,83.7800000000,84.4480000000,session,83.7800000000,-0.007973263309,-0.008173263309,-0.002683553588,66
IGV,2021-11-26,-1,1,1637937300,1637937900,2021-11-26 09:35,2021-11-26 09:45,85.0950000000,84.5500000000,target,85.0950000000,0.006404606616,0.006204606616,0.002031628131,3
IGV,2021-11-29,-1,1,1638205800,1638219600,2021-11-29 12:10,2021-11-29 16:00,85.0340000000,85.3080000000,session,85.0340000000,-0.003222240516,-0.003422240516,-0.001122891452,46
IGV,2021-11-30,1,2,1638287700,1638306000,2021-11-30 10:55,2021-11-30 16:00,83.4375000000,82.9800000000,session,83.7430000000;83.1320000000,-0.005469813376,-0.005669813376,-0.003716467201,61
IGV,2021-12-01,1,1,1638370200,1638371400,2021-12-01 09:50,2021-12-01 10:10,82.4460000000,82.9320000000,target,82.4460000000,0.005894767484,0.005694767484,0.001859357294,5
IGV,2021-12-01,1,3,1638371700,1638392400,2021-12-01 10:15,2021-12-01 16:00,81.7553333333,79.1800000000,session,82.5420000000;81.8380000000;80.8860000000,-0.031433663889,-0.031633663889,-0.030985435583,69
IGV,2021-12-02,-1,1,1638456000,1638458400,2021-12-02 09:40,2021-12-02 10:20,80.7680000000,79.9920000000,target,80.7680000000,0.009607765452,0.009407765452,0.002980324269,9
IGV,2021-12-02,-1,1,1638464700,1638478800,2021-12-02 12:05,2021-12-02 16:00,80.6220000000,80.8100000000,session,80.6220000000,-0.002331869713,-0.002531869713,-0.000802081301,47
IGV,2021-12-03,1,3,1638542700,1638565200,2021-12-03 09:45,2021-12-03 16:00,78.2466666667,78.0880000000,session,79.0600000000;78.3600000000;77.3200000000,-0.001944290544,-0.002144290544,-0.002042566346,75
IGV,2021-12-06,1,1,1638801600,1638801900,2021-12-06 09:40,2021-12-06 09:45,76.4380000000,77.1000000000,target,76.4380000000,0.008660613831,0.008460613831,0.002680654892,2
IGV,2021-12-07,-1,1,1638889200,1638910800,2021-12-07 10:00,2021-12-07 16:00,81.1400000000,81.1680000000,session,81.1400000000,-0.000345082573,-0.000545082573,-0.000173190636,72
IGV,2021-12-09,1,1,1639069800,1639083600,2021-12-09 12:10,2021-12-09 16:00,80.7480000000,80.0910000000,session,80.7480000000,-0.008136424432,-0.008336424432,-0.002648274572,46
IGV,2021-12-14,1,1,1639497900,1639515600,2021-12-14 11:05,2021-12-14 16:00,78.0140000000,78.3540000000,session,78.0140000000,0.004358192119,0.004158192119,0.001317283473,59
IGV,2021-12-15,-1,1,1639599000,1639602000,2021-12-15 15:10,2021-12-15 16:00,79.6360000000,80.3260000000,session,79.6360000000,-0.008664423125,-0.008864423125,-0.002812073794,10
IGV,2021-12-16,1,2,1639670700,1639688400,2021-12-16 11:05,2021-12-16 16:00,78.1710000000,77.8020000000,session,78.7320000000;77.6100000000,-0.004669157872,-0.004869157872,-0.003080171729,59
IGV,2021-12-17,-1,1,1639757700,1639759500,2021-12-17 11:15,2021-12-17 11:45,78.3480000000,77.5680000000,target,78.3480000000,0.009955582784,0.009755582784,0.003075616902,7
IGV,2021-12-17,-1,1,1639765800,1639774800,2021-12-17 13:30,2021-12-17 16:00,78.1550000000,78.1440000000,session,78.1550000000,0.000140745954,-0.000059254046,-0.000018680867,30
IGV,2021-12-21,-1,1,1640112000,1640120400,2021-12-21 13:40,2021-12-21 16:00,78.6820000000,79.0260000000,session,78.6820000000,-0.004372029181,-0.004572029181,-0.001446070404,28
IGV,2021-12-28,1,1,1640708400,1640725200,2021-12-28 11:20,2021-12-28 16:00,80.2760000000,80.1920000000,session,80.2760000000,-0.001046389955,-0.001246389955,-0.000393615335,55
IGV,2022-01-03,1,1,1641221400,1641224100,2022-01-03 09:50,2022-01-03 10:35,78.0360000000,78.6460000000,target,78.0360000000,0.007816905018,0.007616905018,0.002404452152,10
IGV,2022-01-03,1,1,1641224400,1641243600,2022-01-03 10:40,2022-01-03 16:00,78.4100000000,78.6780000000,session,78.4100000000,0.003417931386,0.003217931386,0.001015814432,64
IGV,2022-01-04,1,3,1641308100,1641330000,2022-01-04 09:55,2022-01-04 16:00,76.7626666667,76.8800000000,session,77.6160000000;76.7840000000;75.8880000000,0.001613191662,0.001413191662,0.001343153344,73
IGV,2022-01-05,1,2,1641404400,1641416400,2022-01-05 12:40,2022-01-05 16:00,74.1110000000,73.0900000000,session,74.6920000000;73.5300000000,-0.013716016122,-0.013916016122,-0.008830016269,40
IGV,2022-01-06,-1,1,1641484200,1641502800,2022-01-06 10:50,2022-01-06 16:00,73.8400000000,73.1720000000,session,73.8400000000,0.009046587216,0.008846587216,0.002780637932,62
IGV,2022-01-07,1,1,1641570600,1641573000,2022-01-07 10:50,2022-01-07 11:30,72.1220000000,72.7264000000,target,72.1220000000,0.008380244586,0.008180244586,0.002578776825,9
IGV,2022-01-10,1,1,1641827700,1641831900,2022-01-10 10:15,2022-01-10 11:25,70.3920000000,71.0300000000,target,70.3920000000,0.009063529947,0.008863529947,0.002801797775,15
IGV,2022-01-10,-1,1,1641843600,1641848400,2022-01-10 14:40,2022-01-10 16:00,72.5332400000,73.2400000000,session,72.5332400000,-0.009743946362,-0.009943946362,-0.003143321787,16
IGV,2022-01-11,-1,1,1641918600,1641934800,2022-01-11 11:30,2022-01-11 16:00,74.2740000000,74.5380000000,session,74.2740000000,-0.003554406656,-0.003754406656,-0.001186355769,54
IGV,2022-01-12,1,1,1642003800,1642008300,2022-01-12 11:10,2022-01-12 12:25,73.9200000000,74.5160000000,target,73.9200000000,0.008062770563,0.007862770563,0.002481449218,16
IGV,2022-01-13,1,2,1642087200,1642107600,2022-01-13 10:20,2022-01-13 16:00,72.7999100000,71.1320000000,session,73.2920000000;72.3078200000,-0.022866234089,-0.023066234089,-0.014597323851,68
IGV,2022-01-19,-1,1,1642604400,1642606500,2022-01-19 10:00,2022-01-19 10:35,71.8060000000,71.1980000000,target,71.8060000000,0.008467259003,0.008267259003,0.002575715294,8
IGV,2022-01-19,-1,1,1642615200,1642619400,2022-01-19 13:00,2022-01-19 14:10,71.7000000000,71.1240000000,target,71.7000000000,0.008033472803,0.007833472803,0.002440566540,15
IGV,2022-01-20,-1,1,1642691100,1642701900,2022-01-20 10:05,2022-01-20 13:05,72.0580000000,71.3451000000,target,72.0580000000,0.009893419190,0.009693419190,0.003036252562,37
IGV,2022-01-21,1,1,1642778400,1642779300,2022-01-21 10:20,2022-01-21 10:35,68.2840000000,69.2819800000,target,68.2840000000,0.014615136782,0.014415136782,0.004529817151,4
IGV,2022-01-21,1,1,1642793400,1642798800,2022-01-21 14:30,2022-01-21 16:00,68.3750000000,67.7260000000,session,68.3750000000,-0.009491773309,-0.009691773309,-0.003045545916,18
IGV,2022-01-24,1,1,1643043000,1643043300,2022-01-24 11:50,2022-01-24 11:55,64.7840000000,65.3540000000,target,64.7840000000,0.008798468758,0.008598468758,0.002706239701,2
IGV,2022-01-24,1,1,1643043900,1643046900,2022-01-24 12:05,2022-01-24 12:55,65.0640000000,65.8780000000,target,65.0640000000,0.012510758638,0.012310758638,0.003874627531,11
IGV,2022-01-24,-1,1,1643050200,1643058000,2022-01-24 13:50,2022-01-24 16:00,67.4140000000,69.1540000000,session,67.4140000000,-0.025810662474,-0.026010662474,-0.008186467778,26
IGV,2022-01-25,1,1,1643126400,1643138100,2022-01-25 11:00,2022-01-25 14:15,66.7080000000,67.4020000000,target,66.7080000000,0.010403549799,0.010203549799,0.003205954059,40
IGV,2022-01-26,1,2,1643226600,1643230800,2022-01-26 14:50,2022-01-26 16:00,66.1870000000,65.8640000000,session,66.6160000000;65.7580000000,-0.004838304077,-0.005038304077,-0.003176837391,14
IGV,2022-01-27,1,1,1643307900,1643317200,2022-01-27 13:25,2022-01-27 16:00,65.8580000000,65.8720000000,session,65.8580000000,0.000212578578,0.000012578578,0.000003952310,31
IGV,2022-01-28,-1,1,1643386800,1643397900,2022-01-28 11:20,2022-01-28 14:25,67.4260000000,66.5820000000,target,67.4260000000,0.012517426512,0.012317426512,0.003870269631,38
IGV,2022-01-28,-1,1,1643400000,1643403600,2022-01-28 15:00,2022-01-28 16:00,67.4460000000,68.4060000000,session,67.4460000000,-0.014233609110,-0.014433609110,-0.004535197263,12
IGV,2022-01-31,-1,1,1643641800,1643662800,2022-01-31 10:10,2022-01-31 16:00,70.2240000000,71.0140000000,session,70.2240000000,-0.011249715197,-0.011449715197,-0.003595087536,70
IGV,2022-02-01,1,1,1643727900,1643729100,2022-02-01 10:05,2022-02-01 10:25,70.0969600000,70.7810000000,target,70.0969600000,0.009758483107,0.009558483107,0.002989806455,5
IGV,2022-02-02,1,1,1643818500,1643824800,2022-02-02 11:15,2022-02-02 13:00,70.2860000000,70.9580000000,target,70.2860000000,0.009560936744,0.009360936744,0.002937344882,22
IGV,2022-02-02,1,1,1643829300,1643835600,2022-02-02 14:15,2022-02-02 16:00,70.3872400000,70.7040000000,session,70.3872400000,0.004500247488,0.004300247488,0.001349363882,21
IGV,2022-02-04,-1,1,1643988000,1643991300,2022-02-04 10:20,2022-02-04 11:15,69.7660000000,69.0680000000,target,69.7660000000,0.010004873434,0.009804873434,0.003090656875,12
IGV,2022-02-04,-1,1,1643992500,1644008400,2022-02-04 11:35,2022-02-04 16:00,69.7280000000,70.2120000000,session,69.7280000000,-0.006941257458,-0.007141257458,-0.002251041445,53
IGV,2022-02-10,-1,1,1644504900,1644518100,2022-02-10 09:55,2022-02-10 13:35,72.6740000000,72.0138000000,target,72.6740000000,0.009084404326,0.008884404326,0.002802996414,45
IGV,2022-02-11,1,2,1644597600,1644613200,2022-02-11 11:40,2022-02-11 16:00,70.1000000000,69.2620000000,session,70.6420000000;69.5580000000,-0.011895281126,-0.012095281126,-0.007654634146,52
IGV,2022-02-17,1,1,1645117800,1645131600,2022-02-17 12:10,2022-02-17 16:00,67.8100000000,66.9520000000,session,67.8100000000,-0.012653001032,-0.012853001032,-0.004034287832,46
IGV,2022-02-18,1,1,1645206000,1645212900,2022-02-18 12:40,2022-02-18 14:35,65.6080000000,66.1860000000,target,65.6080000000,0.008809901232,0.008609901232,0.002690889398,24
IGV,2022-02-18,1,1,1645215600,1645218000,2022-02-18 15:20,2022-02-18 16:00,65.6480000000,65.5180000000,session,65.6480000000,-0.001980258348,-0.002180258348,-0.000681405502,8
IGV,2022-02-22,-1,1,1645541400,1645545300,2022-02-22 09:50,2022-02-22 10:55,66.1080000000,65.4879800000,target,66.1080000000,0.009378895141,0.009178895141,0.002874867788,14
IGV,2022-02-23,1,1,1645631400,1645650000,2022-02-23 10:50,2022-02-23 16:00,64.6100000000,63.3540000000,session,64.6100000000,-0.019439715214,-0.019639715214,-0.006170060277,62
IGV,2022-02-24,-1,3,1645713600,1645736400,2022-02-24 09:40,2022-02-24 16:00,63.8813333333,67.2140000000,session,62.8840000000;63.7060000000;65.0540000000,-0.052375194977,-0.052575194977,-0.049227057866,76
IGV,2022-02-28,-1,1,1646065200,1646070000,2022-02-28 11:20,2022-02-28 12:40,68.6540000000,67.8380000000,target,68.6540000000,0.011885687651,0.011685687651,0.003455419330,17
IGV,2022-03-02,1,1,1646234100,1646237100,2022-03-02 10:15,2022-03-02 11:05,67.1020000000,67.8940000000,target,67.1020000000,0.011802926887,0.011602926887,0.003444311571,11
IGV,2022-03-03,1,2,1646320200,1646341200,2022-03-03 10:10,2022-03-03 16:00,67.6160000000,67.1080000000,session,68.2200000000;67.0120000000,-0.007433812989,-0.007633812989,-0.004549700860,70
IGV,2022-03-04,1,1,1646421300,1646427600,2022-03-04 14:15,2022-03-04 16:00,65.3420000000,65.6680000000,session,65.3420000000,0.004989134094,0.004789134094,0.001419882706,21
IGV,2022-03-07,1,1,1646666100,1646686800,2022-03-07 10:15,2022-03-07 16:00,64.1580000000,62.8480000000,session,64.1580000000,-0.020418342218,-0.020618342218,-0.006122685632,69
IGV,2022-03-09,-1,1,1646845500,1646859600,2022-03-09 12:05,2022-03-09 16:00,65.0620000000,65.2120000000,session,65.0620000000,-0.002305493222,-0.002505493222,-0.000738901137,47
IGV,2022-03-11,1,1,1647012000,1647032400,2022-03-11 10:20,2022-03-11 16:00,63.1833400000,62.2680000000,session,63.1833400000,-0.014487046744,-0.014687046744,-0.004327775469,68
IGV,2022-03-14,1,1,1647276900,1647288000,2022-03-14 12:55,2022-03-14 16:00,60.5960000000,60.4560000000,session,60.5960000000,-0.002310383524,-0.002510383524,-0.000736103581,37
IGV,2022-03-16,-1,1,1647441300,1647448200,2022-03-16 10:35,2022-03-16 12:30,64.3060000000,63.6440000000,target,64.3060000000,0.010294529282,0.010094529282,0.002957476887,24
IGV,2022-03-17,-1,1,1647539100,1647547200,2022-03-17 13:45,2022-03-17 16:00,65.6920000000,66.0620000000,session,65.6920000000,-0.005632344882,-0.005832344882,-0.001714499504,27
IGV,2022-03-18,-1,1,1647612600,1647633600,2022-03-18 10:10,2022-03-18 16:00,66.9460000000,68.0020000000,session,66.9460000000,-0.015773907328,-0.015973907328,-0.004686624809,70
IGV,2022-03-22,-1,1,1647959700,1647979200,2022-03-22 10:35,2022-03-22 16:00,68.9240000000,69.0520000000,session,68.9240000000,-0.001857117985,-0.002057117985,-0.000600329368,65
IGV,2022-03-25,1,1,1648221000,1648238400,2022-03-25 11:10,2022-03-25 16:00,67.2540000000,67.6240000000,session,67.2540000000,0.005501531507,0.005301531507,0.001546086666,58
IGV,2022-03-28,-1,1,1648494000,1648497600,2022-03-28 15:00,2022-03-28 16:00,68.9120000000,69.1940000000,session,68.9120000000,-0.004092175528,-0.004292175528,-0.001253940010,12
IGV,2022-03-30,1,1,1648668300,1648670400,2022-03-30 15:25,2022-03-30 16:00,69.2320000000,69.5080000000,session,69.2320000000,0.003986595794,0.003786595794,0.001104654416,7
IGV,2022-04-04,-1,1,1649079600,1649102400,2022-04-04 09:40,2022-04-04 16:00,70.4740000000,70.7920000000,session,70.4740000000,-0.004512302409,-0.004712302409,-0.001376443719,76
IGV,2022-04-05,1,1,1649167800,1649188800,2022-04-05 10:10,2022-04-05 16:00,69.4600000000,69.0020000000,session,69.4600000000,-0.006593723006,-0.006793723006,-0.001981300864,70
IGV,2022-04-06,1,1,1649253300,1649271600,2022-04-06 09:55,2022-04-06 15:00,66.7140000000,67.4000000000,target,66.7140000000,0.010282699284,0.010082699284,0.002933829020,62
IGV,2022-04-07,-1,1,1649358900,1649361600,2022-04-07 15:15,2022-04-07 16:00,67.6380000000,67.1540000000,session,67.6380000000,0.007155740856,0.006955740856,0.002030759773,9
IGV,2022-04-12,1,1,1649786100,1649793600,2022-04-12 13:55,2022-04-12 16:00,65.4530000000,64.9060000000,session,65.4530000000,-0.008357141766,-0.008557141766,-0.002504088459,25
IGV,2022-04-13,-1,1,1649863200,1649880000,2022-04-13 11:20,2022-04-13 16:00,66.1500000000,66.3140000000,session,66.1500000000,-0.002479213908,-0.002679213908,-0.000781785813,56
IGV,2022-04-14,1,1,1649947200,1649966400,2022-04-14 10:40,2022-04-14 16:00,65.3420000000,64.7100000000,session,65.3420000000,-0.009672186343,-0.009872186343,-0.002878098886,64
IGV,2022-04-19,-1,2,1650377700,1650398400,2022-04-19 10:15,2022-04-19 16:00,65.3971000000,65.7480000000,session,64.9860000000;65.8082000000,-0.005405411410,-0.005605411410,-0.003257604483,69
IGV,2022-04-20,1,1,1650463200,1650466500,2022-04-20 10:00,2022-04-20 10:55,65.1540000000,65.7380800000,target,65.1540000000,0.008964606931,0.008764606931,0.002537273807,12
IGV,2022-04-20,1,1,1650471000,1650484800,2022-04-20 12:10,2022-04-20 16:00,65.1900000000,64.7680000000,session,65.1900000000,-0.006473385489,-0.006673385489,-0.001931884264,46
IGV,2022-04-21,1,3,1650551100,1650571200,2022-04-21 10:25,2022-04-21 16:00,63.9533333333,62.7530000000,session,64.8860000000;64.0120000000;62.9620000000,-0.018620229539,-0.018820229539,-0.016356248223,67
IGV,2022-04-22,1,1,1650646500,1650657600,2022-04-22 12:55,2022-04-22 16:00,61.4980000000,61.1560000000,session,61.4980000000,-0.005561156460,-0.005761156460,-0.001637554556,37
IGV,2022-04-25,-1,1,1650897300,1650898500,2022-04-25 10:35,2022-04-25 10:55,61.9320000000,61.3700000000,target,61.9320000000,0.009074468772,0.008874468772,0.002517640166,5
IGV,2022-04-25,-1,1,1650905400,1650916800,2022-04-25 12:50,2022-04-25 16:00,61.8760000000,62.2860000000,session,61.8760000000,-0.006626155537,-0.006826155537,-0.001936544462,38
IGV,2022-04-26,1,1,1650981600,1651003200,2022-04-26 10:00,2022-04-26 16:00,60.6980000000,59.9800000000,session,60.6980000000,-0.011829055323,-0.012029055323,-0.003414909807,72
IGV,2022-04-27,-1,1,1651067700,1651068300,2022-04-27 09:55,2022-04-27 10:05,61.3419800000,60.8120000000,target,61.3419800000,0.008639760242,0.008439760242,0.002386343402,3
IGV,2022-04-28,-1,1,1651167600,1651176000,2022-04-28 13:40,2022-04-28 16:00,62.4200000000,62.4240000000,session,62.4200000000,-0.000064082025,-0.000264082025,-0.000074879293,28
IGV,2022-04-29,1,1,1651258500,1651262400,2022-04-29 14:55,2022-04-29 16:00,60.6900000000,59.9900000000,session,60.6900000000,-0.011534025375,-0.011734025375,-0.003326838261,13
IGV,2022-05-02,-1,1,1651502100,1651503600,2022-05-02 10:35,2022-05-02 11:00,60.9760000000,60.3700000000,target,60.9760000000,0.009938336395,0.009738336395,0.002750219975,6
IGV,2022-05-04,1,1,1651672800,1651683900,2022-05-04 10:00,2022-05-04 13:05,59.5680000000,60.2000000000,target,59.5680000000,0.010609723341,0.010409723341,0.002949370502,38
IGV,2022-05-04,1,1,1651689300,1651689900,2022-05-04 14:35,2022-05-04 14:45,59.2720000000,60.3240000000,target,59.2720000000,0.017748684033,0.017548684033,0.004972040980,3
IGV,2022-05-04,-1,1,1651692300,1651694400,2022-05-04 15:25,2022-05-04 16:00,61.9764000000,62.4620000000,session,61.9764000000,-0.007835240511,-0.008035240511,-0.002276612025,7
IGV,2022-05-05,1,2,1651759500,1651780800,2022-05-05 10:05,2022-05-05 16:00,59.5785000000,58.9160000000,session,60.0490000000;59.1080000000,-0.011058107896,-0.011258107896,-0.006421850428,71
IGV,2022-05-06,1,1,1651844400,1651846800,2022-05-06 09:40,2022-05-06 10:20,56.8569200000,57.5800000000,target,56.8569200000,0.012717537285,0.012517537285,0.003543331849,9
IGV,2022-05-06,1,1,1651848000,1651848600,2022-05-06 10:40,2022-05-06 10:50,56.9540000000,57.8080000000,target,56.9540000000,0.014994557011,0.014794557011,0.004187886471,3
IGV,2022-05-06,1,1,1651862700,1651867200,2022-05-06 14:45,2022-05-06 16:00,56.8840000000,57.0320000000,session,56.8840000000,0.002601786091,0.002401786091,0.000679872163,15
IGV,2022-05-09,1,1,1652106900,1652112900,2022-05-09 10:35,2022-05-09 12:15,54.4640000000,55.0560000000,target,54.4640000000,0.010869565217,0.010669565217,0.003050141719,21
IGV,2022-05-09,1,1,1652115600,1652126400,2022-05-09 13:00,2022-05-09 16:00,54.5300000000,53.9600000000,session,54.5300000000,-0.010452961672,-0.010652961672,-0.003045395212,36
IGV,2022-05-10,1,1,1652193900,1652204100,2022-05-10 10:45,2022-05-10 13:35,53.9780000000,54.7260000000,target,53.9780000000,0.013857497499,0.013657497499,0.003904332801,35
IGV,2022-05-11,-1,1,1652277300,1652278200,2022-05-11 09:55,2022-05-11 10:10,55.1800000000,54.4440000000,target,55.1800000000,0.013338166002,0.013138166002,0.003772967663,4
IGV,2022-05-12,-1,1,1652365200,1652377800,2022-05-12 10:20,2022-05-12 13:50,53.1420000000,52.4220000000,target,53.1420000000,0.013548605623,0.013348605623,0.003850188852,43
IGV,2022-05-12,-1,1,1652383500,1652385600,2022-05-12 15:25,2022-05-12 16:00,53.1540000000,53.3240000000,session,53.1540000000,-0.003198254130,-0.003398254130,-0.000980171303,7
IGV,2022-05-13,-1,1,1652450100,1652472000,2022-05-13 09:55,2022-05-13 16:00,55.6880000000,55.9520000000,session,55.6880000000,-0.004740698176,-0.004940698176,-0.001429790908,73
IGV,2022-05-17,1,1,1652798400,1652801700,2022-05-17 10:40,2022-05-17 11:35,54.4540000000,55.1060000000,target,54.4540000000,0.011973408749,0.011773408749,0.003401500980,12
IGV,2022-05-18,1,1,1652893800,1652904000,2022-05-18 13:10,2022-05-18 16:00,53.4620000000,53.3760000000,session,53.4620000000,-0.001608619206,-0.001808619206,-0.000524585831,34
IGV,2022-05-19,-1,1,1652970300,1652990400,2022-05-19 10:25,2022-05-19 16:00,54.4200000000,54.2980000000,session,54.4200000000,0.002241822859,0.002041822859,0.000591868976,67
IGV,2022-05-20,1,1,1653063000,1653076800,2022-05-20 12:10,2022-05-20 16:00,53.9025000000,54.9580000000,session,53.9025000000,0.019581652057,0.019381652057,0.005622038186,46
IGV,2022-05-24,1,1,1653402000,1653407400,2022-05-24 10:20,2022-05-24 11:50,53.1040000000,53.7870000000,target,53.1040000000,0.012861554685,0.012661554685,0.003696466633,19
IGV,2022-05-24,1,1,1653418200,1653422400,2022-05-24 14:50,2022-05-24 16:00,53.2020000000,53.6020000000,session,53.2020000000,0.007518514342,0.007318514342,0.002136597340,14
IGV,2022-05-25,-1,1,1653488400,1653508800,2022-05-25 10:20,2022-05-25 16:00,54.5820000000,55.2060000000,session,54.5820000000,-0.011432340332,-0.011632340332,-0.003418610934,68
IGV,2022-05-26,-1,1,1653581700,1653595200,2022-05-26 12:15,2022-05-26 16:00,56.2176200000,56.3900000000,session,56.2176200000,-0.003066298431,-0.003266298431,-0.000956205445,45
IGV,2022-05-27,-1,1,1653668100,1653681600,2022-05-27 12:15,2022-05-27 16:00,57.9960000000,58.3280000000,session,57.9960000000,-0.005724532726,-0.005924532726,-0.001732512395,45
IGV,2022-06-01,1,1,1654099500,1654107900,2022-06-01 12:05,2022-06-01 14:25,57.1340000000,57.8620000000,target,57.1340000000,0.012741975006,0.012541975006,0.003660409439,29
IGV,2022-06-02,-1,2,1654178700,1654200000,2022-06-02 10:05,2022-06-02 16:00,58.9950000000,60.1380000000,session,58.4520000000;59.5380000000,-0.019460888670,-0.019660888670,-0.011524145355,71
IGV,2022-06-07,-1,1,1654612200,1654632000,2022-06-07 10:30,2022-06-07 16:00,59.1540000000,59.7020000000,session,59.1540000000,-0.009263955100,-0.009463955100,-0.002737273629,66
IGV,2022-06-10,1,1,1654874100,1654885200,2022-06-10 11:15,2022-06-10 14:20,55.1670000000,55.6880000000,target,55.1670000000,0.009444051698,0.009244051698,0.002665236146,38
IGV,2022-06-13,1,1,1655132700,1655137800,2022-06-13 11:05,2022-06-13 12:30,52.2200000000,52.8880000000,target,52.2200000000,0.012792033704,0.012592033704,0.003641710031,18
IGV,2022-06-13,1,1,1655148300,1655150400,2022-06-13 15:25,2022-06-13 16:00,52.2980000000,52.1500000000,session,52.2980000000,-0.002829936135,-0.003029936135,-0.000876280121,7
IGV,2022-06-15,-1,1,1655318700,1655319300,2022-06-15 14:45,2022-06-15 14:55,54.3400000000,53.9080000000,target,54.3400000000,0.007949944792,0.007749944792,0.002248485792,3
IGV,2022-06-15,-1,1,1655321100,1655323200,2022-06-15 15:25,2022-06-15 16:00,54.3000000000,53.8400000000,session,54.3000000000,0.008471454880,0.008271454880,0.002399791131,7
IGV,2022-06-16,1,1,1655405700,1655409600,2022-06-16 14:55,2022-06-16 16:00,51.1060000000,51.4480000000,session,51.1060000000,0.006691973545,0.006491973545,0.001893570348,13
IGV,2022-06-17,-1,1,1655484300,1655496000,2022-06-17 12:45,2022-06-17 16:00,52.5040000000,52.4600000000,session,52.5040000000,0.000838031388,0.000638031388,0.000186502879,39
IGV,2022-06-22,-1,1,1655906400,1655928000,2022-06-22 10:00,2022-06-22 16:00,53.7580000000,53.5280000000,session,53.7580000000,0.004278432977,0.004078432977,0.001192419807,72
IGV,2022-06-23,-1,1,1655997300,1656002400,2022-06-23 11:15,2022-06-23 12:40,55.1096000000,54.5600000000,target,55.1096000000,0.009972854094,0.009772854094,0.002861193826,18
IGV,2022-06-23,-1,1,1656009000,1656014400,2022-06-23 14:30,2022-06-23 16:00,55.0920000000,55.4780000000,session,55.0920000000,-0.007006461918,-0.007206461918,-0.002109832414,18
IGV,2022-06-24,-1,1,1656081300,1656084000,2022-06-24 10:35,2022-06-24 11:20,57.3240000000,56.7560000000,target,57.3240000000,0.009908589770,0.009708589770,0.002844810744,10
IGV,2022-06-24,-1,1,1656096300,1656100800,2022-06-24 14:45,2022-06-24 16:00,57.3040000000,57.8440000000,session,57.3040000000,-0.009423425939,-0.009623425939,-0.002819856040,15
IGV,2022-06-27,1,1,1656337800,1656338700,2022-06-27 09:50,2022-06-27 10:05,56.6580000000,57.2710000000,target,56.6580000000,0.010819301776,0.010619301776,0.003111755888,4
IGV,2022-06-27,1,1,1656339600,1656342000,2022-06-27 10:20,2022-06-27 11:00,56.7280000000,57.3080000000,target,56.7280000000,0.010224227895,0.010024227895,0.002937382403,9
IGV,2022-06-27,1,1,1656347400,1656360000,2022-06-27 12:30,2022-06-27 16:00,56.7400000000,56.7740000000,session,56.7400000000,0.000599224533,0.000399224533,0.000116984084,42
IGV,2022-06-28,1,2,1656429900,1656446400,2022-06-28 11:25,2022-06-28 16:00,55.1360000000,54.6700000000,session,55.6280000000;54.6440000000,-0.008372868033,-0.008572868033,-0.005059426699,55
IGV,2022-06-30,1,1,1656598200,1656599700,2022-06-30 10:10,2022-06-30 10:35,52.9560000000,53.4980000000,target,52.9560000000,0.010234912002,0.010034912002,0.002944215014,6
IGV,2022-07-05,-1,2,1657030500,1657051200,2022-07-05 10:15,2022-07-05 16:00,55.4870000000,56.2240000000,session,54.9880000000;55.9860000000,-0.013364347124,-0.013564347124,-0.007986106979,69
IGV,2022-07-07,-1,1,1657221300,1657224000,2022-07-07 15:15,2022-07-07 16:00,57.5000000000,57.4360000000,session,57.5000000000,0.001113043478,0.000913043478,0.000266349905,9
IGV,2022-07-08,-1,1,1657291500,1657297500,2022-07-08 10:45,2022-07-08 12:25,57.6320600000,57.0380000000,target,57.6320600000,0.010307804371,0.010107804371,0.002949511348,21
IGV,2022-07-12,1,2,1657633800,1657656000,2022-07-12 09:50,2022-07-12 16:00,54.9090000000,54.1580000000,session,55.2960000000;54.5220000000,-0.013628177282,-0.013828177282,-0.008097463014,74
IGV,2022-07-14,1,1,1657807500,1657812000,2022-07-14 10:05,2022-07-14 11:20,52.2000000000,52.7560000000,target,52.2000000000,0.010651340996,0.010451340996,0.003031822839,16
IGV,2022-07-20,-1,2,1658326500,1658347200,2022-07-20 10:15,2022-07-20 16:00,57.3630000000,57.6300000000,session,56.9000000000;57.8260000000,-0.004720023351,-0.004920023351,-0.002864437294,69
IGV,2022-07-21,-1,1,1658427000,1658433600,2022-07-21 14:10,2022-07-21 16:00,58.5130000000,58.6660000000,session,58.5130000000,-0.002614803548,-0.002814803548,-0.000816701617,22
IGV,2022-07-22,1,1,1658504100,1658520000,2022-07-22 11:35,2022-07-22 16:00,57.4720000000,57.4500000000,session,57.4720000000,-0.000382795100,-0.000582795100,-0.000168936519,53
IGV,2022-07-25,1,1,1658773800,1658779200,2022-07-25 14:30,2022-07-25 16:00,56.4840000000,56.7480000000,session,56.4840000000,0.004673889951,0.004473889951,0.001296607623,18
IGV,2022-07-26,1,2,1658844900,1658865600,2022-07-26 10:15,2022-07-26 16:00,55.3160300000,54.9900000000,session,55.7620600000;54.8700000000,-0.005829313659,-0.006029313659,-0.003500002271,69
IGV,2022-07-27,-1,1,1658947500,1658952000,2022-07-27 14:45,2022-07-27 16:00,57.2460000000,57.3400000000,session,57.2460000000,-0.001642036125,-0.001842036125,-0.000532499756,15
IGV,2022-07-28,-1,1,1659022200,1659038400,2022-07-28 11:30,2022-07-28 16:00,58.2260000000,58.4080000000,session,58.2260000000,-0.003125751383,-0.003325751383,-0.000960825026,54
IGV,2022-08-01,-1,1,1659365700,1659373500,2022-08-01 10:55,2022-08-01 13:05,59.4720000000,59.0840000000,target,59.4720000000,0.006524078558,0.006324078558,0.001825030233,27
IGV,2022-08-02,-1,1,1659457200,1659462000,2022-08-02 12:20,2022-08-02 13:40,59.4880000000,59.0230000000,target,59.4880000000,0.007816702528,0.007616702528,0.002202694880,17
IGV,2022-08-02,-1,1,1659464700,1659470400,2022-08-02 14:25,2022-08-02 16:00,59.3260000000,59.1060000000,session,59.3260000000,0.003708323501,0.003508323501,0.001014581597,19
IGV,2022-08-03,-1,1,1659535800,1659556800,2022-08-03 10:10,2022-08-03 16:00,60.5560000000,61.0000000000,session,60.5560000000,-0.007332056278,-0.007532056278,-0.002186293370,70
IGV,2022-08-05,-1,1,1659708600,1659713400,2022-08-05 10:10,2022-08-05 11:30,60.9040000000,60.3310000000,target,60.9040000000,0.009408249048,0.009208249048,0.002666123054,17
IGV,2022-08-05,-1,1,1659717000,1659729600,2022-08-05 12:30,2022-08-05 16:00,60.8800000000,61.2240000000,session,60.8800000000,-0.005650459921,-0.005850459921,-0.001693920961,42
IGV,2022-08-09,1,1,1660054200,1660075200,2022-08-09 10:10,2022-08-09 16:00,60.0280000000,60.3040000000,session,60.0280000000,0.004597854335,0.004397854335,0.001274764005,70
IGV,2022-08-11,1,1,1660231200,1660248000,2022-08-11 11:20,2022-08-11 16:00,62.2760000000,61.8780000000,session,62.2760000000,-0.006390905004,-0.006590905004,-0.001913243260,56
IGV,2022-08-15,-1,1,1660591200,1660593600,2022-08-15 15:20,2022-08-15 16:00,63.5860000000,63.4500000000,session,63.5860000000,0.002138835593,0.001938835593,0.000561579108,8
IGV,2022-08-16,1,1,1660660500,1660662900,2022-08-16 10:35,2022-08-16 11:15,62.1900200000,62.7420000000,target,62.1900200000,0.008875700635,0.008675700635,0.002514520041,9
IGV,2022-08-19,1,1,1660917000,1660939200,2022-08-19 09:50,2022-08-19 16:00,60.5860000000,60.6140000000,session,60.5860000000,0.000462152973,0.000262152973,0.000076200787,74
IGV,2022-08-26,1,2,1661524200,1661544000,2022-08-26 10:30,2022-08-26 16:00,58.5480000000,57.5960000000,session,58.8580000000;58.2380000000,-0.016232582765,-0.016432582765,-0.009553850481,66
IGV,2022-08-30,1,1,1661870100,1661886600,2022-08-30 10:35,2022-08-30 15:10,56.2560000000,56.6580000000,target,56.2560000000,0.007145904437,0.006945904437,0.001997043145,56
IGV,2022-08-31,1,1,1661958300,1661976000,2022-08-31 11:05,2022-08-31 16:00,56.4430000000,56.2560000000,session,56.4430000000,-0.003313076909,-0.003513076909,-0.001012396562,59
IGV,2022-09-01,1,1,1662041700,1662059700,2022-09-01 10:15,2022-09-01 15:15,54.9474600000,55.3560000000,target,54.9474600000,0.007435102551,0.007235102551,0.002082566257,61
IGV,2022-09-02,1,1,1662138300,1662148800,2022-09-02 13:05,2022-09-02 16:00,55.4480000000,55.0860000000,session,55.4480000000,-0.006528639446,-0.006728639446,-0.001941455859,35
IGV,2022-09-06,1,1,1662473100,1662476100,2022-09-06 10:05,2022-09-06 10:55,54.4380000000,54.9880000000,target,54.4380000000,0.010103236710,0.009903236710,0.002851033098,11
IGV,2022-09-06,1,1,1662485400,1662494400,2022-09-06 13:30,2022-09-06 16:00,54.4840000000,54.6520000000,session,54.4840000000,0.003083474047,0.002883474047,0.000830120514,30
IGV,2022-09-07,-1,1,1662569100,1662580800,2022-09-07 12:45,2022-09-07 16:00,55.3480000000,55.7840000000,session,55.3480000000,-0.007877430079,-0.008077430079,-0.002335314839,39
IGV,2022-09-08,-1,1,1662646800,1662654300,2022-09-08 10:20,2022-09-08 12:25,56.1750000000,55.7880000000,target,56.1750000000,0.006889185581,0.006689185581,0.001928743927,26
IGV,2022-09-08,-1,1,1662655500,1662667200,2022-09-08 12:45,2022-09-08 16:00,56.1440000000,56.5340000000,session,56.1440000000,-0.006946423482,-0.007146423482,-0.002060582821,39
IGV,2022-09-09,-1,1,1662732600,1662753600,2022-09-09 10:10,2022-09-09 16:00,57.8760000000,58.1420000000,session,57.8760000000,-0.004596032898,-0.004796032898,-0.001382665999,70
IGV,2022-09-15,1,1,1663254900,1663261500,2022-09-15 11:15,2022-09-15 13:05,54.3180000000,54.8320000000,target,54.3180000000,0.009462793181,0.009262793181,0.002666135666,23
IGV,2022-09-15,1,1,1663269300,1663272000,2022-09-15 15:15,2022-09-15 16:00,54.2768000000,54.3500000000,session,54.2768000000,0.001348642514,0.001148642514,0.000330616987,9
IGV,2022-09-16,1,1,1663345500,1663355400,2022-09-16 12:25,2022-09-16 15:10,52.8760000000,53.2920000000,target,52.8760000000,0.007867463500,0.007667463500,0.002214606626,34
IGV,2022-09-19,-1,1,1663614900,1663617600,2022-09-19 15:15,2022-09-19 16:00,53.4820000000,53.5440000000,session,53.4820000000,-0.001159268539,-0.001359268539,-0.000393603277,9
IGV,2022-09-21,1,1,1663783500,1663785300,2022-09-21 14:05,2022-09-21 14:35,52.4240000000,53.0970000000,target,52.4240000000,0.012837631619,0.012637631619,0.003657819860,7
IGV,2022-09-22,1,1,1663859700,1663874100,2022-09-22 11:15,2022-09-22 15:15,51.2020000000,51.6100000000,target,51.2020000000,0.007968438733,0.007768438733,0.002257958776,49
IGV,2022-09-23,1,1,1663959600,1663963200,2022-09-23 15:00,2022-09-23 16:00,49.9020000000,50.4560000000,session,49.9020000000,0.011101759449,0.010901759449,0.003176888714,12
IGV,2022-09-26,-1,1,1664200800,1664203800,2022-09-26 10:00,2022-09-26 10:50,51.2340000000,50.7900000000,target,51.2340000000,0.008666120155,0.008466120155,0.002476082812,11
IGV,2022-09-27,1,1,1664295000,1664308800,2022-09-27 12:10,2022-09-27 16:00,50.2620000000,50.5320000000,session,50.2620000000,0.005371851498,0.005171851498,0.001516878006,46
IGV,2022-09-28,-1,1,1664378700,1664395200,2022-09-28 11:25,2022-09-28 16:00,51.2760000000,51.6220000000,session,51.2760000000,-0.006747796240,-0.006947796240,-0.002041266644,55
IGV,2022-09-30,-1,1,1664550900,1664553000,2022-09-30 11:15,2022-09-30 11:50,51.5580000000,51.1860000000,target,51.5580000000,0.007215175143,0.007015175143,0.002056289324,8
IGV,2022-10-03,-1,1,1664818200,1664827200,2022-10-03 13:30,2022-10-03 16:00,51.1230000000,51.4700000000,session,51.1230000000,-0.006787551591,-0.006987551591,-0.002052981780,30
IGV,2022-10-04,-1,1,1664892000,1664904000,2022-10-04 10:00,2022-10-04 13:20,53.3720000000,52.9880000000,target,53.3720000000,0.007194783782,0.006994783782,0.002050319917,41
IGV,2022-10-04,-1,1,1664905200,1664913600,2022-10-04 13:40,2022-10-04 16:00,53.2020000000,53.4060000000,session,53.2020000000,-0.003834442314,-0.004034442314,-0.001182580861,28
IGV,2022-10-05,-1,1,1664988600,1665000000,2022-10-05 12:50,2022-10-05 16:00,53.2920000000,53.6180000000,session,53.2920000000,-0.006117240862,-0.006317240862,-0.001853544913,38
IGV,2022-10-06,-1,1,1665063600,1665065100,2022-10-06 09:40,2022-10-06 10:05,54.1180000000,53.5660000000,target,54.1180000000,0.010199933479,0.009999933479,0.002927907220,6
IGV,2022-10-07,1,1,1665157500,1665172800,2022-10-07 11:45,2022-10-07 16:00,51.6700000000,51.3300000000,session,51.6700000000,-0.006580220631,-0.006780220631,-0.001991816185,51
IGV,2022-10-10,1,2,1665410700,1665432000,2022-10-10 10:05,2022-10-10 16:00,50.1485000000,49.8760000000,session,50.5750000000;49.7220000000,-0.005361918644,-0.005561918644,-0.003260448991,71
IGV,2022-10-11,1,1,1665496800,1665500700,2022-10-11 10:00,2022-10-11 11:05,48.6760000000,49.1270000000,target,48.6760000000,0.009265346372,0.009065346372,0.002647243262,14
IGV,2022-10-11,1,1,1665514800,1665518400,2022-10-11 15:00,2022-10-11 16:00,48.7660000000,49.0020000000,session,48.7660000000,0.004839437313,0.004639437313,0.001354798666,12
IGV,2022-10-13,-1,3,1665673800,1665691200,2022-10-13 11:10,2022-10-13 16:00,49.1013333333,49.7140000000,session,48.4640000000;49.0480000000;49.7920000000,-0.012601453103,-0.012801453103,-0.011265991682,58
IGV,2022-10-14,1,2,1665756900,1665777600,2022-10-14 10:15,2022-10-14 16:00,48.9470000000,48.4100000000,session,49.2800000000;48.6140000000,-0.010925271413,-0.011125271413,-0.006443680819,69
IGV,2022-10-17,-1,1,1666016100,1666019400,2022-10-17 10:15,2022-10-17 11:10,50.6280000000,50.1720000000,target,50.6280000000,0.009006873667,0.008806873667,0.002531524153,12
IGV,2022-10-17,-1,1,1666023000,1666036800,2022-10-17 12:10,2022-10-17 16:00,50.5660000000,50.2540000000,session,50.5660000000,0.006170153858,0.005970153858,0.001716112807,46
IGV,2022-10-18,1,1,1666106100,1666123200,2022-10-18 11:15,2022-10-18 16:00,50.8920000000,51.1180000000,session,50.8920000000,0.004440776546,0.004240776546,0.001225010019,57
IGV,2022-10-20,-1,1,1666275000,1666284300,2022-10-20 10:10,2022-10-20 12:45,51.5959800000,51.1160000000,target,51.5959800000,0.009302662727,0.009102662727,0.002633153546,32
IGV,2022-10-21,-1,1,1666374900,1666382400,2022-10-21 13:55,2022-10-21 16:00,51.4900000000,51.7760000000,session,51.4900000000,-0.005554476597,-0.005754476597,-0.001669664878,25
IGV,2022-10-24,1,1,1666620600,1666623300,2022-10-24 10:10,2022-10-24 10:55,51.2140000000,51.6820000000,target,51.2140000000,0.009138126294,0.008938126294,0.002588428211,10
IGV,2022-10-25,-1,1,1666712400,1666728000,2022-10-25 11:40,2022-10-25 16:00,53.3780000000,53.5180000000,session,53.3780000000,-0.002622803402,-0.002822803402,-0.000819902617,52
IGV,2022-10-26,-1,2,1666792200,1666803900,2022-10-26 09:50,2022-10-26 13:05,53.4410000000,53.0180000000,target,53.0380000000;53.8440000000,0.007858850875,0.007658850875,0.004444945234,40
IGV,2022-10-26,-1,1,1666807200,1666814400,2022-10-26 14:00,2022-10-26 16:00,53.0300000000,52.5850000000,session,53.0300000000,0.008391476523,0.008191476523,0.002377031824,24
IGV,2022-10-28,-1,1,1666974600,1666987200,2022-10-28 12:30,2022-10-28 16:00,53.5920000000,53.8580000000,session,53.5920000000,-0.004963427377,-0.005163427377,-0.001510083335,42
IGV,2022-11-01,1,2,1667311800,1667332800,2022-11-01 10:10,2022-11-01 16:00,52.9700000000,52.8200000000,session,53.2800000000;52.6600000000,-0.002797637174,-0.002997637174,-0.001750345477,70
IGV,2022-11-02,1,1,1667401800,1667412300,2022-11-02 11:10,2022-11-02 14:05,51.9600000000,52.4960000000,target,51.9600000000,0.010315627406,0.010115627406,0.002947397876,36
IGV,2022-11-02,1,1,1667415300,1667416200,2022-11-02 14:55,2022-11-02 15:10,51.3860000000,51.7620000000,target,51.3860000000,0.007317168100,0.007117168100,0.002073734560,4
IGV,2022-11-02,1,2,1667416500,1667419200,2022-11-02 15:15,2022-11-02 16:00,51.1720000000,50.3980000000,session,51.4540000000;50.8900000000,-0.015095548470,-0.015295548470,-0.008913350654,9
IGV,2022-11-04,1,2,1667569200,1667592000,2022-11-04 09:40,2022-11-04 16:00,48.2830000000,48.3540000000,session,48.5460000000;48.0200000000,0.001500211747,0.001300211747,0.000754313521,76
IGV,2022-11-08,-1,1,1667924100,1667934000,2022-11-08 11:15,2022-11-08 14:00,49.9520000000,49.4180000000,target,49.9520000000,0.010690262652,0.010490262652,0.003045583145,34
IGV,2022-11-10,-1,1,1668092400,1668094800,2022-11-10 10:00,2022-11-10 10:40,52.5460000000,51.8340000000,target,52.5460000000,0.013550032353,0.013350032353,0.003889398018,9
IGV,2022-11-10,-1,1,1668097500,1668114000,2022-11-10 11:25,2022-11-10 16:00,52.3800000000,52.9700000000,session,52.3800000000,-0.011263841161,-0.011463841161,-0.003339875134,55
IGV,2022-11-11,-1,1,1668180300,1668200400,2022-11-11 10:25,2022-11-11 16:00,53.9900000000,54.3260000000,session,53.9900000000,-0.006223374699,-0.006423374699,-0.001872562386,67
IGV,2022-11-16,1,1,1668613200,1668621000,2022-11-16 10:40,2022-11-16 12:50,53.6480000000,54.1700000000,target,53.6480000000,0.009730092455,0.009530092455,0.002772293948,27
IGV,2022-11-16,1,1,1668627300,1668632400,2022-11-16 14:35,2022-11-16 16:00,53.6700000000,53.7560000000,session,53.6700000000,0.001602384945,0.001402384945,0.000407952317,17
IGV,2022-11-18,1,2,1668782700,1668805200,2022-11-18 09:45,2022-11-18 16:00,52.3640000000,52.3740000000,session,52.7960000000;51.9320000000,0.000259050082,0.000059050082,0.000034480410,75
IGV,2022-11-23,-1,1,1669217700,1669226400,2022-11-23 10:35,2022-11-23 13:00,53.2820000000,52.8980000000,target,53.2820000000,0.007206936677,0.007006936677,0.002045819028,30
IGV,2022-11-23,-1,1,1669228500,1669237200,2022-11-23 13:35,2022-11-23 16:00,53.2660000000,53.4300000000,session,53.2660000000,-0.003078887095,-0.003278887095,-0.000957338409,29
IGV,2022-11-30,-1,3,1669833600,1669842000,2022-11-30 13:40,2022-11-30 16:00,53.4026666667,54.3780000000,session,52.8500000000;53.3940000000;53.9640000000,-0.018337611098,-0.018537611098,-0.016257486346,28
IGV,2022-12-05,1,2,1670252700,1670274000,2022-12-05 10:05,2022-12-05 16:00,52.8350000000,52.3460000000,session,53.1820000000;52.4880000000,-0.009212492327,-0.009412492327,-0.005401155349,71
IGV,2022-12-06,1,1,1670339100,1670360400,2022-12-06 10:05,2022-12-06 16:00,51.5820000000,51.4580000000,session,51.5820000000,-0.002403939359,-0.002603939359,-0.000742419075,71
IGV,2022-12-08,-1,1,1670524800,1670533200,2022-12-08 13:40,2022-12-08 16:00,52.3460000000,52.1160000000,session,52.3460000000,0.004393840981,0.004193840981,0.001194684124,28
IGV,2022-12-12,-1,1,1670858700,1670878800,2022-12-12 10:25,2022-12-12 16:00,52.7340000000,53.1040000000,session,52.7340000000,-0.007016346190,-0.007216346190,-0.002058567868,67
IGV,2022-12-13,1,2,1670945400,1670965200,2022-12-13 10:30,2022-12-13 16:00,54.4100000000,53.9680000000,session,54.7160000000;54.1040000000,-0.008092133659,-0.008292133659,-0.004719523881,66
IGV,2022-12-14,-1,1,1671030900,1671044700,2022-12-14 10:15,2022-12-14 14:05,54.6440000000,53.9280000000,target,54.6440000000,0.013102993924,0.012902993924,0.003651614410,47
IGV,2022-12-15,1,1,1671126600,1671138000,2022-12-15 12:50,2022-12-15 16:00,52.0160000000,51.9760000000,session,52.0160000000,-0.000768994156,-0.000968994156,-0.000275409852,38
IGV,2022-12-19,1,1,1671476700,1671483600,2022-12-19 14:05,2022-12-19 16:00,50.7060000000,50.8220000000,session,50.7060000000,0.002287697708,0.002087697708,0.000593178811,23
IGV,2022-12-20,-1,1,1671549900,1671570000,2022-12-20 10:25,2022-12-20 16:00,51.1780000000,51.0880000000,session,51.1780000000,0.001758568135,0.001558568135,0.000443145076,67
IGV,2022-12-22,1,1,1671729900,1671740700,2022-12-22 12:25,2022-12-22 15:25,50.2020000000,50.5910000000,target,50.2020000000,0.007748695271,0.007548695271,0.002147422979,37
IGV,2022-12-29,-1,1,1672326900,1672347600,2022-12-29 10:15,2022-12-29 16:00,50.8580000000,51.2680000000,session,50.8580000000,-0.008061661882,-0.008261661882,-0.002356158662,69
IGV,2023-01-03,-1,1,1672756800,1672757700,2023-01-03 09:40,2023-01-03 09:55,52.3620000000,51.7720000000,target,52.3620000000,0.011267713227,0.011067713227,0.003147729215,4
IGV,2023-01-03,1,1,1672763700,1672775400,2023-01-03 11:35,2023-01-03 14:50,50.9600000000,51.3460000000,target,50.9600000000,0.007574568289,0.007374568289,0.002097374912,40
IGV,2023-01-04,1,1,1672846200,1672848900,2023-01-04 10:30,2023-01-04 11:15,51.2480000000,51.6080000000,target,51.2480000000,0.007024664377,0.006824664377,0.001952910708,10
IGV,2023-01-05,1,1,1672929900,1672952400,2023-01-05 09:45,2023-01-05 16:00,50.3910000000,49.9700000000,session,50.3910000000,-0.008354666508,-0.008554666508,-0.002453528015,75
IGV,2023-01-06,1,1,1673016300,1673018100,2023-01-06 09:45,2023-01-06 10:15,49.5180000000,49.9380000000,target,49.5180000000,0.008481764207,0.008281764207,0.002368484871,7
IGV,2023-01-09,-1,2,1673276100,1673294400,2023-01-09 09:55,2023-01-09 15:00,52.4030000000,51.9150000000,target,52.1520000000;52.6540000000,0.009289714866,0.009089714866,0.005213450636,62
IGV,2023-01-09,-1,1,1673295000,1673298000,2023-01-09 15:10,2023-01-09 16:00,51.9810000000,51.7600000000,session,51.9810000000,0.004251553452,0.004051553452,0.001161894198,10
IGV,2023-01-12,1,1,1673534700,1673536500,2023-01-12 09:45,2023-01-12 10:15,52.1060000000,52.5780000000,target,52.1060000000,0.009058457759,0.008858457759,0.002559231234,7
IGV,2023-01-13,-1,1,1673638500,1673643600,2023-01-13 14:35,2023-01-13 16:00,53.1200000000,53.2060000000,session,53.1200000000,-0.001618975904,-0.001818975904,-0.000527058544,17
IGV,2023-01-18,1,1,1674060000,1674075600,2023-01-18 11:40,2023-01-18 16:00,52.9700000000,52.7180000000,session,52.9700000000,-0.004757409855,-0.004957409855,-0.001435566564,52
IGV,2023-01-20,-1,2,1674231600,1674248400,2023-01-20 11:20,2023-01-20 16:00,53.6360000000,53.9760000000,session,53.3480000000;53.9240000000,-0.006368041460,-0.006568041460,-0.003797660502,56
IGV,2023-01-23,-1,1,1674490200,1674507600,2023-01-23 11:10,2023-01-23 16:00,55.1600000000,55.2480000000,session,55.1600000000,-0.001595358956,-0.001795358956,-0.000516768140,58
IGV,2023-01-25,-1,1,1674671400,1674680400,2023-01-25 13:30,2023-01-25 16:00,54.4960000000,54.8020000000,session,54.4960000000,-0.005615091016,-0.005815091016,-0.001672788261,30
IGV,2023-01-27,-1,1,1674844500,1674853200,2023-01-27 13:35,2023-01-27 16:00,56.6020000000,56.4380000000,session,56.6020000000,0.002897424119,0.002697424119,0.000774445846,29
IGV,2023-02-01,-1,2,1675280700,1675285200,2023-02-01 14:45,2023-02-01 16:00,57.6800000000,58.0020000000,session,57.5120000000;57.8480000000,-0.005591055066,-0.005791055066,-0.003328279767,15
IGV,2023-02-02,-1,1,1675362000,1675366200,2023-02-02 13:20,2023-02-02 14:30,59.7660000000,59.4320000000,target,59.7660000000,0.005588461667,0.005388461667,0.001542470991,15
IGV,2023-02-03,-1,1,1675437900,1675447200,2023-02-03 10:25,2023-02-03 13:00,58.7380000000,58.2040000000,target,58.7380000000,0.009091218632,0.008891218632,0.002549722152,32
IGV,2023-02-07,-1,1,1675792200,1675794300,2023-02-07 12:50,2023-02-07 13:25,57.8240000000,57.4100000000,target,57.8240000000,0.007159656890,0.006959656890,0.002001725995,8
IGV,2023-02-07,-1,1,1675798500,1675803600,2023-02-07 14:35,2023-02-07 16:00,57.7900000000,58.2200000000,session,57.7900000000,-0.007440733691,-0.007640733691,-0.002197616275,17
IGV,2023-02-09,1,1,1675969200,1675976400,2023-02-09 14:00,2023-02-09 16:00,57.9880000000,57.7140000000,session,57.9880000000,-0.004725115541,-0.004925115541,-0.001416232694,24
IGV,2023-02-14,-1,1,1676387100,1676389200,2023-02-14 10:05,2023-02-14 10:40,58.5120000000,57.9180000000,target,58.5120000000,0.010151763741,0.009951763741,0.002856963423,8
IGV,2023-02-14,-1,1,1676406000,1676408400,2023-02-14 15:20,2023-02-14 16:00,58.4460000000,58.4540000000,session,58.4460000000,-0.000136878486,-0.000336878486,-0.000096711451,8
IGV,2023-02-15,-1,1,1676486700,1676494800,2023-02-15 13:45,2023-02-15 16:00,58.8530000000,59.0860000000,session,58.8530000000,-0.003959016533,-0.004159016533,-0.001197801745,27
IGV,2023-02-17,1,1,1676656500,1676662500,2023-02-17 12:55,2023-02-17 14:35,56.3940000000,56.7320000000,target,56.3940000000,0.005993545413,0.005793545413,0.001666234848,21
IGV,2023-02-23,1,1,1677169200,1677180000,2023-02-23 11:20,2023-02-23 14:20,56.2300000000,56.6860000000,target,56.2300000000,0.008109550062,0.007909550062,0.002279194927,37
IGV,2023-03-02,-1,1,1677783600,1677790800,2023-03-02 14:00,2023-03-02 16:00,56.5360000000,56.6840000000,session,56.5360000000,-0.002617801047,-0.002817801047,-0.000814110834,24
IGV,2023-03-03,-1,1,1677866400,1677877200,2023-03-03 13:00,2023-03-03 16:00,57.6680000000,57.7320000000,session,57.6680000000,-0.001109800929,-0.001309800929,-0.000378068411,36
IGV,2023-03-09,1,2,1678387200,1678395600,2023-03-09 13:40,2023-03-09 16:00,56.3600000000,55.9580000000,session,56.7120000000;56.0080000000,-0.007093987883,-0.007293987883,-0.004208918116,28
IGV,2023-03-10,1,1,1678459500,1678464000,2023-03-10 09:45,2023-03-10 11:00,54.8540000000,55.2460000000,target,54.8540000000,0.007146242753,0.006946242753,0.001994382355,16
IGV,2023-03-10,1,2,1678468200,1678482000,2023-03-10 12:10,2023-03-10 16:00,54.6495000000,54.4500000000,session,54.9450000000;54.3540000000,-0.003621404825,-0.003821404825,-0.002194378349,46
IGV,2023-03-13,-1,2,1678718100,1678737600,2023-03-13 10:35,2023-03-13 16:00,54.9625000000,54.7820000000,session,54.6870000000;55.2380000000,0.003259013954,0.003059013954,0.001756180174,65
IGV,2023-03-14,-1,1,1678808400,1678813800,2023-03-14 11:40,2023-03-14 13:10,56.1980000000,55.7660000000,target,56.1980000000,0.007687106303,0.007487106303,0.002153557089,19
IGV,2023-03-16,-1,2,1678978500,1678996800,2023-03-16 10:55,2023-03-16 16:00,57.0230000000,57.4420000000,session,56.7180000000;57.3280000000,-0.007376732080,-0.007576732080,-0.004369551227,61
IGV,2023-03-17,1,1,1679067900,1679070900,2023-03-17 11:45,2023-03-17 12:35,56.8730000000,57.2700000000,target,56.8730000000,0.006980465247,0.006780465247,0.001945293590,11
IGV,2023-03-21,-1,1,1679426400,1679428800,2023-03-21 15:20,2023-03-21 16:00,58.2560000000,58.3080000000,session,58.2560000000,-0.000892611920,-0.001092611920,-0.000314175316,8
IGV,2023-03-23,-1,1,1679583000,1679591700,2023-03-23 10:50,2023-03-23 13:15,58.6320000000,58.2660000000,target,58.6320000000,0.006242325010,0.006042325010,0.001736808788,30
IGV,2023-03-31,-1,2,1680272700,1680292800,2023-03-31 10:25,2023-03-31 16:00,60.3500000000,60.9400000000,session,60.0760000000;60.6240000000,-0.009797120094,-0.009997120094,-0.005758729344,67
IGV,2023-04-05,1,1,1680705900,1680724800,2023-04-05 10:45,2023-04-05 16:00,59.4239400000,59.7340000000,session,59.4239400000,0.005217762404,0.005017762404,0.001435581009,63
IGV,2023-04-06,-1,1,1680798900,1680811200,2023-04-06 12:35,2023-04-06 16:00,59.8340000000,59.9440000000,session,59.8340000000,-0.001838419628,-0.002038419628,-0.000584166963,41
IGV,2023-04-12,1,1,1681326900,1681329600,2023-04-12 15:15,2023-04-12 16:00,59.4660000000,59.4480000000,session,59.4660000000,-0.000302693976,-0.000502693976,-0.000143963332,9
IGV,2023-04-13,-1,1,1681393200,1681416000,2023-04-13 09:40,2023-04-13 16:00,60.2420000000,60.5560000000,session,60.2420000000,-0.005212310348,-0.005412310348,-0.001549737426,76
IGV,2023-04-14,-1,1,1681480500,1681482000,2023-04-14 09:55,2023-04-14 10:20,60.5280000000,60.1650000000,target,60.5280000000,0.005997224425,0.005797224425,0.001656957325,6
IGV,2023-04-20,-1,1,1682010900,1682014800,2023-04-20 13:15,2023-04-20 14:20,60.4880000000,60.2100000000,target,60.4880000000,0.004595952916,0.004395952916,0.001258875167,14
IGV,2023-04-24,1,1,1682347500,1682366400,2023-04-24 10:45,2023-04-24 16:00,59.6220000000,59.7580000000,session,59.6220000000,0.002281037201,0.002081037201,0.000596822781,63
IGV,2023-04-25,1,2,1682429700,1682452800,2023-04-25 09:35,2023-04-25 16:00,58.5300000000,57.9680000000,session,58.7400000000;58.3200000000,-0.009589163938,-0.009789163938,-0.005618783544,77
IGV,2023-04-27,-1,1,1682613300,1682625600,2023-04-27 12:35,2023-04-27 16:00,58.8600000000,59.0780000000,session,58.8600000000,-0.003703703704,-0.003903703704,-0.001113012416,41
IGV,2023-04-28,-1,1,1682691300,1682693100,2023-04-28 10:15,2023-04-28 10:45,59.2710000000,58.9780000000,target,59.2710000000,0.004943395590,0.004743395590,0.001350663056,7
IGV,2023-04-28,-1,1,1682701200,1682712000,2023-04-28 13:00,2023-04-28 16:00,59.2320000000,59.3000000000,session,59.2320000000,-0.001148028093,-0.001348028093,-0.000383845646,36
IGV,2023-05-02,1,2,1683037200,1683057600,2023-05-02 10:20,2023-05-02 16:00,58.4730000000,58.3420000000,session,58.6920000000;58.2540000000,-0.002226354068,-0.002426354068,-0.001383353263,68
IGV,2023-05-05,-1,1,1683295800,1683316800,2023-05-05 10:10,2023-05-05 16:00,58.4850000000,58.6420000000,session,58.4850000000,-0.002684449004,-0.002884449004,-0.000820934906,69
IGV,2023-05-09,-1,1,1683655500,1683659700,2023-05-09 14:05,2023-05-09 15:15,59.2880000000,59.0420000000,target,59.2880000000,0.004149237620,0.003949237620,0.001122900706,15
IGV,2023-05-11,1,1,1683816300,1683830100,2023-05-11 10:45,2023-05-11 14:35,59.3340000000,59.5720000000,target,59.3340000000,0.004011190885,0.003811190885,0.001085075919,47
IGV,2023-05-12,1,1,1683910200,1683912300,2023-05-12 12:50,2023-05-12 13:25,59.0160000000,59.3020000000,target,59.0160000000,0.004846143419,0.004646143419,0.001324473923,8
IGV,2023-05-15,-1,1,1684163700,1684180800,2023-05-15 11:15,2023-05-15 16:00,59.7100000000,60.0840000000,session,59.7100000000,-0.006263607436,-0.006463607436,-0.001845431163,57
IGV,2023-05-16,-1,1,1684262700,1684267200,2023-05-16 14:45,2023-05-16 16:00,60.0840000000,59.9040000000,session,60.0840000000,0.002995805872,0.002795805872,0.000796513569,15
IGV,2023-05-17,-1,2,1684338300,1684353600,2023-05-17 11:45,2023-05-17 16:00,60.9250000000,61.1340000000,session,60.7080000000;61.1420000000,-0.003443177059,-0.003643177059,-0.002077786815,51
IGV,2023-05-18,-1,2,1684419300,1684440000,2023-05-18 10:15,2023-05-18 16:00,62.0260000000,62.6060000000,session,61.7740000000;62.2780000000,-0.009367578427,-0.009567578427,-0.005443354859,69
IGV,2023-05-22,-1,1,1684781700,1684785600,2023-05-22 14:55,2023-05-22 16:00,63.1540000000,62.9640000000,session,63.1540000000,0.003008518859,0.002808518859,0.000793840031,13
IGV,2023-05-23,1,1,1684860300,1684872000,2023-05-23 12:45,2023-05-23 16:00,62.2860000000,61.9560000000,session,62.2860000000,-0.005298140834,-0.005498140834,-0.001555528225,39
IGV,2023-05-24,-1,1,1684956300,1684958400,2023-05-24 15:25,2023-05-24 16:00,61.8620000000,61.6680000000,session,61.8620000000,0.003136012415,0.002936012415,0.000829131196,7
IGV,2023-05-25,-1,1,1685027700,1685028900,2023-05-25 11:15,2023-05-25 11:35,63.0860000000,62.8240000000,target,63.0860000000,0.004153060901,0.003953060901,0.001117438670,5
IGV,2023-05-25,-1,2,1685031600,1685044800,2023-05-25 12:20,2023-05-25 16:00,63.3040000000,63.1980000000,session,63.1020000000;63.5060000000,0.001664294524,0.001464294524,0.000827844228,44
IGV,2023-05-26,-1,2,1685109300,1685131200,2023-05-26 09:55,2023-05-26 16:00,64.4340000000,64.6800000000,session,64.1720000000;64.6960000000,-0.003834457323,-0.004034457323,-0.002286127211,73
IGV,2023-05-30,1,1,1685455200,1685476800,2023-05-30 10:00,2023-05-30 16:00,65.2270000000,65.1660000000,session,65.2270000000,-0.000935195548,-0.001135195548,-0.000320764488,72
IGV,2023-05-31,-1,1,1685540700,1685542500,2023-05-31 09:45,2023-05-31 10:15,65.3300000000,64.9600000000,target,65.3300000000,0.005663554263,0.005463554263,0.001543215213,7
IGV,2023-05-31,-1,1,1685554200,1685563200,2023-05-31 13:30,2023-05-31 16:00,65.3160000000,65.6000000000,session,65.3160000000,-0.004348092351,-0.004548092351,-0.001284637247,30
IGV,2023-06-01,-1,2,1685630700,1685649600,2023-06-01 10:45,2023-06-01 16:00,65.5330000000,65.6120000000,session,65.2740000000;65.7920000000,-0.001221138536,-0.001421138536,-0.000803063992,63
IGV,2023-06-05,-1,1,1685981700,1685990100,2023-06-05 12:15,2023-06-05 14:35,66.6100000000,66.2820000000,target,66.6100000000,0.004924185558,0.004724185558,0.001333518461,29
IGV,2023-06-05,-1,1,1685991600,1685995200,2023-06-05 15:00,2023-06-05 16:00,66.5710000000,66.4760000000,session,66.5710000000,0.001427047814,0.001227047814,0.000346364657,12
IGV,2023-06-07,1,3,1686147600,1686168000,2023-06-07 10:20,2023-06-07 16:00,65.5580000000,64.5960000000,session,66.0340000000;65.5660000000;65.0740000000,-0.014638799077,-0.014838799077,-0.012590783894,68
IGV,2023-06-08,-1,2,1686233400,1686246600,2023-06-08 10:10,2023-06-08 13:50,65.3990000000,65.1200000000,target,65.1060000000;65.6920000000,0.004246133396,0.004046133396,0.002254811560,45
IGV,2023-06-08,-1,1,1686246900,1686254400,2023-06-08 13:55,2023-06-08 16:00,65.1900000000,65.4560000000,session,65.1900000000,-0.004080380426,-0.004280380426,-0.001192675862,25
IGV,2023-06-09,-1,1,1686318600,1686321900,2023-06-09 09:50,2023-06-09 10:45,66.6780000000,66.3160000000,target,66.6780000000,0.005429077057,0.005229077057,0.001458869950,12
IGV,2023-06-12,-1,1,1686591900,1686600000,2023-06-12 13:45,2023-06-12 16:00,67.3550000000,67.6200000000,session,67.3550000000,-0.003934377552,-0.004134377552,-0.001155468202,27
IGV,2023-06-13,1,2,1686664200,1686686400,2023-06-13 09:50,2023-06-13 16:00,67.9040000000,68.0700000000,session,68.0300000000;67.7780000000,0.002448079245,0.002248079245,0.001254846348,74
IGV,2023-06-14,-1,1,1686756000,1686765900,2023-06-14 11:20,2023-06-14 14:05,68.5810000000,68.0760000000,target,68.5810000000,0.007363555504,0.007163555504,0.002002294562,34
IGV,2023-06-15,-1,3,1686837300,1686859200,2023-06-15 09:55,2023-06-15 16:00,69.2640000000,69.8800000000,session,68.7020000000;69.1960000000;69.8940000000,-0.008943725991,-0.009143725991,-0.007685632075,73
IGV,2023-06-16,1,1,1686923400,1686945600,2023-06-16 09:50,2023-06-16 16:00,69.8600000000,69.4580000000,session,69.8600000000,-0.005754365875,-0.005954365875,-0.001653032198,74
IGV,2023-06-21,1,1,1687358700,1687377600,2023-06-21 10:45,2023-06-21 16:00,67.6720000000,67.5360000000,session,67.6720000000,-0.002009693817,-0.002209693817,-0.000612230635,63
IGV,2023-06-22,-1,1,1687443600,1687445100,2023-06-22 10:20,2023-06-22 10:45,67.8700000000,67.4760000000,target,67.8700000000,0.005805215854,0.005605215854,0.001551869846,6
IGV,2023-06-22,-1,1,1687448700,1687464000,2023-06-22 11:45,2023-06-22 16:00,67.8580000000,67.9060000000,session,67.8580000000,-0.000707359486,-0.000907359486,-0.000251213131,51
IGV,2023-06-26,-1,1,1687787700,1687792200,2023-06-26 09:55,2023-06-26 11:10,67.7825000000,67.4720000000,target,67.7825000000,0.004580828385,0.004380828385,0.001214783112,16
IGV,2023-06-27,-1,1,1687884300,1687896000,2023-06-27 12:45,2023-06-27 16:00,67.8640000000,68.0600000000,session,67.8640000000,-0.002888129200,-0.003088129200,-0.000857574175,39
IGV,2023-06-28,-1,1,1687960800,1687982400,2023-06-28 10:00,2023-06-28 16:00,68.4000000000,68.4100000000,session,68.4000000000,-0.000146198830,-0.000346198830,-0.000096040530,72
IGV,2023-06-30,-1,1,1688135700,1688139600,2023-06-30 10:35,2023-06-30 11:40,69.5660000000,69.1980000000,target,69.5660000000,0.005289940488,0.005089940488,0.001411859674,14
IGV,2023-07-07,-1,1,1688737800,1688740500,2023-07-07 09:50,2023-07-07 10:35,68.4364800000,68.0420000000,target,68.4364800000,0.005764177234,0.005564177234,0.001546023192,10
IGV,2023-07-07,-1,1,1688746500,1688760000,2023-07-07 12:15,2023-07-07 16:00,68.4100000000,67.9460000000,session,68.4100000000,0.006782634118,0.006582634118,0.001829004466,45
IGV,2023-07-10,-1,2,1688996400,1689019200,2023-07-10 09:40,2023-07-10 16:00,68.7370000000,69.1220000000,session,68.5020000000;68.9720000000,-0.005612813101,-0.005812813101,-0.003243293750,76
IGV,2023-07-11,-1,1,1689091200,1689105600,2023-07-11 12:00,2023-07-11 16:00,70.0400000000,70.1400000000,session,70.0400000000,-0.001427755568,-0.001627755568,-0.000452348202,48
IGV,2023-07-12,1,1,1689176700,1689183300,2023-07-12 11:45,2023-07-12 13:35,70.1340000000,70.4680000000,target,70.1340000000,0.004762312145,0.004562312145,0.001267164417,23
IGV,2023-07-13,-1,1,1689260700,1689278400,2023-07-13 11:05,2023-07-13 16:00,71.6860000000,71.6900000000,session,71.6860000000,-0.000055798901,-0.000255798901,-0.000071155194,59
IGV,2023-07-14,-1,1,1689344400,1689345600,2023-07-14 10:20,2023-07-14 10:40,72.4040000000,72.0680000000,target,72.4040000000,0.004640627590,0.004440627590,0.001235137349,5
IGV,2023-07-17,-1,1,1689608700,1689624000,2023-07-17 11:45,2023-07-17 16:00,72.5851600000,72.6360000000,session,72.5851600000,-0.000700418653,-0.000900418653,-0.000250817455,51
IGV,2023-07-18,-1,2,1689695400,1689710400,2023-07-18 11:50,2023-07-18 16:00,73.2210000000,73.3140000000,session,72.9960000000;73.4460000000,-0.001279582151,-0.001479582151,-0.000824047002,50
IGV,2023-07-19,1,1,1689791100,1689794400,2023-07-19 14:25,2023-07-19 15:20,73.1300000000,73.4700000000,target,73.1300000000,0.004649254752,0.004449254752,0.001237774648,12
IGV,2023-07-20,-1,1,1689860700,1689861900,2023-07-20 09:45,2023-07-20 10:05,73.2940000000,72.8420000000,target,73.2940000000,0.006166944088,0.005966944088,0.001662454995,5
IGV,2023-07-20,1,1,1689870900,1689883200,2023-07-20 12:35,2023-07-20 16:00,71.9010000000,71.6060000000,session,71.9010000000,-0.004102863660,-0.004302863660,-0.001198824235,41
IGV,2023-07-24,1,1,1690206900,1690208100,2023-07-24 09:55,2023-07-24 10:15,71.0960000000,71.4760000000,target,71.0960000000,0.005344885788,0.005144885788,0.001434215793,5
IGV,2023-07-24,1,1,1690215900,1690228800,2023-07-24 12:25,2023-07-24 16:00,71.2640000000,71.5700000000,session,71.2640000000,0.004293893130,0.004093893130,0.001141235476,43
IGV,2023-07-25,-1,1,1690299300,1690315200,2023-07-25 11:35,2023-07-25 16:00,72.0700000000,72.1140000000,session,72.0700000000,-0.000610517552,-0.000810517552,-0.000226640010,53
IGV,2023-07-26,1,1,1690390500,1690396800,2023-07-26 12:55,2023-07-26 14:40,71.0680000000,71.5580000000,target,71.0680000000,0.006894804976,0.006694804976,0.001871521140,22
IGV,2023-07-26,1,1,1690398600,1690401600,2023-07-26 15:10,2023-07-26 16:00,70.9640000000,71.4160000000,session,70.9640000000,0.006369426752,0.006169426752,0.001724652568,10
IGV,2023-07-27,1,2,1690468200,1690488000,2023-07-27 10:30,2023-07-27 16:00,71.4900000000,70.8620000000,session,71.7580000000;71.2220000000,-0.008770515310,-0.008970515310,-0.005036890403,66
IGV,2023-07-31,-1,1,1690811100,1690812000,2023-07-31 09:45,2023-07-31 10:00,72.8000000000,72.4080000000,target,72.8000000000,0.005384615385,0.005184615385,0.001446860401,4
IGV,2023-07-31,-1,1,1690816200,1690833600,2023-07-31 11:10,2023-07-31 16:00,72.6280000000,72.8680000000,session,72.6280000000,-0.003304510657,-0.003504510657,-0.000977996885,58
IGV,2023-08-01,-1,1,1690914000,1690920000,2023-08-01 14:20,2023-08-01 16:00,73.0160000000,72.9040000000,session,73.0160000000,0.001533910376,0.001333910376,0.000372460215,20
IGV,2023-08-02,1,2,1690985700,1691006400,2023-08-02 10:15,2023-08-02 16:00,70.8570000000,70.5920000000,session,71.0940000000;70.6200000000,-0.003728781159,-0.003928781159,-0.002194998020,69
IGV,2023-08-04,1,1,1691157600,1691160900,2023-08-04 10:00,2023-08-04 10:55,69.5800000000,69.9720000000,target,69.5800000000,0.005633802817,0.005433802817,0.001513948780,12
IGV,2023-08-04,1,1,1691174400,1691179200,2023-08-04 14:40,2023-08-04 16:00,69.5680000000,69.3480000000,session,69.5680000000,-0.003162373505,-0.003362373505,-0.000936813763,16
IGV,2023-08-08,1,1,1691506800,1691515200,2023-08-08 11:00,2023-08-08 13:20,68.0280000000,68.3680000000,target,68.0280000000,0.004997942024,0.004797942024,0.001337710298,29
IGV,2023-08-09,1,1,1691592900,1691604900,2023-08-09 10:55,2023-08-09 14:15,67.8260000000,68.2160000000,target,67.8260000000,0.005750007372,0.005550007372,0.001549867791,41
IGV,2023-08-10,-1,1,1691676000,1691678700,2023-08-10 10:00,2023-08-10 10:45,69.2200000000,68.7980000000,target,69.2200000000,0.006096503901,0.005896503901,0.001649674976,10
IGV,2023-08-11,-1,1,1691763300,1691767500,2023-08-11 10:15,2023-08-11 11:25,68.3220000000,67.9900000000,target,68.3220000000,0.004859342525,0.004659342525,0.001306114357,15
IGV,2023-08-11,-1,1,1691779200,1691784000,2023-08-11 14:40,2023-08-11 16:00,68.2580000000,68.1960000000,session,68.2580000000,0.000908318439,0.000708318439,0.000198556959,16
IGV,2023-08-14,-1,1,1692021900,1692043200,2023-08-14 10:05,2023-08-14 16:00,68.4800000000,69.0840000000,session,68.4800000000,-0.008820093458,-0.009020093458,-0.002533051132,71
IGV,2023-08-17,1,1,1692282900,1692291600,2023-08-17 10:35,2023-08-17 13:00,67.3380000000,67.6780000000,target,67.3380000000,0.005049155009,0.004849155009,0.001357660638,30
IGV,2023-08-17,1,2,1692293700,1692302400,2023-08-17 13:35,2023-08-17 16:00,67.1405000000,66.8700000000,session,67.4290000000;66.8520000000,-0.004010475032,-0.004210475032,-0.002357687560,29
IGV,2023-08-18,-1,2,1692366300,1692388800,2023-08-18 09:45,2023-08-18 16:00,66.9260000000,67.1440000000,session,66.6280000000;67.2240000000,-0.003277220317,-0.003477220317,-0.001944777788,75
IGV,2023-08-21,-1,1,1692627000,1692627900,2023-08-21 10:10,2023-08-21 10:25,68.2530000000,67.9200000000,target,68.2530000000,0.004878906422,0.004678906422,0.001305401820,4
IGV,2023-08-21,-1,1,1692638700,1692648000,2023-08-21 13:25,2023-08-21 16:00,68.2590000000,68.3360000000,session,68.2590000000,-0.001128056374,-0.001328056374,-0.000370524018,31
IGV,2023-08-22,1,1,1692726900,1692731700,2023-08-22 13:55,2023-08-22 15:15,68.1970000000,68.5100000000,target,68.1970000000,0.004589644706,0.004389644706,0.001226066537,17
IGV,2023-08-23,-1,1,1692802200,1692820800,2023-08-23 10:50,2023-08-23 16:00,69.3460000000,69.4020000000,session,69.3460000000,-0.000807544775,-0.001007544775,-0.000281827927,62
IGV,2023-08-24,1,3,1692884400,1692907200,2023-08-24 09:40,2023-08-24 16:00,69.0900000000,67.8280000000,session,69.6760000000;69.0260000000;68.5680000000,-0.018223582587,-0.018423582587,-0.015455004269,76
IGV,2023-08-25,-1,1,1692972900,1692973500,2023-08-25 10:15,2023-08-25 10:25,69.0000000000,68.5740000000,target,69.0000000000,0.006173913043,0.005973913043,0.001639671325,3
IGV,2023-08-25,-1,1,1692982800,1692993600,2023-08-25 13:00,2023-08-25 16:00,68.8260200000,69.1720000000,session,68.8260200000,-0.005026877916,-0.005226877916,-0.001434631167,36
IGV,2023-08-29,-1,2,1693318500,1693339200,2023-08-29 10:15,2023-08-29 16:00,70.3000000000,70.8520000000,session,70.0000000000;70.6000000000,-0.007870416835,-0.008070416835,-0.004431308625,69
IGV,2023-08-30,-1,1,1693408800,1693425600,2023-08-30 11:20,2023-08-30 16:00,71.4120000000,71.4860000000,session,71.4120000000,-0.001036240408,-0.001236240408,-0.000337571705,56
IGV,2023-09-05,-1,1,1693926300,1693944000,2023-09-05 11:05,2023-09-05 16:00,72.6740000000,72.6940000000,session,72.6740000000,-0.000275201585,-0.000475201585,-0.000129706572,59
IGV,2023-09-07,-1,1,1694109900,1694116800,2023-09-07 14:05,2023-09-07 16:00,72.7360000000,72.6260000000,session,72.7360000000,0.001512318522,0.001312318522,0.000358141429,23
IGV,2023-09-12,1,1,1694541000,1694548800,2023-09-12 13:50,2023-09-12 16:00,71.4240000000,71.2360000000,session,71.4240000000,-0.002632168459,-0.002832168459,-0.000773257821,26
IGV,2023-09-14,1,1,1694699700,1694702700,2023-09-14 09:55,2023-09-14 10:45,71.2420000000,71.6100000000,target,71.2420000000,0.005165492266,0.004965492266,0.001354432472,11
IGV,2023-09-15,1,1,1694789700,1694808000,2023-09-15 10:55,2023-09-15 16:00,70.3400000000,70.3760000000,session,70.3400000000,0.000511799829,0.000311799829,0.000085190105,61
IGV,2023-09-18,-1,1,1695046800,1695048000,2023-09-18 10:20,2023-09-18 10:40,70.5640000000,70.2760000000,target,70.5640000000,0.004081401281,0.003881401281,0.001060588618,5
IGV,2023-09-18,-1,1,1695058500,1695067200,2023-09-18 13:35,2023-09-18 16:00,70.5700000000,70.3560000000,session,70.5700000000,0.003032450050,0.002832450050,0.000773963851,29
IGV,2023-09-19,1,1,1695132600,1695143400,2023-09-19 10:10,2023-09-19 13:10,69.6420000000,69.9700000000,target,69.6420000000,0.004709801557,0.004509801557,0.001235056123,37
IGV,2023-09-20,1,1,1695237600,1695240000,2023-09-20 15:20,2023-09-20 16:00,70.0250000000,69.6360000000,session,70.0250000000,-0.005555158872,-0.005755158872,-0.001578479508,8
IGV,2023-09-21,1,1,1695312600,1695317400,2023-09-21 12:10,2023-09-21 13:30,68.2940000000,68.5910000000,target,68.2940000000,0.004348844701,0.004148844701,0.001135729392,17
IGV,2023-09-21,1,1,1695322200,1695326400,2023-09-21 14:50,2023-09-21 16:00,68.3120000000,67.9980000000,session,68.3120000000,-0.004596556974,-0.004796556974,-0.001313037997,14
IGV,2023-09-26,1,1,1695742200,1695758400,2023-09-26 11:30,2023-09-26 16:00,66.9900000000,67.0180000000,session,66.9900000000,0.000417972832,0.000217972832,0.000059656295,54
IGV,2023-09-28,-1,1,1695910200,1695911700,2023-09-28 10:10,2023-09-28 10:35,67.4060000000,67.1320000000,target,67.4060000000,0.004064920037,0.003864920037,0.001057854596,6
IGV,2023-09-28,-1,2,1695913200,1695931200,2023-09-28 11:00,2023-09-28 16:00,67.7300000000,67.9860000000,session,67.4460000000;68.0140000000,-0.003797362588,-0.003997362588,-0.002188210024,60
IGV,2023-09-29,-1,1,1695996300,1695997500,2023-09-29 10:05,2023-09-29 10:25,69.1420000000,68.7540000000,target,69.1420000000,0.005611639814,0.005411639814,0.001479163171,5
IGV,2023-10-02,-1,1,1696260300,1696261800,2023-10-02 11:25,2023-10-02 11:50,68.8670000000,68.5820000000,target,68.8670000000,0.004138411721,0.003938411721,0.001078427680,6
IGV,2023-10-03,1,2,1696344000,1696363200,2023-10-03 10:40,2023-10-03 16:00,67.1070000000,66.9080000000,session,67.4080000000;66.8060000000,-0.002945354120,-0.003145354120,-0.001724801908,64
IGV,2023-10-04,-1,1,1696426800,1696428300,2023-10-04 09:40,2023-10-04 10:05,67.7000000000,67.3330000000,target,67.7000000000,0.005420974889,0.005220974889,0.001428498062,6
IGV,2023-10-04,-1,1,1696434000,1696449600,2023-10-04 11:40,2023-10-04 16:00,67.7520000000,67.9900000000,session,67.7520000000,-0.003512811430,-0.003712811430,-0.001015853178,52
IGV,2023-10-05,1,1,1696515000,1696527600,2023-10-05 10:10,2023-10-05 13:40,67.3280000000,67.6960000000,target,67.3280000000,0.005465779468,0.005265779468,0.001441481231,43
IGV,2023-10-06,-1,3,1696600800,1696622400,2023-10-06 10:00,2023-10-06 16:00,68.5390133333,69.7400000000,session,67.8780000000;68.5680000000;69.1710400000,-0.017583165774,-0.017783165774,-0.014629796611,72
IGV,2023-10-09,-1,1,1696872600,1696881600,2023-10-09 13:30,2023-10-09 16:00,70.0560000000,70.2040000000,session,70.0560000000,-0.002112595638,-0.002312595638,-0.000622895269,30
IGV,2023-10-10,-1,1,1696948200,1696957800,2023-10-10 10:30,2023-10-10 13:10,70.9730000000,70.6180000000,target,70.9730000000,0.005001902132,0.004801902132,0.001292390398,33
IGV,2023-10-12,1,1,1697133600,1697140800,2023-10-12 14:00,2023-10-12 16:00,70.5570000000,70.6320000000,session,70.5570000000,0.001062970364,0.000862970364,0.000232632769,24
IGV,2023-10-13,1,1,1697210400,1697227200,2023-10-13 11:20,2023-10-13 16:00,69.9020000000,69.8560000000,session,69.9020000000,-0.000658064147,-0.000858064147,-0.000231376728,56
IGV,2023-10-16,-1,1,1697466300,1697486400,2023-10-16 10:25,2023-10-16 16:00,70.8220000000,70.6580000000,session,70.8220000000,0.002315664624,0.002115664624,0.000570325130,67
IGV,2023-10-17,-1,2,1697551800,1697572800,2023-10-17 10:10,2023-10-17 16:00,71.0020000000,71.0160000000,session,70.7500000000;71.2540000000,-0.000209776978,-0.000409776978,-0.000221085062,70
IGV,2023-10-19,-1,1,1697732700,1697733000,2023-10-19 12:25,2023-10-19 12:30,70.7400000000,70.4240000000,target,70.7400000000,0.004467062482,0.004267062482,0.001150779702,2
IGV,2023-10-20,1,3,1697811300,1697822400,2023-10-20 10:15,2023-10-20 13:20,67.8906666667,68.2920000000,target,68.3860000000;67.9280000000;67.3580000000,0.005950090696,0.005750090696,0.004658825264,38
IGV,2023-10-20,1,2,1697822700,1697832000,2023-10-20 13:25,2023-10-20 16:00,68.0920000000,67.7540000000,session,68.2620000000;67.9220000000,-0.004957670187,-0.005157670187,-0.002785890455,31
IGV,2023-10-23,-1,1,1698075600,1698091200,2023-10-23 11:40,2023-10-23 16:00,67.8720000000,67.7580000000,session,67.8720000000,0.001679632249,0.001479632249,0.000400531831,52
IGV,2023-10-25,1,2,1698241800,1698264000,2023-10-25 09:50,2023-10-25 16:00,67.2185000000,66.5420000000,session,67.5430000000;66.8940000000,-0.010041122504,-0.010241122504,-0.005547214388,74
IGV,2023-10-26,1,1,1698335100,1698345300,2023-10-26 11:45,2023-10-26 14:35,65.8520000000,66.2120000000,target,65.8520000000,0.005466804349,0.005266804349,0.001416671974,35
IGV,2023-10-30,-1,1,1698693900,1698696000,2023-10-30 15:25,2023-10-30 16:00,66.9980000000,66.7120000000,session,66.9980000000,0.004268784143,0.004068784143,0.001096348298,7
IGV,2023-10-31,-1,1,1698774300,1698782400,2023-10-31 13:45,2023-10-31 16:00,67.5040000000,67.4900000000,session,67.5040000000,0.000207395117,0.000007395117,0.000001995343,27
IGV,2023-11-03,-1,1,1699027800,1699041600,2023-11-03 12:10,2023-11-03 16:00,69.7720000000,69.9620000000,session,69.7720000000,-0.002723155421,-0.002923155421,-0.000788724791,46
IGV,2023-11-06,1,1,1699293000,1699304400,2023-11-06 12:50,2023-11-06 16:00,69.3080000000,69.7980000000,session,69.3080000000,0.007069890922,0.006869890922,0.001851825456,38
IGV,2023-11-07,-1,1,1699369200,1699390800,2023-11-07 10:00,2023-11-07 16:00,71.1620000000,71.2100000000,session,71.1620000000,-0.000674517299,-0.000874517299,-0.000236271857,72
IGV,2023-11-09,1,1,1699557600,1699563600,2023-11-09 14:20,2023-11-09 16:00,71.3120000000,71.0840000000,session,71.3120000000,-0.003197217860,-0.003397217860,-0.000917572461,20
IGV,2023-11-10,-1,2,1699632300,1699650000,2023-11-10 11:05,2023-11-10 16:00,72.3950000000,72.8540000000,session,72.0920000000;72.6980000000,-0.006357845576,-0.006557845576,-0.003538474557,59
IGV,2023-11-15,1,1,1700071500,1700082000,2023-11-15 13:05,2023-11-15 16:00,74.5360000000,74.5100000000,session,74.5360000000,-0.000348824729,-0.000548824729,-0.000147419765,35
IGV,2023-11-16,-1,1,1700146200,1700149200,2023-11-16 09:50,2023-11-16 10:40,74.7788600000,74.4380000000,target,74.7788600000,0.004558240123,0.004358240123,0.001170452354,11
IGV,2023-11-20,-1,1,1700496000,1700514000,2023-11-20 11:00,2023-11-20 16:00,75.6300000000,75.9300000000,session,75.6300000000,-0.003966679889,-0.004166679889,-0.001120632422,60
IGV,2023-11-22,1,1,1700665500,1700666700,2023-11-22 10:05,2023-11-22 10:25,75.7720000000,76.0900000000,target,75.7720000000,0.004196800929,0.003996800929,0.001073450336,5
IGV,2023-11-27,-1,1,1701107100,1701114000,2023-11-27 12:45,2023-11-27 14:40,76.5460000000,76.2260000000,target,76.5460000000,0.004180492776,0.003980492776,0.001070494622,24
IGV,2023-11-28,-1,1,1701185700,1701205200,2023-11-28 10:35,2023-11-28 16:00,76.4320000000,76.5400000000,session,76.4320000000,-0.001413020724,-0.001613020724,-0.000434373628,65
IGV,2023-11-29,-1,1,1701268800,1701272400,2023-11-29 09:40,2023-11-29 10:40,78.0980000000,77.8190000000,target,78.0980000000,0.003572434633,0.003372434633,0.000907681476,13
IGV,2023-11-29,-1,1,1701273300,1701275400,2023-11-29 10:55,2023-11-29 11:30,78.1080000000,77.8020000000,target,78.1080000000,0.003917652481,0.003717652481,0.001000595907,8
IGV,2023-11-29,-1,1,1701278400,1701289500,2023-11-29 12:20,2023-11-29 15:25,78.1010000000,77.8260000000,target,78.1010000000,0.003521081676,0.003321081676,0.000893859969,38
IGV,2023-11-30,1,1,1701356700,1701378000,2023-11-30 10:05,2023-11-30 16:00,77.9480000000,78.3940000000,session,77.9480000000,0.005721763227,0.005521763227,0.001491324916,71
IGV,2023-12-01,-1,2,1701447300,1701464400,2023-12-01 11:15,2023-12-01 16:00,79.1110000000,79.4840000000,session,78.8220000000;79.4000000000,-0.004728302465,-0.004928302465,-0.002666984341,57
IGV,2023-12-04,1,1,1701703500,1701711300,2023-12-04 10:25,2023-12-04 12:35,77.9190000000,78.2938400000,target,77.9190000000,0.004810636687,0.004610636687,0.001243439842,27
IGV,2023-12-06,1,1,1701876300,1701879300,2023-12-06 10:25,2023-12-06 11:15,78.1840000000,78.5040000000,target,78.1840000000,0.004092909035,0.003892909035,0.001051489835,11
IGV,2023-12-06,1,2,1701879900,1701896400,2023-12-06 11:25,2023-12-06 16:00,78.0600000000,77.6800000000,session,78.3580000000;77.7620000000,-0.004853547065,-0.005053547065,-0.002729965340,55
IGV,2023-12-08,-1,2,1702046700,1702069200,2023-12-08 09:45,2023-12-08 16:00,78.5220000000,78.7380000000,session,78.2100000000;78.8340000000,-0.002766653083,-0.002966653083,-0.001599289380,75
IGV,2023-12-11,-1,1,1702307700,1702328400,2023-12-11 10:15,2023-12-11 16:00,79.4400000000,79.5420000000,session,79.4400000000,-0.001283987915,-0.001483987915,-0.000399209506,69
IGV,2023-12-12,-1,1,1702411200,1702414800,2023-12-12 15:00,2023-12-12 16:00,79.6260000000,79.6840000000,session,79.6260000000,-0.000728405295,-0.000928405295,-0.000249627965,12
IGV,2023-12-13,-1,1,1702496400,1702501200,2023-12-13 14:40,2023-12-13 16:00,80.4720000000,80.6100000000,session,80.4720000000,-0.001714882195,-0.001914882195,-0.000514710784,16
IGV,2023-12-14,1,2,1702567800,1702587600,2023-12-14 10:30,2023-12-14 16:00,79.4870000000,79.5300000000,session,79.6820000000;79.2920000000,0.000546990599,0.000346990599,0.000186419619,66
IGV,2023-12-15,-1,1,1702651500,1702651800,2023-12-15 09:45,2023-12-15 09:50,80.0040000000,79.6830000000,target,80.0040000000,0.004012299385,0.003812299385,0.001024309880,2
IGV,2023-12-15,-1,1,1702653000,1702674000,2023-12-15 10:10,2023-12-15 16:00,79.9800000000,80.3020000000,session,79.9800000000,-0.004026006502,-0.004226006502,-0.001135467017,70
IGV,2023-12-18,-1,1,1702911900,1702914000,2023-12-18 10:05,2023-12-18 10:40,80.8840000000,80.5180000000,target,80.8840000000,0.004524998764,0.004324998764,0.001161904559,8
IGV,2023-12-18,-1,1,1702920000,1702933200,2023-12-18 12:20,2023-12-18 16:00,80.8940000000,80.9160000000,session,80.8940000000,-0.000271960838,-0.000471960838,-0.000126791585,44
IGV,2023-12-20,1,1,1703102700,1703103600,2023-12-20 15:05,2023-12-20 15:20,80.3920000000,80.7240000000,target,80.3920000000,0.004129764156,0.003929764156,0.001057081279,4
IGV,2023-12-20,1,1,1703103900,1703106000,2023-12-20 15:25,2023-12-20 16:00,80.5040000000,80.2540000000,session,80.5040000000,-0.003105435755,-0.003305435755,-0.000889140956,7
IGV,2023-12-29,1,1,1703865000,1703883600,2023-12-29 10:50,2023-12-29 16:00,81.1400000000,81.1280000000,session,81.1400000000,-0.000147892531,-0.000347892531,-0.000093600328,62
IGV,2024-01-02,1,3,1704206700,1704229200,2024-01-02 09:45,2024-01-02 16:00,79.0983333333,78.8740000000,session,79.4940000000;79.2000000000;78.6010000000,-0.002814084710,-0.003014084710,-0.002432532263,75
IGV,2024-01-08,-1,2,1704726000,1704747600,2024-01-08 10:00,2024-01-08 16:00,78.7790000000,79.4220000000,session,78.6080000000;78.9500000000,-0.008166823759,-0.008366823759,-0.004488089823,72
IGV,2024-01-09,-1,1,1704813600,1704834000,2024-01-09 10:20,2024-01-09 16:00,79.7890000000,79.7440000000,session,79.7890000000,0.000563987517,0.000363987517,0.000097079647,68
IGV,2024-01-10,-1,1,1704909900,1704920400,2024-01-10 13:05,2024-01-10 16:00,80.7639800000,80.8380000000,session,80.7639800000,-0.000916497676,-0.001116497676,-0.000297818870,35
IGV,2024-01-11,1,1,1704986100,1704987600,2024-01-11 10:15,2024-01-11 10:40,80.6860000000,81.0480000000,target,80.6860000000,0.004486528022,0.004286528022,0.001142979380,6
IGV,2024-01-11,1,1,1704989700,1704996900,2024-01-11 11:15,2024-01-11 13:15,80.6840000000,81.0020000000,target,80.6840000000,0.003941301869,0.003741301869,0.000997597792,24
IGV,2024-01-17,1,1,1705503300,1705507500,2024-01-17 09:55,2024-01-17 11:05,80.3320000000,80.7820000000,target,80.3320000000,0.005601752726,0.005401752726,0.001444202270,15
IGV,2024-01-19,-1,1,1705690800,1705698000,2024-01-19 14:00,2024-01-19 16:00,83.3180000000,83.6740000000,session,83.3180000000,-0.004272786193,-0.004472786193,-0.001197988759,24
IGV,2024-01-23,1,1,1706020500,1706021400,2024-01-23 09:35,2024-01-23 09:50,83.9340200000,84.4440000000,target,83.9340200000,0.006075963000,0.005875963000,0.001571468469,4
IGV,2024-01-23,1,1,1706023500,1706039400,2024-01-23 10:25,2024-01-23 14:50,84.1200000000,84.4120000000,target,84.1200000000,0.003471231574,0.003271231574,0.000874858687,54
IGV,2024-01-24,1,1,1706124300,1706130000,2024-01-24 14:25,2024-01-24 16:00,84.9360000000,84.5720000000,session,84.9360000000,-0.004285579731,-0.004485579731,-0.001203281880,19
IGV,2024-01-25,1,1,1706195100,1706196300,2024-01-25 10:05,2024-01-25 10:25,84.8620000000,85.2120000000,target,84.8620000000,0.004124343051,0.003924343051,0.001051152968,5
IGV,2024-01-25,1,1,1706205300,1706216400,2024-01-25 12:55,2024-01-25 16:00,84.8460000000,84.8100000000,session,84.8460000000,-0.000424298140,-0.000624298140,-0.000167221070,37
IGV,2024-01-29,-1,2,1706539200,1706562000,2024-01-29 09:40,2024-01-29 16:00,85.6520000000,86.3440000000,session,85.5180000000;85.7860000000,-0.008081671569,-0.008281671569,-0.004441446378,76
IGV,2024-01-31,1,1,1706714100,1706725200,2024-01-31 10:15,2024-01-31 13:20,84.7280000000,85.1020000000,target,84.7280000000,0.004414125201,0.004214125201,0.001123775152,38
IGV,2024-01-31,1,1,1706727900,1706730000,2024-01-31 14:05,2024-01-31 14:40,84.6980000000,85.1260000000,target,84.6980000000,0.005053248011,0.004853248011,0.001294209180,8
IGV,2024-01-31,1,1,1706731500,1706734800,2024-01-31 15:05,2024-01-31 16:00,84.3100000000,84.0760000000,session,84.3100000000,-0.002775471474,-0.002975471474,-0.000793465013,11
IGV,2024-02-02,-1,1,1706895300,1706895900,2024-02-02 12:35,2024-02-02 12:45,86.0600000000,85.6920000000,target,86.0600000000,0.004276086451,0.004076086451,0.001089171770,3
IGV,2024-02-05,1,2,1707145500,1707153900,2024-02-05 10:05,2024-02-05 12:25,84.7210000000,85.0420000000,target,84.9460000000;84.4960000000,0.003795987039,0.003595987039,0.001924379743,29
IGV,2024-02-05,1,1,1707154200,1707166800,2024-02-05 12:30,2024-02-05 16:00,85.1200000000,85.3320000000,session,85.1200000000,0.002490601504,0.002290601504,0.000612903646,42
IGV,2024-02-06,1,2,1707232500,1707249600,2024-02-06 10:15,2024-02-06 15:00,84.7420000000,85.0840000000,target,85.1260000000;84.3580000000,0.004056396078,0.003856396078,0.002070259898,58
IGV,2024-02-06,1,1,1707251100,1707253200,2024-02-06 15:25,2024-02-06 16:00,85.0500000000,85.1860000000,session,85.0500000000,0.001599059377,0.001399059377,0.000375534108,7
IGV,2024-02-07,-1,1,1707330600,1707339600,2024-02-07 13:30,2024-02-07 16:00,86.7160000000,86.5480000000,session,86.7160000000,0.001937358734,0.001737358734,0.000467756488,30
IGV,2024-02-08,-1,1,1707405600,1707426000,2024-02-08 10:20,2024-02-08 16:00,87.4008000000,87.4380000000,session,87.4008000000,-0.000425625395,-0.000625625395,-0.000168537335,68
IGV,2024-02-12,1,1,1707749100,1707753600,2024-02-12 09:45,2024-02-12 11:00,87.9520000000,88.2640000000,target,87.9520000000,0.003547389485,0.003347389485,0.000901565789,16
IGV,2024-02-12,1,2,1707762600,1707771600,2024-02-12 13:30,2024-02-12 16:00,87.6595000000,87.4820000000,session,87.9520000000;87.3670000000,-0.002013768717,-0.002213768717,-0.001192486353,30
IGV,2024-02-13,-1,1,1707836400,1707837300,2024-02-13 10:00,2024-02-13 10:15,85.6300000000,85.2880000000,target,85.6300000000,0.003993927362,0.003793927362,0.001021465709,4
IGV,2024-02-13,-1,2,1707837900,1707847200,2024-02-13 10:25,2024-02-13 13:00,85.8876200000,85.6040000000,target,85.5972400000;86.1780000000,0.003290829068,0.003090829068,0.001664331235,32
IGV,2024-02-13,-1,1,1707847500,1707854100,2024-02-13 13:05,2024-02-13 14:55,85.5940000000,85.1160000000,target,85.5940000000,0.005584503587,0.005384503587,0.001449707717,23
IGV,2024-02-15,1,1,1708009500,1708030800,2024-02-15 10:05,2024-02-15 16:00,86.9740000000,87.1000000000,session,86.9740000000,0.001448708810,0.001248708810,0.000337919990,71
IGV,2024-02-16,1,1,1708095300,1708098300,2024-02-16 09:55,2024-02-16 10:45,85.7880000000,86.1930000000,target,85.7880000000,0.004720939992,0.004520939992,0.001223945787,11
IGV,2024-02-16,1,1,1708098600,1708117200,2024-02-16 10:50,2024-02-16 16:00,86.1600000000,85.5540000000,session,86.1600000000,-0.007033426184,-0.007233426184,-0.001958292196,62
IGV,2024-02-20,1,1,1708441500,1708444800,2024-02-20 10:05,2024-02-20 11:00,83.8240000000,84.2280000000,target,83.8240000000,0.004819622065,0.004619622065,0.001249531003,12
IGV,2024-02-20,1,1,1708448400,1708455600,2024-02-20 12:00,2024-02-20 14:00,83.8280000000,84.2620000000,target,83.8280000000,0.005177267739,0.004977267739,0.001346268214,25
IGV,2024-02-26,-1,1,1708966200,1708981200,2024-02-26 11:50,2024-02-26 16:00,86.0660000000,85.4960000000,session,86.0660000000,0.006622824344,0.006422824344,0.001742824709,50
IGV,2024-02-27,1,1,1709055600,1709064000,2024-02-27 12:40,2024-02-27 15:00,85.1380000000,85.5790000000,target,85.1380000000,0.005179825695,0.004979825695,0.001354161962,29
IGV,2024-03-05,1,3,1709649900,1709672400,2024-03-05 09:45,2024-03-05 16:00,84.0846666667,83.2400000000,session,84.7260000000;84.0880000000;83.4400000000,-0.010006831732,-0.010206831732,-0.008340440425,75
IGV,2024-03-06,1,1,1709737200,1709741400,2024-03-06 10:00,2024-03-06 11:10,84.0200000000,84.4540000000,target,84.0200000000,0.005165436801,0.004965436801,0.001338685888,15
IGV,2024-03-06,1,1,1709756100,1709758800,2024-03-06 15:15,2024-03-06 16:00,84.1160000000,84.4120000000,session,84.1160000000,0.003518950021,0.003318950021,0.000894791684,9
IGV,2024-03-07,1,1,1709823000,1709825400,2024-03-07 09:50,2024-03-07 10:30,84.3100000000,84.7900000000,target,84.3100000000,0.005693274819,0.005493274819,0.001485081159,9
IGV,2024-03-08,1,1,1709922900,1709925900,2024-03-08 13:35,2024-03-08 14:25,84.7600000000,85.1750000000,target,84.7600000000,0.004896177442,0.004696177442,0.001271914345,11
IGV,2024-03-11,-1,1,1710178200,1710187200,2024-03-11 13:30,2024-03-11 16:00,85.3100000000,85.1600000000,session,85.3100000000,0.001758293283,0.001558293283,0.000422709371,30
IGV,2024-03-12,-1,1,1710255000,1710273600,2024-03-12 10:50,2024-03-12 16:00,86.8400000000,87.0300000000,session,86.8400000000,-0.002187931829,-0.002387931829,-0.000648097176,62
IGV,2024-03-14,1,1,1710424500,1710426900,2024-03-14 09:55,2024-03-14 10:35,85.7800000000,86.2600000000,target,85.7800000000,0.005595709956,0.005395709956,0.001463258228,9
IGV,2024-03-14,1,1,1710427800,1710446400,2024-03-14 10:50,2024-03-14 16:00,85.9550000000,85.9700000000,session,85.9550000000,0.000174509918,-0.000025490082,-0.000006912635,62
IGV,2024-03-15,1,1,1710519000,1710529500,2024-03-15 12:10,2024-03-15 15:05,83.4550000000,83.8600000000,target,83.4550000000,0.004852914744,0.004652914744,0.001264078945,36
IGV,2024-03-18,-1,1,1710786600,1710792000,2024-03-18 14:30,2024-03-18 16:00,84.8200000000,84.5100000000,session,84.8200000000,0.003654798397,0.003454798397,0.000940036828,18
IGV,2024-03-19,-1,1,1710870000,1710878400,2024-03-19 13:40,2024-03-19 16:00,85.0100000000,85.1300000000,session,85.0100000000,-0.001411598635,-0.001611598635,-0.000439014531,28
IGV,2024-03-22,1,1,1711118700,1711127100,2024-03-22 10:45,2024-03-22 13:05,85.7000000000,86.1000000000,target,85.7000000000,0.004667444574,0.004467444574,0.001216319900,29
IGV,2024-03-27,1,2,1711548000,1711569600,2024-03-27 10:00,2024-03-27 16:00,85.2800000000,85.3900000000,session,85.5900000000;84.9700000000,0.001303099726,0.001103099726,0.000601560981,72
IGV,2024-04-01,1,1,1711981800,1712001600,2024-04-01 10:30,2024-04-01 16:00,84.8158000000,85.0200000000,session,84.8158000000,0.002407570288,0.002207570288,0.000602377428,66
IGV,2024-04-03,-1,1,1712153100,1712174400,2024-04-03 10:05,2024-04-03 16:00,84.4400000000,84.2700000000,session,84.4400000000,0.002013263856,0.001813263856,0.000495147528,71
IGV,2024-04-04,1,2,1712255400,1712260800,2024-04-04 14:30,2024-04-04 16:00,84.0100000000,83.2800000000,session,84.3700000000;83.6500000000,-0.008671237988,-0.008871237988,-0.004847862060,18
IGV,2024-04-05,-1,2,1712328600,1712347200,2024-04-05 10:50,2024-04-05 16:00,84.4000000000,84.1700000000,session,84.0400000000;84.7600000000,0.002706974072,0.002506974072,0.001361882861,62
IGV,2024-04-09,1,1,1712673600,1712679300,2024-04-09 10:40,2024-04-09 12:15,84.1200000000,84.5700000000,target,84.1200000000,0.005349500713,0.005149500713,0.001401039167,20
IGV,2024-04-09,1,1,1712689800,1712692800,2024-04-09 15:10,2024-04-09 16:00,84.0800000000,84.7000000000,session,84.0800000000,0.007373929591,0.007173929591,0.001951831235,10
IGV,2024-04-12,1,1,1712942700,1712952000,2024-04-12 13:25,2024-04-12 16:00,82.5500000000,82.7600000000,session,82.5500000000,0.002543912780,0.002343912780,0.000640334566,31
IGV,2024-04-15,1,3,1713190500,1713211200,2024-04-15 10:15,2024-04-15 16:00,81.6000000000,80.4800000000,session,82.3400000000;81.6200000000;80.8400000000,-0.013669889969,-0.013869889969,-0.011376245434,69
IGV,2024-04-16,-1,1,1713291000,1713291600,2024-04-16 14:10,2024-04-16 14:20,81.2500000000,80.7900000000,target,81.2500000000,0.005661538462,0.005461538462,0.001472495236,3
IGV,2024-04-17,1,1,1713372300,1713375000,2024-04-17 12:45,2024-04-17 13:30,80.0708000000,80.4850000000,target,80.0708000000,0.005172921964,0.004972921964,0.001343199329,10
IGV,2024-04-18,1,1,1713461100,1713470400,2024-04-18 13:25,2024-04-18 16:00,79.4700000000,79.5000000000,session,79.4700000000,0.000377500944,0.000177500944,0.000048022946,31
IGV,2024-04-19,1,1,1713543300,1713547200,2024-04-19 12:15,2024-04-19 13:20,78.5487000000,78.9200000000,target,78.5487000000,0.004727003757,0.004527003757,0.001224855002,14
IGV,2024-04-19,1,1,1713551400,1713556800,2024-04-19 14:30,2024-04-19 16:00,78.5400000000,78.5300000000,session,78.5400000000,-0.000127323657,-0.000327323657,-0.000088562776,18
IGV,2024-04-22,1,1,1713798300,1713801600,2024-04-22 11:05,2024-04-22 12:00,78.4500000000,78.8550000000,target,78.4500000000,0.005162523901,0.004962523901,0.001344571735,12
IGV,2024-04-23,-1,1,1713880800,1713902400,2024-04-23 10:00,2024-04-23 16:00,80.5300000000,80.8700000000,session,80.5300000000,-0.004222029057,-0.004422029057,-0.001200109196,72
IGV,2024-04-24,1,1,1713975300,1713979200,2024-04-24 12:15,2024-04-24 13:20,80.4500000000,80.8900000000,target,80.4500000000,0.005469235550,0.005269235550,0.001427927502,14
IGV,2024-04-25,-1,1,1714067700,1714071300,2024-04-25 13:55,2024-04-25 14:55,80.3650000000,79.9859000000,target,80.3650000000,0.004717227649,0.004517227649,0.001226288494,13
IGV,2024-04-26,-1,1,1714140900,1714155600,2024-04-26 10:15,2024-04-26 14:20,81.6300000000,81.2150000000,target,81.6300000000,0.005083915227,0.004883915227,0.001327829267,50
IGV,2024-04-29,1,1,1714417500,1714420800,2024-04-29 15:05,2024-04-29 16:00,80.5500000000,80.9600000000,session,80.5500000000,0.005090006207,0.004890006207,0.001331649635,11
IGV,2024-04-30,1,1,1714491900,1714507200,2024-04-30 11:45,2024-04-30 16:00,79.7700000000,78.9250000000,session,79.7700000000,-0.010592954745,-0.010792954745,-0.002943935188,51
IGV,2024-05-01,-1,2,1714589100,1714593600,2024-05-01 14:45,2024-05-01 16:00,80.4600000000,79.0700000000,session,80.4000000000;80.5200000000,0.017275118447,0.017075118447,0.009281461159,15
IGV,2024-05-02,1,1,1714657800,1714661400,2024-05-02 09:50,2024-05-02 10:50,79.0800000000,79.4700000000,target,79.0800000000,0.004931714719,0.004731714719,0.001300639712,13
IGV,2024-05-06,-1,1,1715020200,1715025600,2024-05-06 14:30,2024-05-06 16:00,81.8500000000,81.9900000000,session,81.8500000000,-0.001710445938,-0.001910445938,-0.000525965982,18
IGV,2024-05-10,-1,1,1715349000,1715349900,2024-05-10 09:50,2024-05-10 10:05,82.0800000000,81.7100000000,target,82.0800000000,0.004507797271,0.004307797271,0.001185226920,4
IGV,2024-05-14,-1,1,1715696700,1715697900,2024-05-14 10:25,2024-05-14 10:45,81.8900000000,81.5350000000,target,81.8900000000,0.004335083649,0.004135083649,0.001139340984,5
IGV,2024-05-14,-1,1,1715713500,1715716800,2024-05-14 15:05,2024-05-14 16:00,81.9100000000,81.9700000000,session,81.9100000000,-0.000732511293,-0.000932511293,-0.000256935149,11
IGV,2024-05-15,-1,2,1715785800,1715803200,2024-05-15 11:10,2024-05-15 16:00,83.6900000000,84.0300000000,session,83.3800000000;84.0000000000,-0.004076388651,-0.004276388651,-0.002359065270,58
IGV,2024-05-20,-1,1,1716232800,1716235200,2024-05-20 15:20,2024-05-20 16:00,84.9666000000,85.1300000000,session,84.9666000000,-0.001923108610,-0.002123108610,-0.000583935791,8
IGV,2024-05-23,1,3,1716471600,1716494400,2024-05-23 09:40,2024-05-23 16:00,83.9866333333,83.7200000000,session,84.5700000000;83.9799000000;83.4100000000,-0.003143017622,-0.003343017622,-0.002756419691,76
IGV,2024-05-24,1,1,1716558900,1716560100,2024-05-24 09:55,2024-05-24 10:15,82.2400000000,82.5500000000,target,82.2400000000,0.003769455253,0.003569455253,0.000977761829,5
IGV,2024-05-28,1,1,1716903600,1716907500,2024-05-28 09:40,2024-05-28 10:45,82.1600000000,82.5400000000,target,82.1600000000,0.004625121714,0.004425121714,0.001213592215,14
IGV,2024-05-28,1,1,1716915600,1716926400,2024-05-28 13:00,2024-05-28 16:00,82.1850000000,82.3400000000,session,82.1850000000,0.001885988927,0.001685988927,0.000462383448,36
IGV,2024-05-29,-1,1,1716990000,1717012800,2024-05-29 09:40,2024-05-29 16:00,82.0200000000,82.1100000000,session,82.0200000000,-0.001097293343,-0.001297293343,-0.000356508201,76
IGV,2024-05-30,1,3,1717076400,1717099200,2024-05-30 09:40,2024-05-30 16:00,78.5133333333,77.3900000000,session,79.0450000000;78.5600000000;77.9350000000,-0.014274507683,-0.014474507683,-0.011928025201,76
IGV,2024-05-31,1,2,1717165500,1717183500,2024-05-31 10:25,2024-05-31 15:25,76.5375000000,76.9900000000,target,76.8900000000;76.1850000000,0.005933471850,0.005733471850,0.003104266763,61
IGV,2024-06-03,1,1,1717426500,1717444800,2024-06-03 10:55,2024-06-03 16:00,77.6700000000,77.9400000000,session,77.6700000000,0.003476245655,0.003276245655,0.000890316984,61
IGV,2024-06-05,-1,1,1717608900,1717617600,2024-06-05 13:35,2024-06-05 16:00,79.8000000000,80.0400000000,session,79.8000000000,-0.003007518797,-0.003207518797,-0.000872592422,29
IGV,2024-06-06,-1,1,1717683600,1717697400,2024-06-06 10:20,2024-06-06 14:10,80.6850000000,80.2700000000,target,80.6850000000,0.005143459131,0.004943459131,0.001343410042,47
IGV,2024-06-11,-1,1,1718130600,1718136000,2024-06-11 14:30,2024-06-11 16:00,80.9200000000,80.8800000000,session,80.9200000000,0.000494315373,0.000294315373,0.000080113488,18
IGV,2024-06-13,1,1,1718294700,1718308800,2024-06-13 12:05,2024-06-13 16:00,81.9950000000,81.8500000000,session,81.9950000000,-0.001768400512,-0.001968400512,-0.000535856825,47
IGV,2024-06-17,-1,1,1718646900,1718654400,2024-06-17 13:55,2024-06-17 16:00,83.7950000000,83.7600000000,session,83.7950000000,0.000417686019,0.000217686019,0.000059221689,25
IGV,2024-06-26,-1,1,1719416400,1719432000,2024-06-26 11:40,2024-06-26 16:00,84.8300000000,84.6600000000,session,84.8300000000,0.002004008016,0.001804008016,0.000490817708,52
IGV,2024-06-27,-1,3,1719495900,1719518400,2024-06-27 09:45,2024-06-27 16:00,86.1916666667,86.4600000000,session,85.5900000000;86.2250000000;86.7600000000,-0.003144117290,-0.003344117290,-0.002731150262,75
IGV,2024-06-28,-1,1,1719584100,1719591000,2024-06-28 10:15,2024-06-28 12:10,87.4750000000,87.1000000000,target,87.4750000000,0.004286939125,0.004086939125,0.001108884319,24
IGV,2024-07-01,1,1,1719841200,1719843600,2024-07-01 09:40,2024-07-01 10:20,86.4000000000,86.7400000000,target,86.4000000000,0.003935185185,0.003735185185,0.001014825693,9
IGV,2024-07-02,-1,1,1719927300,1719929400,2024-07-02 09:35,2024-07-02 10:10,87.7200000000,87.3500000000,target,87.7200000000,0.004217966256,0.004017966256,0.001093014662,8
IGV,2024-07-02,-1,1,1719934800,1719950400,2024-07-02 11:40,2024-07-02 16:00,87.5500000000,87.7700000000,session,87.5500000000,-0.002512849800,-0.002712849800,-0.000737981461,52
IGV,2024-07-05,-1,1,1720188000,1720209600,2024-07-05 10:00,2024-07-05 16:00,88.4600000000,88.9300000000,session,88.4600000000,-0.005313135881,-0.005513135881,-0.001500400821,72
IGV,2024-07-08,1,1,1720446300,1720468800,2024-07-08 09:45,2024-07-08 16:00,87.9400000000,88.0800000000,session,87.9400000000,0.001591994542,0.001391994542,0.000378135356,75
IGV,2024-07-09,1,2,1720533900,1720555200,2024-07-09 10:05,2024-07-09 16:00,86.8900500000,86.6800000000,session,87.1501000000;86.6300000000,-0.002408487284,-0.002608487284,-0.001417848862,71
IGV,2024-07-10,1,1,1720621200,1720631100,2024-07-10 10:20,2024-07-10 13:05,86.0000000000,86.3400000000,target,86.0000000000,0.003953488372,0.003753488372,0.001018334371,34
IGV,2024-07-11,-1,1,1720705800,1720707300,2024-07-11 09:50,2024-07-11 10:15,87.5900000000,87.2600000000,target,87.5900000000,0.003767553374,0.003567553374,0.000969100550,6
IGV,2024-07-11,1,1,1720713600,1720728000,2024-07-11 12:00,2024-07-11 16:00,86.3300000000,86.4200000000,session,86.3300000000,0.001042511294,0.000842511294,0.000228862213,48
IGV,2024-07-12,-1,2,1720793700,1720814400,2024-07-12 10:15,2024-07-12 16:00,87.2650000000,87.3200000000,session,86.9800000000;87.5500000000,-0.000640937170,-0.000840937170,-0.000457540833,69
IGV,2024-07-15,-1,1,1721052300,1721063700,2024-07-15 10:05,2024-07-15 13:15,88.1700000000,87.8600000000,target,88.1700000000,0.003515935125,0.003315935125,0.000901568636,39
IGV,2024-07-17,1,1,1721225400,1721226900,2024-07-17 10:10,2024-07-17 10:35,86.6600000000,86.9655000000,target,86.6600000000,0.003525271175,0.003325271175,0.000905106332,6
IGV,2024-07-17,1,1,1721228400,1721246400,2024-07-17 11:00,2024-07-17 16:00,86.6250000000,86.3200000000,session,86.6250000000,-0.003520923521,-0.003720923521,-0.001012799036,60
IGV,2024-07-18,1,3,1721313300,1721332800,2024-07-18 10:35,2024-07-18 16:00,85.2133333333,85.0300000000,session,85.8300000000;85.2300000000;84.5800000000,-0.002115645060,-0.002315645060,-0.001890638519,65
IGV,2024-07-23,-1,1,1721748300,1721751300,2024-07-23 11:25,2024-07-23 12:15,86.5100000000,86.1200000000,target,86.5100000000,0.004508149347,0.004308149347,0.001169766466,11
IGV,2024-07-24,1,2,1721834100,1721851200,2024-07-24 11:15,2024-07-24 16:00,83.7650000000,82.8900000000,session,84.0850000000;83.4450000000,-0.010431448511,-0.010631448511,-0.005781680307,57
IGV,2024-07-25,1,1,1721916600,1721917800,2024-07-25 10:10,2024-07-25 10:30,83.0100000000,83.3700000000,target,83.0100000000,0.004336826888,0.004136826888,0.001116888723,5
IGV,2024-07-25,-1,2,1721923500,1721933400,2024-07-25 12:05,2024-07-25 14:50,84.8700000000,84.3600000000,target,84.5400000000;85.2000000000,0.005994162277,0.005794162277,0.003128694858,34
IGV,2024-07-25,-1,1,1721935500,1721937600,2024-07-25 15:25,2024-07-25 16:00,84.5400000000,83.6800000000,session,84.5400000000,0.010172699314,0.009972699314,0.002692497343,7
IGV,2024-07-26,-1,1,1722010200,1722015600,2024-07-26 12:10,2024-07-26 13:40,85.1800000000,84.7600000000,target,85.1800000000,0.004930734914,0.004730734914,0.001288176801,19
IGV,2024-07-29,1,1,1722265800,1722268800,2024-07-29 11:10,2024-07-29 12:00,84.3700000000,84.7800000000,target,84.3700000000,0.004859547232,0.004659547232,0.001270793204,11
IGV,2024-07-29,1,1,1722278100,1722283200,2024-07-29 14:35,2024-07-29 16:00,84.3700000000,84.2700000000,session,84.3700000000,-0.001185255423,-0.001385255423,-0.000377799191,17
IGV,2024-07-30,1,2,1722351900,1722369600,2024-07-30 11:05,2024-07-30 16:00,83.2125000000,83.4600000000,session,83.5850000000;82.8400000000,0.002994411729,0.002794411729,0.001525897285,59
IGV,2024-08-01,-1,1,1722520200,1722522300,2024-08-01 09:50,2024-08-01 10:25,85.3600000000,84.9100000000,target,85.3600000000,0.005271790066,0.005071790066,0.001387313109,8
IGV,2024-08-01,1,3,1722526500,1722542400,2024-08-01 11:35,2024-08-01 16:00,82.9566666667,83.0100000000,session,83.6700000000;82.9300000000;82.2700000000,0.000690436786,0.000490436786,0.000402455173,53
IGV,2024-08-02,1,1,1722605700,1722606000,2024-08-02 09:35,2024-08-02 09:40,79.7000000000,80.5100000000,target,79.7000000000,0.010163111669,0.009963111669,0.002731205628,2
IGV,2024-08-02,1,1,1722606900,1722628800,2024-08-02 09:55,2024-08-02 16:00,79.7700000000,80.2100000000,session,79.7700000000,0.005515858092,0.005315858092,0.001457245690,73
IGV,2024-08-05,-1,2,1722865200,1722868200,2024-08-05 09:40,2024-08-05 10:30,77.6750000000,77.0900000000,target,77.3200000000;78.0300000000,0.007510649763,0.007310649763,0.004028576534,11
IGV,2024-08-05,-1,3,1722868500,1722883500,2024-08-05 10:35,2024-08-05 14:45,78.1995000000,77.6700000000,target,77.8035000000;78.0400000000;78.7550000000,0.006744640849,0.006544640849,0.005409694227,51
IGV,2024-08-05,-1,2,1722883800,1722888000,2024-08-05 14:50,2024-08-05 16:00,77.6900000000,78.0000000000,session,77.6000000000;77.7800000000,-0.003991564895,-0.004191564895,-0.002309786479,14
IGV,2024-08-06,-1,1,1722969000,1722971100,2024-08-06 14:30,2024-08-06 15:05,80.1000000000,79.5200000000,target,80.1000000000,0.007240948814,0.007040948814,0.001956708551,8
IGV,2024-08-07,1,1,1723054200,1723060800,2024-08-07 14:10,2024-08-07 16:00,79.5600000000,78.9500000000,session,79.5600000000,-0.007667169432,-0.007867169432,-0.002191449902,22
IGV,2024-08-08,-1,1,1723138200,1723147200,2024-08-08 13:30,2024-08-08 16:00,81.3200000000,81.5600000000,session,81.3200000000,-0.002951303492,-0.003151303492,-0.000875513584,30
IGV,2024-08-09,-1,1,1723224600,1723233600,2024-08-09 13:30,2024-08-09 16:00,82.5850000000,82.4700000000,session,82.5850000000,0.001392504692,0.001192504692,0.000330960616,30
IGV,2024-08-13,-1,1,1723566000,1723579200,2024-08-13 12:20,2024-08-13 16:00,83.3900000000,83.4100000000,session,83.3900000000,-0.000239836911,-0.000439836911,-0.000122118227,44
IGV,2024-08-22,1,1,1724341200,1724356800,2024-08-22 11:40,2024-08-22 16:00,86.4950000000,85.8800000000,session,86.4950000000,-0.007110237586,-0.007310237586,-0.002029348492,52
IGV,2024-08-23,1,1,1724424600,1724425800,2024-08-23 10:50,2024-08-23 11:10,85.6700000000,86.1100000000,target,85.6700000000,0.005135986927,0.004935986927,0.001366908944,5
IGV,2024-08-23,1,1,1724429100,1724436900,2024-08-23 12:05,2024-08-23 14:15,85.8150000000,86.2308000000,target,85.8150000000,0.004845306765,0.004645306765,0.001286411706,27
IGV,2024-08-27,-1,1,1724768700,1724788800,2024-08-27 10:25,2024-08-27 16:00,86.1300000000,86.3200000000,session,86.1300000000,-0.002205967723,-0.002405967723,-0.000668405793,67
IGV,2024-08-28,1,1,1724858100,1724864400,2024-08-28 11:15,2024-08-28 13:00,85.1600000000,85.5400000000,target,85.1600000000,0.004462188821,0.004262188821,0.001183135961,22
IGV,2024-08-28,1,1,1724867700,1724875200,2024-08-28 13:55,2024-08-28 16:00,85.0700000000,85.2500000000,session,85.0700000000,0.002115904549,0.001915904549,0.000531833681,25
IGV,2024-08-29,-1,1,1724940000,1724941500,2024-08-29 10:00,2024-08-29 10:25,87.3500000000,86.9700000000,target,87.3500000000,0.004350314825,0.004150314825,0.001154453546,6
IGV,2024-08-29,-1,1,1724942700,1724956500,2024-08-29 10:45,2024-08-29 14:35,87.1400000000,86.6700000000,target,87.1400000000,0.005393619463,0.005193619463,0.001444659660,47
IGV,2024-08-30,1,1,1725035400,1725045900,2024-08-30 12:30,2024-08-30 15:25,86.0500000000,86.5300000000,target,86.0500000000,0.005578152237,0.005378152237,0.001500648860,36
IGV,2024-09-03,1,1,1725379800,1725393600,2024-09-03 12:10,2024-09-03 16:00,85.7800000000,84.9000000000,session,85.7800000000,-0.010258801585,-0.010458801585,-0.002923518089,46
IGV,2024-09-04,-1,1,1725460500,1725480000,2024-09-04 10:35,2024-09-04 16:00,84.7800000000,84.7100000000,session,84.7800000000,0.000825666431,0.000625666431,0.000174280984,65
IGV,2024-09-06,1,2,1725633000,1725652800,2024-09-06 10:30,2024-09-06 16:00,83.4400000000,83.3600000000,session,83.7900000000;83.0900000000,-0.000941194403,-0.001141194403,-0.000635897830,66
IGV,2024-09-09,-1,1,1725899700,1725905100,2024-09-09 12:35,2024-09-09 14:05,84.7800000000,84.3400000000,target,84.7800000000,0.005189903279,0.004989903279,0.001389182509,19
IGV,2024-09-10,1,1,1725984300,1725988500,2024-09-10 12:05,2024-09-10 13:15,84.7500000000,85.2100000000,target,84.7500000000,0.005427728614,0.005227728614,0.001457813526,15
IGV,2024-09-11,1,1,1726065000,1726069200,2024-09-11 10:30,2024-09-11 11:40,84.6100000000,85.0200000000,target,84.6100000000,0.004845762912,0.004645762912,0.001297783107,15
IGV,2024-09-11,-1,1,1726077000,1726084800,2024-09-11 13:50,2024-09-11 16:00,86.2400000000,86.6700000000,session,86.2400000000,-0.004986085343,-0.005186085343,-0.001448720926,26
IGV,2024-09-12,-1,1,1726163700,1726171200,2024-09-12 13:55,2024-09-12 16:00,87.7101000000,87.5900000000,session,87.7101000000,0.001369283583,0.001169283583,0.000326577830,25
IGV,2024-09-17,1,1,1726590000,1726603200,2024-09-17 12:20,2024-09-17 16:00,87.8100000000,87.6200000000,session,87.8100000000,-0.002163762669,-0.002363762669,-0.000660450016,44
IGV,2024-09-18,1,1,1726673100,1726680900,2024-09-18 11:25,2024-09-18 13:35,86.8800000000,87.3500000000,target,86.8800000000,0.005409760589,0.005209760589,0.001454492637,27
IGV,2024-09-24,1,1,1727186700,1727190000,2024-09-24 10:05,2024-09-24 11:00,88.6100000000,88.9600000000,target,88.6100000000,0.003949892789,0.003749892789,0.001048735932,12
IGV,2024-09-26,1,1,1727359500,1727380800,2024-09-26 10:05,2024-09-26 16:00,89.0999000000,89.3200000000,session,89.0999000000,0.002470260909,0.002270260909,0.000635719571,71
IGV,2024-10-01,1,3,1727790000,1727812800,2024-10-01 09:40,2024-10-01 16:00,88.0100000000,87.4800000000,session,88.7100000000;87.9700000000;87.3500000000,-0.005982406412,-0.006182406412,-0.005197531687,76
IGV,2024-10-02,-1,1,1727879400,1727899200,2024-10-02 10:30,2024-10-02 16:00,88.2600000000,88.2200000000,session,88.2600000000,0.000453206436,0.000253206436,0.000070517963,66
IGV,2024-10-03,-1,1,1727964300,1727965500,2024-10-03 10:05,2024-10-03 10:25,88.5300000000,88.1000000000,target,88.5300000000,0.004857110584,0.004657110584,0.001297114234,5
IGV,2024-10-03,-1,1,1727969100,1727975100,2024-10-03 11:25,2024-10-03 13:05,88.3500000000,87.9600000000,target,88.3500000000,0.004414261460,0.004214261460,0.001173770394,21
IGV,2024-10-07,1,1,1728326700,1728331200,2024-10-07 14:45,2024-10-07 16:00,88.8475000000,88.6800000000,session,88.8475000000,-0.001885252821,-0.002085252821,-0.000582509161,15
IGV,2024-10-08,-1,2,1728395700,1728417600,2024-10-08 09:55,2024-10-08 16:00,90.1550000000,90.5800000000,session,89.8700000000;90.4400000000,-0.004724144025,-0.004924144025,-0.002749177676,73
IGV,2024-10-09,-1,1,1728489000,1728504000,2024-10-09 11:50,2024-10-09 16:00,91.5350000000,91.7300000000,session,91.5350000000,-0.002130332660,-0.002330332660,-0.000648383504,50
IGV,2024-10-10,-1,1,1728573300,1728590400,2024-10-10 11:15,2024-10-10 16:00,92.1000000000,92.3600000000,session,92.1000000000,-0.002823018458,-0.003023018458,-0.000840460588,57
IGV,2024-10-15,1,1,1729002900,1729022400,2024-10-15 10:35,2024-10-15 16:00,92.8700000000,92.4300000000,session,92.8700000000,-0.004737805535,-0.004937805535,-0.001371426978,65
IGV,2024-10-16,1,1,1729086300,1729091700,2024-10-16 09:45,2024-10-16 11:15,91.4300000000,91.7600000000,target,91.4300000000,0.003609318604,0.003409318604,0.000945346206,19
IGV,2024-10-16,1,1,1729094400,1729103100,2024-10-16 12:00,2024-10-16 14:25,91.6950000000,92.0700000000,target,91.6950000000,0.004089645019,0.003889645019,0.001078532571,30
IGV,2024-10-17,1,1,1729173900,1729180800,2024-10-17 10:05,2024-10-17 12:00,92.0550000000,92.4300000000,target,92.0550000000,0.004073651621,0.003873651621,0.001076711140,24
IGV,2024-10-17,1,1,1729189200,1729195200,2024-10-17 14:20,2024-10-17 16:00,92.0850000000,92.0700000000,session,92.0850000000,-0.000162892979,-0.000362892979,-0.000100868883,20
IGV,2024-10-21,-1,1,1729518000,1729521600,2024-10-21 09:40,2024-10-21 10:40,92.4300000000,92.0900000000,target,92.4300000000,0.003678459375,0.003478459375,0.000967995904,13
IGV,2024-10-23,1,2,1729696500,1729713600,2024-10-23 11:15,2024-10-23 16:00,90.9183500000,90.7900000000,session,91.2167000000;90.6200000000,-0.001400952958,-0.001600952958,-0.000892068938,57
IGV,2024-10-24,-1,1,1729778700,1729781700,2024-10-24 10:05,2024-10-24 10:55,92.1900000000,91.7900000000,target,92.1900000000,0.004338865387,0.004138865387,0.001151880382,11
IGV,2024-10-25,-1,1,1729864200,1729870200,2024-10-25 09:50,2024-10-25 11:30,93.0100000000,92.6600000000,target,93.0100000000,0.003763036233,0.003563036233,0.000992990441,21
IGV,2024-10-29,-1,2,1730210700,1730232000,2024-10-29 10:05,2024-10-29 16:00,93.4225000000,93.8900000000,session,93.1000000000;93.7450000000,-0.005016124311,-0.005216124311,-0.002910839463,71
IGV,2024-10-31,1,2,1730385000,1730404800,2024-10-31 10:30,2024-10-31 16:00,91.6200000000,91.2600000000,session,91.9400000000;91.3000000000,-0.003917122005,-0.004117122005,-0.002289555647,66
IGV,2024-11-01,-1,2,1730470500,1730484900,2024-11-01 10:15,2024-11-01 14:15,92.5700000000,92.2100000000,target,92.2400000000;92.9000000000,0.003876289868,0.003676289868,0.002038794935,49
IGV,2024-11-01,-1,1,1730485500,1730491200,2024-11-01 14:25,2024-11-01 16:00,92.2000000000,92.2600000000,session,92.2000000000,-0.000650759219,-0.000850759219,-0.000235906804,19
IGV,2024-11-04,-1,1,1730746200,1730754000,2024-11-04 13:50,2024-11-04 16:00,92.5600000000,92.2500000000,session,92.5600000000,0.003349178911,0.003149178911,0.000875127546,26
IGV,2024-11-05,-1,1,1730818200,1730840400,2024-11-05 09:50,2024-11-05 16:00,93.6700000000,93.8600000000,session,93.6700000000,-0.002028397566,-0.002228397566,-0.000619901013,74
IGV,2024-11-06,-1,1,1730904000,1730904600,2024-11-06 09:40,2024-11-06 09:50,97.3600000000,97.0300000000,target,97.3600000000,0.003389482334,0.003189482334,0.000886598839,3
IGV,2024-11-06,-1,1,1730905800,1730926800,2024-11-06 10:10,2024-11-06 16:00,97.1700000000,97.7100000000,session,97.1700000000,-0.005557270763,-0.005757270763,-0.001600381830,70
IGV,2024-11-07,-1,2,1730999700,1731013200,2024-11-07 12:15,2024-11-07 16:00,99.8075000000,100.1600000000,session,99.4050000000;100.2100000000,-0.003548119594,-0.003748119594,-0.002081989372,45
IGV,2024-11-08,-1,1,1731089400,1731099600,2024-11-08 13:10,2024-11-08 16:00,100.8900000000,101.2400000000,session,100.8900000000,-0.003469124789,-0.003669124789,-0.001016508479,34
IGV,2024-11-11,-1,1,1731340500,1731358800,2024-11-11 10:55,2024-11-11 16:00,103.1900000000,103.5900000000,session,103.1900000000,-0.003876344607,-0.004076344607,-0.001127945014,61
IGV,2024-11-12,-1,1,1731424500,1731445200,2024-11-12 10:15,2024-11-12 16:00,103.8100000000,104.0900000000,session,103.8100000000,-0.002697235334,-0.002897235334,-0.000800590252,69
IGV,2024-11-13,-1,1,1731511800,1731526800,2024-11-13 10:30,2024-11-13 14:40,105.2600000000,104.7400000000,target,105.2600000000,0.004940148204,0.004740148204,0.001308575621,51
IGV,2024-11-14,1,1,1731596700,1731601500,2024-11-14 10:05,2024-11-14 11:25,103.2400000000,103.6600000000,target,103.2400000000,0.004068190624,0.003868190624,0.001069548388,17
IGV,2024-11-14,1,1,1731606600,1731607500,2024-11-14 12:50,2024-11-14 13:05,103.1100000000,103.5400000000,target,103.1100000000,0.004170303559,0.003970303559,0.001097782448,4
IGV,2024-11-14,1,1,1731610800,1731614400,2024-11-14 14:00,2024-11-14 15:00,103.2600000000,103.6700000000,target,103.2600000000,0.003970559752,0.003770559752,0.001042553612,13
IGV,2024-11-15,1,1,1731683400,1731704400,2024-11-15 10:10,2024-11-15 16:00,101.1400000000,101.1300000000,session,101.1400000000,-0.000098872850,-0.000298872850,-0.000082957637,70
IGV,2024-11-19,-1,2,1732030500,1732050000,2024-11-19 10:35,2024-11-19 16:00,101.5390000000,102.5200000000,session,101.1080000000;101.9700000000,-0.009679504062,-0.009879504062,-0.005483928457,65
IGV,2024-11-20,1,1,1732115100,1732117800,2024-11-20 10:05,2024-11-20 10:50,102.2900000000,102.7700000000,target,102.2900000000,0.004692540815,0.004492540815,0.001238650554,10
IGV,2024-11-20,1,1,1732119900,1732121700,2024-11-20 11:25,2024-11-20 11:55,102.3000000000,102.8750000000,target,102.3000000000,0.005620723363,0.005420723363,0.001494562270,7
IGV,2024-11-21,-1,1,1732210200,1732216200,2024-11-21 12:30,2024-11-21 14:10,105.5800000000,105.0500000000,target,105.5800000000,0.005019890131,0.004819890131,0.001333296179,21
IGV,2024-11-22,-1,1,1732295700,1732309200,2024-11-22 12:15,2024-11-22 16:00,105.8000000000,106.0400000000,session,105.8000000000,-0.002268431002,-0.002468431002,-0.000683923740,45
IGV,2024-11-25,1,1,1732551600,1732568400,2024-11-25 11:20,2024-11-25 16:00,106.3700000000,105.7900000000,session,106.3700000000,-0.005452665225,-0.005652665225,-0.001564885127,56
IGV,2024-11-27,1,1,1732721100,1732741200,2024-11-27 10:25,2024-11-27 16:00,104.5800000000,104.3000000000,session,104.5800000000,-0.002677376171,-0.002877376171,-0.000795072553,67
IGV,2024-12-03,-1,1,1733238300,1733259600,2024-12-03 10:05,2024-12-03 16:00,105.3400000000,105.7700000000,session,105.3400000000,-0.004082020125,-0.004282020125,-0.001182066964,71
IGV,2024-12-04,-1,1,1733326800,1733346000,2024-12-04 10:40,2024-12-04 16:00,109.2550000000,109.8800000000,session,109.2550000000,-0.005720561988,-0.005920561988,-0.001632059469,64
IGV,2024-12-06,-1,1,1733506800,1733518800,2024-12-06 12:40,2024-12-06 16:00,110.4600000000,110.0500000000,session,110.4600000000,0.003711750860,0.003511750860,0.000966137209,40
IGV,2024-12-09,1,2,1733757600,1733778000,2024-12-09 10:20,2024-12-09 16:00,108.8150000000,107.7700000000,session,109.2700000000;108.3600000000,-0.009586138832,-0.009786138832,-0.005390940767,68
IGV,2024-12-10,1,1,1733860200,1733864400,2024-12-10 14:50,2024-12-10 16:00,105.9400000000,106.1700000000,session,105.9400000000,0.002171040211,0.001971040211,0.000539356623,14
IGV,2024-12-13,1,1,1734104700,1734123600,2024-12-13 10:45,2024-12-13 16:00,105.7587000000,105.7700000000,session,105.7587000000,0.000106847002,-0.000093152998,-0.000025507190,63
IGV,2024-12-18,1,2,1734549000,1734555600,2024-12-18 14:10,2024-12-18 16:00,104.1550000000,101.1800000000,session,104.8100000000;103.5000000000,-0.028524779368,-0.028724779368,-0.015730371767,22
IGV,2024-12-19,1,1,1734624900,1734625800,2024-12-19 11:15,2024-12-19 11:30,101.6950000000,102.4200000000,target,101.6950000000,0.007129160726,0.006929160726,0.001860953777,4
IGV,2024-12-19,1,1,1734629400,1734634800,2024-12-19 12:30,2024-12-19 14:00,101.7650000000,102.4700000000,target,101.7650000000,0.006927725642,0.006727725642,0.001806854674,19
IGV,2024-12-20,-1,3,1734707700,1734728400,2024-12-20 10:15,2024-12-20 16:00,103.0166666667,103.6200000000,session,101.8500000000;103.0400000000;104.1600000000,-0.005941015994,-0.006141015994,-0.004970373036,69
IGV,2024-12-23,1,1,1734966600,1734972300,2024-12-23 10:10,2024-12-23 11:45,102.0950000000,102.8400000000,target,102.0950000000,0.007297125227,0.007097125227,0.001902982251,20
IGV,2024-12-27,1,1,1735311900,1735333200,2024-12-27 10:05,2024-12-27 16:00,101.8500000000,102.2800000000,session,101.8500000000,0.004221894944,0.004021894944,0.001080958926,71
IGV,2024-12-31,1,1,1735666800,1735678800,2024-12-31 12:40,2024-12-31 16:00,99.9100000000,100.1200000000,session,99.9100000000,0.002101891703,0.001901891703,0.000511853990,40
IGV,2025-01-02,1,1,1735828800,1735829400,2025-01-02 09:40,2025-01-02 09:50,99.8900000000,100.6300000000,target,99.8900000000,0.007408148964,0.007208148964,0.001941150920,3
IGV,2025-01-02,1,1,1735832700,1735851600,2025-01-02 10:45,2025-01-02 16:00,100.0000000000,99.9100000000,session,100.0000000000,-0.000900000000,-0.001100000000,-0.000296229451,63
IGV,2025-01-06,1,1,1736190300,1736197200,2025-01-06 14:05,2025-01-06 16:00,101.0900000000,101.6800000000,session,101.0900000000,0.005836383421,0.005636383421,0.001520965712,23
IGV,2025-01-07,1,2,1736262300,1736283600,2025-01-07 10:05,2025-01-07 16:00,99.6900000000,99.1900000000,session,100.2700000000;99.1100000000,-0.004981867291,-0.005181867291,-0.002801885357,71
IGV,2025-01-17,1,1,1737126900,1737147600,2025-01-17 10:15,2025-01-17 16:00,100.3150000000,100.3200000000,session,100.3150000000,0.000049842995,-0.000150157005,-0.000040455426,69
IGV,2025-01-24,1,1,1737747900,1737752400,2025-01-24 14:45,2025-01-24 16:00,103.6850000000,103.8500000000,session,103.6850000000,0.001591358441,0.001391358441,0.000374842190,15
IGV,2025-01-27,-1,2,1737988800,1738000500,2025-01-27 09:40,2025-01-27 12:55,102.5800000000,101.8000000000,target,102.0000000000;103.1600000000,0.007572094367,0.007372094367,0.003974035061,40
IGV,2025-01-28,-1,2,1738076700,1738098000,2025-01-28 10:05,2025-01-28 16:00,104.4800000000,105.0300000000,session,103.7800000000;105.1800000000,-0.005309291662,-0.005509291662,-0.002984460155,71
IGV,2025-01-29,1,1,1738161900,1738182300,2025-01-29 09:45,2025-01-29 15:25,103.2400000000,103.8800000000,target,103.2400000000,0.006199147617,0.005999147617,0.001618942908,69
IGV,2025-02-03,-1,1,1738598400,1738616400,2025-02-03 11:00,2025-02-03 16:00,102.0200000000,102.4900000000,session,102.0200000000,-0.004606939816,-0.004806939816,-0.001299805194,60
IGV,2025-02-07,1,1,1738956600,1738962000,2025-02-07 14:30,2025-02-07 16:00,104.6650000000,104.6200000000,session,104.6650000000,-0.000429943152,-0.000629943152,-0.000170064830,18
IGV,2025-02-12,-1,1,1739382600,1739394000,2025-02-12 12:50,2025-02-12 16:00,104.9650000000,104.9600000000,session,104.9650000000,0.000047634926,-0.000152365074,-0.000041125138,38
IGV,2025-02-19,1,1,1739976600,1739998800,2025-02-19 09:50,2025-02-19 16:00,106.3900000000,105.9400000000,session,106.3900000000,-0.004229720838,-0.004429720838,-0.001195573407,74
IGV,2025-02-20,1,2,1740063300,1740081900,2025-02-20 09:55,2025-02-20 15:05,103.3050000000,103.9100000000,target,103.7100000000;102.9000000000,0.005871904529,0.005671904529,0.003057152159,63
IGV,2025-02-20,1,1,1740082200,1740085200,2025-02-20 15:10,2025-02-20 16:00,103.8100000000,104.0000000000,session,103.8100000000,0.001830266834,0.001630266834,0.000439356282,10
IGV,2025-02-21,1,3,1740150900,1740171600,2025-02-21 10:15,2025-02-21 16:00,101.7550000000,100.4500000000,session,102.9950000000;101.7400000000;100.5300000000,-0.012728366179,-0.012928366179,-0.010497773214,69
IGV,2025-02-24,1,2,1740408300,1740416700,2025-02-24 09:45,2025-02-24 12:05,98.8050000000,99.4500000000,target,99.4700000000;98.1400000000,0.006573606161,0.006373606161,0.003405619927,29
IGV,2025-02-24,1,1,1740417000,1740421200,2025-02-24 12:10,2025-02-24 13:20,99.4000000000,100.0400000000,target,99.4000000000,0.006438631791,0.006238631791,0.001666749420,15
IGV,2025-02-24,1,1,1740425400,1740430800,2025-02-24 14:30,2025-02-24 16:00,99.5400000000,99.2000000000,session,99.5400000000,-0.003415712276,-0.003615712276,-0.000965994875,18
IGV,2025-02-25,1,1,1740495900,1740506400,2025-02-25 10:05,2025-02-25 13:00,97.1200000000,97.8750000000,target,97.1200000000,0.007773887974,0.007573887974,0.002033851358,36
IGV,2025-02-27,1,1,1740668100,1740669900,2025-02-27 09:55,2025-02-27 10:25,98.0650000000,98.7600000000,target,98.0650000000,0.007087136083,0.006887136083,0.001854103816,7
IGV,2025-02-27,1,1,1740671700,1740673200,2025-02-27 10:55,2025-02-27 11:20,98.4600000000,99.1600000000,target,98.4600000000,0.007109486086,0.006909486086,0.001860120719,6
IGV,2025-02-27,1,2,1740676500,1740690000,2025-02-27 12:15,2025-02-27 16:00,97.7350000000,96.3300000000,session,98.4600000000;97.0100000000,-0.014321368579,-0.014521368579,-0.007818670802,45
IGV,2025-03-03,1,2,1741025700,1741035600,2025-03-03 13:15,2025-03-03 16:00,96.6655000000,95.6300000000,session,97.3110000000;96.0200000000,-0.010668082720,-0.010868082720,-0.005821911320,33
IGV,2025-03-04,1,1,1741101600,1741103100,2025-03-04 10:20,2025-03-04 10:45,93.0800000000,93.7800000000,target,93.0800000000,0.007520412548,0.007320412548,0.001946525623,6
IGV,2025-03-04,1,1,1741105800,1741107000,2025-03-04 11:30,2025-03-04 11:50,92.9700000000,93.6700000000,target,92.9700000000,0.007529310530,0.007329310530,0.001948891630,5
IGV,2025-03-04,-1,1,1741116300,1741122000,2025-03-04 14:25,2025-03-04 16:00,96.1700000000,95.4400000000,session,96.1700000000,0.007590724758,0.007390724758,0.001965221908,19
IGV,2025-03-05,-1,1,1741201500,1741208400,2025-03-05 14:05,2025-03-05 16:00,96.6350000000,97.1000000000,session,96.6350000000,-0.004811921147,-0.005011921147,-0.001342479973,23
IGV,2025-03-06,1,1,1741286400,1741294800,2025-03-06 13:40,2025-03-06 16:00,93.8200000000,93.4400000000,session,93.8200000000,-0.004050309103,-0.004250309103,-0.001136574596,28
IGV,2025-03-07,1,1,1741365000,1741370100,2025-03-07 11:30,2025-03-07 12:55,91.4800000000,92.2700000000,target,91.4800000000,0.008635767381,0.008435767381,0.002252611481,18
IGV,2025-03-10,1,2,1741617000,1741636800,2025-03-10 10:30,2025-03-10 16:00,88.8450000000,88.6800000000,session,89.6000000000;88.0900000000,-0.001785080802,-0.001985080802,-0.001063137339,66
IGV,2025-03-11,-1,1,1741707900,1741712700,2025-03-11 11:45,2025-03-11 13:05,89.9900000000,89.1400000000,target,89.9900000000,0.009445493944,0.009245493944,0.002472499342,17
IGV,2025-03-11,-1,1,1741717500,1741723200,2025-03-11 14:25,2025-03-11 16:00,89.9300000000,89.5400000000,session,89.9300000000,0.004336706327,0.004136706327,0.001106269036,19
IGV,2025-03-13,1,1,1741874100,1741896000,2025-03-13 09:55,2025-03-13 16:00,88.6800000000,88.3000000000,session,88.6800000000,-0.004285069914,-0.004485069914,-0.001204781381,73
IGV,2025-03-14,-1,1,1741964700,1741982400,2025-03-14 11:05,2025-03-14 16:00,91.2400000000,91.6600000000,session,91.2400000000,-0.004603244191,-0.004803244191,-0.001288320538,59
IGV,2025-03-17,-1,1,1742236200,1742241600,2025-03-17 14:30,2025-03-17 16:00,93.3750000000,92.8700000000,session,93.3750000000,0.005408299866,0.005208299866,0.001394727444,18
IGV,2025-03-26,1,1,1743000300,1743019200,2025-03-26 10:45,2025-03-26 16:00,94.6900000000,94.0900000000,session,94.6900000000,-0.006336466364,-0.006536466364,-0.001753435203,63
IGV,2025-03-28,1,1,1743171300,1743192000,2025-03-28 10:15,2025-03-28 16:00,90.7000000000,89.8700000000,session,90.7000000000,-0.009151047409,-0.009351047409,-0.002502993183,69
IGV,2025-04-02,-1,2,1743601500,1743624000,2025-04-02 09:45,2025-04-02 16:00,90.9900000000,91.5200000000,session,90.2600000000;91.7200000000,-0.005889561280,-0.006089561280,-0.003249822131,75
IGV,2025-04-04,1,1,1743777000,1743779100,2025-04-04 10:30,2025-04-04 11:05,82.0300000000,83.0900000000,target,82.0300000000,0.012922101670,0.012722101670,0.003380926705,8
IGV,2025-04-04,1,1,1743783600,1743796800,2025-04-04 12:20,2025-04-04 16:00,82.1700000000,81.3000000000,session,82.1700000000,-0.010587805769,-0.010787805769,-0.002866883284,44
IGV,2025-04-07,-1,3,1744034400,1744035900,2025-04-07 10:00,2025-04-07 10:25,82.1566666667,81.2500000000,target,79.8400000000;83.3100000000;83.3200000000,0.010636859311,0.010436859311,0.008326220455,6
IGV,2025-04-07,-1,2,1744036200,1744038900,2025-04-07 10:30,2025-04-07 11:15,81.1350000000,79.9800000000,target,80.1400000000;82.1300000000,0.014087258293,0.013887258293,0.007385898421,10
IGV,2025-04-07,-1,2,1744039200,1744042200,2025-04-07 11:20,2025-04-07 12:10,80.7300000000,79.7800000000,target,80.1500000000;81.3100000000,0.011716609024,0.011516609024,0.006125075419,11
IGV,2025-04-07,-1,2,1744042500,1744056000,2025-04-07 12:15,2025-04-07 16:00,80.5100000000,81.2500000000,session,79.9800000000;81.0400000000,-0.009235141337,-0.009435141337,-0.005018052810,45
IGV,2025-04-08,1,2,1744129500,1744142400,2025-04-08 12:25,2025-04-08 16:00,81.6150000000,80.1500000000,session,82.5400000000;80.6900000000,-0.017823968478,-0.018023968478,-0.009788094297,43
IGV,2025-04-09,-1,3,1744218300,1744228800,2025-04-09 13:05,2025-04-09 16:00,84.9800000000,89.4900000000,session,82.1700000000;85.5400000000;87.2300000000,-0.053723117299,-0.053923117299,-0.043397418479,35
IGV,2025-04-10,1,1,1744301100,1744307700,2025-04-10 12:05,2025-04-10 13:55,84.8500000000,86.2900000000,target,84.8500000000,0.016971125516,0.016771125516,0.004256535799,23
IGV,2025-04-21,1,1,1745255100,1745265600,2025-04-21 13:05,2025-04-21 16:00,83.2400000000,83.9100000000,session,83.2400000000,0.008049014897,0.007849014897,0.002003227818,35
IGV,2025-04-24,-1,1,1745503500,1745524800,2025-04-24 10:05,2025-04-24 16:00,92.0200000000,93.2000000000,session,92.0200000000,-0.012823299283,-0.013023299283,-0.003332506364,71
IGV,2025-05-08,-1,1,1746729600,1746734400,2025-05-08 14:40,2025-05-08 16:00,101.2700000000,100.4100000000,session,101.2700000000,0.008492149699,0.008292149699,0.002112650616,16
IGV,2025-05-13,-1,1,1747150500,1747166400,2025-05-13 11:35,2025-05-13 16:00,104.7600000000,104.7300000000,session,104.7600000000,0.000286368843,0.000086368843,0.000022065634,53
IGV,2025-05-19,-1,1,1747674300,1747684800,2025-05-19 13:05,2025-05-19 16:00,105.1900000000,104.9400000000,session,105.1900000000,0.002376651773,0.002176651773,0.000556110071,35
IGV,2025-05-21,1,1,1747855200,1747857600,2025-05-21 15:20,2025-05-21 16:00,101.9950000000,102.1700000000,session,101.9950000000,0.001715770381,0.001515770381,0.000387543280,8
IGV,2025-05-29,1,1,1748526000,1748548800,2025-05-29 09:40,2025-05-29 16:00,102.4900000000,102.3500000000,session,102.4900000000,-0.001365986926,-0.001565986926,-0.000400584647,76
IGV,2025-06-05,-1,1,1749136800,1749141900,2025-06-05 11:20,2025-06-05 12:45,106.2700000000,105.5000000000,target,106.2700000000,0.007245694928,0.007045694928,0.001801371321,18
IGV,2025-06-12,-1,1,1749744900,1749758400,2025-06-12 12:15,2025-06-12 16:00,107.4000000000,107.0400000000,session,107.4000000000,0.003351955307,0.003151955307,0.000807752356,45
IGV,2025-06-13,-1,1,1749828600,1749839400,2025-06-13 11:30,2025-06-13 14:30,106.8500000000,106.1400000000,target,106.8500000000,0.006644829200,0.006444829200,0.001653353228,37
IGV,2025-06-18,1,1,1750268100,1750271400,2025-06-18 13:35,2025-06-18 14:30,105.6600000000,106.2200000000,target,105.6600000000,0.005300018929,0.005100018929,0.001311166991,12
IGV,2025-06-20,1,1,1750436100,1750449600,2025-06-20 12:15,2025-06-20 16:00,105.5100000000,105.1100000000,session,105.5100000000,-0.003791109847,-0.003991109847,-0.001027821213,45
IGV,2025-06-23,-1,1,1750700400,1750708800,2025-06-23 13:40,2025-06-23 16:00,106.1400000000,106.3700000000,session,106.1400000000,-0.002166949312,-0.002366949312,-0.000608744004,28
IGV,2025-06-27,1,1,1751049600,1751054400,2025-06-27 14:40,2025-06-27 16:00,108.0400000000,107.7800000000,session,108.0400000000,-0.002406516105,-0.002606516105,-0.000669828104,16
IGV,2025-07-01,1,1,1751381400,1751400000,2025-07-01 10:50,2025-07-01 16:00,108.2100000000,108.2400000000,session,108.2100000000,0.000277238703,0.000077238703,0.000019831722,62
IGV,2025-07-03,-1,1,1751551500,1751562300,2025-07-03 10:05,2025-07-03 13:05,110.9200000000,111.2700000000,session,110.9200000000,-0.003155427335,-0.003355427335,-0.000861557914,36
IGV,2025-07-10,1,2,1752155100,1752177600,2025-07-10 09:45,2025-07-10 16:00,109.7550000000,109.1500000000,session,110.3900000000;109.1200000000,-0.005478987422,-0.005678987422,-0.002913074024,75
IGV,2025-07-14,-1,1,1752503100,1752523200,2025-07-14 10:25,2025-07-14 16:00,108.6900000000,109.0500000000,session,108.6900000000,-0.003312172233,-0.003512172233,-0.000897385541,67
IGV,2025-07-16,1,1,1752680400,1752681000,2025-07-16 11:40,2025-07-16 11:50,108.3100000000,108.8800000000,target,108.3100000000,0.005262671960,0.005062671960,0.001292035104,3
IGV,2025-07-17,-1,1,1752763500,1752782400,2025-07-17 10:45,2025-07-17 16:00,110.9450000000,111.3100000000,session,110.9450000000,-0.003289918428,-0.003489918428,-0.000892158630,63
IGV,2025-07-18,1,1,1752856500,1752868800,2025-07-18 12:35,2025-07-18 16:00,110.6300000000,111.0600000000,session,110.6300000000,0.003886829974,0.003686829974,0.000941400453,41
IGV,2025-07-22,1,1,1753192500,1753193400,2025-07-22 09:55,2025-07-22 10:10,109.9600000000,110.5600000000,target,109.9600000000,0.005456529647,0.005256529647,0.001343859318,4
IGV,2025-07-25,-1,1,1753460700,1753473600,2025-07-25 12:25,2025-07-25 16:00,112.9400000000,112.6900000000,session,112.9400000000,0.002213564725,0.002013564725,0.000515680344,43
IGV,2025-07-29,-1,1,1753796100,1753797000,2025-07-29 09:35,2025-07-29 09:50,114.8300000000,114.3900000000,target,114.8300000000,0.003831751285,0.003631751285,0.000930727354,4
IGV,2025-07-29,1,1,1753803000,1753819200,2025-07-29 11:30,2025-07-29 16:00,112.9400000000,113.0100000000,session,112.9400000000,0.000619798123,0.000419798123,0.000107583798,54
IGV,2025-07-31,1,2,1753968900,1753992000,2025-07-31 09:35,2025-07-31 16:00,112.6050000000,111.6600000000,session,112.9000000000;112.3100000000,-0.008385361629,-0.008585361629,-0.004406371341,77
IGV,2025-08-01,1,2,1754055900,1754058000,2025-08-01 09:45,2025-08-01 10:20,108.6250000000,109.1680000000,target,108.9200000000;108.3300000000,0.005006261556,0.004806261556,0.002452658285,8
IGV,2025-08-01,1,1,1754060100,1754064300,2025-08-01 10:55,2025-08-01 12:05,109.2250000000,109.8600000000,target,109.2250000000,0.005813687343,0.005613687343,0.001432345765,15
IGV,2025-08-01,1,1,1754067300,1754078400,2025-08-01 12:55,2025-08-01 16:00,109.2900000000,108.6300000000,session,109.2900000000,-0.006038978864,-0.006238978864,-0.001591890394,37
IGV,2025-08-04,-1,1,1754326200,1754337600,2025-08-04 12:50,2025-08-04 16:00,110.7500000000,110.9800000000,session,110.7500000000,-0.002076749436,-0.002276749436,-0.000582658351,38
IGV,2025-08-05,1,1,1754405400,1754424000,2025-08-05 10:50,2025-08-05 16:00,110.6300000000,110.5500000000,session,110.6300000000,-0.000723131158,-0.000923131158,-0.000236065450,62
IGV,2025-08-07,1,3,1754575800,1754596800,2025-08-07 10:10,2025-08-07 16:00,110.0216666667,109.6000000000,session,111.2500000000;109.9150000000;108.9000000000,-0.003756465347,-0.003956465347,-0.003034338188,70
IGV,2025-08-13,1,1,1755107400,1755115200,2025-08-13 13:50,2025-08-13 16:00,109.1600000000,109.5400000000,session,109.1600000000,0.003481128619,0.003281128619,0.000835481692,26
IGV,2025-08-19,1,3,1755611100,1755633600,2025-08-19 09:45,2025-08-19 16:00,107.4300000000,106.5800000000,session,108.4700000000;107.4100000000;106.4100000000,-0.007851326018,-0.008051326018,-0.006157112410,75
IGV,2025-08-20,1,1,1755699000,1755703200,2025-08-20 10:10,2025-08-20 11:20,104.8150000000,105.4300000000,target,104.8150000000,0.005867480800,0.005667480800,0.001433070889,15
IGV,2025-08-22,-1,2,1755871500,1755892800,2025-08-22 10:05,2025-08-22 16:00,107.2750000000,107.4600000000,session,106.7400000000;107.8100000000,-0.001749455236,-0.001949455236,-0.000987735259,71
IGV,2025-08-28,-1,1,1756397700,1756411200,2025-08-28 12:15,2025-08-28 16:00,108.7200000000,109.0900000000,session,108.7200000000,-0.003403237675,-0.003603237675,-0.000911644281,45
IGV,2025-08-29,1,1,1756476300,1756497600,2025-08-29 10:05,2025-08-29 16:00,108.1300000000,108.1000000000,session,108.1300000000,-0.000277443818,-0.000477443818,-0.000120651532,71
IGV,2025-09-02,-1,1,1756821300,1756826400,2025-09-02 09:55,2025-09-02 11:20,107.1600000000,106.5900000000,target,107.1600000000,0.005319148936,0.005119148936,0.001293418918,18
IGV,2025-09-02,-1,1,1756835100,1756843200,2025-09-02 13:45,2025-09-02 16:00,107.0850000000,107.2700000000,session,107.0850000000,-0.001727599570,-0.001927599570,-0.000487032861,27
IGV,2025-09-04,1,1,1756994100,1756996200,2025-09-04 09:55,2025-09-04 10:30,105.4600000000,105.9600000000,target,105.4600000000,0.004741134079,0.004541134079,0.001148596655,8
IGV,2025-09-05,1,1,1757082300,1757095800,2025-09-05 10:25,2025-09-05 14:10,107.1000000000,107.6500000000,target,107.1000000000,0.005135387488,0.004935387488,0.001250205421,46
IGV,2025-09-10,1,1,1757530200,1757534400,2025-09-10 14:50,2025-09-10 16:00,112.2450000000,112.2400000000,session,112.2450000000,-0.000044545414,-0.000244545414,-0.000062048820,14
IGV,2025-09-12,1,1,1757695200,1757707200,2025-09-12 12:40,2025-09-12 16:00,111.6000000000,111.6700000000,session,111.6000000000,0.000627240143,0.000427240143,0.000108395351,40
IGV,2025-09-16,1,1,1758036600,1758052800,2025-09-16 11:30,2025-09-16 16:00,112.3900000000,112.7200000000,session,112.3900000000,0.002936204289,0.002736204289,0.000694302880,54
IGV,2025-09-17,1,1,1758135300,1758135600,2025-09-17 14:55,2025-09-17 15:00,111.8200000000,112.6100000000,target,111.8200000000,0.007064925774,0.006864925774,0.001743541218,2
IGV,2025-09-18,-1,1,1758204600,1758225600,2025-09-18 10:10,2025-09-18 16:00,115.3700000000,115.3700000000,session,115.3700000000,0.000000000000,-0.000200000000,-0.000050911868,70
IGV,2025-09-22,-1,1,1758560700,1758571200,2025-09-22 13:05,2025-09-22 16:00,117.6000000000,117.7900000000,session,117.6000000000,-0.001615646259,-0.001815646259,-0.000462158902,35
IGV,2025-09-23,1,1,1758648600,1758657600,2025-09-23 13:30,2025-09-23 16:00,116.6800000000,116.4000000000,session,116.6800000000,-0.002399725746,-0.002599725746,-0.000661339857,30
IGV,2025-09-24,1,1,1758726600,1758744000,2025-09-24 11:10,2025-09-24 16:00,115.6600000000,115.2200000000,session,115.6600000000,-0.003804253847,-0.004004253847,-0.001017752673,58
IGV,2025-09-30,1,1,1759242300,1759262400,2025-09-30 10:25,2025-09-30 16:00,114.9350000000,115.0100000000,session,114.9350000000,0.000652542742,0.000452542742,0.000114868299,67
IGV,2025-10-03,1,1,1759514100,1759515900,2025-10-03 13:55,2025-10-03 14:25,114.6050000000,115.1200000000,target,114.6050000000,0.004493695738,0.004293695738,0.001090027265,7
IGV,2025-10-06,-1,1,1759772100,1759777800,2025-10-06 13:35,2025-10-06 15:10,117.0000000000,116.5100000000,target,117.0000000000,0.004188034188,0.003988034188,0.001013878934,20
IGV,2025-10-07,1,2,1759849500,1759867200,2025-10-07 11:05,2025-10-07 16:00,114.0650000000,114.3700000000,session,114.5100000000;113.6200000000,0.002689174945,0.002489174945,0.001267329625,59
IGV,2025-10-08,-1,1,1759950600,1759953600,2025-10-08 15:10,2025-10-08 16:00,115.6200000000,115.6900000000,session,115.6200000000,-0.000605431586,-0.000805431586,-0.000205377527,10
IGV,2025-10-10,1,3,1760108700,1760126400,2025-10-10 11:05,2025-10-10 16:00,113.6133333333,112.0900000000,session,114.3100000000;113.5300000000;113.0000000000,-0.013385947505,-0.013585947505,-0.010390078677,59
IGV,2025-10-13,-1,1,1760379300,1760385600,2025-10-13 14:15,2025-10-13 16:00,114.5700000000,114.6400000000,session,114.5700000000,-0.000610980187,-0.000810980187,-0.000203928133,21
IGV,2025-10-14,1,1,1760449500,1760450400,2025-10-14 09:45,2025-10-14 10:00,111.8000000000,112.5700000000,target,111.8000000000,0.006887298748,0.006687298748,0.001681125779,4
IGV,2025-10-14,-1,1,1760460300,1760472000,2025-10-14 12:45,2025-10-14 16:00,114.2900000000,113.5900000000,session,114.2900000000,0.006124770321,0.005924770321,0.001489433103,39
IGV,2025-10-15,1,1,1760547900,1760558400,2025-10-15 13:05,2025-10-15 16:00,113.2700000000,113.2900000000,session,113.2700000000,0.000176569259,-0.000023430741,-0.000005915037,35
IGV,2025-10-16,1,1,1760631600,1760634600,2025-10-16 12:20,2025-10-16 13:10,113.2000000000,113.7500000000,target,113.2000000000,0.004858657244,0.004658657244,0.001176058178,11
IGV,2025-10-16,1,1,1760637900,1760644800,2025-10-16 14:05,2025-10-16 16:00,113.1400000000,112.8000000000,session,113.1400000000,-0.003005126392,-0.003205126392,-0.000809120506,23
IGV,2025-10-21,-1,1,1761058800,1761076800,2025-10-21 11:00,2025-10-21 16:00,115.0900000000,115.0100000000,session,115.0900000000,0.000695108176,0.000495108176,0.000125048508,60
IGV,2025-10-22,1,1,1761144300,1761145500,2025-10-22 10:45,2025-10-22 11:05,113.7400000000,114.4100000000,target,113.7400000000,0.005890627747,0.005690627747,0.001437507973,5
IGV,2025-10-22,1,1,1761147000,1761163200,2025-10-22 11:30,2025-10-22 16:00,113.6200000000,113.5100000000,session,113.6200000000,-0.000968139412,-0.001168139412,-0.000295083389,54
IGV,2025-10-23,-1,1,1761235800,1761249600,2025-10-23 12:10,2025-10-23 16:00,114.5300000000,114.7900000000,session,114.5300000000,-0.002270147560,-0.002470147560,-0.000624923976,46
IGV,2025-10-29,1,1,1761763200,1761768000,2025-10-29 14:40,2025-10-29 16:00,114.6100000000,115.2200000000,session,114.6100000000,0.005322397697,0.005122397697,0.001294851145,16
IGV,2025-10-30,-1,1,1761832500,1761851100,2025-10-30 09:55,2025-10-30 15:05,115.3000000000,114.6300000000,target,115.3000000000,0.005810928014,0.005610928014,0.001420764703,63
IGV,2025-11-03,1,1,1762183200,1762195200,2025-11-03 10:20,2025-11-03 13:40,114.8900000000,115.5550000000,target,114.8900000000,0.005788145182,0.005588145182,0.001417642254,41
IGV,2025-11-04,1,1,1762276800,1762290000,2025-11-04 12:20,2025-11-04 16:00,112.1700000000,112.0000000000,session,112.1700000000,-0.001515556744,-0.001715556744,-0.000436025883,44
IGV,2025-11-06,1,2,1762441200,1762457700,2025-11-06 10:00,2025-11-06 14:35,109.5300000000,110.1100000000,target,109.9600000000;109.1000000000,0.005310847141,0.005110847141,0.002596460065,56
IGV,2025-11-06,1,1,1762458000,1762462800,2025-11-06 14:40,2025-11-06 16:00,110.1000000000,109.3100000000,session,110.1000000000,-0.007175295186,-0.007375295186,-0.001873433003,16
IGV,2025-11-07,-1,1,1762544700,1762549200,2025-11-07 14:45,2025-11-07 16:00,109.3100000000,109.4800000000,session,109.3100000000,-0.001555209953,-0.001755209953,-0.000446272058,15
IGV,2025-11-12,1,1,1762961700,1762981200,2025-11-12 10:35,2025-11-12 16:00,110.0950000000,109.8500000000,session,110.0950000000,-0.002225350833,-0.002425350833,-0.000616298378,65
IGV,2025-11-13,1,2,1763051100,1763067600,2025-11-13 11:25,2025-11-13 16:00,107.3150000000,106.8400000000,session,107.8800000000;106.7500000000,-0.004398624892,-0.004598624892,-0.002335195203,55
IGV,2025-11-14,-1,2,1763132400,1763154000,2025-11-14 10:00,2025-11-14 16:00,107.0050000000,107.4400000000,session,106.4100000000;107.6000000000,-0.004096276274,-0.004296276274,-0.002174973259,72
IGV,2025-11-17,1,1,1763406300,1763413200,2025-11-17 14:05,2025-11-17 16:00,105.4200000000,105.4900000000,session,105.4200000000,0.000664010624,0.000464010624,0.000117115389,23
IGV,2025-11-20,1,3,1763655300,1763672400,2025-11-20 11:15,2025-11-20 16:00,102.9500000000,100.8000000000,session,104.2000000000;102.9700000000;101.6800000000,-0.020786086823,-0.020986086823,-0.015893001630,57
IGV,2025-11-21,1,1,1763739600,1763742900,2025-11-21 10:40,2025-11-21 11:35,99.1800000000,99.9000000000,target,99.1800000000,0.007259528131,0.007059528131,0.001744687883,12
IGV,2025-11-25,-1,1,1764090600,1764104400,2025-11-25 12:10,2025-11-25 16:00,102.8750000000,103.1900000000,session,102.8750000000,-0.003061968408,-0.003261968408,-0.000808058110,46
IGV,2025-11-26,1,1,1764170700,1764174000,2025-11-26 10:25,2025-11-26 11:20,102.4450000000,103.1700000000,target,102.4450000000,0.007076968129,0.006876968129,0.001701717163,12
IGV,2025-12-01,-1,1,1764611100,1764622800,2025-12-01 12:45,2025-12-01 16:00,104.4600000000,104.0700000000,session,104.4600000000,0.003733486502,0.003533486502,0.000876371424,39
IGV,2025-12-03,-1,1,1764779700,1764795600,2025-12-03 11:35,2025-12-03 16:00,105.8700000000,106.6800000000,session,105.8700000000,-0.007650892604,-0.007850892604,-0.001949463154,53
IGV,2025-12-05,-1,1,1764947700,1764952500,2025-12-05 10:15,2025-12-05 11:35,109.7100000000,109.0900000000,target,109.7100000000,0.005651262419,0.005451262419,0.001350066189,17
IGV,2025-12-09,-1,1,1765296300,1765314000,2025-12-09 11:05,2025-12-09 16:00,110.1800000000,109.9500000000,session,110.1800000000,0.002087493193,0.001887493193,0.000468308242,59
IGV,2025-12-11,-1,1,1765474500,1765486800,2025-12-11 12:35,2025-12-11 16:00,109.6850000000,109.7800000000,session,109.6850000000,-0.000866116607,-0.001066116607,-0.000264681917,41
IGV,2025-12-12,1,1,1765555200,1765573200,2025-12-12 11:00,2025-12-12 16:00,108.2900000000,107.9700000000,session,108.2900000000,-0.002955028165,-0.003155028165,-0.000783012041,60
IGV,2025-12-15,1,1,1765810500,1765832400,2025-12-15 09:55,2025-12-15 16:00,106.4500000000,105.3900000000,session,106.4500000000,-0.009957726632,-0.010157726632,-0.002518284215,73
IGV,2025-12-16,-1,1,1765897200,1765898400,2025-12-16 10:00,2025-12-16 10:20,106.1600000000,105.5750000000,target,106.1600000000,0.005510550113,0.005310550113,0.001312123631,5
IGV,2025-12-16,-1,1,1765915500,1765918800,2025-12-16 15:05,2025-12-16 16:00,106.1650000000,106.3100000000,session,106.1650000000,-0.001365798521,-0.001565798521,-0.000386875408,11
IGV,2025-12-17,1,1,1766000100,1766005200,2025-12-17 14:35,2025-12-17 16:00,105.1050000000,104.7000000000,session,105.1050000000,-0.003853289568,-0.004053289568,-0.001002731474,17
IGV,2025-12-31,1,1,1767209700,1767214800,2025-12-31 14:35,2025-12-31 16:00,106.1400000000,105.6900000000,session,106.1400000000,-0.004239683437,-0.004439683437,-0.001096836389,17
IGV,2026-01-02,1,3,1767364500,1767387600,2026-01-02 09:35,2026-01-02 16:00,104.4597666667,102.6200000000,session,105.2493000000;104.6400000000;103.4900000000,-0.017564176504,-0.017764176504,-0.013146586215,77
IGV,2026-01-05,-1,1,1767633000,1767636600,2026-01-05 12:10,2026-01-05 13:10,104.5500000000,103.9200000000,target,104.5500000000,0.006025824964,0.005825824964,0.001411626690,13
IGV,2026-01-06,-1,1,1767726900,1767733200,2026-01-06 14:15,2026-01-06 16:00,104.6250000000,104.9200000000,session,104.6250000000,-0.002819593787,-0.003019593787,-0.000733083608,21
IGV,2026-01-07,-1,2,1767801000,1767819600,2026-01-07 10:50,2026-01-07 16:00,106.6050000000,106.2400000000,session,106.1000000000;107.1100000000,0.003401490500,0.003201490500,0.001552922733,62
IGV,2026-01-08,1,1,1767883500,1767885900,2026-01-08 09:45,2026-01-08 10:25,104.3650000000,104.9000000000,target,104.3650000000,0.005126239640,0.004926239640,0.001197316886,9
IGV,2026-01-08,1,1,1767887700,1767894300,2026-01-08 10:55,2026-01-08 12:45,104.4400000000,104.9850000000,target,104.4400000000,0.005218307162,0.005018307162,0.001219693792,23
IGV,2026-01-08,1,1,1767898500,1767906000,2026-01-08 13:55,2026-01-08 16:00,104.5150000000,104.4400000000,session,104.5150000000,-0.000717600344,-0.000917600344,-0.000223021710,25
IGV,2026-01-12,-1,1,1768248000,1768251600,2026-01-12 15:00,2026-01-12 16:00,105.5400000000,105.3500000000,session,105.5400000000,0.001800265302,0.001600265302,0.000390112965,12
IGV,2026-01-13,1,1,1768317900,1768338000,2026-01-13 10:25,2026-01-13 16:00,103.8200000000,103.3500000000,session,103.8200000000,-0.004527066076,-0.004727066076,-0.001152979721,67
IGV,2026-01-14,1,1,1768402800,1768403700,2026-01-14 10:00,2026-01-14 10:15,101.7600000000,102.3100000000,target,101.7600000000,0.005404874214,0.005204874214,0.001267521637,4
IGV,2026-01-14,1,2,1768404900,1768424400,2026-01-14 10:35,2026-01-14 16:00,101.1675000000,101.0700000000,session,101.6900000000;100.6450000000,-0.000937099088,-0.001137099088,-0.000553826140,65
IGV,2026-01-15,1,1,1768503900,1768510800,2026-01-15 14:05,2026-01-15 16:00,100.3650000000,99.7800000000,session,100.3650000000,-0.005828725153,-0.006028725153,-0.001469584896,23
IGV,2026-01-16,1,1,1768574700,1768582200,2026-01-16 09:45,2026-01-16 11:50,98.7250000000,99.3450000000,target,98.7250000000,0.006280070904,0.006080070904,0.001479122738,26
IGV,2026-01-16,1,1,1768584600,1768597200,2026-01-16 12:30,2026-01-16 16:00,98.8500000000,98.3100000000,session,98.8500000000,-0.005462822458,-0.005662822458,-0.001377617069,42
IGV,2026-01-21,1,1,1769013600,1769024400,2026-01-21 11:40,2026-01-21 14:40,94.9650000000,95.5600000000,target,94.9650000000,0.006265466224,0.006065466224,0.001475775026,37
IGV,2026-01-23,-1,1,1769184000,1769199000,2026-01-23 11:00,2026-01-23 15:10,98.1000000000,97.5200000000,target,98.1000000000,0.005912334353,0.005712334353,0.001392665340,51
IGV,2026-01-26,-1,1,1769441700,1769461200,2026-01-26 10:35,2026-01-26 16:00,99.1450000000,98.8100000000,session,99.1450000000,0.003378889505,0.003178889505,0.000776487983,65
IGV,2026-01-27,1,1,1769524800,1769547600,2026-01-27 09:40,2026-01-27 16:00,97.9700000000,97.7600000000,session,97.9700000000,-0.002143513320,-0.002343513320,-0.000573042299,76
IGV,2026-01-29,1,3,1769697300,1769720400,2026-01-29 09:35,2026-01-29 16:00,92.1400000000,92.2700000000,session,93.3000000000;92.0700000000;91.0500000000,0.001510611469,0.001310611469,0.000960671888,77
IGV,2026-01-30,1,1,1769790300,1769806800,2026-01-30 11:25,2026-01-30 16:00,90.6400000000,90.3100000000,session,90.6400000000,-0.003640776699,-0.003840776699,-0.000939653510,55
IGV,2026-02-02,1,1,1770061200,1770066000,2026-02-02 14:40,2026-02-02 16:00,89.7900000000,89.5200000000,session,89.7900000000,-0.003007016372,-0.003207016372,-0.000783598315,16
IGV,2026-02-03,1,3,1770129300,1770152400,2026-02-03 09:35,2026-02-03 16:00,86.5800000000,85.3900000000,session,87.9400000000;86.4100000000;85.3900000000,-0.013600410923,-0.013800410923,-0.010105110757,77
IGV,2026-02-04,1,1,1770216600,1770218100,2026-02-04 09:50,2026-02-04 10:15,82.5300000000,83.4000000000,target,82.5300000000,0.010541621229,0.010341621229,0.002489322987,6
IGV,2026-02-04,1,1,1770226800,1770233100,2026-02-04 12:40,2026-02-04 14:25,82.5800000000,83.3900000000,target,82.5800000000,0.009808670380,0.009608670380,0.002312895002,22
IGV,2026-02-05,1,1,1770304500,1770309300,2026-02-05 10:15,2026-02-05 11:35,81.1800000000,82.0250000000,target,81.1800000000,0.010408967726,0.010208967726,0.002473733970,17
IGV,2026-02-05,1,2,1770314100,1770325200,2026-02-05 12:55,2026-02-05 16:00,80.6870500000,79.6700000000,session,81.4600000000;79.9141000000,-0.012514252379,-0.012714252379,-0.006161578498,37
IGV,2026-02-09,-1,1,1770652500,1770670800,2026-02-09 10:55,2026-02-09 16:00,84.3900000000,85.0600000000,session,84.3900000000,-0.007939329304,-0.008139329304,-0.001962234560,61
IGV,2026-02-11,1,2,1770821700,1770843600,2026-02-11 09:55,2026-02-11 16:00,82.7950000000,83.2300000000,session,83.5100000000;82.0800000000,0.005328914689,0.005128914689,0.002466254450,73
IGV,2026-02-12,1,1,1770911700,1770930000,2026-02-12 10:55,2026-02-12 16:00,81.0100000000,80.9600000000,session,81.0100000000,-0.000617207752,-0.000817207752,-0.000197150248,61
IGV,2026-02-13,-1,1,1771003500,1771016400,2026-02-13 12:25,2026-02-13 16:00,83.2150000000,82.7700000000,session,83.2150000000,0.005347593583,0.005147593583,0.001241511602,43
IGV,2026-02-17,1,1,1771341000,1771362000,2026-02-17 10:10,2026-02-17 16:00,80.4300000000,80.9600000000,session,80.4300000000,0.006589581002,0.006389581002,0.001543701989,70
IGV,2026-02-18,-1,1,1771430700,1771444800,2026-02-18 11:05,2026-02-18 15:00,82.6400000000,81.7650000000,target,82.6400000000,0.010588092933,0.010388092933,0.002515074840,48
IGV,2026-02-20,-1,1,1771599900,1771604700,2026-02-20 10:05,2026-02-20 11:25,82.8700000000,82.0800000000,target,82.8700000000,0.009533003499,0.009333003499,0.002267450151,17
IGV,2026-02-23,1,1,1771857600,1771880400,2026-02-23 09:40,2026-02-23 16:00,77.8900000000,76.9400000000,session,77.8900000000,-0.012196687636,-0.012396687636,-0.003021140834,76
IGV,2026-02-24,-1,1,1771944300,1771945200,2026-02-24 09:45,2026-02-24 10:00,78.7400000000,77.5800000000,target,78.7400000000,0.014732029464,0.014532029464,0.003526900925,4
IGV,2026-02-24,-1,1,1771946400,1771966800,2026-02-24 10:20,2026-02-24 16:00,78.6200000000,78.4100000000,session,78.6200000000,0.002671076062,0.002471076062,0.000599726313,68
IGV,2026-02-25,-1,1,1772031900,1772053200,2026-02-25 10:05,2026-02-25 16:00,80.4050000000,80.8500000000,session,80.4050000000,-0.005534481686,-0.005734481686,-0.001399637800,71
IGV,2026-03-02,-1,1,1772464800,1772485200,2026-03-02 10:20,2026-03-02 16:00,82.4300000000,82.7700000000,session,82.4300000000,-0.004124711877,-0.004324711877,-0.001053531987,68
IGV,2026-03-03,-1,2,1772554800,1772571600,2026-03-03 11:20,2026-03-03 16:00,83.4600000000,84.1200000000,session,82.6700000000;84.2500000000,-0.007998294316,-0.008198294316,-0.003988572863,56
IGV,2026-03-04,-1,1,1772647200,1772658000,2026-03-04 13:00,2026-03-04 16:00,85.8450000000,85.6500000000,session,85.8450000000,0.002271535908,0.002071535908,0.000501159925,36
IGV,2026-03-05,-1,1,1772721600,1772727600,2026-03-05 09:40,2026-03-05 11:20,87.4600000000,86.6500000000,target,87.4600000000,0.009261376629,0.009061376629,0.002193703022,21
IGV,2026-03-05,-1,1,1772728800,1772744400,2026-03-05 11:40,2026-03-05 16:00,87.3100000000,87.6200000000,session,87.3100000000,-0.003550566945,-0.003750566945,-0.000907988971,52
IGV,2026-03-10,1,1,1773150000,1773172800,2026-03-10 09:40,2026-03-10 16:00,86.0900000000,85.6500000000,session,86.0900000000,-0.005110930422,-0.005310930422,-0.001288019393,76
IGV,2026-03-11,1,1,1773244200,1773259200,2026-03-11 11:50,2026-03-11 16:00,84.9000000000,85.7400000000,session,84.9000000000,0.009893992933,0.009693992933,0.002346848052,50
IGV,2026-03-17,-1,1,1773755400,1773758400,2026-03-17 09:50,2026-03-17 10:40,86.8100000000,86.0100000000,target,86.8100000000,0.009215528165,0.009015528165,0.002189649157,11
IGV,2026-03-20,1,1,1774015200,1774016700,2026-03-20 10:00,2026-03-20 10:25,82.3900000000,83.1850000000,target,82.3900000000,0.009649229275,0.009449229275,0.002301881279,6
IGV,2026-03-24,1,2,1774359600,1774382400,2026-03-24 09:40,2026-03-24 16:00,81.2350000000,80.8200000000,session,81.5900000000;80.8800000000,-0.005089635410,-0.005289635410,-0.002585282671,76
IGV,2026-03-25,1,1,1774451700,1774468800,2026-03-25 11:15,2026-03-25 16:00,80.4000000000,80.4000000000,session,80.4000000000,0.000000000000,-0.000200000000,-0.000048702144,57
IGV,2026-03-26,-1,1,1774533300,1774541700,2026-03-26 09:55,2026-03-26 12:15,81.0600000000,80.2600000000,target,81.0600000000,0.009869232667,0.009669232667,0.002354404851,29
IGV,2026-03-27,1,1,1774620000,1774624200,2026-03-27 10:00,2026-03-27 11:10,76.9300000000,77.6600000000,target,76.9300000000,0.009489145977,0.009289145977,0.002269145974,15
IGV,2026-03-27,1,1,1774632600,1774641600,2026-03-27 13:30,2026-03-27 16:00,76.9800000000,76.8900000000,session,76.9800000000,-0.001169134840,-0.001369134840,-0.000334451285,30
IGV,2026-03-31,-1,1,1774977300,1774987200,2026-03-31 13:15,2026-03-31 16:00,79.9400000000,80.0500000000,session,79.9400000000,-0.001376032024,-0.001576032024,-0.000386008362,33
IGV,2026-04-01,1,1,1775051400,1775052300,2026-04-01 09:50,2026-04-01 10:05,78.8300000000,79.6100000000,target,78.8300000000,0.009894710136,0.009694710136,0.002373221587,4
IGV,2026-04-08,1,2,1775656800,1775678400,2026-04-08 10:00,2026-04-08 16:00,80.8100000000,79.7500000000,session,81.5000000000;80.1200000000,-0.013045232764,-0.013245232764,-0.006505703138,72
IGV,2026-04-09,1,2,1775742600,1775764800,2026-04-09 09:50,2026-04-09 16:00,76.7750000000,76.6400000000,session,77.4300000000;76.1200000000,-0.001685722408,-0.001885722408,-0.000918037644,74
IGV,2026-04-10,1,1,1775828700,1775851200,2026-04-10 09:45,2026-04-10 16:00,74.8400000000,74.6700000000,session,74.8400000000,-0.002271512560,-0.002471512560,-0.000600854389,75
IGV,2026-04-13,-1,2,1776088800,1776110400,2026-04-13 10:00,2026-04-13 16:00,77.3575000000,78.6900000000,session,76.5800000000;78.1350000000,-0.017327988338,-0.017527988338,-0.008515507819,72
IGV,2026-04-15,-1,1,1776266400,1776283200,2026-04-15 11:20,2026-04-15 16:00,82.2800000000,82.9800000000,session,82.2800000000,-0.008507535246,-0.008707535246,-0.002090446059,56
IGV,2026-04-16,1,1,1776349200,1776353100,2026-04-16 10:20,2026-04-16 11:25,83.4200000000,84.3750000000,target,83.4200000000,0.011448093982,0.011248093982,0.002692528340,14
IGV,2026-04-21,-1,1,1776780000,1776783900,2026-04-21 10:00,2026-04-21 11:05,88.3200000000,87.5400000000,target,88.3200000000,0.008831521739,0.008631521739,0.002073929547,14
IGV,2026-04-23,1,1,1776953100,1776957000,2026-04-23 10:05,2026-04-23 11:10,83.8200000000,84.6200000000,target,83.8200000000,0.009544261513,0.009344261513,0.002251642104,14
IGV,2026-04-23,1,1,1776960300,1776974400,2026-04-23 12:05,2026-04-23 16:00,83.8150000000,83.5700000000,session,83.8150000000,-0.002923104456,-0.003123104456,-0.000752559577,47
IGV,2026-05-04,-1,1,1777904400,1777924800,2026-05-04 10:20,2026-05-04 16:00,88.8400000000,88.4400000000,session,88.8400000000,0.004502476362,0.004302476362,0.001038897119,68
IGV,2026-05-06,1,1,1778074800,1778076600,2026-05-06 09:40,2026-05-06 10:10,86.5750000000,87.4000000000,target,86.5750000000,0.009529309847,0.009329309847,0.002255931806,7
IGV,2026-05-07,-1,1,1778161500,1778162400,2026-05-07 09:45,2026-05-07 10:00,91.5700000000,90.6900000000,target,91.5700000000,0.009610134323,0.009410134323,0.002282552278,4
IGV,2026-05-07,-1,1,1778163300,1778173200,2026-05-07 10:15,2026-05-07 13:00,91.5000000000,90.7550000000,target,91.5000000000,0.008142076503,0.007942076503,0.001926455478,34
IGV,2026-05-08,1,1,1778248500,1778249400,2026-05-08 09:55,2026-05-08 10:10,88.3500000000,89.3100000000,target,88.3500000000,0.010865874363,0.010665874363,0.002602112848,4
IGV,2026-05-12,1,1,1778599500,1778616000,2026-05-12 11:25,2026-05-12 16:00,89.2750000000,89.4400000000,session,89.2750000000,0.001848221787,0.001648221787,0.000403540027,55
IGV,2026-05-14,-1,1,1778770200,1778788800,2026-05-14 10:50,2026-05-14 16:00,90.2800000000,90.6400000000,session,90.2800000000,-0.003987594152,-0.004187594152,-0.001025826921,62
IGV,2026-05-15,-1,1,1778862600,1778875200,2026-05-15 12:30,2026-05-15 16:00,91.8050000000,91.7800000000,session,91.8050000000,0.000272316323,0.000072316323,0.000017690463,42
IGV,2026-05-18,-1,1,1779112800,1779114900,2026-05-18 10:00,2026-05-18 10:35,92.7600000000,92.0300000000,target,92.7600000000,0.007869771453,0.007669771453,0.001876271835,8
IGV,2026-05-18,-1,1,1779115500,1779117000,2026-05-18 10:45,2026-05-18 11:10,92.5250000000,91.7800000000,target,92.5250000000,0.008051877871,0.007851877871,0.001920820899,6
IGV,2026-05-18,-1,1,1779124200,1779134400,2026-05-18 13:10,2026-05-18 16:00,92.5550000000,92.8700000000,session,92.5550000000,-0.003403381773,-0.003603381773,-0.000881502633,34
IGV,2026-05-19,1,1,1779206100,1779220800,2026-05-19 11:55,2026-05-19 16:00,92.1400000000,91.9500000000,session,92.1400000000,-0.002062079444,-0.002262079444,-0.000555575541,49
IGV,2026-05-20,-1,1,1779291300,1779307200,2026-05-20 11:35,2026-05-20 16:00,92.5000000000,93.3200000000,session,92.5000000000,-0.008864864865,-0.009064864865,-0.002224687453,53
IGV,2026-05-22,-1,1,1779457800,1779459000,2026-05-22 09:50,2026-05-22 10:10,94.7600000000,93.8500000000,target,94.7600000000,0.009603208105,0.009403208105,0.002300750148,5
IGV,2026-05-27,-1,1,1779892200,1779895200,2026-05-27 10:30,2026-05-27 11:20,93.9400000000,93.1800000000,target,93.9400000000,0.008090270385,0.007890270385,0.001936620041,11
IGV,2026-05-28,-1,2,1779976800,1779998400,2026-05-28 10:00,2026-05-28 16:00,95.4375000000,95.6800000000,session,94.7700000000;96.1050000000,-0.002589974143,-0.002789974143,-0.001373167272,72
IGV,2026-05-29,-1,3,1780062900,1780084800,2026-05-29 09:55,2026-05-29 16:00,99.7616666667,101.6600000000,session,98.4400000000;99.7500000000;101.0950000000,-0.019148984220,-0.019348984220,-0.014258182288,73
IGV,2026-06-01,-1,2,1780326000,1780344000,2026-06-01 11:00,2026-06-01 16:00,106.5272000000,107.7000000000,session,105.8094000000;107.2450000000,-0.011055299868,-0.011255299868,-0.005422334257,60
IGV,2026-06-03,1,2,1780494000,1780516800,2026-06-03 09:40,2026-06-03 16:00,100.6075000000,100.2000000000,session,101.1900000000;100.0250000000,-0.004017006421,-0.004217006421,-0.002016333880,76
IGV,2026-06-05,1,2,1780668300,1780689600,2026-06-05 10:05,2026-06-05 16:00,96.6250000000,95.8500000000,session,97.5600000000;95.6900000000,-0.007927804615,-0.008127804615,-0.003875330732,71
IGV,2026-06-09,1,2,1781016600,1781035200,2026-06-09 10:50,2026-06-09 16:00,92.2950000000,92.9500000000,session,93.2300000000;91.3600000000,0.007200176324,0.007000176324,0.003319593133,62
IGV,2026-06-10,-1,1,1781099100,1781117400,2026-06-10 09:45,2026-06-10 14:50,93.1400000000,92.1200000000,target,93.1400000000,0.010951256174,0.010751256174,0.002561103541,62
IGV,2026-06-18,1,1,1781790000,1781793300,2026-06-18 09:40,2026-06-18 10:35,87.6800000000,88.5900000000,target,87.6800000000,0.010378649635,0.010178649635,0.002433389970,12
IGV,2026-06-22,-1,1,1782136800,1782138000,2026-06-22 10:00,2026-06-22 10:20,90.1800000000,89.0700000000,target,90.1800000000,0.012308715902,0.012108715902,0.002904628901,5
IGV,2026-06-26,-1,1,1782484200,1782504000,2026-06-26 10:30,2026-06-26 16:00,86.9900000000,88.2000000000,session,86.9900000000,-0.013909644787,-0.014109644787,-0.003398271185,66
IGV,2026-07-01,-1,1,1782918000,1782936000,2026-07-01 11:00,2026-07-01 16:00,94.0500000000,93.3400000000,session,94.0500000000,0.007549175970,0.007349175970,0.001761705053,60
IGV,2026-07-06,-1,1,1783345500,1783368000,2026-07-06 09:45,2026-07-06 16:00,94.1000000000,94.7900000000,session,94.1000000000,-0.007332624867,-0.007532624867,-0.001810103860,75
IGV,2026-07-07,1,1,1783433700,1783436700,2026-07-07 10:15,2026-07-07 11:05,93.8000000000,94.7400000000,target,93.8000000000,0.010021321962,0.009821321962,0.002354156187,11
IGV,2026-07-08,1,1,1783524300,1783531800,2026-07-08 11:25,2026-07-08 13:30,91.2900000000,92.1500000000,target,91.2900000000,0.009420527988,0.009220527988,0.002217382291,26
IGV,2026-07-09,-1,1,1783604700,1783627200,2026-07-09 09:45,2026-07-09 16:00,92.7200000000,93.8800000000,session,92.7200000000,-0.012510785160,-0.012710785160,-0.003066125475,75
IGV,2026-07-10,1,1,1783693500,1783713600,2026-07-10 10:25,2026-07-10 16:00,93.2100000000,92.4100000000,session,93.2100000000,-0.008582770089,-0.008782770089,-0.002109624088,67
IGV,2026-07-14,-1,2,1784036400,1784059200,2026-07-14 09:40,2026-07-14 16:00,92.8500000000,93.6300000000,session,92.0600000000;93.6400000000,-0.008473651593,-0.008673651593,-0.004154628820,76
IGV,2026-07-16,1,1,1784209800,1784213100,2026-07-16 09:50,2026-07-16 10:45,92.4700000000,93.4200000000,target,92.4700000000,0.010273602249,0.010073602249,0.002398647841,12
IGV,2026-07-17,-1,1,1784308500,1784315700,2026-07-17 13:15,2026-07-17 15:15,93.4400000000,92.5000000000,target,93.4400000000,0.010059931507,0.009859931507,0.002355653726,25
IGV,2026-07-20,-1,1,1784564700,1784577600,2026-07-20 12:25,2026-07-20 16:00,93.8550000000,92.9800000000,session,93.8550000000,0.009322891695,0.009122891695,0.002186729695,43
IGV,2026-07-22,1,1,1784727600,1784750400,2026-07-22 09:40,2026-07-22 16:00,90.0050000000,89.0200000000,session,90.0050000000,-0.010943836454,-0.011143836454,-0.002679266927,76
IGV,2026-07-23,1,1,1784816100,1784836800,2026-07-23 10:15,2026-07-23 16:00,87.9900000000,87.1000000000,session,87.9900000000,-0.010114785771,-0.010314785771,-0.002470729648,69
IGV,2026-07-27,-1,1,1785170400,1785182400,2026-07-27 12:40,2026-07-27 16:00,91.5300000000,90.9100000000,session,91.5300000000,0.006773735387,0.006573735387,0.001569211353,40
IGV,2026-07-28,-1,1,1785252600,1785266400,2026-07-28 11:30,2026-07-28 15:20,92.6200000000,91.7800000000,target,92.6200000000,0.009069315483,0.008869315483,0.002121826801,47
IGV,2026-07-29,-1,1,1785349200,1785355200,2026-07-29 14:20,2026-07-29 16:00,93.3900000000,92.3700000000,session,93.3900000000,0.010921940251,0.010721940251,0.002572617864,20
IGV,2026-08-04,-1,2,1785850800,1785873600,2026-08-04 09:40,2026-08-04 16:00,100.7325000000,102.0000000000,session,100.1200000000;101.3450000000,-0.012620269363,-0.012820269363,-0.006174167918,76
IGV,2026-08-05,1,1,1785943800,1785960000,2026-08-05 11:30,2026-08-05 16:00,101.6500000000,101.3100000000,session,101.6500000000,-0.003344810625,-0.003544810625,-0.000846284776,54
IGV,2026-08-06,-1,1,1786027500,1786046400,2026-08-06 10:45,2026-08-06 16:00,99.4900000000,99.4200000000,session,99.4900000000,0.000703588300,0.000503588300,0.000120084141,63
IGV,2026-08-10,-1,1,1786369500,1786392000,2026-08-10 09:45,2026-08-10 16:00,103.9900000000,105.0100000000,session,103.9900000000,-0.009808635446,-0.010008635446,-0.002387029514,75
IGV,2026-08-13,-1,1,1786646400,1786651200,2026-08-13 14:40,2026-08-13 16:00,105.5250000000,106.2800000000,session,105.5250000000,-0.007154702677,-0.007354702677,-0.001748222550,16
IGV,2026-08-14,1,1,1786715400,1786737600,2026-08-14 09:50,2026-08-14 16:00,104.7300000000,104.0800000000,session,104.7300000000,-0.006206435596,-0.006406435596,-0.001519084919,74
IGV,2026-08-26,-1,2,1787751300,1787774400,2026-08-26 09:35,2026-08-26 16:00,102.1625000000,102.3900000000,session,101.6100000000;102.7150000000,-0.002256157488,-0.002456157488,-0.001162313750,77
IGV,2026-08-27,-1,2,1787838300,1787860800,2026-08-27 09:45,2026-08-27 16:00,108.6925000000,110.3200000000,session,108.2750000000;109.1100000000,-0.014988409507,-0.015188409507,-0.007175757440,75
IGV,2026-08-31,-1,1,1788202500,1788206400,2026-08-31 14:55,2026-08-31 16:00,110.3750000000,109.9800000000,session,110.3750000000,0.003578708947,0.003378708947,0.000790053185,13
IGV,2026-09-01,1,1,1788279900,1788292800,2026-09-01 12:25,2026-09-01 16:00,106.3500000000,106.1800000000,session,106.3500000000,-0.001598495534,-0.001798495534,-0.000421020995,43
IGV,2026-09-02,1,1,1788363000,1788379200,2026-09-02 11:30,2026-09-02 16:00,103.3700000000,103.4200000000,session,103.3700000000,0.000483699332,0.000283699332,0.000066373125,54
IGV,2026-09-03,-1,1,1788444000,1788465600,2026-09-03 10:00,2026-09-03 16:00,106.8900000000,106.9500000000,session,106.8900000000,-0.000561324726,-0.000761324726,-0.000178133235,72
IGV,2026-09-10,-1,1,1789048200,1789062000,2026-09-10 09:50,2026-09-10 13:40,102.4700000000,101.6400000000,target,102.4700000000,0.008099931687,0.007899931687,0.001847941118,47
IGV,2026-09-14,-1,2,1789397400,1789416000,2026-09-14 10:50,2026-09-14 16:00,106.0225000000,106.6400000000,session,105.2600000000;106.7850000000,-0.005876262349,-0.006076262349,-0.002850187522,62
IGV,2026-09-15,-1,1,1789489800,1789498200,2026-09-15 12:30,2026-09-15 14:50,106.8125000000,105.9200000000,target,106.8125000000,0.008355763604,0.008155763604,0.001905060272,29
IGV,2026-09-18,1,1,1789738500,1789761600,2026-09-18 09:35,2026-09-18 16:00,104.7400000000,104.3500000000,session,104.7400000000,-0.003723505824,-0.003923505824,-0.000918961799,77
IGV,2026-09-21,-1,1,1790005800,1790020800,2026-09-21 11:50,2026-09-21 16:00,106.5650000000,107.1300000000,session,106.5650000000,-0.005301928401,-0.005501928401,-0.001286973883,50
IGV,2026-09-22,1,1,1790085000,1790107200,2026-09-22 09:50,2026-09-22 16:00,106.5900000000,106.7500000000,session,106.5900000000,0.001501078900,0.001301078900,0.000303781426,74
