session,window,tradable,qqq_net,qqq_gross,buy_and_hold,open_to_close,spy_net,igv_net,d1_no_adding_net,d2_continuous_net,move_quintile
2021-09-27,is,1,0.0012554376,0.0014554376,0.0004051864,0.0004051864,0.0008762963,0.0008041185,0.0012554376,0.0012554376,1
2021-09-28,is,1,0.0018302696,0.0020302696,-0.0282975564,-0.0158339486,0.0015172713,0.0008170904,0.0008656003,-0.0019604859,5
2021-09-29,is,1,-0.0000183473,0.0002483193,-0.0016394809,-0.0052329928,0.0005639487,0.0008639746,-0.0009184074,0.0014203742,3
2021-09-30,is,1,0.0017333565,0.0020000231,-0.0036740147,-0.0083386431,0.0008774629,0.0013934784,-0.0001802255,0.0017333565,3
2021-10-01,is,1,-0.0019008332,-0.0017008332,0.0062018103,0.0044060234,-0.0038208757,-0.0017451669,-0.0013769903,-0.0033088815,2
2021-10-04,is,1,0.0022378672,0.0023712005,-0.0209895052,-0.0164565436,0.0014602764,0.0016533034,0.0008596531,-0.0064910774,5
2021-10-05,is,1,-0.0010448143,-0.0009114810,0.0134989507,0.0103757315,-0.0010387425,-0.0004794550,-0.0010448143,-0.0090873950,4
2021-10-06,is,1,-0.0017092683,-0.0015759350,0.0064077453,0.0157873927,-0.0024969078,-0.0005364957,-0.0011583086,0.0005343146,5
2021-10-07,is,1,-0.0011661683,-0.0009661683,0.0091750772,0.0004685777,-0.0034366679,-0.0025071390,-0.0006124372,-0.0018325365,1
2021-10-08,is,1,0.0011631204,0.0012964537,-0.0049866380,-0.0080202153,0.0013146829,0.0000000000,0.0011631204,0.0020624438,3
2021-10-11,is,1,-0.0016787742,-0.0014787742,-0.0076697309,-0.0033094165,-0.0029499780,-0.0011702868,-0.0022875644,-0.0000798847,2
2021-10-12,is,1,0.0016363996,0.0017697330,-0.0034878205,-0.0076136490,0.0021419688,0.0003198849,0.0016363996,0.0016255693,3
2021-10-13,is,1,0.0002082158,0.0003415491,0.0080080641,0.0013629663,-0.0008067660,0.0019015607,-0.0001408479,0.0017637670,1
2021-10-14,is,1,-0.0006344550,-0.0005011217,0.0184166667,0.0080838076,0.0003957182,0.0001937130,-0.0004676363,-0.0034635273,3
2021-10-15,is,1,0.0007508337,0.0008841670,0.0063006301,0.0028813744,0.0001992617,0.0011242123,0.0007508337,0.0012006270,2
2021-10-18,is,1,-0.0032230176,-0.0030230176,0.0100558356,0.0137101820,-0.0003043581,-0.0013338125,-0.0013056572,-0.0022186317,5
2021-10-19,is,1,0.0002577656,0.0003910989,0.0075674225,0.0046020067,0.0009917922,0.0017707090,0.0002577656,-0.0023736366,2
2021-10-20,is,1,0.0001863924,0.0003863924,-0.0013050310,-0.0025535990,0.0004314086,0.0006846598,-0.0004691854,0.0020623088,2
2021-10-21,is,1,-0.0000662342,0.0001337658,0.0061069924,0.0083119521,-0.0004081417,0.0009158573,-0.0000662342,0.0004400842,3
2021-10-22,is,1,0.0008548651,0.0010548651,-0.0084024704,-0.0050002660,0.0009093145,0.0028116394,0.0004888978,0.0020842136,2
2021-10-25,is,1,-0.0010666170,-0.0006666170,0.0102379043,0.0063638300,-0.0000967081,0.0000000000,-0.0011790513,-0.0025907932,3
2021-10-26,is,1,0.0005520522,0.0007520522,0.0031487312,-0.0029192857,-0.0002690936,0.0005125307,-0.0006888188,-0.0000571157,2
2021-10-27,is,1,-0.0052776799,-0.0049443465,0.0023211648,0.0011064861,-0.0026908439,-0.0027639870,-0.0025749974,-0.0044255425,1
2021-10-28,is,1,0.0006213368,0.0006880035,0.0111052632,0.0059431863,0.0003967829,0.0005144208,0.0006213368,0.0006213368,3
2021-10-29,is,1,-0.0018813402,-0.0016146736,0.0049190568,0.0132525062,-0.0008079423,-0.0018615907,-0.0010394924,-0.0008554259,4
2021-11-01,is,1,-0.0012455268,-0.0009788601,0.0034187149,0.0025222475,0.0000773967,0.0002468249,-0.0013608654,-0.0000258921,2
2021-11-02,is,1,0.0005146804,0.0007146804,0.0041814005,0.0058169597,0.0008538916,0.0006752768,0.0005146804,0.0003364420,3
2021-11-03,is,1,-0.0030246025,-0.0026912691,0.0106156021,0.0093184444,-0.0024016652,0.0011733161,-0.0018285710,-0.0030246025,4
2021-11-04,is,1,0.0001174584,0.0001841251,0.0128185564,0.0094808355,0.0006354497,0.0013407615,0.0001174584,-0.0024780169,4
2021-11-05,is,1,-0.0014595592,-0.0011928926,0.0009542464,-0.0033746625,-0.0019043980,-0.0001171366,-0.0007673909,-0.0014595093,2
2021-11-08,is,1,0.0013264142,0.0015264142,-0.0013547416,-0.0012795745,0.0006750121,-0.0006516067,0.0006916956,0.0023074385,1
2021-11-09,is,1,0.0016593225,0.0018593225,-0.0068833844,-0.0096202024,0.0007197749,0.0010963615,0.0008464371,0.0020423838,4
2021-11-10,is,1,-0.0088607096,-0.0086607096,-0.0146969544,-0.0075419777,-0.0044784502,-0.0085750058,-0.0036316838,-0.0065015554,3
2021-11-11,is,1,0.0011528559,0.0014195226,0.0027727144,-0.0050436865,0.0005387611,-0.0019667000,0.0011528559,0.0015961332,2
2021-11-12,is,1,-0.0001164705,0.0000835295,0.0105225428,0.0074788779,-0.0003944795,-0.0037243927,-0.0001164705,-0.0039732509,3
2021-11-15,is,1,0.0001739913,0.0003073246,-0.0002280213,-0.0032835745,0.0007382345,0.0009962108,0.0001739913,0.0011680646,2
2021-11-16,is,1,0.0000594512,0.0002594512,0.0071209549,0.0090387447,-0.0006618782,0.0002862061,-0.0001922760,0.0008010670,4
2021-11-17,is,1,0.0016701625,0.0018701625,0.0005284082,-0.0003016970,0.0006993232,0.0003708281,0.0016701625,0.0022792929,1
2021-11-18,is,1,-0.0010808201,-0.0008141534,0.0103613912,0.0050534111,-0.0002880028,0.0007034390,-0.0007484367,0.0017217953,3
2021-11-19,is,1,0.0006042477,0.0008042477,0.0055756067,0.0013880971,0.0005373304,-0.0063011415,0.0002070847,0.0000811391,1
2021-11-22,is,1,-0.0015685950,-0.0012352617,-0.0116091982,-0.0154597234,0.0006571711,-0.0022125754,-0.0018920331,-0.0016303479,5
2021-11-23,is,1,-0.0002693953,-0.0001360619,-0.0045579765,-0.0015824772,0.0002207545,-0.0021254127,-0.0002693953,-0.0012344667,1
2021-11-24,is,1,0.0010512633,0.0012512633,0.0032202878,0.0096979212,0.0002014041,-0.0006835698,0.0010512633,0.0031205337,4
2021-11-26,is,1,0.0003843818,0.0004510485,-0.0189587722,-0.0123955467,0.0009366049,0.0000000000,0.0003843818,-0.0056768532,4
2021-11-29,is,1,-0.0005135891,-0.0003802558,0.0217024540,0.0095986259,-0.0007231315,-0.0016334242,-0.0005135891,-0.0037647277,4
2021-11-30,is,1,0.0014715766,0.0016049100,-0.0146863819,-0.0124379357,0.0003621747,0.0009678108,0.0004997954,-0.0016716992,4
2021-12-01,is,1,-0.0200665084,-0.0197998417,-0.0170128485,-0.0280204881,-0.0196489774,-0.0322808862,-0.0069374079,-0.0211994522,5
2021-12-02,is,1,0.0000000000,0.0000000000,0.0072070676,0.0106531882,0.0000000000,0.0000000000,0.0000000000,0.0071225619,4
2021-12-03,is,1,0.0000000000,0.0000000000,-0.0173886281,-0.0209041425,0.0012912728,-0.0025956989,0.0000000000,-0.0102549137,5
2021-12-06,is,1,-0.0012536771,-0.0011870105,0.0080129460,0.0066991633,-0.0009860982,0.0029706777,-0.0012536771,0.0000691240,3
2021-12-07,is,1,0.0013870542,0.0015203876,0.0301139306,0.0122128082,0.0010655821,0.0003485845,0.0004452243,-0.0017260709,4
2021-12-08,is,1,0.0011355527,0.0013355527,0.0044742729,0.0036165457,-0.0002691156,0.0015170312,0.0004922887,0.0022151665,2
2021-12-09,is,1,-0.0004787768,-0.0002787768,-0.0147143465,-0.0115978411,-0.0014671803,0.0004725074,-0.0008829795,0.0016367846,4
2021-12-10,is,1,0.0003164315,0.0003830982,0.0108703934,0.0035046140,0.0019036835,0.0008911640,0.0003164315,0.0018242651,2
2021-12-13,is,1,0.0015200173,0.0016533507,-0.0144468732,-0.0144221106,0.0005522951,0.0020029055,0.0015200173,0.0003072092,5
2021-12-14,is,1,-0.0016572319,-0.0014572319,-0.0103502779,0.0023237800,0.0000528690,-0.0005521785,-0.0013757609,-0.0041230115,1
2021-12-15,is,1,-0.0230478801,-0.0227812134,0.0227975270,0.0234830128,-0.0106157871,-0.0237970704,-0.0090014785,-0.0230478801,5
2021-12-16,is,1,0.0003252905,0.0004586239,-0.0257146455,-0.0281378756,0.0015619700,0.0004781548,-0.0003936159,0.0003252905,5
2021-12-17,is,1,0.0005271116,0.0005937782,-0.0049891428,0.0043043853,0.0027741414,0.0009697354,0.0005271116,0.0042365510,2
2021-12-20,is,1,0.0004331097,0.0004997764,-0.0109636019,0.0029639192,-0.0002652019,0.0010235911,0.0004331097,0.0000766186,2
2021-12-21,is,1,-0.0024450938,-0.0023117605,0.0223804145,0.0134357506,-0.0028414732,0.0023368341,-0.0033718926,-0.0003407170,4
2021-12-22,is,1,-0.0005027756,-0.0003027756,0.0121785155,0.0129592965,-0.0007545702,0.0004963822,-0.0011519286,-0.0027559497,4
2021-12-23,is,1,0.0003529442,0.0004862776,0.0075390278,0.0066191575,0.0001743958,0.0006170582,0.0003529442,-0.0016003158,3
2021-12-27,is,1,0.0003301947,0.0004635280,0.0165272599,0.0131324545,-0.0002290342,0.0002059615,0.0003301947,-0.0014535250,4
2021-12-28,is,1,0.0009629514,0.0010962847,-0.0046346783,-0.0068991098,0.0003988127,0.0006916239,0.0009629514,0.0039560030,3
2021-12-29,is,1,-0.0008316866,-0.0006983532,-0.0001493987,-0.0004978220,-0.0005735224,0.0004017331,-0.0006487630,0.0002517330,1
2021-12-30,is,1,-0.0011045064,-0.0009711731,-0.0029884199,-0.0024418807,-0.0009186644,-0.0013014488,-0.0011045064,-0.0003247725,1
2021-12-31,is,0,0.0000000000,0.0000000000,-0.0062445360,0.0000000000,0.0000000000,0.0000000000,0.0000000000,0.0000000000,
2022-01-03,is,1,0.0003394344,0.0004727677,0.0096267437,0.0065906528,0.0003157021,-0.0013861219,-0.0001414759,0.0017207694,3
2022-01-04,is,1,0.0002852436,0.0005519102,-0.0129705238,-0.0143446698,0.0005869507,-0.0044940795,-0.0004685227,-0.0146911697,5
2022-01-05,is,1,-0.0186628204,-0.0184628204,-0.0307211138,-0.0264731215,-0.0143704497,-0.0200400184,-0.0069642143,-0.0175750565,5
2022-01-06,is,1,0.0028474397,0.0030474397,-0.0007025944,0.0041838816,0.0025534910,-0.0006034666,0.0028474397,0.0078467825,2
2022-01-07,is,1,0.0008995933,0.0009662600,-0.0108327691,-0.0108585267,0.0009938507,0.0007195619,0.0008995933,0.0028977970,4
2022-01-10,is,1,-0.0000247883,0.0001085450,0.0006581372,0.0141134411,-0.0014866170,-0.0154581916,-0.0000247883,-0.0015281597,5
2022-01-11,is,1,-0.0009458880,-0.0008125547,0.0150219673,0.0170420846,-0.0033228491,0.0004844952,-0.0009458880,0.0003005740,5
2022-01-12,is,1,0.0008643598,0.0009310265,0.0039655798,-0.0028574371,0.0009515129,-0.0002674748,0.0008643598,0.0028426304,2
2022-01-13,is,1,-0.0013977232,-0.0011977232,-0.0250161353,-0.0285773079,-0.0006985885,-0.0065737896,-0.0013977232,0.0013472434,5
2022-01-14,is,1,0.0002968632,0.0004301966,0.0062225282,0.0131708748,0.0006648783,0.0026229231,0.0002968632,0.0027824337,4
2022-01-18,is,1,0.0037625692,0.0039625692,-0.0248940817,-0.0093305529,0.0028207405,0.0016062246,0.0019147325,0.0048493669,4
2022-01-19,is,1,0.0006231175,0.0007564508,-0.0109836729,-0.0152357920,-0.0001623241,-0.0088111247,0.0006231175,0.0006231175,5
2022-01-20,is,1,-0.0108769387,-0.0106102720,-0.0129884305,-0.0218231969,-0.0141346563,-0.0163630329,-0.0069084906,-0.0108769387,5
2022-01-21,is,1,-0.0037392155,-0.0035392155,-0.0277286299,-0.0216429744,-0.0025552985,-0.0034267990,-0.0017689178,-0.0035787464,5
2022-01-24,is,1,0.0034095675,0.0036095675,0.0045778953,0.0213787022,0.0026263550,-0.0042696141,0.0006913736,-0.0024884806,5
2022-01-25,is,1,-0.0042571067,-0.0041237734,-0.0231814322,-0.0044999567,-0.0036811009,-0.0043641488,-0.0027583398,-0.0042571067,2
2022-01-26,is,1,0.0035965870,0.0039965870,-0.0015647185,-0.0236320875,0.0024848059,-0.0088997878,0.0024129221,0.0035965870,5
2022-01-27,is,1,-0.0011089365,-0.0010422698,-0.0100705227,-0.0237550086,-0.0022539964,-0.0019669707,-0.0011089365,-0.0011089365,5
2022-01-28,is,1,0.0054846855,0.0057513521,0.0313691000,0.0255662770,0.0027876044,0.0030680612,0.0003409049,0.0096015845,5
2022-01-31,is,1,0.0037422102,0.0040088769,0.0319783968,0.0278878822,0.0011913099,0.0046974534,0.0028769534,0.0002579472,5
2022-02-01,is,1,0.0017090210,0.0019756877,0.0068034706,0.0029909722,-0.0002241984,0.0007518025,0.0017090210,0.0017090210,2
2022-02-02,is,1,0.0024825098,0.0026825098,0.0081254104,-0.0034346603,0.0004548056,0.0043607722,0.0024825098,0.0041421159,2
2022-02-03,is,1,-0.0038364221,-0.0036364221,-0.0405438411,-0.0138900510,-0.0024676260,0.0033808234,-0.0019599958,-0.0018214398,5
2022-02-04,is,1,0.0010787075,0.0012120408,0.0126149060,0.0110991866,0.0019758733,0.0021338609,0.0010787075,0.0032236147,4
2022-02-07,is,1,0.0010204318,0.0012870985,-0.0080444680,-0.0097317495,0.0017862627,0.0001505303,-0.0003047451,0.0010204318,4
2022-02-08,is,1,0.0040791961,0.0044125294,0.0112353223,0.0145779184,0.0016839685,0.0022908419,0.0002722939,0.0040634420,5
2022-02-09,is,1,0.0006788466,0.0008121799,0.0211906883,0.0081647240,0.0009968869,0.0009469247,0.0006788466,0.0002545163,3
2022-02-10,is,1,-0.0038624734,-0.0036624734,-0.0226324544,-0.0030318202,-0.0053786175,-0.0022685024,-0.0013769359,-0.0001398960,2
2022-02-11,is,1,-0.0165550227,-0.0162883560,-0.0317216751,-0.0317216751,-0.0024090632,-0.0103992211,-0.0060791319,-0.0165550227,5
2022-02-14,is,1,-0.0011579975,-0.0008913308,0.0012389789,0.0028860862,0.0009501763,0.0012610566,-0.0019152134,0.0011550279,2
2022-02-15,is,1,0.0039162866,0.0041162866,0.0248640249,0.0091241393,0.0027307774,0.0042789333,0.0017570686,0.0032840410,4
2022-02-16,is,1,-0.0063176619,-0.0060509953,-0.0002527167,0.0062743768,-0.0033899001,-0.0038755856,-0.0024547368,-0.0070260413,3
2022-02-17,is,1,-0.0035692044,-0.0034358710,-0.0297438490,-0.0206667801,-0.0053902805,-0.0117311245,-0.0021379535,-0.0053453786,5
2022-02-18,is,1,0.0017803909,0.0019803909,-0.0114054132,-0.0141450882,0.0011493162,0.0022217366,0.0004786702,0.0037844900,5
2022-02-22,is,1,0.0062478975,0.0065812309,-0.0100436298,-0.0012112618,0.0035387700,0.0064504657,0.0005322776,0.0098819819,1
2022-02-23,is,1,-0.0043014249,-0.0041014249,-0.0256152390,-0.0348646432,-0.0028783364,-0.0129788562,-0.0026134555,-0.0043014249,5
2022-02-24,is,1,-0.0175500272,-0.0172833605,0.0336045170,0.0679023962,-0.0059847856,-0.0149740258,-0.0065100788,-0.0111811273,5
2022-02-25,is,1,0.0004719200,0.0006052534,0.0155070633,0.0130672995,0.0008475773,-0.0004147385,0.0004719200,-0.0015417871,4
2022-02-28,is,1,0.0015732301,0.0018398967,0.0029788588,0.0125251817,0.0013082122,0.0017182279,-0.0004203896,0.0044329745,4
2022-03-01,is,1,0.0027594422,0.0029594422,-0.0153114187,-0.0123210412,0.0029168955,0.0017092737,0.0027594422,0.0041336869,4
2022-03-02,is,1,0.0001639008,0.0002305675,0.0167794079,0.0120671563,-0.0014774454,0.0023125233,0.0001639008,0.0001639008,4
2022-03-03,is,1,-0.0008281998,-0.0006281998,-0.0142848914,-0.0219186694,-0.0002756706,0.0006135872,-0.0003627043,-0.0002345889,5
2022-03-04,is,1,0.0019104549,0.0020437883,-0.0144919067,-0.0074741055,0.0011900071,0.0026376619,0.0001799911,-0.0016191149,3
2022-03-07,is,1,-0.0046501486,-0.0044501486,-0.0368811147,-0.0368525601,-0.0025279800,-0.0058409134,-0.0032243559,-0.0048678161,5
2022-03-08,is,1,0.0012786988,0.0014120322,-0.0046481561,-0.0021601605,0.0008522482,0.0021901578,0.0012786988,0.0054092788,1
2022-03-09,is,1,0.0026339561,0.0028339561,0.0359981444,0.0097663904,0.0011898275,-0.0009359205,0.0013875427,0.0015238269,4
2022-03-10,is,1,0.0014400233,0.0016400233,-0.0111048091,0.0013602563,0.0008585673,0.0026022333,0.0006421946,-0.0003135631,1
2022-03-11,is,1,0.0015052259,0.0016385592,-0.0207383705,-0.0296721704,0.0000354792,0.0025604655,0.0015052259,0.0033878770,5
2022-03-14,is,1,-0.0015863257,-0.0013863257,-0.0192046856,-0.0153498592,-0.0021456583,-0.0060735098,-0.0021790814,0.0008876738,5
2022-03-15,is,1,-0.0014393230,-0.0011726563,0.0313668793,0.0226564448,-0.0012872785,-0.0029532788,-0.0007008801,-0.0050210922,5
2022-03-16,is,1,0.0059165575,0.0063165575,0.0370866982,0.0245356293,-0.0049325855,0.0037399848,-0.0004308076,0.0019344658,5
2022-03-17,is,1,0.0016303697,0.0017637031,0.0121062529,0.0179389426,0.0002966855,0.0001589991,0.0003520693,0.0016303697,5
2022-03-18,is,1,-0.0044772258,-0.0041438925,0.0204680060,0.0255295559,-0.0024653354,-0.0008967626,-0.0021650667,-0.0057124396,5
2022-03-21,is,1,0.0023591183,0.0026257850,-0.0040114939,-0.0003426613,0.0010119265,0.0013719896,0.0021570452,0.0033160910,1
2022-03-22,is,1,0.0011677802,0.0013011135,0.0196526508,0.0181693716,0.0009927919,0.0016106345,0.0011677802,-0.0068745052,5
2022-03-23,is,1,-0.0004703739,-0.0003370406,-0.0143713581,-0.0061580181,-0.0010315446,-0.0010277998,-0.0007143715,0.0012835767,3
2022-03-24,is,1,-0.0012853419,-0.0010186753,0.0222266435,0.0165347654,-0.0006881288,-0.0035375670,-0.0001215126,-0.0012853419,5
2022-03-25,is,1,0.0015472134,0.0018805468,-0.0008341443,-0.0006674268,0.0014510744,0.0019104867,0.0002765706,0.0024981890,1
2022-03-28,is,1,-0.0055999628,-0.0052666294,0.0154723807,0.0155006401,-0.0059382172,-0.0079513353,-0.0035300190,-0.0053019012,5
2022-03-29,is,1,0.0000796607,0.0002129940,0.0172097229,0.0062076443,-0.0010889672,-0.0021759980,0.0000796607,0.0033076200,3
2022-03-30,is,1,0.0015593023,0.0018926356,-0.0110455562,-0.0059169995,0.0015301105,-0.0007857942,0.0001799851,0.0029923059,3
2022-03-31,is,1,0.0023623039,0.0025623039,-0.0123947806,-0.0127981701,0.0000967939,0.0015401438,0.0009827008,0.0045699942,4
2022-04-01,is,1,0.0018339565,0.0020339565,-0.0019032383,-0.0026460131,0.0011796090,0.0013538845,0.0002408262,0.0028285851,2
2022-04-04,is,1,-0.0001691105,-0.0000357772,0.0205886417,0.0181687850,0.0002836011,0.0013404050,-0.0001691105,-0.0070275777,5
2022-04-05,is,1,0.0006285249,0.0007618582,-0.0222041701,-0.0182431147,0.0002213359,-0.0000763187,0.0006285249,-0.0091422391,5
2022-04-06,is,1,0.0055037113,0.0057037113,-0.0217114373,-0.0067200900,0.0077425727,0.0082166721,0.0036239746,0.0027371543,3
2022-04-07,is,1,0.0013673394,0.0016340061,0.0023778520,0.0052804906,-0.0060136047,0.0003242212,-0.0009816178,-0.0001580750,3
2022-04-08,is,1,-0.0001236938,-0.0000570272,-0.0139791019,-0.0089975023,0.0011954898,0.0005481759,-0.0001236938,0.0003033682,4
2022-04-11,is,1,0.0007381116,0.0008047782,-0.0236574538,-0.0113685798,0.0000000000,0.0012175503,0.0007381116,-0.0002201316,4
2022-04-12,is,1,-0.0046436966,-0.0044436966,-0.0042242366,-0.0182496529,-0.0056495685,-0.0068010990,-0.0026093368,-0.0016814526,5
2022-04-13,is,1,0.0007471497,0.0010138163,0.0203269996,0.0192760447,-0.0005562332,0.0012347895,0.0001678589,-0.0069764746,5
2022-04-14,is,1,-0.0012713773,-0.0010047106,-0.0228670420,-0.0231208867,-0.0004700025,0.0006847837,-0.0013710690,-0.0019614399,5
2022-04-18,is,1,-0.0003102514,-0.0001769181,0.0007682534,0.0039721358,0.0002166956,-0.0007580795,-0.0003102514,0.0029736800,2
2022-04-19,is,1,0.0009614640,0.0012947974,0.0223508223,0.0243469515,0.0003423136,0.0026068444,0.0003750906,-0.0022980320,5
2022-04-20,is,1,0.0020426280,0.0023092946,-0.0145844163,-0.0169408511,0.0015345869,0.0018724117,0.0002079199,0.0028202608,5
2022-04-21,is,1,-0.0026835937,-0.0024835937,-0.0206910700,-0.0319823865,-0.0077138816,-0.0057392589,-0.0044829303,0.0001192489,5
2022-04-22,is,1,0.0009938680,0.0012605347,-0.0261858447,-0.0266519099,-0.0028021697,-0.0027099979,-0.0002650043,0.0047874858,5
2022-04-25,is,1,0.0053287387,0.0055287387,0.0128457283,0.0180706144,-0.0066629293,0.0049625843,0.0029793580,0.0068879879,5
2022-04-26,is,1,0.0011758388,0.0013758388,-0.0377450088,-0.0315448743,0.0004987607,0.0020568181,0.0011758388,-0.0020447192,5
2022-04-27,is,1,-0.0022779802,-0.0020779802,-0.0011982090,-0.0015130501,-0.0027393986,-0.0005207901,-0.0010786682,-0.0022779802,1
2022-04-28,is,1,-0.0074293865,-0.0071627198,0.0355158480,0.0191393506,-0.0075754986,-0.0098971555,-0.0036254847,-0.0036758215,5
2022-04-29,is,1,-0.0082502963,-0.0080502963,-0.0449986281,-0.0322829781,-0.0031127261,-0.0107053819,-0.0048233296,-0.0110358319,5
2022-05-02,is,1,-0.0090647944,-0.0088647944,0.0166959298,0.0180609277,-0.0043500262,-0.0034157539,-0.0048870873,-0.0025497716,5
2022-05-03,is,1,0.0007143637,0.0007810303,0.0010675710,0.0010047096,0.0021472681,0.0034266190,0.0007143637,0.0007143637,1
2022-05-04,is,1,-0.0059387509,-0.0055387509,0.0338121824,0.0322257367,-0.0117175910,-0.0097724684,-0.0038756362,-0.0086177930,5
2022-05-05,is,1,0.0039442633,0.0041442633,-0.0503640777,-0.0374265769,0.0031638089,0.0038202445,0.0020975070,-0.0015408448,5
2022-05-06,is,1,0.0005207666,0.0005874332,-0.0119808307,-0.0054671169,0.0012139728,-0.0014505163,0.0005207666,0.0082756537,3
2022-05-09,is,1,0.0037347539,0.0038680873,-0.0391269200,-0.0208580467,0.0031050565,0.0064870225,0.0037347539,0.0000939962,5
2022-05-10,is,1,-0.0004895043,-0.0002228376,0.0121487464,-0.0123148665,-0.0022088865,-0.0137239375,0.0003613880,0.0026452675,4
2022-05-11,is,1,-0.0000425293,0.0001574707,-0.0296581992,-0.0223160434,-0.0003461285,-0.0033058478,0.0004421598,0.0062814401,5
2022-05-12,is,1,-0.0029426678,-0.0026760012,-0.0023643092,0.0128718038,-0.0007126794,-0.0024622380,-0.0006052125,0.0024654582,4
2022-05-13,is,1,0.0066580756,0.0070580756,0.0370599347,0.0210334100,0.0033168589,0.0056837653,0.0010106885,-0.0050456214,5
2022-05-16,is,1,-0.0015898536,-0.0015231869,-0.0115917070,-0.0056971514,-0.0013370495,-0.0012825904,-0.0015898536,0.0012103186,3
2022-05-17,is,1,0.0052065082,0.0054731749,0.0259013537,0.0056495319,0.0036524592,0.0058452903,0.0034555339,0.0088580048,3
2022-05-18,is,1,-0.0075533901,-0.0072867235,-0.0490903746,-0.0344896200,-0.0040717592,-0.0091997386,-0.0050433855,-0.0136404695,5
2022-05-19,is,1,0.0054356467,0.0057023134,-0.0053582469,0.0010024543,0.0026027337,0.0037114925,0.0032969159,0.0119204460,1
2022-05-20,is,1,0.0005362985,0.0006029652,-0.0031079494,-0.0151809777,-0.0031355269,0.0000000000,0.0005362985,-0.0056699569,5
2022-05-23,is,1,0.0003890180,0.0004556847,0.0166274075,0.0128731665,0.0014618817,0.0027041267,0.0003890180,-0.0024613697,4
2022-05-24,is,1,0.0011926911,0.0012593577,-0.0212620962,-0.0030715835,0.0021825192,0.0046910890,0.0011926911,-0.0030469018,2
2022-05-25,is,1,0.0020120076,0.0023453409,0.0139952653,0.0194252914,0.0010696983,-0.0062954045,0.0005185415,0.0033138648,5
2022-05-26,is,1,0.0008710513,0.0010710513,0.0277072032,0.0306087316,0.0016597724,0.0000692778,-0.0002891664,-0.0099543646,5
2022-05-27,is,1,-0.0024930408,-0.0023597075,0.0326395617,0.0216830832,-0.0023755976,0.0003689133,-0.0015288925,-0.0058875493,5
2022-05-31,is,1,0.0032390026,0.0034390026,-0.0026528632,-0.0025560553,0.0029994164,0.0063412646,0.0016921003,0.0059550903,2
2022-06-01,is,1,-0.0011117937,-0.0009784603,-0.0073958739,-0.0143975263,-0.0008086940,-0.0001338671,-0.0015158473,0.0008633159,5
2022-06-02,is,1,-0.0047051642,-0.0045051642,0.0273856209,0.0312612760,-0.0025567638,-0.0039644861,-0.0046119247,-0.0063220052,5
2022-06-03,is,1,0.0034400131,0.0036400131,-0.0260194669,-0.0091576870,0.0029621340,0.0025100936,0.0014738298,-0.0014461191,4
2022-06-06,is,1,-0.0021453361,-0.0018786694,0.0033311561,-0.0113596138,0.0010243984,0.0012267962,-0.0021610731,-0.0018579749,4
2022-06-07,is,1,0.0005881824,0.0007215158,0.0086257405,0.0199466772,-0.0001271557,0.0004263637,-0.0001963431,0.0056439299,5
2022-06-08,is,1,-0.0013728743,-0.0011728743,-0.0071965663,-0.0045623685,-0.0022765082,0.0015726010,-0.0012516795,0.0000072785,2
2022-06-09,is,1,-0.0140369294,-0.0138369294,-0.0267845534,-0.0212807689,-0.0069858120,-0.0086447815,-0.0062619661,-0.0113763630,5
2022-06-10,is,1,0.0011031359,0.0012364692,-0.0352705411,-0.0163800443,0.0027132560,0.0028761426,0.0000247032,-0.0022821527,5
2022-06-13,is,1,0.0004827230,0.0006160564,-0.0464963301,-0.0155138517,0.0012878021,0.0041195339,0.0004827230,-0.0027843988,5
2022-06-14,is,1,0.0045765710,0.0047765710,0.0018154751,-0.0063026723,0.0032111366,0.0036633943,0.0024261288,0.0045765710,3
2022-06-15,is,1,0.0094945092,0.0097611759,0.0249719111,0.0121145966,0.0103341381,0.0108463505,0.0094945092,0.0101549939,4
2022-06-16,is,1,0.0006051651,0.0006718318,-0.0403465347,-0.0152400305,0.0007533864,0.0008316656,0.0006051651,-0.0014044989,5
2022-06-17,is,1,0.0035562972,0.0037562972,0.0121596227,0.0092218385,0.0018134805,0.0017037310,0.0014846381,0.0055090215,4
2022-06-21,is,1,0.0019564712,0.0021564712,0.0232625869,0.0083587444,0.0008802963,0.0010218233,0.0009808049,-0.0015401144,4
2022-06-22,is,1,0.0018695152,0.0020028485,-0.0014586595,0.0077193738,0.0016654511,0.0011425355,0.0018695152,0.0062994619,3
2022-06-23,is,1,-0.0045902718,-0.0043902718,0.0148929348,0.0057907560,-0.0052924109,-0.0053365721,-0.0027412627,-0.0045902718,3
2022-06-24,is,1,-0.0048036906,-0.0046703573,0.0342636475,0.0238757211,-0.0035873136,-0.0063223249,-0.0026363630,-0.0075221738,5
2022-06-27,is,1,0.0011244891,0.0013244891,-0.0073317267,-0.0119932432,0.0012927606,0.0017936610,0.0006098002,0.0024516691,4
2022-06-28,is,1,-0.0007682621,-0.0006349288,-0.0304667465,-0.0322866894,-0.0036522460,-0.0055475339,-0.0007682621,0.0013912109,5
2022-06-29,is,1,0.0038484973,0.0040484973,0.0009169782,0.0014114326,0.0027904999,0.0020168290,0.0020669296,0.0069315115,1
2022-06-30,is,1,0.0025454647,0.0027454647,-0.0124031008,-0.0016740873,0.0028275730,0.0066084398,0.0000565718,0.0008459038,1
2022-07-01,is,1,-0.0043677159,-0.0042343825,0.0066005423,0.0113998925,-0.0075075694,-0.0027026335,-0.0026983710,-0.0014131259,4
2022-07-05,is,1,-0.0068469421,-0.0067136087,0.0171197675,0.0310804499,-0.0066630423,-0.0046992759,-0.0049700141,-0.0039930059,5
2022-07-06,is,1,0.0007829805,0.0009829805,0.0064120435,0.0050461110,0.0019536786,0.0043786358,0.0003549849,0.0040770203,2
2022-07-07,is,1,-0.0009465773,-0.0006799106,0.0213988920,0.0184718434,0.0003841577,0.0003781743,-0.0007110337,-0.0022714941,5
2022-07-08,is,1,0.0008014480,0.0008681147,0.0012543223,0.0111955629,0.0002082616,-0.0007818113,0.0008014480,0.0029680178,4
2022-07-11,is,1,0.0001980500,0.0004647166,-0.0213644828,-0.0131111718,-0.0005504751,0.0007651347,-0.0008789453,-0.0009345383,4
2022-07-12,is,1,-0.0037400117,-0.0035400117,-0.0096872405,-0.0140534583,-0.0040138501,-0.0028799945,-0.0021278590,0.0024680111,5
2022-07-13,is,1,0.0026877609,0.0028210943,-0.0020612074,0.0179971490,0.0032157162,0.0033814105,0.0026877609,0.0064472018,5
2022-07-14,is,1,-0.0014133473,-0.0012133473,0.0035708034,0.0130039931,-0.0001036255,0.0027739555,-0.0025661785,-0.0013025895,4
2022-07-15,is,1,0.0007671248,0.0009004581,0.0181393240,0.0073861871,0.0004966746,0.0012064988,0.0007671248,0.0005971914,3
2022-07-18,is,1,-0.0135188266,-0.0132521599,-0.0084626717,-0.0180510315,-0.0114912266,-0.0140845414,-0.0055678424,-0.0134442575,5
2022-07-19,is,1,-0.0008198828,-0.0006198828,0.0307532827,0.0177066630,-0.0010577031,-0.0007553903,-0.0010559742,-0.0066314560,5
2022-07-20,is,1,0.0016579898,0.0018579898,0.0158565203,0.0142268939,0.0000619696,0.0012752219,0.0004276396,-0.0072088905,5
2022-07-21,is,1,0.0022673143,0.0024673143,0.0143550144,0.0127841845,0.0000555384,0.0009209934,0.0022673143,0.0063107501,4
2022-07-22,is,1,-0.0054925304,-0.0052258637,-0.0175352983,-0.0144894429,-0.0059524819,-0.0021461956,-0.0034067831,-0.0027187893,5
2022-07-25,is,1,0.0003161657,0.0004494991,-0.0056955528,-0.0057943183,0.0013367737,0.0019387929,-0.0003228713,0.0013171749,3
2022-07-26,is,1,0.0009762676,0.0011096009,-0.0196489826,-0.0139349479,0.0016340526,-0.0004085916,0.0009762676,-0.0014221070,5
2022-07-27,is,1,-0.0011396081,-0.0008729414,0.0422597411,0.0259831461,-0.0014912952,-0.0008867463,-0.0003979792,-0.0063203480,5
2022-07-28,is,1,-0.0007075081,-0.0003741748,0.0097780385,0.0105026257,-0.0021889953,0.0001074454,-0.0011735141,-0.0001610070,4
2022-07-29,is,1,0.0012385929,0.0013052596,0.0182369840,0.0130866933,-0.0013138167,-0.0073261806,0.0012385929,-0.0017706858,4
2022-08-01,is,1,-0.0002570823,0.0000095843,-0.0006022951,0.0051649928,0.0003962543,0.0001285682,-0.0006366389,0.0043148871,3
2022-08-02,is,1,0.0018738930,0.0020072263,-0.0029815714,0.0045059440,-0.0014928836,0.0025666935,0.0018738930,0.0040574484,2
2022-08-03,is,1,-0.0018550448,-0.0016550448,0.0272325263,0.0216421452,-0.0010966117,-0.0007097024,-0.0017525012,-0.0128252014,5
2022-08-04,is,1,0.0017500007,0.0018833340,0.0046765152,0.0044276558,0.0004315894,-0.0017739198,0.0017500007,0.0039611102,2
2022-08-05,is,1,0.0027090796,0.0029757463,-0.0081689273,0.0080203014,0.0013233038,0.0000534377,0.0017714184,0.0051402301,3
2022-08-08,is,1,-0.0027284665,-0.0025284665,-0.0032323232,-0.0061359199,-0.0009676028,-0.0017551688,-0.0020751840,-0.0019829877,3
2022-08-09,is,1,0.0020023374,0.0022690041,-0.0113186368,-0.0053016281,0.0008502023,0.0010936560,0.0014917078,0.0017676282,3
2022-08-10,is,1,0.0013050070,0.0014383403,0.0279109373,0.0041282849,0.0015559689,0.0016668094,0.0013050070,0.0005483584,2
2022-08-11,is,1,-0.0005518627,-0.0003518627,-0.0056760654,-0.0128691308,-0.0002746837,-0.0014120763,-0.0010311187,-0.0010256044,4
2022-08-12,is,1,-0.0013690050,-0.0012356716,0.0194705011,0.0129225109,-0.0056606668,-0.0022068619,-0.0013690050,-0.0050794635,4
2022-08-15,is,1,-0.0002433751,-0.0000433751,0.0080813584,0.0110497238,-0.0009825724,0.0002896835,-0.0003370960,0.0018677425,4
2022-08-16,is,1,0.0040424860,0.0043091526,-0.0023419204,0.0006775986,0.0017844264,0.0026375028,0.0011907299,0.0029311180,1
2022-08-17,is,1,0.0008184221,0.0010184221,-0.0114060431,-0.0017625429,0.0011725126,0.0037437647,-0.0006150125,-0.0010712878,1
2022-08-18,is,1,0.0033019144,0.0035019144,0.0024049438,0.0026793326,0.0019188304,0.0034146399,0.0033019144,0.0036633228,2
2022-08-19,is,1,0.0011428719,0.0013428719,-0.0194970845,-0.0101480823,0.0010693828,0.0010372323,0.0011428719,-0.0015710821,4
2022-08-22,is,1,-0.0002052349,-0.0000052349,-0.0263272006,-0.0129984301,-0.0024407435,0.0006931533,-0.0006121126,-0.0018156463,4
2022-08-23,is,1,0.0000000000,0.0000000000,-0.0008270772,-0.0000636699,0.0007345570,0.0005645611,0.0000000000,0.0056324429,1
2022-08-24,is,1,0.0005287358,0.0007287358,0.0028971665,0.0044641434,0.0002567513,-0.0000551358,0.0005287358,0.0017926349,2
2022-08-25,is,1,0.0008289278,0.0010289278,0.0176819783,0.0118360004,-0.0011102910,-0.0000666667,0.0004559926,-0.0002629800,4
2022-08-26,is,1,-0.0060756511,-0.0059423177,-0.0409882089,-0.0400899213,-0.0055931102,-0.0010936569,-0.0035322947,-0.0091987388,5
2022-08-29,is,1,0.0000000000,0.0000000000,-0.0098555816,-0.0006893835,0.0015972652,0.0006702789,0.0000000000,-0.0017757892,1
2022-08-30,is,1,0.0023189080,0.0025855747,-0.0111362964,-0.0165958837,0.0012020531,0.0001233057,0.0002325755,-0.0045067046,5
2022-08-31,is,1,0.0011202463,0.0012535796,-0.0058135672,-0.0155268265,0.0008861000,0.0013890987,0.0011202463,0.0044646506,5
2022-09-01,is,1,-0.0134833224,-0.0132833224,0.0004343903,0.0090320841,-0.0004046928,-0.0033567737,-0.0053713164,-0.0157897693,4
2022-09-02,is,1,-0.0141118257,-0.0139118257,-0.0141282565,-0.0237150228,-0.0126821801,-0.0124696260,-0.0058307699,-0.0162317210,5
2022-09-06,is,1,0.0005388914,0.0006722247,-0.0071823017,-0.0088277075,-0.0000953850,0.0000797462,-0.0002485551,0.0031436075,4
2022-09-07,is,1,-0.0040577139,-0.0037910472,0.0202013308,0.0184983307,-0.0040169032,-0.0034177392,-0.0021445008,-0.0015237653,5
2022-09-08,is,1,0.0035610845,0.0036944178,0.0051844667,0.0123631464,0.0046641693,0.0018266638,0.0009556055,0.0074055109,4
2022-09-09,is,1,0.0008509449,0.0009176116,0.0218621057,0.0139352112,0.0011074487,0.0019654725,0.0008509449,-0.0008165506,5
2022-09-12,is,1,0.0015328751,0.0016662084,0.0118857664,0.0072609400,0.0019995627,0.0001630464,0.0015328751,0.0016755130,3
2022-09-13,is,1,-0.0054557476,-0.0052557476,-0.0548368411,-0.0268389662,-0.0048607811,-0.0018476979,-0.0030002409,-0.0097275731,5
2022-09-14,is,1,0.0015238232,0.0016571565,0.0079332652,0.0039509606,0.0010061105,0.0014290563,0.0015238232,0.0015238232,2
2022-09-15,is,1,0.0029958488,0.0031291821,-0.0166537175,-0.0100996361,0.0018227575,0.0010335568,0.0029958488,0.0030262772,4
2022-09-16,is,1,-0.0026859141,-0.0025525808,-0.0061147372,0.0055609620,-0.0007117740,-0.0028526006,-0.0017340281,-0.0007064498,3
2022-09-19,is,1,-0.0003904174,-0.0002570841,0.0059795382,0.0173016428,-0.0015132372,-0.0046163296,-0.0003904174,-0.0003904174,5
2022-09-20,is,1,0.0030436443,0.0032436443,-0.0079711390,0.0008319179,0.0019320706,0.0014323917,0.0016320889,0.0030436443,1
2022-09-21,is,1,0.0096659985,0.0098659985,-0.0179060021,-0.0208225422,0.0166077994,0.0104490389,0.0096659985,0.0104262052,5
2022-09-22,is,1,0.0062821042,0.0065487709,-0.0123078008,-0.0068439716,0.0060907278,0.0054993415,0.0037625029,0.0062821042,3
2022-09-23,is,1,0.0039835999,0.0042502665,-0.0162816439,-0.0073500270,0.0023071518,0.0025014342,0.0023823215,0.0021165587,3
2022-09-26,is,1,0.0010832820,0.0012832820,-0.0041377808,-0.0023997382,0.0000051139,0.0019786119,-0.0001376154,0.0000044330,1
2022-09-27,is,1,0.0001840443,0.0004507109,0.0004009185,-0.0119866096,0.0011380637,-0.0001558478,-0.0018885982,0.0033579691,4
2022-09-28,is,1,-0.0003588969,-0.0002255635,0.0198921597,0.0199664796,0.0001291623,-0.0005473936,-0.0003588969,-0.0036905835,5
2022-09-29,is,1,0.0025381828,0.0027381828,-0.0288276059,-0.0144638585,0.0016630402,0.0029797938,0.0013899332,-0.0019438888,5
2022-09-30,is,1,-0.0046681456,-0.0044681456,-0.0169566337,-0.0139098993,-0.0078066774,-0.0023129379,-0.0021624243,-0.0037060245,5
2022-10-03,is,1,-0.0034386364,-0.0033053031,0.0234603008,0.0165756123,-0.0017358417,-0.0076111131,-0.0020784192,-0.0041208999,5
2022-10-04,is,1,0.0040105118,0.0042771784,0.0314407926,0.0112548837,0.0028209221,0.0025894245,0.0008437343,0.0014917269,4
2022-10-05,is,1,-0.0082425237,-0.0080425237,-0.0005316698,0.0132959609,-0.0065003083,-0.0095941791,-0.0049438457,-0.0124449050,4
2022-10-06,is,1,0.0010695085,0.0012028418,-0.0078728988,-0.0042710706,0.0010148038,0.0010024947,0.0000045762,0.0020299626,2
2022-10-07,is,1,-0.0023367878,-0.0021367878,-0.0381040892,-0.0215257072,0.0002578883,-0.0013892388,-0.0020002099,-0.0089821113,5
2022-10-10,is,1,0.0012365165,0.0013031832,-0.0099962839,-0.0107315262,0.0010487778,0.0004003023,0.0012365165,0.0002110474,4
2022-10-11,is,1,-0.0010324099,-0.0006990766,-0.0137382230,-0.0073668304,-0.0034098290,-0.0028835557,-0.0022628944,0.0022985949,3
2022-10-12,is,1,0.0021676549,0.0023009882,-0.0003425309,-0.0028094153,0.0013643111,0.0014217623,0.0021676549,0.0021676549,2
2022-10-13,is,1,0.0028903952,0.0032903952,0.0234523719,0.0535350368,-0.0111455762,0.0059513625,-0.0018077657,0.0072579135,5
2022-10-14,is,1,0.0028155545,0.0029488878,-0.0300572874,-0.0385693215,0.0022834719,-0.0014636055,0.0028155545,0.0005250641,5
2022-10-17,is,1,0.0009799921,0.0011133255,0.0330214006,0.0094063858,0.0007587077,0.0011407538,0.0009799921,0.0007639212,4
2022-10-18,is,1,0.0032145338,0.0033478671,0.0079079265,-0.0182620331,0.0036659209,0.0018364452,0.0032145338,0.0077630659,5
2022-10-19,is,1,0.0006408417,0.0008408417,-0.0036466775,0.0020746119,0.0011963553,-0.0011402341,-0.0010157202,0.0025931940,1
2022-10-20,is,1,-0.0065925331,-0.0063925331,-0.0051018522,-0.0017434528,-0.0046452369,-0.0098883448,-0.0040954929,-0.0124071369,1
2022-10-21,is,1,-0.0061495085,-0.0059495085,0.0234476608,0.0278005821,-0.0016583051,-0.0008434492,-0.0041460492,-0.0023791082,5
2022-10-24,is,1,0.0013728547,0.0015061880,0.0110013797,0.0100112445,0.0001048599,-0.0003349790,0.0001849961,0.0062259279,4
2022-10-25,is,1,0.0005734533,0.0008401200,0.0206859400,0.0171790559,-0.0001051589,0.0002455718,-0.0002633984,-0.0041744037,5
2022-10-26,is,1,-0.0110468135,-0.0108468135,-0.0220963372,-0.0019033254,-0.0040765391,-0.0021946930,-0.0047493443,-0.0071999372,1
2022-10-27,is,1,0.0036361357,0.0038361357,-0.0182060231,-0.0141623614,0.0029079015,0.0026389352,0.0026505443,0.0066850786,5
2022-10-28,is,1,-0.0016446372,-0.0014446372,0.0306006523,0.0330235463,-0.0020528780,-0.0005245511,-0.0012576289,-0.0127473633,5
2022-10-31,is,1,0.0024183069,0.0026183069,-0.0116279070,-0.0034776997,0.0017373453,0.0018443806,0.0010879253,0.0007550992,2
2022-11-01,is,1,0.0008873359,0.0009540026,-0.0102176650,-0.0226824633,0.0004479635,0.0015683192,0.0008873359,0.0052483815,5
2022-11-02,is,1,-0.0001150887,0.0002182447,-0.0342771982,-0.0341718773,-0.0009508094,-0.0033161959,-0.0047747941,-0.0019273063,5
2022-11-03,is,1,0.0011362347,0.0012029014,-0.0195347787,-0.0095813847,0.0010563868,0.0018813246,0.0011362347,0.0011362347,4
2022-11-04,is,1,-0.0085019258,-0.0083019258,0.0160850704,-0.0032011449,-0.0038255776,-0.0066827018,-0.0055389177,-0.0040214883,2
2022-11-07,is,1,-0.0027000848,-0.0025667514,0.0109944083,0.0069238006,-0.0024500260,-0.0026854250,-0.0020217744,-0.0027000848,3
2022-11-08,is,1,-0.0028762340,-0.0026095673,0.0072872678,0.0014862154,0.0000644905,-0.0039669063,-0.0019298312,-0.0138820730,1
2022-11-09,is,1,-0.0012638689,-0.0011305355,-0.0230763523,-0.0165820137,-0.0019799828,0.0032151379,-0.0012224165,-0.0012638689,5
2022-11-10,is,1,-0.0001843558,0.0000156442,0.0737885463,0.0244194051,-0.0000163663,-0.0005372982,-0.0001843558,-0.0036857030,5
2022-11-11,is,1,0.0003265792,0.0004599125,0.0184261715,0.0191109853,-0.0001205889,0.0002219655,0.0003265792,0.0003060762,5
2022-11-14,is,1,-0.0048228220,-0.0045561553,-0.0087512154,-0.0014692507,-0.0047364703,-0.0037124663,-0.0029693305,-0.0032662068,1
2022-11-15,is,1,0.0020528844,0.0021862177,0.0138382848,-0.0096505938,0.0007348561,0.0044221999,0.0000483671,0.0029558732,4
2022-11-16,is,1,0.0023342247,0.0025342247,-0.0136494005,-0.0067852048,0.0013744182,0.0004898919,0.0023342247,0.0004054106,3
2022-11-17,is,1,0.0000663265,0.0001996598,-0.0022071188,0.0139917402,0.0007608238,-0.0013641559,0.0000663265,0.0012778420,5
2022-11-18,is,1,0.0004838601,0.0006171935,0.0000351111,-0.0106637952,0.0001624885,0.0010623944,0.0004838601,0.0042209557,4
2022-11-21,is,1,0.0018490068,0.0019823401,-0.0102871989,-0.0053281581,0.0009876393,0.0019450765,0.0018490068,0.0018490068,3
2022-11-22,is,1,-0.0010567560,-0.0009234226,0.0144027812,0.0117110105,-0.0035637927,-0.0015132753,-0.0010567560,-0.0012894762,4
2022-11-23,is,1,0.0001682780,0.0003682780,0.0100367197,0.0099660804,0.0003712435,0.0000473804,-0.0000786988,-0.0050160512,4
2022-11-25,is,1,0.0002934049,0.0003600715,-0.0065784918,-0.0009401442,0.0002068223,0.0000000000,0.0002934049,0.0015414102,1
2022-11-28,is,1,-0.0017449871,-0.0015449871,-0.0146730796,-0.0076869077,-0.0014842509,-0.0015559063,-0.0011484443,-0.0029620546,3
2022-11-29,is,1,0.0032418230,0.0035084896,-0.0075695943,-0.0083763342,0.0013552580,0.0038568002,0.0021935228,0.0036477380,4
2022-11-30,is,1,-0.0301637498,-0.0299637498,0.0455857718,0.0445805441,-0.0227999794,-0.0276413074,-0.0126848888,-0.0296031159,5
2022-12-01,is,1,0.0000000000,0.0000000000,0.0012271612,0.0001021485,0.0000000000,0.0010564076,0.0000000000,0.0020125945,1
2022-12-02,is,1,0.0009741833,0.0013075166,-0.0039833855,0.0138975532,0.0006867339,0.0042950429,0.0010737517,0.0018044395,5
2022-12-05,is,1,-0.0008204958,-0.0006871625,-0.0167834558,-0.0094359116,-0.0032209116,-0.0029172900,-0.0008204958,-0.0002230695,4
2022-12-06,is,1,0.0001081092,0.0002414425,-0.0207203449,-0.0201753165,-0.0006287573,-0.0011930970,-0.0008111363,-0.0048136885,5
2022-12-07,is,1,0.0011888103,0.0012554769,-0.0040826470,0.0002139266,0.0014938007,0.0009840396,0.0011888103,0.0026596150,1
2022-12-08,is,1,0.0028210269,0.0029543602,0.0118347414,0.0068816289,0.0021435801,0.0010536531,0.0011303478,0.0017274321,3
2022-12-09,is,1,-0.0000276327,0.0001057006,-0.0063766074,-0.0027226760,0.0000355807,0.0003428337,-0.0002308431,0.0008406221,2
2022-12-12,is,1,-0.0062343513,-0.0059676846,0.0125514111,0.0119056056,-0.0046237860,-0.0022038251,-0.0025232057,-0.0053420068,4
2022-12-13,is,1,0.0008568122,0.0011234789,0.0107500525,-0.0269678072,0.0026701767,0.0018462131,0.0010275732,0.0054683891,5
2022-12-14,is,1,0.0154091298,0.0157424631,-0.0074138230,-0.0053462940,0.0142260469,0.0030155182,0.0085342933,0.0154091298,3
2022-12-15,is,1,0.0022958257,0.0025624924,-0.0335764895,-0.0192682322,0.0015106571,0.0001116089,0.0005164782,-0.0017936210,5
2022-12-16,is,1,0.0011285053,0.0013951719,-0.0095344722,-0.0070601014,0.0015014693,0.0012401187,0.0010250977,0.0008057561,3
2022-12-19,is,1,0.0006792648,0.0008792648,-0.0164083865,-0.0150436338,-0.0025479319,0.0005249793,0.0002631626,-0.0005522171,5
2022-12-20,is,1,0.0005713825,0.0006380491,-0.0007784986,0.0036490915,0.0009952594,0.0000000000,0.0005713825,0.0041858313,2
2022-12-21,is,1,0.0015310491,0.0016643825,0.0145061957,0.0107354028,0.0011660205,0.0003832626,0.0015310491,-0.0027349333,4
2022-12-22,is,1,-0.0066583821,-0.0063917154,-0.0244651673,-0.0133885642,-0.0082771225,-0.0071790967,-0.0042017238,-0.0134990584,4
2022-12-23,is,1,0.0015843819,0.0017177152,0.0022492128,0.0071194485,0.0013157131,-0.0000790738,0.0015843819,0.0050998047,3
2022-12-27,is,1,-0.0002872922,-0.0000872922,-0.0141382406,-0.0118467421,0.0008278636,0.0002767154,-0.0005333081,0.0013606347,4
2022-12-28,is,1,0.0018037836,0.0020037836,-0.0132028227,-0.0116654634,-0.0002681214,0.0012454969,0.0002832696,-0.0014366744,4
2022-12-29,is,1,0.0022797653,0.0024797653,0.0243752403,0.0132339519,0.0007509490,0.0020210786,0.0022797653,-0.0041473046,4
2022-12-30,is,1,-0.0052231086,-0.0049564420,-0.0006005104,0.0100902815,-0.0015076862,-0.0046390439,-0.0033533534,-0.0015014998,4
2023-01-03,is,1,0.0003864371,0.0004531038,-0.0067598017,-0.0155220547,0.0008556729,-0.0011021181,0.0003864371,0.0041919873,5
2023-01-04,is,1,0.0041681618,0.0044348285,0.0047640653,-0.0033753375,0.0025567376,0.0033892042,0.0017136246,0.0087621687,2
2023-01-05,is,1,0.0022869060,0.0024869060,-0.0156543990,-0.0093167702,0.0017919504,0.0025111498,0.0022869060,0.0019539480,4
2023-01-06,is,1,-0.0061103751,-0.0059103751,0.0276014986,0.0206948927,-0.0012956213,-0.0012120063,-0.0027573560,-0.0055985364,5
2023-01-09,is,1,-0.0072560882,-0.0069227549,0.0064732143,-0.0010707824,-0.0085047999,-0.0067517057,-0.0037009229,-0.0139011771,1
2023-01-10,is,1,0.0001989518,0.0003322851,0.0084645524,0.0123937808,-0.0003364716,0.0006906675,-0.0002261739,0.0031724717,4
2023-01-11,is,1,-0.0011752473,-0.0011085807,0.0173001503,0.0132520444,-0.0005164540,0.0000000000,-0.0011752473,-0.0011096915,4
2023-01-12,is,1,0.0019001708,0.0020335041,0.0054044316,0.0033438803,0.0010340650,0.0007821043,0.0019001708,0.0054233410,2
2023-01-13,is,1,-0.0043286049,-0.0041286049,0.0068804874,0.0161663653,-0.0029439301,-0.0002754234,-0.0019757240,-0.0029645542,5
2023-01-17,is,1,0.0000000000,0.0000000000,0.0020286863,0.0027424582,0.0003346376,-0.0002586346,0.0000000000,0.0016452174,2
2023-01-18,is,1,0.0005079221,0.0005745888,-0.0129999290,-0.0184733849,-0.0025059282,-0.0007040636,0.0005079221,0.0018116664,5
2023-01-19,is,1,-0.0010608376,-0.0008608376,-0.0098243846,-0.0038737238,-0.0006298306,0.0000642795,-0.0012160085,-0.0042197204,2
2023-01-20,is,1,-0.0049377707,-0.0046044373,0.0273668908,0.0212796705,-0.0038559083,-0.0007571875,-0.0024826498,-0.0066594708,5
2023-01-23,is,1,0.0011411105,0.0012744439,0.0222159332,0.0191154687,0.0012979995,0.0016009836,0.0001298538,-0.0077909109,5
2023-01-24,is,1,0.0012573616,0.0013906949,-0.0020418051,0.0036893947,0.0011031638,-0.0001273787,0.0004053589,0.0029641734,2
2023-01-25,is,1,-0.0067737646,-0.0065737646,-0.0022193709,0.0139549635,-0.0047424421,-0.0103939641,-0.0035967959,-0.0071465009,5
2023-01-26,is,1,-0.0031372066,-0.0030038732,0.0194974455,0.0072797198,-0.0022448721,-0.0044161690,-0.0021247033,-0.0004268573,3
2023-01-27,is,1,0.0004348759,0.0005682092,0.0099543192,0.0145890411,0.0012397747,0.0011064227,-0.0005158424,0.0020421612,5
2023-01-30,is,1,0.0005984637,0.0007317970,-0.0202187268,-0.0090806677,0.0006030783,-0.0001568687,0.0005984637,0.0000535072,4
2023-01-31,is,1,0.0001718748,0.0002385415,0.0149860475,0.0148461989,0.0004099196,0.0009523551,0.0001718748,0.0007933980,5
2023-02-01,is,1,-0.0025392114,-0.0021392114,0.0213834770,0.0221120207,-0.0018633243,-0.0061652578,-0.0017991061,-0.0013773349,5
2023-02-02,is,1,0.0028064909,0.0030731576,0.0358899375,0.0134928634,0.0025386022,0.0021308686,0.0016266335,0.0008152294,4
2023-02-03,is,1,0.0002926693,0.0004926693,-0.0177723598,0.0040663737,0.0008038070,0.0011725042,0.0002926693,0.0037751132,2
2023-02-06,is,1,0.0013330699,0.0014664033,-0.0084590764,0.0002635827,0.0009902357,0.0022544836,0.0013330699,0.0010749456,1
2023-02-07,is,1,0.0072294646,0.0075627980,0.0207187325,0.0211560008,0.0046780834,0.0064286408,0.0039394713,0.0072294646,5
2023-02-08,is,1,0.0004488538,0.0005155205,-0.0177810765,-0.0135152654,0.0009426580,0.0009377319,0.0004488538,-0.0005108840,5
2023-02-09,is,1,-0.0012709700,-0.0010043033,-0.0088379275,-0.0231835255,-0.0034512470,0.0020265196,-0.0010910743,0.0005446247,5
2023-02-10,is,1,0.0022544236,0.0023877569,-0.0065632458,0.0007346067,0.0013416385,0.0010114373,0.0022544236,0.0052967163,1
2023-02-13,is,1,0.0004724039,0.0005390705,0.0160160160,0.0111911799,0.0003627300,0.0028974041,0.0004724039,-0.0087827974,4
2023-02-14,is,1,0.0001349944,0.0002683277,0.0073891626,0.0127439004,0.0009566414,0.0005076280,0.0001349944,0.0091876604,4
2023-02-15,is,1,0.0021861839,0.0024528506,0.0076609617,0.0137750082,0.0007553354,0.0004498819,0.0003446293,0.0045368911,5
2023-02-16,is,1,-0.0073888658,-0.0070555325,-0.0187641540,-0.0035481963,-0.0054504348,-0.0021530426,-0.0021417710,-0.0053565525,2
2023-02-17,is,1,-0.0001797936,-0.0000464603,-0.0070557204,0.0002989338,-0.0008972984,-0.0009653788,-0.0001797936,-0.0025496532,1
2023-02-21,is,1,0.0007498269,0.0008831602,-0.0236751229,-0.0108659086,-0.0001456980,0.0016850217,0.0000124347,-0.0017238616,4
2023-02-22,is,1,-0.0000106312,0.0003227021,0.0007482230,-0.0012558550,-0.0001124669,0.0004977232,-0.0010045274,0.0018278603,1
2023-02-23,is,1,-0.0077258887,-0.0074592220,0.0087340697,-0.0038594489,-0.0051945505,-0.0064773708,-0.0036503932,-0.0060664850,2
2023-02-24,is,1,0.0021096202,0.0023762868,-0.0167441547,0.0003084727,0.0015490873,0.0015893144,0.0005985262,0.0002869472,1
2023-02-27,is,1,0.0006976183,0.0008976183,0.0071612130,-0.0038295998,0.0010201651,0.0010491903,0.0006976183,0.0012524838,2
2023-02-28,is,1,-0.0036334916,-0.0034334916,-0.0012927808,0.0008864644,-0.0024815755,-0.0004049165,-0.0019846895,-0.0015787962,1
2023-03-01,is,1,-0.0004440899,-0.0003774232,-0.0080392424,-0.0070244834,-0.0004388836,0.0000604823,-0.0004440899,0.0008399775,3
2023-03-02,is,1,-0.0073717300,-0.0071717300,0.0082760989,0.0171482020,-0.0064361541,-0.0043108595,-0.0030563574,-0.0061475239,5
2023-03-03,is,1,-0.0026443206,-0.0024443206,0.0206736828,0.0145231728,-0.0038710062,-0.0016042251,-0.0017905923,-0.0055308058,5
2023-03-06,is,1,-0.0075322008,-0.0073322008,0.0011345435,-0.0030570878,-0.0004034671,-0.0038733228,-0.0030615358,-0.0094074558,2
2023-03-07,is,1,0.0004768940,0.0006102274,-0.0122658489,-0.0124304329,0.0000379525,0.0007945438,0.0004768940,0.0011378094,4
2023-03-08,is,1,0.0017473264,0.0018806597,0.0049942633,0.0035380935,-0.0002426964,0.0010911874,0.0017473264,0.0032281143,2
2023-03-09,is,1,-0.0169804769,-0.0167804769,-0.0173259016,-0.0190057989,-0.0154953817,-0.0183025706,-0.0065991111,-0.0176935056,5
2023-03-10,is,1,0.0020620308,0.0021953641,-0.0140436001,-0.0146159888,0.0040275472,0.0036386267,0.0020620308,0.0030793676,5
2023-03-13,is,1,0.0036591186,0.0038591186,0.0074163923,0.0138109022,0.0013788056,0.0015704104,0.0036591186,0.0090826101,5
2023-03-14,is,1,0.0001564654,0.0003564654,0.0229798067,0.0103972002,-0.0003115950,0.0009863897,0.0000539674,-0.0018500217,4
2023-03-15,is,1,0.0000006689,0.0002006689,0.0052459898,0.0143191612,-0.0000924598,0.0006865344,0.0003922219,0.0000006689,5
2023-03-16,is,1,-0.0027153510,-0.0023820176,0.0263606864,0.0295637584,-0.0005536402,-0.0016934791,-0.0032795561,-0.0102944272,5
2023-03-17,is,1,0.0006779920,0.0007446587,-0.0047260520,-0.0044340115,0.0005771742,0.0009144813,0.0006779920,0.0031673349,2
2023-03-20,is,1,0.0000000000,0.0000000000,0.0019976421,0.0056201933,0.0024736423,0.0018960466,0.0000000000,0.0009117531,3
2023-03-21,is,1,-0.0021050854,-0.0019717521,0.0142824460,0.0077937261,-0.0002574026,-0.0043749768,-0.0012956447,-0.0004441888,3
2023-03-22,is,1,0.0048344762,0.0049678095,-0.0135979893,-0.0133754472,-0.0003019361,0.0064402152,0.0015736380,0.0050779467,4
2023-03-23,is,1,-0.0083929682,-0.0081929682,0.0118580949,-0.0005485287,-0.0060589997,0.0021161129,-0.0034306496,-0.0083929682,1
2023-03-24,is,1,0.0002464271,0.0003797604,0.0036803874,0.0050756498,-0.0018665776,-0.0028603334,0.0002464271,0.0002464271,3
2023-03-27,is,1,0.0004595076,0.0006595076,-0.0068512979,-0.0091142490,0.0010783846,0.0005977034,-0.0000576402,0.0008476661,4
2023-03-28,is,1,-0.0000813807,0.0001186193,-0.0053115689,-0.0034072103,-0.0002644117,0.0003053893,-0.0007800174,-0.0012110694,2
2023-03-29,is,1,-0.0002192729,-0.0000859396,0.0182339151,0.0059186824,-0.0003699569,-0.0016607788,-0.0004401554,0.0008063246,3
2023-03-30,is,1,-0.0000027941,0.0001972059,0.0094653364,0.0013957620,-0.0011842268,0.0008245165,-0.0004315940,-0.0002757118,1
2023-03-31,is,1,-0.0024596654,-0.0021929988,0.0166307653,0.0158906018,-0.0030170231,0.0001395844,-0.0012229969,-0.0049788604,5
2023-04-03,is,1,-0.0025055355,-0.0022388689,-0.0024304365,0.0043291401,-0.0015986803,0.0001012704,-0.0009643128,-0.0030091911,2
2023-04-04,is,1,0.0008540505,0.0011207172,-0.0033734187,-0.0047723019,-0.0002710734,0.0016470876,-0.0003317393,0.0019710001,2
2023-04-05,is,1,0.0006791296,0.0008791296,-0.0098724418,-0.0070418108,0.0005384679,0.0003699523,0.0003761417,-0.0055313412,3
2023-04-06,is,1,-0.0017344968,-0.0015344968,0.0067422132,0.0121244908,-0.0009877169,-0.0024855417,-0.0017946559,0.0002103308,4
2023-04-10,is,1,0.0011529784,0.0014196451,-0.0005659488,0.0088869140,-0.0001577280,0.0006009124,0.0006640706,0.0014570823,4
2023-04-11,is,1,0.0000385223,0.0001051890,-0.0064177179,-0.0062926722,0.0003095762,-0.0000331411,0.0000385223,-0.0004312554,3
2023-04-12,is,1,-0.0000577804,0.0000755529,-0.0088338663,-0.0151711661,-0.0003163397,-0.0014167342,-0.0000577804,-0.0004894479,5
2023-04-13,is,1,-0.0024473722,-0.0022473722,0.0195821620,0.0141295302,-0.0036408976,-0.0000699608,-0.0013040309,-0.0040879603,5
2023-04-14,is,1,0.0010071082,0.0012071082,-0.0018798759,0.0030857395,0.0006325761,0.0009471215,0.0006857145,0.0028022148,2
2023-04-17,is,1,-0.0007906639,-0.0006573305,0.0008475374,0.0021687883,-0.0013974705,-0.0000113013,-0.0007906639,-0.0013614581,1
2023-04-18,is,1,0.0005938145,0.0006604812,0.0000627274,-0.0066357207,0.0006617851,0.0009663870,0.0005938145,0.0020189327,3
2023-04-19,is,1,0.0000176860,0.0001510193,-0.0004704259,0.0072690497,-0.0001979433,-0.0006753835,0.0000176860,0.0003923951,3
2023-04-20,is,1,-0.0017860457,-0.0014527123,-0.0076244862,0.0018689220,-0.0014813993,-0.0003349274,-0.0018120472,-0.0005364379,1
2023-04-21,is,1,0.0004618568,0.0005951901,0.0010433793,0.0022158210,0.0008111538,0.0010192210,0.0004618568,0.0018794517,1
2023-04-24,is,1,-0.0001828806,-0.0001162140,-0.0020845836,-0.0013591251,0.0000594706,0.0001786507,-0.0001828806,0.0008897992,1
2023-04-25,is,1,-0.0009991810,-0.0008658477,-0.0188637443,-0.0136816316,-0.0010121473,-0.0007890971,-0.0009991810,-0.0017550568,5
2023-04-26,is,1,-0.0010251267,-0.0009584600,0.0060647118,-0.0052641654,-0.0010283711,-0.0004243340,-0.0010251267,-0.0024567772,3
2023-04-27,is,1,-0.0014577289,-0.0012577289,0.0271908167,0.0147291733,-0.0071857477,-0.0024320789,-0.0010371757,-0.0070298132,5
2023-04-28,is,1,0.0013720342,0.0015720342,0.0068987045,0.0076536191,0.0003837403,0.0006640070,0.0006953474,0.0050977208,3
2023-05-01,is,1,0.0006525793,0.0009192459,-0.0011470734,0.0003104722,-0.0004383435,0.0000910176,0.0002015350,0.0006525793,1
2023-05-02,is,1,0.0004277547,0.0005610880,-0.0087215618,-0.0085061468,0.0012936592,0.0005621232,-0.0004168946,-0.0081965985,4
2023-05-03,is,1,-0.0024428006,-0.0021094673,-0.0065439289,-0.0076935106,-0.0031204617,0.0030959139,-0.0017158414,-0.0009017597,3
2023-05-04,is,1,0.0017030091,0.0019696758,-0.0035298938,-0.0028070397,0.0011941091,0.0014974111,0.0011457801,0.0017030091,2
2023-05-05,is,1,-0.0021052849,-0.0019052849,0.0212543885,0.0138788583,-0.0004680795,0.0003931756,-0.0013199163,-0.0047125153,5
2023-05-08,is,1,0.0006254521,0.0008921187,0.0024776240,0.0039389616,0.0007249071,0.0002482748,0.0001047075,0.0012077092,2
2023-05-09,is,1,0.0002812884,0.0004146217,-0.0063332201,-0.0011180124,0.0006283667,-0.0002130298,0.0002812884,0.0005665230,1
2023-05-10,is,1,0.0014074976,0.0015408310,0.0108817311,0.0031469826,0.0003214639,0.0017397995,0.0004032679,0.0031044451,2
2023-05-11,is,1,0.0019577237,0.0021577237,0.0032601341,0.0015351551,0.0019560611,0.0016840551,0.0019577237,0.0019577237,1
2023-05-12,is,1,0.0012890520,0.0014223853,-0.0035867566,-0.0052335190,0.0000456588,0.0028682449,0.0002522732,0.0018580968,3
2023-05-15,is,1,0.0004899026,0.0006899026,0.0054148848,0.0039322909,0.0001431325,0.0007895488,-0.0002865638,0.0016324134,2
2023-05-16,is,1,0.0003426969,0.0004760302,0.0011322256,0.0033736122,0.0001843983,0.0003660608,0.0003426969,0.0012935312,2
2023-05-17,is,1,-0.0047784202,-0.0045784202,0.0121041692,0.0087740678,-0.0039670498,0.0000000000,-0.0019808039,-0.0039585891,4
2023-05-18,is,1,-0.0004667039,-0.0003333706,0.0185733269,0.0173443533,-0.0001334876,-0.0027065776,-0.0004667039,-0.0063213604,5
2023-05-19,is,1,0.0010902660,0.0012902660,-0.0022533875,-0.0029037897,-0.0014749729,0.0028746149,0.0005217285,0.0010902660,2
2023-05-22,is,1,0.0004014012,0.0004680679,0.0033579983,0.0041338290,0.0003383846,0.0001551331,0.0004014012,0.0004157386,2
2023-05-23,is,1,-0.0030443900,-0.0028443900,-0.0126762232,-0.0075322278,-0.0036117289,-0.0094552431,-0.0021995397,-0.0029599693,3
2023-05-24,is,1,0.0007216882,0.0008550215,-0.0051295896,0.0008449769,0.0009444296,0.0012308356,0.0007216882,-0.0004901432,1
2023-05-25,is,1,0.0016163743,0.0018830410,0.0243328810,0.0017102082,0.0016159783,-0.0009758086,0.0004764390,-0.0010514316,1
2023-05-26,is,1,0.0011689273,0.0013689273,0.0255504533,0.0224204719,0.0006077151,0.0002891742,0.0006434174,-0.0091057458,5
2023-05-30,is,1,0.0019161713,0.0021161713,0.0045350172,-0.0077400697,0.0031165907,0.0033938273,0.0010185086,0.0038713099,3
2023-05-31,is,1,0.0009961681,0.0011961681,-0.0056860392,-0.0010907943,-0.0000241199,-0.0028211865,0.0005037992,-0.0008194119,1
2023-06-01,is,1,0.0007723404,0.0009723404,0.0115520561,0.0123084002,0.0005450656,0.0003523026,-0.0002039305,-0.0021292131,4
2023-06-02,is,1,0.0010400490,0.0011733823,0.0074997869,0.0024024873,0.0006681628,0.0008809191,0.0003913677,0.0040853183,1
2023-06-05,is,1,-0.0007657254,-0.0004990587,0.0007049203,0.0013260728,-0.0002324810,0.0013867194,-0.0009379093,0.0003935733,1
2023-06-06,is,1,0.0018182218,0.0020848885,-0.0001690617,0.0015806707,0.0001908649,0.0013572134,0.0013217303,0.0031102124,1
2023-06-07,is,1,-0.0008648175,-0.0007314842,-0.0169653929,-0.0177681412,0.0007494896,-0.0022334107,-0.0007886322,-0.0016329921,5
2023-06-08,is,1,0.0020137841,0.0022804508,0.0124132791,0.0115433089,0.0006398294,0.0014681149,0.0004144019,0.0004172809,4
2023-06-09,is,1,-0.0000384484,0.0000282183,0.0038227382,-0.0003665793,-0.0000976845,0.0004380015,-0.0000384484,0.0006938679,1
2023-06-12,is,1,-0.0080589595,-0.0078589595,0.0168970381,0.0120722087,-0.0043754033,-0.0004479421,-0.0034290472,-0.0078681934,4
2023-06-13,is,1,0.0013087421,0.0015087421,0.0076839857,-0.0000825787,0.0009742694,0.0014505173,0.0004296123,0.0040339501,1
2023-06-14,is,1,0.0028588436,0.0031255103,0.0072675219,0.0072397941,0.0022015019,0.0006969822,0.0008407618,0.0013472891,3
2023-06-15,is,1,-0.0005085724,-0.0001085724,0.0119158240,0.0154960094,-0.0003378492,-0.0014864760,-0.0006470921,-0.0021810400,5
2023-06-16,is,1,-0.0038186131,-0.0036186131,-0.0062928753,-0.0128514703,-0.0005687614,0.0023926954,-0.0016984440,-0.0031103584,4
2023-06-20,is,1,-0.0015219116,-0.0013219116,-0.0027994455,0.0025959831,-0.0011013471,-0.0000469005,-0.0011058550,-0.0040748606,2
2023-06-21,is,1,0.0001686404,0.0003019738,-0.0136276915,-0.0104992618,0.0004240393,0.0014608676,-0.0002410666,-0.0051642397,4
2023-06-22,is,1,0.0024482426,0.0027149092,0.0117988395,0.0153620054,0.0004089758,-0.0011069283,0.0018630841,0.0040515644,5
2023-06-23,is,1,-0.0006834028,-0.0005500695,-0.0099134282,0.0009662903,-0.0001550150,0.0002852857,-0.0006834028,-0.0009247267,1
2023-06-26,is,1,-0.0015309741,-0.0012643074,-0.0134054173,-0.0118784530,0.0012035433,-0.0008667205,-0.0016010543,-0.0008129989,4
2023-06-27,is,1,-0.0028062155,-0.0027395488,0.0171941400,0.0127487822,-0.0018531013,0.0005485737,-0.0028062155,-0.0028062155,4
2023-06-28,is,1,0.0013204270,0.0014537604,0.0019514608,0.0070722139,0.0005731468,0.0023668568,0.0013204270,0.0029824832,3
2023-06-29,is,1,0.0000508344,0.0001841678,-0.0020025237,-0.0011805403,0.0001657250,0.0002804079,-0.0002958815,0.0008844480,1
2023-06-30,is,1,0.0009284096,0.0011284096,0.0154201369,0.0050877432,0.0005669331,0.0001949479,0.0009284096,-0.0005794143,3
2023-07-03,is,1,-0.0006437892,-0.0005771225,0.0023550430,0.0005944821,0.0000000000,-0.0006537689,-0.0006437892,-0.0003082112,1
2023-07-05,is,1,0.0012733988,0.0014067322,-0.0000270059,0.0043260690,0.0005050415,0.0002446900,0.0004695433,0.0012834931,2
2023-07-06,is,1,0.0003700151,0.0004366817,-0.0076158583,0.0025920166,-0.0014898573,0.0002088404,0.0003700151,0.0000845599,2
2023-07-07,is,1,-0.0050264466,-0.0048264466,-0.0033200893,-0.0026141655,-0.0028730919,-0.0027137468,-0.0030730130,-0.0025830954,2
2023-07-10,is,1,0.0013246770,0.0015246770,0.0003276540,0.0010930156,0.0008706639,0.0014202217,0.0008727988,0.0029762234,1
2023-07-11,is,1,0.0011010899,0.0012344232,0.0049404957,0.0037623708,-0.0000586616,-0.0002550014,0.0011010899,0.0020514308,2
2023-07-12,is,1,0.0013022871,0.0015022871,0.0126300350,0.0012891443,0.0004397965,0.0017125300,0.0005425372,0.0007612074,1
2023-07-13,is,1,-0.0019109931,-0.0017109931,0.0169787029,0.0082435846,-0.0003741467,0.0007402710,-0.0009746677,-0.0019688026,3
2023-07-14,is,1,0.0003539400,0.0005539400,-0.0002109983,-0.0013567449,0.0005727452,0.0011477513,-0.0000460988,0.0010676935,1
2023-07-17,is,1,0.0000716366,0.0004049700,0.0093386446,0.0073986309,0.0007041778,0.0019436208,-0.0005868379,-0.0004770802,3
2023-07-18,is,1,-0.0099522150,-0.0097522150,0.0081806539,0.0098963242,0.0000613984,-0.0060907104,-0.0039072264,-0.0095027566,4
2023-07-19,is,1,0.0002864920,0.0005531586,-0.0002333178,-0.0030246626,0.0004972752,-0.0038107213,-0.0002450831,0.0001919929,2
2023-07-20,is,1,-0.0066772236,-0.0064772236,-0.0230519901,-0.0152897206,-0.0012414946,0.0006860439,-0.0026737822,-0.0099695138,5
2023-07-21,is,1,0.0008158318,0.0010158318,-0.0029992568,-0.0093623081,0.0000152250,0.0008501961,0.0008158318,0.0029795534,4
2023-07-24,is,1,0.0001324942,0.0001991609,0.0015973165,-0.0010355265,0.0002884229,0.0008729167,0.0001324942,0.0014724476,1
2023-07-25,is,1,0.0002681620,0.0004681620,0.0067777689,0.0048547553,-0.0009872380,-0.0003436612,0.0002557575,0.0004706399,2
2023-07-26,is,1,0.0041036196,0.0043702863,-0.0033264692,-0.0004500688,0.0018433420,0.0041113928,0.0036263755,0.0040715169,1
2023-07-27,is,1,-0.0079100174,-0.0077100174,-0.0023839797,-0.0168376537,-0.0057712796,-0.0062839953,-0.0042442580,-0.0067424381,5
2023-07-28,is,1,0.0005670533,0.0007670533,0.0182146461,0.0071965121,0.0006349937,0.0019593157,-0.0001243806,-0.0019976884,3
2023-07-31,is,1,0.0010789707,0.0012123040,0.0005215396,-0.0002866151,0.0002968943,0.0013867456,0.0010789707,0.0010789707,1
2023-08-01,is,1,0.0003986276,0.0004652943,-0.0023196414,0.0012555256,0.0004423746,-0.0009483469,0.0003986276,0.0018203899,1
2023-08-02,is,1,0.0011254010,0.0013254010,-0.0219441469,-0.0128407952,0.0003397092,0.0014051358,0.0011254010,-0.0021403773,4
2023-08-03,is,1,0.0012839459,0.0016172792,-0.0016026069,0.0049739205,-0.0004313817,0.0009126656,0.0002994252,0.0042819786,2
2023-08-04,is,1,-0.0059666536,-0.0056999870,-0.0046817732,-0.0098735862,-0.0048174048,-0.0068046262,-0.0028987325,-0.0037818152,4
2023-08-07,is,1,0.0021046194,0.0023712861,0.0084668315,0.0035037980,0.0003664549,0.0000237542,0.0010502199,0.0021046194,2
2023-08-08,is,1,-0.0021248144,-0.0019914811,-0.0085023588,-0.0017174753,-0.0029135364,-0.0002694563,-0.0014252279,-0.0048210344,1
2023-08-09,is,1,0.0001837687,0.0003171020,-0.0109946237,-0.0117650219,-0.0004850247,0.0005192015,0.0001837687,-0.0027413655,4
2023-08-10,is,1,0.0020787266,0.0022787266,0.0018482781,-0.0064156131,0.0017405856,0.0022508234,0.0010850056,0.0042286949,3
2023-08-11,is,1,0.0000000000,0.0000000000,-0.0063756477,0.0006830788,0.0004117343,0.0013456646,0.0000000000,0.0017561717,1
2023-08-14,is,1,0.0005030828,0.0005697495,0.0112221494,0.0134635908,0.0001460683,0.0008162456,0.0005030828,0.0003645139,4
2023-08-15,is,1,-0.0001225941,0.0000107393,-0.0106115836,-0.0078514187,-0.0004155214,-0.0002715723,-0.0001225941,0.0002986534,3
2023-08-16,is,1,0.0000383312,0.0003716645,-0.0105889417,-0.0091015935,-0.0007258488,-0.0014975943,0.0001552234,0.0000383312,4
2023-08-17,is,1,-0.0025093284,-0.0023093284,-0.0109229326,-0.0147818442,-0.0030871949,-0.0007652145,-0.0017885849,-0.0015897206,5
2023-08-18,is,1,0.0019454617,0.0021454617,-0.0012549501,0.0080222935,0.0012850030,0.0010750032,0.0019454617,0.0029567247,3
2023-08-21,is,1,-0.0026420592,-0.0025753925,0.0161114679,0.0119014515,-0.0001653309,-0.0019100750,-0.0026420592,-0.0010260952,4
2023-08-22,is,1,0.0020182399,0.0022182399,-0.0014289640,-0.0086482062,0.0018590128,0.0016994701,0.0012983332,0.0035945061,4
2023-08-23,is,1,0.0001723240,0.0002389906,0.0157686169,0.0124252565,-0.0003350670,0.0003459112,0.0001723240,-0.0050678576,4
2023-08-24,is,1,-0.0017912671,-0.0017246004,-0.0213757416,-0.0306462001,-0.0015327196,-0.0038861740,-0.0017912671,-0.0085598520,5
2023-08-25,is,1,-0.0016125921,-0.0014792588,0.0077515088,0.0053856989,-0.0003838794,-0.0014488716,-0.0012433536,0.0045120268,3
2023-08-28,is,1,0.0018495740,0.0019829073,0.0075270590,-0.0006267201,0.0010872567,0.0016538520,0.0005891248,0.0033308458,1
2023-08-29,is,1,0.0002488768,0.0003822101,0.0218398953,0.0223701440,-0.0005695499,0.0000000000,-0.0000844672,-0.0127958368,5
2023-08-30,is,1,0.0013458765,0.0014792098,0.0055767537,0.0052816901,0.0007843627,0.0011196070,0.0004682310,0.0048271121,3
2023-08-31,is,1,0.0020642650,0.0022642650,0.0029984610,0.0027855892,0.0014337776,0.0020630722,0.0010768996,0.0015337517,2
2023-09-01,is,1,0.0006724718,0.0008058051,-0.0010582291,-0.0073869611,0.0002362081,-0.0002640958,0.0001899750,0.0028434117,3
2023-09-05,is,1,0.0015515147,0.0016848480,0.0012712201,0.0034503809,0.0012909377,0.0013970744,0.0015515147,0.0022717893,2
2023-09-06,is,1,0.0009448413,0.0010781746,-0.0088078927,-0.0065468617,0.0005640577,0.0003004234,0.0009448413,-0.0027466255,3
2023-09-07,is,1,0.0005466814,0.0006133480,-0.0071516251,0.0049971638,0.0003684748,0.0002724593,0.0005466814,0.0023457872,2
2023-09-08,is,1,0.0010770228,0.0012770228,0.0013976240,0.0015322169,0.0000384707,0.0016335045,0.0010770228,0.0010281991,1
2023-09-11,is,1,-0.0027853500,-0.0025186833,0.0117827044,0.0034339562,-0.0003837057,-0.0009899289,-0.0010297183,-0.0012470226,2
2023-09-12,is,1,0.0009805746,0.0010472412,-0.0110884155,-0.0066085752,0.0007406808,-0.0009759257,0.0009805746,0.0001478484,3
2023-09-13,is,1,0.0001511849,0.0003511849,0.0038091151,0.0031632845,-0.0001318475,0.0002847388,-0.0001120578,0.0012513586,2
2023-09-14,is,1,0.0007753376,0.0009086709,0.0081772267,0.0033777494,0.0003249994,0.0012111201,0.0007753376,0.0013982131,2
2023-09-15,is,1,-0.0001522252,-0.0000188919,-0.0171230153,-0.0135670772,-0.0006905790,0.0011419085,-0.0001522252,-0.0054786867,5
2023-09-18,is,1,0.0002904710,0.0004238043,-0.0004045198,0.0036553666,-0.0002844445,0.0005577216,-0.0002374409,0.0012777842,2
2023-09-19,is,1,-0.0013379577,-0.0011379577,-0.0021313333,0.0014892234,0.0000892905,-0.0011208010,-0.0010310261,-0.0038943684,1
2023-09-20,is,1,-0.0008339998,-0.0006339998,-0.0144104685,-0.0172799569,-0.0006496087,-0.0032184300,-0.0008339998,-0.0000196647,5
2023-09-21,is,1,-0.0012657974,-0.0011324640,-0.0183244637,-0.0081485588,-0.0010960166,-0.0013892941,-0.0012657974,-0.0021358137,3
2023-09-22,is,1,-0.0009399889,-0.0007399889,0.0001397194,-0.0047826933,0.0007434420,0.0000913752,-0.0000583263,-0.0017821222,2
2023-09-25,is,1,0.0015080134,0.0017080134,0.0047497974,0.0075084751,0.0008716682,0.0008199995,0.0006799006,0.0030732635,3
2023-09-26,is,1,0.0003764545,0.0005097878,-0.0150162676,-0.0077873330,0.0000849892,0.0008445796,-0.0002641725,-0.0017570998,3
2023-09-27,is,1,0.0024967055,0.0027633722,0.0023432427,-0.0009567224,0.0008863977,0.0002894481,0.0011428917,0.0036953633,1
2023-09-28,is,1,-0.0002027484,0.0000639183,0.0083652546,0.0110135269,0.0016604949,-0.0008695987,-0.0001081955,0.0011922837,4
2023-09-29,is,1,-0.0013016912,-0.0010350245,0.0007262367,-0.0090446424,-0.0017316968,0.0009020543,-0.0010596016,-0.0011471006,4
2023-10-02,is,1,0.0036619680,0.0038619680,0.0083456611,0.0076978859,0.0024206350,0.0029445710,0.0019863702,0.0040114824,3
2023-10-03,is,1,0.0000745884,0.0002079217,-0.0175496872,-0.0107586822,0.0003449059,-0.0003557728,0.0000745884,-0.0030870777,4
2023-10-04,is,1,-0.0006816430,-0.0004816430,0.0136087006,0.0111870028,-0.0005260966,-0.0006259355,-0.0005501039,0.0005548866,4
2023-10-05,is,1,0.0001635841,0.0003635841,-0.0029464906,-0.0029187747,-0.0003327826,-0.0007820685,0.0001568782,-0.0014940383,2
2023-10-06,is,1,-0.0003091796,-0.0001758463,0.0167554155,0.0255307184,-0.0050161833,-0.0008020528,-0.0007535365,0.0009243006,5
2023-10-09,is,1,-0.0036072019,-0.0034072019,0.0051000823,0.0117582114,-0.0035693938,-0.0030542424,-0.0017949195,-0.0024565158,4
2023-10-10,is,1,0.0004610115,0.0006610115,0.0055379747,0.0046061597,0.0000627701,-0.0008747908,0.0000844398,-0.0070613268,2
2023-10-11,is,1,-0.0008866311,-0.0007532978,0.0071352994,0.0034600205,-0.0011069363,0.0008408714,-0.0008866311,0.0003854985,2
2023-10-12,is,1,-0.0035558311,-0.0032891644,-0.0034750283,-0.0048422242,-0.0024727068,-0.0067341431,-0.0015975425,-0.0042446902,2
2023-10-13,is,1,0.0011962369,0.0012629036,-0.0125699457,-0.0142753056,0.0009638857,0.0027973174,0.0011962369,-0.0017553905,5
2023-10-16,is,1,0.0017293311,0.0018626645,0.0113063951,0.0076100595,0.0011244913,0.0031107714,0.0017293311,0.0006663960,3
2023-10-17,is,1,0.0002989665,0.0004989665,-0.0032754934,0.0065334463,-0.0000962119,-0.0008821596,-0.0002694603,0.0019432450,3
2023-10-18,is,1,0.0007411421,0.0008744754,-0.0131178707,-0.0062898242,0.0005378858,0.0008666176,0.0007411421,0.0017121314,3
2023-10-19,is,1,0.0025838410,0.0026505077,-0.0093568539,-0.0132671802,0.0020352127,0.0022716005,0.0025838410,0.0045535925,4
2023-10-20,is,1,0.0003531525,0.0005531525,-0.0149179098,-0.0135202804,0.0007581363,0.0015759614,-0.0009865327,-0.0031497562,5
2023-10-23,is,1,0.0002130758,0.0003464091,0.0030174845,0.0068221706,0.0008392492,-0.0017149738,0.0002130758,0.0048640810,3
2023-10-24,is,1,0.0002435932,0.0004435932,0.0097281188,0.0045313418,-0.0000298966,-0.0009758206,-0.0006164461,0.0002435932,2
2023-10-25,is,1,-0.0035539383,-0.0033539383,-0.0244758166,-0.0178861789,0.0003124750,-0.0036757369,-0.0022648582,-0.0037896048,5
2023-10-26,is,1,0.0012578079,0.0013911413,-0.0190671919,-0.0156393217,0.0002716631,0.0004556147,0.0012578079,0.0008105267,5
2023-10-27,is,1,-0.0003464121,-0.0001464121,0.0048012571,-0.0032329764,0.0006022103,-0.0010836251,-0.0004437732,-0.0003464121,2
2023-10-30,is,1,0.0014308304,0.0016308304,0.0112652399,0.0039387057,-0.0008394760,0.0021101928,0.0005842812,0.0026072670,2
2023-10-31,is,1,0.0005360718,0.0006027384,0.0047823597,0.0046960456,0.0004719959,-0.0002723578,0.0005360718,0.0020421237,2
2023-11-01,is,1,-0.0011554850,-0.0009554850,0.0173568558,0.0148982145,0.0003780488,0.0019955724,-0.0001054237,-0.0024943180,5
2023-11-02,is,1,-0.0006600630,-0.0004600630,0.0181532945,0.0052552968,-0.0021983044,-0.0002098811,-0.0006549128,-0.0012063991,3
2023-11-03,is,1,-0.0004341987,-0.0003008653,0.0117488444,0.0081151474,0.0002658449,0.0003891218,-0.0004341987,-0.0042911089,3
2023-11-06,is,1,-0.0007328395,-0.0005328395,0.0040793016,0.0019810578,-0.0011582777,-0.0020121879,-0.0010927204,0.0005084970,1
2023-11-07,is,1,0.0003922015,0.0005255349,0.0094526150,0.0065627785,0.0002254014,0.0007873022,0.0003922015,-0.0055120044,3
2023-11-08,is,1,0.0012769707,0.0014103040,0.0006439496,-0.0003752546,0.0011207159,0.0010419464,0.0003550244,0.0013222210,1
2023-11-09,is,1,-0.0024534286,-0.0022534286,-0.0076956079,-0.0095278878,-0.0038952379,-0.0037382777,-0.0013797614,-0.0008928435,4
2023-11-10,is,1,-0.0060298369,-0.0058298369,0.0224822331,0.0176698402,-0.0055127657,-0.0040115317,-0.0037270279,-0.0146588980,5
2023-11-13,is,1,0.0004203377,0.0005536711,-0.0031184756,0.0011146793,0.0003362503,0.0009139586,0.0000559699,0.0007660593,1
2023-11-14,is,1,0.0017043558,0.0019043558,0.0215264707,0.0042219384,0.0008841958,0.0007686969,0.0017043558,0.0006695803,2
2023-11-15,is,1,0.0004743322,0.0006076655,0.0007526017,-0.0042091672,0.0006679840,-0.0008720849,-0.0003860341,0.0010357684,2
2023-11-16,is,1,0.0000619688,0.0002619688,0.0008557647,0.0028843156,0.0001196006,0.0013918039,0.0000619688,0.0008297607,2
2023-11-17,is,1,-0.0000124623,0.0001875377,0.0002331908,0.0021546689,-0.0000417970,0.0003830366,-0.0006458206,0.0005185997,1
2023-11-20,is,1,-0.0002356257,-0.0000356257,0.0121749042,0.0121486854,0.0003378791,0.0007562356,-0.0006309429,-0.0014459947,4
2023-11-21,is,1,0.0004641875,0.0005308542,-0.0058094897,-0.0013881391,0.0000000000,0.0005354063,0.0004641875,-0.0006825038,1
2023-11-22,is,1,0.0002132063,0.0003465396,0.0040929802,-0.0012545766,0.0008120898,-0.0007991793,-0.0003279465,0.0025344629,1
2023-11-24,is,1,0.0002329319,0.0002995985,-0.0014100395,-0.0003592968,0.0000000000,0.0001560623,0.0002329319,-0.0000690913,1
2023-11-27,is,1,0.0009191332,0.0011191332,-0.0008728916,0.0004113005,0.0003853187,0.0003253351,0.0004377514,0.0021679158,1
2023-11-28,is,1,0.0009969703,0.0011969703,0.0026209626,0.0045827862,0.0008093009,0.0011527000,0.0009969703,0.0017457520,2
2023-11-29,is,1,-0.0003358112,-0.0002691445,-0.0009738845,-0.0073340294,-0.0013552910,0.0000635215,-0.0003358112,0.0015280731,3
2023-11-30,is,1,0.0003465351,0.0004132018,-0.0025140453,-0.0030762920,0.0010760277,0.0000017304,0.0003465351,-0.0034400247,2
2023-12-01,is,1,-0.0007611826,-0.0006945159,0.0028547180,0.0056479691,-0.0012553324,-0.0011775762,-0.0007611826,-0.0007611826,3
2023-12-04,is,1,0.0004389273,0.0005722607,-0.0092834795,0.0005957160,0.0001557220,0.0008856352,0.0004389273,-0.0017671458,1
2023-12-05,is,1,0.0014549933,0.0015883266,0.0025108718,0.0074923905,0.0004932007,0.0002684772,0.0014549933,0.0035754315,3
2023-12-06,is,1,0.0004629978,0.0006629978,-0.0057837796,-0.0133753555,-0.0011680677,-0.0003744272,0.0004629978,0.0018800233,4
2023-12-07,is,1,0.0002579433,0.0003246100,0.0139722114,0.0060813771,0.0002663774,0.0019547398,0.0002579433,0.0006371043,3
2023-12-08,is,1,0.0001795927,0.0002462594,0.0044566247,0.0087992384,-0.0000069169,-0.0004310858,0.0001795927,0.0027972451,4
2023-12-11,is,1,0.0000000000,0.0000000000,0.0085422138,0.0096492572,-0.0002328672,0.0002520237,0.0000000000,-0.0004048409,4
2023-12-12,is,1,-0.0026529927,-0.0024529927,0.0079641990,0.0078622712,-0.0000753760,0.0000000000,-0.0012834567,-0.0027343748,3
2023-12-13,is,1,-0.0007610492,-0.0005610492,0.0127172850,0.0103097943,-0.0027025359,0.0002027366,-0.0008530928,-0.0003531901,4
2023-12-14,is,1,-0.0002937256,-0.0001603922,-0.0008668945,-0.0039261198,0.0017284526,-0.0002853846,-0.0005795381,0.0011436638,2
2023-12-15,is,1,0.0007813396,0.0009813396,0.0048340316,0.0028700084,-0.0000154577,0.0012121417,0.0004528079,-0.0012223391,2
2023-12-18,is,1,0.0000000000,0.0000000000,0.0042926926,0.0053095597,0.0002331692,0.0003554598,0.0000000000,0.0003273056,3
2023-12-19,is,1,0.0000000000,0.0000000000,0.0051095608,0.0039505325,0.0000000000,0.0009414158,0.0000000000,0.0003741964,2
2023-12-20,is,1,-0.0134334060,-0.0131667393,-0.0148597126,-0.0129055957,-0.0135112114,-0.0132934693,-0.0048823043,-0.0133636454,4
2023-12-21,is,1,-0.0006606459,-0.0005273126,0.0116354074,0.0018179138,-0.0001781895,-0.0003437647,-0.0006606459,-0.0006606459,1
2023-12-22,is,1,0.0015506498,0.0017506498,0.0014959413,-0.0015158924,0.0008195222,0.0034971345,-0.0000177202,0.0015573382,1
2023-12-26,is,1,0.0002921078,0.0006254411,0.0061217494,0.0039828955,0.0003544185,-0.0002242581,0.0001417922,0.0002051040,2
2023-12-27,is,1,0.0008393332,0.0009726665,0.0015089564,0.0012653607,0.0005814934,0.0010421616,0.0008393332,0.0012033193,1
2023-12-28,is,1,0.0006794447,0.0009461114,-0.0004860267,-0.0033198439,0.0007399527,0.0005100692,0.0004301249,0.0008068586,2
2023-12-29,is,1,-0.0012432933,-0.0010432933,-0.0043277413,-0.0043279518,-0.0007271570,-0.0006031110,-0.0009242186,-0.0063863090,2
2024-01-02,is,1,-0.0029858725,-0.0027858725,-0.0169222504,-0.0080080820,-0.0000473790,0.0022950755,-0.0014812342,-0.0045830632,3
2024-01-03,is,1,0.0023707802,0.0025707802,-0.0105814849,-0.0040007001,0.0012972154,0.0011697775,0.0023707802,0.0030894101,2
2024-01-04,is,1,0.0012718580,0.0014051913,-0.0051464866,-0.0004035920,0.0002258405,0.0005711331,0.0012718580,0.0020698148,1
2024-01-05,is,1,-0.0002222023,-0.0000222023,0.0011860301,0.0007567159,0.0005651356,0.0010983751,-0.0002899375,-0.0001216379,1
2024-01-08,is,1,-0.0060739810,-0.0058739810,0.0206679269,0.0174878766,-0.0065906108,-0.0004015844,-0.0025378295,-0.0112504108,5
2024-01-09,is,1,0.0006860559,0.0008860559,0.0019755525,0.0095543778,0.0010690524,0.0008508597,0.0000354801,0.0025493521,4
2024-01-10,is,1,0.0002580908,0.0003914241,0.0067775724,0.0059841899,-0.0006000621,-0.0017164531,-0.0000911651,0.0008556471,3
2024-01-11,is,1,-0.0037160437,-0.0035827104,0.0020807834,-0.0010737207,-0.0013185215,-0.0015445491,-0.0021588408,-0.0032638982,1
2024-01-12,is,1,0.0003092117,0.0003758783,0.0005130084,-0.0020467836,0.0000000000,-0.0002063207,0.0003092117,0.0022694796,1
2024-01-16,is,1,0.0008079454,0.0009412788,-0.0000976658,0.0029634346,0.0005071574,0.0013596550,0.0008079454,0.0022447364,2
2024-01-17,is,1,0.0006971634,0.0009638301,-0.0056407501,0.0025605042,0.0013940394,0.0017505118,0.0000296883,0.0008117278,2
2024-01-18,is,1,-0.0008952463,-0.0007619130,0.0141941504,0.0060167592,-0.0023132128,-0.0012972986,-0.0008952463,-0.0007197294,3
2024-01-19,is,1,-0.0094033415,-0.0092033415,0.0198309886,0.0143538365,-0.0053469083,-0.0078979472,-0.0038040719,-0.0116684642,5
2024-01-22,is,1,0.0011242504,0.0012575838,0.0013058550,-0.0039677854,0.0004532785,0.0003833783,0.0003522030,0.0026831786,2
2024-01-23,is,1,-0.0008548432,-0.0005215098,0.0041495744,0.0024856189,-0.0018742026,-0.0008943208,0.0000193342,0.0000606995,2
2024-01-24,is,1,0.0000588659,0.0002588659,0.0055492585,-0.0037666105,-0.0032229864,-0.0044989218,-0.0002170676,-0.0006874830,2
2024-01-25,is,1,-0.0008429821,-0.0007096487,0.0012211446,-0.0046923149,0.0005046476,0.0006276223,-0.0011137053,-0.0006025612,2
2024-01-26,is,1,-0.0004308213,-0.0001641546,-0.0059575466,-0.0014843087,-0.0002043843,0.0001926683,-0.0004079730,0.0000445558,1
2024-01-29,is,1,-0.0031675414,-0.0029008747,0.0102404379,0.0091451199,-0.0032076231,-0.0046723606,-0.0020354409,-0.0031675414,4
2024-01-30,is,1,-0.0000895233,0.0001104767,-0.0066565456,-0.0042144697,0.0005526458,0.0001035648,-0.0003718668,0.0003600723,2
2024-01-31,is,1,0.0065567202,0.0068233869,-0.0195861745,-0.0092194369,0.0023905957,0.0069114846,0.0055316748,0.0051211119,4
2024-02-01,is,1,0.0011728643,0.0013728643,0.0117754275,0.0073783997,-0.0006768157,-0.0008307132,0.0006750209,0.0011728643,3
2024-02-02,is,1,0.0000000000,0.0000000000,0.0169005404,0.0126710713,0.0000000000,0.0000000000,0.0000000000,-0.0057336444,4
2024-02-05,is,1,0.0010398648,0.0011731981,-0.0013053309,-0.0014449857,0.0007042491,0.0014257423,0.0010398648,-0.0016222724,1
2024-02-06,is,1,0.0016643273,0.0018643273,-0.0020072354,-0.0047019390,0.0005549592,0.0002456531,0.0016643273,0.0015118886,2
2024-02-07,is,1,0.0006892581,0.0008225914,0.0102902313,0.0036941521,0.0001340519,-0.0001355477,0.0006892581,-0.0005017533,2
2024-02-08,is,1,0.0005139845,0.0006473178,0.0018518947,0.0015736734,0.0006567333,0.0016249895,0.0005139845,0.0009900653,1
2024-02-09,is,1,0.0001230764,0.0003230764,0.0098431110,0.0071668894,-0.0000581343,0.0013127598,-0.0005158260,-0.0024871237,3
2024-02-12,is,1,-0.0034179350,-0.0031512683,-0.0039125958,-0.0036618300,-0.0017792142,-0.0037438506,-0.0011638474,-0.0044798010,2
2024-02-13,is,1,-0.0028584057,-0.0026584057,-0.0155970046,0.0029254821,-0.0028224027,-0.0002501364,-0.0016161511,-0.0000620005,2
2024-02-14,is,1,0.0004592665,0.0005259331,0.0108972115,0.0044984464,0.0005386256,-0.0002355635,0.0004592665,0.0012129664,2
2024-02-15,is,1,0.0016587316,0.0019253983,0.0029777019,0.0013596976,0.0000945411,0.0014122035,0.0011027189,0.0016587316,1
2024-02-16,is,1,-0.0004092313,-0.0002758979,-0.0090676854,-0.0099335464,-0.0002904903,-0.0005742346,-0.0004092313,-0.0001377477,4
2024-02-20,is,1,0.0008184540,0.0010184540,-0.0075481339,-0.0028701435,0.0010462496,0.0009364929,0.0003104754,-0.0014635445,2
2024-02-21,is,1,0.0014018227,0.0016018227,-0.0040016849,0.0024967613,0.0012956274,0.0029676753,0.0006306507,0.0016776615,2
2024-02-22,is,1,-0.0002731588,-0.0001398255,0.0292756279,0.0082395452,0.0000019601,0.0007928667,-0.0008290768,-0.0036819174,3
2024-02-23,is,1,0.0012742444,0.0014742444,-0.0029447349,-0.0065279199,0.0006971274,0.0021387017,0.0008064661,0.0024950050,3
2024-02-26,is,1,0.0008260100,0.0009593434,-0.0005265809,-0.0023994516,0.0004321625,0.0005624682,0.0008260100,0.0008260100,1
2024-02-27,is,1,-0.0001713241,0.0001620092,0.0024052228,-0.0001599379,-0.0008719244,0.0000811957,-0.0006523404,0.0005433380,1
2024-02-28,is,1,0.0006740493,0.0008073826,-0.0053244973,-0.0003674529,0.0004597712,0.0003946565,0.0006740493,0.0006397586,1
2024-02-29,is,1,0.0020773215,0.0022773215,0.0085693937,0.0019168017,0.0008082968,-0.0003790947,0.0008506934,0.0031346002,1
2024-03-01,is,1,-0.0022297276,-0.0021630609,0.0150569476,0.0129802228,-0.0007784073,-0.0004487302,-0.0022297276,-0.0061834430,4
2024-03-04,is,1,0.0007767648,0.0009100982,-0.0035681425,-0.0035681425,0.0008419761,0.0011592146,0.0007767648,0.0010471087,2
2024-03-05,is,1,0.0000850153,0.0003516820,-0.0179496419,-0.0110899442,0.0008538390,-0.0022330652,-0.0001930094,-0.0024934825,4
2024-03-06,is,1,0.0009821243,0.0012487910,0.0062836831,-0.0034747456,-0.0003746427,0.0017191478,-0.0000450606,0.0004307303,2
2024-03-07,is,1,0.0005026767,0.0007026767,0.0151781034,0.0068486958,0.0007600800,0.0005021063,0.0002482130,-0.0020644230,3
2024-03-08,is,1,-0.0025721891,-0.0023721891,-0.0144348412,-0.0152307037,-0.0027419957,0.0014417486,-0.0024071427,0.0001011268,5
2024-03-11,is,1,0.0005818863,0.0006485530,-0.0037128149,-0.0002742794,0.0003177107,0.0005190878,0.0005818863,0.0015091490,1
2024-03-12,is,1,0.0003566810,0.0004233476,0.0143350328,0.0089373024,0.0002118939,-0.0000824938,0.0003566810,-0.0010251840,4
2024-03-13,is,1,0.0000820478,0.0002820478,-0.0076860659,-0.0054218909,-0.0008249796,0.0000601146,0.0000820478,-0.0005187775,3
2024-03-14,is,1,0.0032510314,0.0035176981,-0.0025212947,-0.0052548131,0.0021906218,0.0027618067,0.0032510314,0.0052922209,3
2024-03-15,is,1,0.0004959214,0.0006292547,-0.0118868698,-0.0049304011,0.0002860117,-0.0001011662,0.0004959214,0.0009040558,2
2024-03-18,is,1,0.0019228882,0.0021228882,0.0082042773,-0.0028491327,0.0005228728,0.0010653576,0.0010833025,0.0017803847,2
2024-03-19,is,1,-0.0006609369,-0.0003942702,0.0024915425,0.0071650017,-0.0017879959,-0.0022320997,-0.0007480542,-0.0004902033,3
2024-03-20,is,1,-0.0030485590,-0.0029152256,0.0118567161,0.0090727182,-0.0016011078,-0.0014557045,-0.0022516906,-0.0022277729,4
2024-03-21,is,1,-0.0030311502,-0.0028311502,0.0047321811,-0.0067055783,-0.0003299952,-0.0048651791,-0.0013938141,-0.0027705455,3
2024-03-22,is,1,0.0001175341,0.0003175341,0.0011438312,0.0019759740,0.0003743499,0.0004289642,0.0000312990,0.0002905786,1
2024-03-25,is,1,-0.0002788362,-0.0000788362,-0.0036291949,0.0027279901,-0.0004664531,0.0004990681,-0.0002788362,0.0006307590,2
2024-03-26,is,1,-0.0027227986,-0.0024561319,-0.0032377012,-0.0066771230,-0.0000724608,-0.0001243759,-0.0013007227,-0.0022000362,3
2024-03-27,is,1,0.0010793308,0.0012793308,0.0034061175,-0.0036063077,0.0008416737,0.0013746120,0.0010793308,0.0012913269,2
2024-03-28,is,1,0.0001775139,0.0003108472,-0.0018434008,-0.0018211251,0.0007040089,0.0007761426,0.0001775139,0.0001775139,1
2024-04-01,is,1,0.0005912627,0.0006579294,0.0021170694,-0.0000449469,0.0003939064,0.0000000000,0.0005912627,0.0021358999,1
2024-04-02,is,1,-0.0002896422,-0.0000896422,-0.0086301832,0.0023404835,-0.0009051716,0.0000419261,-0.0002896422,-0.0005307059,1
2024-04-03,is,1,0.0006748747,0.0010082080,0.0022443381,0.0071532714,0.0012307154,-0.0005942053,0.0007691314,-0.0000251328,3
2024-04-04,is,1,-0.0241506852,-0.0238173519,-0.0152906582,-0.0246230368,-0.0178077962,-0.0216460373,-0.0085967856,-0.0233514347,5
2024-04-05,is,1,0.0004947968,0.0006281301,0.0117838930,0.0084939787,-0.0002906877,0.0002233651,0.0000164796,0.0004947968,4
2024-04-08,is,1,0.0000000000,0.0000000000,0.0002951393,-0.0018350287,0.0003512457,0.0010530977,0.0000000000,0.0009539956,1
2024-04-09,is,1,0.0009053277,0.0009719944,0.0036995007,-0.0016480043,-0.0008147142,0.0010433873,0.0009053277,0.0053912725,1
2024-04-10,is,1,0.0016911261,0.0018244595,-0.0087284897,0.0031350114,0.0017811898,0.0021374359,0.0016911261,0.0021350991,2
2024-04-11,is,1,-0.0070496702,-0.0068496702,0.0159682460,0.0116067778,-0.0043981996,-0.0016281588,-0.0032452246,-0.0056022865,4
2024-04-12,is,1,0.0000609906,0.0001276573,-0.0159418012,-0.0064157787,-0.0007324020,-0.0002277946,0.0000609906,-0.0007194357,3
2024-04-15,is,1,-0.0108570804,-0.0106570804,-0.0164510462,-0.0248835000,-0.0057818395,-0.0077844023,-0.0045945543,-0.0100058299,5
2024-04-16,is,1,0.0033370715,0.0035370715,0.0000927945,0.0004641448,0.0023998118,0.0027432105,0.0033370715,0.0043121197,1
2024-04-17,is,1,0.0013018290,0.0015018290,-0.0122013454,-0.0167628723,0.0010828394,0.0018813464,0.0013018290,-0.0030563507,5
2024-04-18,is,1,-0.0012845153,-0.0010845153,-0.0057063686,-0.0072451875,-0.0015954072,-0.0010316123,-0.0013424864,0.0002768677,3
2024-04-19,is,1,0.0007862527,0.0010529194,-0.0206891665,-0.0179290417,0.0008776225,0.0034014136,-0.0008068211,-0.0055264298,5
2024-04-22,is,1,-0.0050393145,-0.0048393145,0.0100566743,0.0036184132,-0.0042876541,-0.0023486863,-0.0025064715,-0.0019174953,2
2024-04-23,is,1,0.0000702183,0.0002035517,0.0149228786,0.0108966894,0.0003942511,-0.0005252139,-0.0000980112,-0.0014174748,4
2024-04-24,is,1,-0.0002318402,-0.0000318402,0.0033876773,-0.0039467539,-0.0001278964,-0.0001490831,-0.0007430773,0.0002618873,2
2024-04-25,is,1,-0.0022257164,-0.0020257164,-0.0048298985,0.0124272493,-0.0011621072,-0.0011214171,-0.0016817535,-0.0009535990,4
2024-04-26,is,1,0.0005847033,0.0007180366,0.0154317352,0.0079042140,0.0008299772,0.0002565782,0.0005847033,-0.0012709835,3
2024-04-29,is,1,0.0030296272,0.0032962939,0.0040603248,-0.0008773347,0.0020468091,0.0013414222,0.0016098576,0.0046699963,1
2024-04-30,is,1,-0.0016610772,-0.0013944106,-0.0188561525,-0.0152151223,-0.0031226246,-0.0005235377,-0.0009698519,-0.0013318693,5
2024-05-01,is,1,0.0026118734,0.0028785401,-0.0072305047,-0.0038638781,-0.0001500086,-0.0028715443,-0.0000857777,0.0026082902,2
2024-05-02,is,1,-0.0013322870,-0.0011322870,0.0127633327,0.0037620503,-0.0010448061,0.0015596009,-0.0012660458,-0.0013322870,2
2024-05-03,is,1,0.0000327787,0.0000994454,0.0200983837,0.0023938864,0.0001026703,0.0003453646,0.0000327787,0.0003271451,1
2024-05-06,is,1,0.0000751312,0.0002084646,0.0109534307,0.0067459410,-0.0001679602,0.0002192460,0.0000751312,-0.0002507845,3
2024-05-07,is,1,0.0003276393,0.0004609726,0.0001590006,-0.0008622646,0.0000208486,0.0000283479,0.0003276393,0.0001827037,1
2024-05-08,is,1,0.0005496961,0.0006830295,-0.0005904797,0.0054607353,0.0003969348,0.0015212059,0.0001305316,0.0021864799,3
2024-05-09,is,1,0.0000000000,0.0000000000,0.0021815207,0.0015670066,-0.0002166693,0.0006071130,0.0000000000,0.0017188288,1
2024-05-10,is,1,0.0005982605,0.0007315939,0.0023581697,-0.0010846477,0.0004875803,0.0008940279,0.0005982605,0.0016289752,1
2024-05-13,is,1,0.0008388819,0.0009722152,0.0023073791,-0.0020495957,0.0004366981,-0.0005418381,0.0008388819,0.0008023090,1
2024-05-14,is,1,-0.0020756706,-0.0019423372,0.0064322470,0.0074099175,-0.0023207222,-0.0010046000,-0.0013724142,-0.0010605519,3
2024-05-15,is,1,-0.0032062644,-0.0030062644,0.0156302559,0.0099681110,-0.0012004545,-0.0029944089,-0.0013416536,-0.0054580972,4
2024-05-16,is,1,0.0006445997,0.0007779330,-0.0020313535,-0.0016125113,0.0006948708,0.0011546733,0.0006445997,-0.0010648542,1
2024-05-17,is,1,0.0007841043,0.0010507710,-0.0004867472,-0.0007741479,0.0005485340,0.0012501246,0.0000216611,0.0011453082,1
2024-05-20,is,1,0.0008884591,0.0010217925,0.0069727289,0.0064825877,0.0005188619,-0.0000883788,0.0003473210,-0.0001141671,3
2024-05-21,is,1,-0.0000526257,0.0001473743,0.0019564309,0.0060921773,-0.0001122983,0.0000515646,-0.0000526257,0.0004796200,3
2024-05-22,is,1,0.0000054952,0.0003388285,-0.0001974550,-0.0007674429,-0.0012173171,-0.0027410081,-0.0002963602,0.0001251094,1
2024-05-23,is,1,-0.0084028326,-0.0082028326,-0.0044984749,-0.0148952340,-0.0070211091,-0.0094772916,-0.0035098469,-0.0066630308,5
2024-05-24,is,1,0.0011439849,0.0014106516,0.0094564211,0.0058424301,0.0009459407,0.0010338071,0.0011439849,-0.0010116399,3
2024-05-28,is,1,0.0008947640,0.0011614306,0.0037777050,0.0010453417,0.0001881360,0.0009728591,0.0000591598,0.0015262716,1
2024-05-29,is,1,0.0004464954,0.0005131621,-0.0070483815,0.0021076666,0.0002938937,0.0008212144,0.0004464954,0.0014319758,1
2024-05-30,is,1,-0.0000762715,0.0000570619,-0.0107133468,-0.0086717892,-0.0009738602,-0.0090770443,-0.0000762715,-0.0006894223,4
2024-05-31,is,1,-0.0070019800,-0.0068019800,-0.0018602591,-0.0001549427,-0.0111520091,-0.0092142060,-0.0037091224,-0.0166794999,1
2024-06-03,is,1,-0.0001155853,0.0000844147,0.0053693062,-0.0031678289,-0.0002237786,0.0001917647,-0.0010589521,0.0017384284,2
2024-06-04,is,1,0.0025152311,0.0027818977,0.0027365215,0.0033122088,0.0007004913,0.0016560990,0.0006541253,0.0025152311,2
2024-06-05,is,1,-0.0013213817,-0.0011880484,0.0201597817,0.0121184331,-0.0004779847,-0.0001919799,-0.0007854856,-0.0048771912,4
2024-06-06,is,1,0.0013302346,0.0014635679,-0.0003451772,-0.0020895265,0.0007570504,0.0008212347,0.0013302346,0.0024985879,1
2024-06-07,is,1,0.0008928704,0.0010928704,-0.0008848221,-0.0001079914,-0.0001886637,0.0020816509,0.0001228136,0.0028808799,1
2024-06-10,is,1,0.0008422966,0.0010422966,0.0040392259,0.0065176909,0.0009278919,0.0005034674,0.0000461319,0.0003611812,3
2024-06-11,is,1,-0.0024502770,-0.0022502770,0.0068627240,0.0095784614,-0.0001865907,-0.0020777114,-0.0012130038,-0.0013385907,4
2024-06-12,is,1,0.0012354108,0.0013687441,0.0130977309,0.0045763681,0.0016749009,0.0025857596,0.0012354108,-0.0002130946,2
2024-06-13,is,1,0.0005188349,0.0006521682,0.0054202257,-0.0020932764,0.0010135267,0.0013475619,0.0005188349,0.0020607716,1
2024-06-14,is,1,0.0010678040,0.0012011374,0.0051812385,0.0056031226,0.0000000000,0.0001340882,0.0010678040,0.0032733600,3
2024-06-17,is,1,-0.0084966142,-0.0082966142,0.0122498383,0.0116798064,-0.0056255792,-0.0108878189,-0.0034882368,-0.0097846525,4
2024-06-18,is,1,0.0007541087,0.0008874420,0.0003092401,0.0004123626,0.0005167426,0.0001712445,0.0007541087,0.0003365820,1
2024-06-20,is,1,-0.0014593020,-0.0011926353,-0.0077080027,-0.0101763908,0.0007516598,0.0001968733,-0.0005428181,0.0016939336,4
2024-06-21,is,1,0.0015976909,0.0017976909,-0.0026792947,-0.0020989630,0.0005087539,0.0014709033,0.0015976909,0.0034331698,1
2024-06-24,is,1,-0.0012306486,-0.0010306486,-0.0129534758,-0.0088251286,-0.0019243193,0.0005540307,-0.0007656106,0.0021672060,4
2024-06-25,is,1,0.0011710998,0.0014377665,0.0114355642,0.0069527590,0.0004980039,-0.0005673497,0.0004347490,0.0003778514,3
2024-06-26,is,1,0.0020414739,0.0022414739,0.0020651675,0.0038031554,0.0009870219,0.0014320440,0.0020414739,0.0027594288,2
2024-06-27,is,1,0.0011097511,0.0012430844,0.0025813435,0.0031033908,0.0005213267,-0.0010060803,0.0011097511,0.0022617905,2
2024-06-28,is,1,0.0009317733,0.0009984399,-0.0051909221,-0.0068406542,-0.0002315501,0.0004308458,0.0009317733,0.0005445717,3
2024-07-01,oos,1,0.0011704678,0.0013704678,0.0058650414,0.0038538455,0.0007349785,0.0007159754,0.0005385110,0.0023703155,2
2024-07-02,oos,1,-0.0009469362,-0.0008802696,0.0104996680,0.0136758186,-0.0015058139,-0.0000097028,-0.0009469362,-0.0000102466,5
2024-07-03,oos,1,-0.0015736664,-0.0015069997,0.0083370980,0.0099132080,-0.0013243496,0.0002936937,-0.0015736664,-0.0041641865,4
2024-07-05,oos,1,0.0002901611,0.0004234944,0.0104268491,0.0086808026,-0.0011750326,0.0000000000,0.0002901611,-0.0027650746,4
2024-07-08,oos,1,0.0012883497,0.0014883497,0.0023782651,0.0016313214,0.0004719018,0.0003588457,0.0012883497,0.0013839207,1
2024-07-09,oos,1,0.0004080900,0.0006080900,0.0008645997,-0.0021849380,0.0006801905,0.0002815475,-0.0002877100,0.0011083661,1
2024-07-10,oos,1,-0.0010727955,-0.0008727955,0.0104265022,0.0065037722,-0.0028807169,-0.0003660400,-0.0009651213,-0.0011261099,3
2024-07-11,oos,1,0.0008533177,0.0009199844,-0.0219301734,-0.0221440356,0.0000000000,0.0013060302,0.0008533177,-0.0133359571,5
2024-07-12,oos,1,-0.0017302896,-0.0015302896,0.0058748196,0.0046902601,0.0004232458,0.0020207646,-0.0017302896,-0.0041976683,2
2024-07-15,oos,1,-0.0002797895,-0.0001464562,0.0026878461,-0.0009262802,0.0005088306,-0.0007384016,-0.0005963419,-0.0002797895,1
2024-07-16,oos,1,0.0002129518,0.0004129518,0.0003829487,-0.0025722439,0.0001530823,-0.0000197229,-0.0003277428,0.0017506690,2
2024-07-17,oos,1,-0.0006772520,-0.0005439187,-0.0293548777,-0.0133325141,0.0002861809,0.0001940444,-0.0006865014,-0.0038574587,4
2024-07-18,oos,1,0.0035613036,0.0038279702,-0.0047325487,-0.0124400140,0.0001695710,-0.0012486569,0.0018098774,0.0031975961,4
2024-07-19,oos,1,0.0022746539,0.0024079872,-0.0088635842,-0.0081602838,0.0004787086,0.0017183886,0.0022746539,0.0035212858,3
2024-07-22,oos,1,-0.0001879126,-0.0000545793,0.0148977359,0.0024731898,-0.0008134972,-0.0004856939,-0.0001879126,0.0019169918,1
2024-07-23,oos,1,0.0011281680,0.0012615014,-0.0035246310,-0.0016410129,0.0001841752,0.0004283917,0.0011281680,0.0021908342,1
2024-07-24,oos,1,0.0005072465,0.0006405798,-0.0358703342,-0.0220336837,-0.0003833770,-0.0033407745,0.0005072465,-0.0034328459,5
2024-07-25,oos,1,0.0013966921,0.0015300255,-0.0110276663,-0.0117743466,0.0012208370,-0.0026630166,0.0013966921,0.0035408326,4
2024-07-26,oos,1,-0.0004311610,-0.0002978276,0.0102559626,0.0006916676,-0.0003715416,0.0006900071,-0.0004311610,-0.0004311610,1
2024-07-29,oos,1,0.0007664177,0.0008997510,0.0020087695,-0.0038865388,0.0001742673,-0.0003230162,0.0007664177,0.0013690711,2
2024-07-30,oos,1,-0.0006246844,-0.0004913510,-0.0137314076,-0.0178598261,-0.0003335936,0.0002915239,-0.0016387168,-0.0103337753,5
2024-07-31,oos,1,0.0023506600,0.0025506600,0.0295936878,0.0068395067,0.0024125872,0.0036804912,0.0023506600,-0.0004245812,3
2024-08-01,oos,1,-0.0020618943,-0.0019285610,-0.0242214533,-0.0256486349,-0.0031020229,-0.0018754210,-0.0018350133,-0.0076434401,5
2024-08-02,oos,1,0.0021002018,0.0022335351,-0.0237349345,-0.0047461687,0.0004784871,-0.0010794230,0.0021002018,0.0013197115,2
2024-08-05,oos,1,0.0032373154,0.0035039820,-0.0298161560,0.0250994796,0.0004468175,0.0005446237,-0.0002178712,0.0101558597,5
2024-08-06,oos,1,-0.0014899779,-0.0013566446,0.0095550911,0.0052603893,-0.0007251938,-0.0006041461,-0.0014899779,-0.0023655443,3
2024-08-07,oos,1,-0.0099925812,-0.0097925812,-0.0108297500,-0.0262491881,-0.0083238734,-0.0084824771,-0.0048459077,-0.0099925812,5
2024-08-08,oos,1,0.0021510791,0.0023510791,0.0305908871,0.0158935292,0.0007592091,-0.0002306280,0.0021510791,-0.0005626509,5
2024-08-09,oos,1,0.0015429137,0.0016762470,0.0052223983,0.0082150692,0.0014902270,0.0016437132,0.0001777615,0.0038807218,3
2024-08-12,oos,1,0.0000000000,0.0000000000,0.0021535934,-0.0000221538,0.0003592144,0.0000000000,0.0000000000,0.0037195234,1
2024-08-13,oos,1,0.0002150662,0.0002817329,0.0248127963,0.0148304155,0.0001674212,0.0008245118,0.0002150662,-0.0029529526,5
2024-08-14,oos,1,0.0010350575,0.0011017242,0.0003242682,-0.0016828116,0.0017363461,0.0024225764,0.0010350575,0.0050528929,1
2024-08-15,oos,1,0.0000000000,0.0000000000,0.0252631124,0.0120744091,0.0003827363,0.0006939676,0.0000000000,-0.0028382853,4
2024-08-16,oos,1,0.0003229077,0.0004562410,0.0012857805,0.0050992341,-0.0001577098,-0.0003289683,0.0003229077,0.0010034671,3
2024-08-19,oos,1,-0.0054435223,-0.0051768556,0.0131360125,0.0128375108,-0.0021952599,-0.0020239700,-0.0022064794,-0.0041100206,4
2024-08-20,oos,1,0.0013960594,0.0015960594,-0.0020986141,-0.0001873634,0.0013852079,0.0009057726,0.0013960594,0.0034047034,1
2024-08-21,oos,1,0.0020060090,0.0022060090,0.0046641403,0.0030142397,0.0010741699,0.0004026604,0.0012103331,0.0049169557,2
2024-08-22,oos,1,0.0029471621,0.0031471621,-0.0158549223,-0.0206047356,0.0023982051,0.0006075396,0.0011418759,0.0044202048,5
2024-08-23,oos,1,0.0013729518,0.0015729518,0.0108455302,0.0015858443,-0.0001686463,-0.0001353460,0.0013729518,0.0046092529,1
2024-08-26,oos,1,0.0006154712,0.0006821378,-0.0097083333,-0.0085723225,0.0006126083,0.0004365072,0.0006154712,0.0002064277,4
2024-08-27,oos,1,0.0006006660,0.0007339993,0.0029873354,0.0064810319,0.0002066024,-0.0001720747,0.0006006660,0.0031037407,3
2024-08-28,oos,1,0.0027597550,0.0029597550,-0.0113474285,-0.0103718323,0.0010728472,0.0024265026,0.0012783844,-0.0044414314,4
2024-08-29,oos,1,-0.0053667356,-0.0051667356,-0.0014638803,-0.0055358350,-0.0013495274,-0.0051859693,-0.0028931024,-0.0060152704,3
2024-08-30,oos,1,-0.0025373185,-0.0022706518,0.0119194323,0.0025892556,-0.0048991587,-0.0029452846,-0.0020901036,-0.0013888500,2
2024-09-03,oos,1,-0.0029214511,-0.0027881178,-0.0303609297,-0.0240701606,-0.0019907278,-0.0033561561,-0.0018114538,-0.0097628806,5
2024-09-04,oos,1,0.0011451014,0.0012784347,-0.0025984712,0.0042296204,0.0006291481,0.0012062951,0.0002841915,0.0030069565,2
2024-09-05,oos,1,0.0021331069,0.0023997735,0.0009335446,0.0045100987,0.0006199143,0.0022306993,0.0017956632,0.0036250951,2
2024-09-06,oos,1,0.0024489251,0.0026489251,-0.0267872636,-0.0252862077,0.0012450293,0.0008869235,0.0012366965,-0.0031621257,5
2024-09-09,oos,1,0.0000951385,0.0001618052,0.0128596581,0.0030900984,-0.0002185517,-0.0013637400,0.0000951385,0.0013032744,2
2024-09-10,oos,1,0.0012860393,0.0014193726,0.0092417374,0.0053042258,0.0012442692,0.0012818551,0.0002343353,0.0022630007,3
2024-09-11,oos,1,-0.0141222940,-0.0139222940,0.0217154319,0.0185905938,-0.0105015338,-0.0066732202,-0.0082387097,-0.0177213221,5
2024-09-12,oos,1,-0.0010644800,-0.0009978133,0.0098160557,0.0097514136,-0.0007852640,-0.0001811486,-0.0010644800,-0.0005181267,4
2024-09-13,oos,1,0.0001719248,0.0002385915,0.0044799459,0.0060531663,0.0000995488,0.0001241148,0.0001719248,0.0006040288,3
2024-09-16,oos,1,0.0001307556,0.0001974222,-0.0044178904,0.0001056658,0.0000400455,0.0006889151,0.0001307556,0.0008213912,1
2024-09-17,oos,1,-0.0009548043,-0.0008214709,0.0005282732,-0.0058787713,0.0004842230,0.0005698847,-0.0008744706,-0.0009934438,3
2024-09-18,oos,1,0.0040413433,0.0043080100,-0.0043295529,-0.0068674953,0.0033685531,0.0021555705,0.0012405497,0.0044670138,3
2024-09-19,oos,1,0.0008632038,0.0009965372,0.0252842355,0.0015540499,0.0005478830,0.0000000000,0.0008632038,-0.0006214316,1
2024-09-20,oos,1,0.0015352647,0.0016685980,-0.0019033433,-0.0001450807,0.0007221092,0.0003530295,0.0015352647,-0.0008683180,1
2024-09-23,oos,1,0.0000000000,0.0000000000,0.0012436780,0.0001863547,0.0000000000,0.0003072350,0.0000000000,0.0000000000,1
2024-09-24,oos,1,0.0008205484,0.0009538817,0.0048236171,0.0018783801,0.0000000000,0.0000642209,0.0008205484,0.0031418255,1
2024-09-25,oos,1,0.0002355332,0.0003021999,0.0009271278,0.0022279985,0.0002514047,0.0003083708,0.0002355332,0.0001150551,1
2024-09-26,oos,1,0.0006362825,0.0007696158,0.0075130707,-0.0079048179,0.0006322578,0.0018884397,0.0006362825,0.0026018057,3
2024-09-27,oos,1,0.0006682454,0.0008015787,-0.0055570311,-0.0076452599,0.0006803956,0.0016802352,0.0006682454,0.0005125796,3
2024-09-30,oos,1,0.0028718218,0.0030718218,0.0027118644,0.0047140681,0.0025054121,0.0024329002,0.0013591019,0.0036468715,2
2024-10-01,oos,1,0.0011942336,0.0013275670,-0.0139324277,-0.0131843346,0.0007198487,0.0010512962,0.0011942336,-0.0009659853,4
2024-10-02,oos,1,0.0006906874,0.0008240207,0.0014129283,0.0033100175,0.0005092816,0.0020622894,0.0000093642,0.0058036479,2
2024-10-03,oos,1,0.0006612757,0.0007946090,-0.0007469655,0.0038562555,0.0004320514,0.0016845144,0.0006612757,0.0023709747,2
2024-10-04,oos,1,0.0002304875,0.0003638208,0.0118980876,-0.0002666940,-0.0003542459,0.0000342209,0.0002304875,0.0030102504,1
2024-10-07,oos,1,-0.0030218328,-0.0028218328,-0.0107116474,-0.0067780548,-0.0023191194,-0.0057316185,-0.0018205096,-0.0030218328,3
2024-10-08,oos,1,-0.0002882563,-0.0000882563,0.0149346609,0.0095737218,0.0000721413,0.0007105929,-0.0000580106,-0.0040769709,4
2024-10-09,oos,1,0.0009523023,0.0010856356,0.0078683834,0.0084867076,-0.0006483772,0.0001390121,0.0009523023,0.0004098723,4
2024-10-10,oos,1,0.0003628642,0.0004961976,-0.0011355571,0.0035448711,0.0001767362,0.0005490746,-0.0001072486,0.0022561569,2
2024-10-11,oos,1,0.0005956140,0.0007289473,0.0015631661,0.0053388760,0.0004585448,-0.0003439649,0.0005956140,0.0016495210,3
2024-10-14,oos,1,0.0000572404,0.0001239070,0.0083914383,0.0034895214,-0.0002018628,0.0001344024,0.0000572404,0.0013439553,2
2024-10-15,oos,1,0.0003566950,0.0004900284,-0.0133668342,-0.0141011992,0.0000051809,-0.0019275281,-0.0000870507,-0.0047993211,5
2024-10-16,oos,1,0.0002324630,0.0003657963,0.0001222369,-0.0005293375,-0.0005467967,0.0003348394,-0.0002229220,0.0012109425,1
2024-10-17,oos,1,-0.0016941117,-0.0014941117,0.0006925913,-0.0104544356,-0.0011304558,0.0000202572,-0.0007814214,-0.0001554579,4
2024-10-18,oos,1,0.0006018232,0.0006684898,0.0065547074,0.0008298587,0.0004607862,0.0009870716,0.0006018232,0.0005075504,1
2024-10-21,oos,1,0.0014852230,0.0016185563,0.0019212490,0.0044604842,0.0010419978,0.0014998553,0.0014852230,0.0033456534,2
2024-10-22,oos,1,0.0024714166,0.0027380832,0.0010899843,0.0065553143,-0.0001782116,0.0009197511,0.0006078422,0.0038322292,3
2024-10-23,oos,1,-0.0039383782,-0.0038050449,-0.0153238164,-0.0105958387,-0.0027953634,0.0007371654,-0.0029570670,-0.0081819341,4
2024-10-24,oos,1,0.0008331461,0.0009664794,0.0081087722,0.0004267339,0.0014965404,0.0005882837,0.0008331461,0.0008628130,1
2024-10-25,oos,1,0.0005822477,0.0008489144,0.0060935977,0.0003635335,-0.0006047628,-0.0043350418,-0.0002411179,-0.0012402181,1
2024-10-28,oos,1,0.0012993171,0.0014993171,0.0001615117,-0.0061389078,0.0001169127,0.0002219024,0.0012993171,0.0016480525,3
2024-10-29,oos,1,-0.0019126024,-0.0017126024,0.0096083973,0.0089566691,0.0007906670,-0.0000627745,-0.0010820918,-0.0010022866,4
2024-10-30,oos,1,0.0005977225,0.0007977225,-0.0075575816,-0.0058571457,-0.0000901755,-0.0004084702,-0.0001736715,0.0034398676,3
2024-10-31,oos,1,0.0006179347,0.0008179347,-0.0252427576,-0.0172833990,0.0005826648,0.0009042386,0.0002887349,-0.0026707231,5
2024-11-01,oos,1,0.0012582885,0.0013916218,0.0073989873,0.0039752832,0.0007163172,0.0019274952,0.0012582885,-0.0005221993,2
2024-11-04,oos,1,0.0008097182,0.0010097182,-0.0029132388,-0.0016638593,-0.0001321890,0.0000000000,-0.0005677180,0.0025845583,1
2024-11-05,oos,1,0.0004920831,0.0006920831,0.0127569392,0.0094337688,0.0006543720,0.0009185998,0.0004920831,-0.0025694221,4
2024-11-06,oos,1,-0.0013715000,-0.0011715000,0.0271632027,0.0100287678,-0.0006062409,0.0011024109,-0.0009662804,-0.0012201901,4
2024-11-07,oos,1,0.0001260487,0.0002593820,0.0157442937,0.0101101495,0.0003900143,-0.0055389142,-0.0001446075,-0.0018914176,4
2024-11-08,oos,1,0.0006211543,0.0008878210,0.0011683608,0.0021538492,-0.0001056302,-0.0005468622,0.0003317371,0.0010095236,1
2024-11-11,oos,1,-0.0004067904,-0.0002067904,-0.0005834987,-0.0029687409,-0.0002357352,0.0006093150,-0.0007700547,0.0014171368,2
2024-11-12,oos,1,-0.0006223509,-0.0004223509,-0.0018099019,-0.0016933647,0.0006910152,0.0011860050,-0.0006450206,-0.0001572740,1
2024-11-13,oos,1,0.0005248478,0.0008581811,-0.0012867755,-0.0002927400,-0.0002888263,-0.0093372163,0.0000305711,-0.0009142604,1
2024-11-14,oos,1,0.0013096312,0.0015762979,-0.0069497316,-0.0062901682,0.0005971192,0.0032205051,0.0006634697,0.0019284863,3
2024-11-15,oos,1,0.0008948560,0.0010948560,-0.0238259058,-0.0126655267,0.0008166590,0.0008236725,-0.0003385016,-0.0040682505,4
2024-11-18,oos,1,0.0010206370,0.0011539704,0.0067462795,0.0037941903,0.0004951693,0.0005448705,0.0010206370,-0.0037905657,2
2024-11-19,oos,1,0.0009383488,0.0011383488,0.0092414786,0.0121426561,0.0007710564,-0.0021428428,-0.0001861410,0.0021312884,4
2024-11-20,oos,1,0.0010915262,0.0012248595,-0.0075514330,0.0000198744,-0.0007831465,-0.0006482865,0.0010915262,0.0017307225,1
2024-11-21,oos,1,0.0004417487,0.0005750820,0.0059712819,-0.0024889381,-0.0004038268,-0.0008049992,0.0004417487,0.0047783523,2
2024-11-22,oos,1,0.0007018630,0.0008351964,0.0058365759,0.0027159906,0.0005296045,-0.0004018669,0.0007018630,0.0022962051,2
2024-11-25,oos,1,0.0003683481,0.0004350147,-0.0040461059,-0.0064914689,0.0006873850,-0.0000538648,0.0003683481,0.0020416081,3
2024-11-26,oos,1,0.0003207012,0.0003873679,0.0090763164,0.0024405605,0.0005529927,0.0000842803,0.0003207012,0.0009084248,1
2024-11-27,oos,1,-0.0003639613,-0.0002972946,-0.0062648520,-0.0056477163,0.0003998461,0.0000000000,-0.0003639613,-0.0049356898,3
2024-11-29,oos,1,0.0000000000,0.0000000000,0.0082806324,0.0075306861,0.0001379239,0.0006334129,0.0000000000,-0.0055370612,3
2024-12-02,oos,1,0.0005100604,0.0007767270,0.0097218683,0.0083755699,0.0002290398,0.0007859212,-0.0000944059,-0.0004797512,4
2024-12-03,oos,1,0.0006334770,0.0008334770,0.0054741337,0.0056814865,0.0000150196,-0.0007332436,-0.0001199360,0.0011033557,3
2024-12-04,oos,1,-0.0002999692,-0.0001666359,0.0083981698,0.0056311501,0.0007680237,-0.0000713391,-0.0002999692,-0.0011998250,3
2024-12-05,oos,1,0.0006915901,0.0008249235,-0.0018379537,-0.0028663698,0.0000852224,0.0005115360,0.0006915901,0.0010587851,2
2024-12-06,oos,1,0.0001702319,0.0002368985,0.0088038975,0.0076557954,0.0000953874,0.0008028479,0.0001702319,-0.0017070935,3
2024-12-09,oos,1,0.0019605585,0.0022272252,-0.0070729157,-0.0060317762,0.0014426295,0.0016781484,0.0019605585,0.0020134456,3
2024-12-10,oos,1,-0.0001298784,0.0000701216,-0.0026425138,-0.0057675413,-0.0001938024,-0.0028032578,-0.0001785032,0.0006347975,3
2024-12-11,oos,1,-0.0000877828,0.0001122172,0.0157050974,0.0093714286,-0.0002971269,0.0011098482,-0.0002474458,-0.0029521580,4
2024-12-12,oos,1,0.0004438213,0.0006438213,0.0006804907,-0.0022362038,0.0004225088,0.0011534228,0.0004438213,0.0010156516,1
2024-12-13,oos,1,-0.0010842507,-0.0009509174,0.0007366970,0.0001319609,-0.0002322378,0.0007213389,-0.0007407291,0.0020929943,1
2024-12-16,oos,1,-0.0006317737,-0.0004317737,0.0147419684,0.0095482854,0.0000244421,0.0002233779,-0.0005124815,-0.0036712851,4
2024-12-17,oos,1,0.0001976997,0.0003310330,-0.0045759780,-0.0010440749,-0.0001977816,0.0011830736,-0.0002627341,0.0002244141,1
2024-12-18,oos,1,-0.0319297265,-0.0317297265,-0.0324033412,-0.0349061011,-0.0230527362,-0.0308885446,-0.0117080449,-0.0311474543,5
2024-12-19,oos,1,0.0014028929,0.0014695596,-0.0117615249,-0.0134691763,0.0010440310,0.0035194554,0.0014028929,0.0014028929,4
2024-12-20,oos,1,0.0002334610,0.0003001277,0.0179792847,0.0161037536,0.0002032662,0.0016670664,0.0002334610,0.0030276323,5
2024-12-23,oos,1,0.0009547874,0.0012214540,0.0028988289,0.0063901453,-0.0001600235,0.0004832676,-0.0002548289,0.0023516360,3
2024-12-24,oos,1,0.0000000000,0.0000000000,0.0144522501,0.0097745937,0.0000000000,0.0000000000,0.0000000000,-0.0022642874,4
2024-12-26,oos,1,0.0011034466,0.0012367799,-0.0022079025,0.0024227741,0.0002877194,0.0011625664,0.0011034466,0.0025369983,1
2024-12-27,oos,1,0.0004252110,0.0004918776,-0.0120272721,-0.0066728769,0.0005416881,0.0008435846,0.0004252110,-0.0015643982,3
2024-12-30,oos,1,-0.0016258858,-0.0014925525,-0.0150642191,0.0001939827,-0.0016577033,0.0000000000,-0.0016258858,-0.0012905320,1
2024-12-31,oos,1,0.0026808074,0.0029474741,-0.0064521144,-0.0109692397,0.0008484825,0.0014307652,0.0005790439,0.0032287598,4
2025-01-02,oos,1,-0.0004536859,-0.0001870192,0.0011931774,-0.0079136691,-0.0011366486,-0.0020726080,-0.0007283859,0.0011659532,3
2025-01-03,oos,1,-0.0003667656,-0.0002334323,0.0141021784,0.0101879809,-0.0009464536,-0.0000995722,-0.0003667656,-0.0007056893,4
2025-01-06,oos,1,-0.0029482372,-0.0027482372,0.0111002755,0.0009923285,-0.0031356816,-0.0020778740,-0.0017757438,-0.0042781072,1
2025-01-07,oos,1,-0.0001196327,0.0000137006,-0.0162719357,-0.0198063129,-0.0007436283,0.0001548992,-0.0004156933,0.0006755052,5
2025-01-08,oos,1,0.0039765343,0.0041765343,-0.0045708807,0.0003688747,0.0027699829,0.0062331925,0.0020218134,0.0055622226,1
2025-01-10,oos,1,-0.0009182251,-0.0007182251,-0.0143019450,-0.0083483225,0.0006963126,-0.0009578406,-0.0009154810,0.0007820838,3
2025-01-13,oos,1,0.0000000000,0.0000000000,0.0031586330,0.0086991221,0.0005730363,0.0008214328,0.0000000000,0.0013764787,4
2025-01-14,oos,1,0.0011568131,0.0014234798,-0.0044865992,-0.0071352754,0.0017619501,0.0022796098,-0.0004384967,0.0020061020,3
2025-01-15,oos,1,0.0009600186,0.0010933520,0.0225933979,0.0067247529,0.0008673693,0.0012450930,0.0009600186,-0.0001130108,3
2025-01-16,oos,1,0.0014741380,0.0016741380,-0.0085825295,-0.0113684535,0.0013541231,0.0017511214,0.0009577822,0.0015771755,4
2025-01-17,oos,1,0.0012383232,0.0014383232,0.0176256117,-0.0021229798,0.0003201874,-0.0000312048,0.0012383232,0.0008771925,1
2025-01-21,oos,1,-0.0007641833,-0.0005641833,0.0109018451,0.0006101281,-0.0006108380,-0.0002655922,-0.0004845891,0.0022552986,1
2025-01-22,oos,1,-0.0000934058,0.0001065942,0.0051552254,0.0036633495,0.0001367164,0.0013348370,-0.0002272441,-0.0008227567,2
2025-01-23,oos,1,-0.0001799614,0.0000200386,0.0028849417,0.0068047785,0.0003435571,-0.0008034211,-0.0001799614,0.0003265426,3
2025-01-24,oos,1,-0.0004415862,-0.0003082529,-0.0055462801,-0.0063599865,-0.0010887904,-0.0022693818,-0.0007681333,0.0008443003,3
2025-01-27,oos,1,0.0026950441,0.0028950441,-0.0269012276,0.0061448141,0.0017209535,0.0007640765,0.0026950441,0.0026997592,3
2025-01-28,oos,1,0.0000879565,0.0004212898,0.0135003201,0.0129071076,0.0000000000,0.0020497530,-0.0002011901,-0.0009201630,4
2025-01-29,oos,1,0.0017977400,0.0019310733,0.0007859827,-0.0031198561,0.0010984621,0.0022265666,0.0017977400,0.0011999923,2
2025-01-30,oos,1,0.0022884704,0.0024218037,0.0059955943,-0.0012602394,0.0030085258,0.0035053200,0.0009003652,0.0057730591,1
2025-01-31,oos,1,-0.0103293534,-0.0101293534,-0.0109105450,-0.0087869126,-0.0080334326,-0.0083296559,-0.0041329374,-0.0117285450,4
2025-02-03,oos,1,0.0004905649,0.0005572315,0.0043122533,0.0090365552,-0.0001285415,0.0014646271,0.0004905649,0.0027339365,4
2025-02-04,oos,1,0.0014366989,0.0015700322,0.0020893634,0.0112604361,0.0006608857,0.0010120089,0.0004369543,-0.0009698467,4
2025-02-05,oos,1,-0.0005087324,-0.0001753991,0.0084165423,0.0096393392,0.0007285229,0.0000342158,-0.0005951792,0.0001338479,4
2025-02-06,oos,1,0.0005384432,0.0007384432,0.0041731477,0.0042475728,0.0010287808,0.0013104443,-0.0002659068,0.0018775746,2
2025-02-07,oos,1,0.0005164828,0.0005831495,-0.0142241868,-0.0136379070,0.0004692212,0.0013719575,0.0005164828,0.0033467774,5
2025-02-10,oos,1,0.0003947866,0.0005281199,0.0125514995,0.0038503850,0.0003365569,0.0005586069,0.0003947866,-0.0010825672,2
2025-02-11,oos,1,-0.0002654798,-0.0000654798,0.0001324754,0.0038596091,0.0002372363,-0.0001704947,-0.0005656347,0.0006028345,2
2025-02-12,oos,1,0.0004811536,0.0006144870,0.0038791228,0.0114876508,0.0003989899,0.0004126882,0.0004811536,0.0023511011,4
2025-02-13,oos,1,-0.0006219620,-0.0004886286,0.0093870165,0.0111702328,-0.0019259119,0.0008290992,-0.0006219620,-0.0015475897,4
2025-02-14,oos,1,0.0000617879,0.0001951212,0.0048739496,0.0040018283,0.0003363368,-0.0006305234,0.0000617879,-0.0002077146,2
2025-02-18,oos,1,0.0007645073,0.0008978406,0.0038081433,-0.0006670002,0.0005126455,0.0010141511,0.0001101845,0.0023769456,1
2025-02-19,oos,1,0.0000289920,0.0000956586,-0.0021090079,0.0017639304,0.0001660842,0.0009199540,0.0000289920,0.0006331036,1
2025-02-20,oos,1,0.0007247018,0.0008580351,-0.0030240065,-0.0027843261,-0.0007765252,-0.0024494402,0.0007247018,-0.0016037406,2
2025-02-21,oos,1,-0.0037401103,-0.0036067769,-0.0212341130,-0.0227720198,-0.0066262825,-0.0064266163,-0.0033509242,-0.0113981723,5
2025-02-24,oos,1,-0.0024665343,-0.0023998676,-0.0111012037,-0.0151739032,-0.0022495415,-0.0013071161,-0.0024665343,-0.0023619173,5
2025-02-25,oos,1,0.0019882207,0.0021882207,-0.0085746145,-0.0114012788,0.0012156317,0.0001911356,0.0019882207,-0.0030243586,4
2025-02-26,oos,1,-0.0063716585,-0.0061716585,-0.0050224946,-0.0018815588,-0.0056361600,-0.0032281351,-0.0028417080,-0.0077555675,1
2025-02-27,oos,1,-0.0144826224,-0.0142159557,-0.0244206669,-0.0344701137,-0.0056585631,-0.0145790629,-0.0053417963,-0.0085707458,5
2025-02-28,oos,1,-0.0017614341,-0.0015614341,0.0155026370,0.0159258593,-0.0018583566,0.0014678215,-0.0026687631,0.0018735911,5
2025-03-03,oos,1,-0.0033490227,-0.0030156894,-0.0180004721,-0.0277994995,-0.0017987816,-0.0048549273,-0.0036984351,0.0009484651,5
2025-03-04,oos,1,-0.0092208329,-0.0090208329,-0.0006610974,0.0025699138,0.0016279571,-0.0093675106,-0.0047678856,-0.0093588612,2
2025-03-05,oos,1,0.0007177738,0.0009844405,0.0031473017,0.0117089883,-0.0000559879,-0.0025478576,0.0001014211,0.0007177738,4
2025-03-06,oos,1,-0.0030215717,-0.0027549050,-0.0201434823,-0.0111203387,-0.0005810642,-0.0093137012,-0.0014485264,0.0004623936,4
2025-03-07,oos,1,0.0008164637,0.0009497971,0.0011645219,0.0095040644,-0.0011207469,-0.0017436316,-0.0011866328,0.0022278060,4
2025-03-10,oos,1,0.0046029153,0.0047362487,-0.0437583138,-0.0221739580,0.0027048740,0.0017973976,0.0018045988,0.0020599396,5
2025-03-11,oos,1,0.0017209773,0.0018543106,0.0089900303,-0.0015878057,0.0000219212,0.0050060075,0.0017209773,0.0075234756,1
2025-03-12,oos,1,0.0023117266,0.0024450599,0.0111263806,-0.0046748477,0.0012295367,0.0020978355,0.0006604332,0.0054103821,2
2025-03-13,oos,1,0.0013625855,0.0014959188,-0.0166419578,-0.0166089239,0.0014731822,0.0042630423,0.0013625855,0.0050723271,5
2025-03-14,oos,1,0.0000000000,0.0000000000,0.0174969211,0.0125176788,0.0000000000,0.0016050438,0.0000000000,-0.0017279010,4
2025-03-17,oos,1,-0.0050266078,-0.0048932744,0.0070119788,0.0065886866,-0.0025636989,-0.0023893558,-0.0028274497,-0.0026503383,3
2025-03-18,oos,1,0.0021024152,0.0023024152,-0.0160815684,-0.0099914478,0.0008472908,0.0003709222,0.0021024152,-0.0014441267,4
2025-03-19,oos,1,0.0024565747,0.0027899081,0.0166814103,0.0085568675,0.0023954001,0.0027253816,0.0001066100,0.0038824852,4
2025-03-20,oos,1,-0.0027830597,-0.0025830597,-0.0068986948,0.0050327126,-0.0002714498,0.0039459497,-0.0017896235,-0.0027830597,2
2025-03-21,oos,1,0.0014913526,0.0016246860,0.0046727997,0.0142591968,0.0008225046,0.0004407555,0.0014913526,0.0028591943,5
2025-03-24,oos,1,-0.0002075241,-0.0000741908,0.0178320633,0.0056167220,0.0002886248,-0.0002975530,-0.0002363149,-0.0018613621,3
2025-03-25,oos,1,0.0009496614,0.0010829947,0.0083270417,0.0042125399,0.0000609162,0.0015981239,0.0009496614,0.0000910319,2
2025-03-26,oos,1,-0.0006092348,-0.0004092348,-0.0226179493,-0.0160877514,-0.0022349335,-0.0013837853,-0.0010198143,-0.0016595130,5
2025-03-27,oos,1,0.0005154702,0.0005821368,-0.0045340472,-0.0016376112,0.0026441493,0.0020806385,0.0005154702,0.0034592965,1
2025-03-28,oos,1,-0.0003007939,-0.0002341272,-0.0291322701,-0.0226548009,-0.0004197613,-0.0005494893,-0.0003007939,-0.0114819558,5
2025-03-31,oos,1,-0.0023156078,-0.0021822744,-0.0005354466,0.0151541392,-0.0019663946,0.0007948582,-0.0023156078,-0.0004928769,5
2025-04-01,oos,1,0.0029192664,0.0031859331,0.0149576771,0.0115557458,0.0001512999,0.0038846047,0.0016419325,0.0047293234,4
2025-04-02,oos,1,-0.0004980240,-0.0002980240,-0.0389122311,0.0215180640,0.0017681656,-0.0023295426,-0.0018059423,-0.0004980240,5
2025-04-03,oos,1,0.0010963894,0.0011630560,-0.0114455185,-0.0125536763,-0.0010372191,0.0016792372,0.0010963894,-0.0020749662,4
2025-04-04,oos,1,0.0049273749,0.0050607082,-0.0617569279,-0.0353083489,0.0026677289,0.0030384225,0.0049273749,0.0027769471,5
2025-04-07,oos,1,0.0010975524,0.0012308858,0.0157745144,0.0367787403,0.0013835766,0.0026069647,0.0010975524,0.0218560492,5
2025-04-08,oos,1,-0.0177653362,-0.0174320028,-0.0452828429,-0.0504381961,-0.0312664262,-0.0050999298,-0.0107098866,-0.0168594418,5
2025-04-09,oos,1,-0.0445389300,-0.0442722633,0.1382864400,0.1213513969,-0.0389060784,-0.0507185165,-0.0230280310,-0.0445389300,5
2025-04-10,oos,1,-0.0012062905,-0.0010062905,-0.0490709351,-0.0163374195,-0.0015391740,-0.0019596274,-0.0017287788,-0.0012062905,5
2025-04-11,oos,1,0.0014221195,0.0014887862,0.0246621088,0.0219273586,0.0010320360,0.0012913793,0.0014221195,0.0014221195,5
2025-04-14,oos,1,-0.0034418974,-0.0031752307,0.0025286268,-0.0150282048,-0.0030736354,-0.0023155187,-0.0032133763,-0.0019259213,5
2025-04-15,oos,1,-0.0000123470,0.0001209864,-0.0064979266,-0.0011994592,-0.0006090611,0.0002334646,-0.0004828610,-0.0000123470,1
2025-04-16,oos,1,-0.0058301556,-0.0055634890,-0.0171784838,-0.0108010601,-0.0009561084,-0.0059402949,-0.0024116231,-0.0057310408,4
2025-04-17,oos,1,-0.0002392422,-0.0001725755,0.0024744680,-0.0070443008,-0.0006355920,-0.0004511785,-0.0002392422,0.0013718807,3
2025-04-21,oos,1,-0.0022756471,-0.0020756471,-0.0236513778,-0.0116833626,-0.0021441293,0.0014395784,-0.0022756471,-0.0102403735,4
2025-04-22,oos,1,0.0034996221,0.0036996221,0.0427028269,0.0128982271,0.0040593824,0.0039867767,0.0015015437,0.0001137819,4
2025-04-23,oos,1,-0.0001510521,0.0002489479,0.0042981837,-0.0076390859,0.0011281678,-0.0018495131,-0.0019653074,-0.0015093173,3
2025-04-24,oos,1,-0.0004000644,-0.0002000644,0.0306169480,0.0238126533,-0.0004377029,-0.0021417299,-0.0007911484,-0.0054624130,5
2025-04-25,oos,1,-0.0004388856,-0.0003055523,0.0072703267,0.0119707904,0.0007120759,-0.0002759628,-0.0005916569,0.0012614834,4
2025-04-28,oos,1,-0.0042977504,-0.0040310837,-0.0010841575,-0.0013106991,-0.0038829675,-0.0036833643,-0.0038956135,-0.0021082230,1
2025-04-29,oos,1,0.0012005388,0.0013338721,0.0020081222,0.0114001319,0.0002697303,0.0009842952,0.0012005388,0.0023511876,4
2025-04-30,oos,1,0.0019569684,0.0020903017,0.0182286716,0.0178537024,0.0007382963,0.0005268880,0.0019569684,0.0023185672,5
2025-05-01,oos,1,0.0005760491,0.0006427157,-0.0063477575,-0.0035787427,0.0003021175,0.0018799986,0.0005760491,-0.0010652902,2
2025-05-02,oos,1,-0.0000252235,0.0001081099,0.0207098121,0.0047067045,0.0003414846,0.0014794596,-0.0004414988,-0.0009415835,2
2025-05-05,oos,1,-0.0001058327,0.0001608339,-0.0087744416,0.0027445316,-0.0005355434,-0.0026727195,-0.0008998425,0.0006794005,2
2025-05-06,oos,1,0.0016047805,0.0016714471,0.0029094361,0.0038577029,0.0013869594,0.0012520592,0.0016047805,0.0027798242,2
2025-05-07,oos,1,0.0033371103,0.0036037770,-0.0054933750,0.0025721872,0.0029373956,0.0025882161,0.0029237281,0.0025518323,2
2025-05-08,oos,1,-0.0031745697,-0.0029079030,0.0095372075,-0.0004912697,-0.0014970980,-0.0010704602,-0.0016328308,-0.0022151743,1
2025-05-09,oos,1,0.0003912542,0.0005245875,-0.0001329973,-0.0045694702,0.0004206009,0.0003187201,-0.0001086647,0.0016958071,2
2025-05-12,oos,1,-0.0026249061,-0.0023582394,0.0387052993,0.0016962859,-0.0009304631,-0.0003634234,-0.0009611130,-0.0022618832,1
2025-05-13,oos,1,0.0001139319,0.0001805986,0.0185082873,0.0126286433,0.0004767378,-0.0011528739,0.0001139319,-0.0071447515,4
2025-05-14,oos,1,0.0012552209,0.0014552209,0.0038164981,0.0036960350,0.0011550148,0.0016180915,0.0002208824,0.0025448295,2
2025-05-15,oos,1,-0.0015875351,-0.0013875351,0.0019685419,0.0052853713,-0.0008051807,-0.0008739206,-0.0017575927,-0.0012797280,3
2025-05-16,oos,1,0.0003306844,0.0005306844,-0.0087639887,0.0016325433,0.0000545607,-0.0001812547,0.0001027456,0.0017592196,1
2025-05-19,oos,1,0.0000219725,0.0002219725,0.0151568147,0.0151096764,-0.0008636485,0.0000242131,-0.0004827013,0.0030145966,5
2025-05-20,oos,1,0.0027517962,0.0030184629,-0.0049385552,0.0015400312,0.0006450719,0.0016070268,0.0005781902,0.0039807614,1
2025-05-21,oos,1,-0.0079223006,-0.0075889673,-0.0132348415,-0.0062176768,-0.0063671314,-0.0085389441,-0.0043950685,-0.0088982794,3
2025-05-22,oos,1,0.0020580391,0.0022580391,0.0017740175,0.0006619164,0.0017224981,0.0005964419,0.0020580391,0.0039590197,1
2025-05-23,oos,1,0.0012316048,0.0014982715,-0.0107614766,0.0060452803,0.0002684781,-0.0007547633,0.0007802026,0.0019397960,3
2025-05-27,oos,1,-0.0009570575,-0.0007570575,0.0255340914,0.0098227260,-0.0003649001,0.0013626382,-0.0007591799,-0.0045181028,4
2025-05-28,oos,1,0.0008141553,0.0009474886,0.0136768204,-0.0062622084,0.0006281009,-0.0007635792,0.0008141553,0.0016912879,3
2025-05-29,oos,1,0.0022309417,0.0024309417,-0.0204371274,-0.0121596717,0.0018221144,0.0014073899,0.0014321334,0.0051621854,4
2025-05-30,oos,1,-0.0039072403,-0.0036405737,0.0016227181,-0.0006352996,-0.0028843269,-0.0055781885,-0.0031557110,-0.0017460049,1
2025-06-02,oos,1,-0.0001159472,0.0000840528,0.0072518274,0.0115420308,-0.0018475741,-0.0022740105,-0.0000429020,0.0017739954,4
2025-06-03,oos,1,0.0008225464,0.0010892131,0.0098803255,0.0071434029,0.0008184370,0.0013797041,-0.0000762335,-0.0040146209,3
2025-06-04,oos,1,0.0005208663,0.0005875329,0.0018770975,0.0014393667,-0.0002300251,0.0004271369,0.0005208663,0.0026052149,1
2025-06-05,oos,1,-0.0061458476,-0.0059458476,-0.0089515519,-0.0101663586,0.0008251444,0.0005413684,-0.0035674334,-0.0049073986,4
2025-06-06,oos,1,0.0011942229,0.0014608896,0.0135963488,-0.0001509434,0.0010737865,0.0000000000,0.0011942229,0.0006212085,1
2025-06-09,oos,1,0.0001065687,0.0003065687,0.0005275156,0.0010563247,-0.0005887698,0.0008198529,-0.0003467072,0.0011213198,1
2025-06-10,oos,1,0.0008579612,0.0011246278,0.0054606737,0.0057232148,0.0021831008,0.0037754575,0.0011619069,0.0008579612,3
2025-06-11,oos,1,0.0000836708,0.0002836708,-0.0051126468,-0.0059930548,0.0009889152,0.0008425930,-0.0000565383,0.0002535255,3
2025-06-12,oos,1,0.0003710905,0.0004377572,-0.0022023944,0.0048391045,0.0000000000,-0.0012155013,0.0003710905,0.0005170009,2
2025-06-13,oos,1,-0.0036885253,-0.0034885253,-0.0058294188,-0.0013644633,-0.0019889806,-0.0002540088,-0.0019473472,-0.0040132337,1
2025-06-16,oos,1,0.0007672035,0.0009672035,0.0066036662,0.0071065033,0.0003593067,0.0006440300,0.0007672035,-0.0011109893,3
2025-06-17,oos,1,-0.0027310855,-0.0025310855,-0.0049958527,-0.0049463053,-0.0012160964,-0.0041740395,-0.0016453766,-0.0016032240,2
2025-06-18,oos,1,0.0026197632,0.0028864299,0.0021790042,-0.0020939445,0.0022503000,0.0001778691,0.0011665117,0.0021820950,1
2025-06-20,oos,1,0.0008402334,0.0009069001,-0.0026468920,-0.0105023861,0.0009189368,0.0009804538,0.0008402334,0.0038260881,4
2025-06-23,oos,1,0.0017178782,0.0019178782,0.0154676275,0.0093202483,0.0006529921,0.0014952107,0.0000193983,0.0030233535,4
2025-06-24,oos,1,-0.0000275065,0.0002391602,0.0083252445,0.0053083499,0.0001851712,0.0000566075,-0.0005668170,-0.0014471180,3
2025-06-25,oos,1,0.0008789026,0.0010789026,0.0017586730,-0.0016603328,0.0010527863,0.0005939253,0.0008789026,0.0012484798,1
2025-06-26,oos,1,-0.0000103466,0.0001896534,0.0097019201,0.0052820466,-0.0001510655,0.0008479607,0.0000196874,-0.0005067643,3
2025-06-27,oos,1,-0.0018237663,-0.0016237663,0.0022145759,0.0015166466,-0.0035127626,-0.0063064906,-0.0012035761,-0.0024626086,1
2025-06-30,oos,1,-0.0003023723,-0.0000357057,0.0072499498,0.0006893299,-0.0007950596,0.0004451316,-0.0000845725,-0.0001872704,1
2025-07-01,oos,1,0.0016548603,0.0019215270,-0.0076147654,-0.0050206465,0.0017429114,0.0022903993,0.0011790657,0.0010773659,2
2025-07-02,oos,1,0.0004690894,0.0006024227,0.0065404852,0.0084956789,0.0000715542,-0.0017722767,0.0004690894,-0.0010246091,4
2025-07-03,oos,1,0.0001003457,0.0001670124,0.0088394381,0.0054954988,0.0001356601,0.0000000000,0.0001003457,-0.0015223338,3
2025-07-07,oos,1,0.0018815094,0.0021481761,-0.0072146957,-0.0026918630,0.0014280567,0.0036883187,0.0008688191,0.0017304744,2
2025-07-08,oos,1,0.0005595036,0.0006261703,0.0013591881,-0.0018793596,0.0003676963,0.0021261148,0.0005595036,0.0021166963,1
2025-07-09,oos,1,-0.0005114621,-0.0003781288,0.0059904081,0.0031921801,-0.0015123778,-0.0022644128,-0.0005114621,-0.0002061519,2
2025-07-10,oos,1,0.0001010325,0.0002343658,0.0004857338,-0.0025857889,-0.0002611222,-0.0019651024,0.0001010325,0.0001342852,2
2025-07-11,oos,1,0.0004425761,0.0005759094,-0.0047291101,0.0016266040,0.0004486886,-0.0017029251,0.0004425761,0.0022845210,1
2025-07-14,oos,1,-0.0002352968,-0.0001019634,0.0039385727,0.0040072926,0.0000935577,0.0009301185,-0.0002375223,0.0015503372,2
2025-07-15,oos,1,0.0003235614,0.0005902281,0.0001799597,-0.0063007586,-0.0002776961,0.0006604471,-0.0002312277,0.0008111095,3
2025-07-16,oos,1,0.0018782157,0.0020782157,0.0014034330,0.0000179443,0.0021674485,0.0033386902,0.0005886927,0.0024302215,1
2025-07-17,oos,1,0.0002654788,0.0004654788,0.0104391261,0.0067739508,0.0000072055,0.0001432032,-0.0000146846,-0.0033985907,3
2025-07-18,oos,1,0.0003012313,0.0003678979,-0.0016359336,-0.0033030260,0.0005832602,0.0008372473,0.0003012313,0.0010926664,2
2025-07-21,oos,1,-0.0010486337,-0.0008486337,0.0050405201,0.0037182658,-0.0027354345,0.0018433986,-0.0004216240,-0.0024897208,2
2025-07-22,oos,1,0.0008974713,0.0010308046,-0.0035620614,-0.0054049265,0.0008683630,0.0008324351,0.0008974713,0.0013056685,3
2025-07-23,oos,1,0.0003392331,0.0005392331,0.0060647020,0.0026140769,0.0000443696,0.0004131437,0.0002697390,0.0005571450,2
2025-07-24,oos,1,0.0004742189,0.0006075522,0.0002298119,-0.0002123405,0.0002851613,-0.0000071747,0.0004742189,0.0011981407,1
2025-07-25,oos,1,0.0003094103,0.0005760770,0.0021738746,0.0025489884,-0.0008980032,0.0005525971,-0.0000038070,0.0006556718,2
2025-07-28,oos,1,0.0007517040,0.0009517040,0.0035799944,0.0007045479,0.0001744145,0.0005391253,0.0007517040,0.0007759565,1
2025-07-29,oos,1,-0.0001370694,-0.0000704027,-0.0022492839,-0.0061321746,0.0002332366,0.0010585591,-0.0001370694,0.0008692566,3
2025-07-30,oos,1,0.0020237120,0.0023570453,0.0108490815,-0.0002816009,0.0011647409,0.0004002385,0.0004668585,0.0020237120,1
2025-07-31,oos,1,-0.0011384330,-0.0008717663,-0.0180155066,-0.0165871828,-0.0014377870,0.0016865510,-0.0002838098,-0.0001577051,5
2025-08-01,oos,1,0.0004730455,0.0006063788,-0.0187377797,-0.0088577922,0.0018206949,0.0010863159,0.0004730455,-0.0004433660,4
2025-08-04,oos,1,0.0001816836,0.0002483502,0.0215546827,0.0090331813,-0.0005246270,0.0020667194,0.0001816836,-0.0010696550,4
2025-08-05,oos,1,0.0008665537,0.0010665537,-0.0119121369,-0.0090556961,0.0007588012,0.0017011872,0.0002521022,0.0021531014,4
2025-08-06,oos,1,-0.0004145698,-0.0002145698,0.0174835196,0.0110673486,-0.0000351153,-0.0010753837,-0.0001626951,0.0012336794,4
2025-08-07,oos,1,-0.0009538336,-0.0007538336,0.0038732394,-0.0041982262,0.0003647809,-0.0030028088,-0.0011978818,-0.0001579691,2
2025-08-08,oos,1,0.0009604269,0.0011604269,0.0101639776,0.0071873083,0.0010887530,0.0004192863,0.0009604269,-0.0005609765,3
2025-08-11,oos,1,0.0003970724,0.0005304058,-0.0057040376,-0.0032017261,0.0009072538,-0.0011244784,0.0003970724,0.0008715446,2
2025-08-12,oos,1,-0.0011135433,-0.0009802099,0.0138639102,0.0085019821,0.0001053449,0.0011838210,-0.0008856958,0.0005608117,4
2025-08-13,oos,1,0.0000000000,0.0000000000,-0.0003273917,-0.0041526529,-0.0001822479,0.0015251937,0.0000000000,0.0011109472,2
2025-08-14,oos,1,0.0005370633,0.0006703966,-0.0024289361,0.0027841184,0.0001709121,-0.0001629990,0.0005370633,0.0019034613,2
2025-08-15,oos,1,0.0016413793,0.0018413793,-0.0034366635,-0.0042428424,0.0007431081,0.0006689930,0.0016413793,0.0011922856,2
2025-08-18,oos,1,-0.0003182713,-0.0001849380,0.0004332305,0.0011276109,0.0001337861,0.0004704416,-0.0002516046,0.0009190613,1
2025-08-19,oos,1,0.0006512031,0.0009178697,-0.0159879441,-0.0123353979,0.0004678812,-0.0025933670,-0.0000150560,-0.0023685124,4
2025-08-20,oos,1,0.0007131487,0.0009131487,-0.0041895508,-0.0042756849,0.0010014350,0.0005761357,0.0007131487,-0.0056996180,2
2025-08-21,oos,1,0.0009303790,0.0011303790,-0.0028990631,-0.0018959865,0.0008414248,0.0009673037,0.0000436888,0.0025405407,1
2025-08-22,oos,1,-0.0000017201,0.0002649465,0.0152111478,0.0129279048,0.0002278659,0.0000000000,0.0001523408,-0.0099869984,4
2025-08-25,oos,1,-0.0021609099,-0.0020275765,-0.0040164851,-0.0001402525,-0.0010231214,-0.0001192728,-0.0012547301,-0.0011335486,1
2025-08-26,oos,1,0.0008778101,0.0010111434,0.0052424869,0.0048786480,0.0002276607,0.0013365039,0.0002078027,0.0026347080,2
2025-08-27,oos,1,0.0018455559,0.0021122226,-0.0043953744,0.0033240610,0.0007877667,0.0024402251,0.0018455559,0.0026436280,2
2025-08-28,oos,1,-0.0003729489,-0.0003062823,0.0102135562,0.0051732246,-0.0006707484,-0.0016850697,-0.0003729489,0.0011281271,3
2025-08-29,oos,1,0.0010512394,0.0011845727,-0.0120699223,-0.0074044427,0.0004398640,0.0013730718,0.0010512394,-0.0019813629,3
2025-09-02,oos,1,-0.0002767657,-0.0001434324,-0.0045990732,0.0076784664,-0.0002073222,0.0009535946,-0.0006004745,-0.0002245736,3
2025-09-03,oos,1,-0.0004382908,-0.0003049574,0.0045674179,0.0014698804,-0.0001654336,0.0004849046,-0.0004479945,-0.0008390586,1
2025-09-04,oos,1,-0.0022411122,-0.0020411122,0.0115333977,0.0078669797,-0.0014664029,-0.0002585359,-0.0012213838,-0.0022519553,3
2025-09-05,oos,1,0.0000000000,0.0000000000,-0.0023081462,-0.0076314837,-0.0003295397,-0.0026709096,0.0000000000,0.0020919934,3
2025-09-08,oos,1,-0.0005631523,-0.0003631523,0.0070100367,0.0008644985,0.0004716584,0.0004801300,-0.0003338524,-0.0010384215,1
2025-09-09,oos,1,-0.0000585850,0.0000747483,0.0034201617,0.0014491004,-0.0001205544,-0.0006996227,-0.0000585850,0.0011961379,1
2025-09-10,oos,1,0.0000249474,0.0002249474,0.0006369427,-0.0052077980,0.0010368410,-0.0061813998,-0.0003592959,0.0003128663,3
2025-09-11,oos,1,0.0000000000,0.0000000000,0.0052643350,0.0014402304,-0.0000058533,0.0012468264,0.0000000000,-0.0006122812,1
2025-09-12,oos,1,-0.0003478175,-0.0001478175,0.0039532456,0.0027690414,-0.0001131448,0.0000459703,-0.0002825414,-0.0010706227,2
2025-09-15,oos,1,0.0003114894,0.0004448227,0.0083696986,0.0055060839,0.0005502702,0.0013730298,0.0003114894,-0.0004613142,3
2025-09-16,oos,1,0.0003002187,0.0005668854,0.0000676190,-0.0024130541,0.0002747477,0.0012796733,0.0002260483,0.0007751995,1
2025-09-17,oos,1,0.0083568031,0.0086901365,0.0016903599,-0.0018609372,0.0057880520,0.0105127904,0.0034355972,0.0062586529,1
2025-09-18,oos,1,0.0000000000,0.0000000000,0.0063450278,0.0006891799,0.0000000000,0.0006127204,0.0000000000,-0.0009400878,1
2025-09-19,oos,1,-0.0005091880,-0.0003758546,0.0056007378,0.0033817153,-0.0006801401,-0.0003499671,-0.0005091880,-0.0000462054,2
2025-09-22,oos,1,-0.0016835706,-0.0014835706,0.0042521970,0.0074614381,-0.0006562118,0.0003246192,-0.0008351313,-0.0027620115,3
2025-09-23,oos,1,-0.0024407038,-0.0021073705,-0.0063761955,-0.0069707987,-0.0014484997,-0.0038783125,-0.0007145730,-0.0027788900,3
2025-09-24,oos,1,-0.0002364362,0.0000302304,-0.0032252674,-0.0058040628,-0.0000410612,-0.0006601648,-0.0004398022,-0.0002364362,3
2025-09-25,oos,1,0.0026618277,0.0029284944,-0.0055348970,0.0021614319,0.0019297600,0.0031079685,0.0004384783,0.0069622521,1
2025-09-26,oos,1,-0.0001423363,-0.0000756697,0.0050262269,0.0027256667,-0.0001111632,-0.0008885098,-0.0001423363,0.0007653284,2
2025-09-29,oos,1,0.0004862976,0.0008196309,0.0037574436,-0.0006342742,0.0004190789,0.0011678671,-0.0001045822,0.0001016598,1
2025-09-30,oos,1,-0.0004483782,-0.0003150449,0.0006016143,0.0032418161,0.0004354757,0.0021916209,-0.0004483782,0.0005988256,2
2025-10-01,oos,1,-0.0006397890,-0.0005064556,0.0078329854,0.0101813554,-0.0014242860,-0.0041037553,-0.0005814116,0.0009306537,4
2025-10-02,oos,1,0.0000000000,0.0000000000,0.0043252022,-0.0021908872,-0.0003327108,0.0002010806,0.0000000000,0.0016576762,1
2025-10-03,oos,1,0.0011700193,0.0013033526,-0.0050820889,-0.0054904288,0.0014905761,-0.0014202489,-0.0002541556,0.0016196971,3
2025-10-06,oos,1,-0.0000455932,0.0000877402,0.0063021378,-0.0011997699,-0.0000958749,-0.0036593044,-0.0000455932,-0.0005185095,1
2025-10-07,oos,1,0.0006146377,0.0007479711,-0.0042357071,-0.0074217595,0.0003754522,0.0011185761,0.0006146377,-0.0003391527,3
2025-10-08,oos,1,-0.0004071839,-0.0002071839,0.0139525015,0.0099601923,0.0003077867,-0.0002684772,-0.0004071839,-0.0024904407,4
2025-10-09,oos,1,-0.0005052740,-0.0003719407,-0.0017134323,-0.0012412507,-0.0002798393,-0.0002661143,-0.0005052740,-0.0000684491,1
2025-10-10,oos,1,-0.0062999691,-0.0060333024,-0.0354005844,-0.0360893032,-0.0060554880,-0.0044556478,-0.0060566333,-0.0026919083,5
2025-10-13,oos,1,0.0005196814,0.0005863480,0.0201379825,0.0038854055,0.0008213556,-0.0033670663,0.0005196814,0.0004585882,2
2025-10-14,oos,1,-0.0017911680,-0.0016578347,-0.0055665409,0.0045186541,-0.0014259574,-0.0002263381,-0.0013572548,0.0003273131,2
2025-10-15,oos,1,-0.0028978732,-0.0026978732,0.0068342078,-0.0029635271,-0.0023543989,-0.0020936524,-0.0019145041,-0.0028978732,2
2025-10-16,oos,1,0.0023454583,0.0025454583,-0.0071695295,-0.0084612715,0.0019173656,0.0025199332,0.0001785399,0.0023447787,4
2025-10-17,oos,1,0.0006077438,0.0007410772,0.0113000017,0.0099690610,0.0002189327,0.0009394886,0.0006077438,0.0026944259,4
2025-10-20,oos,1,-0.0000474763,0.0001525237,0.0116861436,0.0072800343,0.0000156358,0.0010311612,-0.0001278829,-0.0017458484,3
2025-10-21,oos,1,0.0002981915,0.0003648582,-0.0029572264,-0.0004250867,0.0001964220,0.0007673225,0.0002981915,0.0004760658,1
2025-10-22,oos,1,-0.0001527813,-0.0000194479,-0.0097383040,-0.0087259749,0.0015758967,0.0025836071,-0.0001527813,-0.0012881596,4
2025-10-23,oos,1,-0.0000803064,-0.0000136397,0.0123162524,0.0093732952,-0.0009011058,0.0002730291,-0.0000803064,-0.0000071359,4
2025-10-24,oos,1,0.0001920802,0.0002587469,0.0094319575,0.0018019773,0.0002843594,-0.0008979219,0.0001920802,0.0004119449,1
2025-10-27,oos,1,0.0000234608,0.0001567941,0.0184933282,0.0057163902,0.0001162444,0.0000236164,0.0000234608,-0.0010757180,3
2025-10-28,oos,1,-0.0039980703,-0.0037980703,0.0072661939,0.0040611714,-0.0003088582,-0.0009866072,-0.0016367777,-0.0034675927,2
2025-10-29,oos,1,0.0024014229,0.0026014229,0.0018942085,0.0002832014,0.0018969205,0.0040464777,0.0024014229,0.0025705974,1
2025-10-30,oos,1,-0.0012704631,-0.0010704631,-0.0022529974,-0.0096809403,-0.0015846136,-0.0002833112,-0.0007199803,0.0000510156,4
2025-10-31,oos,1,-0.0015957735,-0.0013957735,-0.0066795099,-0.0080420077,-0.0001822682,-0.0028950542,-0.0009625736,-0.0008728501,3
2025-11-03,oos,1,-0.0003652847,-0.0002319514,0.0011604801,-0.0047708271,0.0000000000,0.0000000000,-0.0003652847,0.0014050875,2
2025-11-04,oos,1,0.0006107274,0.0007440607,-0.0231668202,-0.0064657939,0.0000911243,0.0011042655,0.0006107274,0.0003343161,3
2025-11-05,oos,1,-0.0024635325,-0.0023301992,0.0116334791,0.0078578473,-0.0014679062,0.0016614305,-0.0014623513,-0.0012479504,3
2025-11-06,oos,1,0.0013884158,0.0014550825,-0.0144401803,-0.0162755914,0.0000000000,-0.0015959972,0.0013884158,-0.0062354927,5
2025-11-07,oos,1,-0.0032054937,-0.0030721603,-0.0019727403,0.0023507751,-0.0026278021,-0.0118102979,-0.0022013733,-0.0074353734,1
2025-11-10,oos,1,-0.0013348315,-0.0011348315,0.0190639549,0.0069637433,-0.0031760114,-0.0019131969,-0.0012066459,-0.0008205437,3
2025-11-11,oos,1,-0.0009698633,-0.0009031967,-0.0021640858,0.0015147365,-0.0012420138,-0.0002768012,-0.0009698633,-0.0018096263,1
2025-11-12,oos,1,0.0004121620,0.0005454954,-0.0046106640,-0.0060495487,0.0007550957,0.0000000000,0.0004121620,0.0017018070,3
2025-11-13,oos,1,0.0003004743,0.0004338076,-0.0178825048,-0.0148006607,0.0002751781,-0.0009399888,-0.0002800018,-0.0042605829,5
2025-11-14,oos,1,0.0009175046,0.0009841712,0.0046670611,0.0155283129,0.0007857595,0.0028123954,0.0009175046,0.0058149734,5
2025-11-17,oos,1,0.0000568663,0.0002568663,-0.0140833551,-0.0043542801,-0.0007711871,-0.0013553409,-0.0006081906,0.0000568663,2
2025-11-18,oos,1,0.0008421151,0.0009087817,-0.0118125259,-0.0055201628,0.0010298492,0.0000000000,0.0008421151,0.0002909503,3
2025-11-19,oos,1,0.0036311052,0.0038311052,0.0233534241,0.0045405061,0.0024996748,0.0053909988,0.0036311052,0.0038244231,2
2025-11-20,oos,1,-0.0118480262,-0.0115813595,-0.0372740099,-0.0424283052,-0.0094052042,-0.0122046398,-0.0051477476,-0.0115547158,5
2025-11-21,oos,1,0.0020484632,0.0021817965,0.0089294843,0.0044257579,0.0007869219,0.0000234654,0.0020484632,0.0054715814,2
2025-11-24,oos,1,0.0001502923,0.0002836256,0.0232915583,0.0165972316,0.0002038514,0.0009225446,0.0001502923,-0.0019526603,5
2025-11-25,oos,1,-0.0008811783,-0.0006811783,0.0066848230,0.0089161737,-0.0005129100,0.0004323822,-0.0007788308,0.0033000237,4
2025-11-26,oos,1,0.0011120974,0.0013120974,0.0086899492,0.0028734225,0.0008172544,-0.0002151395,0.0011120974,-0.0002434183,2
2025-11-28,oos,1,0.0005402227,0.0006068894,0.0063556567,0.0050964925,0.0000000000,0.0004786246,0.0005402227,0.0005978112,3
2025-12-01,oos,1,-0.0001334659,-0.0000001326,-0.0027943338,0.0058504310,-0.0003436052,-0.0001969867,-0.0002180027,0.0012531745,3
2025-12-02,oos,1,0.0015601225,0.0016934559,0.0086656516,0.0041865496,0.0012623490,0.0012326932,0.0015601225,0.0006393230,2
2025-12-03,oos,1,0.0003205855,0.0003872522,0.0003211665,0.0062941803,0.0000000000,-0.0040338190,0.0003205855,0.0016214954,3
2025-12-04,oos,1,0.0015107398,0.0016440731,0.0008829242,-0.0031843566,0.0008517888,0.0009933811,0.0005453482,0.0022432793,2
2025-12-05,oos,1,0.0000000000,0.0000000000,0.0032559184,0.0017617477,0.0002634240,0.0009518768,0.0000000000,-0.0001997296,1
2025-12-08,oos,1,0.0006058821,0.0006725488,-0.0001598695,-0.0046714816,0.0000000000,0.0005598423,0.0006058821,0.0016696087,2
2025-12-09,oos,1,0.0001333909,0.0002000576,-0.0023685262,0.0032744258,0.0001693853,0.0003124314,0.0001333909,0.0001333909,2
2025-12-10,oos,1,-0.0005450433,-0.0002783766,0.0013163363,0.0060270898,-0.0014799989,0.0026392884,-0.0002604770,0.0006885541,3
2025-12-11,oos,1,-0.0018385684,-0.0016385684,-0.0011684674,0.0028213267,-0.0013550447,-0.0012537729,-0.0012877071,-0.0006721889,2
2025-12-12,oos,1,-0.0004248095,-0.0003581429,-0.0179765072,-0.0135995370,0.0002267046,0.0005044796,-0.0004248095,-0.0091364383,5
2025-12-15,oos,1,0.0004407398,0.0005074065,-0.0070042165,-0.0126623219,0.0010581487,0.0007840754,0.0004407398,0.0029934231,4
2025-12-16,oos,1,0.0007573886,0.0008240553,0.0027606773,0.0057376780,0.0006882067,0.0017300607,0.0007573886,0.0031529417,3
2025-12-17,oos,1,0.0001270353,0.0001937019,-0.0121981678,-0.0206341957,0.0005864430,-0.0035226642,0.0001270353,-0.0016138557,5
2025-12-18,oos,1,0.0011990120,0.0013323453,0.0103413241,-0.0011315185,0.0003746114,0.0024570699,0.0011990120,0.0000714186,1
2025-12-19,oos,1,0.0000000000,0.0000000000,0.0161089034,0.0083340142,0.0000508404,0.0004957844,0.0000000000,0.0006229862,3
2025-12-22,oos,1,0.0002129303,0.0002795970,0.0018261446,-0.0034441136,0.0001115267,0.0008918787,0.0002129303,0.0008725504,2
2025-12-23,oos,1,-0.0002489420,-0.0001822753,0.0039198606,0.0063248140,-0.0003951868,-0.0012547620,-0.0002489420,0.0011102780,3
2025-12-24,oos,1,-0.0003419040,-0.0002085706,0.0010765646,0.0031190212,-0.0000642524,0.0000411185,-0.0002752373,-0.0009975177,2
2025-12-26,oos,1,0.0000673220,0.0001339886,0.0002889153,-0.0012646880,-0.0000521779,0.0002322267,0.0000673220,0.0011500692,1
2025-12-29,oos,1,0.0007073313,0.0009739979,-0.0052047497,0.0012256088,0.0004824994,0.0008213192,0.0000767821,0.0003827873,1
2025-12-30,oos,1,-0.0008449488,-0.0006449488,-0.0032202265,-0.0006614610,0.0000739619,-0.0026703440,-0.0004503463,-0.0002770431,1
2025-12-31,oos,1,-0.0009885784,-0.0008552451,-0.0059874426,-0.0086177681,-0.0010838015,-0.0023689016,-0.0009885784,-0.0023873030,4
2026-01-02,oos,1,0.0012107516,0.0014107516,-0.0009279458,-0.0111924652,0.0008467500,0.0001421513,0.0006913758,0.0024507473,4
2026-01-05,oos,1,0.0000560061,0.0001893395,0.0060587593,-0.0021475166,0.0003638491,-0.0004058287,0.0000560061,-0.0009222474,1
2026-01-06,oos,1,-0.0023356465,-0.0021356465,0.0104956494,0.0070975243,-0.0008567579,-0.0043084164,-0.0011687147,-0.0030181045,3
2026-01-07,oos,1,-0.0008660823,-0.0007327489,0.0005797512,0.0015729327,-0.0028254311,-0.0037836935,-0.0008660823,-0.0050637027,1
2026-01-08,oos,1,0.0007750868,0.0009084202,-0.0066479776,-0.0041089514,0.0004439360,0.0005526169,0.0007750868,0.0011542321,2
2026-01-09,oos,1,-0.0000326050,0.0001007283,0.0109175939,0.0085048519,-0.0000255018,0.0000000000,-0.0002048756,-0.0002935214,4
2026-01-12,oos,1,0.0003359816,0.0005359816,-0.0023130793,0.0078096126,-0.0001402139,0.0018597154,0.0003359816,0.0010907403,3
2026-01-13,oos,1,0.0004235475,0.0005568808,0.0012471619,-0.0016420361,0.0001187122,-0.0008750143,0.0004235475,0.0003890345,1
2026-01-14,oos,1,-0.0024068703,-0.0022735370,-0.0118013414,-0.0043230908,-0.0019544401,-0.0006273437,-0.0015528318,-0.0074833003,2
2026-01-15,oos,1,-0.0024190741,-0.0022190741,0.0063508993,-0.0076923077,-0.0001273528,-0.0038910780,-0.0013529152,-0.0016707318,3
2026-01-16,oos,1,0.0010643291,0.0011976624,-0.0025916113,-0.0071063149,0.0006505550,0.0002475160,0.0004164951,0.0027350781,3
2026-01-20,oos,1,-0.0026731391,-0.0024731391,-0.0195710662,-0.0040456652,-0.0047472347,-0.0024110018,-0.0022775621,-0.0023102525,2
2026-01-21,oos,1,-0.0027004377,-0.0023671043,0.0151526348,0.0111736427,0.0000055281,-0.0031086691,-0.0037260785,-0.0066868945,4
2026-01-22,oos,1,0.0002834461,0.0004834461,0.0038054182,-0.0025548325,-0.0004937716,0.0006410452,0.0000652722,0.0015804792,2
2026-01-23,oos,1,0.0013646833,0.0015646833,0.0016759326,0.0048246817,0.0006732222,0.0009935984,0.0006218590,0.0005294858,2
2026-01-26,oos,1,-0.0002416343,-0.0001083009,0.0084139063,0.0036103400,0.0002342076,0.0009109850,-0.0002416343,-0.0039393933,2
2026-01-27,oos,1,0.0002810609,0.0004143943,0.0119013433,0.0034130480,0.0005956038,0.0009249659,0.0002810609,-0.0018345839,2
2026-01-28,oos,1,0.0016853259,0.0018853259,-0.0016711862,-0.0035250055,0.0012774043,0.0012694073,0.0016853259,0.0024292234,2
2026-01-29,oos,1,0.0000000000,0.0000000000,-0.0085434762,-0.0051845412,0.0000000000,0.0013986391,0.0000000000,-0.0127194750,3
2026-01-30,oos,1,0.0020614655,0.0023281322,-0.0120579455,-0.0061370283,0.0019242499,0.0017551055,0.0008304564,0.0020614655,3
2026-02-02,oos,1,-0.0004954935,-0.0002288268,0.0133778860,0.0120252142,-0.0000831275,-0.0076249686,-0.0004873969,-0.0026799266,4
2026-02-03,oos,1,-0.0003494011,-0.0001494011,-0.0217926536,-0.0187490053,-0.0016966251,-0.0021349964,-0.0011492517,-0.0156587189,5
2026-02-04,oos,1,0.0009778194,0.0013111527,-0.0106043849,-0.0150726806,0.0004186467,-0.0020302353,-0.0011801803,-0.0023766861,5
2026-02-05,oos,1,0.0003657082,0.0004323749,-0.0280444503,-0.0052981456,0.0006204263,-0.0045595596,0.0003657082,-0.0015656474,3
2026-02-06,oos,1,0.0001866217,0.0003866217,0.0309170247,0.0157616755,-0.0009780378,0.0012289323,0.0001866217,0.0004961403,5
2026-02-09,oos,1,0.0006255323,0.0007588657,0.0078583850,0.0114668993,0.0005051628,0.0008315954,0.0006255323,-0.0011677703,4
2026-02-10,oos,1,-0.0015472071,-0.0014138738,-0.0017905686,-0.0062083032,-0.0000130603,-0.0023900783,-0.0010422950,-0.0008480273,3
2026-02-11,oos,1,0.0011862070,0.0013195403,-0.0008642760,-0.0053051689,0.0000000000,0.0024988410,0.0011862070,0.0048458861,3
2026-02-12,oos,1,0.0007563580,0.0009563580,-0.0208748164,-0.0228888419,-0.0010560134,-0.0006624162,0.0007563580,-0.0118217487,5
2026-02-13,oos,1,-0.0020816669,-0.0019483335,0.0012335184,0.0024815549,-0.0013870006,0.0018150377,-0.0014069496,0.0032314187,2
2026-02-17,oos,1,0.0012773585,0.0014773585,-0.0009324898,0.0048882390,0.0012655832,0.0028304612,0.0012773585,0.0012378188,2
2026-02-18,oos,1,-0.0008327646,-0.0006327646,0.0088655050,0.0061118400,-0.0017924691,0.0001919583,-0.0012026374,-0.0060182501,3
2026-02-19,oos,1,0.0005192827,0.0005859494,-0.0017508796,0.0010948723,0.0008993027,0.0012257206,0.0005192827,0.0019357208,1
2026-02-20,oos,1,0.0012717117,0.0013383784,0.0072805494,0.0144804372,0.0024448617,0.0016445005,0.0012717117,0.0022098078,5
2026-02-23,oos,1,0.0015472725,0.0016806059,-0.0102012320,-0.0085640573,0.0013443746,0.0010006622,0.0015472725,-0.0040455501,4
2026-02-24,oos,1,0.0003348135,0.0004681469,0.0103893517,0.0089973440,0.0000365539,0.0033361033,0.0003348135,-0.0045008875,4
2026-02-25,oos,1,-0.0003988204,-0.0002654870,0.0099377464,0.0091806176,-0.0006617344,-0.0004596996,-0.0003997779,-0.0014885328,4
2026-02-26,oos,1,0.0002071634,0.0002738301,-0.0129789358,-0.0103153073,-0.0006460859,0.0005453286,0.0002071634,-0.0053562121,4
2026-02-27,oos,1,0.0003480830,0.0004814163,-0.0024552211,0.0073468440,-0.0004412422,-0.0005387354,0.0003480830,0.0016211672,3
2026-03-02,oos,1,0.0024516768,0.0027183435,0.0007598533,0.0154126173,0.0020004138,0.0015948952,0.0014966910,0.0036995641,5
2026-03-03,oos,1,0.0004656064,0.0005989398,-0.0072461376,0.0088038502,-0.0000459151,-0.0146815549,0.0004656064,0.0002647566,4
2026-03-04,oos,1,-0.0008584494,-0.0005917827,0.0187320642,0.0109077066,-0.0009959279,-0.0010377372,-0.0006755168,-0.0042782288,4
2026-03-05,oos,1,-0.0023138200,-0.0020471534,-0.0051841276,0.0024860059,-0.0036407105,0.0031322733,-0.0006851776,-0.0017639606,2
2026-03-06,oos,1,-0.0002245249,-0.0000245249,-0.0176198445,-0.0009328514,0.0009901690,0.0019908793,0.0002085580,0.0016616300,1
2026-03-09,oos,1,-0.0032855177,-0.0030855177,0.0105210421,0.0227775674,-0.0026185453,-0.0021703537,-0.0015486842,-0.0025682791,5
2026-03-10,oos,1,0.0000257138,0.0001590471,0.0055858536,-0.0000164533,-0.0001912957,0.0016858825,0.0000257138,-0.0003632358,1
2026-03-11,oos,1,0.0007741266,0.0008407933,-0.0090553510,-0.0020691354,0.0004866821,0.0003440832,0.0007741266,0.0007741266,1
2026-03-12,oos,1,0.0000000000,0.0000000000,-0.0103819427,-0.0091246931,0.0000000000,0.0013456481,0.0000000000,-0.0023218931,4
2026-03-13,oos,1,0.0016263513,0.0017596846,-0.0054800489,-0.0100211762,0.0006931276,0.0015126444,0.0016263513,0.0025509234,4
2026-03-16,oos,1,0.0018225147,0.0019558481,0.0114080615,0.0004499700,0.0017265093,0.0026314498,0.0018225147,0.0020887098,1
2026-03-17,oos,1,0.0014947700,0.0017614366,0.0049482681,0.0002818583,0.0006411750,-0.0003938306,0.0003412418,0.0014446451,1
2026-03-18,oos,1,-0.0018890832,-0.0015557499,-0.0149043403,-0.0109561256,-0.0021803659,0.0030991970,-0.0010400544,-0.0003920713,4
2026-03-19,oos,1,0.0035472714,0.0038806048,-0.0001346371,0.0059540975,0.0012224721,-0.0009893926,0.0026722868,0.0054086982,3
2026-03-20,oos,1,0.0006309669,0.0007643002,-0.0117654980,-0.0152268805,-0.0013769683,0.0009191068,0.0006309669,0.0006040978,5
2026-03-23,oos,1,-0.0020411157,-0.0018411157,0.0040255825,-0.0042674253,-0.0011516385,-0.0003284973,-0.0017707623,-0.0038758144,2
2026-03-24,oos,1,0.0020646567,0.0023313233,-0.0013800217,-0.0014192644,0.0015451478,0.0040920727,0.0014599485,0.0026121348,1
2026-03-25,oos,1,0.0015601288,0.0016934622,-0.0035843512,-0.0022405540,0.0014079556,-0.0002937266,0.0015601288,0.0021036937,1
2026-03-26,oos,1,-0.0083237280,-0.0081237280,-0.0183612930,-0.0151218675,-0.0062055716,0.0012588917,-0.0036128882,-0.0113691331,5
2026-03-27,oos,1,0.0014604678,0.0016604678,-0.0271974157,-0.0144181076,-0.0008629967,0.0009532162,0.0002392743,0.0007431258,5
2026-03-30,oos,1,-0.0002192002,-0.0000192002,-0.0073197293,-0.0159152596,-0.0022843445,-0.0010243716,-0.0009837100,0.0014564677,5
2026-03-31,oos,1,-0.0025122779,-0.0023789445,0.0434508929,0.0228428645,-0.0047175005,-0.0000946459,-0.0020274270,-0.0018782438,5
2026-04-01,oos,1,-0.0003045229,-0.0001045229,0.0063427498,0.0048496939,-0.0002784781,-0.0029272480,-0.0007979797,-0.0024347306,2
2026-04-02,oos,1,0.0009252091,0.0009918758,0.0015928203,0.0191821872,0.0008426704,0.0010192457,0.0009252091,0.0040493899,5
2026-04-06,oos,1,0.0010211875,0.0010878542,0.0038303694,0.0038722003,0.0006040139,0.0014195268,0.0010211875,0.0020989838,2
2026-04-07,oos,1,0.0033274272,0.0035940939,0.0308837558,0.0050372242,0.0030352783,-0.0003810935,0.0008672117,0.0003255438,2
2026-04-08,oos,1,0.0009497242,0.0012163908,-0.0010740784,-0.0043041843,0.0016849903,-0.0136190429,-0.0002822063,0.0030988809,2
2026-04-09,oos,1,0.0001618900,0.0002952234,0.0080725203,0.0070305151,-0.0019357939,0.0028407426,-0.0006735411,0.0012659518,3
2026-04-10,oos,1,0.0007543794,0.0009543794,0.0050705612,-0.0012421548,-0.0005087115,0.0024601481,0.0007543794,0.0007149316,1
2026-04-13,oos,1,-0.0024451237,-0.0022451237,0.0097307711,0.0131702435,-0.0068034362,0.0008037370,-0.0021067917,-0.0007967545,4
2026-04-14,oos,1,-0.0003428192,-0.0001428192,0.0169294203,0.0134581278,0.0003663472,0.0011665847,-0.0005152420,-0.0032028119,4
2026-04-15,oos,1,-0.0017440161,-0.0014773494,0.0150098582,0.0132256629,-0.0001556094,-0.0010298600,-0.0004912592,-0.0057107145,4
2026-04-16,oos,1,0.0004123569,0.0005456902,0.0029450467,0.0019711832,0.0006757792,0.0023908976,0.0004123569,0.0017873350,1
2026-04-17,oos,1,0.0004999990,0.0005666656,0.0136355117,0.0050496445,0.0004337025,-0.0005923671,0.0004999990,-0.0011789958,3
2026-04-20,oos,1,0.0004607477,0.0005940811,-0.0015407492,-0.0019288933,0.0010051720,0.0001187782,0.0004607477,-0.0008015728,1
2026-04-21,oos,1,0.0034090831,0.0036090831,-0.0007409292,-0.0062923150,0.0028133366,0.0048604333,0.0026481451,0.0032455951,3
2026-04-22,oos,1,0.0006391340,0.0008391340,0.0122936262,0.0076290087,0.0004255000,-0.0012487266,0.0003489946,0.0006391340,3
2026-04-23,oos,1,-0.0004344034,-0.0001677368,-0.0004424441,-0.0032591232,-0.0003999794,0.0031958202,-0.0005427957,0.0002085843,2
2026-04-24,oos,1,0.0004926242,0.0006926242,0.0126686611,0.0083066316,0.0002155894,0.0003485713,0.0004926242,-0.0016637639,3
2026-04-27,oos,1,0.0005488992,0.0006822326,0.0027884123,0.0012511305,0.0004134489,0.0013264078,0.0005488992,0.0003639811,1
2026-04-28,oos,1,-0.0013674239,-0.0012340906,-0.0089131382,0.0002129569,0.0002517212,0.0011956580,-0.0009202732,-0.0022890256,1
2026-04-29,oos,1,0.0004535744,0.0007202411,0.0113591556,0.0044638112,0.0010374985,-0.0004863303,-0.0001032761,0.0010836696,2
2026-04-30,oos,1,-0.0018808636,-0.0017475303,0.0015296834,0.0035920944,-0.0017069830,0.0000068667,-0.0012992304,-0.0000849543,2
2026-05-01,oos,1,0.0009979343,0.0011312677,0.0084744481,0.0075019427,0.0002521799,0.0009240299,0.0003716723,0.0010584345,3
2026-05-04,oos,1,0.0002249594,0.0004916260,-0.0023013878,-0.0026383660,-0.0004820023,-0.0001231926,0.0001427190,0.0006954502,2
2026-05-05,oos,1,0.0002584444,0.0003917778,0.0226934524,0.0053837985,-0.0005707239,0.0000608037,0.0002584444,-0.0008885123,3
2026-05-06,oos,1,-0.0002050281,-0.0000716947,0.0105638414,0.0113699148,-0.0004284139,0.0009592082,-0.0002050281,-0.0014664899,4
2026-05-07,oos,1,-0.0011802238,-0.0010468905,0.0003167701,-0.0023543599,-0.0009927721,-0.0009447743,-0.0010847922,-0.0026953303,1
2026-05-08,oos,1,0.0012030867,0.0014697534,0.0248585782,0.0161589896,0.0003869942,-0.0003979779,0.0007640721,-0.0015228766,5
2026-05-11,oos,1,0.0003731920,0.0004398587,0.0018816011,0.0041246692,0.0004125563,0.0031603086,0.0003731920,0.0019001248,2
2026-05-12,oos,1,-0.0004374086,-0.0002374086,-0.0118312495,-0.0013837508,-0.0037312298,0.0016739151,-0.0017912372,-0.0042308042,1
2026-05-13,oos,1,0.0003110447,0.0004443780,0.0189956022,0.0066905178,-0.0000486147,-0.0023393614,0.0003110447,-0.0018374280,3
2026-05-14,oos,1,0.0021908814,0.0023908814,0.0019908394,0.0072346142,0.0004286148,0.0007445428,0.0003686636,-0.0001803431,3
2026-05-15,oos,1,0.0009419591,0.0010752924,-0.0189101317,-0.0017038894,0.0007710515,-0.0005490930,0.0009419591,0.0015893600,1
2026-05-18,oos,1,0.0028749126,0.0030082459,0.0006231324,-0.0081795823,0.0013724795,0.0033067532,0.0028749126,0.0011585253,3
2026-05-19,oos,1,-0.0020316850,-0.0016983517,-0.0060717571,0.0024578100,-0.0025068978,0.0015180623,-0.0017392350,-0.0016544736,1
2026-05-20,oos,1,-0.0007364057,-0.0006697390,0.0085296044,0.0111443520,0.0000000000,-0.0002625856,-0.0007364057,-0.0022462104,4
2026-05-21,oos,1,0.0010231207,0.0012897874,0.0123316625,0.0077857234,0.0004870438,0.0023917483,0.0010290683,0.0029463451,3
2026-05-22,oos,1,-0.0004579526,-0.0002579526,-0.0023346410,-0.0007380896,0.0001638689,0.0005007696,-0.0001591726,0.0009249118,1
2026-05-26,oos,1,0.0007206833,0.0008540166,0.0215570871,0.0059507411,0.0007458211,0.0016562588,0.0007206833,-0.0012755042,3
2026-05-27,oos,1,0.0002394120,0.0003060786,-0.0039864245,-0.0047969876,0.0012689900,0.0003270059,0.0002394120,0.0019968607,2
2026-05-28,oos,1,0.0000000000,0.0000000000,0.0106386633,0.0080440711,0.0001872873,0.0005810985,0.0000000000,0.0003876229,3
2026-05-29,oos,1,0.0010255463,0.0011588797,0.0028413726,0.0006369945,0.0009903326,0.0014521706,0.0002634425,0.0036623632,1
2026-06-01,oos,1,0.0001779151,0.0003779151,0.0035653765,0.0077336373,-0.0010862760,-0.0037221828,-0.0000513067,0.0001779151,3
2026-06-02,oos,1,-0.0004213226,-0.0002879893,0.0078078565,0.0049974407,-0.0001093956,-0.0015258712,-0.0004213226,0.0008578573,2
2026-06-03,oos,1,0.0005587378,0.0007587378,-0.0104281157,-0.0041482116,0.0000647183,0.0003810249,-0.0000302331,0.0034417163,2
2026-06-04,oos,1,-0.0012869420,-0.0010202754,-0.0039280490,0.0069750367,-0.0012759430,0.0009584921,-0.0008772186,-0.0012451076,3
2026-06-05,oos,1,-0.0105986518,-0.0102653185,-0.0477032283,-0.0342437608,-0.0045869323,-0.0030161929,-0.0065065817,-0.0174190114,5
2026-06-08,oos,1,0.0007313633,0.0009313633,0.0215764672,-0.0024240398,-0.0002656333,0.0014717223,0.0005138305,-0.0015399382,1
2026-06-09,oos,1,0.0021408880,0.0023408880,-0.0122167708,-0.0208650308,-0.0012431373,0.0000000000,0.0001015407,0.0012730383,5
2026-06-10,oos,1,0.0006104427,0.0006771094,-0.0239715850,-0.0113587778,0.0004064618,0.0022111077,0.0006104427,0.0040063239,4
2026-06-11,oos,1,0.0008455578,0.0011122244,0.0429878358,0.0254972901,0.0022960460,0.0040310522,0.0023594295,0.0025500424,5
2026-06-12,oos,1,0.0000000000,0.0000000000,0.0053796325,0.0051978094,0.0000000000,-0.0001034219,0.0000000000,0.0017954013,3
2026-06-15,oos,1,-0.0002390007,-0.0001056673,0.0271828552,0.0079934968,-0.0007327588,0.0005149869,-0.0002390007,-0.0025101693,3
2026-06-16,oos,1,-0.0003756517,-0.0002423184,-0.0167835942,-0.0166924891,-0.0008743640,0.0012608872,-0.0003756517,-0.0062697835,5
2026-06-17,oos,1,0.0012936693,0.0015603360,-0.0006999878,-0.0172472422,0.0019160951,-0.0040947065,0.0008454475,0.0042522849,5
2026-06-18,oos,1,0.0003517116,0.0004850449,0.0135608894,0.0046391753,0.0005729304,0.0001850094,0.0000438109,0.0003517116,2
2026-06-22,oos,1,0.0012059538,0.0013392871,-0.0049450650,-0.0054850274,0.0002021289,0.0021556994,0.0012059538,0.0019425325,3
2026-06-23,oos,1,0.0001775330,0.0003108663,-0.0273442276,-0.0029200548,0.0007952586,0.0008691525,-0.0006342722,0.0011153586,2
2026-06-24,oos,1,-0.0003843242,-0.0001176576,0.0118708452,-0.0064442177,-0.0016983637,-0.0004007843,-0.0002389250,0.0035221195,3
2026-06-25,oos,1,0.0018569666,0.0019903000,-0.0132635879,-0.0134729302,0.0024673352,0.0024021855,0.0018569666,0.0088295688,4
2026-06-26,oos,1,0.0010138771,0.0011472105,-0.0124907334,-0.0008626419,0.0017336148,0.0052272750,0.0010138771,0.0047868999,1
2026-06-29,oos,1,0.0001746140,0.0003079473,0.0254957507,0.0141318506,-0.0003324396,0.0000000000,-0.0002881414,0.0030097330,5
2026-06-30,oos,1,0.0004782714,0.0006782714,0.0169751381,0.0168742578,0.0004017217,0.0002297678,-0.0000168823,-0.0060284911,5
2026-07-01,oos,1,0.0007476595,0.0008809928,-0.0163522525,-0.0054306834,0.0003889157,-0.0038971334,0.0001900892,0.0022782829,3
2026-07-02,oos,1,-0.0002587221,-0.0001920555,-0.0138488091,-0.0178830729,0.0012660725,0.0006123826,-0.0002587221,-0.0080380161,5
2026-07-06,oos,1,0.0009798479,0.0011798479,0.0085687883,0.0040142792,0.0004460801,-0.0002142216,-0.0001104299,0.0002668464,2
2026-07-07,oos,1,-0.0067060647,-0.0063060647,-0.0184029764,-0.0066370752,-0.0013005811,-0.0084401640,-0.0035079318,-0.0090389368,3
2026-07-08,oos,1,0.0002840010,0.0003506677,0.0072924899,0.0092063267,-0.0001575304,0.0000000000,0.0002840010,0.0000109467,4
2026-07-09,oos,1,0.0005222481,0.0007889147,0.0150230259,0.0068155305,-0.0000180559,0.0002759253,-0.0000984279,-0.0014729890,3
2026-07-10,oos,1,0.0003348777,0.0004682110,0.0046476886,0.0066740669,-0.0000492269,0.0014555458,0.0003348777,0.0032709614,3
2026-07-13,oos,1,-0.0011315604,-0.0008648938,-0.0216852540,-0.0083598061,-0.0010118217,0.0006172139,-0.0013030501,-0.0004210419,4
2026-07-14,oos,1,0.0002060212,0.0004060212,0.0162409401,-0.0007081170,0.0011479175,-0.0000197018,0.0003884351,-0.0008364864,1
2026-07-15,oos,1,0.0003817087,0.0005150420,-0.0065228711,-0.0084409753,-0.0000620317,0.0028592800,-0.0001437450,0.0004514495,4
2026-07-16,oos,1,0.0009978630,0.0012645296,-0.0201983635,-0.0085953849,-0.0002780165,0.0018231623,0.0006171592,0.0022338322,4
2026-07-17,oos,1,-0.0001359179,0.0000640821,-0.0132168618,0.0053206101,0.0002449161,-0.0015196157,-0.0008747748,0.0037521604,3
2026-07-20,oos,1,-0.0012729018,-0.0010729018,0.0032006920,-0.0086874786,0.0003393298,-0.0061294573,-0.0003604711,0.0006336301,4
2026-07-21,oos,1,0.0004121243,0.0005454577,0.0183955621,0.0033966911,0.0000937247,0.0003151793,0.0004121243,-0.0018918375,2
2026-07-22,oos,1,0.0002549643,0.0003882976,-0.0053766476,0.0024587135,-0.0013018120,-0.0003755990,0.0002549643,0.0011810646,1
2026-07-23,oos,1,0.0020540288,0.0022540288,-0.0159901250,-0.0039011329,0.0010498462,0.0023623144,0.0020540288,0.0000133595,2
2026-07-24,oos,1,-0.0009052772,-0.0007052772,-0.0138997030,-0.0089222346,-0.0010507917,-0.0000225407,-0.0002222879,0.0003017309,4
2026-07-27,oos,1,-0.0005106026,-0.0003772693,-0.0038874104,-0.0136623872,0.0002712714,0.0025594760,-0.0006294982,0.0023267607,5
2026-07-28,oos,1,0.0000235700,0.0002235700,-0.0019984105,-0.0010943022,-0.0001610310,-0.0037188791,0.0000235700,-0.0003445769,1
2026-07-29,oos,1,0.0000307469,0.0003640802,-0.0203124081,-0.0203921511,0.0012471045,-0.0013235884,-0.0015138875,-0.0123737575,5
2026-07-30,oos,1,0.0001964566,0.0002631233,0.0333448436,0.0130268540,0.0007617855,-0.0026073898,0.0001964566,0.0001964566,4
2026-07-31,oos,1,0.0008778531,0.0009445197,-0.0055355379,-0.0059528110,-0.0006403470,-0.0012349323,0.0008778531,0.0059453710,3
2026-08-03,oos,1,-0.0003165026,-0.0001165026,0.0253188598,0.0171001017,-0.0019649907,0.0000036280,-0.0005914733,-0.0026955886,5
2026-08-04,oos,1,-0.0031088870,-0.0029088870,0.0298803078,0.0221560099,0.0000944121,-0.0002515528,-0.0024560365,-0.0091229543,5
2026-08-05,oos,1,0.0012988772,0.0014322105,-0.0086611232,-0.0123235800,0.0002614343,0.0014037924,0.0012988772,0.0018167565,4
2026-08-06,oos,1,0.0004916962,0.0005583629,0.0006838704,0.0053881433,0.0000399600,0.0009453711,0.0004916962,0.0038289257,3
2026-08-07,oos,1,0.0006542682,0.0009209349,0.0086889819,0.0039991668,0.0005523264,0.0024991933,-0.0003450706,0.0030748194,2
2026-08-10,oos,1,0.0000000000,0.0000000000,-0.0045175117,-0.0021041266,0.0004384871,0.0004088445,0.0000000000,0.0008126100,1
2026-08-11,oos,1,0.0009463638,0.0012130305,-0.0013511809,-0.0066916451,-0.0005715482,0.0012144361,0.0001129571,0.0024997671,3
2026-08-12,oos,1,-0.0002304467,0.0001028866,0.0049931153,-0.0046487319,-0.0000361938,0.0012410273,-0.0000072509,-0.0002188726,2
2026-08-13,oos,1,0.0009512805,0.0011512805,0.0134379584,0.0095428532,0.0004363994,-0.0154934025,0.0009512805,-0.0042742238,4
2026-08-14,oos,1,0.0004525049,0.0005191716,-0.0019664341,-0.0031905755,0.0000708435,0.0005971881,0.0004525049,0.0005234706,2
2026-08-17,oos,1,-0.0007440118,-0.0006106785,-0.0012177601,-0.0042021966,-0.0008735444,0.0014425851,-0.0005496330,-0.0006828573,2
2026-08-18,oos,1,0.0003542096,0.0004875429,-0.0188777467,-0.0037489066,0.0004636969,0.0021583081,-0.0000202395,-0.0006961714,2
2026-08-19,oos,1,0.0000000000,0.0000000000,0.0036024463,-0.0058024126,0.0000000000,0.0009570744,0.0000000000,0.0052598586,3
2026-08-20,oos,1,0.0010733254,0.0012066588,-0.0112694084,-0.0016570939,-0.0009688043,0.0017959246,0.0010733254,0.0012169283,1
2026-08-21,oos,1,0.0004804099,0.0006804099,0.0050516421,-0.0025026914,0.0009283103,0.0005474350,0.0001540996,0.0020864650,2
2026-08-24,oos,1,0.0015920197,0.0017920197,-0.0112845642,-0.0047064792,0.0003245164,0.0014872319,0.0009675329,0.0028143510,2
2026-08-25,oos,1,0.0004461168,0.0005794501,0.0042906300,-0.0007030174,0.0002848871,-0.0000552017,0.0004461168,0.0021791294,1
2026-08-26,oos,1,0.0002062896,0.0004062896,0.0148721130,0.0041783713,0.0007183432,-0.0025830750,-0.0004136642,0.0015058966,2
2026-08-27,oos,1,0.0010042154,0.0011375487,-0.0014137897,0.0058304158,0.0002633917,-0.0008258853,0.0010042154,-0.0004985135,3
2026-08-28,oos,1,-0.0004102471,-0.0003435804,-0.0034846609,-0.0045988829,0.0003046364,0.0017040723,-0.0004102471,0.0013794423,2
2026-08-31,oos,1,0.0008561810,0.0009895143,0.0006346987,0.0022232476,0.0002971242,0.0002457221,0.0008561810,0.0009845989,1
2026-09-01,oos,1,0.0002795181,0.0005461848,-0.0123763081,0.0005371860,0.0001068318,0.0019958493,0.0000730764,0.0017356103,1
2026-09-02,oos,1,0.0000000000,0.0000000000,0.0025007421,0.0031254419,0.0002685824,0.0000749462,0.0000000000,0.0019847246,2
2026-09-03,oos,1,-0.0000262361,0.0001737639,0.0104706877,0.0095941479,-0.0014292635,0.0015356336,-0.0005052409,-0.0050133898,4
2026-09-04,oos,1,0.0009647108,0.0011647108,0.0006554816,-0.0005352091,0.0002387880,0.0005389882,0.0004661387,0.0017215806,1
2026-09-08,oos,1,0.0001535913,0.0002869246,-0.0001672474,-0.0035358138,-0.0004476722,0.0032275993,0.0001535913,0.0015270394,2
2026-09-09,oos,1,0.0007511311,0.0008844644,-0.0012127464,-0.0000697934,0.0002522094,-0.0001309306,-0.0000620115,0.0015911333,1
2026-09-10,oos,1,0.0008169257,0.0009502591,-0.0134133508,0.0016111936,0.0002631138,-0.0003242024,0.0002230749,0.0026147744,1
2026-09-11,oos,1,0.0001656600,0.0002989933,0.0113040162,-0.0011178180,-0.0007084888,0.0008325929,0.0001656600,0.0006532448,1
2026-09-14,oos,1,-0.0033354241,-0.0031354241,-0.0073927457,0.0084384886,-0.0004388762,0.0006957117,-0.0023828684,-0.0018404498,4
2026-09-15,oos,1,0.0000327186,0.0000993852,-0.0061386264,-0.0060101580,0.0002895433,-0.0050971365,0.0000327186,-0.0011711385,3
2026-09-16,oos,1,0.0003204890,0.0007871557,0.0059709408,-0.0046327684,-0.0003414726,0.0045297304,-0.0000828415,-0.0005413520,2
2026-09-17,oos,1,0.0002266033,0.0002932700,0.0089236884,0.0013548432,0.0001608318,0.0004467426,0.0002266033,-0.0003955333,1
2026-09-18,oos,1,-0.0007025199,-0.0005691866,0.0087441725,0.0036448117,-0.0011408217,0.0013490444,-0.0007025199,0.0001722823,2
2026-09-21,oos,1,-0.0022326262,-0.0020326262,0.0290007617,0.0184505901,-0.0009694619,0.0002350703,-0.0010045669,-0.0076955122,5
2026-09-22,oos,1,-0.0010042153,-0.0008708820,0.0071737170,0.0087451753,0.0001808285,-0.0018272278,-0.0006518931,-0.0013400898,4
2026-09-23,oos,1,0.0008141274,0.0009474607,-0.0100491768,-0.0077111531,0.0005634695,0.0002414902,0.0002038010,-0.0005805570,3
2026-09-24,oos,1,0.0019970852,0.0022637518,0.0003914687,0.0078894149,0.0011969554,0.0019402974,0.0012368784,0.0017339037,3
2026-09-25,oos,1,0.0003057139,0.0004390472,0.0046013305,0.0022481591,0.0000137260,-0.0018187618,0.0003057139,0.0031520567,1
