session,sample,Q,P1,T,C,F,M,A,B,N,EW
2021-10-25,IS,0.0102913659,-0.0013892200,0.0003764804,0.0017229200,0.0000000000,0.0000000000,0.0002284365,-0.0002089421,0.0089020070,0.0055002774
2021-10-26,IS,0.0030956476,-0.0012463800,0.0030959570,0.0002156700,0.0002349750,0.0000000000,0.0000255555,-0.0015376159,0.0018491430,0.0025803958
2021-10-27,IS,0.0023211648,-0.0026288100,0.0023213961,-0.0037914400,0.0000000000,0.0000000000,-0.0023868198,-0.0041687683,-0.0003079081,-0.0008891656
2021-10-28,IS,0.0111052632,-0.0045609000,0.0074222048,-0.0037008500,0.0000000000,0.0000000000,-0.0014355749,-0.0056756133,0.0065439071,0.0051324459
2021-10-29,IS,0.0049190568,0.0000000000,-0.0024588972,0.0009424600,0.0000000000,0.0000000000,0.0000492377,0.0010821081,0.0049190568,0.0017009409
2021-11-01,IS,0.0036906581,0.0000000000,0.0036910261,-0.0046636300,0.0000494713,0.0000000000,0.0021406316,0.0008118815,0.0036906581,0.0013587939
2021-11-02,IS,0.0039093243,-0.0002128500,0.0039097127,-0.0022724000,0.0000000000,0.0000000000,0.0019651959,0.0004811029,0.0036964530,0.0026667692
2021-11-03,IS,0.0106156021,0.0026567100,0.0106166527,0.0025639400,0.0003222341,0.0000000000,0.0099299368,0.0070642981,0.0132720464,0.0132261914
2021-11-04,IS,0.0128185564,0.0020544600,0.0128198117,-0.0000327900,0.0000000000,0.0000000000,0.0103524299,0.0064768817,0.0148728110,0.0138299180
2021-11-05,IS,0.0011802521,0.0000000000,-0.0026927890,0.0009400500,-0.0006405660,0.0000000000,-0.0007873212,0.0002596352,0.0011802521,-0.0002864371
2021-11-08,IS,-0.0015801751,0.0000000000,0.0000000000,-0.0008486400,0.0000000000,0.0000000000,-0.0003160723,-0.0003476656,-0.0015801751,-0.0012144866
2021-11-09,IS,-0.0068833844,0.0003056600,0.0004056634,-0.0020762500,0.0001397507,0.0000000000,-0.0007886549,-0.0009703999,-0.0065777550,-0.0041245200
2021-11-10,IS,-0.0146969544,-0.0027481300,0.0146835661,0.0084769400,-0.0002081171,0.0000000000,-0.0012628550,-0.0081251460,-0.0174453592,0.0028562418
2021-11-11,IS,0.0027727144,0.0000000000,-0.0026899768,-0.0012594400,0.0000706815,0.0000000000,-0.0004677976,0.0006099496,0.0027727144,-0.0005886243
2021-11-12,IS,0.0105225428,0.0003577000,-0.0053926440,0.0013635400,0.0002463197,0.0000000000,0.0005628123,0.0029514989,0.0108802070,0.0034247736
2021-11-15,IS,-0.0002280213,-0.0007590700,-0.0070791178,-0.0025690900,0.0000162922,0.0000000000,-0.0038137442,-0.0014013351,-0.0009871672,-0.0053179921
2021-11-16,IS,0.0071209549,0.0000516900,0.0011092508,0.0002954400,0.0000000000,0.0000000000,0.0019189713,0.0016584981,0.0071726397,0.0042883673
2021-11-17,IS,0.0005284082,-0.0050603200,0.0005284610,-0.0026513600,0.0000000000,0.0000000000,-0.0068795872,-0.0088913270,-0.0045324178,-0.0033277910
2021-11-18,IS,0.0103613912,-0.0031612300,0.0103624257,0.0002851100,0.0000000000,0.0000000000,0.0015205406,-0.0033477849,0.0071998451,0.0089237046
2021-11-19,IS,0.0055756067,-0.0040771200,0.0055761577,0.0012978000,0.0000000000,0.0000000000,-0.0025559208,-0.0060308955,0.0014980790,0.0041860832
2021-11-22,IS,-0.0116091982,-0.0015739000,-0.0042337683,-0.0073037200,-0.0003448523,0.0000000000,-0.0061657919,-0.0053557032,-0.0131832556,-0.0123607371
2021-11-23,IS,-0.0045579765,-0.0005283500,0.0025884529,0.0012627700,-0.0005217237,0.0000000000,-0.0006784419,-0.0019432754,-0.0050863793,-0.0006179091
2021-11-24,IS,0.0032202878,0.0000000000,0.0000000000,0.0020904100,-0.0002236957,0.0000000000,0.0006439816,0.0007084081,0.0032202878,0.0026551879
2021-11-26,IS,-0.0189587722,0.0077629200,0.0011254902,0.0000000000,-0.0004806781,0.0000000000,0.0076584976,0.0096464384,-0.0111966285,-0.0050361852
2021-11-29,IS,0.0217024540,-0.0000939600,-0.0125635544,0.0022319200,0.0001737817,0.0000000000,-0.0005679843,0.0046069150,0.0216084846,0.0056367165
2021-11-30,IS,-0.0146863819,-0.0007843600,-0.0153618369,-0.0081390000,-0.0005147376,0.0000000000,-0.0098888695,-0.0046273861,-0.0154708203,-0.0194862356
2021-12-01,IS,-0.0170128485,0.0061400000,0.0115530073,0.0253117200,-0.0003792060,0.0000000000,0.0097057685,0.0071858409,-0.0108734625,0.0129943668
2021-12-02,IS,0.0072070676,-0.0132703800,-0.0070417304,-0.0032062900,-0.0007789540,0.0000000000,-0.0200794247,-0.0220363649,-0.0060646394,-0.0081564902
2021-12-03,IS,-0.0173886281,0.0082114100,0.0172335158,-0.0073133100,0.0010413906,0.0000000000,0.0147304751,0.0107901917,-0.0091780392,0.0003697627
2021-12-06,IS,0.0080129460,-0.0022675000,-0.0033694301,-0.0001724100,-0.0003827845,0.0000000000,-0.0028978804,-0.0022735282,0.0057452192,0.0011012338
2021-12-07,IS,0.0301139306,0.0020494100,0.0093389891,-0.0019788500,0.0000000000,0.0000000000,0.0124812921,0.0102725780,0.0321631357,0.0197607011
2021-12-08,IS,0.0044742729,0.0000000000,0.0044747162,0.0015139000,0.0000207383,0.0000000000,0.0025951377,0.0009842633,0.0044742729,0.0052313689
2021-12-09,IS,-0.0147143465,0.0011696200,-0.0038764929,0.0049770800,-0.0004944239,0.0000000000,-0.0027553580,-0.0011555309,-0.0135448435,-0.0062226116
2021-12-10,IS,0.0108703934,0.0000000000,-0.0090595572,0.0000418000,-0.0005052584,0.0000000000,-0.0012690919,0.0023913000,0.0108703934,0.0009253216
2021-12-13,IS,-0.0144468732,0.0048259400,0.0000000000,-0.0059334000,-0.0002727354,0.0000000000,0.0039629413,0.0054114242,-0.0096214158,-0.0077778889
2021-12-14,IS,-0.0103502779,0.0000000000,-0.0154218460,0.0025933100,-0.0004186526,0.0000000000,-0.0079306901,-0.0022772387,-0.0103502779,-0.0115896605
2021-12-15,IS,0.0227975270,0.0019247000,0.0000000000,0.0210825500,-0.0003512315,0.0000000000,0.0072919922,0.0084411061,0.0247220345,0.0229012381
2021-12-16,IS,-0.0257146455,0.0186698400,-0.0096453422,0.0066837700,-0.0000811858,0.0000000000,0.0177011061,0.0275739208,-0.0070466725,-0.0050044565
2021-12-17,IS,-0.0048081894,0.0000000000,-0.0143245979,-0.0056831300,-0.0000800000,0.0000000000,-0.0064053180,-0.0010578842,-0.0048081894,-0.0124084345
2021-12-20,IS,-0.0111434360,0.0000000000,0.0001626119,0.0000000000,-0.0004339178,0.0000000000,-0.0021671627,-0.0024517471,-0.0111434360,-0.0054909774
2021-12-21,IS,0.0223804145,0.0000060200,-0.0064490954,0.0102719600,0.0000000000,0.0000000000,0.0020332458,0.0049340230,0.0223864339,0.0131032081
2021-12-22,IS,0.0121785155,0.0007307900,0.0121797334,-0.0066013100,0.0000000000,0.0000000000,0.0081014871,0.0039798992,0.0129092324,0.0092435709
2021-12-23,IS,0.0075390278,-0.0000519900,0.0075397727,-0.0006685700,0.0000000000,0.0000000000,0.0042989054,0.0015659125,0.0074870326,0.0071790842
2021-12-27,IS,0.0165272599,0.0074419800,0.0165288807,0.0015642800,0.0000000000,0.0000000000,0.0201538280,0.0168827138,0.0239684957,0.0210307500
2021-12-28,IS,-0.0046346783,0.0000000000,-0.0051807887,-0.0008022200,0.0000000000,0.0000000000,-0.0028957570,-0.0010197088,-0.0046346783,-0.0053088836
2021-12-29,IS,-0.0001493987,0.0000000000,0.0000000000,0.0010651000,0.0000000000,0.0000000000,-0.0000298833,-0.0000328703,-0.0001493987,0.0004577974
2021-12-30,IS,-0.0029884199,-0.0019851400,0.0000000000,0.0015832800,0.0000000000,0.0000000000,-0.0034167212,-0.0041910280,-0.0049737584,-0.0016952894
2021-12-31,IS,0.0000000000,0.0000000000,0.0000000000,0.0000000000,0.0000000000,0.0000000000,0.0000000000,0.0000000000,0.0000000000,0.0000000000
2022-01-03,IS,0.0033220932,0.0000000000,-0.0064649350,0.0023502800,0.0000000000,0.0000000000,-0.0017925365,0.0007308035,0.0033220932,-0.0003967703
2022-01-04,IS,-0.0129705238,0.0068806600,0.0007568332,0.0018607000,-0.0003110378,0.0000000000,0.0074633655,0.0093935675,-0.0060905519,-0.0017368517
2022-01-05,IS,-0.0307211138,0.0109110000,0.0306715777,0.0203398600,-0.0004639636,0.0000000000,0.0210031949,0.0126619805,-0.0198112049,0.0155975923
2022-01-06,IS,-0.0007025944,0.0000000000,0.0006596784,-0.0006287900,-0.0003290121,0.0000000000,0.0001101218,-0.0001545828,-0.0007025944,-0.0003359211
2022-01-07,IS,-0.0108327691,-0.0027306600,0.0101572340,-0.0003701600,0.0000000000,0.0000000000,-0.0021849840,-0.0072438630,-0.0135637022,-0.0018892271
2022-01-10,IS,0.0006581372,-0.0086389400,0.0039451313,0.0164544600,-0.0004205645,0.0000000000,-0.0106372975,-0.0152328726,-0.0079816667,0.0062090035
2022-01-11,IS,0.0150219673,0.0048840300,0.0049840340,0.0019734300,-0.0005156244,0.0000000000,0.0118333249,0.0119983397,0.0199055089,0.0134312288
2022-01-12,IS,0.0039655798,0.0000000000,0.0039659744,-0.0037893600,-0.0004092159,0.0000000000,0.0023000896,0.0008723595,0.0039655798,0.0020709076
2022-01-13,IS,-0.0250161353,0.0053470200,0.0029934313,0.0089190000,-0.0003306197,0.0000000000,0.0037264425,0.0040135072,-0.0196696500,-0.0038797425
2022-01-14,IS,0.0062225282,-0.0043608100,-0.0064230605,-0.0054178000,-0.0000465085,0.0000000000,-0.0073889165,-0.0063935631,0.0018612821,-0.0049902034
2022-01-18,IS,-0.0248940817,0.0000000000,0.0098922520,-0.0042267900,-0.0003762953,0.0000000000,-0.0012206563,-0.0054771252,-0.0248940817,-0.0096160492
2022-01-19,IS,-0.0109836729,-0.0052745200,0.0107674074,0.0021559700,-0.0004468068,0.0000000000,-0.0055956677,-0.0118050717,-0.0162587204,-0.0016684953
2022-01-20,IS,-0.0129884305,0.0004445000,0.0124586923,0.0243332800,0.0000795506,0.0000000000,0.0027671236,-0.0020664850,-0.0125439749,0.0121227485
2022-01-21,IS,-0.0277286299,0.0034509400,0.0259292005,0.0108632800,-0.0004959325,0.0000000000,0.0092063309,0.0000417637,-0.0242780350,0.0062547124
2022-01-24,IS,0.0045778953,-0.0059917900,0.0100546999,0.0018595000,0.0001506376,0.0000000000,-0.0037726692,-0.0096585624,-0.0014144939,0.0052498788
2022-01-25,IS,-0.0231814322,-0.0145405900,0.0000000000,-0.0039117100,0.0008034607,0.0000000000,-0.0252849271,-0.0309823369,-0.0377234763,-0.0208180252
2022-01-26,IS,-0.0015647185,0.0000000000,-0.0140487649,0.0080373100,0.0000700205,0.0000000000,-0.0056518752,-0.0003442649,-0.0015647185,-0.0037887109
2022-01-27,IS,-0.0100705227,-0.0059413500,0.0000000000,0.0104068500,-0.0006161268,0.0000000000,-0.0104512263,-0.0127911778,-0.0160124668,-0.0028030149
2022-01-28,IS,0.0313691000,0.0005637000,-0.0179682741,-0.0231277600,-0.0000597809,0.0000000000,0.0002450152,0.0079040718,0.0319327436,-0.0045840839
2022-01-31,IS,0.0319783968,0.0174594300,0.0277878822,0.0024811600,0.0003681105,0.0000000000,0.0417467394,0.0381128977,0.0494360809,0.0398524375
2022-02-01,IS,0.0068034706,0.0000000000,0.0068041325,0.0026603400,-0.0006435390,0.0000000000,0.0039460987,0.0014966468,0.0068034706,0.0081338385
2022-02-02,IS,0.0081254104,0.0000000000,0.0081261956,-0.0025512700,-0.0000100177,0.0000000000,0.0047128385,0.0017874509,0.0081254104,0.0068500404
2022-02-03,IS,-0.0405438411,0.0000000000,-0.0126438655,0.0075703900,0.0001242841,0.0000000000,-0.0129140000,-0.0089203408,-0.0405438411,-0.0228100533
2022-02-04,IS,0.0126149060,0.0017590800,-0.0138930067,0.0008935200,0.0002324822,0.0000000000,-0.0002592433,0.0059062941,0.0143738101,0.0006859243
2022-02-07,IS,-0.0080444680,0.0000000000,0.0000000000,-0.0146411500,-0.0000401933,0.0000000000,-0.0016090834,-0.0017699210,-0.0080444680,-0.0113435411
2022-02-08,IS,0.0112353223,-0.0021542500,0.0000000000,-0.0065101200,0.0000000000,0.0000000000,-0.0008122423,-0.0013630713,0.0090808569,0.0012849144
2022-02-09,IS,0.0211906883,0.0000000000,0.0081755966,0.0026514700,-0.0003677300,0.0000000000,0.0073445559,0.0046615878,0.0211906883,0.0160082267
2022-02-10,IS,-0.0226324544,0.0000000000,-0.0140339553,0.0064237400,-0.0004295293,0.0000000000,-0.0098598080,-0.0049795283,-0.0226324544,-0.0151217648
2022-02-11,IS,-0.0317216751,0.0188476800,0.0239431934,0.0185869600,-0.0003799434,0.0000000000,0.0295163474,0.0265688195,-0.0128758799,0.0148252959
2022-02-14,IS,0.0012389789,-0.0032690100,-0.0011809150,-0.0010485300,-0.0004457143,0.0000000000,-0.0048432069,-0.0055464117,-0.0020303580,-0.0021299539
2022-02-15,IS,0.0248640249,0.0000000000,-0.0132342161,-0.0005559100,-0.0000742816,0.0000000000,-0.0000571963,0.0054696588,0.0248640249,0.0055350445
2022-02-16,IS,-0.0002527167,-0.0019362600,-0.0119215325,0.0033191600,-0.0003287562,0.0000000000,-0.0073305309,-0.0035022120,-0.0021891703,-0.0053962580
2022-02-17,IS,-0.0297438490,0.0081475400,0.0121944961,0.0093177000,-0.0006211287,0.0000000000,0.0102537718,0.0079581450,-0.0215971238,-0.0000441534
2022-02-18,IS,-0.0114054132,-0.0020324100,0.0111294711,-0.0077912100,-0.0003948748,0.0000000000,-0.0009385737,-0.0061269968,-0.0134380264,-0.0050509078
2022-02-22,IS,-0.0100436298,-0.0117303500,0.0095822094,-0.0133173100,0.0000441862,0.0000000000,-0.0150256181,-0.0230899086,-0.0217751528,-0.0127557926
2022-02-23,IS,-0.0256152390,0.0094536300,0.0239633615,0.0116346800,-0.0001113389,0.0000000000,0.0174060746,0.0111912991,-0.0161625544,0.0097157373
2022-02-24,IS,0.0336045170,0.0213721600,-0.0163454258,0.0225426000,-0.0003648770,0.0000000000,0.0308562601,0.0454351783,0.0549745398,0.0305844281
2022-02-25,IS,0.0155070633,-0.0120809600,0.0097422897,0.0016940500,-0.0004299303,0.0000000000,-0.0103527612,-0.0180932941,0.0034248952,0.0074307022
2022-02-28,IS,0.0029788588,0.0000000000,-0.0106272287,-0.0105827800,-0.0004090479,0.0000000000,-0.0034429766,0.0006552978,0.0029788588,-0.0091162553
2022-03-01,IS,-0.0153114187,-0.0028410000,-0.0021834556,-0.0004675800,0.0002873470,0.0000000000,-0.0079265828,-0.0084256436,-0.0181527028,-0.0104023835
2022-03-02,IS,0.0167794079,-0.0005727400,-0.0123062410,0.0002680300,-0.0002319922,0.0000000000,-0.0021345456,0.0026716822,0.0162066106,0.0020827742
2022-03-03,IS,-0.0142848914,-0.0099983000,0.0000000000,0.0011663300,-0.0020030025,0.0000000000,-0.0170552677,-0.0209397965,-0.0242841912,-0.0115591449
2022-03-04,IS,-0.0144919067,-0.0006165700,-0.0011981510,-0.0071961900,-0.0005790111,0.0000000000,-0.0042295286,-0.0042859386,-0.0151085384,-0.0117520735
2022-03-07,IS,-0.0368811147,0.0255317700,0.0369659065,0.0128686600,-0.0005092854,0.0000000000,0.0429241123,0.0373310727,-0.0113518979,0.0192389185
2022-03-08,IS,-0.0046481561,-0.0119140100,-0.0186927359,-0.0169808600,-0.0012515826,0.0000000000,-0.0249514089,-0.0222299189,-0.0165633575,-0.0261193257
2022-03-09,IS,0.0359981444,0.0000000000,0.0005870594,0.0011801300,-0.0003056971,0.0000000000,0.0074218802,0.0079189740,0.0359981444,0.0188808963
2022-03-10,IS,-0.0111048091,-0.0039911200,-0.0152049375,0.0027667600,0.0017182328,0.0000000000,-0.0136663382,-0.0095472859,-0.0150963282,-0.0137672583
2022-03-11,IS,-0.0207383705,-0.0022469900,0.0068641081,0.0112864000,-0.0004406038,0.0000000000,-0.0047307996,-0.0085623516,-0.0229855852,-0.0024188063
2022-03-14,IS,-0.0192046856,-0.0029812800,0.0189409295,0.0106578300,0.0006610378,0.0000000000,-0.0008779211,-0.0095319220,-0.0221862637,0.0037044897
2022-03-15,IS,0.0313668793,-0.0083348900,-0.0159104563,0.0044300200,-0.0003083701,0.0000000000,-0.0116091643,-0.0079362554,0.0230311558,0.0057734126
2022-03-16,IS,0.0370866982,0.0051490300,-0.0132711747,0.0047153000,0.0007056181,0.0000000000,0.0096844955,0.0173239122,0.0422352133,0.0168374089
2022-03-17,IS,0.0121062529,0.0000000000,0.0178389426,0.0094874200,0.0002207978,0.0000000000,0.0091996624,0.0026631679,0.0121062529,0.0197158334
2022-03-18,IS,0.0204680060,0.0076710800,0.0204700170,0.0078748600,0.0000356180,0.0000000000,0.0227650081,0.0181574329,0.0281383189,0.0282412042
2022-03-21,IS,-0.0040114939,-0.0029831200,-0.0150363674,-0.0068000600,0.0005302020,0.0000000000,-0.0107524464,-0.0061925302,-0.0069949122,-0.0144160719
2022-03-22,IS,0.0196526508,0.0125674100,0.0124663064,-0.0015088800,0.0000000000,0.0000000000,0.0265127778,0.0266934181,0.0322188041,0.0215881907
2022-03-23,IS,-0.0143713581,0.0000000000,-0.0099050179,-0.0050688000,-0.0004273142,0.0000000000,-0.0066384572,-0.0031619454,-0.0143713581,-0.0146728414
2022-03-24,IS,0.0222266435,0.0000000000,0.0026602744,0.0071471600,0.0000000000,0.0000000000,0.0054557913,0.0048894802,0.0222266435,0.0160160606
2022-03-25,IS,-0.0008341443,-0.0040814200,-0.0115277838,0.0029842600,0.0000984334,0.0000000000,-0.0103432383,-0.0074485849,-0.0049159724,-0.0067300787
2022-03-28,IS,0.0154723807,-0.0046670500,-0.0055070452,0.0057502100,0.0002416750,0.0000000000,-0.0056258385,-0.0049038735,0.0108048640,0.0055231988
2022-03-29,IS,0.0172097229,0.0000000000,0.0172114390,0.0043343000,0.0007302682,0.0000000000,0.0099818721,0.0037858437,0.0172097229,0.0193775142
2022-03-30,IS,-0.0110455562,0.0000000000,-0.0106067375,0.0027418600,-0.0000914371,0.0000000000,-0.0062399336,-0.0024302119,-0.0110455562,-0.0094553539
2022-03-31,IS,-0.0123947806,0.0000000000,0.0040204263,-0.0008165500,0.0004529616,0.0000000000,-0.0009516119,-0.0027270644,-0.0123947806,-0.0045962729
2022-04-01,IS,-0.0019032383,-0.0029468500,0.0018878063,-0.0014830800,-0.0001865034,0.0000000000,-0.0038480651,-0.0056641882,-0.0048503830,-0.0022229025
2022-04-04,IS,0.0205886417,0.0077148500,-0.0089474776,-0.0021182300,0.0000000000,0.0000000000,0.0116718120,0.0182618830,0.0283027202,0.0086174152
2022-04-05,IS,-0.0222041701,0.0088559800,-0.0086546070,0.0023240500,-0.0004206448,0.0000000000,0.0048448529,0.0108779992,-0.0133490757,-0.0098400510
2022-04-06,IS,-0.0217114373,-0.0145113600,0.0018494279,-0.0069230200,-0.0002456560,0.0000000000,-0.0242466784,-0.0306069327,-0.0362242484,-0.0206493727
2022-04-07,IS,0.0023778520,0.0000000000,-0.0083349679,-0.0023856200,-0.0004208785,0.0000000000,-0.0026920332,0.0005230866,0.0023778520,-0.0041719036
2022-04-08,IS,-0.0139791019,-0.0079357300,0.0000000000,-0.0009421100,-0.0008103189,0.0000000000,-0.0140650931,-0.0172010727,-0.0219156255,-0.0114291699
2022-04-11,IS,-0.0236574538,-0.0039363400,0.0114979008,-0.0031363000,0.0003714747,0.0000000000,-0.0059529085,-0.0122115769,-0.0275941874,-0.0096178543
2022-04-12,IS,-0.0042242366,0.0000000000,-0.0101721226,0.0101262800,-0.0004257217,0.0000000000,-0.0047104712,-0.0009294045,-0.0042242366,-0.0021355459
2022-04-13,IS,0.0203269996,0.0102443200,-0.0149352423,-0.0007992400,-0.0005737366,0.0000000000,0.0129357353,0.0227067772,0.0305702952,0.0074166555
2022-04-14,IS,-0.0228670420,0.0153336400,0.0000000000,-0.0004008200,0.0001458163,0.0000000000,0.0171989054,0.0222621371,-0.0075349354,-0.0039682544
2022-04-18,IS,0.0007682534,-0.0030194700,-0.0094857726,-0.0165213700,0.0000396142,0.0000000000,-0.0077388268,-0.0052057723,-0.0022515185,-0.0141301566
2022-04-19,IS,0.0223508223,0.0140652100,0.0034067382,-0.0076952200,-0.0005311061,0.0000000000,0.0257364069,0.0299530875,0.0364146258,0.0160628280
2022-04-20,IS,-0.0145844163,-0.0045653200,-0.0093127371,-0.0051362200,0.0001460808,0.0000000000,-0.0129386485,-0.0113349127,-0.0191501928,-0.0167998318
2022-04-21,IS,-0.0206910700,0.0101950700,0.0156584683,0.0198894000,-0.0002210647,0.0000000000,0.0162882398,0.0135944349,-0.0104970195,0.0125241167
2022-04-22,IS,-0.0261858447,0.0089690500,0.0253758489,0.0120247700,-0.0004708737,0.0000000000,0.0171405252,0.0102032226,-0.0172176916,0.0100893340
2022-04-25,IS,0.0128457283,0.0000000000,-0.0103315972,0.0029735100,-0.0004070857,0.0000000000,-0.0013574864,0.0028258398,0.0128457283,0.0027426617
2022-04-26,IS,-0.0377450088,0.0009163200,0.0151766565,0.0005893100,-0.0002816623,0.0000000000,-0.0004820382,-0.0066735359,-0.0368287804,-0.0105340072
2022-04-27,IS,-0.0011982090,-0.0200203800,0.0011622651,-0.0098107100,-0.0003526386,0.0000000000,-0.0282285780,-0.0359006458,-0.0212205910,-0.0149350085
2022-04-28,IS,0.0355158480,0.0040864600,-0.0134055596,0.0127625800,-0.0010040145,0.0000000000,0.0078104698,0.0150869359,0.0396018994,0.0194772181
2022-04-29,IS,-0.0449986281,0.0195459000,-0.0191344825,0.0197027200,-0.0007077505,0.0000000000,0.0114820559,0.0248904662,-0.0254546827,-0.0124442077
2022-05-02,IS,0.0166959298,-0.0061433500,-0.0164870599,-0.0076390900,-0.0001392146,0.0000000000,-0.0116502045,-0.0072625855,0.0105519655,-0.0067884442
2022-05-03,IS,0.0010675710,0.0000000000,-0.0070872590,-0.0075971200,0.0001815780,0.0000000000,-0.0024798903,0.0002348473,0.0010675710,-0.0068088117
2022-05-04,IS,0.0338121824,0.0141627300,0.0088588223,0.0357028400,0.0002651795,0.0000000000,0.0302389816,0.0326483139,0.0479734961,0.0462657941
2022-05-05,IS,-0.0503640777,0.0249043400,-0.0315706356,-0.0027240900,-0.0004792149,0.0000000000,0.0132915277,0.0332477886,-0.0254622281,-0.0298783407
2022-05-06,IS,-0.0119808307,-0.0133110000,0.0119850923,-0.0009288600,0.0008646550,0.0000000000,-0.0167446380,-0.0263296784,-0.0252931618,-0.0071189975
2022-05-09,IS,-0.0391269200,-0.0078517800,0.0382139007,-0.0034395300,0.0003957676,0.0000000000,-0.0044559442,-0.0225844547,-0.0469794852,-0.0061060317
2022-05-10,IS,0.0121487464,0.0000000000,-0.0109813659,0.0017029700,-0.0006873174,0.0000000000,-0.0017437987,0.0026725157,0.0121487464,0.0014340187
2022-05-11,IS,-0.0298576938,0.0027308500,0.0276198314,0.0185937100,-0.0001452600,0.0000000000,0.0084003087,-0.0017083989,-0.0271271169,0.0095404749
2022-05-12,IS,-0.0021591610,0.0000000000,0.0018856139,-0.0137042100,0.0009813434,0.0000000000,0.0002845914,-0.0004750525,-0.0021591610,-0.0069895638
2022-05-13,IS,0.0370599347,0.0031918500,-0.0330840591,-0.0112181700,-0.0002298081,0.0000000000,-0.0006295156,0.0138341677,0.0402514655,-0.0020287294
2022-05-16,IS,-0.0115917070,0.0000000000,0.0000000000,-0.0098244000,-0.0009613461,0.0000000000,-0.0023186150,-0.0025503745,-0.0115917070,-0.0107086331
2022-05-17,IS,0.0259013537,0.0000000000,-0.0124703546,0.0029928600,0.0001132867,0.0000000000,0.0004405361,0.0056978533,0.0259013537,0.0082100110
2022-05-18,IS,-0.0490903746,0.0167171000,-0.0022479926,0.0099085700,-0.0000933971,0.0000000000,0.0130641448,0.0189550586,-0.0323749463,-0.0123586907
2022-05-19,IS,-0.0053582469,0.0000000000,0.0051804802,-0.0167982400,-0.0003043179,0.0000000000,0.0008966452,-0.0011789063,-0.0053582469,-0.0084888433
2022-05-20,IS,-0.0031079494,-0.0092531000,0.0029733353,-0.0107870800,-0.0001839797,0.0000000000,-0.0126319079,-0.0171545759,-0.0123619747,-0.0100883991
2022-05-23,IS,0.0166274075,0.0000000000,-0.0060906079,-0.0048695400,0.0001503915,0.0000000000,0.0010104683,0.0036577443,0.0166274075,0.0028324939
2022-05-24,IS,-0.0212620962,0.0013802800,0.0000000000,-0.0031559800,-0.0005948079,0.0000000000,-0.0022928881,-0.0022211817,-0.0198819542,-0.0115199612
2022-05-25,IS,0.0139952653,-0.0029916000,0.0000000000,-0.0043456900,-0.0017052294,0.0000000000,-0.0014493829,-0.0022464469,0.0110033661,0.0033282879
2022-05-26,IS,0.0277072032,0.0131039900,0.0193816253,0.0009554300,-0.0004029362,0.0000000000,0.0315135869,0.0294206492,0.0408098828,0.0305734213
2022-05-27,IS,0.0326395617,0.0067685200,0.0326427636,0.0049338600,0.0000000000,0.0000000000,0.0285432232,0.0192283741,0.0394074048,0.0384917675
2022-05-31,IS,-0.0026528632,-0.0014416300,-0.0026531152,-0.0027233000,-0.0001050855,0.0000000000,-0.0035859251,-0.0031497422,-0.0040946374,-0.0047356624
2022-06-01,IS,-0.0073958739,0.0000000000,-0.0108369508,-0.0082919800,-0.0005710552,0.0000000000,-0.0055974512,-0.0016272192,-0.0073958739,-0.0132628169
2022-06-02,IS,0.0273856209,0.0094993800,0.0050154166,0.0130345100,-0.0004465863,0.0000000000,0.0208713693,0.0229336351,0.0368840510,0.0274663371
2022-06-03,IS,-0.0260194669,0.0000000000,-0.0208710408,-0.0039251800,0.0003235241,0.0000000000,-0.0131354405,-0.0057247292,-0.0260194669,-0.0254081013
2022-06-06,IS,0.0033311561,0.0000000000,0.0000000000,-0.0063113000,-0.0005962517,0.0000000000,0.0006661526,0.0007327972,0.0033311561,-0.0014903875
2022-06-07,IS,0.0086257405,0.0000000000,0.0000000000,0.0029355200,-0.0003158223,0.0000000000,0.0017249445,0.0018975149,0.0086257405,0.0057801990
2022-06-08,IS,-0.0071965663,0.0000000000,0.0000000000,-0.0004846300,-0.0001365444,0.0000000000,-0.0014394831,-0.0015833681,-0.0071965663,-0.0038409580
2022-06-09,IS,-0.0267845534,0.0000000000,0.0156467372,0.0159206700,-0.0004167582,0.0000000000,0.0005877298,-0.0058930614,-0.0267845534,0.0023893053
2022-06-10,IS,-0.0352705411,0.0061768500,0.0341803344,-0.0042174500,0.0003446268,0.0000000000,0.0147038063,0.0032344268,-0.0290943088,0.0004311241
2022-06-13,IS,-0.0464963301,-0.0022363800,0.0420331683,-0.0059261800,0.0001491150,0.0000000000,0.0034952141,-0.0142106593,-0.0487329337,-0.0063172874
2022-06-14,IS,0.0018154751,0.0000000000,-0.0015017740,-0.0076290300,0.0001191872,0.0000000000,-0.0002076687,0.0003993734,0.0018154751,-0.0036580459
2022-06-15,IS,0.0249719111,-0.0091016600,-0.0223846194,-0.0130120400,-0.0001311758,0.0000000000,-0.0164371846,-0.0107079193,0.0158693409,-0.0097655720
2022-06-16,IS,-0.0403465347,-0.0107294200,-0.0254162522,-0.0038916200,-0.0005250269,0.0000000000,-0.0329636936,-0.0279748774,-0.0510770276,-0.0401926600
2022-06-17,IS,0.0121596227,-0.0210126600,-0.0137944648,-0.0063949200,-0.0004864254,0.0000000000,-0.0326495619,-0.0347284493,-0.0088551386,-0.0145225814
2022-06-21,IS,0.0232625869,-0.0040380300,-0.0080062544,-0.0001563900,-0.0001312713,0.0000000000,-0.0041245572,-0.0020704816,0.0192241531,0.0055293928
2022-06-22,IS,-0.0014586595,-0.0028735100,-0.0196867800,-0.0050055300,-0.0003608574,0.0000000000,-0.0118535981,-0.0054358404,-0.0043324569,-0.0145131512
2022-06-23,IS,0.0148929348,0.0000000000,0.0000000000,0.0030364100,-0.0009498830,0.0000000000,0.0029782355,0.0032761901,0.0148929348,0.0089639278
2022-06-24,IS,0.0342636475,0.0145069000,0.0143273810,0.0074556000,-0.0002860791,0.0000000000,0.0328961993,0.0333602646,0.0487690968,0.0352756661
2022-06-27,IS,-0.0073317267,0.0000000000,-0.0073324495,-0.0001350700,-0.0001447543,0.0000000000,-0.0042528548,-0.0016131057,-0.0073317267,-0.0073996299
2022-06-28,IS,-0.0304667465,0.0155253400,0.0106618314,0.0110795900,0.0007672959,0.0000000000,0.0200027650,0.0209312902,-0.0149429590,0.0033979510
2022-06-29,IS,0.0009169782,0.0000000000,-0.0008886726,-0.0088408300,-0.0000182447,0.0000000000,-0.0001543493,0.0002017195,0.0009169782,-0.0044067042
2022-06-30,IS,-0.0124031008,-0.0081077700,0.0120419610,-0.0046986800,-0.0007948911,0.0000000000,-0.0094185836,-0.0171606174,-0.0205116816,-0.0065850172
2022-07-01,IS,0.0066005423,0.0000000000,-0.0061799027,0.0074900700,-0.0002261003,0.0000000000,-0.0010286029,0.0014520060,0.0066005423,0.0039547158
2022-07-05,IS,0.0171197675,0.0042981200,0.0111411420,0.0138329200,-0.0007393486,0.0000000000,0.0137607511,0.0114168770,0.0214174577,0.0231950682
2022-07-06,IS,0.0064120435,0.0000000000,0.0064126776,-0.0060104300,0.0006944451,0.0000000000,0.0037190700,0.0014105395,0.0064120435,0.0034068450
2022-07-07,IS,0.0213988920,0.0084510500,0.0214009948,0.0027043000,0.0000809010,0.0000000000,0.0244124727,0.0197505890,0.0298490969,0.0269770606
2022-07-08,IS,0.0012543223,0.0000000000,0.0012544430,-0.0101487100,0.0004178120,0.0000000000,0.0007275222,0.0002759294,0.0012543223,-0.0038204798
2022-07-11,IS,-0.0213644828,-0.0057622900,-0.0202455206,-0.0056823100,-0.0002962654,0.0000000000,-0.0201486742,-0.0149572034,-0.0271273490,-0.0265278739
2022-07-12,IS,-0.0096872405,0.0000000000,0.0051821796,0.0064544700,-0.0007512036,0.0000000000,0.0000313901,-0.0021313591,-0.0096872405,0.0009739611
2022-07-13,IS,-0.0020612074,0.0000000000,0.0020397494,-0.0051665900,0.0022096106,0.0000000000,0.0003627511,-0.0004535010,-0.0020612074,-0.0025942823
2022-07-14,IS,0.0035708034,0.0000000000,-0.0041356505,0.0035423300,0.0000693048,0.0000000000,-0.0008575996,0.0007855155,0.0035708034,0.0014883561
2022-07-15,IS,0.0181393240,0.0000000000,0.0063482759,0.0000984700,0.0001052373,0.0000000000,0.0060399560,0.0039903400,0.0181393240,0.0122924454
2022-07-18,IS,-0.0084626717,0.0000000000,-0.0040401177,0.0081975300,-0.0004249921,0.0000000000,-0.0032279146,-0.0018619330,-0.0084626717,-0.0021530396
2022-07-19,IS,0.0307532827,0.0085927000,0.0064970406,0.0061795900,0.0000000000,0.0000000000,0.0208204230,0.0220605370,0.0393451234,0.0260100938
2022-07-20,IS,0.0156889038,0.0000911700,0.0156904626,-0.0115927700,-0.0006298379,0.0000000000,0.0092292433,0.0036135758,0.0157800647,0.0099383081
2022-07-21,IS,0.0145224107,-0.0021579700,0.0145238313,0.0055780400,-0.0000868435,0.0000000000,0.0053586891,-0.0006465900,0.0123642249,0.0162329850
2022-07-22,IS,-0.0175352983,0.0046097500,-0.0125601120,0.0010295500,-0.0004166466,0.0000000000,-0.0017347846,0.0043471080,-0.0129260093,-0.0122283371
2022-07-25,IS,-0.0056955528,-0.0021991300,-0.0019016215,-0.0029352100,-0.0002846144,0.0000000000,-0.0049846227,-0.0051674846,-0.0078949027,-0.0063660139
2022-07-26,IS,-0.0196489826,0.0018382500,0.0197218862,0.0025418000,-0.0005302378,0.0000000000,0.0061738040,-0.0010511003,-0.0178109164,0.0022245083
2022-07-27,IS,0.0422597411,0.0084526600,-0.0082738712,0.0090368800,-0.0003214430,0.0000000000,0.0173091832,0.0243424837,0.0507115558,0.0257351783
2022-07-28,IS,0.0097780385,-0.0071135800,0.0097790040,0.0031936500,0.0003800179,0.0000000000,-0.0044304785,-0.0105114503,0.0026637471,0.0078183603
2022-07-29,IS,0.0182369840,-0.0044337300,0.0182387672,0.0048034100,-0.0003869498,0.0000000000,0.0042814223,-0.0038803895,0.0138028106,0.0184226971
2022-08-01,IS,-0.0006022951,-0.0045031700,-0.0006023529,-0.0019231700,0.0003799106,0.0000000000,-0.0067442107,-0.0081483135,-0.0051059154,-0.0038158153
2022-08-02,IS,-0.0029815714,0.0000000000,-0.0029818578,-0.0055833300,-0.0005286271,0.0000000000,-0.0017294929,-0.0006559969,-0.0029815714,-0.0057736588
2022-08-03,IS,0.0272325263,0.0118991800,0.0272351508,0.0036232800,0.0005097380,0.0000000000,0.0326923816,0.0271716948,0.0391305164,0.0349942924
2022-08-04,IS,0.0046765152,0.0000000000,0.0046769540,0.0013370800,-0.0002387420,0.0000000000,0.0027124316,0.0010287531,0.0046765152,0.0053452077
2022-08-05,IS,-0.0081689273,0.0000000000,-0.0120604726,-0.0003980100,0.0001475819,0.0000000000,-0.0062170262,-0.0017973042,-0.0081689273,-0.0103138995
2022-08-08,IS,-0.0032323232,-0.0050646500,-0.0128592957,0.0010748800,-0.0001025155,0.0000000000,-0.0127249950,-0.0097263310,-0.0082974797,-0.0100411758
2022-08-09,IS,-0.0113186368,-0.0036326300,0.0035137385,-0.0021216100,0.0000000000,0.0000000000,-0.0060873108,-0.0089562335,-0.0149516301,-0.0067803108
2022-08-10,IS,0.0279109373,0.0000000000,-0.0218280113,-0.0026304100,-0.0003265876,0.0000000000,-0.0027137957,0.0061399273,0.0279109373,0.0017237711
2022-08-11,IS,-0.0056760654,0.0000000000,-0.0036897379,0.0024477800,-0.0007511195,0.0000000000,-0.0025374200,-0.0012488318,-0.0056760654,-0.0034591340
2022-08-12,IS,0.0194705011,0.0022113400,0.0000000000,0.0064783100,0.0000000000,0.0000000000,0.0070336870,0.0082194479,0.0216816200,0.0140791020
2022-08-15,IS,0.0080813584,0.0000000000,0.0109497238,0.0017833400,-0.0006461037,0.0000000000,0.0057769241,0.0017777602,0.0080813584,0.0104070677
2022-08-16,IS,-0.0023419204,-0.0054429000,-0.0023421520,-0.0031124400,0.0000097350,0.0000000000,-0.0090877111,-0.0102037574,-0.0077853647,-0.0066201340
2022-08-17,IS,-0.0114060431,-0.0058611600,-0.0105775496,-0.0072379400,-0.0007072442,0.0000000000,-0.0146237428,-0.0129422281,-0.0172677892,-0.0175420013
2022-08-18,IS,0.0025267131,0.0000000000,-0.0025243422,-0.0023943100,-0.0002414466,0.0000000000,-0.0004540457,0.0005558335,0.0025267131,-0.0011962221
2022-08-19,IS,-0.0196161788,0.0034107800,0.0196970115,-0.0003353600,-0.0000043746,0.0000000000,0.0084039467,0.0017551589,-0.0162057399,0.0015761607
2022-08-22,IS,-0.0263272006,0.0051472600,0.0254164915,0.0005297200,-0.0003577590,0.0000000000,0.0117006541,0.0033694853,-0.0211804553,0.0023805483
2022-08-23,IS,-0.0008270772,0.0000000000,-0.0071492389,-0.0057435700,-0.0003361075,0.0000000000,-0.0028823295,-0.0001819712,-0.0008270772,-0.0068602592
2022-08-24,IS,0.0028971665,-0.0035193200,0.0000000000,-0.0036310700,0.0002107763,0.0000000000,-0.0044183153,-0.0056272005,-0.0006225054,-0.0021269693
2022-08-25,IS,0.0176819783,-0.0056858900,0.0088381255,0.0079034800,-0.0006006572,0.0000000000,-0.0011798383,-0.0062313751,0.0119955197,0.0143684047
2022-08-26,IS,-0.0409882089,0.0279035600,0.0029855328,0.0080497300,0.0011085926,0.0000000000,0.0325573211,0.0406491348,-0.0130874393,-0.0010268917
2022-08-29,IS,-0.0098555816,0.0000000000,0.0095334363,-0.0077273400,-0.0003560121,0.0000000000,0.0016510598,-0.0021683971,-0.0098555816,-0.0040257121
2022-08-30,IS,-0.0111362964,0.0038365300,0.0105653973,-0.0054180700,-0.0002181182,0.0000000000,0.0072349703,0.0043786969,-0.0073001501,-0.0010773046
2022-08-31,IS,-0.0058135672,0.0000000000,-0.0099936334,0.0000124900,0.0000968423,0.0000000000,-0.0049605025,-0.0012790845,-0.0058135672,-0.0078975643
2022-09-01,IS,0.0004343903,-0.0055439500,-0.0040691842,0.0108133200,-0.0002622506,0.0000000000,-0.0093322162,-0.0097728897,-0.0051101141,0.0008170246
2022-09-02,IS,-0.0141282565,0.0023681700,0.0000000000,0.0152023200,0.0000072660,0.0000000000,0.0005368364,0.0011067910,-0.0117603233,0.0017202382
2022-09-06,IS,-0.0071823017,-0.0073753800,-0.0117541207,-0.0032160700,0.0008205170,0.0000000000,-0.0163764253,-0.0147084483,-0.0145584192,-0.0147644658
2022-09-07,IS,0.0202013308,0.0012685000,0.0026502935,0.0075788900,-0.0002538564,0.0000000000,0.0068482211,0.0067019258,0.0214697039,0.0158486296
2022-09-08,IS,0.0051844667,0.0000000000,0.0051849837,-0.0025367200,-0.0002598161,0.0000000000,0.0030070608,0.0011404937,0.0051844667,0.0039162384
2022-09-09,IS,0.0217290031,0.0068184600,0.0217311590,0.0004457000,0.0000585617,0.0000000000,0.0222858220,0.0169171336,0.0285467813,0.0253617978
2022-09-12,IS,0.0120175867,-0.0029686600,0.0120187538,-0.0046138200,-0.0005568717,0.0000000000,0.0027546093,-0.0026406682,0.0090486298,0.0082265511
2022-09-13,IS,-0.0548368411,0.0180306000,-0.0155588207,0.0014004400,-0.0006923311,0.0000000000,0.0087215380,0.0200287159,-0.0368080442,-0.0254842748
2022-09-14,IS,0.0079332652,0.0000000000,-0.0076769705,-0.0058845500,-0.0001749846,0.0000000000,-0.0013310222,0.0017451822,0.0079332652,-0.0028149082
2022-09-15,IS,-0.0166537175,-0.0124699200,0.0163692130,-0.0124459000,-0.0005867775,0.0000000000,-0.0148189508,-0.0258604780,-0.0291248845,-0.0126018134
2022-09-16,IS,-0.0061147372,-0.0047456100,0.0058149955,-0.0017609600,0.0003740251,0.0000000000,-0.0057524622,-0.0097925089,-0.0108608218,-0.0034037523
2022-09-19,IS,0.0059795382,0.0000000000,-0.0043817120,0.0029907100,-0.0003456412,0.0000000000,-0.0004694206,0.0013153958,0.0059795382,0.0022937500
2022-09-20,IS,-0.0079711390,0.0000000000,0.0000000000,-0.0126708900,-0.0000425608,0.0000000000,-0.0015944159,-0.0017537874,-0.0079711390,-0.0103216480
2022-09-21,IS,-0.0179060021,0.0000000000,-0.0576554016,-0.0481277300,0.0024135601,0.0000000000,-0.0254916270,-0.0039396277,-0.0179060021,-0.0618469732
2022-09-22,IS,-0.0123078008,-0.0067932200,0.0044509403,-0.0077389500,0.0002975616,0.0000000000,-0.0104171780,-0.0147997026,-0.0191017001,-0.0111953532
2022-09-23,IS,-0.0162816439,-0.0047272800,0.0028674664,-0.0056997700,-0.0001328740,0.0000000000,-0.0088800236,-0.0119966143,-0.0210093966,-0.0119215712
2022-09-26,IS,-0.0041377808,-0.0029839600,-0.0046011289,-0.0024560200,-0.0004780332,0.0000000000,-0.0068133459,-0.0062218064,-0.0071220392,-0.0070897168
2022-09-27,IS,0.0004009185,0.0000000000,0.0000000000,0.0000509700,-0.0000163825,0.0000000000,0.0000801742,0.0000881952,0.0004009185,0.0002259242
2022-09-28,IS,0.0198921597,0.0100016000,-0.0029318521,0.0053289700,-0.0000427193,0.0000000000,0.0170657837,0.0221790728,0.0298927595,0.0161442976
2022-09-29,IS,-0.0288276059,-0.0017621300,-0.0285528830,-0.0067902800,-0.0001340380,0.0000000000,-0.0191183940,-0.0094790904,-0.0305899121,-0.0329668771
2022-09-30,IS,-0.0169566337,-0.0049479900,-0.0063828117,0.0118479700,-0.0001478977,0.0000000000,-0.0128432687,-0.0125379788,-0.0219051185,-0.0082202614
2022-10-03,IS,0.0234603008,0.0042774700,-0.0103470733,0.0042880500,0.0010107299,-0.0501679398,0.0068331943,0.0127749277,0.0277373431,0.0108376834
2022-10-04,IS,0.0314407926,-0.0037160000,0.0070395424,-0.0048988300,-0.0007932935,-0.0348040345,0.0036857821,0.0003018093,0.0277244210,0.0149315324
2022-10-05,IS,-0.0005316698,-0.0040050400,-0.0195187088,0.0086885300,-0.0002294601,0.0145303489,-0.0132110934,-0.0072460863,-0.0045371103,-0.0076843937
2022-10-06,IS,-0.0078728988,0.0000000000,-0.0072994601,0.0017749800,-0.0005138719,0.0184302062,-0.0043485572,-0.0017321728,-0.0078728988,-0.0066987782
2022-10-07,IS,-0.0381040892,0.0111160400,0.0154838455,0.0057822100,-0.0002924822,0.0265321133,0.0140467226,0.0114025624,-0.0269891608,-0.0028636762
2022-10-10,IS,-0.0099962839,-0.0102188800,0.0096904578,-0.0085154000,-0.0000983313,0.0177711210,-0.0128286047,-0.0203890175,-0.0202161858,-0.0095210374
2022-10-11,IS,-0.0137382230,-0.0023534500,0.0130582461,-0.0110112900,-0.0003267816,0.0021539417,-0.0011282014,-0.0072116936,-0.0160919083,-0.0070236983
2022-10-12,IS,-0.0003425309,0.0000000000,0.0003169654,0.0000216900,-0.0002589491,-0.0043317512,0.0000519227,-0.0000753627,-0.0003425309,-0.0000019707
2022-10-13,IS,0.0234523719,0.0103129400,-0.0079092593,0.0045785400,-0.0009270530,-0.0066794221,0.0163282671,0.0235165536,0.0337642806,0.0152157282
2022-10-14,IS,-0.0300572874,0.0151695100,0.0000000000,0.0084169100,0.0009406313,0.0318832058,0.0155277449,0.0203880148,-0.0148892944,-0.0032369366
2022-10-17,IS,0.0330214006,0.0013082700,0.0000000000,0.0000000000,-0.0003178593,-0.0234647224,0.0084612108,0.0095929133,0.0343295398,0.0171631842
2022-10-18,IS,0.0079079265,0.0000000000,-0.0110822783,-0.0069866900,-0.0006367369,-0.0022049398,-0.0026302124,0.0017396081,0.0079079265,-0.0050814704
2022-10-19,IS,-0.0036466775,0.0000000000,0.0000000000,-0.0002408200,-0.0002150275,0.0268556048,-0.0007294216,-0.0008023316,-0.0036466775,-0.0019439311
2022-10-20,IS,-0.0051018522,-0.0044266400,0.0000000000,0.0075122800,-0.0008315884,0.0123584875,-0.0073065210,-0.0090019125,-0.0095289349,-0.0010083612
2022-10-21,IS,0.0234848203,0.0100703300,0.0013908007,0.0078400000,-0.0000533223,-0.0289696987,0.0195245686,0.0230918392,0.0335541433,0.0213918708
2022-10-24,IS,0.0109646734,0.0000000000,0.0109657684,0.0018691800,-0.0004532069,-0.0001499021,0.0063596596,0.0024120400,0.0109646734,0.0118997174
2022-10-25,IS,0.0206859400,-0.0016924900,0.0206879833,-0.0024527900,-0.0004177871,-0.0261738900,0.0095946425,0.0015378534,0.0189932808,0.0186141144
2022-10-26,IS,-0.0220963372,0.0000000000,-0.0208240551,-0.0013956000,-0.0002053058,-0.0177097238,-0.0123329263,-0.0048615734,-0.0220963372,-0.0221580659
2022-10-27,IS,-0.0182060231,-0.0125686500,0.0143472135,-0.0012794800,-0.0007338268,-0.0067424797,-0.0160379445,-0.0263777019,-0.0307759300,-0.0088550975
2022-10-28,IS,0.0306006523,0.0230507400,-0.0111796246,0.0052415700,-0.0003317567,0.0024423380,0.0346021041,0.0477620831,0.0536490872,0.0238545798
2022-10-31,IS,-0.0116279070,0.0000000000,-0.0094165581,-0.0017081100,-0.0010718101,0.0144326281,-0.0059041214,-0.0025583391,-0.0116279070,-0.0113763981
2022-11-01,IS,-0.0102176650,0.0000000000,0.0000090354,-0.0036137000,-0.0011149873,0.0014967616,-0.0020403410,-0.0022480616,-0.0102176650,-0.0069116761
2022-11-02,IS,-0.0342771982,0.0070490800,0.0145827068,-0.0088837000,-0.0005355281,0.0017763288,0.0086945994,0.0050055146,-0.0272288231,-0.0107669987
2022-11-03,IS,-0.0195347787,-0.0110799900,0.0187952969,-0.0004148200,-0.0003360742,0.0068383686,-0.0124996586,-0.0240201322,-0.0306158767,-0.0061190624
2022-11-04,IS,0.0160850704,0.0000000000,-0.0148939169,0.0013918900,0.0003193559,-0.0083012776,-0.0024435180,0.0035384395,0.0160850704,0.0012899728
2022-11-07,IS,0.0109944083,0.0000000000,-0.0072560889,0.0043274500,0.0006606899,0.0056257865,-0.0005589177,0.0024185812,0.0109944083,0.0040319722
2022-11-08,IS,0.0072872678,-0.0080089300,-0.0063408998,-0.0172990900,-0.0003246867,-0.0152058952,-0.0123253886,-0.0126531352,-0.0007224631,-0.0121820914
2022-11-09,IS,-0.0230763523,-0.0013045000,0.0009622155,0.0040843400,-0.0002132428,0.0022593267,-0.0061026265,-0.0073991524,-0.0243809827,-0.0096683503
2022-11-10,IS,0.0737885463,0.0094143600,-0.0169376420,0.0060520200,-0.0004106675,-0.0408140671,0.0216872867,0.0329901434,0.0832019649,0.0361541058
2022-11-11,IS,0.0184261715,-0.0015544000,0.0184279633,-0.0007764200,-0.0005592803,0.0017591073,0.0084800354,0.0012865487,0.0168716161,0.0172615409
2022-11-14,IS,-0.0087512154,0.0000000000,-0.0087520510,-0.0035327400,0.0004874494,-0.0006486190,-0.0050762357,-0.0019254176,-0.0087512154,-0.0105181798
2022-11-15,IS,0.0138382848,0.0000000000,0.0138396177,-0.0057595400,0.0001389834,-0.0075192218,0.0080263746,0.0030441852,0.0138382848,0.0109588933
2022-11-16,IS,-0.0136494005,-0.0015303000,-0.0182706069,-0.0041652800,-0.0000643207,-0.0051262860,-0.0118460169,-0.0057269764,-0.0151798535,-0.0188080785
2022-11-17,IS,-0.0022071188,0.0000000000,0.0022172830,-0.0053235900,-0.0001003522,0.0114733870,0.0004010226,-0.0004856040,-0.0022071188,-0.0026569791
2022-11-18,IS,0.0000351111,0.0000000000,-0.0000351171,-0.0026016300,0.0001319415,0.0057543365,-0.0000063242,0.0000077238,0.0000351111,-0.0013009481
2022-11-21,IS,-0.0102871989,0.0000000000,0.0102896729,-0.0079182200,0.0000586909,0.0015233354,0.0018520725,-0.0022633603,-0.0102871989,-0.0039589018
2022-11-22,IS,0.0144027812,0.0000000000,-0.0055559565,0.0072246400,0.0000000000,-0.0077935437,0.0007687797,0.0031683647,0.0144027812,0.0080347344
2022-11-23,IS,0.0100367197,-0.0042545900,0.0098660804,-0.0082863300,0.0002859590,-0.0063808853,-0.0002856555,-0.0053654307,0.0057817042,0.0036803130
2022-11-25,IS,-0.0065784918,0.0000000000,-0.0065791432,0.0000000000,0.0000000000,-0.0008610161,-0.0038159330,-0.0014473811,-0.0065784918,-0.0065788175
2022-11-28,IS,-0.0146730796,-0.0030022100,-0.0049890135,0.0035046700,0.0001907175,0.0065862151,-0.0090938468,-0.0085721455,-0.0176755898,-0.0095803008
2022-11-29,IS,-0.0075695943,-0.0078557100,0.0075113649,-0.0021030500,-0.0007061693,0.0035906620,-0.0098154117,-0.0156486523,-0.0154260899,-0.0050092487
2022-11-30,IS,0.0455857718,0.0249965800,0.0111385520,0.0281285700,-0.0011678423,-0.0036491245,0.0488434497,0.0545225856,0.0705798521,0.0549220806
2022-12-01,IS,0.0012271612,-0.0218376100,0.0012272809,0.0014425300,-0.0004689195,0.0013758502,-0.0302994357,-0.0386018466,-0.0206126326,-0.0089713387
2022-12-02,IS,-0.0039833855,0.0000000000,-0.0146376272,0.0018412300,-0.0004039663,0.0037974024,-0.0063593375,-0.0008764132,-0.0039833855,-0.0083904241
2022-12-05,IS,-0.0167834558,-0.0047795100,0.0018084632,0.0060154600,0.0004659460,-0.0038396106,-0.0094569539,-0.0121999889,-0.0215634438,-0.0068704509
2022-12-06,IS,-0.0207203449,0.0086321200,0.0206434679,-0.0001130600,-0.0002248232,-0.0006255631,0.0159571476,0.0108060041,-0.0120890881,0.0042190233
2022-12-07,IS,-0.0040826470,0.0000000000,0.0039026551,0.0000000000,0.0001266311,-0.0012515645,0.0006662616,-0.0008982524,-0.0040826470,-0.0000903952
2022-12-08,IS,0.0118347414,-0.0047874900,-0.0108481529,-0.0015856900,-0.0001838892,0.0044902164,-0.0085540806,-0.0059184797,0.0070467727,-0.0026944299
2022-12-09,IS,-0.0063766074,-0.0030810000,-0.0036229986,0.0057255700,0.0006917849,0.0035955168,-0.0070272233,-0.0068870449,-0.0094579155,-0.0036776557
2022-12-12,IS,0.0125514111,0.0000000000,0.0000000000,0.0036607600,0.0002530242,-0.0023934267,0.0025099860,0.0027610951,0.0125514111,0.0081054580
2022-12-13,IS,0.0107500525,0.0000000000,-0.0120915062,-0.0005605300,-0.0007058642,-0.0006249132,-0.0024453923,0.0023648271,0.0107500525,-0.0009521339
2022-12-14,IS,-0.0074138230,-0.0007172900,0.0000000000,-0.0056302300,-0.0009489030,0.0029194053,-0.0025015097,-0.0029079164,-0.0081311847,-0.0068810422
2022-12-15,IS,-0.0335764895,0.0098464800,0.0163114952,-0.0049784300,-0.0002852686,-0.0088295887,0.0134640229,0.0101389449,-0.0237309941,-0.0062009665
2022-12-16,IS,-0.0095344722,0.0033936400,0.0092274832,-0.0032560100,0.0005754048,-0.0004550983,0.0064180922,0.0039427988,-0.0061411716,-0.0000856176
2022-12-19,IS,-0.0164083865,0.0012507900,0.0155848555,0.0009321700,-0.0003605924,0.0004353942,0.0044158487,-0.0013837694,-0.0151577216,0.0006781148
2022-12-20,IS,-0.0007784986,0.0000000000,0.0007161324,-0.0010277600,-0.0010910802,0.0069339358,0.0001163899,-0.0001712831,-0.0007784986,-0.0005451378
2022-12-21,IS,0.0147102471,-0.0008260100,-0.0048878450,-0.0043831700,-0.0003345511,-0.0003449909,-0.0000887442,0.0017656718,0.0138841545,0.0023056311
2022-12-22,IS,-0.0246613407,0.0072479600,-0.0196348126,0.0054951400,-0.0000381705,-0.0062560616,-0.0021025112,0.0074751668,-0.0174141055,-0.0157771638
2022-12-23,IS,0.0022492128,-0.0094021100,0.0047424540,0.0008076200,-0.0003257100,0.0029150840,-0.0110998901,-0.0162413358,-0.0071538374,-0.0008018413
2022-12-27,IS,-0.0141382406,-0.0069215900,0.0000000000,-0.0001334000,0.0001492400,0.0041167342,-0.0126568165,-0.0154308716,-0.0210605228,-0.0105973222
2022-12-28,IS,-0.0132028227,-0.0010910100,0.0048351544,-0.0109382700,-0.0002921816,-0.0006883961,-0.0023529302,-0.0048468026,-0.0142939418,-0.0101993760
2022-12-29,IS,0.0243752403,0.0059933500,-0.0166223814,-0.0012000500,0.0000000000,0.0001047761,0.0070678537,0.0160305323,0.0303679910,0.0062710296
2022-12-30,IS,-0.0006005104,0.0000000000,-0.0095955808,-0.0036990300,0.0001935250,-0.0006470421,-0.0037667076,-0.0001321226,-0.0006005104,-0.0069480104
2023-01-03,IS,-0.0067598017,0.0010130900,-0.0130554325,-0.0031215100,0.0010172822,0.0014703307,-0.0048747855,0.0003159882,-0.0057468130,-0.0109621419
2023-01-04,IS,0.0047640653,0.0000000000,0.0000000000,-0.0084083900,-0.0012507241,0.0029963436,0.0009527006,0.0010480126,0.0047640653,-0.0018225828
2023-01-05,IS,-0.0156543990,0.0000000000,0.0000000000,-0.0041790100,0.0000709823,-0.0011880915,-0.0031312492,-0.0034442364,-0.0156543990,-0.0099174872
2023-01-06,IS,0.0276014986,0.0083547100,-0.0053646084,0.0037913800,0.0002354973,-0.0027595694,0.0153444046,0.0209435670,0.0359553731,0.0171898418
2023-01-09,IS,0.0064732143,-0.0027225800,0.0098702233,0.0045240400,0.0008898456,-0.0019508871,0.0011788280,-0.0034223030,0.0037503620,0.0090722789
2023-01-10,IS,0.0084645524,0.0000000000,0.0000000000,0.0023425600,0.0002186581,0.0067146624,0.0016927107,0.0018620563,0.0084645524,0.0054031330
2023-01-11,IS,0.0173001503,0.0027994200,0.0075238882,0.0055961200,-0.0006405682,-0.0062602900,0.0102940386,0.0087888134,0.0200992904,0.0166093004
2023-01-12,IS,0.0054044316,-0.0095855700,0.0054049680,0.0012071500,-0.0007194882,-0.0044917733,-0.0104776564,-0.0158738078,-0.0041820970,0.0012150709
2023-01-13,IS,0.0068804874,0.0000000000,0.0068811666,0.0039183800,0.0006045247,0.0050239860,0.0039907732,0.0015135892,0.0068804874,0.0088398211
2023-01-17,IS,0.0020286863,0.0000000000,0.0020288852,-0.0012423200,-0.0004172934,0.0022073675,0.0011766642,0.0004462762,0.0020286863,0.0014075636
2023-01-18,IS,-0.0129999290,0.0019118500,-0.0048459493,0.0056391900,-0.0003324279,-0.0109165495,-0.0017269635,0.0005428107,-0.0110882702,-0.0051478268
2023-01-19,IS,-0.0098243846,0.0000000000,0.0098049010,-0.0110899800,-0.0006403629,0.0035506790,0.0017604481,-0.0021615332,-0.0098243846,-0.0055557133
2023-01-20,IS,0.0273668908,0.0114308200,-0.0027923583,0.0075854000,-0.0005801137,0.0052258079,0.0206430214,0.0263675536,0.0387965677,0.0217938683
2023-01-23,IS,0.0222159332,0.0106091100,0.0222181360,-0.0047940000,-0.0003437073,0.0023516168,0.0279506820,0.0237716869,0.0328239823,0.0251242988
2023-01-24,IS,-0.0020418051,0.0000000000,-0.0020420031,-0.0012056900,-0.0006016446,-0.0011468083,-0.0011843719,-0.0004492322,-0.0020418051,-0.0026448094
2023-01-25,IS,-0.0022193709,-0.0038215200,-0.0268686231,0.0098262100,-0.0005963898,0.0021860041,-0.0160811965,-0.0072906788,-0.0060412731,-0.0115428845
2023-01-26,IS,0.0194974455,0.0000000000,0.0075257214,0.0061036100,0.0003710540,0.0011179974,0.0067589793,0.0042891034,0.0194974455,0.0165627899
2023-01-27,IS,0.0099543192,-0.0024398900,0.0099553072,-0.0004409700,-0.0003941735,0.0027392168,0.0023087933,-0.0021533203,0.0075141852,0.0085142392
2023-01-30,IS,-0.0202187268,0.0000000000,-0.0114071795,0.0007895500,-0.0005293147,0.0038233804,-0.0083788255,-0.0044484668,-0.0202187268,-0.0154186187
2023-01-31,IS,0.0149860475,0.0010311500,-0.0074770222,0.0056782200,-0.0001941634,0.0003076231,0.0016195611,0.0051321607,0.0160170944,0.0071080745
2023-02-01,IS,0.0213834770,0.0055822800,0.0185175614,0.0201318700,0.0006210227,0.0037061731,0.0192401360,0.0146406750,0.0269651988,0.0328063085
2023-02-02,IS,0.0358899375,-0.0067696300,0.0358934613,-0.0117027200,-0.0001053478,-0.0071176280,0.0112031963,-0.0041550361,0.0291196305,0.0266546008
2023-02-03,IS,-0.0177723598,0.0000000000,-0.0132848501,0.0063344500,0.0001243622,-0.0115695278,-0.0086030763,-0.0039102241,-0.0177723598,-0.0123616967
2023-02-06,IS,-0.0084590764,0.0000000000,-0.0024441627,-0.0019380800,-0.0004852968,-0.0077340524,-0.0026207206,-0.0018611420,-0.0084590764,-0.0064209603
2023-02-07,IS,0.0207187325,-0.0047708800,-0.0059592828,-0.0174571300,0.0003065973,0.0004940112,-0.0048959833,-0.0039345876,0.0159473754,-0.0037356141
2023-02-08,IS,-0.0177810765,0.0051755500,0.0000000000,-0.0007536700,-0.0004866506,-0.0037445380,0.0037924901,0.0053001344,-0.0126060441,-0.0066804873
2023-02-09,IS,-0.0088379275,0.0000000000,0.0005558941,0.0074403800,-0.0001670732,-0.0044993790,-0.0015565716,-0.0019444957,-0.0088379275,-0.0004212964
2023-02-10,IS,-0.0065632458,0.0000000000,0.0065552970,-0.0032125800,-0.0000379503,-0.0053610399,0.0011780045,-0.0014440267,-0.0065632458,-0.0016109203
2023-02-13,IS,0.0160160160,0.0008194900,-0.0057835314,-0.0069168300,0.0000000000,0.0020659857,0.0021685579,0.0049819730,0.0168354241,0.0020664823
2023-02-14,IS,0.0073891626,0.0002580700,-0.0082481432,-0.0020020100,0.0002482779,-0.0017772905,-0.0012904405,0.0020848637,0.0076472068,-0.0013022422
2023-02-15,IS,0.0076609617,0.0000000000,0.0038951928,0.0047883600,0.0003883412,-0.0020911877,0.0030122391,0.0016852801,0.0076609617,0.0081720178
2023-02-16,IS,-0.0187641540,0.0000000000,-0.0134937283,-0.0019287300,0.0008566857,0.0034987341,-0.0088808205,-0.0041284359,-0.0187641540,-0.0170935697
2023-02-17,IS,-0.0070557204,-0.0050145700,-0.0034649842,-0.0002578200,-0.0005116926,0.0039148689,-0.0098488259,-0.0104782684,-0.0120707919,-0.0078968109
2023-02-21,IS,-0.0236751229,-0.0005733700,0.0238373854,-0.0000590400,0.0000000000,-0.0031054535,0.0035076803,-0.0062295094,-0.0242485502,-0.0002374494
2023-02-22,IS,0.0007482230,0.0000000000,-0.0007183908,-0.0058589600,0.0003168113,0.0029714892,-0.0001233839,0.0001645962,0.0007482230,-0.0029148568
2023-02-23,IS,0.0087340697,0.0000000000,-0.0093448407,0.0020075600,-0.0002546338,-0.0059305568,-0.0018047228,0.0019213455,0.0087340697,0.0006974906
2023-02-24,IS,-0.0167441547,0.0000000000,-0.0011976572,-0.0011082100,0.0003511485,-0.0096757911,-0.0038042985,-0.0036840014,-0.0167441547,-0.0095257883
2023-02-27,IS,0.0071612130,0.0000000000,-0.0100263257,-0.0026466700,0.0000701931,0.0057358767,-0.0023782426,0.0015753440,0.0071612130,-0.0027567507
2023-02-28,IS,-0.0012927808,0.0000000000,0.0000000000,-0.0017636400,0.0000000000,0.0044752567,-0.0002585867,-0.0002844340,-0.0012927808,-0.0015282986
2023-03-01,IS,-0.0080392424,-0.0095684300,-0.0069844249,-0.0019707100,0.0000641545,0.0079329550,-0.0178497096,-0.0188006755,-0.0176086292,-0.0132819806
2023-03-02,IS,0.0082760989,0.0007886800,-0.0063245442,0.0077824600,-0.0003434858,-0.0019308217,0.0003714060,0.0032244810,0.0090647000,0.0052606173
2023-03-03,IS,0.0206736828,0.0075671600,0.0134624176,0.0040175900,0.0001122890,-0.0191732004,0.0199955606,0.0180176966,0.0282400861,0.0228598460
2023-03-06,IS,0.0011345435,-0.0033047700,0.0029365584,0.0061415800,0.0000000000,0.0071789947,-0.0033503011,-0.0056330399,-0.0021705570,0.0034538141
2023-03-07,IS,-0.0122658489,0.0013806700,-0.0009781410,0.0017796500,-0.0006899040,0.0164642064,-0.0008645443,-0.0002411587,-0.0108853170,-0.0050423993
2023-03-08,IS,0.0049942633,0.0000000000,-0.0063890513,-0.0099875800,0.0000110460,0.0041971799,-0.0014293038,0.0010986522,0.0049942633,-0.0056917532
2023-03-09,IS,-0.0173259016,0.0059386300,0.0072601737,0.0198874600,0.0003301904,-0.0081215257,0.0077260215,0.0067585332,-0.0113878655,0.0078788897
2023-03-10,IS,-0.0140436001,-0.0004952700,0.0138397577,0.0045562700,0.0003676880,-0.0233112186,0.0017463292,-0.0039713942,-0.0145389196,0.0019271846
2023-03-13,IS,0.0074163923,-0.0038112800,-0.0163389649,0.0000000000,0.0008237463,-0.0312556862,-0.0101381325,-0.0051527486,0.0036047312,-0.0063681141
2023-03-14,IS,0.0229798067,0.0009161800,-0.0073658035,-0.0059400300,-0.0003162419,0.0102317564,0.0030971364,0.0066859994,0.0238958951,0.0052935593
2023-03-15,IS,0.0052459898,0.0000000000,0.0029534863,-0.0020287400,0.0002606635,-0.0359295879,0.0021714316,0.0011540277,0.0052459898,0.0030852534
2023-03-16,IS,0.0263606864,0.0153908600,0.0263633148,0.0059288000,-0.0004037792,0.0194554455,0.0371445927,0.0331949315,0.0417500073,0.0370207646
2023-03-17,IS,-0.0047260520,-0.0008244200,-0.0103343274,-0.0031285600,-0.0001628195,-0.0285746170,-0.0060431206,-0.0025072479,-0.0055505544,-0.0095069601
2023-03-20,IS,0.0019976421,-0.0035353100,0.0000000000,0.0006567800,-0.0004452711,0.0173621148,-0.0046209197,-0.0058535433,-0.0015380214,-0.0004405879
2023-03-21,IS,0.0142824460,0.0000000000,0.0028408913,0.0050553400,0.0001908239,0.0113321118,0.0039357794,0.0031418930,0.0142824460,0.0110887666
2023-03-22,IS,-0.0135979893,0.0000000000,-0.0135993452,-0.0212467600,-0.0002284631,0.0030465363,-0.0078876803,-0.0029917910,-0.0135979893,-0.0242231096
2023-03-23,IS,0.0118580949,-0.0012679400,0.0123134360,0.0071869700,-0.0003200960,-0.0053782609,0.0052498493,0.0003515945,0.0105900281,0.0150449845
2023-03-24,IS,0.0036803874,0.0000000000,0.0000000000,0.0041045800,-0.0002769252,0.0022238631,0.0007359906,0.0008096221,0.0036803874,0.0038922785
2023-03-27,IS,-0.0068512979,-0.0041622200,0.0000000000,-0.0051214000,-0.0003089659,0.0152562664,-0.0072808972,-0.0089160826,-0.0110139341,-0.0080679231
2023-03-28,IS,-0.0053115689,-0.0044316400,-0.0028121418,-0.0033001400,0.0000000000,-0.0003211369,-0.0084241320,-0.0090569468,-0.0097436521,-0.0079281319
2023-03-29,IS,0.0182339151,0.0000000000,-0.0102479533,0.0020120400,0.0000000000,-0.0016047162,-0.0002481889,0.0040111484,0.0182339151,0.0049975768
2023-03-30,IS,0.0094653364,0.0000000000,0.0094662809,-0.0018593200,0.0000000000,-0.0099685286,0.0054900234,0.0020822116,0.0094653364,0.0085360557
2023-03-31,IS,0.0166307653,0.0096556600,0.0166324092,0.0061751000,0.0000000000,-0.0059996403,0.0233571157,0.0208457504,0.0262854597,0.0245461757
2023-04-03,IS,-0.0024304365,0.0000000000,-0.0091050637,0.0031698400,-0.0004967494,-0.0074019574,-0.0039462379,-0.0005347377,-0.0024304365,-0.0041831638
2023-04-04,IS,-0.0033734187,0.0000000000,-0.0057384055,-0.0043847100,0.0001993517,-0.0066801765,-0.0028553978,-0.0007422100,-0.0033734187,-0.0067484863
2023-04-05,IS,-0.0100604883,0.0024088800,0.0043441643,0.0005254600,-0.0004843808,-0.0020990620,0.0030589832,0.0020742320,-0.0076518492,-0.0013917122
2023-04-06,IS,0.0069334515,0.0014061000,-0.0028610668,0.0044005000,-0.0000456557,-0.0003527886,0.0022958582,0.0040281534,0.0083394109,0.0049390026
2023-04-10,IS,-0.0005659488,-0.0027184100,0.0000000000,0.0046340900,0.0000000000,0.0023978918,-0.0039735511,-0.0049633753,-0.0032846306,0.0006747698
2023-04-11,IS,-0.0064177179,0.0005264700,0.0000000000,-0.0038688400,-0.0003692701,-0.0019978746,-0.0005360942,-0.0004749121,-0.0058913005,-0.0048803648
2023-04-12,IS,-0.0089658994,0.0018188800,0.0010542635,-0.0023757000,-0.0002275112,-0.0011293810,0.0011900416,0.0012648834,-0.0071472013,-0.0042347290
2023-04-13,IS,0.0200643262,0.0108786000,-0.0061953850,0.0033182200,0.0004381406,0.0017121571,0.0171052863,0.0237779781,0.0309418383,0.0140315676
2023-04-14,IS,-0.0022187533,0.0000000000,-0.0079877953,0.0002156400,-0.0002164929,0.0030452600,-0.0034793094,-0.0004881638,-0.0022187533,-0.0049957428
2023-04-17,IS,0.0008475374,0.0000000000,0.0000000000,0.0011764800,0.0000296564,0.0043180735,0.0001694875,0.0001864437,0.0008475374,0.0010119499
2023-04-18,IS,0.0000627274,0.0000000000,-0.0072129213,-0.0008210500,0.0000000000,0.0001770530,-0.0027285908,0.0000137990,0.0000627274,-0.0039859857
2023-04-19,IS,-0.0004704259,0.0000000000,0.0000000000,0.0006107000,0.0000000000,0.0043645674,-0.0000940963,-0.0001035018,-0.0004704259,0.0000701065
2023-04-20,IS,-0.0076244862,0.0000000000,-0.0039404164,-0.0036886700,0.0000000000,-0.0016454558,-0.0030223824,-0.0016775178,-0.0076244862,-0.0076269707
2023-04-21,IS,0.0010433793,-0.0052570900,-0.0020447124,-0.0024961000,0.0000000000,-0.0002174431,-0.0080337918,-0.0091283005,-0.0042142364,-0.0043776492
2023-04-24,IS,-0.0020845836,-0.0014084200,-0.0052954079,-0.0014189900,-0.0005886334,-0.0042684385,-0.0044292079,-0.0029656154,-0.0034931444,-0.0051038613
2023-04-25,IS,-0.0188637443,0.0054693900,0.0109226675,0.0073288900,0.0001100006,-0.0024903590,0.0081437529,0.0055849526,-0.0133949012,0.0024271123
2023-04-26,IS,0.0058066389,0.0000000000,-0.0128488663,-0.0001351300,0.0000397605,0.0059136249,-0.0037217788,0.0012773609,0.0058066389,-0.0035896115
2023-04-27,IS,0.0274543763,0.0070632400,0.0117126402,0.0062287300,-0.0002921980,0.0021988352,0.0199710158,0.0186123355,0.0345169100,0.0262287062
2023-04-28,IS,0.0068987045,-0.0063833900,0.0068993864,-0.0007738900,-0.0007407404,-0.0066446624,-0.0050635999,-0.0098450876,0.0005146762,0.0033200476
2023-05-01,IS,-0.0011470734,0.0000000000,-0.0011471860,-0.0032542800,-0.0000564230,0.0073450708,-0.0006653733,-0.0002523758,-0.0011470734,-0.0027744324
2023-05-02,IS,-0.0087215618,-0.0007781200,-0.0058377288,-0.0008139800,0.0001833567,0.0001789543,-0.0050676820,-0.0033039164,-0.0094997596,-0.0080758395
2023-05-03,IS,-0.0065439289,-0.0030387800,-0.0038029093,-0.0036138800,-0.0005188043,0.0009581893,-0.0070690935,-0.0068486995,-0.0095830128,-0.0085000817
2023-05-04,IS,-0.0035298938,-0.0004056500,-0.0006696383,-0.0020190600,-0.0007752898,0.0004843365,-0.0015365371,-0.0014986783,-0.0039355844,-0.0033122641
2023-05-05,IS,0.0212543885,0.0097465100,-0.0092966246,0.0019051900,-0.0002440005,-0.0006469641,0.0145571641,0.0220247363,0.0309999238,0.0118032044
2023-05-08,IS,0.0024776240,-0.0002621700,0.0024778717,0.0012466300,0.0000925830,0.0025174950,0.0010647527,0.0000783619,0.0022154278,0.0029699286
2023-05-09,IS,-0.0063332201,0.0000000000,-0.0066185908,-0.0018016700,0.0000000000,0.0007968835,-0.0037818674,-0.0013934171,-0.0063332201,-0.0073768305
2023-05-10,IS,0.0108817311,0.0000000000,-0.0063767748,-0.0060606500,-0.0004818827,-0.0051334595,-0.0002472837,0.0023937941,0.0108817311,-0.0007787098
2023-05-11,IS,0.0032601341,0.0000000000,-0.0008658141,-0.0006072600,0.0001083429,0.0049754775,0.0003229135,0.0007171736,0.0032601341,0.0008933237
2023-05-12,IS,-0.0035867566,-0.0040404800,-0.0050969448,-0.0021523800,-0.0002238044,0.0062233937,-0.0083918932,-0.0079812375,-0.0076276406,-0.0074385903
2023-05-15,IS,0.0054148848,0.0000000000,0.0000000000,0.0017596700,-0.0001473378,-0.0010418493,0.0010828492,0.0011911817,0.0054148848,0.0035870067
2023-05-16,IS,0.0011322256,0.0001353000,-0.0014431013,0.0000962400,0.0001339395,0.0078305715,-0.0001298825,0.0004899095,0.0012675121,-0.0000397966
2023-05-17,IS,0.0121041692,0.0026165600,0.0073604264,0.0054033000,0.0000655026,-0.0036811474,0.0089331879,0.0073202888,0.0147204675,0.0137418268
2023-05-18,IS,0.0185733269,0.0110469700,0.0185751766,-0.0032775800,0.0000000000,0.0072990328,0.0264594725,0.0237496246,0.0296191922,0.0224585583
2023-05-19,IS,-0.0022533875,0.0000000000,-0.0022536078,-0.0010417100,-0.0004090419,0.0035802666,-0.0013071034,-0.0004957839,-0.0022533875,-0.0027744047
2023-05-22,IS,0.0033579983,-0.0020330700,0.0033583273,-0.0027397800,0.0003306892,0.0020843196,-0.0009394446,-0.0028802422,0.0013247250,0.0009714992
2023-05-23,IS,-0.0126762232,0.0002497600,0.0004858096,0.0063319300,-0.0004559246,0.0003631685,-0.0019962857,-0.0023444236,-0.0124264882,-0.0028050199
2023-05-24,IS,-0.0051295896,-0.0036419200,0.0029630718,-0.0012114400,0.0000570111,0.0050195062,-0.0050717835,-0.0076111819,-0.0087718738,-0.0035103435
2023-05-25,IS,0.0243328810,0.0000000000,-0.0000411245,-0.0020895100,-0.0000896935,0.0091099402,0.0048503734,0.0053528163,0.0243328810,0.0110999045
2023-05-26,IS,0.0255504533,0.0151290200,0.0255530085,0.0014138200,-0.0002543136,-0.0017600199,0.0363028187,0.0325506013,0.0406779604,0.0338223238
2023-05-30,IS,0.0045350172,0.0000000000,0.0045354594,-0.0036632700,-0.0004198264,-0.0000079074,0.0026303675,0.0009976260,0.0045350172,0.0027034201
2023-05-31,IS,-0.0056860392,0.0000000000,-0.0050145618,0.0014367400,-0.0003972865,-0.0012948786,-0.0030428691,-0.0012510262,-0.0056860392,-0.0046320023
2023-06-01,IS,0.0115520561,0.0060316000,-0.0000573858,0.0016261500,-0.0006234946,-0.0143746547,0.0108530480,0.0132776624,0.0175830529,0.0095756297
2023-06-02,IS,0.0074997869,0.0000000000,0.0075005370,-0.0001445400,-0.0006164810,-0.0025362001,0.0043499787,0.0016498244,0.0074997869,0.0074278847
2023-06-05,IS,0.0007049203,-0.0010408300,0.0007049903,0.0006942500,-0.0003502378,0.0075341433,-0.0010692011,-0.0016976478,-0.0003360138,0.0005316480
2023-06-06,IS,-0.0001690617,0.0000000000,-0.0038193644,-0.0030951300,-0.0008619890,-0.0035330552,-0.0014852858,-0.0000371965,-0.0001690617,-0.0035419606
2023-06-07,IS,-0.0169653929,0.0095795700,0.0104800596,0.0060541600,-0.0001921933,-0.0003319834,0.0141915692,0.0133185819,-0.0073867809,0.0045728261
2023-06-08,IS,0.0124132791,0.0060256900,-0.0090814027,-0.0054283500,-0.0006214885,-0.0025763693,0.0075874726,0.0134566266,0.0184383665,0.0019635335
2023-06-09,IS,0.0038227382,-0.0045713400,-0.0056298279,-0.0049470100,-0.0001978343,0.0043252668,-0.0078664085,-0.0072962274,-0.0007490589,-0.0056631958
2023-06-12,IS,0.0168970381,0.0032806900,0.0073336976,0.0063157200,-0.0004038284,0.0036341995,0.0108245384,0.0095568151,0.0201774000,0.0169130930
2023-06-13,IS,0.0076839857,0.0000000000,0.0076847485,-0.0040077000,-0.0006148694,0.0032912753,0.0044568144,0.0016903450,0.0076839857,0.0056803167
2023-06-14,IS,0.0072675219,-0.0017584400,-0.0034309524,-0.0014281200,0.0002122827,0.0059133022,-0.0023474758,-0.0015313620,0.0055089061,0.0003244698
2023-06-15,IS,0.0119158240,0.0041412800,0.0087828338,0.0050970700,0.0000519510,-0.0170255044,0.0116011459,0.0099929174,0.0160566899,0.0149680420
2023-06-16,IS,-0.0062928753,0.0000000000,-0.0039351494,0.0016651900,0.0006495234,-0.0067357523,-0.0027540475,-0.0013845406,-0.0062928753,-0.0042815352
2023-06-20,IS,-0.0027994455,-0.0007078900,0.0000000000,0.0001968300,0.0009069798,-0.0008598905,-0.0015651771,-0.0018759425,-0.0035074063,-0.0016553927
2023-06-21,IS,-0.0136276915,0.0020666400,0.0048080935,-0.0031966800,-0.0000791134,-0.0045119018,0.0020357474,0.0006802123,-0.0115612582,-0.0049757408
2023-06-22,IS,0.0117988395,0.0001310600,-0.0091029361,0.0020257900,-0.0002034710,0.0171262693,-0.0009138081,0.0028288342,0.0119298864,0.0024253316
2023-06-23,IS,-0.0098588088,0.0000000000,0.0000000000,-0.0036528800,0.0000640779,0.0047202781,-0.0019719944,-0.0021691071,-0.0098588088,-0.0067563373
2023-06-26,IS,-0.0134046778,-0.0000665000,0.0050729892,-0.0066312800,-0.0005022546,0.0016804337,-0.0008481058,-0.0030676265,-0.0134711845,-0.0075156582
2023-06-27,IS,0.0171372659,0.0051607400,-0.0116944538,0.0043319800,0.0000000000,0.0036142981,0.0063109108,0.0129562237,0.0222974898,0.0074663245
2023-06-28,IS,0.0019514608,-0.0023065300,-0.0063801559,-0.0053089700,-0.0000311757,-0.0061120409,-0.0053096256,-0.0036764258,-0.0003552999,-0.0060225141
2023-06-29,IS,-0.0020025237,0.0000000000,0.0000000000,-0.0031431200,-0.0003090009,0.0052607003,-0.0004005520,-0.0004405896,-0.0020025237,-0.0025729790
2023-06-30,IS,0.0154201369,-0.0012558400,0.0019479297,-0.0009966000,0.0000000000,-0.0082929628,0.0020406767,0.0011567211,0.0141641713,0.0075571397
2023-07-03,IS,0.0023550430,0.0000000000,0.0023552781,0.0000047000,0.0000000000,0.0037884631,0.0013659569,0.0005180690,0.0023550430,0.0023575103
2023-07-05,IS,0.0000000000,0.0000000000,0.0000000000,-0.0014460700,0.0000000000,0.0002476512,0.0000000000,0.0000000000,0.0000000000,-0.0007231073
2023-07-06,IS,-0.0076426585,0.0000000000,-0.0163389220,0.0022747400,0.0002372485,0.0030855365,-0.0077376508,-0.0016815160,-0.0076426585,-0.0108538551
2023-07-07,IS,-0.0032384477,-0.0004771400,0.0000000000,0.0067402100,0.0000000000,-0.0051569930,-0.0013253170,-0.0015618046,-0.0037156354,0.0015119980
2023-07-10,IS,0.0002457204,0.0000000000,-0.0055424792,-0.0030249300,-0.0001287883,-0.0021399487,-0.0020571765,0.0000540543,0.0002457204,-0.0041611338
2023-07-11,IS,0.0049404957,0.0000000000,0.0000000000,-0.0031532500,-0.0004839941,0.0001911385,0.0009879825,0.0010868243,0.0049404957,0.0008933758
2023-07-12,IS,0.0126300350,0.0000000000,0.0012160368,-0.0056907900,-0.0003346689,-0.0120138778,0.0029878408,0.0027783910,0.0126300350,0.0040770702
2023-07-13,IS,0.0169787029,0.0029193700,0.0169803987,0.0016603600,-0.0001693930,-0.0079085125,0.0139936243,0.0089316162,0.0198977810,0.0192691868
2023-07-14,IS,-0.0002109983,-0.0037061200,0.0002164870,0.0016223000,-0.0003682403,0.0079763273,-0.0052229319,-0.0066434547,-0.0039174889,-0.0010392698
2023-07-17,IS,0.0093386446,0.0002098800,-0.0015354317,0.0012342000,-0.0002519404,-0.0004372058,0.0015820209,0.0024279362,0.0095485036,0.0046231027
2023-07-18,IS,0.0081806539,0.0038344600,0.0003842781,0.0060517700,-0.0005070186,-0.0019348965,0.0072268106,0.0086250729,0.0120147305,0.0092250867
2023-07-19,IS,-0.0002333178,0.0000000000,-0.0002333410,-0.0012553100,-0.0004635350,0.0001654683,-0.0001353388,-0.0000513339,-0.0002333178,-0.0008610472
2023-07-20,IS,-0.0230519901,0.0101363600,0.0003347306,0.0039572100,-0.0002947577,0.0073511587,0.0099094077,0.0129704905,-0.0129166437,-0.0043130141
2023-07-21,IS,-0.0029992568,0.0000000000,0.0029703844,-0.0017957900,-0.0003656748,-0.0027194284,0.0005287314,-0.0006598880,-0.0029992568,-0.0009126297
2023-07-24,IS,0.0015973165,0.0000000000,-0.0015725243,-0.0015164500,0.0000000000,0.0044827136,-0.0002781826,0.0003513822,0.0015973165,-0.0007459874
2023-07-25,IS,0.0067777689,-0.0016662900,-0.0051868378,-0.0006255200,-0.0000188396,0.0019904070,-0.0029818554,-0.0014750686,0.0051113123,-0.0003510377
2023-07-26,IS,-0.0032472675,-0.0043120600,-0.0040072917,-0.0035072200,-0.0000506159,-0.0031141029,-0.0082956135,-0.0083899788,-0.0075597587,-0.0075373106
2023-07-27,IS,-0.0024632499,0.0000000000,-0.0077941114,0.0093311200,-0.0003523508,0.0104975010,-0.0034545970,-0.0005419572,-0.0024632499,-0.0004635872
2023-07-28,IS,0.0182146461,0.0035955100,0.0000000000,-0.0046904100,0.0000000000,-0.0012488708,0.0087480317,0.0104070582,0.0218097965,0.0085589623
2023-07-31,IS,0.0005215396,0.0000000000,0.0000000000,-0.0005954200,0.0001127488,0.0001176282,0.0001042956,0.0001147298,0.0005215396,-0.0000369700
2023-08-01,IS,-0.0023196414,0.0000000000,0.0000000000,-0.0002476800,0.0000000000,-0.0041539559,-0.0004639830,-0.0005103609,-0.0023196414,-0.0012837767
2023-08-02,IS,-0.0219441469,0.0085373200,0.0090046238,-0.0031543900,-0.0004647990,-0.0064217630,0.0111551783,0.0103680064,-0.0134076806,-0.0037798440
2023-08-03,IS,-0.0016026069,0.0000000000,-0.0032462078,-0.0024741900,0.0002526179,0.0081660679,-0.0015541456,-0.0003526010,-0.0016026069,-0.0036616261
2023-08-04,IS,-0.0046817732,0.0000648000,-0.0082487656,0.0032949100,-0.0003098851,-0.0093649059,-0.0039790459,-0.0009147290,-0.0046169797,-0.0047855927
2023-08-07,IS,0.0084668315,0.0000000000,-0.0059159038,0.0014655100,0.0004536241,0.0056719583,-0.0005550613,0.0018625576,0.0084668315,0.0020074997
2023-08-08,IS,-0.0085023588,0.0003666600,-0.0004961425,0.0038986800,0.0000000000,-0.0107142990,-0.0013685245,-0.0012180244,-0.0081357355,-0.0023669810
2023-08-09,IS,-0.0109946237,0.0020681900,-0.0058173197,-0.0027140500,0.0000243047,-0.0066179197,-0.0014730320,0.0012622913,-0.0089266405,-0.0087291606
2023-08-10,IS,0.0018482781,-0.0060032300,0.0000000000,0.0017236000,-0.0004505205,0.0017985042,-0.0081554409,-0.0102793950,-0.0041555522,-0.0012158899
2023-08-11,IS,-0.0063756477,0.0000000000,-0.0021794572,-0.0007885100,0.0000872486,0.0042267806,-0.0021034116,-0.0014027519,-0.0063756477,-0.0046720173
2023-08-14,IS,0.0112221494,0.0023988800,-0.0032758729,0.0000000000,-0.0005925666,0.0028250775,0.0044055795,0.0067387806,0.0136207895,0.0051718533
2023-08-15,IS,-0.0105035777,-0.0038621100,-0.0056353138,0.0020495000,-0.0003413772,-0.0066162136,-0.0097265020,-0.0091853719,-0.0143660739,-0.0089759942
2023-08-16,IS,-0.0106969383,0.0014522600,0.0066941483,-0.0066862100,-0.0004177788,-0.0019893093,0.0024661740,0.0002314559,-0.0092448235,-0.0046192396
2023-08-17,IS,-0.0109229326,0.0056774600,0.0107765806,0.0008016100,0.0000000000,-0.0028902852,0.0099720588,0.0077024239,-0.0052460403,0.0031652740
2023-08-18,IS,-0.0013107256,0.0000000000,0.0004689068,0.0004450200,0.0005582111,0.0000511756,-0.0000840061,-0.0002883821,-0.0013107256,-0.0001984884
2023-08-21,IS,0.0161682165,-0.0003122400,0.0017445613,0.0033077100,0.0000000000,0.0081234782,0.0034528766,0.0030009308,0.0158559453,0.0104534027
2023-08-22,IS,-0.0014289640,0.0000000000,-0.0014291066,-0.0060338300,-0.0003597023,-0.0019998295,-0.0008288881,-0.0003143966,-0.0014289640,-0.0044462520
2023-08-23,IS,0.0157686169,0.0066467000,0.0157701932,-0.0010561600,-0.0002433340,-0.0028196405,0.0185845475,0.0153002114,0.0224146522,0.0185643955
2023-08-24,IS,-0.0213757416,0.0136953300,0.0009687820,0.0054584300,-0.0004026913,-0.0065273800,0.0155390654,0.0196741211,-0.0076817811,-0.0006277170
2023-08-25,IS,0.0077515088,-0.0070041800,-0.0193988191,0.0038844400,0.0000331761,0.0016293646,-0.0157677935,-0.0107625158,0.0007466284,-0.0073848827
2023-08-28,IS,0.0075270590,0.0000000000,0.0000000000,-0.0042109100,-0.0002838951,0.0009692336,0.0015052342,0.0016558238,0.0075270590,0.0016576981
2023-08-29,IS,0.0218126295,0.0167326000,0.0188510318,0.0022274900,-0.0005442366,0.0014687280,0.0352853160,0.0345825255,0.0385435562,0.0298109276
2023-08-30,IS,0.0056035863,0.0000000000,0.0056041363,-0.0002315300,0.0000000000,0.0022129187,0.0032501525,0.0012326928,0.0056035863,0.0054880847
2023-08-31,IS,0.0029984610,0.0007530800,0.0029987536,-0.0035398800,0.0000974832,-0.0066454746,0.0028085811,0.0020001219,0.0037514657,0.0016050680
2023-09-01,IS,-0.0010582291,0.0000000000,-0.0046503824,-0.0021106800,0.0000191271,0.0029964097,-0.0019789111,-0.0002328286,-0.0010582291,-0.0039098254
2023-09-05,IS,0.0012712201,0.0000000000,0.0000000000,-0.0011649400,0.0000579653,0.0077907917,0.0002542140,0.0002796466,0.0012712201,0.0000530765
2023-09-06,IS,-0.0086227418,0.0008413100,-0.0005270653,-0.0017941900,-0.0000359871,0.0049145844,-0.0007303385,-0.0003996523,-0.0077815159,-0.0050517483
2023-09-07,IS,-0.0073370508,0.0000000000,0.0073440550,-0.0007778000,0.0000000000,-0.0012925498,0.0013229287,-0.0016142771,-0.0073370508,-0.0003861320
2023-09-08,IS,0.0013976240,-0.0053000000,-0.0050831949,-0.0005557500,0.0000212761,0.0029694373,-0.0091784564,-0.0091267543,-0.0039029060,-0.0047709845
2023-09-11,IS,0.0117290246,0.0000000000,0.0003511917,0.0017615200,-0.0002916097,-0.0000281922,0.0024789919,0.0025801841,0.0117290246,0.0069202993
2023-09-12,IS,-0.0110359464,0.0000000000,-0.0056445117,-0.0000914300,0.0002096129,-0.0028269135,-0.0043522865,-0.0024280976,-0.0110359464,-0.0083862136
2023-09-13,IS,0.0038091151,0.0000000000,0.0000000000,-0.0044400500,0.0000000000,-0.0041753283,0.0007617331,0.0008379400,0.0038091151,-0.0003156895
2023-09-14,IS,0.0081505037,0.0000000000,0.0010942358,-0.0011800700,-0.0004950076,0.0039586768,0.0020457521,0.0017929710,0.0081505037,0.0040319819
2023-09-15,IS,-0.0170969623,0.0074007000,-0.0066810238,-0.0007968600,0.0002474339,0.0059186482,0.0045499527,0.0094113311,-0.0096970024,-0.0085875938
2023-09-18,IS,-0.0003775518,0.0000000000,-0.0019005633,-0.0017143500,0.0000508193,-0.0010920285,-0.0007977747,-0.0000830679,-0.0003775518,-0.0019963183
2023-09-19,IS,-0.0021582540,-0.0020260100,-0.0047098500,0.0038514200,0.0000000000,0.0045705647,-0.0050984016,-0.0040811560,-0.0041844666,-0.0025214746
2023-09-20,IS,-0.0144104685,0.0065030000,0.0020077989,0.0057257100,-0.0001956655,0.0009838543,0.0071145053,0.0084045350,-0.0079081188,-0.0000878007
2023-09-21,IS,-0.0183244637,-0.0007010100,0.0182491987,-0.0007539500,0.0000000000,0.0074831225,0.0022733495,-0.0052794668,-0.0190255438,-0.0007669412
2023-09-22,IS,0.0001397194,-0.0023860000,-0.0095677876,0.0023262600,-0.0002973211,-0.0030828341,-0.0069961759,-0.0042164376,-0.0022465192,-0.0047443895
2023-09-25,IS,0.0047497974,0.0000000000,0.0000000000,-0.0070146200,0.0000789264,0.0076874734,0.0009498474,0.0010448739,0.0047497974,-0.0011327620
2023-09-26,IS,-0.0150162676,-0.0009133400,0.0041449117,-0.0005494400,-0.0003414224,0.0022636914,-0.0027256368,-0.0049295460,-0.0159296989,-0.0061680260
2023-09-27,IS,0.0023432427,-0.0040912300,-0.0118671100,-0.0080938000,-0.0002816548,0.0036494665,-0.0098507204,-0.0067670764,-0.0017483964,-0.0108551592
2023-09-28,IS,0.0083652546,0.0017310400,0.0018310422,-0.0029495700,-0.0001788244,-0.0039745601,0.0048267391,0.0049215315,0.0100961215,0.0044885567
2023-09-29,IS,0.0007262367,0.0000000000,-0.0023485501,0.0038467300,0.0003645470,-0.0015209738,-0.0007472920,0.0001597596,0.0007262367,0.0011120160
2023-10-02,IS,0.0084573087,-0.0074956800,0.0000000000,-0.0039246600,-0.0000574136,0.0184445375,-0.0089530922,-0.0114821411,0.0009608791,-0.0014820867
2023-10-03,IS,-0.0176584556,0.0036731400,0.0037731406,-0.0005629200,-0.0002333286,0.0182922308,0.0031175207,0.0026528821,-0.0139856829,-0.0053886191
2023-10-04,IS,0.0136087006,-0.0056046000,-0.0061113978,-0.0064898700,-0.0000192843,-0.0100565462,-0.0075596014,-0.0069827269,0.0080035401,-0.0022995696
2023-10-05,IS,-0.0029464906,0.0008334900,0.0000000000,0.0025336400,0.0000000000,-0.0023804146,0.0005941643,0.0008353011,-0.0021130839,0.0002101513
2023-10-06,IS,0.0168390532,0.0041508200,0.0071075555,0.0056423800,-0.0004989161,0.0028082905,0.0119625641,0.0110929249,0.0209894581,0.0168694147
2023-10-09,IS,0.0050174101,0.0000000000,0.0050179083,0.0047290000,0.0001728372,-0.0173811574,0.0029101649,0.0011037441,0.0050174101,0.0073819228
2023-10-10,IS,0.0055379747,-0.0002541900,0.0055385218,-0.0069170900,0.0001902695,-0.0001788202,0.0028511276,0.0007657912,0.0052837593,0.0019522497
2023-10-11,IS,0.0071352994,0.0000000000,0.0071360005,0.0005519600,-0.0005429350,-0.0052731565,0.0041385662,0.0015696434,0.0071352994,0.0074116024
2023-10-12,IS,-0.0034750283,0.0000000000,-0.0110685892,-0.0016847200,-0.0004297394,0.0225564695,-0.0049013324,-0.0007645659,-0.0034750283,-0.0081145484
2023-10-13,IS,-0.0125699457,0.0049474800,0.0050474794,-0.0023177300,0.0002586109,-0.0125098908,0.0064290421,0.0060407169,-0.0076229604,-0.0024472390
2023-10-16,IS,0.0113063951,0.0006431500,-0.0117254309,-0.0000383600,-0.0006783247,0.0061743280,-0.0012817604,0.0036320451,0.0119494808,0.0000917255
2023-10-17,IS,-0.0032754934,-0.0069782700,0.0000000000,-0.0053615300,0.0001782277,0.0152497322,-0.0105647893,-0.0131421462,-0.0102544612,-0.0078082637
2023-10-18,IS,-0.0131178707,0.0000000000,-0.0001550433,0.0033083300,0.0013187267,0.0069931699,-0.0026827953,-0.0028861567,-0.0131178707,-0.0049829401
2023-10-19,IS,-0.0093568539,-0.0004637900,0.0093588200,0.0041060000,0.0006261089,0.0039746174,0.0010258747,-0.0028841965,-0.0098206903,0.0018211523
2023-10-20,IS,-0.0149179098,0.0021605100,0.0146443763,-0.0058337100,-0.0004752578,-0.0072124777,0.0056484521,0.0005634270,-0.0127576159,-0.0019748449
2023-10-23,IS,0.0030174845,-0.0002838900,-0.0125137777,-0.0034002900,-0.0004364639,-0.0116282395,-0.0045553163,0.0001584595,0.0027335661,-0.0065910132
2023-10-24,IS,0.0097281188,0.0011103600,0.0000000000,-0.0009669600,0.0003362329,-0.0009145045,0.0035220770,0.0041165035,0.0108383678,0.0049352730
2023-10-25,IS,-0.0245315067,0.0116748800,0.0069013322,0.0061911900,0.0000975877,0.0145576840,0.0142934770,0.0153834768,-0.0128577942,0.0001163761
2023-10-26,IS,-0.0190111898,-0.0014350000,0.0187486951,-0.0087724700,-0.0005470659,-0.0125047437,0.0012834966,-0.0067370318,-0.0204463333,-0.0052368703
2023-10-27,IS,0.0048012571,0.0000000000,-0.0123376554,0.0010947200,0.0010391465,0.0014516149,-0.0037285554,0.0010561942,0.0048012571,-0.0032216961
2023-10-30,IS,0.0112652399,-0.0077018200,0.0000000000,0.0002983200,-0.0002768608,0.0021711109,-0.0086842654,-0.0112313817,0.0035626497,0.0019303067
2023-10-31,IS,0.0047823597,-0.0041446000,0.0005274062,0.0010003500,-0.0003805163,-0.0014600757,-0.0047288356,-0.0063255132,0.0006373452,0.0010825452
2023-11-01,IS,0.0173568558,0.0021011400,0.0173585906,-0.0046956600,0.0003396157,-0.0200572051,0.0130510046,0.0075583219,0.0194577857,0.0160603335
2023-11-02,IS,0.0181532945,0.0000000000,0.0181550779,0.0013435800,0.0002497636,-0.0174404765,0.0105291463,0.0039934133,0.0181532945,0.0188259090
2023-11-03,IS,0.0117488444,-0.0016572800,0.0117499780,-0.0001669900,-0.0002884603,-0.0191246803,0.0044610002,-0.0003654791,0.0100913987,0.0108371850
2023-11-06,IS,0.0041064970,0.0000000000,-0.0012626051,-0.0008446400,0.0002193790,0.0129417783,0.0003413732,0.0009033589,0.0041064970,0.0009993575
2023-11-07,IS,0.0094252749,0.0010504300,0.0071428517,0.0000000000,-0.0003316638,-0.0010503582,0.0060908426,0.0039432053,0.0104755999,0.0088091642
2023-11-08,IS,0.0006439496,0.0000000000,-0.0043125103,-0.0010155700,0.0004437616,0.0002872971,-0.0015101136,0.0001416579,0.0006439496,-0.0023423132
2023-11-09,IS,-0.0076687939,0.0000701400,-0.0078611038,-0.0000510200,-0.0004071780,0.0241923821,-0.0044215751,-0.0015624198,-0.0075986609,-0.0077553985
2023-11-10,IS,0.0224546044,0.0073340400,-0.0004999319,0.0072261000,0.0000705394,-0.0135640219,0.0147145506,0.0179945060,0.0297879110,0.0182562585
2023-11-13,IS,-0.0031184756,0.0000000000,-0.0031187851,-0.0020083400,0.0000000000,-0.0038017789,-0.0018089094,-0.0006861181,-0.0031184756,-0.0041229008
2023-11-14,IS,0.0215264707,0.0003196300,0.0215286134,-0.0004639100,-0.0000979941,-0.0405041715,0.0129395437,0.0053044081,0.0218460687,0.0214553948
2023-11-15,IS,0.0007526017,0.0000000000,-0.0022799538,-0.0016841600,0.0000636229,0.0130532621,-0.0007159509,0.0001655595,0.0007526017,-0.0016059077
2023-11-16,IS,0.0008557647,0.0000000000,-0.0052540335,0.0000000000,0.0000000000,0.0078912696,-0.0018255637,0.0001882535,0.0008557647,-0.0021994399
2023-11-17,IS,0.0002331908,0.0000000000,-0.0020132323,-0.0013076100,0.0000000000,-0.0027858673,-0.0007184583,0.0000512980,0.0002331908,-0.0015439381
2023-11-20,IS,0.0121749042,0.0029191800,0.0121761241,0.0031182500,0.0000312583,-0.0087098483,0.0112070874,0.0078745247,0.0150937923,0.0151939273
2023-11-21,IS,-0.0058094897,-0.0023449800,-0.0097995445,0.0004878700,0.0002935913,0.0068107571,-0.0082157048,-0.0054521600,-0.0081547042,-0.0087332716
2023-11-22,IS,0.0041444642,0.0000000000,-0.0049149466,-0.0004061700,-0.0006521785,-0.0002204170,-0.0010390378,0.0009117110,0.0041444642,-0.0005887792
2023-11-24,IS,-0.0014612387,0.0000000000,0.0000000000,0.0007056900,0.0000000000,0.0117537468,-0.0002922822,-0.0003214976,-0.0014612387,-0.0003778474
2023-11-27,IS,-0.0008728916,0.0000000000,0.0000000000,-0.0014567100,0.0000000000,-0.0061260089,-0.0001745989,-0.0001920511,-0.0008728916,-0.0011648736
2023-11-28,IS,0.0026209626,0.0000000000,0.0000000000,-0.0047102200,0.0001410468,-0.0065547772,0.0005241307,0.0005765668,0.0026209626,-0.0010448642
2023-11-29,IS,-0.0009738845,-0.0054560700,-0.0047962490,0.0007604500,0.0000000000,-0.0110433751,-0.0097653356,-0.0099262561,-0.0064305001,-0.0052331115
2023-11-30,IS,-0.0023857777,-0.0005344100,-0.0046463939,0.0018676500,0.0001741786,0.0053229240,-0.0030017222,-0.0014761409,-0.0029202411,-0.0028495788
2023-12-01,IS,0.0027257766,-0.0023935000,0.0028319873,0.0027894100,0.0003828108,0.0125871753,-0.0017777247,-0.0036608997,0.0003320373,0.0029768172
2023-12-04,IS,-0.0092834795,-0.0048424300,-0.0024871303,0.0004443000,-0.0001478233,-0.0211569545,-0.0096783372,-0.0106619212,-0.0141263937,-0.0080847097
2023-12-05,IS,0.0024591013,-0.0048615800,0.0049202836,0.0013150400,0.0001241233,-0.0063911298,-0.0045424152,-0.0081128427,-0.0024029649,0.0019162451
2023-12-06,IS,-0.0057324347,0.0004747800,0.0000000000,0.0039368300,-0.0003199918,-0.0034691506,-0.0004724225,-0.0004161442,-0.0052577022,-0.0006606990
2023-12-07,IS,0.0139722114,-0.0014791100,-0.0011745810,0.0003365700,0.0000000000,0.0130586726,0.0002474368,0.0004407730,0.0124929535,0.0058267879
2023-12-08,IS,0.0042517225,-0.0035361100,0.0042521481,0.0000003000,0.0000000000,0.0008299987,-0.0025555102,-0.0053591083,0.0007152589,0.0024838535
2023-12-11,IS,0.0087479915,-0.0001461500,0.0087488637,0.0009094000,-0.0002566562,-0.0017983346,0.0048664084,0.0016642553,0.0086018269,0.0091300144
2023-12-12,IS,0.0079641990,0.0013084600,0.0079649861,0.0019661500,0.0001014465,0.0080390235,0.0064774615,0.0040810972,0.0092725282,0.0096017338
2023-12-13,IS,0.0127172850,0.0002956100,0.0127185319,-0.0009067000,0.0004585771,-0.0019629500,0.0077959799,0.0033237818,0.0130128654,0.0124123329
2023-12-14,IS,-0.0008668945,-0.0036139900,-0.0061682521,-0.0027299200,-0.0002269947,-0.0043363957,-0.0076493724,-0.0066237456,-0.0044812459,-0.0066898455
2023-12-15,IS,0.0048340316,-0.0014339400,0.0000000000,-0.0017533300,0.0005366991,-0.0050732751,-0.0010695472,-0.0014890654,0.0033999482,0.0008231391
2023-12-18,IS,0.0042926926,0.0000000000,0.0006867047,-0.0003136000,0.0000000000,0.0065063415,0.0011194064,0.0009443187,0.0042926926,0.0023327184
2023-12-19,IS,0.0050849956,0.0000000000,0.0050855037,0.0002083900,0.0000000000,0.0055568496,0.0029493666,0.0011186118,0.0050849956,0.0051894342
2023-12-20,IS,-0.0148356349,0.0042334700,0.0002073463,0.0079408200,0.0000000000,-0.0151994188,0.0031227220,0.0042713166,-0.0106025882,-0.0012277514
2023-12-21,IS,0.0117098343,0.0000000000,-0.0103551879,-0.0013487800,0.0000000000,0.0093582023,-0.0015936036,0.0025759626,0.0117098343,0.0000018299
2023-12-22,IS,0.0014222658,0.0000000000,0.0000000000,-0.0050048700,-0.0002126130,0.0022319889,0.0002844196,0.0003128741,0.0014222658,-0.0017915523
2023-12-26,IS,0.0061217494,0.0000000000,0.0019974587,-0.0003112100,0.0000000000,-0.0000641235,0.0019833009,0.0013466798,0.0061217494,0.0039037928
2023-12-27,IS,0.0014359424,0.0000000000,0.0014360857,-0.0027977100,0.0000000000,0.0042598446,0.0008328661,0.0003158827,0.0014359424,0.0000370192
2023-12-28,IS,-0.0004131528,0.0000000000,-0.0004131940,-0.0003928700,0.0000000000,-0.0000711425,-0.0002396543,-0.0000909007,-0.0004131528,-0.0006096280
2023-12-29,IS,-0.0043763676,-0.0004564000,-0.0025824500,-0.0021506400,0.0000000000,-0.0039033171,-0.0025047329,-0.0017752501,-0.0048328132,-0.0047830592
2024-01-02,IS,-0.0168742369,-0.0003380500,0.0168421973,-0.0028052900,0.0002213173,-0.0094240439,0.0025442249,-0.0043143374,-0.0172123207,-0.0015893756
2024-01-03,IS,-0.0105814849,-0.0012028800,0.0102111990,-0.0006304700,-0.0005786447,-0.0207578005,0.0000552704,-0.0044691876,-0.0117844852,-0.0011028576
2024-01-04,IS,-0.0051464866,0.0000000000,0.0048641709,0.0026139100,0.0000000000,-0.0041346179,0.0008188146,-0.0011323154,-0.0051464866,0.0011652966
2024-01-05,IS,0.0011860301,-0.0013791300,-0.0091122002,-0.0002793800,-0.0003086029,-0.0043756695,-0.0051840713,-0.0021939991,-0.0001932378,-0.0047928550
2024-01-08,IS,0.0206679269,0.0101164800,0.0029000816,0.0061345700,0.0000000000,0.0225911949,0.0196003620,0.0225542368,0.0307833953,0.0199086409
2024-01-09,IS,0.0019755525,0.0000000000,0.0019757481,-0.0014681900,0.0000077523,-0.0030140997,0.0011458467,0.0004345876,0.0019755525,0.0012414819
2024-01-10,IS,0.0067775724,0.0001264900,0.0067782420,0.0008470000,0.0000498928,0.0057963516,0.0041107075,0.0017161068,0.0069040498,0.0072646035
2024-01-11,IS,0.0020807834,-0.0020441100,-0.0055888612,-0.0031799500,0.0005069858,-0.0000083201,-0.0046104178,-0.0031808592,0.0000364690,-0.0043664524
2024-01-12,IS,0.0005130084,0.0000000000,0.0000000000,-0.0009515100,-0.0003148164,0.0064149300,0.0001025896,0.0001128530,0.0005130084,-0.0002192984
2024-01-16,IS,-0.0000976658,0.0000000000,0.0000000000,-0.0019548100,-0.0006821295,-0.0104666108,-0.0000195355,-0.0000214882,-0.0000976658,-0.0010263356
2024-01-17,IS,-0.0056407501,-0.0028032000,-0.0057691478,-0.0031404700,0.0005791707,-0.0142311302,-0.0073010616,-0.0062306740,-0.0084442304,-0.0086770811
2024-01-18,IS,0.0141941504,-0.0003032700,0.0041065846,-0.0039803500,-0.0004709973,0.0076345786,0.0039684791,0.0025826370,0.0138908501,0.0070080531
2024-01-19,IS,0.0198309886,0.0085660500,0.0198329636,0.0082719800,-0.0004240172,0.0146819458,0.0236662925,0.0196103816,0.0283961820,0.0282501492
2024-01-22,IS,0.0013058550,0.0000000000,0.0013059825,-0.0024183100,-0.0001777743,-0.0004831059,0.0007574125,0.0002872657,0.0013058550,0.0000966428
2024-01-23,IS,0.0041495744,0.0000000000,0.0041499791,0.0020168500,0.0000000000,0.0015029998,0.0024068058,0.0009128352,0.0041495744,0.0051581009
2024-01-24,IS,0.0055492585,-0.0016196900,0.0050241844,0.0008551300,0.0000000000,-0.0079406856,0.0007188218,-0.0016623700,0.0039294065,0.0049044032
2024-01-25,IS,0.0012211446,0.0000000000,0.0000000000,-0.0021753300,0.0000733257,0.0012666728,0.0002442001,0.0002686309,0.0012211446,-0.0004772015
2024-01-26,IS,-0.0059575466,0.0000000000,0.0000000000,-0.0030411300,-0.0004820586,-0.0052175127,-0.0011916499,-0.0013107625,-0.0059575466,-0.0044996362
2024-01-29,IS,0.0102404379,0.0000336200,0.0019830408,0.0069302700,0.0002654793,0.0175767665,0.0028492027,0.0023125655,0.0102740545,0.0095932715
2024-01-30,IS,-0.0066565456,-0.0016938100,-0.0067098416,-0.0008608700,0.0000000000,-0.0059453330,-0.0062862826,-0.0044794697,-0.0083505250,-0.0079606613
2024-01-31,IS,-0.0195861745,0.0037437300,-0.0060484684,-0.0074293800,-0.0005435871,-0.0024295171,-0.0009001257,0.0023543983,-0.0158428189,-0.0146608233
2024-02-01,IS,0.0117754275,-0.0030314900,-0.0075791375,0.0034628400,0.0005083620,0.0048477818,-0.0048301391,-0.0028057789,0.0087436344,0.0023128523
2024-02-02,IS,0.0172797952,0.0077145100,0.0078145139,0.0008378300,0.0004150006,0.0189639711,0.0173797130,0.0175333772,0.0249935337,0.0168228513
2024-02-05,IS,-0.0016776569,-0.0020981100,-0.0039213365,0.0006739400,-0.0006087083,0.0052349622,-0.0048050516,-0.0041037737,-0.0037759767,-0.0035116939
2024-02-06,IS,-0.0020072354,-0.0044540300,0.0000000000,-0.0018534500,-0.0001493831,-0.0050057247,-0.0067265197,-0.0083699052,-0.0064617108,-0.0041576731
2024-02-07,IS,0.0103136182,-0.0044673400,0.0017320540,-0.0035206000,-0.0005005152,0.0074465473,-0.0036232008,-0.0056832211,0.0058458315,0.0020284370
2024-02-08,IS,0.0018287037,0.0000000000,0.0018288863,0.0000000000,0.0002273183,0.0003367082,0.0010606730,0.0004022834,0.0018287037,0.0018287950
2024-02-09,IS,0.0098431110,0.0051482100,0.0098440918,-0.0000298300,0.0000000000,0.0092832113,0.0130196511,0.0113292655,0.0149908062,0.0124025355
2024-02-12,IS,-0.0039125958,-0.0025995500,-0.0016790033,0.0013052200,-0.0002728211,-0.0001438747,-0.0051120559,-0.0054880047,-0.0065124058,-0.0034430762
2024-02-13,IS,-0.0156429457,0.0000000000,-0.0115698137,0.0001410400,-0.0005273854,-0.0004849571,-0.0075254344,-0.0034417165,-0.0156429457,-0.0135360634
2024-02-14,IS,0.0108977201,0.0000000000,-0.0065458352,0.0023462900,-0.0000846074,0.0068537270,-0.0003083345,0.0023973114,0.0108977201,0.0033482153
2024-02-15,IS,0.0030240074,-0.0004082500,-0.0005830696,0.0016588100,0.0000120541,0.0007733258,-0.0001965591,-0.0000614713,0.0026157166,0.0018455685
2024-02-16,IS,-0.0090676854,0.0001075000,-0.0077638156,-0.0009733800,0.0001842171,-0.0071534312,-0.0046113459,-0.0018037006,-0.0089601962,-0.0088487557
2024-02-20,IS,-0.0075481339,-0.0048235800,-0.0018112450,0.0010819700,-0.0000576989,-0.0072931093,-0.0090476884,-0.0102466212,-0.0123721963,-0.0065507813
2024-02-21,IS,-0.0040016849,-0.0007679900,0.0010517092,-0.0052339700,0.0002322486,0.0015910146,-0.0014913801,-0.0022474315,-0.0047697517,-0.0044762679
2024-02-22,IS,0.0292756279,0.0028452900,-0.0135165146,0.0006643100,0.0004084526,0.0174077549,0.0047579770,0.0115048634,0.0321206334,0.0096322170
2024-02-23,IS,-0.0029447349,0.0000000000,-0.0042089390,-0.0014393900,0.0001987081,-0.0025493695,-0.0021884357,-0.0006478922,-0.0029447349,-0.0042966039
2024-02-26,IS,-0.0005265809,0.0000000000,0.0000000000,-0.0011346600,-0.0003131111,-0.0000255286,-0.0001053286,-0.0001158568,-0.0005265809,-0.0008306772
2024-02-27,IS,0.0024052228,0.0000000000,-0.0045404726,-0.0028758500,0.0000000000,0.0013301295,-0.0012445333,0.0005291077,0.0024052228,-0.0025058972
2024-02-28,IS,-0.0053244973,0.0000000000,-0.0043176258,-0.0011662000,0.0000000000,-0.0051710730,-0.0027057109,-0.0011714808,-0.0053244973,-0.0054042199
2024-02-29,IS,0.0087302134,0.0000000000,-0.0060713699,-0.0021252000,-0.0003202756,0.0042358662,-0.0005614731,0.0019204971,0.0087302134,0.0002660817
2024-03-01,IS,0.0148951192,0.0081499300,0.0108119782,0.0034286600,-0.0002811147,-0.0080015123,0.0186601026,0.0177837381,0.0230442342,0.0186422648
2024-03-04,IS,-0.0035681425,0.0000000000,-0.0035684955,-0.0042677200,0.0000000000,0.0003678839,-0.0020697437,-0.0007850526,-0.0035681425,-0.0057023924
2024-03-05,IS,-0.0179496419,0.0059311900,-0.0033927465,-0.0013136500,0.0003545146,-0.0249754849,0.0035424243,0.0066080567,-0.0120190450,-0.0083631520
2024-03-06,IS,0.0062836831,0.0000000000,-0.0096835094,-0.0067849800,-0.0003043062,-0.0062161973,-0.0024234470,0.0013823025,0.0062836831,-0.0050932015
2024-03-07,IS,0.0151781034,0.0029415000,0.0037083649,0.0005334900,0.0000000000,0.0023965270,0.0086214115,0.0085749075,0.0181193092,0.0111801557
2024-03-08,IS,-0.0144348412,-0.0020314500,-0.0059143528,-0.0040478000,0.0000373783,-0.0041859701,-0.0080192896,-0.0067918142,-0.0164664943,-0.0132146480
2024-03-11,IS,-0.0037128149,-0.0018296000,-0.0040018568,-0.0004201000,-0.0002306316,-0.0004819986,-0.0048613562,-0.0040735152,-0.0055425979,-0.0049822983
2024-03-12,IS,0.0143350328,-0.0021879800,-0.0043001383,-0.0023430000,0.0002159073,0.0215438528,-0.0018743940,-0.0007412289,0.0121468340,0.0027510255
2024-03-13,IS,-0.0076860659,-0.0018997300,-0.0055095577,-0.0038226200,0.0003034513,-0.0120505979,-0.0063285200,-0.0050725114,-0.0095859859,-0.0094592729
2024-03-14,IS,-0.0024304373,-0.0091512200,-0.0051805566,-0.0083660200,0.0000633642,0.0043833265,-0.0154500820,-0.0168241845,-0.0115825724,-0.0125649928
2024-03-15,IS,-0.0119768660,-0.0028654800,0.0121004019,-0.0042892100,-0.0001362699,-0.0108890538,-0.0018669350,-0.0077355582,-0.0148426325,-0.0035167809
2024-03-18,IS,0.0082042773,-0.0029675100,-0.0136240507,-0.0012265600,0.0001209456,0.0057366070,-0.0077506903,-0.0034774838,0.0052364705,-0.0048080131
2024-03-19,IS,0.0024915425,0.0000000000,0.0000000000,0.0062540000,0.0000379176,0.0104184886,0.0004982497,0.0005480966,0.0024915425,0.0043724585
2024-03-20,IS,0.0118567161,-0.0003351900,0.0071175946,0.0018445100,0.0000384782,0.0146653850,0.0045998186,0.0020116228,0.0115214926,0.0102415784
2024-03-21,IS,0.0047321811,0.0000000000,0.0054659324,-0.0024095800,0.0000814950,0.0115106689,0.0030233635,0.0010409986,0.0047321811,0.0038941463
2024-03-22,IS,0.0008074102,0.0000000000,0.0000000000,-0.0014256700,0.0000831892,-0.0050987345,0.0001614630,0.0001776164,0.0008074102,-0.0003092012
2024-03-25,IS,-0.0032942653,0.0000000000,0.0000000000,-0.0019952900,0.0000000000,-0.0026029086,-0.0006589308,-0.0007247949,-0.0032942653,-0.0026449424
2024-03-26,IS,-0.0032377012,0.0000000000,0.0000000000,0.0001748300,0.0000000000,-0.0069743260,-0.0006476166,-0.0007123498,-0.0032377012,-0.0015315975
2024-03-27,IS,0.0034061175,0.0000000000,0.0000000000,0.0008436200,-0.0004438287,0.0087496756,0.0006811431,0.0007492874,0.0034061175,0.0021246984
2024-03-28,IS,-0.0019333228,0.0000000000,0.0000000000,-0.0035157100,0.0000000000,-0.0023407111,-0.0003867102,-0.0004253642,-0.0019333228,-0.0027246922
2024-04-01,IS,0.0022073564,-0.0028843800,-0.0046281957,-0.0028955700,0.0000612762,0.0093270800,-0.0054132449,-0.0046487288,-0.0006773120,-0.0041007364
2024-04-02,IS,-0.0086301832,-0.0029829100,-0.0047338960,0.0015297800,-0.0003314518,-0.0029035980,-0.0077607817,-0.0072082514,-0.0116133915,-0.0074087994
2024-04-03,IS,0.0022443381,-0.0008771900,0.0000000000,0.0006384700,0.0000000000,-0.0006731965,-0.0007968333,-0.0010677167,0.0013670604,0.0010026968
2024-04-04,IS,-0.0152906582,0.0077755700,0.0012374997,0.0145396100,-0.0003616571,-0.0243219985,0.0084526786,0.0104760029,-0.0075158658,0.0041298950
2024-04-05,IS,0.0118298342,0.0039546000,-0.0127156712,-0.0022999800,-0.0003089124,0.0281164999,0.0031487673,0.0096417034,0.0157840387,0.0003831642
2024-04-08,IS,0.0002497219,0.0000000000,0.0000000000,-0.0002244600,-0.0002776259,-0.0003958148,0.0000499385,0.0000549345,0.0002497219,0.0000126185
2024-04-09,IS,0.0036995007,-0.0025930000,0.0000000000,-0.0045772300,-0.0006600876,-0.0059482977,-0.0029424045,-0.0038018149,0.0011062414,-0.0017357232
2024-04-10,IS,-0.0087284897,0.0000000000,0.0000000000,-0.0023918400,0.0000856562,0.0075999870,-0.0017459039,-0.0019204175,-0.0087284897,-0.0055606013
2024-04-11,IS,0.0159682460,0.0034507000,0.0046261858,0.0051237500,-0.0001112668,0.0147724926,0.0098512729,0.0096551212,0.0194186009,0.0145838738
2024-04-12,IS,-0.0159418012,-0.0026792100,-0.0108326542,-0.0000262500,0.0001744490,-0.0281611468,-0.0111093542,-0.0082763587,-0.0186212791,-0.0147402132
2024-04-15,IS,-0.0164510462,0.0038433400,0.0117741977,0.0135447100,-0.0003714036,0.0012318110,0.0066408718,0.0032214822,-0.0126080905,0.0063541895
2024-04-16,IS,0.0000927945,0.0000000000,-0.0000906256,0.0000000000,0.0000781526,0.0091055520,-0.0000158838,0.0000204132,0.0000927945,0.0000010753
2024-04-17,IS,-0.0122013454,0.0060540800,0.0119183468,-0.0075683500,-0.0005272050,-0.0211995417,0.0106849917,0.0080915200,-0.0061478708,-0.0008998403
2024-04-18,IS,-0.0057298516,0.0000000000,0.0054635463,0.0035085500,-0.0000885404,0.0071502087,0.0009298718,-0.0012606657,-0.0057298516,0.0016205627
2024-04-19,IS,-0.0206660368,0.0110314000,0.0194861719,0.0045295900,0.0001916773,-0.0067416214,0.0189353130,0.0150885773,-0.0096357399,0.0071885549
2024-04-22,IS,0.0100566743,0.0000000000,-0.0088073045,0.0023176500,0.0002017331,-0.0101894586,-0.0013359526,0.0022122958,0.0100566743,0.0017825667
2024-04-23,IS,0.0156033618,0.0064620900,0.0028592077,0.0000120800,-0.0007527295,0.0099987652,0.0133828948,0.0149352451,0.0220648056,0.0124677325
2024-04-24,IS,0.0027153789,0.0000000000,0.0027156497,-0.0070160800,0.0001182161,0.0022661571,0.0015749565,0.0005973368,0.0027153789,-0.0007928765
2024-04-25,IS,-0.0048298985,0.0000000000,-0.0160433551,0.0056930900,-0.0004831242,0.0121761203,-0.0070628406,-0.0010626606,-0.0048298985,-0.0075906425
2024-04-26,IS,0.0154317352,0.0002902700,0.0026453353,-0.0013682300,-0.0005334036,0.0019454627,0.0045034687,0.0039114089,0.0157219762,0.0084989159
2024-04-29,IS,0.0040603248,0.0000000000,-0.0001696155,-0.0032099100,0.0000686068,-0.0044606300,0.0007475100,0.0008932018,0.0040603248,0.0003401882
2024-04-30,IS,-0.0188561525,0.0002439400,0.0107100552,0.0094725700,0.0000000000,-0.0197356000,0.0006442128,-0.0037144735,-0.0186122369,0.0007837280
2024-05-01,IS,-0.0072422808,-0.0020874100,-0.0089963149,-0.0027808300,-0.0003131268,-0.0084788914,-0.0078312341,-0.0053089341,-0.0093298995,-0.0105536613
2024-05-02,IS,0.0127753461,0.0000000000,0.0000000000,0.0026678200,-0.0002562336,-0.0147085979,0.0025547677,0.0028103569,0.0127753461,0.0077209443
2024-05-03,IS,0.0200983837,0.0000000000,0.0015560861,-0.0005059200,0.0002174715,-0.0092389750,0.0046105636,0.0044212995,0.0200983837,0.0105733478
2024-05-06,IS,0.0109534307,0.0000000000,0.0109545243,0.0033769500,0.0000000000,0.0014045252,0.0063531385,0.0024095668,0.0109534307,0.0126422837
2024-05-07,IS,0.0001590006,0.0000000000,0.0001590163,-0.0024605000,0.0000000000,-0.0030919849,0.0000922224,0.0000349774,0.0001590006,-0.0010713646
2024-05-08,IS,-0.0005904797,0.0000000000,-0.0038699906,-0.0011811600,0.0000802465,0.0020449597,-0.0015887990,-0.0001299157,-0.0005904797,-0.0028209791
2024-05-09,IS,0.0021815207,0.0000000000,0.0000000000,0.0002540500,0.0000000000,-0.0011714065,0.0004362527,0.0004798971,0.0021815207,0.0012176763
2024-05-10,IS,0.0023581697,-0.0052698500,-0.0049105559,-0.0008003700,0.0000000000,0.0119663871,-0.0088779398,-0.0088617825,-0.0029122073,-0.0043116665
2024-05-13,IS,0.0023073791,0.0000000000,0.0000000000,-0.0001894300,0.0000000000,-0.0031075200,0.0004614214,0.0005075838,0.0023073791,0.0010588592
2024-05-14,IS,0.0064322470,-0.0022879400,-0.0017234696,-0.0009815500,-0.0001780633,0.0012480744,-0.0026175588,-0.0026576388,0.0041440782,0.0007192359
2024-05-15,IS,0.0156302559,0.0064457700,0.0156318161,0.0039451100,0.0000000000,-0.0094963754,0.0182189846,0.0149121111,0.0220753813,0.0208259565
2024-05-16,IS,-0.0020313535,-0.0003749500,-0.0012702441,0.0016349300,-0.0001276077,0.0014540062,-0.0014214104,-0.0011143289,-0.0024063410,-0.0010208718
2024-05-17,IS,-0.0004867472,-0.0027436000,-0.0031551287,-0.0017955800,0.0000000000,0.0151790974,-0.0051923819,-0.0049907915,-0.0032306216,-0.0040907549
2024-05-20,IS,0.0069727289,0.0006580500,-0.0007151277,-0.0001901200,0.0000000000,0.0012878809,0.0020570246,0.0027052355,0.0076307131,0.0033623812
2024-05-21,IS,0.0019564309,0.0000000000,-0.0032654715,-0.0002529600,0.0000000000,-0.0018774102,-0.0008497409,0.0004303812,0.0019564309,-0.0007812614
2024-05-22,IS,-0.0001974550,-0.0022077200,-0.0028748191,-0.0008174200,0.0003151779,-0.0050751229,-0.0042670189,-0.0039732648,-0.0024053958,-0.0030488583
2024-05-23,IS,-0.0044326436,0.0007028800,-0.0083280452,-0.0006942100,-0.0003773712,0.0033635041,-0.0030533243,0.0002758412,-0.0037298339,-0.0063762042
2024-05-24,IS,0.0093896714,0.0017956800,-0.0041724570,-0.0004072000,0.0001054499,-0.0012828856,0.0028418687,0.0052619473,0.0111851718,0.0033021691
2024-05-28,IS,0.0037340321,0.0000000000,0.0000000000,-0.0036382800,0.0000000000,0.0089114627,0.0007467183,0.0008214230,0.0037340321,0.0000476893
2024-05-29,IS,-0.0070051777,0.0000000000,0.0000000000,-0.0003256200,-0.0001287389,0.0070036905,-0.0014012009,-0.0015412593,-0.0070051777,-0.0036657491
2024-05-30,IS,-0.0107133468,0.0001275500,0.0070678283,0.0026572900,-0.0003349070,-0.0078986332,0.0007237566,-0.0021300861,-0.0105858096,-0.0004312283
2024-05-31,IS,0.0003543351,0.0070166100,0.0058623892,0.0099315400,-0.0002536709,-0.0080328726,0.0122616798,0.0125672508,0.0073702434,0.0115815897
2024-06-03,IS,0.0031436098,-0.0016904800,0.0000000000,-0.0017900700,-0.0003280889,0.0026804918,-0.0017719253,-0.0023175804,0.0014529608,-0.0001686441
2024-06-04,IS,0.0027365215,0.0000000000,0.0000000000,0.0001957800,-0.0002361774,-0.0050636363,0.0005472397,0.0006019878,0.0027365215,0.0014660139
2024-06-05,IS,0.0201597817,0.0057899700,0.0127039854,0.0053147100,0.0000000000,-0.0026178497,0.0170810003,0.0147411794,0.0259491727,0.0219836683
2024-06-06,IS,-0.0006040601,0.0000000000,-0.0006041198,-0.0008556900,0.0000387855,-0.0029037790,-0.0003503923,-0.0001329036,-0.0006040601,-0.0010319777
2024-06-07,IS,-0.0006475985,0.0000000000,-0.0006476625,-0.0026562100,0.0000000000,0.0044494338,-0.0003756472,-0.0001424828,-0.0006475985,-0.0019758683
2024-06-10,IS,0.0040609137,0.0000000000,0.0040613152,-0.0030558000,0.0000000000,-0.0027394794,0.0023553836,0.0008933313,0.0040609137,0.0025330617
2024-06-11,IS,0.0067766710,0.0000000000,0.0067773383,0.0038310900,-0.0003035747,0.0004379444,0.0039305577,0.0014907513,0.0067766710,0.0086923581
2024-06-12,IS,0.0131843241,0.0010754200,0.0131856136,-0.0026551300,0.0004603992,-0.0038184396,0.0091742618,0.0048146148,0.0142596366,0.0123950349
2024-06-13,IS,0.0054202257,0.0000000000,0.0054207489,-0.0018258800,0.0000000000,-0.0020658538,0.0031437977,0.0011923566,0.0054202257,0.0045074560
2024-06-14,IS,0.0051812385,-0.0008275900,0.0051817359,0.0008337000,0.0002102056,-0.0009271235,0.0018299352,-0.0003333590,0.0043535657,0.0051845419
2024-06-17,IS,0.0122498383,0.0052098900,0.0122510084,0.0070974400,0.0001640798,-0.0021016498,0.0145032640,0.0119685624,0.0174592073,0.0184034730
2024-06-18,IS,0.0003092401,0.0000000000,0.0003092693,-0.0000135200,0.0000000000,-0.0007417674,0.0001793628,0.0000680275,0.0003092401,0.0003024940
2024-06-20,IS,-0.0077080027,0.0010549900,-0.0065610927,0.0000705100,0.0000000000,-0.0005788442,-0.0025369863,0.0001819480,-0.0066531182,-0.0065718550
2024-06-21,IS,-0.0026792947,-0.0030981300,0.0000000000,-0.0011074600,0.0000000000,-0.0022323552,-0.0049354362,-0.0061041916,-0.0057777345,-0.0034426526
2024-06-24,IS,-0.0129534758,-0.0003156200,0.0077914868,0.0031472700,0.0000000000,-0.0024597399,-0.0000786671,-0.0034117782,-0.0132691274,-0.0011662067
2024-06-25,IS,0.0114355642,-0.0039668700,-0.0090098763,-0.0031206700,0.0000000000,-0.0017370459,-0.0067700448,-0.0045455561,0.0074682975,-0.0023319483
2024-06-26,IS,0.0020651675,0.0000000000,0.0000000000,-0.0012442100,0.0000000000,0.0019370709,0.0004129848,0.0004543014,0.0020651675,0.0004103755
2024-06-27,IS,0.0025813435,-0.0016322800,-0.0056541885,-0.0046768500,-0.0000672520,-0.0036741263,-0.0039503559,-0.0023376710,0.0009489003,-0.0046913993
2024-06-28,IS,-0.0051909221,-0.0005510700,-0.0045580079,0.0034977600,0.0000000000,0.0038862805,-0.0035528178,-0.0021229750,-0.0057420472,-0.0034012673
2024-07-01,OOS,0.0058024253,-0.0025425100,-0.0063078641,0.0018882700,-0.0004267406,0.0039549715,-0.0048471360,-0.0032493334,0.0032596610,-0.0005804449
2024-07-02,OOS,0.0105625765,0.0057466000,0.0040031774,0.0040581600,-0.0003777213,0.0020978078,0.0117935740,0.0125526710,0.0163086018,0.0121847667
2024-07-03,OOS,0.0083370980,0.0048555700,0.0083379284,0.0008986000,0.0000000000,0.0023565122,0.0117305450,0.0104770291,0.0131921824,0.0112143105
2024-07-05,OOS,0.0104268491,0.0048642100,0.0104278791,0.0010744400,0.0000000000,0.0061121739,0.0129549955,0.0109521890,0.0152905727,0.0133963922
2024-07-08,OOS,0.0023782651,0.0000000000,0.0023784976,-0.0010758800,0.0000000000,0.0011383174,0.0013794242,0.0005231775,0.0023782651,0.0018403876
2024-07-09,OOS,0.0008847066,0.0000000000,0.0008847929,-0.0020064700,-0.0002295790,-0.0005670711,0.0005131411,0.0001946203,0.0008847066,-0.0001185856
2024-07-10,OOS,0.0104062035,0.0020517600,0.0104072175,0.0047385800,0.0000000000,0.0060567273,0.0089493980,0.0059413993,0.0124577583,0.0138015410
2024-07-11,OOS,-0.0219301734,0.0123357600,-0.0013879381,0.0009159200,-0.0002762587,-0.0174046819,0.0126021057,0.0171321553,-0.0095956470,-0.0050342429
2024-07-12,OOS,0.0058748196,-0.0003818500,-0.0071959242,-0.0023688300,0.0000000000,0.0056613958,-0.0021020674,0.0006126515,0.0054929314,-0.0020365458
2024-07-15,OOS,0.0026878461,0.0006027000,-0.0068925036,-0.0005023200,0.0000000000,-0.0033899699,-0.0012260418,0.0016641096,0.0032904858,-0.0020526178
2024-07-16,OOS,0.0003829487,-0.0030378800,0.0000000000,-0.0010089600,0.0000000000,-0.0036836241,-0.0042374533,-0.0053233032,-0.0026552351,-0.0018321480
2024-07-17,OOS,-0.0293548777,0.0067464500,0.0108829200,0.0013618400,0.0000000000,-0.0060258013,0.0078436336,0.0055498400,-0.0226091023,-0.0051838457
2024-07-18,OOS,-0.0047325487,-0.0072624800,0.0046301816,-0.0007971900,-0.0004303445,-0.0099144664,-0.0095003946,-0.0139685783,-0.0119957549,-0.0040814867
2024-07-19,OOS,-0.0088635842,-0.0071184700,0.0085910429,-0.0048232600,0.0002739405,-0.0013255860,-0.0086170068,-0.0146209918,-0.0159827660,-0.0061080084
2024-07-22,OOS,0.0149608619,0.0000000000,-0.0121417163,-0.0000666700,-0.0004205355,0.0014786964,-0.0016224112,0.0032911329,0.0149608619,0.0013748827
2024-07-23,OOS,-0.0035866072,0.0000000000,-0.0058850087,0.0000000000,-0.0003127205,-0.0016952333,-0.0029537488,-0.0007891151,-0.0035866072,-0.0047359229
2024-07-24,OOS,-0.0358703342,0.0155813100,0.0170799440,0.0073520100,-0.0003193776,-0.0087013871,0.0214404601,0.0198420326,-0.0202905823,0.0020688174
2024-07-25,OOS,-0.0110492468,-0.0027697400,0.0106770578,0.0053111300,-0.0005851801,-0.0028924278,-0.0020862624,-0.0073610526,-0.0138192638,0.0010835142
2024-07-26,OOS,0.0102780081,0.0000000000,-0.0097182963,-0.0041413200,-0.0004562493,0.0036241516,-0.0016378964,0.0022609854,0.0102780081,-0.0017918039
2024-07-29,OOS,0.0020087695,-0.0034302900,-0.0086400016,0.0003710700,-0.0002650903,0.0024202385,-0.0077526875,-0.0056641557,-0.0014218635,-0.0048457585
2024-07-30,OOS,-0.0137314076,0.0082305000,0.0030157399,-0.0012233900,-0.0003211382,-0.0018102162,0.0100862646,0.0116288224,-0.0055017307,-0.0018551162
2024-07-31,OOS,0.0295936878,-0.0061908100,-0.0165415367,-0.0073047000,-0.0002920891,0.0055964334,-0.0091590522,-0.0045097807,0.0234022587,-0.0002239862
2024-08-01,OOS,-0.0242214533,0.0061728600,-0.0181416052,0.0046680900,-0.0002277163,-0.0036678605,-0.0029736408,0.0056583137,-0.0180492106,-0.0157615963
2024-08-02,OOS,-0.0237349345,-0.0051836700,0.0240618766,0.0007665600,-0.0004070029,0.0018945812,-0.0029657276,-0.0144488225,-0.0289191229,-0.0020474738
2024-08-05,OOS,-0.0298161560,0.0000000000,0.0288160640,-0.0180345100,-0.0000282898,-0.0215715586,0.0049852716,-0.0065600660,-0.0298161560,-0.0095202326
2024-08-06,OOS,0.0095550911,-0.0160555600,-0.0154368912,0.0013175500,-0.0001175488,-0.0009538165,-0.0267550519,-0.0264775695,-0.0065020745,-0.0103111546
2024-08-07,OOS,-0.0108297500,0.0000000000,0.0000000000,0.0194787900,-0.0003137517,-0.0136916219,-0.0021662056,-0.0023827308,-0.0108297500,0.0043235461
2024-08-08,OOS,0.0305908871,0.0021335400,0.0000000000,0.0035234500,-0.0004501876,0.0186637235,0.0091470277,0.0105272550,0.0327242137,0.0181224090
2024-08-09,OOS,0.0052223983,0.0000000000,0.0029956305,-0.0003201300,-0.0005662631,0.0014156554,0.0021827276,0.0011488380,0.0052223983,0.0039488381
2024-08-12,OOS,0.0021535934,0.0000000000,0.0021538081,0.0000000000,-0.0010304082,-0.0021797264,0.0012491133,0.0004737536,0.0021535934,0.0021537007
2024-08-13,OOS,0.0248127963,0.0013155500,0.0248152649,0.0034549900,0.0004135377,0.0158662377,0.0162599448,0.0078001199,0.0261282147,0.0271990621
2024-08-14,OOS,0.0003242682,0.0000000000,0.0003242997,-0.0065892700,0.0000936984,0.0028741209,0.0001880796,0.0000713334,0.0003242682,-0.0029706805
2024-08-15,OOS,0.0252631124,0.0012630900,0.0252655641,0.0011646300,0.0000000000,0.0090258246,0.0164466132,0.0078058009,0.0265260761,0.0264780769
2024-08-16,OOS,0.0012857805,0.0000000000,0.0012859022,-0.0002978000,0.0000000000,0.0125273437,0.0007457676,0.0002828496,0.0012857805,0.0011369265
2024-08-19,OOS,0.0131360125,0.0000000000,0.0131372543,0.0058175300,0.0001301576,0.0103811534,0.0076190391,0.0028896973,0.0131360125,0.0160451075
2024-08-20,OOS,-0.0020986141,0.0000000000,-0.0020988099,-0.0029092000,0.0001977086,0.0009060962,-0.0012173217,-0.0004617311,-0.0020986141,-0.0035534575
2024-08-21,OOS,0.0046641403,0.0000000000,0.0046645764,0.0010864500,0.0000000000,0.0080224831,0.0027052535,0.0010260308,0.0046641403,0.0052075290
2024-08-22,OOS,-0.0158549223,-0.0046210300,-0.0077145265,0.0035053800,-0.0002759864,-0.0169132026,-0.0126646190,-0.0117136074,-0.0204764144,-0.0123429564
2024-08-23,OOS,0.0108455302,-0.0083076600,-0.0142686709,-0.0035354400,0.0001305312,0.0111925267,-0.0150504137,-0.0124021296,0.0025370394,-0.0076343761
2024-08-26,OOS,-0.0097083333,-0.0021145500,0.0000000000,-0.0035542500,-0.0003586324,-0.0053250700,-0.0049446108,-0.0058998161,-0.0118230948,-0.0076890521
2024-08-27,OOS,0.0029873354,0.0000000000,-0.0081154654,-0.0007335300,-0.0003586486,0.0040916116,-0.0024867332,0.0006571625,0.0029873354,-0.0029313851
2024-08-28,OOS,-0.0113474285,-0.0001404600,-0.0032071102,-0.0049052900,-0.0003847351,-0.0066789330,-0.0036878122,-0.0027466423,-0.0114879025,-0.0098005514
2024-08-29,OOS,-0.0014638803,-0.0016261100,-0.0065276407,0.0029018500,0.0002958197,0.0017819261,-0.0050824830,-0.0032165680,-0.0030901529,-0.0033581437
2024-08-30,OOS,0.0119194323,0.0000000000,0.0000000000,0.0019204500,-0.0006796310,0.0031287615,0.0023836052,0.0026220706,0.0119194323,0.0069193452
2024-09-03,OOS,-0.0303609297,0.0184782800,0.0146107456,0.0078393500,0.0001523308,-0.0040586224,0.0257175113,0.0262106893,-0.0118844975,0.0052814744
2024-09-04,OOS,-0.0025984712,0.0000000000,0.0025233774,-0.0002864400,0.0004438067,0.0024023941,0.0004390492,-0.0005717083,-0.0025984712,-0.0001810230
2024-09-05,OOS,0.0009335446,-0.0038238800,-0.0009019343,-0.0011096700,-0.0004352819,-0.0039645062,-0.0055862441,-0.0066012924,-0.0028907178,-0.0024512165
2024-09-06,OOS,-0.0267872636,0.0155716900,0.0259277772,-0.0018546400,-0.0000124383,-0.0044005837,0.0266058087,0.0218233408,-0.0112171308,0.0064261460
2024-09-09,OOS,0.0128596581,0.0000000000,-0.0101199733,-0.0070644400,-0.0006248623,0.0057791411,-0.0012742771,0.0028289041,0.0128596581,-0.0021635266
2024-09-10,OOS,0.0092417374,0.0000000000,0.0012754558,-0.0026721800,-0.0003599487,0.0075181612,0.0023328423,0.0020330236,0.0092417374,0.0039221083
2024-09-11,OOS,0.0213665896,-0.0004661600,0.0094670976,0.0163883500,-0.0006419259,0.0006476783,0.0072084988,0.0038705000,0.0209003830,0.0233771425
2024-09-12,OOS,0.0101609529,-0.0010867500,0.0101619510,0.0026127500,-0.0000897205,0.0020159475,0.0043502099,0.0003007777,0.0090740942,0.0109243757
2024-09-13,OOS,0.0044799459,0.0000000000,0.0044803815,-0.0011074900,0.0000914025,0.0074615318,0.0025984250,0.0009855112,0.0044799459,0.0039263633
2024-09-16,OOS,-0.0044178904,0.0000000000,-0.0074841742,0.0001038500,-0.0003304126,0.0000190722,-0.0037277208,-0.0009720117,-0.0044178904,-0.0058992606
2024-09-17,OOS,0.0005282732,0.0000000000,0.0000000000,-0.0007237700,0.0002713624,0.0006656030,0.0001056422,0.0001162110,0.0005282732,-0.0000977846
2024-09-18,OOS,-0.0043295529,0.0000000000,0.0000000000,-0.0037486700,-0.0010283729,-0.0017822841,-0.0008660128,-0.0009525759,-0.0043295529,-0.0040393279
2024-09-19,OOS,0.0252842355,0.0000000000,0.0025551610,-0.0033844300,-0.0004182950,0.0066732263,0.0060272912,0.0055620979,0.0252842355,0.0122263468
2024-09-20,OOS,-0.0019447203,-0.0035999400,-0.0035756794,-0.0016151300,0.0000437763,-0.0001383278,-0.0068598401,-0.0068358393,-0.0055450203,-0.0053679956
2024-09-23,OOS,0.0012851872,0.0000000000,0.0000000000,0.0000000000,0.0000000000,0.0009731097,0.0002570071,0.0002827191,0.0012851872,0.0006425293
2024-09-24,OOS,0.0048236171,0.0000000000,-0.0007177034,-0.0006946600,0.0000000000,-0.0039433786,0.0006918599,0.0010611130,0.0048236171,0.0017053498
2024-09-25,OOS,0.0009271278,-0.0005696900,0.0009272205,-0.0001721500,0.0000000000,0.0020493265,-0.0002712600,-0.0008101183,0.0003573808,0.0005562171
2024-09-26,OOS,0.0075130707,0.0000000000,0.0075138218,0.0001911400,0.0000000000,0.0058555622,0.0043576834,0.0016527466,0.0075130707,0.0076090067
2024-09-27,OOS,-0.0055570311,-0.0052216000,-0.0059021996,-0.0011385100,0.0000000000,-0.0004726224,-0.0107692032,-0.0105171040,-0.0107791533,-0.0089099884
2024-09-30,OOS,0.0027118644,0.0000000000,-0.0089885214,-0.0078215000,-0.0003503921,0.0073660042,-0.0028736093,0.0005965636,0.0027118644,-0.0070496635
2024-10-01,OOS,-0.0139324277,0.0020993700,0.0036171273,-0.0062994900,0.0000560725,-0.0009578628,0.0015687404,0.0006714232,-0.0118332676,-0.0072585877
2024-10-02,OOS,0.0014129283,0.0000000000,-0.0014044894,-0.0029912700,0.0000000000,-0.0065739683,-0.0002511974,0.0003108200,0.0014129283,-0.0014915651
2024-10-03,OOS,-0.0007469655,0.0000000000,0.0007445990,-0.0011917400,0.0000000000,-0.0169876293,0.0001335137,-0.0001643452,-0.0007469655,-0.0005971278
2024-10-04,OOS,0.0118980876,0.0000000000,-0.0173035693,0.0030853200,-0.0003258925,-0.0194268343,-0.0041965588,0.0026173751,0.0118980876,-0.0011615409
2024-10-07,OOS,-0.0107116474,-0.0017373100,0.0000000000,0.0014642800,-0.0000598848,-0.0222449729,-0.0046096069,-0.0054490900,-0.0124491311,-0.0054928743
2024-10-08,OOS,0.0149346609,0.0027311100,0.0027283325,0.0017733700,0.0000754865,0.0100654013,0.0079015375,0.0081468519,0.0176654978,0.0110831264
2024-10-09,OOS,0.0078683834,0.0004290100,0.0078691681,0.0018856900,0.0000000000,-0.0019202599,0.0051729984,0.0024945639,0.0082973505,0.0090260100
2024-10-10,OOS,-0.0011355571,0.0000000000,-0.0011356695,-0.0009865700,-0.0002982929,-0.0069589616,-0.0006586935,-0.0002498420,-0.0011355571,-0.0016289476
2024-10-11,OOS,0.0015631661,0.0000000000,-0.0037947627,-0.0022088700,0.0000000000,0.0097974630,-0.0011295317,0.0003438697,0.0015631661,-0.0022205012
2024-10-14,OOS,0.0083914383,-0.0015336500,0.0008858957,-0.0006654000,-0.0003581641,0.0027227949,-0.0001630659,-0.0008839846,0.0068576349,0.0035387667
2024-10-15,OOS,-0.0134472362,0.0081444500,-0.0058115870,0.0009398300,-0.0004406221,0.0083897454,0.0066663922,0.0115381793,-0.0053036006,-0.0050877258
2024-10-16,OOS,0.0002241193,-0.0055896800,-0.0014259528,0.0002848600,0.0000000000,0.0106498514,-0.0084348233,-0.0099005469,-0.0053661197,-0.0032535920
2024-10-17,OOS,0.0006722073,0.0000000000,0.0000000000,-0.0005739300,0.0000000000,-0.0052053717,0.0001344256,0.0001478741,0.0006722073,0.0000491050
2024-10-18,OOS,0.0065547074,0.0000000000,0.0000000000,-0.0007269400,0.0000000000,0.0098526338,0.0013107868,0.0014419231,0.0065547074,0.0029135560
2024-10-21,OOS,0.0019212490,0.0000000000,0.0000000000,0.0015942100,0.0001808979,-0.0201188214,0.0003842045,0.0004226418,0.0019212490,0.0017576334
2024-10-22,OOS,0.0010899843,0.0000000000,-0.0018109156,-0.0018434400,0.0001693766,-0.0038942853,-0.0004702332,0.0002397778,0.0010899843,-0.0012823307
2024-10-23,OOS,-0.0153238164,-0.0007418000,0.0005511433,0.0028541200,-0.0005282099,-0.0140239447,-0.0039090826,-0.0046918775,-0.0160656906,-0.0063309703
2024-10-24,OOS,0.0081087722,0.0000000000,-0.0080140744,-0.0008544600,0.0002763974,0.0121467826,-0.0014240349,0.0017837907,0.0081087722,-0.0003806872
2024-10-25,OOS,0.0060935977,-0.0063119900,-0.0147021477,0.0023632600,-0.0003398234,-0.0098984326,-0.0133315630,-0.0098951024,-0.0002190235,-0.0062796798
2024-10-28,OOS,0.0001615117,0.0000000000,0.0001615280,0.0000069200,0.0000000000,0.0104594456,0.0000936790,0.0000355298,0.0001615117,0.0001649795
2024-10-29,OOS,0.0096083973,0.0030510500,0.0011465267,0.0010540800,-0.0003586710,0.0016592976,0.0066895816,0.0075446710,0.0126591422,0.0074296039
2024-10-30,OOS,-0.0073876360,0.0000000000,-0.0065979302,0.0012229900,-0.0003982011,0.0026048661,-0.0039849080,-0.0016254067,-0.0073876360,-0.0063813492
2024-10-31,OOS,-0.0253693614,0.0074497100,0.0121481475,0.0000000000,-0.0003316145,-0.0159604056,0.0101202251,0.0076784972,-0.0179203964,-0.0028876278
2024-11-01,OOS,0.0073573480,-0.0006919100,-0.0072984886,0.0005565100,0.0002981127,0.0053040539,-0.0022848516,0.0003868634,0.0066653688,-0.0000390031
2024-11-04,OOS,-0.0029132388,0.0000000000,0.0000000000,-0.0026948100,0.0000067679,-0.0036814154,-0.0005827165,-0.0006409625,-0.0029132388,-0.0028041701
2024-11-05,OOS,0.0127569392,0.0025094200,0.0026094198,0.0007009800,0.0000162052,-0.0007841694,0.0071060599,0.0072731736,0.0152661083,0.0092878721
2024-11-06,OOS,0.0271632027,0.0008521800,0.0271659119,0.0025986000,-0.0002459469,0.0050785947,0.0169651911,0.0074923522,0.0280152975,0.0288897748
2024-11-07,OOS,0.0157442937,0.0050067000,0.0157458225,0.0005619200,-0.0002104794,-0.0148990966,0.0162417565,0.0123755965,0.0207504930,0.0185290897
2024-11-08,OOS,0.0011683608,0.0000000000,0.0011684725,-0.0007731800,-0.0003388352,0.0076697865,0.0006776632,0.0002570193,0.0011683608,0.0007817880
2024-11-11,OOS,-0.0005834987,0.0000000000,-0.0064225936,0.0004640500,0.0002406156,0.0034794094,-0.0025574717,-0.0001283797,-0.0005834987,-0.0032713131
2024-11-12,OOS,-0.0018293632,-0.0027486200,-0.0047879744,-0.0035667300,-0.0000049447,0.0080961991,-0.0060884779,-0.0052950797,-0.0045782581,-0.0064666596
2024-11-13,OOS,-0.0012673036,0.0000000000,-0.0043183323,-0.0001490100,0.0000074055,-0.0026918108,-0.0018945316,-0.0002788285,-0.0012673036,-0.0028674755
2024-11-14,OOS,-0.0069497316,0.0005170100,-0.0004146324,0.0005855700,-0.0002568627,-0.0034332717,-0.0008134903,-0.0006088027,-0.0064327733,-0.0031312188
2024-11-15,OOS,-0.0238259058,0.0093145000,0.0238432884,-0.0004640100,-0.0003776190,0.0037428996,0.0175207913,0.0113373371,-0.0145123373,0.0044315528
2024-11-18,OOS,0.0069476610,0.0004097000,-0.0049956119,-0.0038391800,0.0001765114,-0.0030288601,0.0000726436,0.0022576482,0.0073573200,-0.0007393126
2024-11-19,OOS,0.0068797248,-0.0019867300,0.0024089606,0.0047146200,0.0000000000,-0.0030704743,-0.0005300665,-0.0020230358,0.0048927961,0.0060080642
2024-11-20,OOS,-0.0005760140,-0.0112771200,-0.0071710764,-0.0007042700,0.0004717055,0.0039370056,-0.0188545317,-0.0202004284,-0.0118542617,-0.0098648393
2024-11-21,OOS,0.0035971938,-0.0020152400,0.0000000000,-0.0009563900,0.0000000000,0.0045386271,-0.0021423982,-0.0027958852,0.0015817523,0.0003126020
2024-11-22,OOS,0.0016040239,0.0000000000,0.0000000000,0.0015858700,0.0000000000,0.0043908242,0.0003207669,0.0003528577,0.0016040239,0.0015948667
2024-11-25,OOS,0.0015816841,0.0000000000,-0.0056395734,0.0006556800,0.0000000000,-0.0150945042,-0.0018269141,0.0003479434,0.0015816841,-0.0017014657
2024-11-26,OOS,0.0053889733,0.0000000000,0.0000000000,-0.0032134500,0.0000000000,0.0005932488,0.0010776675,0.0011854817,0.0053889733,0.0010874922
2024-11-27,OOS,-0.0078928768,0.0021500100,0.0000000000,-0.0012583600,0.0000000000,-0.0047502142,0.0014741955,0.0020903653,-0.0057430818,-0.0035010080
2024-11-29,OOS,0.0087868593,0.0033239700,-0.0001392341,0.0002323000,0.0000000000,-0.0025854847,0.0064242036,0.0078497550,0.0121104969,0.0061015013
2024-12-02,OOS,0.0108879036,0.0029342500,0.0108889926,-0.0030828200,0.0000000000,-0.0008755590,0.0104820093,0.0076182319,0.0138218602,0.0108141557
2024-12-03,OOS,0.0030662345,0.0000000000,0.0030665379,0.0011473500,0.0000000000,-0.0093456062,0.0017784566,0.0006745190,0.0030662345,0.0036400038
2024-12-04,OOS,0.0123435293,0.0000000000,0.0123447468,0.0013750600,0.0000000000,0.0042868432,0.0071594089,0.0027153646,0.0123435293,0.0130315993
2024-12-05,OOS,-0.0027520306,0.0000000000,-0.0029667009,-0.0038905400,0.0000000000,-0.0028189354,-0.0016778229,-0.0006054940,-0.0027520306,-0.0048048303
2024-12-06,OOS,0.0089496177,0.0000569900,0.0021844959,-0.0011194700,0.0000000000,0.0025435969,0.0027008132,0.0020702068,0.0090066020,0.0050354785
2024-12-09,OOS,-0.0077875703,-0.0012839600,-0.0046585867,-0.0026283400,0.0000000000,-0.0107488439,-0.0051510716,-0.0039987976,-0.0090716587,-0.0081794241
2024-12-10,OOS,-0.0034074811,0.0000000000,0.0006679461,0.0019748800,0.0000000000,-0.0044126598,-0.0004277779,-0.0007497043,-0.0034074811,-0.0003825313
2024-12-11,OOS,0.0179024203,0.0037601700,-0.0063429059,-0.0006345700,0.0000000000,-0.0002330468,0.0065089050,0.0106314751,0.0216622143,0.0073413449
2024-12-12,OOS,-0.0064538043,0.0000000000,-0.0064594576,0.0012598700,0.0000000000,0.0037145152,-0.0037455121,-0.0014199477,-0.0064538043,-0.0058267589
2024-12-13,OOS,0.0076543210,-0.0037491600,-0.0041228694,-0.0015223600,0.0000000000,0.0003907095,-0.0053599406,-0.0049898323,0.0039047861,-0.0008706231
2024-12-16,OOS,0.0144006936,0.0060073500,0.0086535145,0.0010840200,0.0000000000,0.0034438899,0.0146986755,0.0138612237,0.0204074429,0.0150724345
2024-12-17,OOS,-0.0044038129,-0.0028206900,-0.0061389886,-0.0050391800,0.0000000000,-0.0012657145,-0.0072190554,-0.0059897019,-0.0072247850,-0.0092017287
2024-12-18,OOS,-0.0360768944,0.0260650300,0.0281210464,0.0291605800,0.0000000000,-0.0227322810,0.0404809604,0.0384571968,-0.0100144709,0.0236316711
2024-12-19,OOS,-0.0044533080,0.0000000000,0.0042092622,-0.0052487900,-0.0003163722,-0.0003793264,0.0007086218,-0.0009798042,-0.0044533080,-0.0027468510
2024-12-20,OOS,0.0087325204,0.0040597700,-0.0116309214,-0.0045418600,0.0000000000,-0.0073270757,0.0030909551,0.0091475360,0.0127918844,-0.0016912637
2024-12-23,OOS,0.0081170709,0.0005273000,0.0000000000,0.0023909700,0.0000000000,0.0058625794,0.0023719751,0.0027242310,0.0086443182,0.0055172646
2024-12-24,OOS,0.0135597759,0.0060468000,0.0077350829,0.0016376500,0.0000000000,0.0049056405,0.0142374820,0.0137464506,0.0196059712,0.0144892702
2024-12-26,OOS,-0.0006792966,0.0000000000,-0.0006793640,-0.0015967200,0.0000000000,0.0026850878,-0.0003940342,-0.0001494569,-0.0006792966,-0.0014777701
2024-12-27,OOS,-0.0134063444,-0.0030847000,-0.0195086131,-0.0008190000,0.0000000000,-0.0103143348,-0.0144750285,-0.0084402710,-0.0164913529,-0.0184096339
2024-12-30,OOS,-0.0131866029,-0.0042380800,-0.0087465321,-0.0022569700,0.0000000000,-0.0085374393,-0.0119792234,-0.0104448954,-0.0174251067,-0.0142144173
2024-12-31,OOS,-0.0084947926,-0.0024693000,0.0001737744,0.0003181900,0.0000000000,0.0017259386,-0.0051395993,-0.0062642574,-0.0109643395,-0.0052364975
2025-01-02,OOS,-0.0019560667,-0.0022487800,-0.0094429888,-0.0013769800,0.0000610295,0.0018541765,-0.0071730073,-0.0044332176,-0.0042050716,-0.0075127821
2025-01-03,OOS,0.0163651686,0.0004950900,-0.0102512039,0.0026313100,0.0000000000,0.0033370441,0.0000798857,0.0044813359,0.0168602091,0.0046188515
2025-01-06,OOS,0.0114929230,0.0013587000,0.0070155735,0.0024774600,0.0001558918,-0.0006650830,0.0068937599,0.0049467850,0.0128514871,0.0111721044
2025-01-07,OOS,-0.0178442064,0.0098499600,0.0003850319,-0.0008321100,0.0001288020,0.0080989352,0.0105634591,0.0136065115,-0.0079952314,-0.0042215737
2025-01-08,OOS,0.0001746962,0.0000000000,-0.0027765264,-0.0124456600,-0.0000786843,-0.0033434782,-0.0010202314,0.0000384302,0.0001746962,-0.0075243674
2025-01-10,OOS,-0.0156422846,-0.0011932200,0.0049218726,-0.0031861400,-0.0003684516,0.0227389040,-0.0029530708,-0.0055654559,-0.0168356239,-0.0075509142
2025-01-13,OOS,-0.0032530904,0.0000000000,0.0045083146,-0.0008273300,-0.0005393861,0.0059495195,0.0010623242,-0.0007157357,-0.0032530904,0.0002135590
2025-01-14,OOS,-0.0008901021,0.0000000000,0.0000000000,-0.0157614200,0.0000666746,-0.0018341086,-0.0001780414,-0.0001958377,-0.0008901021,-0.0083265491
2025-01-15,OOS,0.0225099483,-0.0016778200,0.0045294495,-0.0004235500,-0.0002818163,-0.0187746212,0.0038402765,0.0019652171,0.0208319605,0.0124681149
2025-01-16,OOS,-0.0065830235,0.0000000000,-0.0038174804,0.0021911700,-0.0003598601,-0.0087719793,-0.0027673635,-0.0014483781,-0.0065830235,-0.0041048052
2025-01-17,OOS,0.0168784595,0.0000000000,0.0037867082,-0.0025243000,0.0000000000,-0.0004087500,0.0048143607,0.0037129715,0.0168784595,0.0090697793
2025-01-21,OOS,0.0058649902,0.0000000000,-0.0035652509,0.0026910900,0.0000000000,-0.0112710208,-0.0001820468,0.0012901972,0.0058649902,0.0024949431
2025-01-22,OOS,0.0127858232,-0.0002124700,0.0127871030,-0.0015186300,-0.0003905530,0.0024299245,0.0071142274,0.0024344568,0.0125733320,0.0119208265
2025-01-23,OOS,0.0021260183,0.0000000000,-0.0036182838,0.0027703100,0.0000000000,-0.0034669504,-0.0009499071,0.0004676875,0.0021260183,0.0006387350
2025-01-24,OOS,-0.0056510964,-0.0019211400,0.0000000000,0.0024821600,0.0000000000,0.0007710835,-0.0038584206,-0.0046628921,-0.0075724285,-0.0025453208
2025-01-27,OOS,-0.0292468327,0.0000000000,0.0004831584,-0.0050619500,0.0001634481,-0.0102813086,-0.0056664716,-0.0064348051,-0.0292468327,-0.0169142986
2025-01-28,OOS,0.0150348154,0.0049038100,-0.0055989141,-0.0024315900,0.0000000000,0.0028743551,0.0078421313,0.0120363752,0.0199381350,0.0059530290
2025-01-29,OOS,-0.0019928335,-0.0066327900,0.0000000000,-0.0027883500,-0.0003703319,0.0015855218,-0.0098176580,-0.0122450151,-0.0086262868,-0.0057074578
2025-01-30,OOS,0.0042624273,0.0000000000,-0.0087538238,-0.0044796200,-0.0002770362,-0.0062296847,-0.0024743409,0.0009376609,0.0042624273,-0.0044861591
2025-01-31,OOS,-0.0014530160,-0.0025246700,-0.0090434775,0.0089599400,-0.0001015169,0.0076636754,-0.0073123390,-0.0048136501,-0.0039779385,-0.0020309913
2025-02-03,OOS,-0.0080032166,0.0000000000,-0.0085566779,-0.0018902000,0.0003303947,0.0036907412,-0.0048523847,-0.0017608450,-0.0080032166,-0.0092251418
2025-02-04,OOS,0.0122753855,0.0017018000,0.0000000000,-0.0047367700,-0.0003232332,-0.0024729674,0.0048712999,0.0057296448,0.0139770153,0.0046195940
2025-02-05,OOS,0.0045379145,0.0000000000,0.0022019557,0.0036939000,0.0000173459,0.0034625594,0.0017442528,0.0009982633,0.0045379145,0.0052167004
2025-02-06,OOS,0.0052197020,0.0000000000,0.0052202228,-0.0018130700,0.0000000000,0.0019347411,0.0030274979,0.0011482449,0.0052197020,0.0043133367
2025-02-07,OOS,-0.0126321752,0.0071276800,-0.0134350711,0.0013594300,-0.0004405997,0.0005547157,0.0024886360,0.0099076960,-0.0055052080,-0.0087904925
2025-02-10,OOS,0.0121244574,0.0000000000,-0.0099759438,-0.0016004800,-0.0001926232,0.0038398092,-0.0013665642,0.0026671726,0.0121244574,0.0002729118
2025-02-11,OOS,-0.0023807274,0.0000000000,0.0000000000,-0.0027732800,0.0000534350,-0.0008618656,-0.0004762017,-0.0005238009,-0.0023807274,-0.0025771424
2025-02-12,OOS,0.0005871323,0.0000000000,0.0000000000,0.0003941200,0.0000536260,0.0106096741,0.0001174126,0.0001291590,0.0005871323,0.0004905968
2025-02-13,OOS,0.0143857657,-0.0012400600,0.0101171618,0.0013000900,0.0003540032,-0.0013015472,0.0049604050,0.0009572662,0.0131455817,0.0122812653
2025-02-14,OOS,0.0041985445,0.0000000000,0.0041989602,-0.0019846000,0.0000000000,-0.0109316205,0.0024352115,0.0009236077,0.0041985445,0.0032063531
2025-02-18,OOS,0.0022670259,0.0000000000,-0.0031289008,-0.0046207300,0.0000000000,0.0076152130,-0.0007357281,0.0004987068,0.0022670259,-0.0027415722
2025-02-19,OOS,0.0002781022,0.0000000000,-0.0012016172,-0.0017385300,0.0000000000,-0.0054212493,-0.0004010381,0.0000611777,0.0002781022,-0.0013311094
2025-02-20,OOS,-0.0042445136,-0.0093677800,-0.0086009815,0.0014306900,0.0000000000,-0.0061559665,-0.0174201219,-0.0176087354,-0.0136132304,-0.0103916894
2025-02-21,OOS,-0.0206801556,0.0145934500,0.0112497842,0.0123204400,0.0001786550,-0.0071751534,0.0208603898,0.0214257804,-0.0060881649,0.0087401628
2025-02-24,OOS,-0.0118794191,-0.0015566700,0.0116139360,0.0012631100,-0.0003414379,-0.0040867378,-0.0001737416,-0.0053844877,-0.0134362448,-0.0002806962
2025-02-25,OOS,-0.0125993037,0.0006755200,0.0120316699,-0.0003679500,-0.0003866231,-0.0080043363,0.0030107572,-0.0015696639,-0.0119238513,-0.0001312634
2025-02-26,OOS,0.0024156472,-0.0072117300,-0.0069729283,0.0027325900,0.0000000000,-0.0007477265,-0.0124077429,-0.0123057609,-0.0047968040,-0.0045186800
2025-02-27,OOS,-0.0277712998,0.0040528600,0.0108136203,0.0125553700,-0.0003234324,-0.0100260111,0.0043090882,0.0011037696,-0.0237188451,-0.0001766540
2025-02-28,OOS,0.0156415536,-0.0059914700,-0.0153053414,0.0045759200,0.0001744136,-0.0031428778,-0.0111962993,-0.0072241778,0.0096494845,-0.0005412162
2025-03-03,OOS,-0.0212460268,0.0101482600,-0.0113566105,0.0126558600,-0.0005493878,0.0220550943,0.0058446163,0.0133890149,-0.0110987816,-0.0049003989
2025-03-04,OOS,-0.0037200885,-0.0063704000,-0.0016226171,0.0022329500,-0.0001803325,0.0000442521,-0.0104070477,-0.0121579171,-0.0100911255,-0.0047402847
2025-03-05,OOS,0.0132404884,-0.0002933800,0.0000000000,0.0025449800,0.0007832045,0.0187966694,0.0022311931,0.0023904524,0.0129470791,0.0077453822
2025-03-06,OOS,-0.0275094122,0.0024123500,-0.0008789759,0.0064063800,0.0002565814,0.0046244762,-0.0024109165,-0.0017586542,-0.0250973034,-0.0097861606
2025-03-07,OOS,0.0073535436,-0.0039667100,-0.0088619713,-0.0106021300,0.0007455414,-0.0122683249,-0.0075299169,-0.0054432457,0.0033864369,-0.0080394446
2025-03-10,OOS,-0.0387563798,0.0114660700,0.0140599933,0.0029898100,-0.0002701069,0.0099946108,0.0138722812,0.0118820870,-0.0272914564,-0.0051228941
2025-03-11,OOS,-0.0023903708,-0.0063006900,-0.0102162302,-0.0164490800,-0.0000977279,-0.0007289200,-0.0133075572,-0.0117413155,-0.0086916909,-0.0176793230
2025-03-12,OOS,0.0112807464,0.0000000000,0.0000000000,-0.0070200000,-0.0007358811,-0.0022547444,0.0022558831,0.0024815706,0.0112807464,0.0021298092
2025-03-13,OOS,-0.0179904386,-0.0061792900,0.0000000000,-0.0080163000,0.0001007792,0.0226023876,-0.0123732620,-0.0149570994,-0.0241703465,-0.0160939138
2025-03-14,OOS,0.0241704744,-0.0009319900,-0.0002667570,0.0006125300,0.0000730724,-0.0106048798,0.0034087465,0.0036581109,0.0232383912,0.0117909068
2025-03-17,OOS,0.0064837593,0.0000000000,0.0064844079,-0.0003679600,0.0000000000,0.0009726490,0.0037606689,0.0014263158,0.0064837593,0.0063000852
2025-03-18,OOS,-0.0168817449,-0.0047133900,-0.0162567618,-0.0009003300,0.0000000000,0.0119176480,-0.0162469453,-0.0121039232,-0.0215956062,-0.0193763940
2025-03-19,OOS,0.0132105685,0.0000000000,0.0000000000,-0.0098494900,0.0000000000,0.0055917698,0.0026418019,0.0029060984,0.0132105685,0.0016798787
2025-03-20,OOS,-0.0033479590,0.0000000000,0.0000000000,0.0004402100,0.0000000000,-0.0048469251,-0.0006696708,-0.0007366084,-0.0033479590,-0.0014540419
2025-03-21,OOS,0.0032548823,0.0000000000,0.0000000000,0.0048342300,0.0000000000,-0.0026733132,0.0006508996,0.0007160183,0.0032548823,0.0040443144
2025-03-24,OOS,0.0200472091,0.0000000000,0.0046926824,-0.0020131200,0.0000000000,-0.0163591129,0.0057923342,0.0044100420,0.0200472091,0.0113626180
2025-03-25,OOS,0.0060767066,0.0000000000,0.0060773114,-0.0013618900,0.0000241233,0.0141013128,0.0035245716,0.0013367712,0.0060767066,0.0053959959
2025-03-26,OOS,-0.0184006809,0.0100170100,-0.0043694065,0.0036922900,0.0000000000,-0.0030245170,0.0088825942,0.0137814200,-0.0083846726,-0.0045310953
2025-03-27,OOS,-0.0056980057,0.0000000000,0.0056516685,0.0016520900,-0.0005295344,-0.0039403213,0.0010077223,-0.0012536590,-0.0056980057,0.0008023089
2025-03-28,OOS,-0.0263278103,0.0088653600,0.0258189914,0.0014046800,-0.0002137047,0.0190549027,0.0171332666,0.0099874236,-0.0174633368,0.0048780032
2025-03-31,OOS,-0.0000426494,0.0000000000,0.0030831533,0.0079865400,0.0003381034,-0.0075036537,0.0011629713,-0.0000093836,-0.0000426494,0.0055131226
2025-04-01,OOS,0.0080610765,-0.0018934800,0.0000000000,-0.0149094500,0.0001315813,-0.0021813942,-0.0010767500,-0.0015971700,0.0061674072,-0.0043717669
2025-04-02,OOS,0.0072984980,-0.0014797700,0.0026377066,-0.0091383700,0.0002915847,-0.0058791449,0.0003605294,-0.0010285042,0.0058185800,-0.0003414986
2025-04-03,OOS,-0.0534285414,-0.0011907800,-0.0226487139,-0.0026518400,0.0000110055,0.0193898817,-0.0209838394,-0.0138747377,-0.0546194405,-0.0399614766
2025-04-04,OOS,-0.0622129529,0.0222344900,0.0602474108,0.0059216100,0.0015583923,0.0216484591,0.0420216241,0.0258886043,-0.0399806863,0.0130891559
2025-04-07,OOS,0.0024132302,-0.0103570100,-0.0020670612,-0.0048326000,-0.0011779414,-0.0422930090,-0.0150106317,-0.0179050141,-0.0079448155,-0.0074224800
2025-04-08,OOS,-0.0180084496,0.0036867400,-0.0287424802,0.0345212300,-0.0006528607,0.0160725118,-0.0092895752,0.0026000849,-0.0143220783,-0.0042733903
2025-04-09,OOS,0.1200307648,0.0876819800,0.0490478488,0.0982728400,-0.0005768327,-0.0750479452,0.1671473167,0.1824793188,0.2077039766,0.1775074191
2025-04-10,OOS,-0.0425965665,0.0071074500,-0.0582757026,-0.0222773800,-0.0005911690,0.0454457309,-0.0205733745,0.0032790071,-0.0354898272,-0.0580218835
2025-04-11,OOS,0.0184915387,-0.0050404200,0.0000000000,0.0044676300,-0.0003424499,-0.0135119902,-0.0034596591,-0.0049043238,0.0134506147,0.0089584498
2025-04-14,OOS,0.0067781690,0.0000000000,0.0000000000,-0.0059631200,0.0001259261,0.0131443185,0.0013554738,0.0014910809,0.0067781690,0.0004071856
2025-04-15,OOS,0.0011148028,0.0000000000,0.0000000000,-0.0006163500,0.0000000000,0.0063129331,0.0002229343,0.0002452375,0.0011148028,0.0002491707
2025-04-16,OOS,-0.0301534968,0.0000000000,0.0134909394,0.0073814200,-0.0001868063,0.0322895464,-0.0009052744,-0.0066342867,-0.0301534968,-0.0046427509
2025-04-17,OOS,-0.0003602143,0.0000000000,0.0003505889,-0.0020063700,0.0004612947,-0.0038912490,0.0000611615,-0.0000792533,-0.0003602143,-0.0010080980
2025-04-21,OOS,-0.0245709653,0.0090000300,0.0238974026,-0.0006841000,0.0000000000,0.0289426460,0.0169457681,0.0106136670,-0.0155718353,0.0038187602
2025-04-22,OOS,0.0262519914,-0.0046572100,-0.0153901025,-0.0140295100,-0.0007880792,-0.0200065548,-0.0072120589,-0.0025150286,0.0215943157,-0.0039144977
2025-04-23,OOS,0.0229256659,0.0000000000,-0.0135624185,0.0019832000,-0.0003051745,-0.0126283044,-0.0005695495,0.0050432531,0.0229256659,0.0056713993
2025-04-24,OOS,0.0278883586,0.0080107200,0.0067617841,0.0044234100,0.0001853099,0.0015466040,0.0195217199,0.0203943556,0.0358982775,0.0235410800
2025-04-25,OOS,0.0111479619,0.0000000000,0.0111490692,0.0040893700,0.0000000000,-0.0047763939,0.0064659671,0.0024523603,0.0111479619,0.0131929961
2025-04-28,OOS,-0.0003174200,-0.0015605600,-0.0109049678,-0.0012548700,0.0000000000,0.0066936870,-0.0064236594,-0.0028476849,-0.0018781361,-0.0070194383
2025-04-29,OOS,0.0066044326,0.0000000000,-0.0003003678,-0.0035087200,-0.0004154122,-0.0049328473,0.0012065815,0.0014528618,0.0066044326,0.0013973272
2025-04-30,OOS,-0.0001261750,-0.0103800400,-0.0346568798,0.0082015100,0.0000000000,-0.0038737547,-0.0279353177,-0.0185046340,-0.0105072530,-0.0184825189
2025-05-01,OOS,0.0130607609,0.0000000000,-0.0019236074,-0.0000194900,0.0000000000,-0.0113336597,0.0018808132,0.0028731433,0.0130607609,0.0055580825
2025-05-02,OOS,0.0148438798,0.0000000000,0.0117101584,-0.0020291700,0.0000000000,-0.0150801479,0.0074183246,0.0032653988,0.0148438798,0.0122622774
2025-05-05,OOS,-0.0059325328,0.0000000000,-0.0074236181,-0.0022508000,0.0000000000,-0.0029182209,-0.0040076498,-0.0013052590,-0.0059325328,-0.0078035880
2025-05-06,OOS,-0.0093017513,0.0000000000,-0.0072516390,-0.0156440400,0.0000728507,0.0022898057,-0.0046161670,-0.0020465449,-0.0093017513,-0.0160994974
2025-05-07,OOS,0.0039675121,0.0000000000,-0.0089966911,-0.0099276300,0.0003292909,0.0012096346,-0.0026256142,0.0008727846,0.0039675121,-0.0074790527
2025-05-08,OOS,0.0102830423,-0.0016821100,-0.0069139289,-0.0022680500,0.0003355938,-0.0192188964,-0.0029596958,-0.0007321288,0.0086007641,-0.0002913831
2025-05-09,OOS,-0.0006553483,0.0000000000,-0.0018407801,-0.0018114500,-0.0004116250,-0.0009013469,-0.0008306080,-0.0001441879,-0.0006553483,-0.0021538798
2025-05-12,OOS,0.0407402094,0.0000000000,0.0083392375,0.0045242900,0.0000000000,-0.0132790112,0.0113162505,0.0089621470,0.0407402094,0.0268002484
2025-05-13,OOS,0.0152407207,0.0065757600,0.0152422322,-0.0019302900,-0.0002708033,-0.0039248247,0.0181776013,0.0150578073,0.0218158231,0.0175639792
2025-05-14,OOS,0.0059931341,0.0000000000,0.0059937195,-0.0030726600,0.0000000000,-0.0042686016,0.0034760942,0.0013183867,0.0059931341,0.0044569432
2025-05-15,OOS,0.0010989435,0.0000000000,0.0010990502,-0.0009601700,0.0000000000,0.0103578124,0.0006374010,0.0002417487,0.0010989435,0.0006188638
2025-05-16,OOS,0.0043524314,0.0000000000,0.0043528536,0.0021714300,0.0000000000,-0.0057586164,0.0025244646,0.0009574602,0.0043524314,0.0054382489
2025-05-19,OOS,0.0009587544,0.0000000000,-0.0087636298,-0.0005609100,0.0000000000,-0.0001083232,-0.0031387241,0.0002109095,0.0009587544,-0.0041833788
2025-05-20,OOS,-0.0033332695,0.0000000000,-0.0049275041,-0.0048435900,0.0000000000,0.0005664190,-0.0025392121,-0.0007333765,-0.0033332695,-0.0065524240
2025-05-21,OOS,-0.0138581890,-0.0026031400,0.0025825286,-0.0013208100,0.0001831835,-0.0004586763,-0.0054872098,-0.0076825266,-0.0164615893,-0.0076006272
2025-05-22,OOS,0.0018321444,-0.0080268900,-0.0084955528,-0.0040858500,0.0000000000,0.0036059920,-0.0142606059,-0.0138851382,-0.0061955483,-0.0093886798
2025-05-23,OOS,-0.0092607004,0.0000000000,-0.0078936831,-0.0026943100,0.0002907538,0.0013038940,-0.0048519434,-0.0020375130,-0.0092607004,-0.0099244815
2025-05-27,OOS,0.0235252533,0.0025455300,0.0053592102,-0.0001223700,0.0000000000,0.0025818263,0.0103557499,0.0097062951,0.0260705287,0.0156529034
2025-05-28,OOS,-0.0044319098,0.0000000000,-0.0044323506,-0.0053427400,0.0000000000,-0.0033122995,-0.0025707832,-0.0009750962,-0.0044319098,-0.0071037673
2025-05-29,OOS,0.0019656588,0.0000000000,0.0141991927,-0.0070673700,-0.0003571115,0.0083448794,0.0057884289,0.0004324112,0.0019656588,0.0045481291
2025-05-30,OOS,-0.0015771354,-0.0112238100,-0.0140727191,-0.0030600700,0.0000000000,0.0021222036,-0.0216015571,-0.0203257640,-0.0128020678,-0.0149675814
2025-06-02,OOS,0.0078981333,0.0009864000,0.0010863985,0.0031699100,0.0000000000,0.0026999331,0.0033929683,0.0034932844,0.0088844347,0.0065700803
2025-06-03,OOS,0.0078171289,0.0002658800,0.0078179097,-0.0010730000,0.0000157396,0.0008599418,0.0049116125,0.0021929110,0.0080829823,0.0074139189
2025-06-04,OOS,0.0027877868,0.0000000000,0.0027880632,-0.0022593500,0.0002082675,-0.0067567762,0.0016169535,0.0006132653,0.0027877868,0.0016581370
2025-06-05,OOS,-0.0075269021,-0.0010864600,-0.0039476917,0.0026268300,0.0000000000,-0.0008360913,-0.0045483589,-0.0035899039,-0.0086134707,-0.0049672909
2025-06-06,OOS,0.0097753387,0.0000000000,-0.0120665919,-0.0016875900,-0.0002691432,0.0071056533,-0.0026308439,0.0021504068,0.0097753387,-0.0019905137
2025-06-09,OOS,0.0014719203,0.0000000000,0.0000000000,-0.0025332300,0.0000000000,-0.0013778953,0.0002943493,0.0003237972,0.0014719203,-0.0005307815
2025-06-10,OOS,0.0066139062,0.0000000000,0.0029982425,-0.0021361600,0.0000000000,0.0003643745,0.0024620100,0.0014549459,0.0066139062,0.0037378136
2025-06-11,OOS,-0.0033694614,0.0000000000,-0.0057532158,0.0024596200,0.0000891094,-0.0103976639,-0.0028602344,-0.0007413393,-0.0033694614,-0.0033316516
2025-06-12,OOS,0.0023478147,0.0000000000,0.0000000000,-0.0010908800,0.0000000000,-0.0020309442,0.0004695075,0.0005164789,0.0023478147,0.0006283500
2025-06-13,OOS,-0.0125548102,0.0000000000,0.0053168318,-0.0032527700,0.0000100349,0.0027195124,-0.0004910279,-0.0027622737,-0.0125548102,-0.0052462678
2025-06-16,OOS,0.0138720206,0.0007929900,-0.0108674554,-0.0010649000,0.0000000000,0.0073335877,-0.0002298694,0.0044631597,0.0146649313,0.0013650906
2025-06-17,OOS,-0.0097141895,-0.0021108900,-0.0062205115,0.0034382300,-0.0004247473,-0.0081673550,-0.0073041854,-0.0058945899,-0.0118252906,-0.0073038552
2025-06-18,OOS,-0.0001701066,-0.0012620600,0.0000000000,-0.0001738900,-0.0003621140,0.0000000000,-0.0018262490,-0.0022839368,-0.0014322928,-0.0008031001
2025-06-20,OOS,-0.0043857162,-0.0057624700,-0.0011644162,-0.0014592900,-0.0003827436,-0.0025325566,-0.0095027480,-0.0112222046,-0.0101487624,-0.0063863073
2025-06-23,OOS,0.0095885469,0.0027190400,-0.0054290412,-0.0042374800,0.0000000000,0.0100296649,0.0037152456,0.0069493135,0.0123073150,0.0013197820
2025-06-24,OOS,0.0150831265,-0.0002520800,0.0040487600,0.0006398500,0.0000000000,0.0017402156,0.0041969771,0.0028693167,0.0148310213,0.0097592765
2025-06-25,OOS,0.0026308964,0.0000000000,0.0026311584,-0.0003612400,0.0002145508,0.0002963964,0.0015259554,0.0005787521,0.0026308964,0.0024503893
2025-06-26,OOS,0.0093502846,-0.0005203800,0.0093512134,0.0013990100,0.0000000000,-0.0028251318,0.0046843078,0.0011306054,0.0088298526,0.0097900201
2025-06-27,OOS,0.0034235290,-0.0015655100,-0.0013998503,0.0021770400,0.0000000000,0.0019192838,-0.0020703969,-0.0020335515,0.0018578624,0.0013173632
2025-06-30,OOS,0.0064770384,0.0000000000,0.0003533996,-0.0014906900,0.0000000000,-0.0038869801,0.0014295577,0.0014248373,0.0064770384,0.0026695678
2025-07-01,OOS,-0.0084656660,-0.0018456100,-0.0040337347,-0.0012984900,-0.0003961614,0.0010977010,-0.0058468399,-0.0051477053,-0.0103114606,-0.0078219719
2025-07-02,OOS,0.0070022122,0.0022570000,0.0000000000,0.0006947200,0.0000000000,-0.0021708634,0.0046051595,0.0055579149,0.0092589865,0.0049766160
2025-07-03,OOS,0.0098402324,0.0024679200,0.0041610046,-0.0020455500,0.0000000000,0.0000000000,0.0070535090,0.0065576765,0.0123079056,0.0072115195
2025-07-07,OOS,-0.0075329905,-0.0041293400,-0.0070936426,-0.0041036900,0.0001005706,-0.0088881318,-0.0100660087,-0.0090075155,-0.0116627434,-0.0114302432
2025-07-08,OOS,0.0005615637,0.0000000000,0.0000000000,-0.0038468900,-0.0001964515,-0.0006015435,0.0001122995,0.0001235344,0.0005615637,-0.0016428555
2025-07-09,OOS,0.0070789731,-0.0017977600,-0.0047596215,0.0020260000,0.0000000000,0.0054702409,-0.0029459502,-0.0016428306,0.0052810333,0.0012732039
2025-07-10,OOS,-0.0014382022,-0.0018240800,0.0000000000,0.0008857700,0.0000000000,0.0031028573,-0.0028779722,-0.0035633136,-0.0032624646,-0.0011883280
2025-07-11,OOS,-0.0022504276,0.0000000000,0.0000000000,0.0015704900,0.0000000000,-0.0091602156,-0.0004501386,-0.0004951327,-0.0022504276,-0.0003400813
2025-07-14,OOS,0.0036268495,-0.0001280800,-0.0049469928,0.0000717500,0.0000000000,0.0054129032,-0.0013365974,0.0005698572,0.0034987567,-0.0006886653
2025-07-15,OOS,0.0009169199,0.0000000000,0.0009170116,-0.0019122400,0.0000000000,-0.0090053660,0.0005318261,0.0002017066,0.0009169199,-0.0000392499
2025-07-16,OOS,0.0010238540,-0.0024006000,0.0009058816,0.0018817000,-0.0004108519,0.0074593952,-0.0028600670,-0.0040479317,-0.0013769861,0.0007053919
2025-07-17,OOS,0.0080927345,0.0025308300,0.0026308262,-0.0012994000,0.0000000000,0.0018992589,0.0062118658,0.0062852392,0.0106233114,0.0059772223
2025-07-18,OOS,-0.0009611962,0.0000000000,-0.0024318000,-0.0008494900,0.0000000000,-0.0008044251,-0.0011163763,-0.0002114797,-0.0009611962,-0.0021213166
2025-07-21,OOS,0.0052025799,-0.0005274700,0.0005268132,-0.0024108700,0.0000000000,0.0014784949,0.0004916020,0.0002055610,0.0046750572,0.0013952928
2025-07-22,OOS,-0.0051933780,-0.0070822800,-0.0034005203,-0.0005722000,0.0000000000,0.0050879745,-0.0123881963,-0.0137491898,-0.0122763662,-0.0081245719
2025-07-23,OOS,0.0045612472,0.0000000000,0.0000000000,0.0029892200,-0.0002772917,0.0030406315,0.0009121418,0.0010033961,0.0045612472,0.0037750055
2025-07-24,OOS,0.0021283766,0.0000000000,-0.0018491166,-0.0006497100,0.0000000000,-0.0063822247,-0.0002770968,0.0004682063,0.0021283766,-0.0001854239
2025-07-25,OOS,0.0024070370,-0.0012486400,0.0024072782,-0.0005896200,0.0000000000,0.0032000866,-0.0003770572,-0.0016931213,0.0011582721,0.0014879357
2025-07-28,OOS,0.0031251655,0.0000000000,0.0031254779,-0.0003159400,0.0000000000,-0.0051735889,0.0018126386,0.0006874828,0.0031251655,0.0029673359
2025-07-29,OOS,-0.0015489140,0.0000000000,-0.0015490683,-0.0001359400,0.0002376320,-0.0018655748,-0.0008984665,-0.0003407877,-0.0015489140,-0.0016169679
2025-07-30,OOS,0.0013397736,0.0000000000,-0.0047124696,-0.0069964700,0.0000000000,-0.0059388417,-0.0015229622,0.0002947272,0.0013397736,-0.0051849328
2025-07-31,OOS,-0.0052991092,-0.0005585200,-0.0069834978,0.0046396800,-0.0000911138,-0.0025913234,-0.0045067594,-0.0021600387,-0.0058576851,-0.0041009276
2025-08-01,OOS,-0.0196987664,-0.0088812300,0.0197014339,-0.0066661200,-0.0003725848,-0.0349536429,-0.0090658608,-0.0201423278,-0.0285808845,-0.0077743113
2025-08-04,OOS,0.0184516502,0.0021633100,-0.0131168491,0.0009261900,0.0000000000,0.0019834688,0.0017769281,0.0079098229,0.0206147439,0.0042105721
2025-08-05,OOS,-0.0067895763,-0.0007780700,0.0000000000,-0.0041523000,0.0000000000,0.0002228539,-0.0024629548,-0.0028787574,-0.0075677241,-0.0058603126
2025-08-06,OOS,0.0125832188,0.0059719600,0.0005879156,0.0029614100,0.0000000000,-0.0009198596,0.0112198036,0.0133983790,0.0185545816,0.0110516524
2025-08-07,OOS,0.0034372136,0.0000000000,-0.0026911400,0.0008434800,-0.0002814102,-0.0006174885,-0.0003353555,0.0007561280,0.0034372136,0.0007944704
2025-08-08,OOS,0.0092750365,0.0008991700,0.0010674915,-0.0019927000,0.0000000000,0.0094838531,0.0035372669,0.0036409067,0.0101741166,0.0046240886
2025-08-11,OOS,-0.0029588374,0.0000000000,-0.0023452451,0.0013587300,0.0000000000,-0.0042997661,-0.0014830229,-0.0006509950,-0.0029588374,-0.0019727442
2025-08-12,OOS,0.0125687353,0.0041112400,0.0045243375,0.0016479800,0.0000000000,0.0023124016,0.0100706954,0.0100830743,0.0166795642,0.0114257442
2025-08-13,OOS,0.0004999569,0.0000000000,0.0005000067,0.0001571700,0.0001392882,-0.0063692601,0.0002899817,0.0001099819,0.0004999569,0.0005785589
2025-08-14,OOS,-0.0007754075,0.0000000000,-0.0007754847,-0.0034338400,0.0000000000,0.0106366084,-0.0004497846,-0.0001706030,-0.0007754075,-0.0024925378
2025-08-15,OOS,-0.0043973857,-0.0034146500,-0.0029593813,-0.0027564300,-0.0000892068,0.0053859777,-0.0068530421,-0.0070455601,-0.0078123772,-0.0067642321
2025-08-18,OOS,-0.0004330204,0.0000000000,0.0004332739,0.0006967400,0.0000000000,0.0031738483,0.0000780163,-0.0000952719,-0.0004330204,0.0003484534
2025-08-19,OOS,-0.0135334177,0.0085928500,0.0135296131,0.0016138100,-0.0003422459,-0.0042375820,0.0146358110,0.0123173524,-0.0049414270,0.0051000745
2025-08-20,OOS,-0.0059373243,-0.0080937500,0.0059368466,-0.0027051900,0.0000631434,-0.0011191494,-0.0104252996,-0.0157133014,-0.0140318837,-0.0054003026
2025-08-21,OOS,-0.0046297932,0.0000000000,0.0000000000,-0.0028342300,0.0000000000,0.0051732170,-0.0009260679,-0.0010186340,-0.0046297932,-0.0037322431
2025-08-22,OOS,0.0154274961,0.0002547800,-0.0010170386,-0.0002839400,0.0000000000,-0.0073720698,0.0030604099,0.0038473028,0.0156822506,0.0071898265
2025-08-25,OOS,-0.0028847667,0.0000000000,-0.0035267635,0.0002298800,0.0000000000,0.0013329387,-0.0019172040,-0.0006346982,-0.0028847667,-0.0030908572
2025-08-26,OOS,0.0040152897,0.0000000000,0.0000000000,-0.0002613700,0.0000000000,-0.0041613394,0.0008029632,0.0008832948,0.0040152897,0.0018767591
2025-08-27,OOS,0.0015368226,0.0000000000,-0.0002743406,-0.0038256800,0.0000000000,-0.0036551426,0.0002030703,0.0003380746,0.0015368226,-0.0012817903
2025-08-28,OOS,0.0062599173,-0.0013881800,0.0062605435,0.0014485900,0.0000000000,-0.0006607887,0.0016595076,-0.0010939404,0.0048715985,0.0062904324
2025-08-29,OOS,-0.0115755181,0.0016549000,-0.0072563136,-0.0010576500,0.0000000000,0.0000000000,-0.0027228941,0.0003988446,-0.0099207836,-0.0091175068
2025-09-02,OOS,-0.0083800842,0.0000000000,0.0083929885,-0.0000893600,0.0000000000,0.0005750680,0.0015128595,-0.0018437623,-0.0083800842,-0.0000390665
2025-09-03,OOS,0.0078616386,0.0000000000,-0.0063849971,-0.0025518200,0.0000000000,0.0116913822,-0.0008543557,0.0017294256,0.0078616386,-0.0005383016
2025-09-04,OOS,0.0090573612,0.0017581800,0.0034065071,0.0022950100,0.0000000000,0.0061266474,0.0056024080,0.0051220933,0.0108153654,0.0082582466
2025-09-05,OOS,0.0014429011,0.0000000000,0.0014430449,0.0016423800,0.0001807562,0.0143436827,0.0008369021,0.0003174135,0.0014429011,0.0022640809
2025-09-08,OOS,0.0048779641,0.0000000000,0.0048784495,-0.0002459800,0.0000000000,0.0082601828,0.0028292848,0.0010730684,0.0048779641,0.0047552045
2025-09-09,OOS,0.0028331059,0.0000000000,-0.0025530626,0.0015999500,0.0000000000,-0.0014282391,-0.0004036890,0.0006232347,0.0028331059,0.0009397273
2025-09-10,OOS,0.0003272984,0.0000000000,-0.0054049495,0.0033193400,0.0000000000,0.0032356870,-0.0019885973,0.0000720000,0.0003272984,-0.0008794422
2025-09-11,OOS,0.0058205614,0.0000000000,-0.0001684791,-0.0016648900,0.0000000000,0.0086170293,0.0010999476,0.0012804236,0.0058205614,0.0019932967
2025-09-12,OOS,0.0044172031,0.0000000000,0.0044176449,-0.0028097000,0.0000000000,-0.0025098589,0.0025620381,0.0009717089,0.0044172031,0.0030124335
2025-09-15,OOS,0.0085569154,-0.0014457700,0.0085577675,-0.0014666400,0.0000000000,0.0080859851,0.0029100138,-0.0006911527,0.0071110008,0.0071009908
2025-09-16,OOS,-0.0008450514,0.0000000000,-0.0008451348,-0.0007287600,0.0000000000,-0.0007252569,-0.0004901821,-0.0001859258,-0.0008450514,-0.0012095095
2025-09-17,OOS,-0.0019960080,-0.0067394600,-0.0066942475,-0.0056940800,-0.0001868757,-0.0021900761,-0.0125134803,-0.0124355902,-0.0087361419,-0.0105625194
2025-09-18,OOS,0.0090169492,-0.0047682800,0.0036744061,0.0000239100,0.0000000000,0.0029448939,-0.0035718205,-0.0065041510,0.0042481924,0.0039732255
2025-09-19,OOS,0.0067694685,0.0000000000,0.0011194715,0.0030386600,0.0000000000,0.0040196050,0.0017791680,0.0014891669,0.0067694685,0.0054635175
2025-09-22,OOS,0.0047551514,0.0008339500,0.0047556264,0.0028153000,0.0000000000,0.0081072890,0.0039423302,0.0025305154,0.0055890180,0.0065798314
2025-09-23,OOS,-0.0066904683,0.0006514500,-0.0047311019,0.0030273500,-0.0002519690,0.0032152406,-0.0022110387,-0.0003124623,-0.0060390834,-0.0038715690
2025-09-24,OOS,-0.0034622207,-0.0035772900,0.0034702368,0.0012210200,0.0000000000,-0.0103659010,-0.0044538269,-0.0071293454,-0.0070398684,-0.0011744736
2025-09-25,OOS,-0.0043952357,-0.0070224600,0.0043749773,-0.0069839400,0.0000000000,-0.0038452306,-0.0091890602,-0.0134671302,-0.0114183979,-0.0070140295
2025-09-26,OOS,0.0041955921,0.0000000000,-0.0041397868,0.0027829500,0.0000000000,0.0058715367,-0.0007342286,0.0009229583,0.0041955921,0.0014189609
2025-09-29,OOS,0.0046311056,-0.0031604500,-0.0123562225,-0.0010931900,0.0000000000,0.0120948313,-0.0082573960,-0.0046069610,0.0014703396,-0.0059902278
2025-09-30,OOS,0.0027391312,0.0000000000,0.0000000000,-0.0003844400,0.0000000000,0.0028850253,0.0005477616,0.0006025619,0.0027391312,0.0011772086
2025-10-01,OOS,0.0047970418,0.0009617300,0.0028427412,0.0020371400,0.0000000000,0.0093439119,0.0034052574,0.0027671839,0.0057586756,0.0053191766
2025-10-02,OOS,0.0041110651,0.0000000000,0.0041114750,-0.0004706300,0.0000000000,0.0026797904,0.0023844734,0.0009043638,0.0041110651,0.0038759315
2025-10-03,OOS,-0.0042097964,-0.0026737700,-0.0038640606,0.0023908400,0.0000000000,0.0079817259,-0.0061071789,-0.0056854983,-0.0068838338,-0.0041784108
2025-10-06,OOS,0.0075267748,0.0000000000,-0.0015869583,0.0014467600,0.0000000000,0.0071402258,0.0009020837,0.0016557613,0.0075267748,0.0036928326
2025-10-07,OOS,-0.0052984927,0.0009236300,-0.0028808964,-0.0032985100,-0.0002811850,-0.0008901348,-0.0008430511,0.0004782659,-0.0043749551,-0.0052772554
2025-10-08,OOS,0.0114805624,0.0061365100,0.0025565216,0.0011899200,0.0000000000,0.0109078884,0.0119810667,0.0134486682,0.0176164587,0.0106813108
2025-10-09,OOS,-0.0011759126,-0.0035724600,-0.0050064590,-0.0013198300,0.0000000000,-0.0153929825,-0.0072107346,-0.0066177993,-0.0047487298,-0.0055375754
2025-10-10,OOS,-0.0350176267,0.0312477300,0.0190973171,0.0079770300,0.0005966897,-0.0222446035,0.0446226688,0.0479152570,-0.0037730215,0.0116495195
2025-10-13,OOS,0.0215072921,-0.0026786200,-0.0214458498,0.0012897200,-0.0003955680,0.0271798422,-0.0076527123,-0.0000368133,0.0188284042,-0.0006658765
2025-10-14,OOS,-0.0066610189,0.0000000000,0.0000000000,-0.0020106500,-0.0004497183,0.0122795564,-0.0013323610,-0.0014655385,-0.0066610189,-0.0043361675
2025-10-15,OOS,0.0070568562,-0.0021459100,-0.0125099234,-0.0020501800,-0.0009630022,0.0080636419,-0.0063900934,-0.0022674166,0.0049107316,-0.0048255569
2025-10-16,OOS,-0.0037029657,-0.0082863100,-0.0068266457,0.0065627000,-0.0003610469,0.0072633177,-0.0151018211,-0.0155645452,-0.0119901043,-0.0061267669
2025-10-17,OOS,0.0065351089,-0.0074026100,0.0000000000,-0.0008485300,-0.0004698981,-0.0161719891,-0.0092053490,-0.0117393239,-0.0008682414,-0.0008584281
2025-10-20,OOS,0.0126657736,0.0029329500,0.0042850285,-0.0016454900,0.0000000000,0.0218499830,0.0083260142,0.0080070187,0.0155984303,0.0091187120
2025-10-21,OOS,-0.0002943293,0.0003245600,-0.0017842266,-0.0004805200,0.0000000000,-0.0330402597,-0.0002760544,0.0005129466,0.0000301982,-0.0011173324
2025-10-22,OOS,-0.0096339429,0.0029937800,-0.0049506511,-0.0049633800,0.0004860422,-0.0157635084,0.0004427251,0.0032091784,-0.0066404623,-0.0082773312
2025-10-23,OOS,0.0084064146,0.0003609000,-0.0048800842,0.0007148500,0.0000000000,0.0091728410,0.0003389692,0.0024916831,0.0087672785,0.0023003759
2025-10-24,OOS,0.0106783714,0.0000000000,0.0001107072,0.0000000000,0.0000000000,0.0080844002,0.0021774945,0.0023490585,0.0106783714,0.0053940109
2025-10-27,OOS,0.0178091071,0.0000000000,0.0178108878,0.0001717300,0.0000000000,-0.0099342177,0.0103295249,0.0039176980,0.0178091071,0.0178958539
2025-10-28,OOS,0.0076899807,0.0000000000,0.0076907362,0.0008824400,0.0000807234,0.0019579871,0.0044602886,0.0016916638,0.0076899807,0.0081315343
2025-10-29,OOS,0.0045029388,0.0000000000,-0.0034969550,-0.0059081600,-0.0003571523,-0.0014539518,-0.0004284704,0.0009905693,0.0045029388,-0.0024514881
2025-10-30,OOS,-0.0152885477,-0.0054224700,0.0020994485,0.0054582300,-0.0005648905,0.0003067675,-0.0099603913,-0.0130155271,-0.0207115599,-0.0065775390
2025-10-31,OOS,0.0048238959,0.0000000000,-0.0099137164,-0.0005731400,0.0004697462,-0.0078434922,-0.0028028558,0.0010611743,0.0048238959,-0.0028322171
2025-11-03,OOS,0.0047848411,0.0000000000,0.0000000000,0.0004270700,-0.0005150853,0.0000000000,0.0009568553,0.0010525829,0.0047848411,0.0026057163
2025-11-04,OOS,-0.0202980635,0.0000000000,0.0076393924,0.0027492500,-0.0004878737,0.0003831925,-0.0011573607,-0.0044659223,-0.0202980635,-0.0049561074
2025-11-05,OOS,0.0066209124,0.0020671000,-0.0066189885,-0.0003429600,0.0000000000,0.0012723649,0.0017438335,0.0051360061,0.0086878057,0.0008623700
2025-11-06,OOS,-0.0187374669,0.0066318500,0.0065421983,-0.0070632700,-0.0005511852,-0.0005705556,0.0081551698,0.0076818690,-0.0121062801,-0.0063146083
2025-11-07,OOS,-0.0031552962,0.0016679800,0.0050003338,0.0091020600,-0.0003952527,-0.0005763514,0.0036374116,0.0022747198,-0.0014874830,0.0063070003
2025-11-10,OOS,0.0221241841,-0.0041999900,0.0017164282,0.0020711000,-0.0003947624,0.0034624239,-0.0008874654,-0.0026092058,0.0179237741,0.0108548408
2025-11-11,OOS,-0.0027598158,0.0000000000,-0.0079783199,0.0007913900,0.0000000000,0.0031245592,-0.0035839082,-0.0006072068,-0.0027598158,-0.0049736338
2025-11-12,OOS,-0.0007240431,0.0000000000,0.0000000000,-0.0000666700,0.0001026067,0.0107280626,-0.0001448257,-0.0001593019,-0.0007240431,-0.0003953928
2025-11-13,OOS,-0.0203845039,0.0061694300,-0.0008916683,0.0048265300,-0.0004139208,-0.0071607340,0.0043441623,0.0064964031,-0.0142156908,-0.0051410807
2025-11-14,OOS,0.0007560815,-0.0017846600,-0.0061369487,-0.0082602500,0.0003575460,-0.0067733474,-0.0047152049,-0.0030104397,-0.0010287570,-0.0077133908
2025-11-17,OOS,-0.0085405512,-0.0055627300,0.0000000000,0.0006596000,0.0001496866,-0.0033579018,-0.0096075732,-0.0117806519,-0.0141038375,-0.0067222676
2025-11-18,OOS,-0.0121757281,-0.0144758900,-0.0082535262,-0.0050332800,-0.0006360882,-0.0047247980,-0.0261282076,-0.0284461023,-0.0266530657,-0.0199701876
2025-11-19,OOS,0.0058207979,-0.0051429500,0.0000000000,-0.0036788400,-0.0004614246,0.0030443275,-0.0061393019,-0.0078741767,0.0006773336,-0.0015009371
2025-11-20,OOS,-0.0235269207,0.0124938600,-0.0064966836,0.0210981300,-0.0003931227,-0.0012835903,0.0105658270,0.0170622553,-0.0110343101,0.0017825133
2025-11-21,OOS,0.0075127632,-0.0038190400,-0.0142936095,-0.0005826800,-0.0001277827,0.0085633852,-0.0093525808,-0.0051453618,0.0036933413,-0.0055923735
2025-11-24,OOS,0.0255732371,0.0097634500,0.0003132846,-0.0010491900,0.0000000000,-0.0013034964,0.0190969512,0.0230049967,0.0353357108,0.0172991279
2025-11-25,OOS,0.0061653117,0.0000000000,-0.0045811284,0.0041889900,0.0000000000,0.0077743662,-0.0005080547,0.0013562628,0.0061653117,0.0028860493
2025-11-26,OOS,0.0088340935,0.0000000000,0.0088349738,-0.0033770500,0.0000000000,0.0030417989,0.0051238935,0.0019433490,0.0088340935,0.0071458398
2025-11-28,OOS,0.0081071841,0.0000000000,0.0081079850,0.0000000000,0.0000000000,0.0026750958,0.0047022736,0.0017834414,0.0081071841,0.0081075845
2025-12-01,OOS,-0.0032781591,0.0000000000,-0.0095469023,-0.0030022300,0.0000000000,-0.0085284143,-0.0042836748,-0.0007212513,-0.0032781591,-0.0079139591
2025-12-02,OOS,0.0078309193,0.0000000000,-0.0055052769,-0.0005090200,0.0000000000,0.0031250205,-0.0005261777,0.0017226679,0.0078309193,0.0009076444
2025-12-03,OOS,0.0023576754,0.0000000000,-0.0006289733,0.0033766600,0.0000000000,0.0073740841,0.0002324500,0.0005186481,0.0023576754,0.0025525122
2025-12-04,OOS,-0.0009302027,0.0000000000,-0.0038849730,-0.0051746900,0.0000000000,-0.0073385765,-0.0016624294,-0.0002046606,-0.0009302027,-0.0049951916
2025-12-05,OOS,0.0040774392,-0.0037817800,0.0005239102,-0.0002188600,0.0000000000,-0.0029068360,-0.0043559080,-0.0058347498,0.0002952810,0.0003001547
2025-12-08,OOS,-0.0019185266,0.0000000000,-0.0033295295,-0.0021924800,0.0000000000,-0.0019338682,-0.0016489958,-0.0004221088,-0.0019185266,-0.0037203777
2025-12-09,OOS,0.0012334209,0.0000000000,0.0000000000,-0.0019249000,0.0000000000,-0.0052111833,0.0002466551,0.0002713314,0.0012334209,-0.0003458358
2025-12-10,OOS,0.0040956723,0.0000000000,-0.0009278541,-0.0016992300,0.0000000000,0.0043705539,0.0004664243,0.0009009776,0.0040956723,0.0007340429
2025-12-11,OOS,-0.0032344928,-0.0064630600,-0.0156422815,0.0016818800,0.0000000000,0.0065176340,-0.0157687662,-0.0122160328,-0.0096981991,-0.0118295975
2025-12-12,OOS,-0.0191182583,0.0014947900,0.0041839061,-0.0040219900,0.0000000000,-0.0071390065,-0.0001117089,-0.0015456772,-0.0176236178,-0.0087319412
2025-12-15,OOS,-0.0050193931,-0.0035107200,0.0049770669,0.0006164300,0.0000000000,0.0024173285,-0.0040981789,-0.0073533994,-0.0085304642,-0.0014688079
2025-12-16,OOS,0.0019818521,0.0000000000,-0.0021082815,-0.0037236900,0.0000000000,0.0067207600,-0.0004048890,0.0004359735,0.0019818521,-0.0019252642
2025-12-17,OOS,-0.0185369841,0.0065330600,0.0099412201,0.0040541100,0.0000000000,0.0010024968,0.0093466318,0.0075501364,-0.0120045774,0.0009942791
2025-12-18,OOS,0.0144900984,0.0000000000,-0.0121149738,-0.0028583700,0.0000000000,0.0053899614,-0.0017063898,0.0031875730,0.0144900984,-0.0002429530
2025-12-19,OOS,0.0130354123,-0.0048498200,0.0010032334,-0.0003874300,0.0000000000,-0.0029413309,-0.0038989582,-0.0057653025,0.0081851073,0.0044000962
2025-12-22,OOS,0.0035005267,0.0000000000,0.0035008764,-0.0021315400,0.0000000000,-0.0050096637,0.0020303531,0.0007700558,0.0035005267,0.0024348250
2025-12-23,OOS,0.0046833869,0.0000000000,0.0046838531,0.0012754400,0.0000000000,-0.0006730257,0.0027164275,0.0010302648,0.0046833869,0.0053212762
2025-12-24,OOS,0.0029255276,0.0000000000,0.0029258175,-0.0003732100,0.0000000000,0.0035162826,0.0016968449,0.0006435659,0.0029255276,0.0027390489
2025-12-26,OOS,-0.0000961646,0.0000000000,-0.0000961741,-0.0018900900,0.0000000000,0.0095869812,-0.0000557814,-0.0000211579,-0.0000961646,-0.0010413089
2025-12-29,OOS,-0.0048247231,0.0000000000,-0.0070764315,-0.0037155100,0.0000000000,-0.0108185574,-0.0036541421,-0.0010615219,-0.0048247231,-0.0078085181
2025-12-30,OOS,-0.0023032568,0.0000000000,0.0000000000,0.0006086500,0.0000000000,0.0058805622,-0.0004607057,-0.0005067560,-0.0023032568,-0.0008474186
2025-12-31,OOS,-0.0082656636,0.0007270100,0.0062406823,0.0010079800,0.0000000000,-0.0002106353,0.0017503098,-0.0005245385,-0.0075387263,-0.0001457210
2026-01-02,OOS,-0.0019371327,-0.0047057800,-0.0103299459,-0.0036352100,-0.0001247041,0.0007707452,-0.0109952200,-0.0088026086,-0.0066433833,-0.0103044539
2026-01-05,OOS,0.0079429802,0.0000000000,-0.0085135708,0.0001349000,0.0000638435,0.0061351560,-0.0016470136,0.0017473193,0.0079429802,-0.0002186681
2026-01-06,OOS,0.0091182705,-0.0022101100,0.0005498508,0.0031344900,0.0000000000,0.0069817662,-0.0011060262,-0.0019282193,0.0069079395,0.0052958222
2026-01-07,OOS,0.0006333935,-0.0040197200,0.0006334568,0.0009534900,0.0000000000,-0.0066538755,-0.0053409566,-0.0070159233,-0.0033867285,-0.0008998432
2026-01-08,OOS,-0.0056889202,-0.0096696400,-0.0080484722,-0.0033334300,0.0000000000,-0.0037853365,-0.0179277124,-0.0184638027,-0.0153595272,-0.0133708814
2026-01-09,OOS,0.0100327171,0.0029132500,0.0000000000,-0.0005835200,0.0000000000,-0.0036896294,0.0061430472,0.0073927247,0.0129456758,0.0061807219
2026-01-12,OOS,0.0007579445,0.0000000000,-0.0014057533,-0.0007855900,0.0000000000,0.0001211208,-0.0003826590,0.0001667348,0.0007579445,-0.0007168076
2026-01-13,OOS,-0.0014828515,-0.0022812700,-0.0013436921,-0.0042485700,0.0000000000,-0.0051329810,-0.0040467307,-0.0043869518,-0.0037643496,-0.0046785183
2026-01-14,OOS,-0.0106828053,0.0007700300,0.0000291093,0.0008051500,-0.0002976117,-0.0017094372,-0.0010322903,-0.0009797772,-0.0099128523,-0.0045397936
2026-01-15,OOS,0.0035993867,0.0000000000,-0.0115753873,0.0047587300,0.0000000000,0.0046258072,-0.0036792155,0.0007918033,0.0035993867,-0.0016093940
2026-01-16,OOS,-0.0011660073,0.0000000000,0.0000000000,0.0011663400,0.0000000000,-0.0016797456,-0.0002332290,-0.0002565416,-0.0011660073,0.0000001080
2026-01-20,OOS,-0.0209240727,0.0000000000,0.0075864076,0.0059006000,-0.0003482486,-0.0105664214,-0.0013027099,-0.0046036551,-0.0209240727,-0.0037199581
2026-01-21,OOS,0.0135184028,-0.0021872000,-0.0124090276,-0.0101764500,0.0000000000,-0.0024502031,-0.0051182237,-0.0009194850,0.0113309841,-0.0056284338
2026-01-22,OOS,0.0072694230,0.0000000000,0.0000000000,-0.0007639300,0.0000000000,0.0049292764,0.0014537130,0.0015991483,0.0072694230,0.0032523830
2026-01-23,OOS,0.0031574199,-0.0052724100,-0.0006617346,-0.0018036500,0.0000000000,-0.0007782805,-0.0071072476,-0.0086905181,-0.0021155173,-0.0022905412
2026-01-26,OOS,0.0044000514,-0.0011411100,0.0044004917,-0.0015396800,0.0000000000,0.0045472587,0.0009316198,-0.0010632847,0.0032588273,0.0030597425
2026-01-27,OOS,0.0089478144,0.0000000000,0.0089487059,-0.0010186800,0.0000000000,-0.0044736615,0.0051898531,0.0019683656,0.0089478144,0.0084388692
2026-01-28,OOS,0.0034283776,0.0000000000,0.0034287162,0.0005053300,0.0000000000,-0.0014923875,0.0019885042,0.0007541842,0.0034283776,0.0036811866
2026-01-29,OOS,-0.0060800354,-0.0027766700,-0.0131585621,0.0056082000,0.0000000000,-0.0031423719,-0.0101593276,-0.0062800848,-0.0088569831,-0.0082038877
2026-01-30,OOS,-0.0119166786,-0.0059574000,0.0000000000,-0.0002208800,0.0000000000,-0.0067132404,-0.0108432772,-0.0132258701,-0.0178746743,-0.0090480751
2026-02-02,OOS,0.0068663869,-0.0016929100,0.0000000000,0.0026739100,0.0000000000,0.0052719445,-0.0010308519,-0.0015029588,0.0051733076,0.0039233501
2026-02-03,OOS,-0.0153639761,0.0069822000,-0.0012529530,-0.0000305000,0.0000000000,0.0009593278,0.0063650825,0.0090477042,-0.0083824743,-0.0048333201
2026-02-04,OOS,-0.0174690197,0.0012663300,0.0175111012,-0.0061649800,0.0000000000,0.0015029089,0.0049576776,-0.0015894663,-0.0162028163,-0.0024300333
2026-02-05,OOS,-0.0143953776,-0.0025170700,0.0139339768,0.0006187000,0.0000000000,-0.0137654867,-0.0011592420,-0.0076475161,-0.0169126993,-0.0011813019
2026-02-06,OOS,0.0211379663,0.0056239300,-0.0115573052,0.0022859600,0.0000000000,0.0186853853,0.0078207952,0.0146608055,0.0267613339,0.0087436408
2026-02-09,OOS,0.0079662101,0.0001579000,0.0079670068,0.0003655300,0.0000000000,0.0004449122,0.0048447415,0.0020334977,0.0081240943,0.0082282973
2026-02-10,OOS,-0.0049171156,0.0000000000,-0.0037071286,0.0021740700,0.0000000000,-0.0041691397,-0.0023922325,-0.0010818498,-0.0049171156,-0.0032251958
2026-02-11,OOS,0.0026574650,0.0000000000,0.0000000000,-0.0030026200,0.0000000000,0.0019603757,0.0005314303,0.0005845967,0.0026574650,-0.0001727276
2026-02-12,OOS,-0.0203389278,0.0096742200,0.0097742232,0.0024443800,0.0000000000,-0.0160191581,0.0133830000,0.0127448196,-0.0106656752,0.0007754420
2026-02-13,OOS,0.0021310602,0.0000000000,-0.0079021602,-0.0035547000,0.0000000000,-0.0017392129,-0.0025769054,0.0004687967,0.0021310602,-0.0046634017
2026-02-17,OOS,-0.0010300372,-0.0018998800,-0.0119488522,-0.0011117900,0.0000000000,0.0002688225,-0.0074447003,-0.0036084513,-0.0029301072,-0.0079958256
2026-02-18,OOS,0.0074671545,0.0047235900,-0.0032594017,0.0009226800,0.0000000000,0.0067480167,0.0069619575,0.0100507074,0.0121902721,0.0049264751
2026-02-19,OOS,-0.0038297100,0.0000000000,-0.0045570015,-0.0022257100,0.0000000000,0.0007516776,-0.0024977075,-0.0008426019,-0.0038297100,-0.0053063220
2026-02-20,OOS,0.0088488243,-0.0126870200,-0.0077419604,0.0040409300,0.0000000000,0.0026763965,-0.0191887442,-0.0206368029,-0.0038394644,-0.0037704426
2026-02-23,OOS,-0.0121548595,-0.0042971800,0.0000000000,-0.0052253000,0.0000000000,-0.0112017369,-0.0085333642,-0.0103230898,-0.0164524692,-0.0108392775
2026-02-24,OOS,0.0106582864,-0.0023746600,0.0000000000,-0.0030701800,0.0000000000,0.0036155290,-0.0012406450,-0.0018823477,0.0082833889,0.0026061903
2026-02-25,OOS,0.0145766839,-0.0022684600,0.0046739308,0.0014418700,0.0000000000,0.0034483183,0.0014698334,-0.0008313273,0.0123079971,0.0092115172
2026-02-26,OOS,-0.0120646040,0.0027317700,-0.0049323356,-0.0058901800,0.0000000000,-0.0018423977,-0.0004085000,0.0022080237,-0.0093331072,-0.0100780314
2026-02-27,OOS,-0.0030037424,0.0000000000,-0.0064955637,0.0006368300,0.0000000000,-0.0058582673,-0.0030691942,-0.0006608749,-0.0030037424,-0.0044314126
2026-03-02,OOS,0.0011195074,0.0000000000,0.0000000000,-0.0042526300,0.0000000000,-0.0147353076,0.0002238751,0.0002462724,0.0011195074,-0.0015667739
2026-03-03,OOS,-0.0107056521,0.0000000000,-0.0089221924,0.0050320600,0.0000000000,-0.0080677155,-0.0055317959,-0.0023554272,-0.0107056521,-0.0072981439
2026-03-04,OOS,0.0152431929,-0.0005764400,-0.0004764444,-0.0008446600,0.0000000000,0.0044687240,0.0020486851,0.0023271551,0.0146666953,0.0066720383
2026-03-05,OOS,-0.0030126893,0.0000000000,-0.0078609599,0.0026206500,0.0000000000,-0.0105267478,-0.0035898765,-0.0006628433,-0.0030126893,-0.0041267420
2026-03-06,OOS,-0.0150432740,0.0000000000,-0.0082478541,-0.0005320700,0.0000000000,0.0087086248,-0.0061430974,-0.0033097784,-0.0150432740,-0.0119119388
2026-03-09,OOS,0.0133555648,0.0014811200,-0.0091552132,-0.0067852600,0.0000000000,0.0100266131,0.0012946840,0.0055744467,0.0148365367,-0.0005530197
2026-03-10,OOS,0.0000164539,-0.0018472000,-0.0045717445,-0.0076818000,0.0000000000,-0.0047754423,-0.0043570918,-0.0032844688,-0.0018309308,-0.0070426217
2026-03-11,OOS,-0.0001316287,0.0000000000,-0.0020744420,-0.0043932100,0.0000000000,-0.0094567867,-0.0008146752,-0.0000289606,-0.0001316287,-0.0032998600
2026-03-12,OOS,-0.0171633563,0.0013669000,0.0043173293,0.0016307300,0.0000000000,-0.0041804682,0.0001484072,-0.0013432044,-0.0157965930,-0.0049252725
2026-03-13,OOS,-0.0059270669,0.0000000000,-0.0055706731,-0.0029189500,0.0000000000,-0.0014069789,-0.0033024079,-0.0013040564,-0.0059270669,-0.0072084909
2026-03-16,OOS,0.0110995082,0.0000000000,-0.0112006946,-0.0042122300,0.0000000000,0.0068418046,-0.0020369733,0.0024417013,0.0110995082,-0.0021578232
2026-03-17,OOS,0.0049974180,0.0000000000,-0.0023161581,-0.0000305400,0.0000000000,0.0062523643,0.0001191534,0.0010993462,0.0049974180,0.0013249943
2026-03-18,OOS,-0.0139397656,0.0033843500,0.0021726534,0.0026002300,0.0000000000,-0.0214288737,0.0028430710,0.0029570228,-0.0105557540,-0.0028920717
2026-03-19,OOS,-0.0031601950,0.0000000000,-0.0002977013,-0.0106484600,0.0000000000,-0.0071059496,-0.0007452308,-0.0006952971,-0.0031601950,-0.0070537106
2026-03-20,OOS,-0.0184816701,0.0070317900,0.0071317926,0.0027857400,0.0000000000,-0.0078893926,0.0089982684,0.0084500263,-0.0114505833,-0.0007674544
2026-03-23,OOS,0.0102051335,0.0002384600,-0.0145458594,-0.0081152100,0.0000000000,0.0038253275,-0.0031484869,0.0026694224,0.0104435697,-0.0061099755
2026-03-24,OOS,-0.0068367347,0.0000000000,0.0000000000,-0.0029543100,0.0000000000,0.0033869381,-0.0013675083,-0.0015041990,-0.0068367347,-0.0048958642
2026-03-25,OOS,0.0065755677,0.0000000000,0.0000000000,-0.0059963900,0.0000000000,0.0052841391,0.0013149584,0.0014465121,0.0065755677,0.0002892601
2026-03-26,OOS,-0.0238678507,0.0089180700,0.0090180686,0.0072163200,0.0000000000,-0.0077467282,0.0113161643,0.0106224786,-0.0149506725,0.0006406597
2026-03-27,OOS,-0.0195367643,0.0037296100,0.0191856096,0.0021903300,0.0000000000,-0.0034664190,0.0086782614,0.0023401364,-0.0158075273,0.0027824565
2026-03-30,OOS,-0.0075189306,-0.0002647100,0.0071032496,0.0041204100,0.0000000000,0.0098785475,0.0008191550,-0.0021254672,-0.0077836671,0.0017192784
2026-03-31,OOS,0.0337243664,0.0063850900,-0.0117812196,0.0049251800,0.0000000000,0.0144997495,0.0113335114,0.0187844921,0.0401088179,0.0166244331
2026-04-01,OOS,0.0123358398,-0.0045376500,0.0123370663,0.0006400300,0.0000000000,-0.0022053148,0.0007111159,-0.0053635216,0.0077977360,0.0103874482
2026-04-02,OOS,0.0011637857,0.0000000000,-0.0199699040,0.0000000000,0.0000000000,-0.0020710321,-0.0073564561,0.0002560129,0.0011637857,-0.0094041158
2026-04-06,OOS,0.0060172997,-0.0019809900,-0.0075098056,-0.0033419100,0.0000000000,-0.0021303678,-0.0044635974,-0.0022025371,0.0040361116,-0.0034083793
2026-04-07,OOS,0.0001529312,0.0001861500,0.0000000000,-0.0064020500,0.0000000000,-0.0011353003,0.0002949052,0.0003649872,0.0003390626,-0.0030317952
2026-04-08,OOS,0.0297320716,0.0000000000,-0.0003309355,0.0000530900,0.0000000000,-0.0193892471,0.0058199468,0.0065405455,0.0297320716,0.0147256099
2026-04-09,OOS,0.0067646719,0.0000000000,0.0067653486,-0.0000124100,0.0000000000,0.0003870207,0.0039236020,0.0014881117,0.0067646719,0.0067588046
2026-04-10,OOS,0.0014585621,0.0000000000,0.0014587070,-0.0031015000,0.0000000000,0.0025467554,0.0008459855,0.0003208586,0.0014585621,-0.0000922705
2026-04-13,OOS,0.0105174445,0.0000000000,-0.0001166995,0.0037299900,0.0000000000,-0.0132870615,0.0020588912,0.0023136573,0.0105174445,0.0070648358
2026-04-14,OOS,0.0179107281,0.0074903300,0.0179125121,0.0012976800,0.0000000000,-0.0141226351,0.0210249882,0.0172731336,0.0254003091,0.0223051857
2026-04-15,OOS,0.0140525990,0.0033477800,0.0140539740,0.0031939700,0.0000000000,0.0023691076,0.0129048109,0.0090505101,0.0174000442,0.0173238344
2026-04-16,OOS,0.0048164418,0.0000000000,0.0048169065,-0.0075831800,0.0000000000,0.0072878025,0.0027935955,0.0010595345,0.0048164418,0.0010247050
2026-04-17,OOS,0.0130841413,0.0000000000,0.0130853978,-0.0019065600,0.0000000000,-0.0244565604,0.0075889607,0.0028782866,0.0130841413,0.0121313942
2026-04-20,OOS,-0.0031748478,-0.0025441400,-0.0051088452,0.0020564100,0.0000000000,-0.0033099355,-0.0061891109,-0.0052270809,-0.0057192422,-0.0043858082
2026-04-21,OOS,-0.0038033983,0.0000000000,0.0000000000,-0.0001213400,0.0000000000,0.0131003441,-0.0007607694,-0.0008368129,-0.0038033983,-0.0019625593
2026-04-22,OOS,0.0167305573,-0.0008694600,0.0059969991,-0.0013234600,0.0000000000,0.0056308421,0.0043900301,0.0021327627,0.0158610104,0.0102667815
2026-04-23,OOS,-0.0056326418,-0.0023529200,-0.0050457412,-0.0017296600,0.0000000000,0.0072426904,-0.0063851224,-0.0054273833,-0.0079857971,-0.0073806856
2026-04-24,OOS,0.0192809555,0.0039589200,0.0080382284,0.0029163300,0.0000000000,-0.0092583798,0.0125320785,0.0112885120,0.0232394796,0.0170966548
2026-04-27,OOS,0.0003765174,0.0000000000,0.0003765547,0.0003726000,0.0000000000,0.0023969007,0.0002183851,0.0000828274,0.0003765174,0.0005628174
2026-04-28,OOS,-0.0100567574,-0.0007347300,-0.0083351022,-0.0004801600,0.0000000000,0.0094704700,-0.0062221639,-0.0035204498,-0.0107915609,-0.0098034609
2026-04-29,OOS,0.0061136035,-0.0012138900,0.0000000000,0.0025076200,0.0000000000,0.0222231658,-0.0005011544,-0.0008158839,0.0048995921,0.0037033611
2026-04-30,OOS,0.0093262996,-0.0043237100,0.0030850005,0.0008896600,0.0000000000,-0.0133854723,-0.0031025918,-0.0056447472,0.0050021572,0.0044883130
2026-05-01,OOS,0.0096444724,-0.0042342100,0.0096454339,-0.0004729100,0.0000000000,-0.0023324183,-0.0004190025,-0.0054154412,0.0054098390,0.0072911578
2026-05-04,OOS,-0.0019282684,-0.0033888400,-0.0021766040,-0.0029036600,0.0000000000,-0.0145505873,-0.0060251442,-0.0064564539,-0.0053174473,-0.0051990008
2026-05-05,OOS,0.0129740816,0.0018287300,0.0019876520,-0.0006021900,0.0000000000,0.0128890265,0.0059466297,0.0061092863,0.0148026287,0.0080935875
2026-05-06,OOS,0.0205249336,0.0041237100,0.0205269820,0.0023106200,0.0000000000,0.0219566251,0.0177607477,0.0118554985,0.0246482312,0.0237428011
2026-05-07,OOS,-0.0009488212,-0.0008289800,-0.0037083974,0.0001306700,0.0000000000,-0.0099549971,-0.0027761788,-0.0016843412,-0.0017778841,-0.0026779023
2026-05-08,OOS,0.0234408726,0.0081791800,0.0119380779,0.0027107700,0.0000000000,0.0130598862,0.0208386894,0.0197158504,0.0316192347,0.0231338751
2026-05-11,OOS,0.0028963908,0.0000000000,0.0028966770,-0.0014088300,0.0000000000,0.0027352413,0.0016799449,0.0006371563,0.0028963908,0.0021920485
2026-05-12,OOS,-0.0084818237,0.0011784100,-0.0106093205,0.0014199600,0.0000000000,-0.0041897474,-0.0040549020,0.0002313769,-0.0073035315,-0.0082465170
2026-05-13,OOS,0.0105621854,0.0013695300,-0.0002259093,0.0020975200,0.0000000000,-0.0001788954,0.0039710328,0.0047613166,0.0119315784,0.0069011236
2026-05-14,OOS,0.0071077780,-0.0008962100,0.0071084889,-0.0041707800,0.0000000000,0.0052398579,0.0028499162,-0.0000316997,0.0062114784,0.0045743851
2026-05-15,OOS,-0.0150877339,-0.0052360700,-0.0173133519,-0.0017963900,0.0000000000,-0.0292973045,-0.0170318895,-0.0126395599,-0.0203243275,-0.0197171245
2026-05-18,OOS,-0.0045280916,-0.0006960500,-0.0004542319,-0.0071188300,0.0000000000,0.0030503898,-0.0020667279,-0.0022351996,-0.0052242112,-0.0063989925
2026-05-19,OOS,-0.0059370580,-0.0033732800,0.0059418601,0.0008167300,0.0000000000,-0.0149986733,-0.0037199738,-0.0073106214,-0.0093106753,-0.0012764679
2026-05-20,OOS,0.0165637963,0.0040775100,-0.0043916986,0.0017650300,0.0000000000,0.0239108577,0.0074333460,0.0109018784,0.0206408985,0.0090062711
2026-05-21,OOS,0.0019070322,0.0000000000,0.0019072222,-0.0008492400,0.0000000000,0.0066582052,0.0011061044,0.0004195144,0.0019070322,0.0014824647
2026-05-22,OOS,0.0042406684,0.0000000000,0.0042410902,-0.0045857500,0.0000000000,0.0039071693,0.0024596446,0.0009328743,0.0042406684,0.0019477750
2026-05-26,OOS,0.0177551077,-0.0003372800,0.0177568663,0.0003860300,0.0000000000,0.0052085899,0.0098192328,0.0033054474,0.0174177940,0.0177803596
2026-05-27,OOS,-0.0011447664,-0.0013978200,-0.0011448778,-0.0009450500,0.0000000000,-0.0015756646,-0.0026489985,-0.0027400033,-0.0025427262,-0.0023163742
2026-05-28,OOS,0.0084393045,0.0010386200,0.0084401267,0.0011093900,0.0000000000,0.0072180640,0.0063698294,0.0037052864,0.0094778206,0.0095136132
2026-05-29,OOS,0.0036840674,-0.0038159000,0.0036844234,0.0026958600,0.0000000000,-0.0013285717,-0.0032820877,-0.0059820198,-0.0001322142,0.0031241694
2026-06-01,OOS,0.0060001896,-0.0004692000,0.0060007672,0.0034474300,0.0000000000,-0.0037475488,0.0028138806,0.0004847444,0.0055309427,0.0074894445
2026-06-02,OOS,0.0045373886,0.0000000000,0.0045378228,0.0009562500,0.0000000000,0.0036133539,0.0026317398,0.0009981476,0.0045373886,0.0050156829
2026-06-03,OOS,-0.0025466751,-0.0054243900,-0.0047107012,-0.0031393800,0.0000000000,-0.0100786934,-0.0100023855,-0.0102158514,-0.0079716075,-0.0079110013
2026-06-04,OOS,-0.0048373443,0.0000000000,-0.0074983104,-0.0010244700,0.0000000000,0.0114266593,-0.0038169871,-0.0010642988,-0.0048373443,-0.0066801954
2026-06-05,OOS,-0.0480009722,0.0256103700,0.0307586824,0.0139835100,0.0000000000,-0.0002694999,0.0384528087,0.0350244181,-0.0223931632,0.0111718571
2026-06-08,OOS,0.0156156923,-0.0018079000,-0.0219394903,0.0003938200,0.0000000000,0.0025626993,-0.0077820918,0.0002170515,0.0138076115,-0.0038708168
2026-06-09,OOS,-0.0114164816,0.0089421800,-0.0088423051,-0.0002190500,0.0000000000,0.0039791975,0.0070535498,0.0134049084,-0.0024751958,-0.0057682645
2026-06-10,OOS,-0.0200665353,0.0026176500,-0.0021363248,0.0047937600,0.0000000000,-0.0060273231,-0.0011084657,0.0002443324,-0.0174491471,-0.0073966216
2026-06-11,OOS,0.0337758941,0.0048903800,0.0069919994,0.0069965900,0.0000000000,0.0098187313,0.0163557740,0.0161351850,0.0386657851,0.0263260926
2026-06-12,OOS,0.0058846497,-0.0068842800,0.0058852341,0.0000000000,0.0000000000,0.0091202235,-0.0063630691,-0.0109597660,-0.0010003187,0.0024424577
2026-06-15,OOS,0.0314137577,0.0004997100,0.0314168590,-0.0025853300,0.0000000000,0.0053824641,0.0189300220,0.0077999910,0.0319134177,0.0303723941
2026-06-16,OOS,-0.0190053763,0.0123150500,-0.0066725620,0.0019863200,0.0000000000,0.0045667034,0.0111494418,0.0177387978,-0.0066915578,-0.0056889992
2026-06-17,OOS,-0.0100704245,0.0000000000,-0.0093678227,-0.0025448900,0.0000000000,0.0066830118,-0.0055740916,-0.0022156662,-0.0100704245,-0.0109916958
2026-06-18,OOS,0.0250653970,0.0000000000,-0.0125158091,-0.0028114600,0.0000000000,0.0021876664,0.0002560904,0.0055139572,0.0250653970,0.0048671849
2026-06-22,OOS,-0.0036050876,0.0000000000,-0.0045557355,-0.0001339400,0.0000000000,0.0109031587,-0.0024523000,-0.0007931811,-0.0036050876,-0.0041474291
2026-06-23,OOS,-0.0329290602,0.0000000000,0.0039888666,0.0007630800,0.0000000000,-0.0027527400,-0.0050709442,-0.0072449583,-0.0329290602,-0.0140904027
2026-06-24,OOS,-0.0040496041,-0.0100774600,0.0040170225,0.0046770000,0.0000000000,-0.0033458406,-0.0135943055,-0.0188291168,-0.0141280718,-0.0027169241
2026-06-25,OOS,0.0075412235,-0.0093380500,-0.0074204481,-0.0072879700,0.0000000000,-0.0044891951,-0.0145722706,-0.0149631549,-0.0017977603,-0.0082534536
2026-06-26,OOS,-0.0134055745,0.0000000000,0.0133897125,-0.0089570200,0.0000000000,-0.0006357601,0.0024062423,-0.0029494564,-0.0134055745,-0.0044877808
2026-06-29,OOS,0.0248542150,0.0059697500,-0.0104141665,0.0016850100,0.0000000000,0.0037536711,0.0094894411,0.0160938896,0.0308233680,0.0110456408
2026-06-30,OOS,0.0170146945,0.0059621300,0.0170163882,0.0015720500,0.0000000000,0.0074049125,0.0183353145,0.0143557657,0.0229762283,0.0207822546
2026-07-01,OOS,-0.0151683867,0.0000000000,-0.0130956366,0.0001621300,0.0000000000,0.0007391826,-0.0080103557,-0.0033373054,-0.0151683867,-0.0140510503
2026-07-02,OOS,-0.0174090978,-0.0009724600,0.0131592982,-0.0027557400,0.0000000000,-0.0025130686,0.0001369748,-0.0055612410,-0.0183816550,-0.0039905282
2026-07-06,OOS,0.0143355837,0.0004766600,-0.0125980379,-0.0069024600,0.0000000000,0.0004111321,-0.0012440235,0.0040020559,0.0148121960,-0.0023454738
2026-07-07,OOS,-0.0185246673,-0.0030280100,-0.0079495341,-0.0001496700,0.0000000000,-0.0065919267,-0.0110257975,-0.0094654839,-0.0215529801,-0.0148264695
2026-07-08,OOS,0.0028332605,0.0000000000,-0.0082756419,-0.0007110200,0.0000000000,-0.0067834343,-0.0025784166,0.0006232687,0.0028332605,-0.0030772561
2026-07-09,OOS,0.0165661194,-0.0007112100,-0.0002440560,0.0016432800,0.0000000000,0.0059426376,0.0022101840,0.0023782803,0.0158548383,0.0086262262
2026-07-10,OOS,0.0031583497,0.0000000000,0.0031586656,0.0005493200,0.0000000000,0.0025865038,0.0018318859,0.0006947827,0.0031583497,0.0034331402
2026-07-13,OOS,-0.0190073190,-0.0025516900,-0.0161272000,-0.0022793000,0.0000000000,-0.0069053384,-0.0135534065,-0.0087238446,-0.0215592642,-0.0199829960
2026-07-14,OOS,0.0112263250,0.0000000000,-0.0101220439,-0.0021266700,0.0000000000,-0.0044548637,-0.0016016920,0.0024695989,0.0112263250,-0.0005122619
2026-07-15,OOS,-0.0027372136,-0.0014349600,0.0000000000,-0.0038284200,0.0000000000,-0.0006626699,-0.0025851872,-0.0031564250,-0.0041723171,-0.0040005600
2026-07-16,OOS,-0.0165101569,-0.0003558600,0.0034572620,-0.0003944300,0.0000000000,0.0005981653,-0.0024940995,-0.0042659347,-0.0168660525,-0.0069025908
2026-07-17,OOS,-0.0149598379,0.0000000000,0.0148552633,-0.0030261300,0.0000000000,-0.0040996333,0.0026522165,-0.0032914210,-0.0149598379,-0.0015668431
2026-07-20,OOS,0.0010498612,0.0000000000,-0.0141811440,-0.0062438900,0.0000000000,-0.0028625525,-0.0051793291,0.0002309514,0.0010498612,-0.0096883480
2026-07-21,OOS,0.0185472517,0.0000000000,0.0008317954,-0.0012420500,0.0000000000,0.0046630785,0.0040251208,0.0040800771,0.0185472517,0.0090676128
2026-07-22,OOS,-0.0051059988,0.0000000000,-0.0051065090,0.0008389900,0.0000000000,-0.0037799553,-0.0029617976,-0.0011234074,-0.0051059988,-0.0046868008
2026-07-23,OOS,-0.0189834834,0.0001035600,-0.0140039711,-0.0018090700,0.0000000000,-0.0102615112,-0.0089715420,-0.0039923594,-0.0188799338,-0.0173467312
2026-07-24,OOS,-0.0111422626,-0.0031192400,0.0111131818,0.0005371100,0.0000000000,0.0047636820,-0.0024354532,-0.0080036140,-0.0142618145,-0.0013067182
2026-07-27,OOS,-0.0029521374,-0.0077503100,0.0028796230,-0.0028182100,0.0000000000,0.0081341592,-0.0105022704,-0.0144452749,-0.0107032224,-0.0053210456
2026-07-28,OOS,-0.0098793662,-0.0052498300,0.0095806584,-0.0016031700,0.0000000000,0.0073901624,-0.0057906475,-0.0115181940,-0.0151297212,-0.0035768269
2026-07-29,OOS,-0.0203703978,0.0161760200,-0.0051288337,-0.0139347800,0.0000000000,-0.0221563827,0.0169453268,0.0243108451,-0.0041959954,-0.0116297578
2026-07-30,OOS,0.0329741738,0.0002743500,-0.0098537794,0.0015319800,0.0000000000,0.0061894200,0.0032388833,0.0077421061,0.0332484964,0.0124612208
2026-07-31,OOS,0.0064955014,0.0000000000,0.0064961508,0.0039706600,0.0000000000,-0.0033093822,0.0037674793,0.0014288988,0.0064955014,0.0084809576
2026-08-03,OOS,0.0175583947,0.0095794600,0.0175601387,0.0021779300,0.0000000000,0.0025808215,0.0237870036,0.0209142118,0.0271368968,0.0234373738
2026-08-04,OOS,0.0339680318,0.0141069300,0.0339713473,0.0053556600,0.0000000000,0.0039274576,0.0397342246,0.0325832719,0.0480735511,0.0437000114
2026-08-05,OOS,-0.0090488361,0.0000000000,-0.0048937934,-0.0014524400,0.0000000000,0.0034314408,-0.0036695628,-0.0019908992,-0.0090488361,-0.0076977425
2026-08-06,OOS,-0.0036944096,0.0000000000,0.0000000000,-0.0037038100,0.0000000000,0.0005375776,-0.0007389691,-0.0008128335,-0.0036944096,-0.0036992950
2026-08-07,OOS,0.0117260197,0.0000000000,0.0000000000,-0.0020462200,0.0000000000,-0.0075591107,0.0023449272,0.0025795231,0.0117260197,0.0048393135
2026-08-10,OOS,-0.0029874279,0.0000000000,-0.0047462819,-0.0013590700,0.0000000000,0.0026913553,-0.0024011735,-0.0006572854,-0.0029874279,-0.0045464778
2026-08-11,OOS,-0.0033570547,0.0000000000,-0.0028593719,0.0000741400,0.0000000000,-0.0037992708,-0.0017580461,-0.0007386096,-0.0033570547,-0.0030711682
2026-08-12,OOS,0.0073073979,0.0000000000,-0.0106082349,-0.0012479200,0.0000000000,-0.0020669939,-0.0025701527,0.0016075021,0.0073073979,-0.0022752743
2026-08-13,OOS,0.0115655658,-0.0020131100,0.0115667243,0.0001292900,0.0000000000,-0.0042337703,0.0038494046,-0.0010391886,0.0095522545,0.0106241409
2026-08-14,OOS,-0.0013659896,0.0000000000,-0.0031939733,0.0008201300,0.0000000000,0.0037967012,-0.0014869751,-0.0003005412,-0.0013659896,-0.0018700078
2026-08-17,OOS,-0.0016414297,0.0000000000,0.0000000000,0.0009219900,0.0000000000,-0.0003278338,-0.0003283247,-0.0003611427,-0.0016414297,-0.0003598019
2026-08-18,OOS,-0.0169345226,0.0000000000,0.0035243959,-0.0020895300,0.0000000000,-0.0039364546,-0.0020481436,-0.0037258856,-0.0169345226,-0.0077508513
2026-08-19,OOS,-0.0018118214,0.0000000000,0.0017989146,-0.0038376700,0.0000000000,-0.0004398480,0.0003211245,-0.0003986318,-0.0018118214,-0.0019254803
2026-08-20,OOS,-0.0074000642,0.0000000000,0.0073208668,0.0006003700,0.0000000000,0.0004485317,0.0013015138,-0.0016281411,-0.0074000642,0.0002598503
2026-08-21,OOS,0.0035588190,0.0000000000,-0.0034692798,-0.0051020100,0.0000000000,0.0066958436,-0.0006067546,0.0007828791,0.0035588190,-0.0025065868
2026-08-24,OOS,-0.0099798161,-0.0022795900,0.0097973384,-0.0046630400,0.0000000000,-0.0016776065,-0.0015105915,-0.0062533117,-0.0122596341,-0.0035635427
2026-08-25,OOS,0.0062294711,0.0000000000,-0.0085593380,-0.0002908700,0.0000000000,-0.0035625154,-0.0020070679,0.0013703767,0.0062294711,-0.0013111079
2026-08-26,OOS,0.0009145655,0.0000000000,0.0000000000,-0.0041557100,0.0000000000,-0.0026306100,0.0001828915,0.0002011887,0.0009145655,-0.0016207800
2026-08-27,OOS,0.0136918903,0.0001111800,0.0040217016,-0.0017799300,0.0000000000,0.0014210992,0.0044242996,0.0032098857,0.0138030592,0.0080219374
2026-08-28,OOS,-0.0064899946,-0.0099323100,-0.0067425444,-0.0000762400,0.0000000000,0.0059658814,-0.0179647019,-0.0191075882,-0.0164232978,-0.0116210449
2026-08-31,OOS,0.0004606172,0.0000000000,0.0000000000,-0.0000586700,0.0000000000,0.0001510233,0.0000921126,0.0001013279,0.0004606172,0.0002009506
2026-09-01,OOS,-0.0125425526,0.0000000000,-0.0094016702,-0.0013763900,0.0000000000,0.0071254585,-0.0060814006,-0.0027595768,-0.0125425526,-0.0116604634
2026-09-02,OOS,0.0021758481,0.0000000000,-0.0020806635,0.0006901800,0.0000000000,-0.0006598897,-0.0003555987,0.0004786492,0.0021758481,0.0003924695
2026-09-03,OOS,0.0117861020,0.0065757100,0.0022254028,-0.0026674700,0.0000000000,-0.0043986311,0.0125399746,0.0142976510,0.0183611544,0.0089593944
2026-09-04,OOS,0.0017974835,-0.0032755600,0.0017976629,-0.0011605400,0.0000000000,0.0046208566,-0.0036090002,-0.0054352095,-0.0014784041,-0.0004206986
2026-09-08,OOS,-0.0008345388,0.0000000000,-0.0008346219,0.0000000000,0.0000000000,0.0029540759,-0.0004840844,-0.0001836129,-0.0008345388,-0.0008345804
2026-09-09,OOS,-0.0027980400,0.0000000000,-0.0039772685,0.0002603600,0.0000000000,0.0054164651,-0.0020710570,-0.0006156168,-0.0027980400,-0.0032575332
2026-09-10,OOS,-0.0106930969,0.0000000000,0.0107343275,0.0019305200,0.0000000000,0.0154818695,0.0019398382,-0.0023526648,-0.0106930969,0.0009848039
2026-09-11,OOS,0.0087344255,0.0000000000,-0.0102204674,0.0005288300,0.0000000000,0.0069303186,-0.0021374171,0.0019214237,0.0087344255,-0.0004795537
2026-09-14,OOS,-0.0078614593,0.0000000000,-0.0086750628,0.0023439700,0.0000000000,0.0020624940,-0.0048690202,-0.0017296559,-0.0078614593,-0.0070963932
2026-09-15,OOS,-0.0066548233,0.0026448100,0.0000000000,0.0025650800,0.0000000000,0.0001501101,0.0024243918,0.0032434829,-0.0040102778,-0.0007227994
2026-09-16,OOS,0.0002554858,-0.0065678000,-0.0041820397,0.0023839200,0.0000000000,0.0097945255,-0.0108648303,-0.0116347387,-0.0063129710,-0.0040554388
2026-09-17,OOS,0.0173118402,0.0000000000,-0.0100928687,-0.0000626500,0.0000000000,-0.0025097262,-0.0003736451,0.0038083078,0.0173118402,0.0035767905
2026-09-18,OOS,0.0063186966,0.0000000000,0.0063193262,0.0022999700,0.0000000000,0.0013009024,0.0036649293,0.0013900048,0.0063186966,0.0074688814
2026-09-21,OOS,0.0275417562,0.0117580600,0.0275444831,0.0041140300,0.0000000000,0.0015724162,0.0326714026,0.0269885210,0.0392986404,0.0354783710
2026-09-22,OOS,0.0082825231,0.0018907000,0.0082833211,0.0007517900,0.0000000000,0.0009829016,0.0074889146,0.0051875330,0.0101730340,0.0096040350
2026-09-23,OOS,-0.0083616515,-0.0006323500,-0.0059196931,-0.0014460600,0.0000000000,0.0153173457,-0.0048198633,-0.0029652651,-0.0089940647,-0.0081799994
2026-09-24,OOS,-0.0001618974,0.0000000000,-0.0055069744,-0.0006636300,0.0000000000,0.0014970768,-0.0021251975,-0.0000356202,-0.0001618974,-0.0031665182
2026-09-25,OOS,0.0046013305,0.0000000000,0.0000000000,0.0006307800,0.0000000000,-0.0045249350,0.0009201575,0.0010122138,0.0046013305,0.0026158252
