book,symbol,session,side,pop,rms,z,entry_time,entry_px,exit_time,exit_px,gross,net,gross_bp,net_bp,exit_reason,gap_up,seg_entry_1159,seg_last_half,window
primary,SPY,2022-01-14,short,0.00696025,0.00303029,2.2969,10:00,464.380000,15:59,464.750000,-0.00079676,-0.00099684,-7.968,-9.968,session_close,False,0.00310091,-0.00230763,IS
primary,SPY,2022-01-20,short,0.00652342,0.00321137,2.0314,10:00,456.720000,15:59,446.780000,0.02176388,0.02156606,217.639,215.661,session_close,True,-0.00170783,0.00871496,IS
primary,SPY,2022-01-27,short,0.00460914,0.00365697,1.2604,10:00,440.300000,15:59,431.380000,0.02025891,0.02006094,202.589,200.609,session_close,True,0.00317965,0.00048657,IS
primary,SPY,2022-01-31,short,0.00473665,0.00388351,1.2197,10:00,443.330000,15:59,449.790000,-0.01457154,-0.01477300,-145.715,-147.730,session_close,False,-0.00762412,-0.00574661,IS
primary,SPY,2022-02-10,short,0.00848584,0.00386020,2.1983,10:00,455.170000,15:59,449.360000,0.01276446,0.01256574,127.645,125.657,session_close,False,-0.00228486,0.00098932,IS
primary,SPY,2022-02-22,short,0.00532543,0.00402148,1.3242,10:00,434.190000,15:59,429.750000,0.01022594,0.01002696,102.259,100.270,session_close,False,0.00679334,0.00442478,IS
primary,SPY,2022-02-24,short,0.01143497,0.00408681,2.7980,10:00,415.710000,15:59,427.990000,-0.02953982,-0.02974278,-295.398,-297.428,session_close,False,-0.00716846,-0.00998207,IS
primary,SPY,2022-02-28,short,0.00518483,0.00434843,1.1923,10:00,434.290000,15:59,436.670000,-0.00548021,-0.00568076,-54.802,-56.808,session_close,False,-0.00702618,-0.00719640,IS
primary,SPY,2022-03-10,short,0.00476901,0.00412377,1.1565,10:00,424.550000,15:59,425.380000,-0.00195501,-0.00215521,-19.550,-21.552,session_close,False,0.00619479,-0.00111790,IS
primary,SPY,2022-03-16,short,0.00474540,0.00411361,1.1536,10:00,431.930000,15:59,435.550000,-0.00838099,-0.00858183,-83.810,-85.818,session_close,True,-0.00254671,-0.00590076,IS
primary,SPY,2022-03-17,short,0.00597315,0.00413173,1.4457,10:00,436.170000,15:59,440.900000,-0.01084440,-0.01104548,-108.444,-110.455,session_close,False,0.00011463,-0.00406499,IS
primary,SPY,2022-04-12,short,0.00446872,0.00413626,1.0804,10:00,445.070000,15:59,438.120000,0.01561552,0.01541708,156.155,154.171,session_close,True,0.00312310,-0.00242530,IS
primary,SPY,2022-04-19,short,0.00813045,0.00398913,2.0382,10:00,441.400000,15:59,445.070000,-0.00831445,-0.00851529,-83.145,-85.153,session_close,False,-0.00523335,0.00008987,IS
primary,SPY,2022-04-27,short,0.00841242,0.00385567,2.1818,10:00,420.750000,15:59,417.200000,0.00843731,0.00823816,84.373,82.382,session_close,True,0.00251931,0.00255816,IS
primary,SPY,2022-04-29,short,0.00500484,0.00398873,1.2547,10:00,425.710000,15:59,412.510000,0.03100702,0.03081012,310.070,308.101,session_close,False,0.01235583,0.00376748,IS
primary,SPY,2022-05-11,short,0.01052579,0.00425455,2.4740,10:00,402.250000,15:59,392.680000,0.02379117,0.02359355,237.912,235.936,session_close,False,0.00213797,0.00509260,IS
primary,SPY,2022-05-13,short,0.00486501,0.00447208,1.0879,10:00,398.640000,15:59,401.540000,-0.00727473,-0.00747546,-72.747,-74.755,session_close,True,-0.00734999,0.00206278,IS
primary,SPY,2022-05-25,short,0.00542938,0.00419534,1.2941,10:00,394.430000,15:59,397.430000,-0.00760591,-0.00780667,-76.059,-78.067,session_close,False,-0.00182542,0.00271010,IS
primary,SPY,2022-05-26,short,0.00978253,0.00425315,2.3001,10:00,402.560000,15:59,405.370000,-0.00698033,-0.00718102,-69.803,-71.810,session_close,True,-0.00467011,-0.00069120,IS
primary,SPY,2022-05-27,short,0.00764875,0.00442071,1.7302,10:00,411.020000,15:59,415.220000,-0.01021848,-0.01041950,-102.185,-104.195,session_close,True,-0.00360080,-0.00207549,IS
primary,SPY,2022-06-09,short,0.00564323,0.00444473,1.2696,10:00,411.650000,15:59,401.520000,0.02460828,0.02441074,246.083,244.107,session_close,False,0.00539293,0.00734258,IS
primary,SPY,2022-06-17,short,0.00787940,0.00445300,1.7695,10:00,368.410000,15:59,365.820000,0.00703021,0.00683091,70.302,68.309,session_close,False,0.00985315,0.00576181,IS
primary,SPY,2022-06-21,short,0.00793245,0.00456141,1.7390,10:00,374.850000,15:59,374.960000,-0.00029345,-0.00049348,-2.935,-4.935,session_close,True,0.00170735,0.00268638,IS
primary,SPY,2022-06-22,short,0.00787869,0.00467379,1.6857,10:00,373.530000,15:59,374.380000,-0.00227559,-0.00247581,-22.756,-24.758,session_close,False,-0.00313228,0.00367256,IS
primary,SPY,2022-06-24,short,0.00625328,0.00476541,1.3122,10:00,383.830000,15:59,389.940000,-0.01591851,-0.01612010,-159.185,-161.201,session_close,True,-0.00828492,-0.00479283,IS
primary,SPY,2022-07-01,short,0.00565647,0.00502975,1.1246,10:00,378.690000,15:59,381.150000,-0.00649608,-0.00669673,-64.961,-66.967,session_close,False,0.00868784,-0.00257779,IS
primary,SPY,2022-07-07,short,0.00588128,0.00507555,1.1587,10:00,387.390000,15:59,388.840000,-0.00374300,-0.00394337,-37.430,-39.434,session_close,True,-0.00127778,0.00051409,IS
primary,SPY,2022-07-13,short,0.00658491,0.00508884,1.2940,10:00,377.550000,15:59,378.850000,-0.00344325,-0.00364360,-34.433,-36.436,session_close,False,-0.00317865,0.00368179,IS
primary,SPY,2022-08-01,short,0.00498595,0.00476896,1.0455,10:00,411.130000,15:59,410.780000,0.00085131,0.00065140,8.513,6.514,session_close,False,-0.00391604,-0.00009739,IS
primary,SPY,2022-08-05,short,0.00583411,0.00449338,1.2984,10:00,412.050000,15:59,413.442700,-0.00337993,-0.00358027,-33.799,-35.803,session_close,False,0.00338551,-0.00228874,IS
primary,SPY,2022-08-08,short,0.00467188,0.00455470,1.0257,10:00,417.190000,15:59,413.050000,0.00992354,0.00972453,99.235,97.245,session_close,True,0.00553705,-0.00067834,IS
primary,SPY,2022-08-15,short,0.00509694,0.00431819,1.1803,10:00,426.945000,15:59,428.870000,-0.00450878,-0.00470923,-45.088,-47.092,session_close,False,-0.00244762,0.00076887,IS
primary,SPY,2022-09-08,short,0.00488126,0.00391198,1.2478,10:00,397.330000,15:59,400.400000,-0.00772657,-0.00792735,-77.266,-79.273,session_close,False,-0.00543629,-0.00315679,IS
primary,SPY,2022-09-12,short,0.00545526,0.00398782,1.3680,10:00,411.020000,15:59,410.940000,0.00019464,-0.00000534,1.946,-0.053,session_close,True,0.00440781,-0.00204828,IS
primary,SPY,2022-09-15,short,0.00555324,0.00386906,1.4353,10:00,395.180000,15:59,390.120000,0.01280429,0.01260557,128.043,126.056,session_close,False,0.01065337,-0.00259567,IS
primary,SPY,2022-09-19,short,0.00674959,0.00369658,1.8259,10:00,384.887300,15:59,388.500000,-0.00938638,-0.00958732,-93.864,-95.873,session_close,False,0.00094131,-0.00134028,IS
primary,SPY,2022-09-26,short,0.00551295,0.00373030,1.4779,10:00,368.480000,15:59,364.470000,0.01088254,0.01068363,108.825,106.836,session_close,False,0.00442358,0.00270891,IS
primary,SPY,2022-10-04,short,0.00967320,0.00369274,2.6195,10:00,376.010000,15:59,377.770000,-0.00468073,-0.00488119,-46.807,-48.812,session_close,True,-0.00271269,-0.00310674,IS
primary,SPY,2022-10-13,short,0.00788935,0.00406984,1.9385,10:00,351.960000,15:59,365.880000,-0.03954995,-0.03975390,-395.499,-397.539,session_close,False,-0.03096943,0.00054633,IS
primary,SPY,2022-10-17,short,0.00510975,0.00423026,1.2079,10:00,365.850000,15:59,366.660000,-0.00221402,-0.00241424,-22.140,-24.142,session_close,True,-0.00288370,0.00087198,IS
primary,SPY,2022-10-21,short,0.01084575,0.00432852,2.5056,10:00,369.110000,15:59,374.250000,-0.01392539,-0.01412678,-139.254,-141.268,session_close,False,-0.00249221,0.00104100,IS
primary,SPY,2022-10-24,short,0.00476203,0.00447500,1.0641,10:00,377.690000,15:59,378.870000,-0.00312426,-0.00332457,-31.243,-33.246,session_close,True,-0.00103259,0.00202824,IS
primary,SPY,2022-10-25,short,0.00945115,0.00448851,2.1056,10:00,382.400000,15:59,384.660000,-0.00591004,-0.00611063,-59.100,-61.106,session_close,False,-0.00285042,0.00024691,IS
primary,SPY,2022-10-28,short,0.00697607,0.00463060,1.5065,10:00,382.570000,15:59,388.920000,-0.01659827,-0.01679993,-165.983,-167.999,session_close,False,-0.00836448,0.00020566,IS
primary,SPY,2022-12-14,short,0.00557755,0.00451696,1.2348,10:00,403.845000,15:59,399.380000,0.01105622,0.01085733,110.562,108.573,session_close,False,-0.00073048,-0.00168042,IS
primary,SPY,2022-12-29,short,0.00518926,0.00438398,1.1837,10:00,381.600000,15:59,383.360000,-0.00461216,-0.00481262,-46.122,-48.126,session_close,True,-0.00600105,0.00019899,IS
primary,SPY,2023-01-30,short,0.00382324,0.00339266,1.1269,10:00,404.325000,15:59,400.720000,0.00891609,0.00871699,89.161,87.170,session_close,False,0.00278711,-0.00012479,IS
primary,SPY,2023-02-03,short,0.00483491,0.00319939,1.5112,10:00,413.460000,15:59,412.350000,0.00268466,0.00248493,26.847,24.849,session_close,False,-0.00324094,0.00003638,IS
primary,SPY,2023-02-13,short,0.00386573,0.00315917,1.2237,10:00,410.320000,15:59,412.850000,-0.00616592,-0.00636654,-61.659,-63.665,session_close,True,-0.00382628,-0.00218473,IS
primary,SPY,2023-02-14,short,0.00496134,0.00319476,1.5530,10:00,413.290000,15:59,412.640000,0.00157275,0.00137290,15.727,13.729,session_close,False,0.00903724,0.00111353,IS
primary,SPY,2023-03-13,short,0.00983840,0.00313178,3.1415,10:00,385.550000,15:59,385.300000,0.00064842,0.00044849,6.484,4.485,session_close,False,-0.00858514,0.00168416,IS
primary,SPY,2023-03-16,short,0.00457577,0.00317540,1.4410,10:00,388.590000,15:59,396.030000,-0.01914614,-0.01934806,-191.461,-193.481,session_close,False,-0.01356185,-0.00012627,IS
primary,SPY,2023-04-03,short,0.00308181,0.00285849,1.0781,10:00,410.150000,15:59,410.880000,-0.00177984,-0.00198001,-17.798,-19.800,session_close,False,0.00160917,-0.00010953,IS
primary,SPY,2023-04-14,short,0.00488457,0.00255728,1.9101,10:00,414.790000,15:59,412.460000,0.00561730,0.00541786,56.173,54.179,session_close,False,0.00727742,-0.00161731,IS
primary,SPY,2023-04-28,short,0.00255170,0.00247492,1.0310,10:00,412.490000,15:59,415.910000,-0.00829111,-0.00849194,-82.911,-84.919,session_close,False,-0.00547625,-0.00238600,IS
primary,SPY,2023-05-05,short,0.00294686,0.00244170,1.2069,10:00,410.120000,15:59,412.560000,-0.00594948,-0.00615007,-59.495,-61.501,session_close,True,-0.00217010,0.00128301,IS
primary,SPY,2023-05-26,short,0.00406905,0.00251619,1.6171,10:00,417.000000,15:59,420.020000,-0.00724221,-0.00744293,-72.422,-74.429,session_close,True,-0.00491607,0.00033297,IS
primary,SPY,2023-06-09,short,0.00227928,0.00211917,1.0756,10:00,430.940000,15:59,429.890000,0.00243653,0.00223678,24.365,22.368,session_close,True,0.00345779,0.00055797,IS
primary,SPY,2023-06-15,short,0.00545665,0.00203685,2.6790,10:00,438.720000,15:59,442.550000,-0.00872994,-0.00893081,-87.299,-89.308,session_close,False,-0.00455872,0.00133141,IS
primary,SPY,2023-06-26,short,0.00381397,0.00221884,1.7189,10:00,434.270000,15:59,431.440000,0.00651668,0.00631733,65.167,63.173,session_close,False,0.00257904,0.00277136,IS
primary,SPY,2023-07-05,short,0.00296440,0.00224485,1.3205,10:00,443.230000,15:59,443.140000,0.00020305,0.00000308,2.031,0.031,session_close,False,-0.00013537,0.00130713,IS
primary,SPY,2023-07-07,short,0.00348813,0.00228127,1.5290,10:00,440.160000,15:59,438.530000,0.00370320,0.00350357,37.032,35.036,session_close,False,-0.00047710,0.00398605,IS
primary,SPY,2023-07-18,short,0.00226415,0.00221513,1.0221,10:00,451.510000,15:59,454.140000,-0.00582490,-0.00602548,-58.249,-60.255,session_close,False,-0.00374300,0.00075910,IS
primary,SPY,2023-08-10,short,0.00673821,0.00202151,3.3333,10:00,451.220000,15:59,445.970000,0.01163512,0.01143629,116.351,114.363,session_close,True,0.00797837,0.00056026,IS
primary,SPY,2023-08-16,short,0.00239547,0.00212443,1.1276,10:00,443.515000,15:59,439.640000,0.00873702,0.00853789,87.370,85.379,session_close,False,0.00222089,0.00109061,IS
primary,SPY,2023-08-21,short,0.00265113,0.00215980,1.2275,10:00,438.720000,15:59,439.330000,-0.00139041,-0.00159055,-13.904,-15.905,session_close,True,0.00706601,0.00015931,IS
primary,SPY,2023-08-23,short,0.00255003,0.00213967,1.1918,10:00,440.370000,15:59,442.870000,-0.00567704,-0.00587761,-56.770,-58.776,session_close,True,-0.00438268,0.00074458,IS
primary,SPY,2023-08-29,short,0.00273354,0.00207785,1.3156,10:00,443.810000,15:59,449.110000,-0.01194205,-0.01214324,-119.420,-121.432,session_close,False,-0.00858475,0.00014070,IS
primary,SPY,2023-08-30,short,0.00382639,0.00210724,1.8158,10:00,451.240000,15:59,450.920000,0.00070916,0.00050923,7.092,5.092,session_close,True,0.00039890,-0.00006654,IS
primary,SPY,2023-09-25,short,0.00323881,0.00203284,1.5932,10:00,430.570000,15:59,432.230000,-0.00385535,-0.00405574,-38.554,-40.557,session_close,False,-0.00162575,-0.00271494,IS
primary,SPY,2023-09-28,short,0.00286735,0.00204599,1.4015,10:00,426.720000,15:59,428.520000,-0.00421822,-0.00441864,-42.182,-44.186,session_close,False,-0.00637420,0.00272289,IS
primary,SPY,2023-10-03,short,0.00289371,0.00197666,1.4639,10:00,426.290000,15:59,421.710000,0.01074386,0.01054493,107.439,105.449,session_close,False,0.01194257,-0.00259141,IS
primary,SPY,2023-10-09,short,0.00297020,0.00198837,1.4938,10:00,428.845000,15:59,432.290000,-0.00803321,-0.00823401,-80.332,-82.340,session_close,False,-0.00044305,-0.00006940,IS
primary,SPY,2023-10-23,short,0.00246491,0.00201695,1.2221,10:00,420.640000,15:59,420.460000,0.00042792,0.00022796,4.279,2.280,session_close,False,-0.00519851,0.00140126,IS
primary,SPY,2023-10-24,short,0.00280374,0.00204047,1.3741,10:00,423.830000,15:59,423.630000,0.00047189,0.00027193,4.719,2.719,session_close,True,0.00132128,0.00099092,IS
primary,SPY,2023-10-30,short,0.00324016,0.00216525,1.4964,10:00,414.895000,15:59,415.590000,-0.00167512,-0.00187529,-16.751,-18.753,session_close,True,0.00219333,0.00151362,IS
primary,SPY,2023-11-03,short,0.00346308,0.00221269,1.5651,10:00,434.670000,15:59,434.690000,-0.00004601,-0.00024602,-0.460,-2.460,session_close,True,-0.00070168,0.00179117,IS
primary,SPY,2023-11-14,short,0.00362968,0.00201440,1.8019,10:00,447.930000,15:59,448.730000,-0.00178599,-0.00198617,-17.860,-19.862,session_close,True,-0.00112741,0.00251433,IS
primary,SPY,2023-11-16,short,0.00252660,0.00199001,1.2696,10:00,450.370000,15:59,450.220000,0.00033306,0.00013309,3.331,1.331,session_close,False,0.00359926,-0.00135673,IS
primary,SPY,2023-11-20,short,0.00364016,0.00198825,1.8308,10:00,452.165000,15:59,454.260000,-0.00463326,-0.00483373,-46.333,-48.337,session_close,False,-0.00130483,0.00169220,IS
primary,SPY,2023-11-29,short,0.00209997,0.00192547,1.0906,10:00,458.120000,15:59,454.610000,0.00766175,0.00746251,76.617,74.625,session_close,True,0.00514057,-0.00037409,IS
primary,SPY,2023-12-19,short,0.00201045,0.00182050,1.1043,10:00,473.500000,15:59,474.840000,-0.00282999,-0.00303027,-28.300,-30.303,session_close,True,-0.00086589,-0.00137076,IS
primary,SPY,2023-12-22,short,0.00221584,0.00179490,1.2345,10:00,474.920000,15:59,473.650000,0.00267413,0.00247440,26.741,24.744,session_close,True,0.00180030,0.00062244,IS
primary,SPY,2024-01-08,short,0.00277523,0.00171711,1.6162,10:00,469.730000,15:59,474.600000,-0.01036766,-0.01056869,-103.677,-105.687,session_close,True,-0.00244800,-0.00198455,IS
primary,SPY,2024-01-22,short,0.00208673,0.00169718,1.2295,10:00,485.019900,15:59,483.450000,0.00323677,0.00303710,32.368,30.371,session_close,True,0.00195848,0.00134290,IS
primary,SPY,2024-02-02,short,0.00171551,0.00136451,1.2572,10:00,490.430000,15:59,494.170000,-0.00762596,-0.00782672,-76.260,-78.267,session_close,True,-0.00640254,0.00347856,IS
primary,SPY,2024-02-22,short,0.00194441,0.00132913,1.4629,10:00,505.020000,15:59,507.500000,-0.00491070,-0.00511119,-49.107,-51.112,session_close,True,-0.00044553,0.00045319,IS
primary,SPY,2024-03-08,short,0.00446203,0.00130684,3.4144,10:00,517.760000,15:59,511.770000,0.01156907,0.01137022,115.691,113.702,session_close,True,0.00722922,0.00031254,IS
primary,SPY,2024-04-05,short,0.00283793,0.00153884,1.8442,10:00,515.920000,15:59,518.430000,-0.00486510,-0.00506558,-48.651,-50.656,session_close,True,-0.00680338,-0.00054038,IS
primary,SPY,2024-04-12,short,0.00188580,0.00159084,1.1854,10:00,515.370000,15:59,510.840000,0.00878980,0.00859068,87.898,85.907,session_close,False,0.00382250,-0.00262019,IS
primary,SPY,2024-04-23,short,0.00257085,0.00159914,1.6076,10:00,503.080000,15:59,505.655000,-0.00511847,-0.00531898,-51.185,-53.190,session_close,True,-0.00248469,-0.00058374,IS
primary,SPY,2024-04-26,short,0.00294263,0.00164219,1.7919,10:00,507.840000,15:59,508.260000,-0.00082703,-0.00102711,-8.270,-10.271,session_close,True,-0.00154576,0.00270779,IS
primary,SPY,2024-05-08,short,0.00242305,0.00174957,1.3849,10:00,516.495000,15:59,517.190000,-0.00134561,-0.00154574,-13.456,-15.457,session_close,False,-0.00060988,0.00023197,IS
primary,SPY,2024-05-20,short,0.00301735,0.00166736,1.8097,10:00,531.190000,15:59,530.060000,0.00212730,0.00192751,21.273,19.275,session_close,True,0.00035524,0.00038000,IS
primary,SPY,2024-06-12,short,0.00195466,0.00163214,1.1976,10:00,542.680000,15:59,541.340000,0.00246923,0.00226947,24.692,22.695,session_close,True,-0.00058967,-0.00064696,IS
primary,SPY,2024-06-24,short,0.00243419,0.00167580,1.4526,10:00,545.650000,15:59,542.670000,0.00546138,0.00526192,54.614,52.619,session_close,True,-0.00095299,0.00286644,IS
primary,SPY,2024-07-02,short,0.00262093,0.00171802,1.5256,10:00,545.140000,15:59,548.980000,-0.00704406,-0.00724477,-70.441,-72.448,session_close,False,-0.00093554,-0.00183403,OOS
primary,SPY,2024-07-12,short,0.00224145,0.00165291,1.3561,10:00,558.850000,15:59,559.900000,-0.00187886,-0.00207905,-18.789,-20.790,session_close,True,-0.00343437,0.00518816,OOS
primary,SPY,2024-07-17,short,0.00192377,0.00165020,1.1658,10:00,559.870000,15:59,556.940000,0.00523336,0.00503388,52.334,50.339,session_close,False,0.00258989,0.00202484,OOS
primary,SPY,2024-07-23,short,0.00176723,0.00164071,1.0771,10:00,555.540100,15:59,553.780000,0.00316827,0.00296858,31.683,29.686,session_close,False,-0.00118785,0.00257560,OOS
primary,SPY,2024-08-01,short,0.00266030,0.00160497,1.6575,10:00,553.990000,15:59,542.970000,0.01989206,0.01969405,198.921,196.940,session_close,True,0.01673315,-0.00277024,OOS
primary,SPY,2024-08-05,short,0.00699711,0.00168054,4.1636,10:00,515.250000,15:59,517.380000,-0.00413392,-0.00433433,-41.339,-43.343,session_close,False,-0.01003416,-0.00183955,OOS
primary,SPY,2024-08-06,short,0.00513424,0.00188211,2.7279,10:00,521.890000,15:59,522.030000,-0.00026826,-0.00046828,-2.683,-4.683,session_close,True,-0.00768361,0.00890491,OOS
primary,SPY,2024-08-07,short,0.00480633,0.00199478,2.4094,10:00,531.040000,15:59,518.560000,0.02350105,0.02330340,235.011,233.034,session_close,True,0.00568695,0.00481701,OOS
primary,SPY,2024-08-08,short,0.00215686,0.00208360,1.0352,10:00,525.050000,15:59,530.650000,-0.01066565,-0.01086672,-106.657,-108.667,session_close,True,-0.00499952,-0.00253160,OOS
primary,SPY,2024-08-13,short,0.00232979,0.00220107,1.0585,10:00,537.790000,15:59,541.980000,-0.00779115,-0.00799192,-77.911,-79.919,session_close,True,-0.00224995,-0.00142292,OOS
primary,SPY,2024-08-20,short,0.00285254,0.00222046,1.2847,10:00,560.750000,15:59,558.690000,0.00367365,0.00347402,36.737,34.740,session_close,False,0.00260366,-0.00001790,OOS
primary,SPY,2024-09-04,short,0.00416212,0.00212752,1.9563,10:00,552.540000,15:59,550.790000,0.00316719,0.00296751,31.672,29.675,session_close,False,0.00124896,-0.00012711,OOS
primary,SPY,2024-10-14,short,0.00357868,0.00259756,1.3777,10:00,583.300000,15:59,584.290000,-0.00169724,-0.00189741,-16.972,-18.974,session_close,True,-0.00025716,0.00042769,OOS
primary,SPY,2024-10-25,short,0.00307819,0.00259118,1.1879,10:00,583.300000,15:59,579.040000,0.00730327,0.00710400,73.033,71.040,session_close,True,0.00193725,0.00081103,OOS
primary,SPY,2024-11-01,short,0.00315060,0.00228013,1.3818,10:00,573.130000,15:59,571.040000,0.00364664,0.00344701,36.466,34.470,session_close,True,-0.00090730,0.00124093,OOS
primary,SPY,2024-11-05,short,0.00567684,0.00229685,2.4716,10:00,574.010000,15:59,576.650000,-0.00459922,-0.00479968,-45.992,-47.997,session_close,True,-0.00250867,-0.00166774,OOS
primary,SPY,2024-11-22,short,0.00389112,0.00257883,1.5089,10:00,595.940000,15:59,595.510000,0.00072155,0.00052162,7.215,5.216,session_close,False,0.00151022,-0.00124418,OOS
primary,SPY,2024-12-06,short,0.00253523,0.00229554,1.1044,10:00,608.975000,15:59,607.810000,0.00191305,0.00171324,19.131,17.132,session_close,True,0.00190484,-0.00032093,OOS
primary,SPY,2025-01-06,short,0.00270012,0.00209943,1.2861,10:00,597.900000,15:59,595.360000,0.00424820,0.00404863,42.482,40.486,session_close,True,-0.00260913,-0.00051256,OOS
primary,SPY,2025-01-13,short,0.00364729,0.00218124,1.6721,10:00,577.880000,15:59,581.390000,-0.00607393,-0.00627453,-60.739,-62.745,session_close,False,0.00325327,-0.00222375,OOS
primary,SPY,2025-01-15,short,0.00271884,0.00227158,1.1969,10:00,591.950000,15:59,592.715000,-0.00129234,-0.00149247,-12.923,-14.925,session_close,True,0.00324892,0.00164227,OOS
primary,SPY,2025-01-27,short,0.00640541,0.00226939,2.8225,10:00,598.590000,15:59,599.370000,-0.00130306,-0.00150319,-13.031,-15.032,session_close,False,0.00297365,-0.00323045,OOS
primary,SPY,2025-02-12,short,0.00359646,0.00217249,1.6555,10:00,601.360000,15:59,603.360000,-0.00332579,-0.00352613,-33.258,-35.261,session_close,False,-0.00337568,-0.00006630,OOS
primary,SPY,2025-02-26,short,0.00298693,0.00219086,1.3634,10:00,597.710000,15:59,594.560000,0.00527011,0.00507064,52.701,50.706,session_close,True,-0.00050192,-0.00163412,OOS
primary,SPY,2025-03-07,short,0.00534244,0.00267683,1.9958,10:00,573.950000,15:59,575.920000,-0.00343235,-0.00363270,-34.324,-36.327,session_close,False,0.01193484,0.00010348,OOS
primary,SPY,2025-03-14,short,0.00418982,0.00291931,1.4352,10:00,557.680000,15:59,562.730000,-0.00905537,-0.00925628,-90.554,-92.563,session_close,True,-0.00799742,-0.00165539,OOS
primary,SPY,2025-03-17,short,0.00508182,0.00296852,1.7119,10:00,565.700000,15:59,567.150000,-0.00256320,-0.00276345,-25.632,-27.635,session_close,True,0.00333357,0.00333014,OOS
primary,SPY,2025-03-20,short,0.00582252,0.00318278,1.8294,10:00,566.650000,15:59,565.710000,0.00165887,0.00145904,16.589,14.590,session_close,False,-0.00268208,-0.00184178,OOS
primary,SPY,2025-03-24,short,0.00339874,0.00326725,1.0402,10:00,572.735000,15:59,574.080000,-0.00234838,-0.00254862,-23.484,-25.486,session_close,True,-0.00199848,-0.00022650,OOS
primary,SPY,2025-04-02,short,0.00663003,0.00327702,2.0232,10:00,558.710000,15:59,564.520000,-0.01039895,-0.01059999,-103.990,-106.000,session_close,False,-0.00639616,-0.00234375,OOS
primary,SPY,2025-04-07,short,0.01328727,0.00336170,3.9525,10:00,495.670000,15:59,504.380000,-0.01757218,-0.01777393,-175.722,-177.739,session_close,False,-0.00772692,-0.00754088,OOS
primary,SPY,2025-04-09,short,0.01299043,0.00371271,3.4989,10:00,499.860000,15:59,548.620000,-0.09754731,-0.09775707,-975.473,-977.571,session_close,False,0.00777218,-0.01504191,OOS
primary,SPY,2025-04-11,short,0.00648190,0.00409370,1.5834,10:00,526.480000,15:59,533.940000,-0.01416958,-0.01437100,-141.696,-143.710,session_close,False,-0.00087373,0.00149605,OOS
primary,SPY,2025-04-23,short,0.00579168,0.00438616,1.3204,10:00,543.595000,15:59,535.710000,0.01450528,0.01430673,145.053,143.067,session_close,True,0.01134116,-0.00202009,OOS
primary,SPY,2025-04-24,short,0.00515171,0.00437191,1.1784,10:00,539.480000,15:59,546.640000,-0.01327204,-0.01347337,-132.720,-134.734,session_close,True,-0.00607993,-0.00324848,OOS
primary,SPY,2025-05-19,short,0.00533923,0.00464144,1.1503,10:00,591.240000,15:59,594.850000,-0.00610581,-0.00630642,-61.058,-63.064,session_close,False,-0.00314593,-0.00219865,OOS
primary,SPY,2025-06-16,short,0.00441372,0.00412818,1.0692,10:00,603.070000,15:59,602.680000,0.00064669,0.00044676,6.467,4.468,session_close,True,-0.00011591,-0.00104642,OOS
primary,SPY,2025-07-21,short,0.00286273,0.00270257,1.0593,10:00,630.580000,15:59,628.770000,0.00287037,0.00267066,28.704,26.707,session_close,True,-0.00094373,0.00108031,OOS
primary,SPY,2025-08-04,short,0.00533828,0.00231875,2.3022,10:00,629.010000,15:59,631.110000,-0.00333858,-0.00353891,-33.386,-35.389,session_close,True,-0.00136723,-0.00134071,OOS
primary,SPY,2025-08-08,short,0.00282181,0.00230901,1.2221,10:00,635.850000,15:59,637.150000,-0.00204451,-0.00224471,-20.445,-22.447,session_close,True,-0.00080208,0.00017261,OOS
primary,SPY,2025-09-02,short,0.00246275,0.00232264,1.0603,10:00,639.010000,15:59,640.365000,-0.00212047,-0.00232068,-21.205,-23.207,session_close,False,0.00594670,-0.00191664,OOS
primary,SPY,2025-09-26,short,0.00345711,0.00214641,1.6106,10:00,661.800000,15:59,661.820000,-0.00003022,-0.00023022,-0.302,-2.302,session_close,True,0.00472953,-0.00033253,OOS
primary,SPY,2025-10-13,short,0.00337365,0.00211906,1.5920,10:00,662.870000,15:59,663.040000,-0.00025646,-0.00045649,-2.565,-4.565,session_close,True,-0.00015086,-0.00033297,OOS
primary,SPY,2025-10-15,short,0.00223449,0.00212836,1.0499,10:00,668.340000,15:59,665.170000,0.00474309,0.00454357,47.431,45.436,session_close,True,0.00469821,0.00028556,OOS
primary,SPY,2025-10-20,short,0.00212791,0.00208585,1.0202,10:00,668.750000,15:59,671.300000,-0.00381308,-0.00401347,-38.131,-40.135,session_close,True,-0.00269159,0.00061038,OOS
primary,SPY,2025-10-23,short,0.00275400,0.00211322,1.3032,10:00,670.000000,15:59,671.660000,-0.00247761,-0.00267786,-24.776,-26.779,session_close,True,-0.00037313,0.00117629,OOS
primary,SPY,2025-11-04,short,0.00380367,0.00189740,2.0047,10:00,678.710000,15:59,675.240000,0.00511264,0.00491315,51.126,49.132,session_close,False,0.00076616,0.00106515,OOS
primary,SPY,2025-11-05,short,0.00340751,0.00195936,1.7391,10:00,677.100000,15:59,677.545000,-0.00065721,-0.00085728,-6.572,-8.573,session_close,False,-0.00336730,0.00325850,OOS
primary,SPY,2025-11-14,short,0.00497460,0.00190785,2.6074,10:00,668.680000,15:59,671.910000,-0.00483041,-0.00503090,-48.304,-50.309,session_close,False,-0.00906263,0.00109270,OOS
primary,SPY,2025-11-17,short,0.00456921,0.00199947,2.2852,10:00,672.760000,15:59,665.670000,0.01053868,0.01033973,105.387,103.397,session_close,False,-0.00028242,-0.00287755,OOS
primary,SPY,2025-11-19,short,0.00740035,0.00218544,3.3862,10:00,665.670000,15:59,662.630000,0.00456683,0.00436728,45.668,43.673,session_close,True,0.00473959,0.00131123,OOS
primary,SPY,2025-11-20,short,0.00297217,0.00238407,1.2467,10:00,674.920000,15:59,652.530000,0.03317430,0.03297762,331.743,329.776,session_close,True,0.02180999,0.00559281,OOS
primary,SPY,2025-12-01,short,0.00388916,0.00235537,1.6512,10:00,681.455000,15:59,680.270000,0.00173893,0.00153910,17.389,15.391,session_close,False,-0.00068970,0.00067575,OOS
primary,SPY,2025-12-19,short,0.00477394,0.00256788,1.8591,10:00,679.810000,15:59,680.440000,-0.00092673,-0.00112682,-9.267,-11.268,session_close,True,0.00016916,0.00006613,OOS
primary,SPY,2026-01-06,short,0.00311805,0.00256223,1.2169,10:00,690.075000,15:59,691.810000,-0.00251422,-0.00271447,-25.142,-27.145,session_close,True,0.00093468,0.00021678,OOS
primary,SPY,2026-01-12,short,0.00427115,0.00253978,1.6817,10:00,693.640000,15:59,695.235000,-0.00229946,-0.00249969,-22.995,-24.997,session_close,False,-0.00132634,0.00012225,OOS
primary,SPY,2026-01-21,short,0.00417862,0.00262249,1.5934,10:00,682.480000,15:59,685.400000,-0.00427851,-0.00447894,-42.785,-44.789,session_close,True,0.00356787,-0.00006566,OOS
primary,SPY,2026-02-02,short,0.00452449,0.00274387,1.6489,10:00,692.620000,15:59,695.410000,-0.00402818,-0.00422859,-40.282,-42.286,session_close,False,-0.00451907,0.00057286,OOS
primary,SPY,2026-02-06,short,0.00482053,0.00274919,1.7534,10:00,684.800000,15:59,690.620000,-0.00849883,-0.00869968,-84.988,-86.997,session_close,True,-0.00388435,-0.00122504,OOS
primary,SPY,2026-02-18,short,0.00312856,0.00271369,1.1529,10:00,686.160000,15:59,686.290000,-0.00018946,-0.00038948,-1.895,-3.895,session_close,True,-0.00199662,-0.00304000,OOS
primary,SPY,2026-02-20,short,0.00370794,0.00255249,1.4527,10:00,684.890000,15:59,689.420000,-0.00661420,-0.00681486,-66.142,-68.149,session_close,False,-0.00537313,-0.00153989,OOS
primary,SPY,2026-03-02,short,0.00633564,0.00260771,2.4296,10:00,682.950000,15:59,686.340000,-0.00496376,-0.00516426,-49.638,-51.643,session_close,False,-0.00481002,-0.00144452,OOS
primary,SPY,2026-03-05,short,0.00442763,0.00274699,1.6118,10:00,685.090000,15:59,681.310000,0.00551752,0.00531807,55.175,53.181,session_close,False,0.00588244,-0.00272275,OOS
primary,SPY,2026-03-16,short,0.00362069,0.00280607,1.2903,10:00,670.800000,15:59,669.030000,0.00263864,0.00243890,26.386,24.389,session_close,True,0.00347346,0.00035860,OOS
primary,SPY,2026-03-23,short,0.00326713,0.00287478,1.1365,10:00,660.200000,15:59,655.765000,0.00671766,0.00651833,67.177,65.183,session_close,True,0.00634656,0.00238084,OOS
primary,SPY,2026-03-26,short,0.00369598,0.00292083,1.2654,10:00,654.470000,15:59,645.090000,0.01433221,0.01413364,143.322,141.336,session_close,False,0.00450746,0.00173318,OOS
primary,SPY,2026-03-31,short,0.00577519,0.00319514,1.8075,10:00,642.640000,15:59,650.420000,-0.01210631,-0.01230752,-121.063,-123.075,session_close,True,0.00443483,-0.00156760,OOS
primary,SPY,2026-04-02,short,0.00496581,0.00327917,1.5143,10:00,649.645000,15:59,655.830000,-0.00952058,-0.00972154,-95.206,-97.215,session_close,False,-0.00670366,-0.00221599,OOS
primary,SPY,2026-04-06,short,0.00407099,0.00331691,1.2273,10:00,657.930000,15:59,658.782000,-0.00129497,-0.00149510,-12.950,-14.951,session_close,True,0.00012159,-0.00137092,OOS
primary,SPY,2026-04-13,short,0.00339528,0.00335774,1.0112,10:00,679.720000,15:59,686.130000,-0.00943035,-0.00963130,-94.304,-96.313,session_close,False,0.00035309,-0.00340009,OOS
primary,SPY,2026-05-01,short,0.00405546,0.00316097,1.2830,10:00,724.190000,15:59,720.670000,0.00486060,0.00466109,48.606,46.611,session_close,True,0.00111159,0.00242241,OOS
primary,SPY,2026-06-10,short,0.00317703,0.00278249,1.1418,10:00,735.750000,15:59,725.430000,0.01402650,0.01382791,140.265,138.279,session_close,False,0.00516480,0.00077136,OOS
primary,SPY,2026-06-22,short,0.00295573,0.00279072,1.0591,10:00,749.910000,15:59,744.283900,0.00750237,0.00730312,75.024,73.031,session_close,True,0.00706751,-0.00118226,OOS
primary,SPY,2026-06-23,short,0.00457884,0.00278409,1.6446,10:00,737.125000,15:59,733.580000,0.00480923,0.00460971,48.092,46.097,session_close,False,0.00156690,0.00194555,OOS
primary,SPY,2026-06-30,short,0.00354787,0.00290592,1.2209,10:00,743.910000,15:59,746.520000,-0.00350849,-0.00370884,-35.085,-37.088,session_close,True,-0.00252719,0.00120414,OOS
primary,SPY,2026-07-02,short,0.00449558,0.00282319,1.5924,10:00,750.780000,15:59,744.800000,0.00796505,0.00776585,79.650,77.658,session_close,True,0.00817150,-0.00335439,OOS
primary,SPY,2026-07-17,short,0.00367898,0.00274751,1.3390,10:00,744.810000,15:59,743.290000,0.00204079,0.00184099,20.408,18.410,session_close,False,-0.00276581,-0.00017493,OOS
primary,SPY,2026-07-22,short,0.00289304,0.00279819,1.0339,10:00,748.770000,15:59,747.470000,0.00173618,0.00153635,17.362,15.364,session_close,False,-0.00132217,0.00070856,OOS
primary,SPY,2026-07-30,short,0.00349840,0.00283936,1.2321,10:00,738.620000,15:59,741.690000,-0.00415640,-0.00435682,-41.564,-43.568,session_close,True,0.00201728,0.00012133,OOS
primary,SPY,2026-08-03,short,0.00557750,0.00290822,1.9178,10:00,753.600000,15:59,757.670000,-0.00540074,-0.00560128,-54.007,-56.013,session_close,True,-0.00312500,0.00088351,OOS
primary,SPY,2026-08-04,short,0.00362857,0.00298437,1.2159,10:00,763.370000,15:59,771.330000,-0.01042745,-0.01062849,-104.274,-106.285,session_close,True,-0.00664160,0.00128185,OOS
primary,SPY,2026-08-13,short,0.00353608,0.00294124,1.2022,10:00,777.600000,15:59,777.880000,-0.00036008,-0.00056012,-3.601,-5.601,session_close,True,0.00271348,0.00019292,OOS
primary,QQQ,2021-12-27,short,0.00532329,0.00444343,1.1980,10:00,400.420000,15:59,403.480000,-0.00764198,-0.00784274,-76.420,-78.427,session_close,True,-0.00440662,-0.00166928,IS
primary,QQQ,2022-01-14,short,0.01242435,0.00411172,3.0217,10:00,379.710000,15:59,380.010000,-0.00079008,-0.00099016,-7.901,-9.902,session_close,False,0.00242290,-0.00195112,IS
primary,QQQ,2022-01-19,short,0.00615236,0.00441260,1.3943,10:00,374.420000,15:59,366.480000,0.02120613,0.02100825,212.061,210.083,session_close,True,0.01079002,0.00653311,IS
primary,QQQ,2022-01-20,short,0.00681468,0.00447501,1.5228,10:00,372.380000,15:59,361.720000,0.02862667,0.02842953,286.267,284.295,session_close,True,-0.00026854,0.00874188,IS
primary,QQQ,2022-01-31,short,0.01002265,0.00500527,2.0024,10:00,356.750000,15:59,363.050000,-0.01765943,-0.01786119,-176.594,-178.612,session_close,True,-0.00958655,-0.00824817,IS
primary,QQQ,2022-02-10,short,0.01126502,0.00511874,2.2007,10:00,363.580000,15:59,358.430000,0.01416470,0.01396611,141.647,139.661,session_close,False,-0.00302547,0.00158774,IS
primary,QQQ,2022-02-14,short,0.00559641,0.00533403,1.0492,10:00,348.400000,15:59,347.490000,0.00261194,0.00241220,26.119,24.122,session_close,False,-0.00361653,-0.00040305,IS
primary,QQQ,2022-02-22,short,0.01016278,0.00540110,1.8816,10:00,341.920000,15:59,338.080000,0.01123070,0.01103182,112.307,110.318,session_close,False,0.01073350,0.00693366,IS
primary,QQQ,2022-02-24,short,0.02060595,0.00559576,3.6824,10:00,325.400000,15:59,340.490000,-0.04637369,-0.04657833,-463.737,-465.783,session_close,False,-0.01502766,-0.01073098,IS
primary,QQQ,2022-02-28,short,0.00721147,0.00628170,1.1480,10:00,344.940000,15:59,346.800000,-0.00539224,-0.00559278,-53.922,-55.928,session_close,False,-0.00795820,-0.00806627,IS
primary,QQQ,2022-03-16,short,0.00740585,0.00617015,1.2003,10:00,334.640000,15:59,340.320000,-0.01697346,-0.01717516,-169.735,-171.752,session_close,True,-0.00687306,-0.00760918,IS
primary,QQQ,2022-03-17,short,0.00777256,0.00612354,1.2693,10:00,341.000000,15:59,344.440000,-0.01008798,-0.01028899,-100.880,-102.890,session_close,False,0.00416422,-0.00488673,IS
primary,QQQ,2022-03-18,short,0.00720663,0.00618176,1.1658,10:00,345.280000,15:59,351.490000,-0.01798540,-0.01818720,-179.854,-181.872,session_close,False,-0.00602410,-0.00136748,IS
primary,QQQ,2022-03-28,short,0.00898870,0.00622169,1.4447,10:00,362.580000,15:59,364.910000,-0.00642617,-0.00662681,-64.262,-66.268,session_close,False,0.01017706,-0.00247246,IS
primary,QQQ,2022-04-04,short,0.01026991,0.00633205,1.6219,10:00,366.400000,15:59,369.300000,-0.00791485,-0.00811564,-79.148,-81.156,session_close,True,-0.00403930,-0.00166809,IS
primary,QQQ,2022-04-07,short,0.00669998,0.00644629,1.0394,10:00,354.570000,15:59,354.100000,0.00132555,0.00112568,13.255,11.257,session_close,False,0.01255041,0.00239470,IS
primary,QQQ,2022-04-19,short,0.00999911,0.00644667,1.5511,10:00,341.390000,15:59,346.260000,-0.01426521,-0.01446664,-142.652,-144.666,session_close,False,-0.01127742,0.00008663,IS
primary,QQQ,2022-04-27,short,0.01166309,0.00660540,1.7657,10:00,320.930000,15:59,316.760000,0.01299349,0.01279479,129.935,127.948,session_close,True,0.00676814,0.00189060,IS
primary,QQQ,2022-04-29,short,0.01016373,0.00662745,1.5336,10:00,326.980000,15:59,313.250000,0.04199034,0.04179453,419.903,417.945,session_close,False,0.01859441,0.00604464,IS
primary,QQQ,2022-05-11,short,0.01145892,0.00714699,1.6033,10:00,301.830000,15:59,291.780000,0.03329689,0.03310022,332.969,331.002,session_close,False,0.00785210,0.00368777,IS
primary,QQQ,2022-05-13,short,0.00923171,0.00725836,1.2719,10:00,298.440000,15:59,301.940000,-0.01172765,-0.01192882,-117.277,-119.288,session_close,True,-0.00951615,0.00277297,IS
primary,QQQ,2022-05-25,short,0.00738511,0.00670952,1.1007,10:00,287.820000,15:59,291.260000,-0.01195191,-0.01215311,-119.519,-121.531,session_close,False,-0.00429088,0.00372841,IS
primary,QQQ,2022-05-26,short,0.01702589,0.00677244,2.5140,10:00,295.400000,15:59,299.330000,-0.01330399,-0.01350532,-133.040,-135.053,session_close,False,-0.00930941,-0.00174024,IS
primary,QQQ,2022-05-27,short,0.00904013,0.00711988,1.2697,10:00,305.260000,15:59,309.100000,-0.01257944,-0.01278070,-125.794,-127.807,session_close,True,-0.00579834,-0.00184747,IS
primary,QQQ,2022-06-09,short,0.00763296,0.00716329,1.0656,10:00,308.250000,15:59,299.400000,0.02871046,0.02851333,287.105,285.133,session_close,False,0.00532036,0.00721214,IS
primary,QQQ,2022-06-17,short,0.01102212,0.00706569,1.5599,10:00,275.240000,15:59,274.690000,0.00199826,0.00179846,19.983,17.985,session_close,True,0.00704948,0.00485454,IS
primary,QQQ,2022-06-21,short,0.01271749,0.00719850,1.7667,10:00,282.290000,15:59,281.080000,0.00428637,0.00408680,42.864,40.868,session_close,True,0.00194835,0.00306797,IS
primary,QQQ,2022-06-22,short,0.01044808,0.00737360,1.4170,10:00,281.450000,15:59,280.670000,0.00277136,0.00257164,27.714,25.716,session_close,False,0.00039083,0.00372710,IS
primary,QQQ,2022-06-24,short,0.00896643,0.00739820,1.2120,10:00,290.340000,15:59,294.610000,-0.01470690,-0.01490837,-147.069,-149.084,session_close,True,-0.00484466,-0.00647387,IS
primary,QQQ,2022-07-07,short,0.00970203,0.00762565,1.2723,10:00,292.450000,15:59,294.980000,-0.00865105,-0.00885192,-86.511,-88.519,session_close,True,-0.00451359,0.00027113,IS
primary,QQQ,2022-07-13,short,0.01156450,0.00783701,1.4756,10:00,283.850000,15:59,285.650000,-0.00634138,-0.00654201,-63.414,-65.420,session_close,False,-0.00571816,0.00300164,IS
primary,QQQ,2022-08-03,short,0.00955229,0.00719007,1.3285,10:00,319.030000,15:59,322.890000,-0.01209918,-0.01230039,-120.992,-123.004,session_close,True,-0.00799298,-0.00021684,IS
primary,QQQ,2022-08-08,short,0.00966872,0.00700623,1.3800,10:00,325.820000,15:59,320.710000,0.01568351,0.01548507,156.835,154.851,session_close,True,0.01043521,-0.00162404,IS
primary,QQQ,2022-09-09,short,0.00670343,0.00613362,1.0929,10:00,304.910000,15:59,307.050000,-0.00701846,-0.00721917,-70.185,-72.192,session_close,True,-0.00426355,0.00017681,IS
primary,QQQ,2022-09-12,short,0.00680713,0.00619387,1.0990,10:00,310.620000,15:59,310.740000,-0.00038632,-0.00058636,-3.863,-5.864,session_close,True,0.00595519,-0.00217696,IS
primary,QQQ,2022-09-19,short,0.00821391,0.00580632,1.4147,10:00,288.470000,15:59,291.050000,-0.00894374,-0.00914463,-89.437,-91.446,session_close,False,0.00336222,-0.00120399,IS
primary,QQQ,2022-09-26,short,0.01210777,0.00576028,2.1019,10:00,278.380000,15:59,274.370000,0.01440477,0.01420621,144.048,142.062,session_close,False,0.00686113,0.00446299,IS
primary,QQQ,2022-10-04,short,0.00885301,0.00570284,1.5524,10:00,281.470000,15:59,282.130000,-0.00234483,-0.00254507,-23.448,-25.451,session_close,True,-0.00259353,-0.00257636,IS
primary,QQQ,2022-10-13,short,0.00909233,0.00560727,1.6215,10:00,257.490000,15:59,268.820000,-0.04400171,-0.04420611,-440.017,-442.061,session_close,False,-0.03627325,0.00048336,IS
primary,QQQ,2022-10-17,short,0.00629591,0.00591966,1.0636,10:00,268.520000,15:59,269.350000,-0.00309102,-0.00329133,-30.910,-32.913,session_close,True,-0.00364964,0.00114960,IS
primary,QQQ,2022-10-20,short,0.00819794,0.00603568,1.3582,10:00,271.820000,15:59,269.110000,0.00996983,0.00977083,99.698,97.708,session_close,False,-0.00595983,-0.00078096,IS
primary,QQQ,2022-10-21,short,0.01033659,0.00606225,1.7051,10:00,270.750000,15:59,275.430000,-0.01728532,-0.01748705,-172.853,-174.870,session_close,False,-0.00487535,0.00090685,IS
primary,QQQ,2022-10-25,short,0.01181060,0.00605699,1.9499,10:00,282.730000,15:59,284.210000,-0.00523468,-0.00543520,-52.347,-54.352,session_close,True,-0.00272345,0.00007881,IS
primary,QQQ,2022-10-28,short,0.00944055,0.00616306,1.5318,10:00,274.830000,15:59,281.220000,-0.02325074,-0.02345306,-232.507,-234.531,session_close,False,-0.01208020,-0.00010669,IS
primary,QQQ,2022-11-10,short,0.00836926,0.00636379,1.3151,10:00,278.340000,15:59,282.750000,-0.01584393,-0.01604552,-158.439,-160.455,session_close,True,-0.00374219,-0.00490457,IS
primary,QQQ,2022-11-23,short,0.00688918,0.00647279,1.0643,10:00,287.990000,15:59,288.820000,-0.00288204,-0.00308233,-28.820,-30.823,session_close,True,0.00388902,0.00048450,IS
primary,QQQ,2022-12-14,short,0.00669120,0.00623833,1.0726,10:00,289.970000,15:59,286.510000,0.01193227,0.01173346,119.323,117.335,session_close,False,-0.00189675,-0.00256388,IS
primary,QQQ,2022-12-29,short,0.00695277,0.00627166,1.1086,10:00,264.800000,15:59,266.440000,-0.00619335,-0.00639397,-61.934,-63.940,session_close,True,-0.00868580,0.00146160,IS
primary,QQQ,2023-01-09,short,0.00993243,0.00615018,1.6150,10:00,273.530000,15:59,270.540000,0.01093116,0.01073225,109.312,107.323,session_close,True,-0.00508171,0.00247041,IS
primary,QQQ,2023-01-23,short,0.00814700,0.00585477,1.3915,10:00,285.870000,15:59,288.960000,-0.01080911,-0.01101019,-108.091,-110.102,session_close,True,-0.01203344,-0.00227190,IS
primary,QQQ,2023-01-27,short,0.00640411,0.00558405,1.1469,10:00,293.900000,15:59,296.260000,-0.00802994,-0.00823075,-80.299,-82.307,session_close,False,-0.00571623,0.00547182,IS
primary,QQQ,2023-02-03,short,0.01213353,0.00528500,2.2958,10:00,308.650000,15:59,306.180000,0.00800259,0.00780339,80.026,78.034,session_close,False,-0.00414709,0.00045704,IS
primary,QQQ,2023-02-14,short,0.00894714,0.00541445,1.6525,10:00,305.630000,15:59,306.750000,-0.00366456,-0.00386493,-36.646,-38.649,session_close,False,0.00929228,-0.00024456,IS
primary,QQQ,2023-03-09,short,0.00662019,0.00508012,1.3032,10:00,300.320000,15:59,292.660000,0.02550613,0.02530868,255.061,253.087,session_close,True,0.00336308,-0.00123161,IS
primary,QQQ,2023-03-13,short,0.01028842,0.00527329,1.9510,10:00,289.640000,15:59,290.690000,-0.00362519,-0.00382555,-36.252,-38.256,session_close,False,-0.01256732,0.00305268,IS
primary,QQQ,2023-03-16,short,0.00570470,0.00524945,1.0867,10:00,299.670000,15:59,306.810000,-0.02382621,-0.02402859,-238.262,-240.286,session_close,False,-0.01795308,0.00078163,IS
primary,QQQ,2023-04-14,short,0.00721055,0.00420518,1.7147,10:00,319.810000,15:59,318.570000,0.00387730,0.00367769,38.773,36.777,session_close,False,0.00775648,-0.00163496,IS
primary,QQQ,2023-04-20,short,0.00497323,0.00416817,1.1931,10:00,317.250000,15:59,316.280000,0.00305753,0.00285783,30.575,28.578,session_close,False,-0.00159180,-0.00387228,IS
primary,QQQ,2023-05-05,short,0.00389362,0.00372005,1.0467,10:00,319.710000,15:59,322.890000,-0.00994651,-0.01014751,-99.465,-101.475,session_close,True,-0.00497857,0.00132995,IS
primary,QQQ,2023-05-16,short,0.00364964,0.00352710,1.0347,10:00,327.260000,15:59,327.160000,0.00030557,0.00010560,3.056,1.056,session_close,False,-0.00433906,0.00404883,IS
primary,QQQ,2023-05-18,short,0.00437379,0.00353400,1.2376,10:00,332.980000,15:59,337.270000,-0.01288366,-0.01308495,-128.837,-130.849,session_close,True,-0.00798847,-0.00327215,IS
primary,QQQ,2023-05-22,short,0.00585874,0.00357193,1.6402,10:00,338.230000,15:59,337.640000,0.00174438,0.00154455,17.444,15.445,session_close,False,0.00251308,-0.00001481,IS
primary,QQQ,2023-05-26,short,0.00692570,0.00370174,1.8709,10:00,343.140000,15:59,348.400000,-0.01532902,-0.01553055,-153.290,-155.306,session_close,True,-0.01196305,0.00088899,IS
primary,QQQ,2023-06-09,short,0.00623185,0.00329754,1.8898,10:00,356.870000,15:59,354.500000,0.00664107,0.00644174,66.411,64.417,session_close,True,0.00832236,0.00050750,IS
primary,QQQ,2023-06-15,short,0.00400428,0.00330367,1.2121,10:00,366.080000,15:59,370.260000,-0.01141827,-0.01161941,-114.183,-116.194,session_close,False,-0.00682911,0.00226354,IS
primary,QQQ,2023-06-22,short,0.00680448,0.00348759,1.9511,10:00,363.110000,15:59,366.170000,-0.00842720,-0.00862804,-84.272,-86.280,session_close,False,-0.00492964,-0.00342541,IS
primary,QQQ,2023-06-26,short,0.00687845,0.00350279,1.9637,10:00,364.490000,15:59,357.700000,0.01862877,0.01843063,186.288,184.306,session_close,False,0.00817581,0.00442539,IS
primary,QQQ,2023-06-28,short,0.00414388,0.00361946,1.1449,10:00,363.460000,15:59,364.540000,-0.00297144,-0.00317174,-29.714,-31.717,session_close,False,-0.00611044,-0.00211672,IS
primary,QQQ,2023-06-30,short,0.00408108,0.00362601,1.1255,10:00,369.090000,15:59,369.420000,-0.00089409,-0.00109418,-8.941,-10.942,session_close,True,0.00032512,0.00170247,IS
primary,QQQ,2023-07-05,short,0.00530249,0.00364983,1.4528,10:00,370.620000,15:59,370.290000,0.00089040,0.00069049,8.904,6.905,session_close,False,0.00143004,0.00167156,IS
primary,QQQ,2023-07-14,short,0.00549284,0.00347251,1.5818,10:00,381.630000,15:59,379.070000,0.00670807,0.00650874,67.081,65.087,session_close,True,-0.00060268,-0.00150594,IS
primary,QQQ,2023-07-25,short,0.00466905,0.00352704,1.3238,10:00,378.760000,15:59,378.780000,-0.00005280,-0.00025281,-0.528,-2.528,session_close,True,-0.00023762,0.00231786,IS
primary,QQQ,2023-08-03,short,0.00508146,0.00358574,1.4171,10:00,373.810000,15:59,373.790000,0.00005350,-0.00014649,0.535,-1.465,session_close,False,-0.00109681,0.00048132,IS
primary,QQQ,2023-08-10,short,0.00792517,0.00378139,2.0958,10:00,373.930000,15:59,368.590000,0.01428075,0.01408218,142.807,140.822,session_close,True,0.01186051,0.00027123,IS
primary,QQQ,2023-08-21,short,0.00706301,0.00380749,1.8550,10:00,362.170000,15:59,363.900000,-0.00477676,-0.00497724,-47.768,-49.772,session_close,True,0.00694425,0.00032938,IS
primary,QQQ,2023-08-23,short,0.00554611,0.00392297,1.4138,10:00,366.600000,15:59,369.110000,-0.00684670,-0.00704738,-68.467,-70.474,session_close,True,-0.00708674,0.00210874,IS
primary,QQQ,2023-08-29,short,0.00530609,0.00397418,1.3351,10:00,368.520000,15:59,374.760000,-0.01693260,-0.01713429,-169.326,-171.343,session_close,False,-0.01377130,0.00074659,IS
primary,QQQ,2023-08-31,short,0.00480183,0.00400763,1.1982,10:00,378.770000,15:59,377.990000,0.00205930,0.00185950,20.593,18.595,session_close,True,0.00018481,0.00219101,IS
primary,QQQ,2023-10-03,short,0.00462679,0.00371509,1.2454,10:00,360.450000,15:59,354.920000,0.01534193,0.01514347,153.419,151.435,session_close,False,0.01467610,-0.00374722,IS
primary,QQQ,2023-10-30,short,0.00597993,0.00374897,1.5951,10:00,349.915000,15:59,349.200000,0.00204335,0.00184356,20.434,18.436,session_close,True,0.00384379,0.00188647,IS
primary,QQQ,2023-11-03,short,0.00490747,0.00371603,1.3206,10:00,366.550000,15:59,367.710000,-0.00316464,-0.00336496,-31.646,-33.650,session_close,True,-0.00114582,0.00146640,IS
primary,QQQ,2023-11-20,short,0.00629452,0.00322543,1.9515,10:00,388.500000,15:59,390.740000,-0.00576577,-0.00596634,-57.658,-59.663,session_close,True,-0.00105508,0.00107373,IS
primary,QQQ,2023-12-05,short,0.00399776,0.00307741,1.2991,10:00,385.890000,15:59,387.270000,-0.00357615,-0.00377651,-35.761,-37.765,session_close,False,-0.00098474,-0.00090458,IS
primary,QQQ,2023-12-11,short,0.00507990,0.00311499,1.6308,10:00,393.730000,15:59,395.520000,-0.00454626,-0.00474672,-45.463,-47.467,session_close,False,-0.00009829,-0.00103794,IS
primary,QQQ,2024-01-08,short,0.00708561,0.00281554,2.5166,10:00,400.815000,15:59,404.950000,-0.01031648,-0.01051751,-103.165,-105.175,session_close,True,-0.00288163,-0.00128576,IS
primary,QQQ,2024-02-02,short,0.00481359,0.00250451,1.9220,10:00,425.800000,15:59,429.170000,-0.00791451,-0.00811531,-79.145,-81.153,session_close,True,-0.00629427,0.00197665,IS
primary,QQQ,2024-02-13,short,0.00266944,0.00258582,1.0323,10:00,428.415000,15:59,428.530000,-0.00026843,-0.00046846,-2.684,-4.685,session_close,False,-0.00269598,-0.00600674,IS
primary,QQQ,2024-03-08,short,0.00370113,0.00274872,1.3465,10:00,447.470000,15:59,439.020000,0.01888395,0.01868584,188.839,186.858,session_close,True,0.01153150,0.00056913,IS
primary,QQQ,2024-04-01,short,0.00465200,0.00301936,1.5407,10:00,447.030000,15:59,444.950000,0.00465293,0.00445340,46.529,44.534,session_close,True,0.00843568,-0.00144044,IS
primary,QQQ,2024-04-05,short,0.00386922,0.00295366,1.3100,10:00,438.470000,15:59,440.490000,-0.00460693,-0.00480739,-46.069,-48.074,session_close,True,-0.00795950,-0.00034065,IS
primary,QQQ,2024-04-23,short,0.00415904,0.00295043,1.4096,10:00,422.540000,15:59,425.355000,-0.00666209,-0.00686276,-66.621,-68.628,session_close,True,-0.00351446,0.00041125,IS
primary,QQQ,2024-04-26,short,0.00514475,0.00299699,1.7166,10:00,429.820000,15:59,431.000000,-0.00274534,-0.00294561,-27.453,-29.456,session_close,True,-0.00338514,0.00282264,IS
primary,QQQ,2024-05-08,short,0.00464962,0.00303849,1.5302,10:00,439.710000,15:59,440.060000,-0.00079598,-0.00099606,-7.960,-9.961,session_close,False,-0.00032976,0.00003409,IS
primary,QQQ,2024-05-20,short,0.00559759,0.00279941,1.9996,10:00,454.520000,15:59,454.910000,-0.00085805,-0.00105813,-8.580,-10.581,session_close,True,0.00040922,0.00065882,IS
primary,QQQ,2024-05-29,short,0.00340300,0.00301088,1.1302,10:00,457.040000,15:59,456.440000,0.00131280,0.00111293,13.128,11.129,session_close,False,-0.00107190,0.00221880,IS
primary,QQQ,2024-06-12,short,0.00453399,0.00269653,1.6814,10:00,474.140000,15:59,474.150000,-0.00002109,-0.00022109,-0.211,-2.211,session_close,True,-0.00119690,-0.00135161,IS
primary,QQQ,2024-06-14,short,0.00318979,0.00273601,1.1659,10:00,478.020000,15:59,479.190000,-0.00244760,-0.00264784,-24.476,-26.478,session_close,False,0.00102506,-0.00075330,IS
primary,QQQ,2024-06-27,short,0.00343664,0.00257450,1.3349,10:00,481.750000,15:59,481.610000,0.00029061,0.00009064,2.906,0.906,session_close,False,0.00336274,0.00012457,IS
primary,QQQ,2024-06-28,short,0.00379345,0.00260317,1.4572,10:00,484.240000,15:59,479.110000,0.01059392,0.01039498,105.939,103.950,session_close,True,0.00186891,0.00287207,IS
primary,QQQ,2024-07-02,short,0.00399659,0.00268658,1.4876,10:00,482.360000,15:59,486.980000,-0.00957791,-0.00977887,-95.779,-97.789,session_close,False,-0.00149266,-0.00157338,OOS
primary,QQQ,2024-07-03,short,0.00302332,0.00268969,1.1240,10:00,487.690000,13:00,491.040000,-0.00686912,-0.00706980,-68.691,-70.698,session_close,False,-0.00500318,0.00000000,OOS
primary,QQQ,2024-07-05,short,0.00349672,0.00271120,1.2897,10:00,493.660000,15:59,496.160000,-0.00506421,-0.00526472,-50.642,-52.647,session_close,True,-0.00378803,0.00002822,OOS
primary,QQQ,2024-07-12,short,0.00483239,0.00269508,1.7930,10:00,494.910000,15:59,494.820000,0.00018185,-0.00001813,1.819,-0.181,session_close,True,-0.00244489,0.00662491,OOS
primary,QQQ,2024-07-29,short,0.00377918,0.00301610,1.2530,10:00,467.450000,15:59,463.900000,0.00759440,0.00739515,75.944,73.952,session_close,True,0.00504867,0.00154965,OOS
primary,QQQ,2024-08-01,short,0.00625318,0.00300943,2.0779,10:00,474.620000,15:59,459.660000,0.03151995,0.03132310,315.200,313.231,session_close,True,0.02435633,-0.00239881,OOS
primary,QQQ,2024-08-05,short,0.01841256,0.00314507,5.8544,10:00,432.540000,15:59,435.370000,-0.00654275,-0.00674340,-65.427,-67.434,session_close,False,-0.01241504,-0.00119581,OOS
primary,QQQ,2024-08-13,short,0.00403668,0.00397595,1.0153,10:00,457.670000,15:59,462.580000,-0.01072825,-0.01092933,-107.283,-109.293,session_close,True,-0.00427382,-0.00220990,OOS
primary,QQQ,2024-08-15,short,0.00558921,0.00406941,1.3735,10:00,471.370000,15:59,474.420000,-0.00647050,-0.00667115,-64.705,-66.711,session_close,True,-0.00333072,-0.00027409,OOS
primary,QQQ,2024-08-20,short,0.00507963,0.00406663,1.2491,10:00,482.800000,15:59,480.260000,0.00526098,0.00506150,52.610,50.615,session_close,False,0.00333471,0.00047868,OOS
primary,QQQ,2024-08-29,short,0.00747972,0.00399308,1.8732,10:00,476.820000,15:59,470.660000,0.01291892,0.01272021,129.189,127.202,session_close,True,0.00062896,0.00067943,OOS
primary,QQQ,2024-09-04,short,0.00510171,0.00413822,1.2328,10:00,460.940000,15:59,460.610000,0.00071593,0.00051600,7.159,5.160,session_close,False,-0.00198789,0.00045571,OOS
primary,QQQ,2024-09-05,short,0.00888947,0.00418997,2.1216,10:00,463.040000,15:59,461.040000,0.00431928,0.00411971,43.193,41.197,session_close,False,0.00999914,-0.00039057,OOS
primary,QQQ,2024-10-03,short,0.00566974,0.00467681,1.2123,10:00,482.410000,15:59,481.590000,0.00169980,0.00149997,16.998,15.000,session_close,False,-0.00079041,-0.00322806,OOS
primary,QQQ,2024-10-14,short,0.00574863,0.00473226,1.2148,10:00,498.630000,15:59,497.500000,0.00226621,0.00206644,22.662,20.664,session_close,True,0.00399094,0.00081341,OOS
primary,QQQ,2024-10-25,short,0.00769479,0.00468257,1.6433,10:00,498.930000,15:59,495.320000,0.00723548,0.00703621,72.355,70.362,session_close,True,0.00129778,0.00083714,OOS
primary,QQQ,2024-11-01,short,0.00488157,0.00420786,1.1601,10:00,487.890000,15:59,487.430000,0.00094284,0.00074293,9.428,7.429,session_close,True,-0.00272602,0.00047164,OOS
primary,QQQ,2024-11-05,short,0.00683969,0.00425163,1.6087,10:00,490.880000,15:59,492.210000,-0.00270942,-0.00290969,-27.094,-29.097,session_close,True,-0.00256682,-0.00050817,OOS
primary,QQQ,2024-11-07,short,0.00489772,0.00425500,1.1511,10:00,510.880000,15:59,513.540000,-0.00520670,-0.00540722,-52.067,-54.072,session_close,True,-0.00395396,0.00054494,OOS
primary,QQQ,2024-12-02,short,0.00520538,0.00417432,1.2470,10:00,513.680000,15:59,515.290000,-0.00313425,-0.00333456,-31.342,-33.346,session_close,True,-0.00360146,0.00085316,OOS
primary,QQQ,2024-12-06,short,0.00528250,0.00395828,1.3345,10:00,525.280000,15:59,526.480000,-0.00228450,-0.00248472,-22.845,-24.847,session_close,True,-0.00026652,-0.00049808,OOS
primary,QQQ,2024-12-11,short,0.00487619,0.00400103,1.2187,10:00,527.560000,15:59,529.920000,-0.00447342,-0.00467387,-44.734,-46.739,session_close,True,-0.00295701,0.00111195,OOS
primary,QQQ,2025-01-03,short,0.00414922,0.00382356,1.0852,10:00,515.400000,15:59,518.580000,-0.00616997,-0.00637058,-61.700,-63.706,session_close,True,-0.00370586,0.00050112,OOS
primary,QQQ,2025-01-06,short,0.00386436,0.00384765,1.0043,10:00,526.080000,15:59,524.540000,0.00292731,0.00272760,29.273,27.276,session_close,True,-0.00167275,-0.00118339,OOS
primary,QQQ,2025-01-22,short,0.00438091,0.00393517,1.1133,10:00,531.920000,15:59,531.510000,0.00077079,0.00057087,7.708,5.709,session_close,True,-0.00270717,0.00077079,OOS
primary,QQQ,2025-01-27,short,0.00964775,0.00384415,2.5097,10:00,515.870000,15:59,514.140000,0.00335356,0.00315389,33.536,31.539,session_close,False,0.00571869,-0.00414046,OOS
primary,QQQ,2025-01-31,short,0.00421316,0.00384678,1.0952,10:00,529.150000,15:59,522.290000,0.01296419,0.01276548,129.642,127.655,session_close,True,-0.00171974,-0.00106030,OOS
primary,QQQ,2025-02-04,short,0.00638220,0.00383257,1.6653,10:00,521.970000,15:59,524.470000,-0.00478955,-0.00499003,-47.895,-49.900,session_close,True,-0.00430140,-0.00168070,OOS
primary,QQQ,2025-02-12,short,0.00574383,0.00372902,1.5403,10:00,525.320000,15:59,528.300000,-0.00567273,-0.00587330,-56.727,-58.733,session_close,False,-0.00466573,0.00056754,OOS
primary,QQQ,2025-03-07,short,0.00531653,0.00458482,1.1596,10:00,489.700000,15:59,491.790000,-0.00426792,-0.00446835,-42.679,-44.683,session_close,False,0.01539208,0.00005083,OOS
primary,QQQ,2025-03-11,short,0.00522917,0.00462266,1.1312,10:00,474.790000,15:59,471.600000,0.00671876,0.00651943,67.188,65.194,session_close,False,0.00503380,0.00816017,OOS
primary,QQQ,2025-03-20,short,0.00742325,0.00507055,1.4640,10:00,480.470000,15:59,479.280000,0.00247674,0.00227699,24.767,22.770,session_close,False,-0.00264325,-0.00253101,OOS
primary,QQQ,2025-04-02,short,0.01040505,0.00511882,2.0327,10:00,470.950000,15:59,476.150000,-0.01104151,-0.01124262,-110.415,-112.426,session_close,False,-0.00702835,-0.00284330,OOS
primary,QQQ,2025-04-07,short,0.02013899,0.00524735,3.8379,10:00,416.890000,15:59,423.690000,-0.01631126,-0.01651289,-163.113,-165.129,session_close,False,-0.00688431,-0.00696359,OOS
primary,QQQ,2025-04-09,short,0.01376423,0.00584547,2.3547,10:00,421.310000,15:59,466.000000,-0.10607391,-0.10628452,-1060.739,-1062.845,session_close,False,0.00747431,-0.00835245,OOS
primary,QQQ,2025-04-11,short,0.00820870,0.00614135,1.3366,10:00,448.310000,15:59,454.400000,-0.01358435,-0.01378571,-135.844,-137.857,session_close,False,-0.00020075,0.00054987,OOS
primary,QQQ,2025-04-24,short,0.00935419,0.00628429,1.4885,10:00,460.770000,15:59,467.350000,-0.01428044,-0.01448187,-142.804,-144.819,session_close,True,-0.00555592,-0.00449211,OOS
primary,QQQ,2025-05-19,short,0.00733121,0.00644556,1.1374,10:00,517.990000,15:59,522.010000,-0.00776077,-0.00796154,-77.608,-79.615,session_close,False,-0.00362941,-0.00295886,OOS
primary,QQQ,2025-06-16,short,0.00608860,0.00551453,1.1041,10:00,533.740000,15:59,534.270000,-0.00099299,-0.00119309,-9.930,-11.931,session_close,True,-0.00078690,-0.00046815,OOS
primary,QQQ,2025-07-09,short,0.00461694,0.00411416,1.1222,10:00,557.030000,15:59,556.250000,0.00140028,0.00120042,14.003,12.004,session_close,True,0.00582554,-0.00070162,OOS
primary,QQQ,2025-07-21,short,0.00501699,0.00360649,1.3911,10:00,564.930000,15:59,564.180000,0.00132760,0.00112773,13.276,11.277,session_close,True,-0.00040713,0.00100912,OOS
primary,QQQ,2025-08-04,short,0.00662731,0.00344911,1.9215,10:00,562.770000,15:59,564.100000,-0.00236331,-0.00256355,-23.633,-25.635,session_close,True,-0.00035538,-0.00142020,OOS
primary,QQQ,2025-08-08,short,0.00418091,0.00343532,1.2170,10:00,572.850000,15:59,574.550000,-0.00296762,-0.00316791,-29.676,-31.679,session_close,True,-0.00155364,-0.00030468,OOS
primary,QQQ,2025-09-02,short,0.00583457,0.00342405,1.7040,10:00,564.610000,15:59,565.620000,-0.00178885,-0.00198902,-17.888,-19.890,session_close,False,0.00800553,-0.00182433,OOS
primary,QQQ,2025-09-29,short,0.00358866,0.00348081,1.0310,10:00,601.260000,15:59,598.730000,0.00420783,0.00400825,42.078,40.083,session_close,True,0.00364235,-0.00112029,OOS
primary,QQQ,2025-10-08,short,0.00358435,0.00341560,1.0494,10:00,607.590000,15:59,611.440000,-0.00633651,-0.00653714,-63.365,-65.371,session_close,True,-0.00320611,-0.00081841,OOS
primary,QQQ,2025-10-17,short,0.00342838,0.00310599,1.1038,10:00,599.970000,15:59,603.911000,-0.00656866,-0.00676932,-65.687,-67.693,session_close,False,-0.00105122,0.00153578,OOS
primary,QQQ,2025-10-20,short,0.00410120,0.00313671,1.3075,10:00,609.650000,15:59,611.560000,-0.00313295,-0.00333326,-31.329,-33.333,session_close,True,-0.00369884,0.00078426,OOS
primary,QQQ,2025-10-23,short,0.00567026,0.00318465,1.7805,10:00,608.380000,15:59,610.580000,-0.00361616,-0.00381652,-36.162,-38.165,session_close,False,-0.00129968,0.00092449,OOS
primary,QQQ,2025-11-04,short,0.00519028,0.00292689,1.7733,10:00,626.500000,15:59,619.250000,0.01157223,0.01137338,115.722,113.734,session_close,False,0.00462873,0.00169273,OOS
primary,QQQ,2025-11-05,short,0.00564278,0.00299884,1.8817,10:00,621.940000,15:59,623.350000,-0.00226710,-0.00246733,-22.671,-24.673,session_close,False,-0.00347300,0.00350862,OOS
primary,QQQ,2025-11-10,short,0.00382925,0.00316427,1.2102,10:00,621.280000,15:59,623.230000,-0.00313868,-0.00333900,-31.387,-33.390,session_close,True,0.00436196,-0.00023271,OOS
primary,QQQ,2025-11-14,short,0.00935702,0.00297776,3.1423,10:00,605.140000,15:59,608.860000,-0.00614734,-0.00634795,-61.473,-63.480,session_close,False,-0.01178240,0.00134497,OOS
primary,QQQ,2025-11-17,short,0.00803233,0.00318813,2.5194,10:00,611.160000,15:59,603.660000,0.01227175,0.01207297,122.717,120.730,session_close,False,0.00013090,-0.00402501,OOS
primary,QQQ,2025-11-19,short,0.01143919,0.00350353,3.2650,10:00,603.890000,15:59,599.781000,0.00680422,0.00660490,68.042,66.049,session_close,True,0.00710394,0.00189543,OOS
primary,QQQ,2025-11-24,short,0.00656834,0.00381132,1.7234,10:00,599.190000,15:59,605.160000,-0.00996345,-0.01016445,-99.635,-101.644,session_close,True,-0.00652548,0.00021477,OOS
primary,QQQ,2025-12-01,short,0.00431856,0.00377312,1.1446,10:00,616.280000,15:59,617.220000,-0.00152528,-0.00172543,-15.253,-17.254,session_close,False,-0.00272603,-0.00011650,OOS
primary,QQQ,2025-12-02,short,0.00408420,0.00381220,1.0714,10:00,622.000000,15:59,622.053400,-0.00008585,-0.00028586,-0.859,-2.859,session_close,True,0.00342444,0.00133508,OOS
primary,QQQ,2025-12-05,short,0.00432413,0.00389111,1.1113,10:00,627.080000,15:59,625.480000,0.00255151,0.00235176,25.515,23.518,session_close,True,0.00237609,0.00003197,OOS
primary,QQQ,2025-12-16,short,0.00632953,0.00416472,1.5198,10:00,612.210000,15:59,611.750000,0.00075138,0.00055145,7.514,5.515,session_close,False,0.00236847,0.00006538,OOS
primary,QQQ,2025-12-19,short,0.00768053,0.00422804,1.8166,10:00,616.650000,15:59,617.050000,-0.00064867,-0.00084873,-6.487,-8.487,session_close,True,0.00212438,0.00030782,OOS
primary,QQQ,2026-01-06,short,0.00444810,0.00424060,1.0489,10:00,621.960000,15:59,623.625000,-0.00267702,-0.00287729,-26.770,-28.773,session_close,True,0.00209017,-0.00044116,OOS
primary,QQQ,2026-01-12,short,0.00588131,0.00435172,1.3515,10:00,625.990000,15:59,627.170000,-0.00188501,-0.00208520,-18.850,-20.852,session_close,False,-0.00225243,0.00154424,OOS
primary,QQQ,2026-01-21,short,0.00513561,0.00449822,1.1417,10:00,612.600000,15:59,616.280000,-0.00600718,-0.00620778,-60.072,-62.078,session_close,True,0.00375122,0.00029215,OOS
primary,QQQ,2026-02-02,short,0.00811379,0.00471403,1.7212,10:00,623.700000,15:59,626.140000,-0.00391214,-0.00411253,-39.121,-41.125,session_close,False,-0.00557961,0.00053474,OOS
primary,QQQ,2026-02-18,short,0.00523160,0.00466577,1.1213,10:00,605.250000,15:59,605.790000,-0.00089219,-0.00109228,-8.922,-10.923,session_close,True,-0.00484097,-0.00340797,OOS
primary,QQQ,2026-02-20,short,0.00741502,0.00447164,1.6582,10:00,604.570000,15:59,608.810000,-0.00701325,-0.00721395,-70.132,-72.140,session_close,False,-0.00792299,-0.00218937,OOS
primary,QQQ,2026-02-25,short,0.00721685,0.00451548,1.5982,10:00,615.470000,15:59,616.680000,-0.00196598,-0.00216617,-19.660,-21.662,session_close,True,0.00097486,-0.00092516,OOS
primary,QQQ,2026-03-02,short,0.00878352,0.00464239,1.8920,10:00,604.170000,15:59,608.090000,-0.00648824,-0.00668889,-64.882,-66.889,session_close,False,-0.00683913,-0.00227456,OOS
primary,QQQ,2026-03-05,short,0.00796790,0.00470397,1.6939,10:00,612.220000,15:59,608.910000,0.00540655,0.00520709,54.066,52.071,session_close,False,0.00561890,-0.00374192,OOS
primary,QQQ,2026-03-31,short,0.00791260,0.00486269,1.6272,10:00,568.740000,15:59,577.180000,-0.01483982,-0.01504131,-148.398,-150.413,session_close,True,0.00506383,-0.00129243,OOS
primary,QQQ,2026-04-02,short,0.00561005,0.00495874,1.1313,10:00,577.200000,15:59,584.980000,-0.01347886,-0.01368021,-134.789,-136.802,session_close,False,-0.00982380,-0.00317425,OOS
primary,QQQ,2026-04-06,short,0.00566348,0.00497834,1.1376,10:00,589.560000,15:59,588.500000,0.00179795,0.00159813,17.980,15.981,session_close,True,0.00344325,-0.00109721,OOS
primary,QQQ,2026-05-01,short,0.00866758,0.00435176,1.9917,10:00,674.980000,15:59,674.180000,0.00118522,0.00098534,11.852,9.853,session_close,True,-0.00056298,0.00202798,OOS
primary,QQQ,2026-05-08,short,0.00772945,0.00439118,1.7602,10:00,705.320000,15:59,711.230000,-0.00837918,-0.00858001,-83.792,-85.800,session_close,True,-0.00294902,-0.00296845,OOS
primary,QQQ,2026-05-29,short,0.00451317,0.00398907,1.1314,10:00,741.170000,15:59,738.310000,0.00385876,0.00365915,38.588,36.591,session_close,True,0.00500560,-0.00060987,OOS
primary,QQQ,2026-06-10,short,0.00575777,0.00411253,1.4001,10:00,705.750000,15:59,693.690000,0.01708820,0.01688991,170.882,168.899,session_close,False,0.00575275,0.00073466,OOS
primary,QQQ,2026-06-11,short,0.00501938,0.00415976,1.2067,10:00,702.830000,15:59,717.120000,-0.02033209,-0.02053412,-203.321,-205.341,session_close,True,0.00144943,-0.00225252,OOS
primary,QQQ,2026-06-23,short,0.00694386,0.00415525,1.6711,10:00,720.690000,15:59,713.650000,0.00976842,0.00956939,97.684,95.694,session_close,False,0.00438274,0.00220908,OOS
primary,QQQ,2026-06-30,short,0.01061904,0.00526628,2.0164,10:00,731.890000,15:59,736.400000,-0.00616213,-0.00636274,-61.621,-63.627,session_close,True,-0.00319584,0.00088189,OOS
primary,QQQ,2026-07-02,short,0.00595386,0.00534641,1.1136,10:00,729.940000,15:59,712.604400,0.02374935,0.02355172,237.493,235.517,session_close,True,0.01927556,-0.00388026,OOS
primary,QQQ,2026-07-08,short,0.00567416,0.00536261,1.0581,10:00,708.970000,15:59,711.440000,-0.00348393,-0.00368428,-34.839,-36.843,session_close,False,0.00925991,-0.00142167,OOS
primary,QQQ,2026-07-22,short,0.00636707,0.00548800,1.1602,10:00,708.090000,15:59,705.350000,0.00386956,0.00366995,38.696,36.700,session_close,False,-0.00180768,0.00303943,OOS
primary,QQQ,2026-07-30,short,0.01001097,0.00572439,1.7488,10:00,681.490000,15:59,683.550000,-0.00302279,-0.00322309,-30.228,-32.231,session_close,True,0.00249453,0.00042408,OOS
primary,QQQ,2026-08-03,short,0.00727154,0.00593342,1.2255,10:00,693.290000,15:59,700.070000,-0.00977946,-0.00998044,-97.795,-99.804,session_close,True,-0.00589941,0.00041407,OOS
primary,QQQ,2026-08-04,short,0.00775249,0.00599718,1.2927,10:00,713.640000,15:59,723.850000,-0.01430693,-0.01450836,-143.069,-145.084,session_close,True,-0.00723054,0.00061356,OOS
primary,QQQ,2026-08-06,short,0.00655581,0.00600428,1.0919,10:00,715.500000,15:59,714.650000,0.00118798,0.00098810,11.880,9.881,session_close,False,0.00046122,0.00034970,OOS
primary,QQQ,2026-08-13,short,0.00885334,0.00602317,1.4699,10:00,731.560000,15:59,732.070000,-0.00069714,-0.00089721,-6.971,-8.972,session_close,True,0.00194106,0.00095528,OOS
primary,QQQ,2026-09-21,short,0.00642954,0.00586523,1.0962,10:00,732.560000,15:59,741.320000,-0.01195806,-0.01215926,-119.581,-121.593,session_close,True,-0.00626570,0.00057971,OOS
primary,QQQ,2026-09-22,short,0.00547248,0.00471808,1.1599,10:00,745.030000,15:59,747.460000,-0.00326161,-0.00346194,-32.616,-34.619,session_close,False,0.00065326,-0.00034127,OOS
primary,IGV,2022-01-07,short,0.00873792,0.00723930,1.2070,10:00,73.770000,15:59,72.556000,0.01645655,0.01605985,164.566,160.598,session_close,True,0.01155429,0.00167864,IS
primary,IGV,2022-01-14,short,0.01464797,0.00731381,2.0028,10:00,71.692000,15:59,71.408000,0.00396139,0.00356218,39.614,35.622,session_close,False,0.01171679,-0.00185196,IS
primary,IGV,2022-01-19,short,0.01827817,0.00760235,2.4043,10:00,71.806000,15:59,70.054000,0.02439908,0.02400396,243.991,240.040,session_close,True,0.01366181,0.00750878,IS
primary,IGV,2022-01-20,short,0.01324185,0.00793176,1.6695,10:00,71.784000,15:59,69.690000,0.02917085,0.02877668,291.708,287.767,session_close,True,-0.00222891,0.00884629,IS
primary,IGV,2022-01-31,short,0.01628250,0.00835126,1.9497,10:00,69.822000,15:59,71.014000,-0.01707198,-0.01747540,-170.720,-174.754,session_close,True,-0.01230529,-0.00860698,IS
primary,IGV,2022-02-04,short,0.01152417,0.00873360,1.3195,10:00,69.222000,15:59,70.212000,-0.01430181,-0.01470467,-143.018,-147.047,session_close,True,-0.00780099,0.00622771,IS
primary,IGV,2022-02-07,short,0.01073831,0.00885046,1.2133,10:00,71.170000,15:59,69.826000,0.01888436,0.01848814,188.844,184.881,session_close,True,0.01610229,0.00417861,IS
primary,IGV,2022-02-10,short,0.01764706,0.00894056,1.9738,10:00,72.680000,15:59,71.736000,0.01298844,0.01259104,129.884,125.910,session_close,False,-0.00445790,-0.00053000,IS
primary,IGV,2022-02-14,short,0.00990113,0.00927304,1.0677,10:00,69.656000,15:59,69.100000,0.00798208,0.00758368,79.821,75.837,session_close,False,-0.00034455,0.00236775,IS
primary,IGV,2022-02-22,short,0.01430642,0.00930206,1.5380,10:00,65.836000,15:59,64.974000,0.01309314,0.01269576,130.931,126.958,session_close,False,0.01221216,0.00951249,IS
primary,IGV,2022-02-24,short,0.03814300,0.00950269,4.0139,10:00,63.706000,15:59,67.214000,-0.05506546,-0.05547647,-550.655,-554.765,session_close,False,-0.02320033,-0.00828058,IS
primary,IGV,2022-02-28,short,0.01264996,0.01080530,1.1707,10:00,68.234000,15:59,68.404000,-0.00249143,-0.00289192,-24.914,-28.919,session_close,False,-0.00715186,-0.00629634,IS
primary,IGV,2022-03-17,short,0.01508225,0.01056476,1.4276,10:00,65.260000,15:59,66.062000,-0.01228930,-0.01269176,-122.893,-126.918,session_close,False,0.00438247,-0.00370719,IS
primary,IGV,2022-03-18,short,0.01263395,0.01073989,1.1764,10:00,66.556000,15:59,68.002000,-0.02172607,-0.02213041,-217.261,-221.304,session_close,False,-0.00697157,-0.00247663,IS
primary,IGV,2022-03-28,short,0.01488746,0.01111333,1.3396,10:00,68.722000,15:59,69.194000,-0.00686825,-0.00726963,-68.683,-72.696,session_close,True,0.01405663,-0.00162126,IS
primary,IGV,2022-04-04,short,0.01834571,0.01081388,1.6965,10:00,70.558000,15:59,70.792000,-0.00331642,-0.00371708,-33.164,-37.171,session_close,True,-0.00202670,0.00016948,IS
primary,IGV,2022-04-07,short,0.01484821,0.01108771,1.3392,10:00,67.340000,15:59,67.154000,0.00276210,0.00236266,27.621,23.627,session_close,False,0.01378081,0.00338369,IS
primary,IGV,2022-04-19,short,0.01243033,0.01093254,1.1370,10:00,64.682000,15:59,65.748000,-0.01648063,-0.01688392,-164.806,-168.839,session_close,False,-0.01638787,0.00112424,IS
primary,IGV,2022-04-27,short,0.01507254,0.01122878,1.3423,10:00,61.156000,15:59,60.000000,0.01890248,0.01850626,189.025,185.063,session_close,True,0.01389888,0.00345469,IS
primary,IGV,2022-04-29,short,0.01642158,0.01105187,1.4859,10:00,62.773000,15:59,59.990000,0.04433435,0.04394321,443.343,439.432,session_close,False,0.01859080,0.00842975,IS
primary,IGV,2022-05-02,short,0.01322380,0.01120715,1.1799,10:00,60.660000,15:59,61.122000,-0.00761622,-0.00801774,-76.162,-80.177,session_close,False,0.00250577,-0.00672003,IS
primary,IGV,2022-05-11,short,0.01782544,0.01210827,1.4722,10:00,55.112000,15:59,52.846000,0.04111627,0.04072450,411.163,407.245,session_close,False,0.01117724,0.00188872,IS
primary,IGV,2022-05-13,short,0.01829940,0.01229077,1.4889,10:00,55.429000,15:59,55.952000,-0.00943549,-0.00983738,-94.355,-98.374,session_close,True,-0.00647675,0.00302912,IS
primary,IGV,2022-05-19,short,0.01327317,0.01238490,1.0717,10:00,53.895900,15:59,54.298000,-0.00746068,-0.00786217,-74.607,-78.622,session_close,False,-0.01933542,0.00055220,IS
primary,IGV,2022-05-25,short,0.01719488,0.01150588,1.4944,10:00,54.246000,15:59,55.206000,-0.01769716,-0.01810070,-176.972,-181.007,session_close,False,-0.00398186,0.00378952,IS
primary,IGV,2022-05-26,short,0.01597253,0.01170127,1.3650,10:00,55.930000,15:59,56.390000,-0.00822457,-0.00862621,-82.246,-86.262,session_close,False,-0.00139460,-0.00302383,IS
primary,IGV,2022-05-27,short,0.01350781,0.01182879,1.1419,10:00,57.584000,15:59,58.328000,-0.01292026,-0.01332284,-129.203,-133.228,session_close,True,-0.00541817,-0.00233709,IS
primary,IGV,2022-06-02,short,0.01557589,0.01189739,1.3092,10:00,58.150000,15:59,60.138000,-0.03418745,-0.03459428,-341.874,-345.943,session_close,False,-0.01503009,-0.00622427,IS
primary,IGV,2022-06-17,short,0.01719309,0.01164922,1.4759,10:00,52.242000,15:59,52.460000,-0.00417289,-0.00457372,-41.729,-45.737,session_close,False,0.00143563,0.00775487,IS
primary,IGV,2022-06-21,short,0.01341991,0.01173458,1.1436,10:00,53.870000,15:59,53.428000,0.00820494,0.00780658,82.049,78.066,session_close,True,0.00185632,0.00335771,IS
primary,IGV,2022-06-22,short,0.01991050,0.01184270,1.6812,10:00,53.758000,15:59,53.528000,0.00427843,0.00387929,42.784,38.793,session_close,False,-0.00048365,0.00219960,IS
primary,IGV,2022-08-08,short,0.01074394,0.01055401,1.0180,10:00,62.142000,15:59,61.228000,0.01470825,0.01431119,147.082,143.112,session_close,True,0.00807827,-0.00114458,IS
primary,IGV,2022-08-10,short,0.01069467,0.01048773,1.0197,10:00,62.500000,15:59,62.588000,-0.00140800,-0.00180828,-14.080,-18.083,session_close,True,-0.00243200,-0.00121577,IS
primary,IGV,2022-09-08,short,0.01228901,0.00892723,1.3766,10:00,55.998000,15:59,56.534000,-0.00957177,-0.00997368,-95.718,-99.737,session_close,False,-0.00614308,-0.00453100,IS
primary,IGV,2022-09-15,short,0.00962411,0.00886939,1.0851,10:00,55.628000,15:59,54.350000,0.02297404,0.02257864,229.740,225.786,session_close,False,0.02088876,-0.00376759,IS
primary,IGV,2022-09-19,short,0.00888079,0.00858886,1.0340,10:00,53.134000,15:59,53.544000,-0.00771634,-0.00811788,-77.163,-81.179,session_close,False,0.00624835,-0.00108440,IS
primary,IGV,2022-09-26,short,0.01501228,0.00842563,1.7817,10:00,51.234000,15:59,50.144000,0.02127493,0.02087919,212.749,208.792,session_close,True,0.01440450,0.00413092,IS
primary,IGV,2022-10-04,short,0.01617821,0.00821840,1.9685,10:00,53.372000,15:59,53.406000,-0.00063704,-0.00103717,-6.370,-10.372,session_close,True,-0.00093682,-0.00244012,IS
primary,IGV,2022-10-06,short,0.01049948,0.00761244,1.3793,10:00,53.874000,15:59,53.460000,0.00768460,0.00728613,76.846,72.861,session_close,False,0.00441772,0.00268637,IS
primary,IGV,2022-10-17,short,0.01306150,0.00807397,1.6177,10:00,50.374000,15:59,50.254000,0.00238218,0.00198266,23.822,19.827,session_close,True,-0.00182634,0.00154971,IS
primary,IGV,2022-10-20,short,0.01353651,0.00799631,1.6928,10:00,51.200000,15:59,50.888000,0.00609375,0.00569497,60.938,56.950,session_close,True,-0.00962891,-0.00094414,IS
primary,IGV,2022-10-25,short,0.01333384,0.00816284,1.6335,10:00,53.198000,15:59,53.518000,-0.00601526,-0.00641647,-60.153,-64.165,session_close,True,-0.00203015,0.00067222,IS
primary,IGV,2022-10-26,short,0.01467714,0.00833543,1.7608,10:00,52.982000,15:59,52.585000,0.00749311,0.00709461,74.931,70.946,session_close,False,-0.01398588,0.00240932,IS
primary,IGV,2022-11-10,short,0.01928300,0.00872329,2.2105,10:00,52.546000,15:59,52.970000,-0.00806912,-0.00847073,-80.691,-84.707,session_close,True,-0.00216953,-0.00468486,IS
primary,IGV,2022-12-12,short,0.01235756,0.00934132,1.3229,10:00,52.590000,15:59,53.104000,-0.00977372,-0.01017568,-97.737,-101.757,session_close,True,-0.00570451,-0.00147098,IS
primary,IGV,2022-12-14,short,0.01187737,0.00925401,1.2835,10:00,54.562000,15:59,53.852000,0.01301272,0.01261532,130.127,126.153,session_close,False,-0.00051318,-0.00152501,IS
primary,IGV,2022-12-20,short,0.01067672,0.00941246,1.1343,10:00,50.912000,15:59,51.088000,-0.00345695,-0.00385764,-34.569,-38.576,session_close,False,-0.00463545,0.00152445,IS
primary,IGV,2022-12-29,short,0.01013365,0.00938302,1.0800,10:00,50.648000,15:59,51.268000,-0.01224135,-0.01264380,-122.414,-126.438,session_close,True,-0.01484758,0.00085750,IS
primary,IGV,2023-01-09,short,0.01994847,0.00897073,2.2237,10:00,52.328000,15:59,51.760000,0.01085461,0.01045678,108.546,104.568,session_close,True,-0.00382205,0.00396413,IS
primary,IGV,2023-02-14,short,0.00807150,0.00799003,1.0102,10:00,58.239000,15:59,58.454000,-0.00369168,-0.00409242,-36.917,-40.924,session_close,False,0.00777829,0.00034203,IS
primary,IGV,2023-03-07,short,0.00718550,0.00709479,1.0128,10:00,57.938000,15:59,57.124000,0.01404950,0.01365231,140.495,136.523,session_close,False,0.01063205,-0.00133221,IS
primary,IGV,2023-03-31,short,0.00843697,0.00653605,1.2908,10:00,60.002000,15:59,60.940000,-0.01563281,-0.01603594,-156.328,-160.359,session_close,True,-0.00893304,-0.00184126,IS
primary,IGV,2023-04-13,short,0.00666622,0.00482767,1.3808,10:00,60.124000,15:59,60.556000,-0.00718515,-0.00758659,-71.852,-75.866,session_close,True,-0.00392522,0.00036317,IS
primary,IGV,2023-04-14,short,0.00996996,0.00488905,2.0392,10:00,60.408000,15:59,60.258000,0.00248311,0.00208361,24.831,20.836,session_close,False,0.00787975,-0.00116302,IS
primary,IGV,2023-05-05,short,0.00656463,0.00465148,1.4113,10:00,58.296000,15:59,58.642000,-0.00593523,-0.00633641,-59.352,-63.364,session_close,True,-0.00332784,0.00183694,IS
primary,IGV,2023-05-09,short,0.00499983,0.00466525,1.0717,10:00,59.120000,15:59,59.052000,0.00115020,0.00075043,11.502,7.504,session_close,False,0.00027064,-0.00050795,IS
primary,IGV,2023-05-18,short,0.00493868,0.00447869,1.1027,10:00,61.646000,15:59,62.606000,-0.01557279,-0.01597590,-155.728,-159.759,session_close,True,-0.00960322,-0.00262644,IS
primary,IGV,2023-05-22,short,0.00497544,0.00443129,1.1228,10:00,63.048280,15:59,62.964000,0.00133675,0.00093702,13.368,9.370,session_close,True,0.00152708,0.00136400,IS
primary,IGV,2023-05-26,short,0.00749552,0.00444260,1.6872,10:00,64.154000,15:59,64.680000,-0.00819902,-0.00860066,-81.990,-86.007,session_close,True,-0.01115285,0.00129702,IS
primary,IGV,2023-05-31,short,0.00957884,0.00457705,2.0928,10:00,65.270000,15:59,65.600000,-0.00505592,-0.00545693,-50.559,-54.569,session_close,False,0.00478014,-0.00448650,IS
primary,IGV,2023-06-08,short,0.00702522,0.00423275,1.6597,10:00,64.954000,15:59,65.456000,-0.00772855,-0.00813009,-77.285,-81.301,session_close,False,-0.01019183,0.00073278,IS
primary,IGV,2023-06-09,short,0.01088932,0.00432282,2.5190,10:00,66.758000,15:59,66.052000,0.01057551,0.01017763,105.755,101.776,session_close,True,0.01420055,0.00142110,IS
primary,IGV,2023-06-15,short,0.00867647,0.00478222,1.8143,10:00,68.648000,15:59,69.880000,-0.01794663,-0.01835022,-179.466,-183.502,session_close,False,-0.01019695,0.00179985,IS
primary,IGV,2023-06-22,short,0.00720753,0.00505540,1.4257,10:00,67.637000,15:59,67.906000,-0.00397711,-0.00437791,-39.771,-43.779,session_close,False,-0.00282390,-0.00203636,IS
primary,IGV,2023-06-26,short,0.01149665,0.00512870,2.2416,10:00,67.902000,15:59,66.768000,0.01670054,0.01630388,167.005,163.039,session_close,False,0.00698065,0.00408699,IS
primary,IGV,2023-06-27,short,0.00547782,0.00531621,1.0304,10:01,67.512000,15:59,68.060000,-0.00811708,-0.00851870,-81.171,-85.187,session_close,True,-0.00159616,0.00392226,IS
primary,IGV,2023-06-28,short,0.01004164,0.00536211,1.8727,10:00,68.400000,15:59,68.410000,-0.00014620,-0.00054623,-1.462,-5.462,session_close,False,-0.00122807,-0.00234432,IS
primary,IGV,2023-07-07,short,0.01150171,0.00539809,2.1307,10:00,68.550000,15:59,67.946000,0.00881109,0.00841285,88.111,84.128,session_close,False,0.00367615,0.00413320,IS
primary,IGV,2023-07-10,short,0.00734795,0.00557334,1.3184,10:00,68.292000,15:59,69.122000,-0.01215369,-0.01255612,-121.537,-125.561,session_close,False,-0.00694078,-0.00115871,IS
primary,IGV,2023-07-13,short,0.00694933,0.00541676,1.2829,10:00,71.562000,15:59,71.690000,-0.00178866,-0.00218902,-17.887,-21.890,session_close,True,-0.00018166,0.00214353,IS
primary,IGV,2023-08-10,short,0.00930870,0.00581594,1.6006,10:00,69.220000,15:59,68.300000,0.01329096,0.01289361,132.910,128.936,session_close,True,0.01236637,-0.00123138,IS
primary,IGV,2023-08-11,short,0.00671439,0.00592695,1.1329,10:00,68.128000,15:59,68.196000,-0.00099812,-0.00139832,-9.981,-13.983,session_close,False,0.00055777,0.00190264,IS
primary,IGV,2023-08-14,short,0.00860798,0.00596233,1.4437,10:00,68.394000,15:59,69.084000,-0.01008860,-0.01049062,-100.886,-104.906,session_close,False,-0.00701816,-0.00208877,IS
primary,IGV,2023-08-18,short,0.00951457,0.00607019,1.5674,10:00,66.624000,15:59,67.144000,-0.00780500,-0.00820656,-78.050,-82.066,session_close,False,-0.00681436,0.00190272,IS
primary,IGV,2023-08-21,short,0.00887653,0.00618980,1.4341,10:00,68.213000,15:59,68.336000,-0.00180318,-0.00220354,-18.032,-22.035,session_close,True,0.00793104,0.00105251,IS
primary,IGV,2023-08-25,short,0.00725106,0.00634771,1.1423,10:00,68.628000,15:59,69.172000,-0.00792679,-0.00832838,-79.268,-83.284,session_close,True,0.00450254,0.00252095,IS
primary,IGV,2023-09-06,short,0.00705645,0.00622413,1.1337,10:00,72.919000,15:59,72.798000,0.00165938,0.00125971,16.594,12.597,session_close,False,0.00497813,-0.00199579,IS
primary,IGV,2023-09-18,short,0.00651745,0.00570442,1.1425,10:00,70.378000,15:59,70.356000,0.00031260,-0.00008734,3.126,-0.873,session_close,False,-0.00184717,-0.00035546,IS
primary,IGV,2023-09-28,short,0.00747406,0.00535921,1.3946,10:00,67.434000,15:59,67.986000,-0.00818578,-0.00858742,-81.858,-85.874,session_close,False,-0.00968354,0.00234790,IS
primary,IGV,2023-09-29,short,0.00791264,0.00544524,1.4531,10:00,69.046000,15:59,68.252000,0.01149958,0.01110188,114.996,111.019,session_close,True,0.00585117,0.00096607,IS
primary,IGV,2023-10-04,short,0.00531931,0.00527131,1.0091,10:00,67.432000,15:59,67.990000,-0.00827500,-0.00867666,-82.750,-86.767,session_close,True,-0.00756317,-0.00047088,IS
primary,IGV,2023-10-06,short,0.00869049,0.00532767,1.6312,10:00,67.878000,15:59,69.740000,-0.02743157,-0.02783705,-274.316,-278.371,session_close,False,-0.02492708,0.00340107,IS
primary,IGV,2023-10-17,short,0.00640384,0.00534909,1.1972,10:00,70.466000,15:59,71.016000,-0.00780518,-0.00820674,-78.052,-82.067,session_close,False,-0.01030284,-0.00053538,IS
primary,IGV,2023-11-03,short,0.00779100,0.00509919,1.5279,10:00,69.590000,15:59,69.962000,-0.00534560,-0.00574666,-53.456,-57.467,session_close,False,-0.00112085,0.00225328,IS
primary,IGV,2023-11-07,short,0.00942272,0.00502294,1.8759,10:00,71.162000,15:59,71.210000,-0.00067452,-0.00107465,-6.745,-10.747,session_close,True,-0.00272617,0.00053335,IS
primary,IGV,2023-11-10,short,0.00653430,0.00504471,1.2953,10:00,71.760000,15:59,72.854000,-0.01524526,-0.01564831,-152.453,-156.483,session_close,True,-0.00493311,-0.00093425,IS
primary,IGV,2023-11-16,short,0.00818454,0.00476932,1.7161,10:00,74.664000,15:59,74.542000,0.00163399,0.00123431,16.340,12.343,session_close,False,0.00492875,0.00014755,IS
primary,IGV,2023-11-20,short,0.00680944,0.00462787,1.4714,10:00,75.422000,15:59,75.930000,-0.00673544,-0.00713678,-67.354,-71.368,session_close,True,-0.00169712,0.00081588,IS
primary,IGV,2023-11-29,short,0.00575157,0.00455154,1.2637,10:00,78.029200,15:59,77.768000,0.00334746,0.00294813,33.475,29.481,session_close,True,-0.00033500,0.00053978,IS
primary,IGV,2023-12-08,short,0.00644280,0.00456156,1.4124,10:00,78.286000,15:59,78.738000,-0.00577370,-0.00617486,-57.737,-61.749,session_close,False,0.00035766,0.00040625,IS
primary,IGV,2023-12-11,short,0.00578372,0.00453947,1.2741,10:00,79.324000,15:59,79.542000,-0.00274822,-0.00314877,-27.482,-31.488,session_close,True,-0.00181534,-0.00050313,IS
primary,IGV,2023-12-15,short,0.00575799,0.00451272,1.2759,10:00,79.846000,15:59,80.302000,-0.00571099,-0.00611214,-57.110,-61.121,session_close,False,-0.00598652,-0.00142166,IS
primary,IGV,2023-12-18,short,0.00708371,0.00454504,1.5586,10:02,80.900000,15:59,80.916000,-0.00019778,-0.00059781,-1.978,-5.978,session_close,False,0.00194067,0.00239181,IS
primary,IGV,2024-01-08,short,0.01054256,0.00419855,2.5110,10:00,78.608000,15:59,79.422000,-0.01035518,-0.01075725,-103.552,-107.573,session_close,True,-0.00461302,-0.00037787,IS
primary,IGV,2024-01-22,short,0.00656772,0.00443422,1.4811,10:00,84.933000,15:59,84.438000,0.00582812,0.00542929,58.281,54.293,session_close,True,0.00135401,0.00292847,IS
primary,IGV,2024-01-29,short,0.01077963,0.00448906,2.4013,10:00,85.480000,15:59,86.344000,-0.01010763,-0.01050965,-101.076,-105.096,session_close,False,-0.00058493,-0.00192625,IS
primary,IGV,2024-02-08,short,0.00546549,0.00455220,1.2006,10:00,87.184000,15:59,87.438000,-0.00291338,-0.00331396,-29.134,-33.140,session_close,True,-0.00238576,0.00013722,IS
primary,IGV,2024-02-13,short,0.01015546,0.00466795,2.1756,10:00,85.630000,15:59,85.534000,0.00112110,0.00072133,11.211,7.213,session_close,False,-0.00317646,-0.00521800,IS
primary,IGV,2024-04-05,short,0.00804418,0.00551139,1.4596,10:00,83.950000,15:59,84.170000,-0.00262061,-0.00302113,-26.206,-30.211,session_close,True,-0.00714711,0.00053435,IS
primary,IGV,2024-04-23,short,0.00977689,0.00530716,1.8422,10:00,80.530000,15:59,80.870000,-0.00422203,-0.00462287,-42.220,-46.229,session_close,True,0.00068298,0.00123503,IS
primary,IGV,2024-04-26,short,0.00544150,0.00531992,1.0229,10:00,81.310000,15:59,81.090000,0.00270569,0.00230624,27.057,23.062,session_close,True,-0.00122986,0.00258303,IS
primary,IGV,2024-05-06,short,0.00641342,0.00532451,1.2045,10:00,81.600000,15:59,81.990000,-0.00477941,-0.00518037,-47.794,-51.804,session_close,True,0.00055147,-0.00269047,IS
primary,IGV,2024-05-10,short,0.00657733,0.00506180,1.2994,10:00,81.870000,15:59,81.390000,0.00586295,0.00546413,58.630,54.641,session_close,True,0.00513008,0.00110457,IS
primary,IGV,2024-05-14,short,0.00566154,0.00503631,1.1241,10:00,81.720000,15:59,81.970000,-0.00305923,-0.00345984,-30.592,-34.598,session_close,False,0.00342633,0.00106024,IS
primary,IGV,2024-05-29,short,0.01007866,0.00508143,1.9834,10:00,82.180000,15:59,82.110000,0.00085179,0.00045196,8.518,4.520,session_close,False,-0.00091263,0.00085179,IS
primary,IGV,2024-06-06,short,0.00606781,0.00505721,1.1998,10:00,80.430000,15:59,80.270000,0.00198931,0.00158971,19.893,15.897,session_close,False,0.00012558,0.00186521,IS
primary,IGV,2024-06-12,short,0.00751971,0.00486780,1.5448,10:00,83.080000,15:59,82.720000,0.00433317,0.00393404,43.332,39.340,session_close,True,0.00180549,-0.00060481,IS
primary,IGV,2024-06-14,short,0.00654545,0.00495920,1.3199,10:00,83.020000,15:59,83.040000,-0.00024091,-0.00064095,-2.409,-6.410,session_close,True,0.00090340,-0.00042166,IS
primary,IGV,2024-06-27,short,0.00977506,0.00488649,2.0004,10:00,85.730000,15:59,86.460000,-0.00851511,-0.00891681,-85.151,-89.168,session_close,True,-0.00909833,0.00144367,IS
primary,IGV,2024-07-02,short,0.00586746,0.00509430,1.1518,10:00,87.460000,15:59,87.770000,-0.00354448,-0.00394519,-35.445,-39.452,session_close,False,0.00148639,0.00074002,OOS
primary,IGV,2024-07-05,short,0.00717376,0.00505581,1.4189,10:00,88.460000,15:59,88.930000,-0.00531314,-0.00571420,-53.131,-57.142,session_close,False,-0.00429460,-0.00039372,OOS
primary,IGV,2024-07-11,short,0.00851260,0.00528090,1.6120,10:00,87.680000,15:59,86.420000,0.01437044,0.01397331,143.704,139.733,session_close,True,0.01539690,-0.00046307,OOS
primary,IGV,2024-07-15,short,0.00617355,0.00543224,1.1365,10:00,88.030000,15:59,87.950000,0.00090878,0.00050896,9.088,5.090,session_close,True,-0.00408951,0.00022735,OOS
primary,IGV,2024-07-26,short,0.00545735,0.00531139,1.0275,10:00,84.740000,15:59,84.770000,-0.00035402,-0.00075409,-3.540,-7.541,session_close,True,-0.00141610,0.00164880,OOS
primary,IGV,2024-08-01,short,0.00922204,0.00524108,1.7596,10:00,85.320000,15:59,83.010000,0.02707454,0.02667996,270.745,266.800,session_close,False,0.02156587,-0.00411274,OOS
primary,IGV,2024-08-05,short,0.01796998,0.00541937,3.3159,10:00,77.360000,15:59,78.000000,-0.00827301,-0.00867466,-82.730,-86.747,session_close,False,-0.01473630,-0.00089824,OOS
primary,IGV,2024-08-07,short,0.00892636,0.00589262,1.5148,10:00,81.420000,15:59,78.950000,0.03033653,0.02994259,303.365,299.426,session_close,True,0.00681651,0.00679331,OOS
primary,IGV,2024-08-13,short,0.00752610,0.00603459,1.2472,10:00,82.994500,15:59,83.410000,-0.00500636,-0.00540736,-50.064,-54.074,session_close,True,-0.00331950,-0.00083993,OOS
primary,IGV,2024-08-15,short,0.00927238,0.00611405,1.5166,10:00,85.450000,15:59,85.420000,0.00035108,-0.00004885,3.511,-0.488,session_close,True,0.00163839,0.00011705,OOS
primary,IGV,2024-08-29,short,0.01111626,0.00551325,2.0163,10:00,87.350000,15:59,86.290000,0.01213509,0.01173752,121.351,117.375,session_close,True,0.00148827,0.00196623,OOS
primary,IGV,2024-09-04,short,0.00667302,0.00563102,1.1850,10:00,84.400000,15:59,84.710000,-0.00367299,-0.00407372,-36.730,-40.737,session_close,False,-0.00361374,-0.00035427,OOS
primary,IGV,2024-09-16,short,0.00685558,0.00554737,1.2358,10:00,88.115000,15:59,88.020000,0.00107814,0.00067835,10.781,6.784,session_close,True,-0.00096465,0.00022717,OOS
primary,IGV,2024-10-03,short,0.00587363,0.00551608,1.0648,10:00,88.260000,15:59,88.310000,-0.00056651,-0.00096662,-5.665,-9.666,session_close,False,-0.00203943,-0.00306679,OOS
primary,IGV,2024-10-08,short,0.01044123,0.00539086,1.9368,10:00,90.020000,15:59,90.580000,-0.00622084,-0.00662208,-62.208,-66.221,session_close,True,-0.00333259,-0.00033131,OOS
primary,IGV,2024-10-21,short,0.00763192,0.00565064,1.3506,10:00,92.430000,15:59,92.280000,0.00162285,0.00122317,16.228,12.232,session_close,False,0.00519312,-0.00206320,OOS
primary,IGV,2024-10-24,short,0.00600896,0.00569938,1.0543,10:00,92.090000,15:59,91.790000,0.00325768,0.00285833,32.577,28.583,session_close,True,0.00445217,0.00065324,OOS
primary,IGV,2024-10-25,short,0.00975716,0.00574383,1.6987,10:00,93.150000,15:59,92.200000,0.01019860,0.00980064,101.986,98.006,session_close,True,0.00558132,-0.00048831,OOS
primary,IGV,2024-10-29,short,0.00627366,0.00564088,1.1122,10:00,93.050000,15:59,93.890000,-0.00902740,-0.00942921,-90.274,-94.292,session_close,True,-0.00746910,0.00058545,OOS
primary,IGV,2024-11-05,short,0.00699000,0.00510861,1.3683,10:00,93.640000,15:59,93.860000,-0.00234942,-0.00274989,-23.494,-27.499,session_close,True,-0.00048056,0.00097072,OOS
primary,IGV,2024-11-12,short,0.00690326,0.00482040,1.4321,10:00,103.570000,15:59,104.090000,-0.00502076,-0.00542176,-50.208,-54.218,session_close,False,-0.00188278,-0.00019218,OOS
primary,IGV,2024-11-13,short,0.00699703,0.00489278,1.4301,10:00,105.070000,15:59,104.420000,0.00618635,0.00578759,61.864,57.876,session_close,True,-0.00542495,0.00257904,OOS
primary,IGV,2024-11-19,short,0.00588999,0.00507136,1.1614,10:00,100.770000,15:59,102.520000,-0.01736628,-0.01776975,-173.663,-177.698,session_close,False,-0.00813734,-0.00087865,OOS
primary,IGV,2024-12-03,short,0.00824466,0.00505310,1.6316,10:00,105.180000,15:59,105.770000,-0.00560943,-0.00601055,-56.094,-60.106,session_close,False,0.00080814,-0.00080428,OOS
primary,IGV,2024-12-20,short,0.00617407,0.00527635,1.1701,10:00,101.100000,15:59,103.620000,-0.02492582,-0.02533080,-249.258,-253.308,session_close,False,-0.02680514,-0.00217612,OOS
primary,IGV,2025-01-27,short,0.01844323,0.00486318,3.7924,10:00,102.690000,15:59,102.130000,0.00545331,0.00505440,54.533,50.544,session_close,False,0.00292141,-0.00859174,OOS
primary,IGV,2025-01-28,short,0.00691806,0.00541261,1.2781,10:00,103.330000,15:59,105.030000,-0.01645214,-0.01685543,-164.521,-168.554,session_close,True,-0.01751669,0.00322672,OOS
primary,IGV,2025-02-12,short,0.00587895,0.00564523,1.0414,10:00,104.370000,15:59,104.960000,-0.00565297,-0.00605410,-56.530,-60.541,session_close,False,-0.00421577,0.00028574,OOS
primary,IGV,2025-03-11,short,0.01461922,0.00758861,1.9265,10:00,89.490000,15:59,89.540000,-0.00055872,-0.00095883,-5.587,-9.588,session_close,False,-0.00055872,0.00577393,OOS
primary,IGV,2025-03-14,short,0.00831612,0.00830484,1.0014,10:00,90.290000,15:59,91.660000,-0.01517333,-0.01557637,-151.733,-155.764,session_close,True,-0.01322073,-0.00229634,OOS
primary,IGV,2025-04-02,short,0.01703904,0.00858844,1.9840,10:00,90.120000,15:59,91.520000,-0.01553484,-0.01593795,-155.348,-159.379,session_close,False,-0.01098535,-0.00383898,OOS
primary,IGV,2025-04-07,short,0.03032258,0.00883582,3.4318,10:00,79.840000,15:59,81.250000,-0.01766032,-0.01806385,-176.603,-180.639,session_close,False,-0.00876754,-0.00843987,OOS
primary,IGV,2025-04-09,short,0.01844417,0.00965972,1.9094,10:00,81.130000,15:59,89.490000,-0.10304450,-0.10346511,-1030.445,-1034.651,session_close,False,0.01035375,0.00000000,OOS
primary,IGV,2025-04-15,short,0.01112246,0.01008698,1.1027,10:00,89.080000,15:59,89.090000,-0.00011226,-0.00051228,-1.123,-5.123,session_close,True,-0.00042097,-0.00123961,OOS
primary,IGV,2025-04-23,short,0.01016533,0.01011555,1.0049,10:00,90.440000,15:59,88.890000,0.01713843,0.01674186,171.384,167.419,session_close,True,0.01238390,-0.00157746,OOS
primary,IGV,2025-04-24,short,0.02109939,0.00991854,2.1273,10:00,91.940000,15:59,93.200000,-0.01370459,-0.01410733,-137.046,-141.073,session_close,True,-0.00576463,-0.00344531,OOS
primary,IGV,2025-05-22,short,0.01095569,0.00918123,1.1933,10:00,103.360000,15:59,102.710000,0.00628870,0.00588996,62.887,58.900,session_close,True,-0.00004837,0.00763285,OOS
primary,IGV,2025-06-16,short,0.00858027,0.00803723,1.0676,10:00,107.540000,15:59,107.400000,0.00130184,0.00090210,13.018,9.021,session_close,True,-0.00027897,-0.00111857,OOS
primary,IGV,2025-07-14,short,0.00771089,0.00592437,1.3016,10:00,108.480000,15:59,109.050000,-0.00525442,-0.00565548,-52.544,-56.555,session_close,True,-0.00405605,0.00068729,OOS
primary,IGV,2025-08-04,short,0.00729361,0.00548789,1.3290,10:00,110.510000,15:59,110.980000,-0.00425301,-0.00465386,-42.530,-46.539,session_close,True,0.00072392,-0.00040564,OOS
primary,IGV,2025-08-11,short,0.00896533,0.00549798,1.6307,10:00,110.285000,15:59,108.370000,0.01736410,0.01696757,173.641,169.676,session_close,False,0.00720860,0.00230160,OOS
primary,IGV,2025-09-02,short,0.00942951,0.00557352,1.6918,10:00,107.100000,15:59,107.270000,-0.00158730,-0.00198762,-15.873,-19.876,session_close,False,0.00718954,-0.00228918,OOS
primary,IGV,2025-09-18,short,0.00664859,0.00581017,1.1443,10:00,115.080000,15:59,115.370000,-0.00251999,-0.00292049,-25.200,-29.205,session_close,True,-0.00234619,0.00077949,OOS
primary,IGV,2025-09-19,short,0.00587270,0.00587081,1.0003,10:00,116.480000,15:59,117.190000,-0.00609547,-0.00649669,-60.955,-64.967,session_close,True,0.00201751,-0.00411276,OOS
primary,IGV,2025-10-08,short,0.00575966,0.00553457,1.0407,10:00,115.270000,15:59,115.690000,-0.00364362,-0.00404435,-36.436,-40.443,session_close,True,-0.00212544,0.00056153,OOS
primary,IGV,2025-10-17,short,0.00545373,0.00535097,1.0192,10:00,112.450000,15:59,112.675000,-0.00200089,-0.00240129,-20.009,-24.013,session_close,False,0.00160071,0.00106388,OOS
primary,IGV,2025-10-23,short,0.00891360,0.00538200,1.6562,10:00,114.355000,15:59,114.790000,-0.00380394,-0.00420470,-38.039,-42.047,session_close,False,-0.00091819,0.00026128,OOS
primary,IGV,2025-10-30,short,0.01024788,0.00503120,2.0369,10:00,115.330000,15:59,113.970000,0.01179225,0.01139461,117.922,113.946,session_close,False,0.00216769,0.00323596,OOS
primary,IGV,2025-10-31,short,0.00601779,0.00519751,1.1578,10:00,115.350000,15:59,115.510000,-0.00138708,-0.00178736,-13.871,-17.874,session_close,True,0.00485479,0.00000000,OOS
primary,IGV,2025-11-14,short,0.01217193,0.00500478,2.4321,10:00,106.410000,15:59,107.440000,-0.00967954,-0.01008148,-96.795,-100.815,session_close,False,-0.01860727,0.00264563,OOS
primary,IGV,2025-11-19,short,0.00585244,0.00519533,1.1265,10:00,104.860000,15:59,103.890000,0.00925043,0.00885228,92.504,88.523,session_close,False,0.00715239,0.00144175,OOS
primary,IGV,2025-12-01,short,0.00718028,0.00500759,1.4339,10:00,103.855000,15:59,104.070000,-0.00207019,-0.00247061,-20.702,-24.706,session_close,False,-0.00380338,-0.00052877,OOS
primary,IGV,2025-12-02,short,0.00900686,0.00509254,1.7686,10:00,105.855000,15:59,105.220000,0.00599877,0.00559997,59.988,56.000,session_close,True,0.00448727,0.00298479,OOS
primary,IGV,2025-12-09,short,0.00724771,0.00517139,1.4015,10:00,109.760000,15:59,109.950000,-0.00173105,-0.00213140,-17.310,-21.314,session_close,False,-0.00505649,0.00000000,OOS
primary,IGV,2025-12-16,short,0.01133765,0.00529842,2.1398,10:00,106.160000,15:59,106.310000,-0.00141296,-0.00181324,-14.130,-18.132,session_close,False,0.00244913,-0.00089441,OOS
primary,IGV,2026-01-07,short,0.00714286,0.00587229,1.2164,10:00,105.770000,15:59,106.240000,-0.00444360,-0.00484449,-44.436,-48.445,session_close,True,-0.01039992,0.00169141,OOS
primary,IGV,2026-02-20,short,0.01071693,0.01035731,1.0347,10:00,82.060000,15:59,80.780000,0.01559834,0.01520146,155.983,152.015,session_close,False,-0.00207165,-0.00422675,OOS
primary,IGV,2026-02-25,short,0.01817951,0.01092809,1.6636,10:00,80.090000,15:59,80.850000,-0.00948932,-0.00989122,-94.893,-98.912,session_close,True,-0.00343364,-0.00216920,OOS
primary,IGV,2026-02-26,short,0.01762142,0.01112791,1.5835,10:00,82.870000,15:59,82.600000,0.00325812,0.00285877,32.581,28.588,session_close,True,0.01635091,-0.00364520,OOS
primary,IGV,2026-03-02,short,0.01905305,0.01131854,1.6833,10:00,82.240000,15:59,82.770000,-0.00644455,-0.00684584,-64.446,-68.458,session_close,False,-0.00711333,-0.00139133,OOS
primary,IGV,2026-03-05,short,0.02825617,0.01159211,2.4375,10:00,88.070000,15:59,87.620000,0.00510957,0.00471059,51.096,47.106,session_close,False,0.00545021,-0.00074239,OOS
primary,IGV,2026-03-17,short,0.01964937,0.01230833,1.5964,10:00,86.680000,15:59,85.530000,0.01326719,0.01286984,132.672,128.698,session_close,True,0.00992155,-0.00052641,OOS
primary,IGV,2026-03-23,short,0.01288014,0.01286706,1.0010,10:00,84.940000,15:59,84.440000,0.00588651,0.00548769,58.865,54.877,session_close,True,0.01483400,0.00236295,OOS
primary,IGV,2026-03-26,short,0.01936133,0.01346933,1.4374,10:00,81.090000,15:59,79.750000,0.01652485,0.01612815,165.248,161.282,session_close,False,0.00813910,0.00112725,OOS
primary,IGV,2026-04-13,short,0.02051965,0.01483784,1.3829,10:00,76.580000,15:59,78.690000,-0.02755289,-0.02795840,-275.529,-279.584,session_close,True,-0.01704100,-0.00408320,OOS
primary,IGV,2026-04-21,short,0.01786538,0.01521679,1.1741,10:00,88.320000,15:59,86.680000,0.01856884,0.01817255,185.688,181.726,session_close,True,0.00679348,0.00886170,OOS
primary,IGV,2026-05-18,short,0.01855919,0.01372127,1.3526,10:00,92.760000,15:59,92.870000,-0.00118586,-0.00158609,-11.859,-15.861,session_close,False,0.00867831,-0.00492344,OOS
primary,IGV,2026-05-28,short,0.01445396,0.01296738,1.1146,10:00,94.770000,15:59,95.680000,-0.00960219,-0.01000412,-96.022,-100.041,session_close,True,-0.00675319,0.00245009,OOS
primary,IGV,2026-05-29,short,0.01893900,0.01308546,1.4473,10:00,98.720000,15:59,101.660000,-0.02978120,-0.03018716,-297.812,-301.872,session_close,True,-0.01894246,-0.00365288,OOS
primary,IGV,2026-06-10,short,0.02833808,0.01312070,2.1598,10:00,93.820000,15:59,91.580000,0.02387551,0.02348028,238.755,234.803,session_close,False,0.00639522,0.00130862,OOS
primary,IGV,2026-06-22,short,0.02279428,0.01287636,1.7702,10:00,90.180000,15:59,87.310000,0.03182524,0.03143160,318.252,314.316,session_close,False,0.02988468,-0.00367858,OOS
primary,IGV,2026-06-29,short,0.01319085,0.01297500,1.0166,10:00,91.060000,15:59,89.890000,0.01284867,0.01245124,128.487,124.512,session_close,True,0.01257413,0.00033363,OOS
primary,IGV,2026-06-30,short,0.01302054,0.01290303,1.0091,10:00,90.220000,15:59,90.600000,-0.00421193,-0.00461277,-42.119,-46.128,session_close,False,0.00332521,-0.00038646,OOS
primary,IGV,2026-07-02,short,0.01435150,0.01304500,1.1002,10:00,94.690000,15:59,93.570000,0.01182807,0.01143044,118.281,114.304,session_close,True,0.01161686,0.00277097,OOS
primary,IGV,2026-07-06,short,0.02722893,0.01317562,2.0666,10:00,94.910000,15:59,94.790000,0.00126436,0.00086461,12.644,8.646,session_close,False,-0.00221262,-0.00195550,OOS
primary,IGV,2026-07-09,short,0.02910695,0.01263585,2.3035,10:00,93.345000,15:59,93.880000,-0.00573143,-0.00613257,-57.314,-61.326,session_close,False,-0.00037495,-0.00165377,OOS
primary,IGV,2026-07-14,short,0.03131570,0.01290457,2.4267,10:00,93.190000,15:59,93.630000,-0.00472154,-0.00512248,-47.215,-51.225,session_close,False,-0.00321923,0.00026694,OOS
primary,IGV,2026-08-04,short,0.02475555,0.01317950,1.8783,10:00,100.640000,15:59,102.000000,-0.01351351,-0.01391622,-135.135,-139.162,session_close,True,-0.00586248,0.00068580,OOS
primary,IGV,2026-08-10,short,0.01976323,0.01344732,1.4697,10:00,104.270000,15:59,105.010000,-0.00709696,-0.00749838,-70.970,-74.984,session_close,False,-0.00824782,-0.00033341,OOS
primary,IGV,2026-08-26,short,0.02584911,0.01311327,1.9712,10:00,102.400000,15:59,102.390000,0.00009766,-0.00030232,0.977,-3.023,session_close,False,0.00722656,0.00219266,OOS
primary,IGV,2026-08-27,short,0.02810105,0.01351106,2.0799,10:00,108.660000,15:59,110.320000,-0.01527701,-0.01568007,-152.770,-156.801,session_close,True,-0.00257685,-0.00058954,OOS
primary,IGV,2026-09-03,short,0.01625321,0.01337812,1.2149,10:00,106.890000,15:59,106.950000,-0.00056132,-0.00096144,-5.613,-9.614,session_close,True,-0.00243241,0.00112076,OOS
S1,SPY,2022-01-12,short,0.00616588,0.00612310,1.0070,10:00,472.640000,15:59,471.200000,0.00304672,0.00284702,30.467,28.470,session_close,True,0.00353334,-0.00140264,IS
S1,SPY,2022-01-19,short,0.00650588,0.00638092,1.0196,10:00,459.480000,15:59,451.820000,0.01667102,0.01647269,166.710,164.727,session_close,True,0.00600679,0.00600594,IS
S1,SPY,2022-01-20,short,0.01082289,0.00643489,1.6819,10:00,456.720000,15:59,446.780000,0.02176388,0.02156606,217.639,215.661,session_close,True,-0.00170783,0.00871496,IS
S1,SPY,2022-01-26,short,0.01693550,0.00779815,2.1717,10:00,441.970000,15:59,433.030000,0.02022762,0.02002964,202.276,200.296,session_close,True,0.00287372,-0.00016168,IS
S1,SPY,2022-01-27,short,0.01674249,0.00806045,2.0771,10:00,440.300000,15:59,431.380000,0.02025891,0.02006094,202.589,200.609,session_close,True,0.00317965,0.00048657,IS
S1,SPY,2022-02-09,short,0.01004836,0.00855513,1.1745,10:00,455.350000,15:59,457.330000,-0.00434830,-0.00454874,-43.483,-45.487,session_close,True,-0.00114198,-0.00069998,IS
S1,SPY,2022-02-15,short,0.01168831,0.00865287,1.3508,10:00,444.040000,15:59,445.950000,-0.00430141,-0.00450184,-43.014,-45.018,session_close,True,-0.00351320,-0.00080792,IS
S1,SPY,2022-03-02,short,0.00902850,0.00867332,1.0410,10:00,433.610000,15:59,437.850000,-0.00977837,-0.00997935,-97.784,-99.794,session_close,True,-0.00804871,0.00191502,IS
S1,SPY,2022-03-09,short,0.01877810,0.00841819,2.2307,10:00,424.140000,15:59,427.330000,-0.00752110,-0.00772185,-75.211,-77.219,session_close,True,-0.00761541,0.00333520,IS
S1,SPY,2022-03-16,short,0.01392019,0.00881222,1.5796,10:00,431.930000,15:59,435.550000,-0.00838099,-0.00858183,-83.810,-85.818,session_close,True,-0.00254671,-0.00590076,IS
S1,SPY,2022-04-12,short,0.01122421,0.00871643,1.2877,10:00,445.070000,15:59,438.120000,0.01561552,0.01541708,156.155,154.171,session_close,True,0.00312310,-0.00242530,IS
S1,SPY,2022-04-21,short,0.01034266,0.00806429,1.2825,10:00,449.380000,15:59,438.130000,0.02503449,0.02483700,250.345,248.370,session_close,True,0.01041435,0.00307181,IS
S1,SPY,2022-04-27,short,0.00998584,0.00728914,1.3700,10:00,420.750000,15:59,417.200000,0.00843731,0.00823816,84.373,82.382,session_close,True,0.00251931,0.00255816,IS
S1,SPY,2022-04-28,short,0.00786194,0.00739013,1.0638,10:00,420.445000,15:59,427.750000,-0.01737445,-0.01757619,-173.744,-175.762,session_close,True,-0.00024974,0.00237890,IS
S1,SPY,2022-05-10,short,0.01478970,0.00799021,1.8510,10:00,404.160000,15:59,399.080000,0.01256928,0.01237054,125.693,123.705,session_close,True,0.01670131,0.00172599,IS
S1,SPY,2022-05-13,short,0.01597981,0.00825007,1.9369,10:00,398.640000,15:59,401.540000,-0.00727473,-0.00747546,-72.747,-74.755,session_close,True,-0.00734999,0.00206278,IS
S1,SPY,2022-05-17,short,0.01240537,0.00833492,1.4884,10:00,405.180000,15:59,408.260000,-0.00760156,-0.00780232,-76.016,-78.023,session_close,True,-0.00069080,-0.00036755,IS
S1,SPY,2022-05-26,short,0.01293310,0.00890514,1.4523,10:00,402.560000,15:59,405.370000,-0.00698033,-0.00718102,-69.803,-71.810,session_close,True,-0.00467011,-0.00069120,IS
S1,SPY,2022-05-27,short,0.01396255,0.00898503,1.5540,10:00,411.020000,15:59,415.220000,-0.01021848,-0.01041950,-102.185,-104.195,session_close,True,-0.00360080,-0.00207549,IS
S1,SPY,2022-06-06,short,0.01110543,0.00885916,1.2536,10:00,415.170000,15:59,411.790000,0.00814124,0.00794206,81.412,79.421,session_close,True,0.00346846,-0.00172716,IS
S1,SPY,2022-06-15,short,0.01251605,0.00969747,1.2907,10:00,378.610000,15:59,379.090000,-0.00126780,-0.00146792,-12.678,-14.679,session_close,True,0.00318269,0.00834467,IS
S1,SPY,2022-06-21,short,0.02465694,0.01036722,2.3784,10:00,374.850000,15:59,374.960000,-0.00029345,-0.00049348,-2.935,-4.935,session_close,True,0.00170735,0.00268638,IS
S1,SPY,2022-06-24,short,0.01546542,0.01087664,1.4219,10:00,383.830000,15:59,389.940000,-0.01591851,-0.01612010,-159.185,-161.201,session_close,True,-0.00828492,-0.00479283,IS
S1,SPY,2022-07-19,short,0.01240965,0.01182346,1.0496,10:00,386.885000,15:59,392.120000,-0.01353115,-0.01373251,-135.312,-137.325,session_close,True,-0.00722437,-0.00038268,IS
S1,SPY,2022-08-10,short,0.01640540,0.01088469,1.5072,10:00,418.210000,15:59,419.740000,-0.00365845,-0.00385881,-36.584,-38.588,session_close,True,-0.00329978,-0.00090614,IS
S1,SPY,2022-09-09,short,0.00966533,0.00909063,1.0632,10:00,404.280000,15:59,406.520000,-0.00554071,-0.00574127,-55.407,-57.413,session_close,True,-0.00336401,0.00142471,IS
S1,SPY,2022-09-12,short,0.01104497,0.00913441,1.2092,10:00,411.020000,15:59,410.940000,0.00019464,-0.00000534,1.946,-0.053,session_close,True,0.00440781,-0.00204828,IS
S1,SPY,2022-09-27,short,0.01090350,0.00854978,1.2753,10:00,368.450000,15:59,363.320000,0.01392319,0.01372458,139.232,137.246,session_close,True,0.01190121,-0.00063345,IS
S1,SPY,2022-10-03,short,0.00974326,0.00857948,1.1356,10:00,360.600000,15:59,366.580000,-0.01658347,-0.01678513,-165.835,-167.851,session_close,True,-0.00879090,0.00402081,IS
S1,SPY,2022-10-04,short,0.02570326,0.00863009,2.9783,10:00,376.010000,15:59,377.770000,-0.00468073,-0.00488119,-46.807,-48.812,session_close,True,-0.00271269,-0.00310674,IS
S1,SPY,2022-10-17,short,0.02264024,0.00926349,2.4440,10:00,365.850000,15:59,366.660000,-0.00221402,-0.00241424,-22.140,-24.142,session_close,True,-0.00288370,0.00087198,IS
S1,SPY,2022-10-18,short,0.01756396,0.00971013,1.8088,10:00,373.120000,15:59,370.960000,0.00578902,0.00558960,57.890,55.896,session_close,True,0.01045240,-0.00347874,IS
S1,SPY,2022-10-21,short,0.00998823,0.00987739,1.0112,10:00,369.110000,15:59,374.250000,-0.01392539,-0.01412678,-139.254,-141.268,session_close,False,-0.00249221,0.00104100,IS
S1,SPY,2022-11-04,short,0.01088773,0.01000634,1.0881,10:00,375.110000,15:59,376.380000,-0.00338567,-0.00358601,-33.857,-35.860,session_close,True,0.01103676,-0.00499319,IS
S1,SPY,2022-11-10,short,0.04177469,0.01007971,4.1444,10:00,389.780000,15:59,394.660000,-0.01251988,-0.01272113,-125.199,-127.211,session_close,True,-0.00538765,-0.00306261,IS
S1,SPY,2022-11-15,short,0.01567953,0.01132436,1.3846,10:00,401.630000,15:59,398.470000,0.00786794,0.00766872,78.679,76.687,session_close,True,0.00107064,0.00111052,IS
S1,SPY,2022-12-13,short,0.02617263,0.01078474,2.4268,10:00,409.360000,15:59,401.910000,0.01819914,0.01800096,181.991,180.010,session_close,True,0.01639144,-0.00047297,IS
S1,SPY,2022-12-29,short,0.01284637,0.01104949,1.1626,10:00,381.600000,15:59,383.360000,-0.00461216,-0.00481262,-46.122,-48.126,session_close,True,-0.00600105,0.00019899,IS
S1,SPY,2023-02-23,short,0.00798987,0.00743604,1.0745,10:00,401.820000,15:59,400.640000,0.00293664,0.00273693,29.366,27.369,session_close,True,0.01331442,0.00186726,IS
S1,SPY,2023-02-27,short,0.00991473,0.00772239,1.2839,10:00,400.330000,15:59,397.740000,0.00646966,0.00627031,64.697,62.703,session_close,True,0.00514600,-0.00023136,IS
S1,SPY,2023-03-14,short,0.01513107,0.00685487,2.2073,10:00,391.140000,15:59,391.730000,-0.00150841,-0.00170856,-15.084,-17.086,session_close,True,-0.00355371,-0.00905426,IS
S1,SPY,2023-03-21,short,0.01064289,0.00692242,1.5375,10:00,397.870000,15:59,398.860000,-0.00248825,-0.00268850,-24.882,-26.885,session_close,True,0.00498907,-0.00159458,IS
S1,SPY,2023-03-23,short,0.00979317,0.00682613,1.4347,10:00,395.950000,15:59,393.140000,0.00709686,0.00689757,70.969,68.976,session_close,True,-0.00522793,-0.00336889,IS
S1,SPY,2023-03-29,short,0.01071815,0.00670968,1.5974,10:00,399.850000,15:59,401.270000,-0.00355133,-0.00375169,-35.513,-37.517,session_close,True,-0.00010004,-0.00014930,IS
S1,SPY,2023-03-30,short,0.00697785,0.00677945,1.0293,10:00,404.080000,15:59,403.720000,0.00089091,0.00069100,8.909,6.910,session_close,True,0.00247476,-0.00066923,IS
S1,SPY,2023-04-27,short,0.00791374,0.00629304,1.2575,10:00,407.560000,15:59,412.410000,-0.01190009,-0.01210128,-119.001,-121.013,session_close,True,-0.00395034,-0.00018189,IS
S1,SPY,2023-05-05,short,0.01230469,0.00628352,1.9582,10:00,410.120000,15:59,412.560000,-0.00594948,-0.00615007,-59.495,-61.501,session_close,True,-0.00217010,0.00128301,IS
S1,SPY,2023-05-26,short,0.00581269,0.00547873,1.0610,10:00,417.000000,15:59,420.020000,-0.00724221,-0.00744293,-72.422,-74.429,session_close,True,-0.00491607,0.00033297,IS
S1,SPY,2023-06-02,short,0.00604523,0.00545246,1.1087,10:00,424.365000,15:59,427.920000,-0.00837722,-0.00857806,-83.772,-85.781,session_close,True,-0.00724612,0.00040879,IS
S1,SPY,2023-06-30,short,0.00960946,0.00395716,2.4284,10:00,442.340000,15:59,443.250000,-0.00205724,-0.00225745,-20.572,-22.574,session_close,True,-0.00027128,0.00173416,IS
S1,SPY,2023-07-12,short,0.01010261,0.00422131,2.3932,10:00,446.940100,15:59,445.990000,0.00212579,0.00192600,21.258,19.260,session_close,True,0.00394930,-0.00078539,IS
S1,SPY,2023-07-13,short,0.00538129,0.00439786,1.2236,10:00,448.390000,15:59,449.560000,-0.00260934,-0.00280960,-26.093,-28.096,session_close,True,-0.00015611,0.00052246,IS
S1,SPY,2023-07-27,short,0.00761322,0.00421565,1.8059,10:00,458.970000,15:59,452.500000,0.01409678,0.01389819,140.968,138.982,session_close,True,0.00331176,0.00053011,IS
S1,SPY,2023-07-28,short,0.00806608,0.00432614,1.8645,10:00,456.140000,15:59,456.920000,-0.00171000,-0.00191017,-17.100,-19.102,session_close,True,-0.00337616,-0.00055621,IS
S1,SPY,2023-08-10,short,0.01224902,0.00428214,2.8605,10:00,451.220000,15:59,445.970000,0.01163512,0.01143629,116.351,114.363,session_close,True,0.00797837,0.00056026,IS
S1,SPY,2023-08-21,short,0.00513208,0.00465469,1.1026,10:00,438.720000,15:59,439.330000,-0.00139041,-0.00159055,-13.904,-15.905,session_close,True,0.00706601,0.00015931,IS
S1,SPY,2023-08-23,short,0.00506699,0.00456568,1.1098,10:00,440.370000,15:59,442.870000,-0.00567704,-0.00587761,-56.770,-58.776,session_close,True,-0.00438268,0.00074458,IS
S1,SPY,2023-08-24,short,0.00469664,0.00455085,1.0320,10:00,444.955000,15:59,436.890000,0.01812543,0.01792724,181.254,179.272,session_close,True,0.01293389,0.00410313,IS
S1,SPY,2023-08-25,short,0.00503559,0.00457337,1.1011,10:00,439.060000,15:59,439.950000,-0.00202706,-0.00222726,-20.271,-22.273,session_close,True,0.00469184,0.00222258,IS
S1,SPY,2023-08-28,short,0.00597795,0.00457659,1.3062,10:00,442.600000,15:59,442.670000,-0.00015816,-0.00035817,-1.582,-3.582,session_close,True,0.00251017,-0.00199190,IS
S1,SPY,2023-08-30,short,0.00472045,0.00458805,1.0289,10:00,451.240000,15:59,450.920000,0.00070916,0.00050923,7.092,5.092,session_close,True,0.00039890,-0.00006654,IS
S1,SPY,2023-09-14,short,0.00538622,0.00468790,1.1490,10:00,448.930000,15:59,450.360000,-0.00318535,-0.00338567,-31.854,-33.857,session_close,True,-0.00214956,-0.00008883,IS
S1,SPY,2023-09-29,short,0.00669747,0.00486287,1.3773,10:00,431.410000,15:59,427.400000,0.00929510,0.00909603,92.951,90.960,session_close,True,0.00505320,0.00042097,IS
S1,SPY,2023-10-13,short,0.00501783,0.00458075,1.0954,10:00,435.840000,15:59,431.520000,0.00991189,0.00971289,99.119,97.129,session_close,True,0.01034783,-0.00102069,IS
S1,SPY,2023-10-16,short,0.00644234,0.00462501,1.3929,10:00,434.300000,15:59,436.040000,-0.00400645,-0.00420685,-40.064,-42.068,session_close,True,-0.00381073,0.00192272,IS
S1,SPY,2023-10-24,short,0.00802692,0.00462501,1.7355,10:00,423.830000,15:59,423.630000,0.00047189,0.00027193,4.719,2.719,session_close,True,0.00132128,0.00099092,IS
S1,SPY,2023-10-30,short,0.01027564,0.00477218,2.1532,10:00,414.895000,15:59,415.590000,-0.00167512,-0.00187529,-16.751,-18.753,session_close,True,0.00219333,0.00151362,IS
S1,SPY,2023-11-02,short,0.01154729,0.00479025,2.4106,10:00,427.490000,15:59,430.680000,-0.00746216,-0.00766291,-74.622,-76.629,session_close,True,-0.00301761,-0.00096452,IS
S1,SPY,2023-11-03,short,0.00919476,0.00501518,1.8334,10:00,434.670000,15:59,434.690000,-0.00004601,-0.00024602,-0.460,-2.460,session_close,True,-0.00070168,0.00179117,IS
S1,SPY,2023-11-14,short,0.01760603,0.00483956,3.6379,10:00,447.930000,15:59,448.730000,-0.00178599,-0.00198617,-17.860,-19.862,session_close,True,-0.00112741,0.00251433,IS
S1,SPY,2023-11-29,short,0.00699009,0.00511452,1.3667,10:00,458.120000,15:59,454.610000,0.00766175,0.00746251,76.617,74.625,session_close,True,0.00514057,-0.00037409,IS
S1,SPY,2023-12-14,short,0.00573931,0.00499888,1.1481,10:00,473.140000,15:59,472.000000,0.00240943,0.00220968,24.094,22.097,session_close,True,0.00126812,-0.00112414,IS
S1,SPY,2023-12-21,short,0.00670568,0.00485257,1.3819,10:00,471.410000,15:59,472.660000,-0.00265162,-0.00285188,-26.516,-28.519,session_close,True,0.00182431,-0.00162112,IS
S1,SPY,2024-01-22,short,0.00551455,0.00487837,1.1304,10:00,485.019900,15:59,483.450000,0.00323677,0.00303710,32.368,30.371,session_close,True,0.00195848,0.00134290,IS
S1,SPY,2024-02-01,short,0.00449359,0.00432937,1.0379,10:00,485.010000,15:59,489.160000,-0.00855652,-0.00875738,-85.565,-87.574,session_close,True,-0.00136080,-0.00096175,IS
S1,SPY,2024-02-14,short,0.00566710,0.00394847,1.4353,10:00,496.900000,15:59,498.490000,-0.00319984,-0.00340016,-31.998,-34.002,session_close,True,0.00314751,-0.00099499,IS
S1,SPY,2024-02-22,short,0.01564731,0.00407755,3.8374,10:00,505.020000,15:59,507.500000,-0.00491070,-0.00511119,-49.107,-51.112,session_close,True,-0.00044553,0.00045319,IS
S1,SPY,2024-03-06,short,0.00538270,0.00448582,1.1999,10:00,509.900000,15:59,509.750000,0.00029418,0.00009420,2.942,0.942,session_close,True,-0.00258070,-0.00113911,IS
S1,SPY,2024-03-07,short,0.00717214,0.00451174,1.5897,10:00,513.420000,15:59,514.790000,-0.00266838,-0.00286865,-26.684,-28.686,session_close,True,-0.00233727,-0.00036922,IS
S1,SPY,2024-03-08,short,0.00576934,0.00460574,1.2526,10:00,517.760000,15:59,511.770000,0.01156907,0.01137022,115.691,113.702,session_close,True,0.00722922,0.00031254,IS
S1,SPY,2024-03-18,short,0.00817195,0.00477779,1.7104,10:00,513.840000,15:59,512.850000,0.00192667,0.00172686,19.267,17.269,session_close,True,-0.00074926,0.00195580,IS
S1,SPY,2024-03-21,short,0.00578379,0.00480736,1.2031,10:00,523.430000,15:59,522.200000,0.00234988,0.00215012,23.499,21.501,session_close,True,-0.00061135,0.00110945,IS
S1,SPY,2024-04-04,short,0.00650676,0.00486313,1.3380,10:00,522.840000,15:59,513.120000,0.01859077,0.01839263,185.908,183.926,session_close,True,-0.00080331,0.00110962,IS
S1,SPY,2024-04-05,short,0.00545681,0.00491175,1.1110,10:00,515.920000,15:59,518.430000,-0.00486510,-0.00506558,-48.651,-50.656,session_close,True,-0.00680338,-0.00054038,IS
S1,SPY,2024-04-15,short,0.00792812,0.00499715,1.5865,10:00,514.900000,15:59,504.589400,0.02002447,0.01982647,200.245,198.265,session_close,True,0.00502039,-0.00065343,IS
S1,SPY,2024-04-23,short,0.00670375,0.00502351,1.3345,10:00,503.080000,15:59,505.655000,-0.00511847,-0.00531898,-51.185,-53.190,session_close,True,-0.00248469,-0.00058374,IS
S1,SPY,2024-04-26,short,0.00873987,0.00542362,1.6114,10:00,507.840000,15:59,508.260000,-0.00082703,-0.00102711,-8.270,-10.271,session_close,True,-0.00154576,0.00270779,IS
S1,SPY,2024-05-03,short,0.01298984,0.00547077,2.3744,10:00,511.590000,15:59,511.290000,0.00058641,0.00038647,5.864,3.865,session_close,True,0.00215993,0.00068407,IS
S1,SPY,2024-05-06,short,0.00570127,0.00569736,1.0007,10:00,514.210000,15:59,516.570000,-0.00458956,-0.00479002,-45.896,-47.900,session_close,True,-0.00029171,-0.00282461,IS
S1,SPY,2024-06-12,short,0.01068759,0.00455970,2.3439,10:00,542.680000,15:59,541.340000,0.00246923,0.00226947,24.692,22.695,session_close,True,-0.00058967,-0.00064696,IS
S1,SPY,2024-07-12,short,0.00433069,0.00402419,1.0762,10:00,558.850000,15:59,559.900000,-0.00187886,-0.00207905,-18.789,-20.790,session_close,True,-0.00343437,0.00518816,OOS
S1,SPY,2024-07-22,short,0.00685025,0.00411265,1.6657,10:00,552.670000,15:59,554.650000,-0.00358261,-0.00378297,-35.826,-37.830,session_close,True,0.00164655,-0.00023444,OOS
S1,SPY,2024-07-26,short,0.00835810,0.00395922,2.1110,10:00,542.880000,15:59,544.440000,-0.00287356,-0.00307385,-28.736,-30.739,session_close,True,-0.00362879,0.00058741,OOS
S1,SPY,2024-07-31,short,0.01243542,0.00411313,3.0233,10:00,548.750000,15:59,550.810000,-0.00375399,-0.00395436,-37.540,-39.544,session_close,True,-0.00348064,-0.00205574,OOS
S1,SPY,2024-08-01,short,0.00586409,0.00408447,1.4357,10:00,553.990000,15:59,542.970000,0.01989206,0.01969405,198.921,196.940,session_close,True,0.01673315,-0.00277024,OOS
S1,SPY,2024-08-06,short,0.00870888,0.00627894,1.3870,10:00,521.890000,15:59,522.030000,-0.00026826,-0.00046828,-2.683,-4.683,session_close,True,-0.00768361,0.00890491,OOS
S1,SPY,2024-08-07,short,0.01720208,0.00637805,2.6971,10:00,531.040000,15:59,518.560000,0.02350105,0.02330340,235.011,233.034,session_close,True,0.00568695,0.00481701,OOS
S1,SPY,2024-08-08,short,0.01249614,0.00673050,1.8566,10:00,525.050000,15:59,530.650000,-0.01066565,-0.01086672,-106.657,-108.667,session_close,True,-0.00499952,-0.00253160,OOS
S1,SPY,2024-08-13,short,0.00845725,0.00690915,1.2241,10:00,537.790000,15:59,541.980000,-0.00779115,-0.00799192,-77.911,-79.919,session_close,True,-0.00224995,-0.00142292,OOS
S1,SPY,2024-08-15,short,0.01180690,0.00699484,1.6879,10:00,550.170000,15:59,553.070000,-0.00527110,-0.00547163,-52.711,-54.716,session_close,True,-0.00261737,0.00000000,OOS
S1,SPY,2024-09-09,short,0.00904869,0.00726062,1.2463,10:00,545.300000,15:59,546.410000,-0.00203558,-0.00223578,-20.356,-22.358,session_close,True,-0.00126536,-0.00150296,OOS
S1,SPY,2024-09-19,short,0.01457072,0.00726315,2.0061,10:00,569.610000,15:59,570.980000,-0.00240515,-0.00260539,-24.052,-26.054,session_close,True,-0.00138691,0.00033265,OOS
S1,SPY,2024-11-01,short,0.00808232,0.00496213,1.6288,10:00,573.130000,15:59,571.040000,0.00364664,0.00344701,36.466,34.470,session_close,True,-0.00090730,0.00124093,OOS
S1,SPY,2024-11-05,short,0.00735359,0.00479667,1.5331,10:00,574.010000,15:59,576.650000,-0.00459922,-0.00479968,-45.992,-47.997,session_close,True,-0.00250867,-0.00166774,OOS
S1,SPY,2024-11-06,short,0.01640510,0.00487759,3.3634,10:00,586.120000,15:59,591.050000,-0.00841125,-0.00861209,-84.112,-86.121,session_close,True,-0.00453832,0.00010996,OOS
S1,SPY,2024-11-25,short,0.00629712,0.00508411,1.2386,10:00,599.250000,15:59,597.530000,0.00287025,0.00267054,28.703,26.705,session_close,True,0.00330413,-0.00065311,OOS
S1,SPY,2024-12-11,short,0.00632050,0.00475831,1.3283,10:00,606.600000,15:59,607.460000,-0.00141774,-0.00161788,-14.177,-16.179,session_close,True,-0.00187933,0.00100317,OOS
S1,SPY,2024-12-19,short,0.00724910,0.00441575,1.6416,10:00,590.515000,15:59,586.100000,0.00747652,0.00727727,74.765,72.773,session_close,True,0.00107584,0.00426428,OOS
S1,SPY,2025-01-02,short,0.00697857,0.00499327,1.3976,10:00,590.180000,15:59,584.640000,0.00938697,0.00918791,93.870,91.879,session_close,True,0.00389712,-0.00029086,OOS
S1,SPY,2025-01-03,short,0.00576423,0.00504828,1.1418,10:00,588.020000,15:59,591.950000,-0.00668345,-0.00688411,-66.834,-68.841,session_close,True,-0.00402384,-0.00003379,OOS
S1,SPY,2025-01-06,short,0.01001774,0.00505885,1.9802,10:00,597.900000,15:59,595.360000,0.00424820,0.00404863,42.482,40.486,session_close,True,-0.00260913,-0.00051256,OOS
S1,SPY,2025-01-15,short,0.01692207,0.00537113,3.1506,10:00,591.950000,15:59,592.715000,-0.00129234,-0.00149247,-12.923,-14.925,session_close,True,0.00324892,0.00164227,OOS
S1,SPY,2025-01-17,short,0.00785951,0.00578137,1.3595,10:00,596.320000,15:59,597.490000,-0.00196203,-0.00216223,-19.620,-21.622,session_close,True,-0.00331198,0.00101990,OOS
S1,SPY,2025-03-14,short,0.01273077,0.00676707,1.8813,10:00,557.680000,15:59,562.730000,-0.00905537,-0.00925628,-90.554,-92.563,session_close,True,-0.00799742,-0.00165539,OOS
S1,SPY,2025-03-24,short,0.01556848,0.00714485,2.1790,10:00,572.735000,15:59,574.080000,-0.00234838,-0.00254862,-23.484,-25.486,session_close,True,-0.00199848,-0.00022650,OOS
S1,SPY,2025-04-08,short,0.03610869,0.00928531,3.8888,10:00,522.590000,15:59,496.480000,0.04996269,0.04976768,499.627,497.677,session_close,True,0.01113684,0.00207031,OOS
S1,SPY,2025-04-14,short,0.01222984,0.01109238,1.1025,10:00,540.630000,15:59,539.120000,0.00279304,0.00259332,27.930,25.933,session_close,True,0.00904519,0.00408254,OOS
S1,SPY,2025-04-22,short,0.01558730,0.01151221,1.3540,10:00,521.960000,15:59,527.250000,-0.01013488,-0.01033589,-101.349,-103.359,session_close,True,-0.00806575,-0.00487907,OOS
S1,SPY,2025-04-23,short,0.03093409,0.01168611,2.6471,10:00,543.595000,15:59,535.710000,0.01450528,0.01430673,145.053,143.067,session_close,True,0.01134116,-0.00202009,OOS
S1,SPY,2025-05-12,short,0.02576872,0.01253684,2.0554,10:00,578.800000,15:59,582.990000,-0.00723912,-0.00743984,-72.391,-74.398,session_close,True,0.00108932,-0.00252786,OOS
S1,SPY,2025-07-31,short,0.00769158,0.00569360,1.3509,10:00,639.345000,15:59,632.080000,0.01136319,0.01116433,113.632,111.643,session_close,True,0.00282320,0.00110623,OOS
S1,SPY,2025-08-04,short,0.01172554,0.00595330,1.9696,10:00,629.010000,15:59,631.110000,-0.00333858,-0.00353891,-33.386,-35.389,session_close,True,-0.00136723,-0.00134071,OOS
S1,SPY,2025-08-08,short,0.00569268,0.00512586,1.1106,10:00,635.850000,15:59,637.150000,-0.00204451,-0.00224471,-20.445,-22.447,session_close,True,-0.00080208,0.00017261,OOS
S1,SPY,2025-09-10,short,0.00496194,0.00460234,1.0781,10:00,653.590000,15:59,652.210000,0.00211142,0.00191163,21.114,19.116,session_close,True,0.00043605,-0.00210497,OOS
S1,SPY,2025-09-11,short,0.00515171,0.00448977,1.1474,10:00,655.570000,15:59,657.630000,-0.00314230,-0.00334262,-31.423,-33.426,session_close,True,-0.00250164,0.00019764,OOS
S1,SPY,2025-09-15,short,0.00492843,0.00432927,1.1384,10:00,660.645000,15:59,660.910000,-0.00040112,-0.00060116,-4.011,-6.012,session_close,True,0.00003784,-0.00127259,OOS
S1,SPY,2025-09-18,short,0.00436906,0.00433241,1.0085,10:00,662.060000,15:59,662.260000,-0.00030209,-0.00050212,-3.021,-5.021,session_close,True,-0.00081549,0.00067903,OOS
S1,SPY,2025-09-26,short,0.00568346,0.00433993,1.3096,10:00,661.800000,15:59,661.820000,-0.00003022,-0.00023022,-0.302,-2.302,session_close,True,0.00472953,-0.00033253,OOS
S1,SPY,2025-10-13,short,0.01509724,0.00429724,3.5132,10:00,662.870000,15:59,663.040000,-0.00025646,-0.00045649,-2.565,-4.565,session_close,True,-0.00015086,-0.00033297,OOS
S1,SPY,2025-10-15,short,0.00928779,0.00483097,1.9226,10:00,668.340000,15:59,665.170000,0.00474309,0.00454357,47.431,45.436,session_close,True,0.00469821,0.00028556,OOS
S1,SPY,2025-10-20,short,0.00654736,0.00496198,1.3195,10:00,668.750000,15:59,671.300000,-0.00381308,-0.00401347,-38.131,-40.135,session_close,True,-0.00269159,0.00061038,OOS
S1,SPY,2025-10-24,short,0.00838222,0.00504329,1.6621,10:00,677.360000,15:59,677.260000,0.00014763,-0.00005235,1.476,-0.524,session_close,True,-0.00086365,0.00144786,OOS
S1,SPY,2025-10-27,short,0.00859345,0.00506160,1.6978,10:00,683.090000,15:59,685.240000,-0.00314746,-0.00334778,-31.475,-33.478,session_close,True,-0.00048310,-0.00147611,OOS
S1,SPY,2025-10-31,short,0.00535428,0.00449869,1.1902,10:00,683.460000,15:59,682.060000,0.00204840,0.00184861,20.484,18.486,session_close,True,0.00185819,0.00299659,OOS
S1,SPY,2025-11-10,short,0.01128963,0.00459395,2.4575,10:00,678.540000,15:59,681.430000,-0.00425914,-0.00445957,-42.591,-44.596,session_close,True,0.00281487,-0.00017613,OOS
S1,SPY,2025-11-19,short,0.00846867,0.00497199,1.7033,10:00,665.670000,15:59,662.630000,0.00456683,0.00436728,45.668,43.673,session_close,True,0.00473959,0.00131123,OOS
S1,SPY,2025-11-20,short,0.01853221,0.00509075,3.6404,10:00,674.920000,15:59,652.530000,0.03317430,0.03297762,331.743,329.776,session_close,True,0.02180999,0.00559281,OOS
S1,SPY,2025-11-24,short,0.00764795,0.00563690,1.3568,10:00,664.040000,15:59,668.670000,-0.00697247,-0.00717317,-69.725,-71.732,session_close,True,-0.00515782,0.00040362,OOS
S1,SPY,2025-12-18,short,0.00991957,0.00553612,1.7918,10:00,678.060000,15:59,676.470000,0.00234493,0.00214516,23.449,21.452,session_close,True,-0.00221219,0.00171185,OOS
S1,SPY,2026-01-02,short,0.00635028,0.00557775,1.1385,10:00,686.210000,15:59,683.210000,0.00437184,0.00417228,43.718,41.723,session_close,True,0.00736218,0.00004391,OOS
S1,SPY,2026-01-21,short,0.00727611,0.00542780,1.3405,10:00,682.480000,15:59,685.400000,-0.00427851,-0.00447894,-42.785,-44.789,session_close,True,0.00356787,-0.00006566,OOS
S1,SPY,2026-02-06,short,0.01079816,0.00527085,2.0487,10:00,684.800000,15:59,690.620000,-0.00849883,-0.00869968,-84.988,-86.997,session_close,True,-0.00388435,-0.00122504,OOS
S1,SPY,2026-02-25,short,0.00577581,0.00430249,1.3424,10:00,691.320000,15:59,693.020000,-0.00245906,-0.00265931,-24.591,-26.593,session_close,True,-0.00104149,-0.00014432,OOS
S1,SPY,2026-03-13,short,0.00674134,0.00589998,1.1426,10:00,670.540000,15:59,662.360000,0.01219912,0.01200034,121.991,120.003,session_close,True,0.01067796,0.00001510,OOS
S1,SPY,2026-03-16,short,0.01274232,0.00596247,2.1371,10:00,670.800000,15:59,669.030000,0.00263864,0.00243890,26.386,24.389,session_close,True,0.00347346,0.00035860,OOS
S1,SPY,2026-03-17,short,0.00726425,0.00618522,1.1745,10:00,673.880000,15:59,670.790000,0.00458539,0.00438584,45.854,43.858,session_close,True,0.00425892,0.00037256,OOS
S1,SPY,2026-03-23,short,0.01800968,0.00622508,2.8931,10:00,660.200000,15:59,655.765000,0.00671766,0.00651833,67.177,65.183,session_close,True,0.00634656,0.00238084,OOS
S1,SPY,2026-03-31,short,0.01686789,0.00683106,2.4693,10:00,642.640000,15:59,650.420000,-0.01210631,-0.01230752,-121.063,-123.075,session_close,True,0.00443483,-0.00156760,OOS
S1,SPY,2026-04-08,short,0.02337611,0.00727220,3.2145,10:00,674.635000,15:59,676.060000,-0.00211225,-0.00231246,-21.123,-23.125,session_close,True,-0.00037798,-0.00374143,OOS
S1,SPY,2026-04-17,short,0.00950617,0.00760820,1.2495,10:00,708.350000,15:59,710.140000,-0.00252700,-0.00272725,-25.270,-27.273,session_close,True,-0.00337404,-0.00124073,OOS
S1,SPY,2026-05-01,short,0.00767400,0.00764251,1.0041,10:00,724.190000,15:59,720.670000,0.00486060,0.00466109,48.606,46.611,session_close,True,0.00111159,0.00242241,OOS
S1,SPY,2026-05-06,short,0.00812413,0.00754614,1.0766,10:00,729.670000,15:59,733.860000,-0.00574232,-0.00594290,-57.423,-59.429,session_close,True,-0.00269985,0.00000000,OOS
S1,SPY,2026-06-09,short,0.00698033,0.00686771,1.0164,10:00,744.363800,15:59,737.110000,0.00974497,0.00954594,97.450,95.459,session_close,True,0.02055957,-0.00341683,OOS
S1,SPY,2026-06-15,short,0.01557086,0.00665091,2.3412,10:00,753.320000,15:59,754.830000,-0.00200446,-0.00220466,-20.045,-22.047,session_close,True,-0.00374343,-0.00060978,OOS
S1,SPY,2026-06-29,short,0.01083677,0.00602327,1.7992,10:00,736.870000,15:59,741.000000,-0.00560479,-0.00580535,-56.048,-58.053,session_close,True,-0.00222563,-0.00017547,OOS
S1,SPY,2026-07-02,short,0.00675857,0.00603682,1.1196,10:00,750.780000,15:59,744.800000,0.00796505,0.00776585,79.650,77.658,session_close,True,0.00817150,-0.00335439,OOS
S1,SPY,2026-07-30,short,0.01248081,0.00536560,2.3261,10:00,738.620000,15:59,741.690000,-0.00415640,-0.00435682,-41.564,-43.568,session_close,True,0.00201728,0.00012133,OOS
S1,SPY,2026-08-03,short,0.00882160,0.00554372,1.5913,10:00,753.600000,15:59,757.670000,-0.00540074,-0.00560128,-54.007,-56.013,session_close,True,-0.00312500,0.00088351,OOS
S1,SPY,2026-08-04,short,0.00754946,0.00556146,1.3575,10:00,763.370000,15:59,771.330000,-0.01042745,-0.01062849,-104.274,-106.285,session_close,True,-0.00664160,0.00128185,OOS
S1,SPY,2026-08-05,short,0.00696667,0.00564620,1.2339,10:00,776.670000,15:59,769.770000,0.00888408,0.00868497,88.841,86.850,session_close,True,0.00775748,0.00263009,OOS
S1,SPY,2026-08-13,short,0.00665398,0.00539067,1.2344,10:00,777.600000,15:59,777.880000,-0.00036008,-0.00056012,-3.601,-5.601,session_close,True,0.00271348,0.00019292,OOS
S1,SPY,2026-09-03,short,0.00569786,0.00519758,1.0963,10:00,769.530000,15:59,773.150000,-0.00470417,-0.00490464,-47.042,-49.046,session_close,True,-0.00492508,0.00033617,OOS
S1,SPY,2026-09-11,short,0.01110979,0.00482196,2.3040,10:00,766.310000,15:59,764.290000,0.00263601,0.00243627,26.360,24.363,session_close,True,0.00078297,0.00095422,OOS
S1,SPY,2026-09-17,short,0.00954844,0.00503474,1.8965,10:00,761.250000,15:59,762.600000,-0.00177340,-0.00197358,-17.734,-19.736,session_close,True,-0.00169458,0.00001298,OOS
S1,SPY,2026-09-21,short,0.00787722,0.00504114,1.5626,10:00,767.685000,15:59,773.500000,-0.00757472,-0.00777548,-75.747,-77.755,session_close,True,-0.00397950,0.00077509,OOS
S1,QQQ,2021-12-27,short,0.00869193,0.00695025,1.2506,10:00,400.420000,15:59,403.480000,-0.00764198,-0.00784274,-76.420,-78.427,session_close,True,-0.00440662,-0.00166928,IS
S1,QQQ,2022-01-12,short,0.00857913,0.00681580,1.2587,10:00,389.130000,15:59,387.350000,0.00457431,0.00437476,45.743,43.748,session_close,True,0.00416313,-0.00125367,IS
S1,QQQ,2022-01-19,short,0.01049683,0.00725443,1.4470,10:00,374.420000,15:59,366.480000,0.02120613,0.02100825,212.061,210.083,session_close,True,0.01079002,0.00653311,IS
S1,QQQ,2022-01-20,short,0.01590810,0.00737991,2.1556,10:00,372.380000,15:59,361.720000,0.02862667,0.02842953,286.267,284.295,session_close,True,-0.00026854,0.00874188,IS
S1,QQQ,2022-01-26,short,0.02102228,0.00895671,2.3471,10:00,352.370000,15:59,344.570000,0.02213582,0.02193804,221.358,219.380,session_close,True,0.00046797,0.00231636,IS
S1,QQQ,2022-01-27,short,0.01562817,0.00933680,1.6738,10:00,349.950000,15:59,341.100000,0.02528933,0.02509186,252.893,250.919,session_close,True,0.00420060,0.00055671,IS
S1,QQQ,2022-01-31,short,0.01404207,0.00956289,1.4684,10:00,356.750000,15:59,363.050000,-0.01765943,-0.01786119,-176.594,-178.612,session_close,True,-0.00958655,-0.00824817,IS
S1,QQQ,2022-02-15,short,0.01758036,0.01043607,1.6846,10:00,353.633300,15:59,356.130000,-0.00706014,-0.00726084,-70.601,-72.608,session_close,True,-0.00321435,-0.00160310,IS
S1,QQQ,2022-03-09,short,0.02328746,0.01021612,2.2795,10:00,330.880000,15:59,334.990000,-0.01242142,-0.01262266,-124.214,-126.227,session_close,True,-0.00716242,0.00235273,IS
S1,QQQ,2022-03-16,short,0.01974707,0.01071404,1.8431,10:00,334.640000,15:59,340.320000,-0.01697346,-0.01717516,-169.735,-171.752,session_close,True,-0.00687306,-0.00760918,IS
S1,QQQ,2022-03-29,short,0.01109863,0.01105282,1.0041,10:00,368.970000,15:59,371.190000,-0.00601675,-0.00621735,-60.167,-62.174,session_close,True,0.00024392,0.00094203,IS
S1,QQQ,2022-04-04,short,0.01267100,0.01111984,1.1395,10:00,366.400000,15:59,369.300000,-0.00791485,-0.00811564,-79.148,-81.156,session_close,True,-0.00403930,-0.00166809,IS
S1,QQQ,2022-04-12,short,0.01865704,0.01152633,1.6186,10:00,347.260000,15:59,339.450000,0.02249035,0.02229260,224.904,222.926,session_close,True,0.00734320,-0.00280650,IS
S1,QQQ,2022-04-21,short,0.01383312,0.01095530,1.2627,10:00,345.940000,15:59,334.150000,0.03408105,0.03388446,340.811,338.845,session_close,True,0.01682373,0.00328113,IS
S1,QQQ,2022-04-27,short,0.01198209,0.01031653,1.1614,10:00,320.930000,15:59,316.760000,0.01299349,0.01279479,129.935,127.948,session_close,True,0.00676814,0.00189060,IS
S1,QQQ,2022-04-28,short,0.01032327,0.01027314,1.0049,10:00,320.020000,15:59,328.010000,-0.02496719,-0.02516969,-249.672,-251.697,session_close,True,-0.00009593,0.00291820,IS
S1,QQQ,2022-05-10,short,0.02204274,0.01083343,2.0347,10:00,303.690000,15:59,300.760000,0.00964800,0.00944896,96.480,94.490,session_close,True,0.01547631,0.00417191,IS
S1,QQQ,2022-05-13,short,0.02507299,0.01111420,2.2559,10:00,298.440000,15:59,301.940000,-0.01172765,-0.01192882,-117.277,-119.288,session_close,True,-0.00951615,0.00277297,IS
S1,QQQ,2022-05-17,short,0.01645222,0.01140129,1.4430,10:00,303.320000,15:59,306.170000,-0.00939602,-0.00959696,-93.960,-95.970,session_close,True,-0.00178030,0.00009798,IS
S1,QQQ,2022-05-26,short,0.01416260,0.01244451,1.1381,10:00,295.400000,15:59,299.330000,-0.01330399,-0.01350532,-133.040,-135.053,session_close,False,-0.00930941,-0.00174024,IS
S1,QQQ,2022-05-27,short,0.01986102,0.01256030,1.5813,10:00,305.260000,15:59,309.100000,-0.01257944,-0.01278070,-125.794,-127.807,session_close,True,-0.00579834,-0.00184747,IS
S1,QQQ,2022-06-06,short,0.01521881,0.01263962,1.2041,10:00,310.855000,15:59,307.220000,0.01169355,0.01149472,116.936,114.947,session_close,True,0.00632160,-0.00267624,IS
S1,QQQ,2022-06-15,short,0.01504114,0.01344650,1.1186,10:00,280.040000,15:59,282.800000,-0.00985573,-0.01005672,-98.557,-100.567,session_close,True,-0.00178546,0.00886693,IS
S1,QQQ,2022-06-21,short,0.02768575,0.01413246,1.9590,10:00,282.290000,15:59,281.080000,0.00428637,0.00408680,42.864,40.868,session_close,True,0.00194835,0.00306797,IS
S1,QQQ,2022-06-24,short,0.01920309,0.01455692,1.3192,10:00,290.340000,15:59,294.610000,-0.01470690,-0.01490837,-147.069,-149.084,session_close,True,-0.00484466,-0.00647387,IS
S1,QQQ,2022-07-27,short,0.02289635,0.01463036,1.5650,10:00,301.110000,15:59,306.810000,-0.01892996,-0.01913185,-189.300,-191.319,session_close,True,-0.00435057,0.00531691,IS
S1,QQQ,2022-08-03,short,0.01507651,0.01462283,1.0310,10:00,319.030000,15:59,322.890000,-0.01209918,-0.01230039,-120.992,-123.004,session_close,True,-0.00799298,-0.00021684,IS
S1,QQQ,2022-08-10,short,0.02179261,0.01411042,1.5444,10:00,324.010000,15:59,325.930000,-0.00592574,-0.00612634,-59.257,-61.263,session_close,True,-0.00450603,-0.00128628,IS
S1,QQQ,2022-09-09,short,0.01444163,0.01165796,1.2388,10:00,304.910000,15:59,307.050000,-0.00701846,-0.00721917,-70.185,-72.192,session_close,True,-0.00426355,0.00017681,IS
S1,QQQ,2022-09-27,short,0.01425994,0.01105710,1.2897,10:00,278.310000,15:59,274.480000,0.01376163,0.01356301,137.616,135.630,session_close,True,0.01266142,-0.00178839,IS
S1,QQQ,2022-10-04,short,0.02899097,0.01135957,2.5521,10:00,281.470000,15:59,282.130000,-0.00234483,-0.00254507,-23.448,-25.451,session_close,True,-0.00259353,-0.00257636,IS
S1,QQQ,2022-10-17,short,0.02983815,0.01221047,2.4437,10:00,268.520000,15:59,269.350000,-0.00309102,-0.00329133,-30.910,-32.913,session_close,True,-0.00364964,0.00114960,IS
S1,QQQ,2022-10-18,short,0.01800223,0.01278513,1.4081,10:00,274.200000,15:59,271.480000,0.00991977,0.00972076,99.198,97.208,session_close,True,0.01316557,-0.00380847,IS
S1,QQQ,2022-10-25,short,0.01529898,0.01251466,1.2225,10:00,282.730000,15:59,284.210000,-0.00523468,-0.00543520,-52.347,-54.352,session_close,True,-0.00272345,0.00007881,IS
S1,QQQ,2022-11-10,short,0.05696491,0.01275775,4.4651,10:00,278.340000,15:59,282.750000,-0.01584393,-0.01604552,-158.439,-160.455,session_close,True,-0.00374219,-0.00490457,IS
S1,QQQ,2022-11-15,short,0.02457609,0.01457498,1.6862,10:00,292.450000,15:59,289.390000,0.01046333,0.01026437,104.633,102.644,session_close,True,-0.00047871,0.00203462,IS
S1,QQQ,2022-12-13,short,0.03568177,0.01406834,2.5363,10:00,295.800000,15:59,288.650000,0.02417174,0.02397415,241.717,239.742,session_close,True,0.02068966,-0.00051993,IS
S1,QQQ,2022-12-29,short,0.01802499,0.01469020,1.2270,10:00,264.800000,15:59,266.440000,-0.00619335,-0.00639397,-61.934,-63.940,session_close,True,-0.00868580,0.00146160,IS
S1,QQQ,2023-01-09,short,0.01755952,0.01384403,1.2684,10:00,273.530000,15:59,270.540000,0.01093116,0.01073225,109.312,107.323,session_close,True,-0.00508171,0.00247041,IS
S1,QQQ,2023-02-02,short,0.02135518,0.01277037,1.6722,10:00,307.359900,15:59,311.720000,-0.01418565,-0.01438707,-141.857,-143.871,session_close,True,-0.00881052,-0.00558083,IS
S1,QQQ,2023-02-23,short,0.01090909,0.01050811,1.0382,10:00,297.480000,15:59,296.820000,0.00221864,0.00201886,22.186,20.189,session_close,True,0.01629017,0.00295600,IS
S1,QQQ,2023-02-27,short,0.01243790,0.01084442,1.1469,10:00,295.480000,15:59,293.940000,0.00521186,0.00501238,52.119,50.124,session_close,True,0.00382429,0.00040808,IS
S1,QQQ,2023-03-14,short,0.01706285,0.00972819,1.7540,10:00,295.650000,15:59,297.370000,-0.00581769,-0.00601827,-58.177,-60.183,session_close,True,-0.00591916,-0.01015694,IS
S1,QQQ,2023-03-23,short,0.01528943,0.00930884,1.6425,10:00,310.810000,15:59,309.750000,0.00341044,0.00321078,34.104,32.108,session_close,True,-0.00733535,-0.00385695,IS
S1,QQQ,2023-03-29,short,0.01432665,0.00904534,1.5839,10:00,311.520000,15:59,312.720000,-0.00385208,-0.00405247,-38.521,-40.525,session_close,True,-0.00016050,0.00114987,IS
S1,QQQ,2023-04-26,short,0.01193587,0.00830014,1.4380,10:00,313.690000,15:59,311.790000,0.00605694,0.00585754,60.569,58.575,session_close,True,-0.00203991,0.00065706,IS
S1,QQQ,2023-04-27,short,0.01125758,0.00837362,1.3444,10:00,315.300000,15:59,320.350000,-0.01601649,-0.01621809,-160.165,-162.181,session_close,True,-0.00865842,0.00068597,IS
S1,QQQ,2023-05-05,short,0.01119651,0.00793526,1.4110,10:00,319.710000,15:59,322.890000,-0.00994651,-0.01014751,-99.465,-101.475,session_close,True,-0.00497857,0.00132995,IS
S1,QQQ,2023-05-10,short,0.00845666,0.00789475,1.0712,10:00,324.370000,15:59,325.140000,-0.00237383,-0.00257407,-23.738,-25.741,session_close,True,0.00073990,0.00153207,IS
S1,QQQ,2023-05-25,short,0.01694558,0.00670788,2.5262,10:00,337.260000,15:59,339.720000,-0.00729408,-0.00749481,-72.941,-74.948,session_close,True,-0.00481824,0.00240794,IS
S1,QQQ,2023-05-26,short,0.01000824,0.00705428,1.4187,10:00,343.140000,15:59,348.400000,-0.01532902,-0.01553055,-153.290,-155.306,session_close,True,-0.01196305,0.00088899,IS
S1,QQQ,2023-05-30,short,0.00780712,0.00713647,1.0940,10:00,351.110000,15:59,349.980000,0.00321836,0.00301869,32.184,30.187,session_close,True,-0.00099456,0.00134113,IS
S1,QQQ,2023-06-09,short,0.01044882,0.00652590,1.6011,10:00,356.870000,15:59,354.500000,0.00664107,0.00644174,66.411,64.417,session_close,True,0.00832236,0.00050750,IS
S1,QQQ,2023-06-27,short,0.00712888,0.00603995,1.1803,10:00,360.180000,15:59,363.830000,-0.01013382,-0.01033484,-101.338,-103.348,session_close,True,-0.00341496,0.00194766,IS
S1,QQQ,2023-06-30,short,0.01440312,0.00593248,2.4278,10:00,369.090000,15:59,369.420000,-0.00089409,-0.00109418,-8.941,-10.942,session_close,True,0.00032512,0.00170247,IS
S1,QQQ,2023-07-12,short,0.01341771,0.00598278,2.2427,10:00,373.110000,15:59,372.820000,0.00077725,0.00057733,7.773,5.773,session_close,True,0.00644582,-0.00045619,IS
S1,QQQ,2023-07-13,short,0.01046081,0.00622375,1.6808,10:00,376.740000,15:59,379.150000,-0.00639698,-0.00659762,-63.970,-65.976,session_close,True,-0.00155280,0.00073821,IS
S1,QQQ,2023-07-14,short,0.00664645,0.00636631,1.0440,10:00,381.630000,15:59,379.070000,0.00670807,0.00650874,67.081,65.087,session_close,True,-0.00060268,-0.00150594,IS
S1,QQQ,2023-07-25,short,0.00659171,0.00611807,1.0774,10:00,378.760000,15:59,378.780000,-0.00005280,-0.00025281,-0.528,-2.528,session_close,True,-0.00023762,0.00231786,IS
S1,QQQ,2023-07-27,short,0.01683221,0.00600819,2.8015,10:00,383.900000,15:59,376.620000,0.01896327,0.01876517,189.633,187.652,session_close,True,0.00494895,0.00024236,IS
S1,QQQ,2023-07-28,short,0.01433806,0.00638854,2.2443,10:00,382.030000,15:59,383.480000,-0.00379551,-0.00399589,-37.955,-39.959,session_close,True,-0.00643928,-0.00039131,IS
S1,QQQ,2023-08-10,short,0.01630834,0.00680600,2.3962,10:00,373.930000,15:59,368.590000,0.01428075,0.01408218,142.807,140.822,session_close,True,0.01186051,0.00027123,IS
S1,QQQ,2023-08-21,short,0.01130937,0.00724471,1.5611,10:00,362.170000,15:59,363.900000,-0.00477676,-0.00497724,-47.768,-49.772,session_close,True,0.00694425,0.00032938,IS
S1,QQQ,2023-08-23,short,0.00886675,0.00702014,1.2630,10:00,366.600000,15:59,369.110000,-0.00684670,-0.00704738,-68.467,-70.474,session_close,True,-0.00708674,0.00210874,IS
S1,QQQ,2023-09-29,short,0.01192704,0.00710050,1.6797,10:00,362.290000,15:59,358.270000,0.01109608,0.01089719,110.961,108.972,session_close,True,0.00605868,0.00083666,IS
S1,QQQ,2023-10-16,short,0.00709045,0.00677694,1.0463,10:00,367.880000,15:59,369.410000,-0.00415896,-0.00435938,-41.590,-43.594,session_close,True,-0.00277264,0.00264586,IS
S1,QQQ,2023-10-24,short,0.00851913,0.00643085,1.3247,10:00,358.680000,15:59,359.130000,-0.00125460,-0.00145473,-12.546,-14.547,session_close,True,0.00039060,0.00044532,IS
S1,QQQ,2023-10-27,short,0.00948612,0.00659703,1.4379,10:00,346.920000,15:59,345.310000,0.00464084,0.00444130,46.408,44.413,session_close,True,-0.00314193,-0.00034763,IS
S1,QQQ,2023-10-30,short,0.01332136,0.00670696,1.9862,10:00,349.915000,15:59,349.200000,0.00204335,0.00184356,20.434,18.436,session_close,True,0.00384379,0.00188647,IS
S1,QQQ,2023-11-02,short,0.01249524,0.00679377,1.8392,10:00,361.420000,15:59,363.440000,-0.00558907,-0.00578962,-55.891,-57.896,session_close,True,-0.00166012,-0.00041289,IS
S1,QQQ,2023-11-03,short,0.00852961,0.00695803,1.2259,10:00,366.550000,15:59,367.710000,-0.00316464,-0.00336496,-31.646,-33.650,session_close,True,-0.00114582,0.00146640,IS
S1,QQQ,2023-11-10,short,0.00797125,0.00664738,1.1992,10:00,373.020000,15:59,378.390000,-0.01439601,-0.01459745,-143.960,-145.975,session_close,True,-0.00474505,-0.00054206,IS
S1,QQQ,2023-11-14,short,0.02036134,0.00668993,3.0436,10:00,384.890000,15:59,385.330000,-0.00114318,-0.00134330,-11.432,-13.433,session_close,True,0.00127309,0.00183919,IS
S1,QQQ,2023-11-29,short,0.00930316,0.00693218,1.3420,10:00,393.830000,15:59,389.810000,0.01020745,0.01000847,102.074,100.085,session_close,True,0.00779524,-0.00038495,IS
S1,QQQ,2023-12-21,short,0.00808772,0.00647643,1.2488,10:00,406.320000,15:59,407.800000,-0.00364245,-0.00384281,-36.424,-38.428,session_close,True,0.00073833,-0.00076075,IS
S1,QQQ,2024-01-08,short,0.01023314,0.00655865,1.5603,10:00,400.815000,15:59,404.950000,-0.01031648,-0.01051751,-103.165,-105.175,session_close,True,-0.00288163,-0.00128576,IS
S1,QQQ,2024-01-18,short,0.00984725,0.00667665,1.4749,10:00,411.220000,15:59,412.990000,-0.00430427,-0.00450470,-43.043,-45.047,session_close,True,-0.00292277,0.00036573,IS
S1,QQQ,2024-01-24,short,0.00809956,0.00658680,1.2297,10:00,426.920000,15:59,425.830000,0.00255317,0.00235343,25.532,23.534,session_close,True,-0.00447391,-0.00044639,IS
S1,QQQ,2024-02-02,short,0.00938656,0.00610824,1.5367,10:00,425.800000,15:59,429.170000,-0.00791451,-0.00811531,-79.145,-81.153,session_close,True,-0.00629427,0.00197665,IS
S1,QQQ,2024-02-14,short,0.00641729,0.00586705,1.0938,10:00,431.290000,15:59,433.200000,-0.00442857,-0.00462902,-44.286,-46.290,session_close,True,0.00350112,-0.00180380,IS
S1,QQQ,2024-02-22,short,0.02232090,0.00609100,3.6646,10:00,435.120000,15:59,438.070000,-0.00677974,-0.00698042,-67.797,-69.804,session_close,True,-0.00165472,0.00086669,IS
S1,QQQ,2024-02-29,short,0.00806396,0.00667109,1.2088,10:00,438.780000,15:59,439.070000,-0.00066092,-0.00086099,-6.609,-8.610,session_close,True,0.00385159,-0.00091185,IS
S1,QQQ,2024-03-07,short,0.00879692,0.00676887,1.2996,10:00,442.660000,15:59,445.450000,-0.00630281,-0.00650344,-63.028,-65.034,session_close,True,-0.00596395,-0.00022454,IS
S1,QQQ,2024-03-18,short,0.01129240,0.00709633,1.5913,10:00,438.830000,15:59,437.480000,0.00307636,0.00287667,30.764,28.767,session_close,True,-0.00043297,0.00273548,IS
S1,QQQ,2024-03-21,short,0.00934628,0.00722414,1.2938,10:00,447.900000,15:59,445.870000,0.00453226,0.00433271,45.323,43.327,session_close,True,-0.00189775,0.00134388,IS
S1,QQQ,2024-04-04,short,0.00830129,0.00727402,1.1412,10:00,445.770000,15:59,435.340000,0.02339772,0.02320006,233.977,232.001,session_close,True,-0.00096462,0.00162825,IS
S1,QQQ,2024-04-23,short,0.00883434,0.00701927,1.2586,10:00,422.540000,15:59,425.355000,-0.00666209,-0.00686276,-66.621,-68.628,session_close,True,-0.00351446,0.00041125,IS
S1,QQQ,2024-04-26,short,0.01265167,0.00745523,1.6970,10:00,429.820000,15:59,431.000000,-0.00274534,-0.00294561,-27.453,-29.456,session_close,True,-0.00338514,0.00282264,IS
S1,QQQ,2024-05-03,short,0.01995948,0.00739630,2.6986,10:00,435.440000,15:59,435.480000,-0.00009186,-0.00029187,-0.919,-2.919,session_close,True,0.00078426,0.00079160,IS
S1,QQQ,2024-06-05,short,0.00845126,0.00639364,1.3218,10:00,458.210000,15:59,463.530000,-0.01161040,-0.01181156,-116.104,-118.116,session_close,True,-0.00556513,-0.00231371,IS
S1,QQQ,2024-06-12,short,0.01314159,0.00620165,2.1190,10:00,474.140000,15:59,474.150000,-0.00002109,-0.00022109,-0.211,-2.211,session_close,True,-0.00119690,-0.00135161,IS
S1,QQQ,2024-06-13,short,0.00725509,0.00626206,1.1586,10:00,477.610000,15:59,476.720000,0.00186345,0.00166363,18.634,16.636,session_close,True,0.00225602,0.00037744,IS
S1,QQQ,2024-07-12,short,0.00601712,0.00551977,1.0901,10:00,494.910000,15:59,494.820000,0.00018185,-0.00001813,1.819,-0.181,session_close,True,-0.00244489,0.00662491,OOS
S1,QQQ,2024-07-22,short,0.01324994,0.00592209,2.2374,10:00,481.600000,15:59,482.350000,-0.00155731,-0.00175746,-15.573,-17.575,session_close,True,0.00526370,-0.00031107,OOS
S1,QQQ,2024-07-26,short,0.00811766,0.00616715,1.3163,10:00,462.020000,15:59,462.970000,-0.00205619,-0.00225639,-20.562,-22.564,session_close,True,-0.00259729,0.00043181,OOS
S1,QQQ,2024-07-29,short,0.00971985,0.00625123,1.5549,10:00,467.450000,15:59,463.900000,0.00759440,0.00739515,75.944,73.952,session_close,True,0.00504867,0.00154965,OOS
S1,QQQ,2024-07-31,short,0.02362687,0.00632202,3.7372,10:00,468.370000,15:59,471.070000,-0.00576467,-0.00596525,-57.647,-59.652,session_close,True,-0.00403527,-0.00323714,OOS
S1,QQQ,2024-08-01,short,0.00772709,0.00652933,1.1834,10:00,474.620000,15:59,459.660000,0.03151995,0.03132310,315.200,313.231,session_close,True,0.02435633,-0.00239881,OOS
S1,QQQ,2024-08-07,short,0.01952085,0.00863484,2.2607,10:00,448.120000,15:59,434.770000,0.02979113,0.02959411,297.911,295.941,session_close,True,0.00651611,0.00671678,OOS
S1,QQQ,2024-08-08,short,0.01341514,0.00895819,1.4975,10:00,440.680000,15:59,448.070000,-0.01676954,-0.01697121,-167.695,-169.712,session_close,True,-0.01052918,-0.00405593,OOS
S1,QQQ,2024-08-13,short,0.01391289,0.00912893,1.5240,10:00,457.670000,15:59,462.580000,-0.01072825,-0.01092933,-107.283,-109.293,session_close,True,-0.00427382,-0.00220990,OOS
S1,QQQ,2024-08-15,short,0.01869341,0.00931445,2.0069,10:00,471.370000,15:59,474.420000,-0.00647050,-0.00667115,-64.705,-66.711,session_close,True,-0.00333072,-0.00027409,OOS
S1,QQQ,2024-08-29,short,0.01160496,0.00964625,1.2031,10:00,476.820000,15:59,470.660000,0.01291892,0.01272021,129.189,127.202,session_close,True,0.00062896,0.00067943,OOS
S1,QQQ,2024-08-30,short,0.01104832,0.00975640,1.1324,10:00,475.880100,15:59,476.270000,-0.00081932,-0.00101941,-8.193,-10.194,session_close,True,0.00666155,-0.00239913,OOS
S1,QQQ,2024-09-09,short,0.01283737,0.01002758,1.2802,10:00,454.460000,15:59,454.460000,0.00000000,-0.00020000,0.000,-2.000,session_close,True,0.00235444,-0.00220527,OOS
S1,QQQ,2024-09-19,short,0.02161463,0.01001164,2.1589,10:00,481.640000,15:59,483.360000,-0.00357113,-0.00377149,-35.711,-37.715,session_close,True,-0.00446391,0.00121913,OOS
S1,QQQ,2024-09-26,short,0.01179449,0.01036134,1.1383,10:00,491.550000,15:59,489.470000,0.00423151,0.00403194,42.315,40.319,session_close,True,0.00518767,0.00022468,OOS
S1,QQQ,2024-10-14,short,0.01066159,0.01030238,1.0349,10:00,498.630000,15:59,497.500000,0.00226621,0.00206644,22.662,20.664,session_close,True,0.00399094,0.00081341,OOS
S1,QQQ,2024-10-25,short,0.01346685,0.00935188,1.4400,10:00,498.930000,15:59,495.320000,0.00723548,0.00703621,72.355,70.362,session_close,True,0.00129778,0.00083714,OOS
S1,QQQ,2024-11-01,short,0.00826668,0.00755705,1.0939,10:00,487.890000,15:59,487.430000,0.00094284,0.00074293,9.428,7.429,session_close,True,-0.00272602,0.00047164,OOS
S1,QQQ,2024-11-05,short,0.01015432,0.00741557,1.3693,10:00,490.880000,15:59,492.210000,-0.00270942,-0.00290969,-27.094,-29.097,session_close,True,-0.00256682,-0.00050817,OOS
S1,QQQ,2024-11-06,short,0.01649702,0.00751908,2.1940,10:00,500.350000,15:59,505.580000,-0.01045268,-0.01065373,-104.527,-106.537,session_close,True,-0.00563605,0.00032625,OOS
S1,QQQ,2024-11-07,short,0.01050279,0.00760567,1.3809,10:00,510.880000,15:59,513.540000,-0.00520670,-0.00540722,-52.067,-54.072,session_close,True,-0.00395396,0.00054494,OOS
S1,QQQ,2024-12-02,short,0.00770981,0.00711806,1.0831,10:00,513.680000,15:59,515.290000,-0.00313425,-0.00333456,-31.342,-33.346,session_close,True,-0.00360146,0.00085316,OOS
S1,QQQ,2024-12-11,short,0.01336919,0.00689633,1.9386,10:00,527.560000,15:59,529.920000,-0.00447342,-0.00467387,-44.734,-46.739,session_close,True,-0.00295701,0.00111195,OOS
S1,QQQ,2024-12-13,short,0.01143400,0.00710740,1.6087,10:00,532.520000,15:59,530.530000,0.00373695,0.00353732,37.369,35.373,session_close,True,0.00824382,0.00056515,OOS
S1,QQQ,2024-12-16,short,0.00810510,0.00670131,1.2095,10:00,534.850000,15:59,538.170000,-0.00620735,-0.00640797,-62.073,-64.080,session_close,True,-0.00370571,0.00152136,OOS
S1,QQQ,2024-12-24,short,0.00724846,0.00669203,1.0831,10:00,526.670000,13:00,529.960000,-0.00624680,-0.00644742,-62.468,-64.474,session_close,True,-0.00280669,0.00000000,OOS
S1,QQQ,2025-01-02,short,0.00813724,0.00721414,1.1280,10:00,515.440000,15:59,510.230000,0.01010787,0.00990888,101.079,99.089,session_close,True,0.00349216,-0.00080421,OOS
S1,QQQ,2025-01-03,short,0.01028948,0.00725861,1.4176,10:00,515.400000,15:59,518.580000,-0.00616997,-0.00637058,-61.700,-63.706,session_close,True,-0.00370586,0.00050112,OOS
S1,QQQ,2025-01-06,short,0.01439508,0.00731014,1.9692,10:00,526.080000,15:59,524.540000,0.00292731,0.00272760,29.273,27.276,session_close,True,-0.00167275,-0.00118339,OOS
S1,QQQ,2025-01-15,short,0.01922354,0.00766274,2.5087,10:00,514.870000,15:59,516.480000,-0.00312700,-0.00332732,-31.270,-33.273,session_close,True,0.00254433,0.00206743,OOS
S1,QQQ,2025-01-17,short,0.01262961,0.00799430,1.5798,10:00,519.572000,15:59,521.740000,-0.00417267,-0.00437308,-41.727,-43.731,session_close,True,-0.00340280,-0.00001917,OOS
S1,QQQ,2025-01-22,short,0.01350991,0.00815418,1.6568,10:00,531.920000,15:59,531.510000,0.00077079,0.00057087,7.708,5.709,session_close,True,-0.00270717,0.00077079,OOS
S1,QQQ,2025-01-31,short,0.01164325,0.00850384,1.3692,10:00,529.150000,15:59,522.290000,0.01296419,0.01276548,129.642,127.655,session_close,True,-0.00171974,-0.00106030,OOS
S1,QQQ,2025-02-10,short,0.00958100,0.00844908,1.1340,10:00,527.930000,15:59,529.250000,-0.00250033,-0.00270058,-25.003,-27.006,session_close,True,-0.00363704,0.00073635,OOS
S1,QQQ,2025-03-12,short,0.01327396,0.00928072,1.4303,10:00,477.810000,15:59,476.920000,0.00186267,0.00166285,18.627,16.629,session_close,True,0.00046043,0.00073334,OOS
S1,QQQ,2025-03-14,short,0.01580049,0.00938628,1.6834,10:00,475.690000,15:59,479.660000,-0.00834577,-0.00854661,-83.458,-85.466,session_close,True,-0.00692678,-0.00197759,OOS
S1,QQQ,2025-03-24,short,0.01734465,0.00975022,1.7789,10:00,489.180000,15:59,490.479500,-0.00265649,-0.00285675,-26.565,-28.568,session_close,True,-0.00190114,0.00006218,OOS
S1,QQQ,2025-04-08,short,0.03984045,0.01141528,3.4901,10:00,440.530000,15:59,416.060000,0.05554673,0.05535228,555.467,553.523,session_close,True,0.01085057,0.00211468,OOS
S1,QQQ,2025-04-09,short,0.01257030,0.01239988,1.0137,10:00,421.310000,15:59,466.000000,-0.10607391,-0.10628452,-1060.739,-1062.845,session_close,False,0.00747431,-0.00835245,OOS
S1,QQQ,2025-04-22,short,0.01884048,0.01343272,1.4026,10:00,441.300000,15:59,444.480000,-0.00720598,-0.00740670,-72.060,-74.067,session_close,True,-0.00682076,-0.00610025,OOS
S1,QQQ,2025-04-23,short,0.03705454,0.01365010,2.7146,10:00,460.970000,15:59,454.670000,0.01366683,0.01346820,136.668,134.682,session_close,True,0.00991388,-0.00145371,OOS
S1,QQQ,2025-05-12,short,0.03244052,0.01454774,2.2299,10:00,503.830000,15:59,507.850000,-0.00797888,-0.00817968,-79.789,-81.797,session_close,True,0.00103209,-0.00333887,OOS
S1,QQQ,2025-05-27,short,0.01521895,0.01516165,1.0038,10:00,517.030000,15:59,521.220000,-0.00810398,-0.00830479,-81.040,-83.048,session_close,True,-0.00489333,-0.00149873,OOS
S1,QQQ,2025-07-31,short,0.00816873,0.00726910,1.1238,10:00,572.665000,15:59,565.010000,0.01336733,0.01316866,133.673,131.687,session_close,True,0.00360595,0.00097372,OOS
S1,QQQ,2025-08-04,short,0.01602333,0.00748797,2.1399,10:00,562.770000,15:59,564.100000,-0.00236331,-0.00256355,-23.633,-25.635,session_close,True,-0.00035538,-0.00142020,OOS
S1,QQQ,2025-08-07,short,0.00987097,0.00769205,1.2833,10:00,572.920000,15:59,569.270000,0.00637087,0.00617151,63.709,61.715,session_close,True,0.00651051,-0.00451730,OOS
S1,QQQ,2025-09-05,short,0.00820541,0.00608426,1.3486,10:00,579.920000,15:59,576.060000,0.00665609,0.00645676,66.561,64.568,session_close,True,0.00974272,-0.00037336,OOS
S1,QQQ,2025-09-08,short,0.00656182,0.00617118,1.0633,10:00,579.840000,15:59,578.870000,0.00167288,0.00147304,16.729,14.730,session_close,True,-0.00112100,-0.00148786,OOS
S1,QQQ,2025-09-15,short,0.00642621,0.00590361,1.0885,10:00,590.440000,15:59,591.680000,-0.00210013,-0.00230034,-21.001,-23.003,session_close,True,-0.00079602,-0.00155732,OOS
S1,QQQ,2025-09-18,short,0.00901695,0.00593184,1.5201,10:00,595.320000,15:59,595.320000,0.00000000,-0.00020000,0.000,-2.000,session_close,True,-0.00162938,0.00094817,OOS
S1,QQQ,2025-09-29,short,0.00887629,0.00602271,1.4738,10:00,601.260000,15:59,598.730000,0.00420783,0.00400825,42.078,40.083,session_close,True,0.00364235,-0.00112029,OOS
S1,QQQ,2025-10-06,short,0.00638284,0.00595131,1.0725,10:00,607.030000,15:59,607.720000,-0.00113668,-0.00133680,-11.367,-13.368,session_close,True,-0.00210039,0.00155094,OOS
S1,QQQ,2025-10-13,short,0.02006499,0.00599702,3.3458,10:00,601.140000,15:59,602.010000,-0.00144725,-0.00164739,-14.473,-16.474,session_close,True,-0.00019130,-0.00034895,OOS
S1,QQQ,2025-10-15,short,0.01051839,0.00671305,1.5669,10:00,604.330000,15:59,602.220000,0.00349147,0.00329182,34.915,32.918,session_close,True,0.00314398,0.00058085,OOS
S1,QQQ,2025-10-20,short,0.00946994,0.00678571,1.3956,10:00,609.650000,15:59,611.560000,-0.00313295,-0.00333326,-31.329,-33.333,session_close,True,-0.00369884,0.00078426,OOS
S1,QQQ,2025-10-24,short,0.01046546,0.00688179,1.5207,10:00,617.020000,15:59,617.100000,-0.00012966,-0.00032967,-1.297,-3.297,session_close,True,-0.00053499,0.00186009,OOS
S1,QQQ,2025-10-27,short,0.01328796,0.00693342,1.9165,10:00,625.300000,15:59,628.090000,-0.00446186,-0.00466230,-44.619,-46.623,session_close,True,-0.00174316,-0.00138707,OOS
S1,QQQ,2025-10-31,short,0.00930996,0.00642316,1.4494,10:00,631.870000,15:59,629.070000,0.00443129,0.00423173,44.313,42.317,session_close,True,0.00202573,0.00376910,OOS
S1,QQQ,2025-11-10,short,0.01894250,0.00671030,2.8229,10:00,621.280000,15:59,623.230000,-0.00313868,-0.00333900,-31.387,-33.390,session_close,True,0.00436196,-0.00023271,OOS
S1,QQQ,2025-11-19,short,0.01272828,0.00726898,1.7510,10:00,603.890000,15:59,599.781000,0.00680422,0.00660490,68.042,66.049,session_close,True,0.00710394,0.00189543,OOS
S1,QQQ,2025-11-20,short,0.02230648,0.00745232,2.9932,10:00,613.190000,15:59,585.670000,0.04488005,0.04468454,448.801,446.845,session_close,True,0.02841697,0.00637904,OOS
S1,QQQ,2025-11-24,short,0.01545579,0.00798971,1.9345,10:00,599.190000,15:59,605.160000,-0.00996345,-0.01016445,-99.635,-101.644,session_close,True,-0.00652548,0.00021477,OOS
S1,QQQ,2025-12-18,short,0.01543945,0.00819189,1.8847,10:00,609.680000,15:59,609.110000,0.00093492,0.00073501,9.349,7.350,session_close,True,-0.00431374,0.00217876,OOS
S1,QQQ,2025-12-19,short,0.01237888,0.00843081,1.4683,10:00,616.650000,15:59,617.050000,-0.00064867,-0.00084873,-6.487,-8.487,session_close,True,0.00212438,0.00030782,OOS
S1,QQQ,2026-01-02,short,0.01119956,0.00835942,1.3398,10:00,621.180000,15:59,613.120000,0.01297531,0.01277660,129.753,127.766,session_close,True,0.01485882,0.00161209,OOS
S1,QQQ,2026-01-15,short,0.00905496,0.00805013,1.1248,10:00,625.155000,15:59,621.780000,0.00539866,0.00519920,53.987,51.992,session_close,True,-0.00237541,-0.00011259,OOS
S1,QQQ,2026-01-27,short,0.00815400,0.00798862,1.0207,10:00,630.620000,15:59,631.056500,-0.00069218,-0.00089225,-6.922,-8.922,session_close,True,-0.00088801,0.00088851,OOS
S1,QQQ,2026-02-06,short,0.00914527,0.00807813,1.1321,10:00,602.410000,15:59,609.650000,-0.01201839,-0.01221959,-120.184,-122.196,session_close,True,-0.00597600,-0.00157716,OOS
S1,QQQ,2026-02-25,short,0.01260242,0.00667466,1.8881,10:00,615.470000,15:59,616.680000,-0.00196598,-0.00216617,-19.660,-21.662,session_close,True,0.00097486,-0.00092516,OOS
S1,QQQ,2026-03-16,short,0.01379438,0.00775164,1.7795,10:00,601.900000,15:59,600.310000,0.00264163,0.00244190,26.416,24.419,session_close,True,0.00239242,0.00063261,OOS
S1,QQQ,2026-03-17,short,0.00841232,0.00794664,1.0586,10:00,605.370000,15:59,603.310000,0.00340288,0.00320322,34.029,32.032,session_close,True,0.00409667,0.00000000,OOS
S1,QQQ,2026-03-23,short,0.01876095,0.00774707,2.4217,10:00,592.980000,15:59,588.000000,0.00839826,0.00819910,83.983,81.991,session_close,True,0.00885359,0.00335605,OOS
S1,QQQ,2026-03-31,short,0.01863526,0.00836597,2.2275,10:00,568.740000,15:59,577.180000,-0.01483982,-0.01504131,-148.398,-150.413,session_close,True,0.00506383,-0.00129243,OOS
S1,QQQ,2026-04-01,short,0.00866264,0.00858411,1.0091,10:00,582.180000,15:59,584.300000,-0.00364149,-0.00384185,-36.415,-38.418,session_close,True,-0.00806452,0.00124780,OOS
S1,QQQ,2026-04-08,short,0.02920539,0.00877319,3.3289,10:00,605.810000,15:59,606.090000,-0.00046219,-0.00066224,-4.622,-6.622,session_close,True,0.00003301,-0.00524107,OOS
S1,QQQ,2026-04-17,short,0.00933689,0.00922971,1.0116,10:00,646.460000,15:59,648.850000,-0.00369706,-0.00389743,-36.971,-38.974,session_close,True,-0.00261424,-0.00205399,OOS
S1,QQQ,2026-04-24,short,0.01013187,0.00925025,1.0953,10:00,658.020000,15:59,663.980000,-0.00905748,-0.00925838,-90.575,-92.584,session_close,True,-0.00747698,-0.00052740,OOS
S1,QQQ,2026-05-01,short,0.01081259,0.00916576,1.1797,10:00,674.980000,15:59,674.180000,0.00118522,0.00098534,11.852,9.853,session_close,True,-0.00056298,0.00202798,OOS
S1,QQQ,2026-05-05,short,0.01090819,0.00911093,1.1973,10:00,680.230000,15:59,681.610000,-0.00202873,-0.00222893,-20.287,-22.289,session_close,True,-0.00158770,0.00097468,OOS
S1,QQQ,2026-05-06,short,0.01176626,0.00914320,1.2869,10:00,689.630000,15:59,695.600000,-0.00865682,-0.00885768,-86.568,-88.577,session_close,True,-0.00326262,-0.00079117,OOS
S1,QQQ,2026-05-08,short,0.01495093,0.00926881,1.6130,10:00,705.320000,15:59,711.230000,-0.00837918,-0.00858001,-83.792,-85.800,session_close,True,-0.00294902,-0.00296845,OOS
S1,QQQ,2026-05-26,short,0.01519079,0.00950050,1.5989,10:00,728.450000,15:59,730.280000,-0.00251218,-0.00271243,-25.122,-27.124,session_close,True,0.00258769,-0.00095946,OOS
S1,QQQ,2026-06-08,short,0.01202735,0.00954937,1.2595,10:00,713.560000,15:59,716.070000,-0.00351757,-0.00371793,-35.176,-37.179,session_close,True,-0.00877347,-0.00056591,OOS
S1,QQQ,2026-06-11,short,0.01313267,0.00937409,1.4010,10:00,702.830000,15:59,717.120000,-0.02033209,-0.02053412,-203.321,-205.341,session_close,True,0.00144943,-0.00225252,OOS
S1,QQQ,2026-06-15,short,0.02542477,0.00947649,2.6829,10:00,739.690000,15:59,744.000000,-0.00582677,-0.00602735,-58.268,-60.273,session_close,True,-0.00578621,-0.00158854,OOS
S1,QQQ,2026-06-18,short,0.01618663,0.00959655,1.6867,10:00,734.310000,15:59,740.620000,-0.00859310,-0.00879396,-85.931,-87.940,session_close,True,-0.00543367,-0.00154162,OOS
S1,QQQ,2026-06-30,short,0.01075862,0.00991678,1.0849,10:00,731.890000,15:59,736.400000,-0.00616213,-0.00636274,-61.621,-63.627,session_close,True,-0.00319584,0.00088189,OOS
S1,QQQ,2026-07-06,short,0.01343747,0.00985176,1.3640,10:00,722.270000,15:59,722.820000,-0.00076149,-0.00096156,-7.615,-9.616,session_close,True,-0.00458277,0.00271803,OOS
S1,QQQ,2026-07-09,short,0.01508209,0.00948524,1.5901,10:00,722.210000,15:59,723.225800,-0.00140652,-0.00160666,-14.065,-16.067,session_close,True,0.00075546,-0.00058910,OOS
S1,QQQ,2026-07-14,short,0.01077671,0.00979010,1.1008,10:00,719.430000,15:59,719.710000,-0.00038920,-0.00058924,-3.892,-5.892,session_close,True,-0.00030580,0.00030559,OOS
S1,QQQ,2026-07-21,short,0.01268569,0.01018060,1.2461,10:00,704.970000,15:59,708.970000,-0.00567400,-0.00587457,-56.740,-58.746,session_close,True,-0.00361760,-0.00081876,OOS
S1,QQQ,2026-07-30,short,0.02989890,0.01064558,2.8086,10:00,681.490000,15:59,683.550000,-0.00302279,-0.00322309,-30.228,-32.231,session_close,True,0.00249453,0.00042408,OOS
S1,QQQ,2026-08-04,short,0.01939806,0.01119067,1.7334,10:00,713.640000,15:59,723.850000,-0.01430693,-0.01450836,-143.069,-145.084,session_close,True,-0.00723054,0.00061356,OOS
S1,QQQ,2026-09-11,short,0.01153537,0.01021654,1.1291,10:00,716.930000,15:59,714.880000,0.00285941,0.00265970,28.594,26.597,session_close,True,0.00065557,0.00101313,OOS
S1,QQQ,2026-09-17,short,0.01511239,0.01026506,1.4722,10:00,715.390000,15:59,716.920000,-0.00213869,-0.00233891,-21.387,-23.389,session_close,True,-0.00183117,-0.00054429,OOS
S1,QQQ,2026-09-21,short,0.01541340,0.01000375,1.5408,10:00,732.560000,15:59,741.320000,-0.01195806,-0.01215926,-119.581,-121.593,session_close,True,-0.00626570,0.00057971,OOS
